:020000040800F2
:1060000000100020396F000825C3000829C30008CC
:10601000136903082DC3000835C30008136903087A
:106020001369030813690308136903081369030854
:1060300039C30008EC08040813690308136903084E
:106040001974000813690308136903081369030826
:106050001369030813690308136903081369030824
:10606000136903086D6D00084D6603081369030882
:106070001369030813690308136903081369030804
:1060800013690308136903081369030813690308F4
:1060900013690308057A00081369030813690308E4
:1060A00013690308136903081369030813690308D4
:1060B00013690308E1A3010871AE0108A7B803083A
:1060C000A3B8030815A60108B3B80308ABB80308C2
:1060D00045AE0108AFB80308B1AE01081DAF010815
:1060E000136903081369030845C40008136903080A
:1060F000D5790308136903081369030813690308B2
:106100001369030813690308136903081369030873
:106110001369030813690308136903081369030863
:106120001369030813690308136903081369030853
:106130001369030813690308136903081369030843
:1061400013690308136903081369030847820308E6
:10615000B99201081369030851B8030857B8030836
:106160001369030813690308136903081369030813
:10617000F0B5114A114C124E00F00105E3695F07BA
:1061800013D40DB9334213D103EA00078F4207D16C
:106190000B4A1A40002A0CBF00206FF00100F0BD2E
:1061A000013AEBD16FF00200F9E74FF0FF30F6E76C
:1061B0006FF00100F3E700BF8096980000000350E5
:1061C000020001000B4B70B5D96911F480310DD17B
:1061D00001244FF48072084E084DF46020462C6470
:1061E0001A61FFF7C5FF3464EC6070BD6FF0010009
:1061F000FBE700BF000003500010035000200350D5
:106200004FF4803238B50E4B0E4C9A66E56941F674
:10621000713315400122E3630B4B0021DA60022346
:10622000606121202361FFF7A3FF10B92120FFF750
:106230009FFF0122054BDA600DB10023E36338BDF7
:106240000090005000000350001003500020035045
:1062500070B5134C6061E3695B071ED40E4656F8B7
:10626000043B8D18A361AE420BD1042300212120F1
:106270002361FFF77DFF58B9BDE870402120FFF78B
:1062800077BF08210846FFF773FF10B1042323618D
:1062900070BD56F8043BA361E5E74FF0FF30F7E728
:1062A000000003502DE9F84315464FF48032184B97
:1062B00089469A6603F51C33DF690646174041F6A6
:1062C0007132DA63012203F58053DFF84C80DA6023
:1062D00055B9284601220F4BDA601FB10022A3F501
:1062E0000053DA63BDE8F88306F5005404EA0804B5
:1062F000A41BAC4228BF2C46494622463046FFF735
:10630000A7FF0028E6D12644A1442D1BE0E700BFEB
:0C631000009000500020035000E0FFFF50
:10632000013800D0FCE770472DE9F04F93B0CDE97C
:106330000A32DDE91C530E9353EC102BCDE9080112
:10634000104619468DED060B1E9E2FF0CDFE80B136
:10635000DDE906014FF0FF32C54B2FF0EDFE40B9ED
:10636000DDE906014FF0FF326FF480132FF0C6FE17
:1063700070B1DDE908019DED060B0E9B1E96CDE97F
:106380001C53DDE90A3213B0BDE8F04F00F088B9C4
:106390000022DDE9060100232FF0B0FE002800F006
:1063A0003381DDE906A303F1004BCBF30A5016F469
:1063B0008063A0F2FF3008BF06250F932FF0C2FBC9
:1063C0009BA3D3E900232FF027FC9BA3D3E9002351
:1063D0002FF06CFACBF31304894644F07F518046CA
:1063E0000022A44B504641F440112FF05DFA94A3D3
:1063F000D3E900232FF010FC02460B4640464946E5
:106400002FF054FA2FF0A2FE04462FF09BFB8EA330
:10641000D3E90023804689462FF0FEFB0022964BED
:106420002FF044FA2FF092FE89A3D3E90023074608
:10643000494640462FF0F0FB8046384689462FF00B
:1064400081FB85A3D3E900232FF0E6FB02460B4630
:10645000404649462FF028FA02460B46CDE90C2368
:106460002FF0DAFBDDE90C238046894610461946F9
:106470002FF01CFA0022CDE91001804B404649461E
:106480002FF0F4FC00227E4B2FF010FA02460B4650
:10649000404649462FF0EAFC00227A4B2FF006FADC
:1064A00002460B46404649462FF0E0FCDDE90C234E
:1064B0008046894600204FF080412FF0F5F90246D2
:1064C0000B46404649462FF0F1F902460B46DDE9FE
:1064D00010012FF0CBFC07F2FF3700226A4B2FF0A0
:1064E000E5F900223B052FF097FB52465B468046BC
:1064F00089462FF021FE002840F08980CDE90C89E3
:1065000004F16303C72B34BF0427052731051BD5CE
:1065100053A3D3E90023504659462FF003FE002829
:106520007FD051A3D3E90023504659462FF0E6FD12
:10653000002876D00027A542C6BF2C1B04F1FF35EA
:1065400000253C4646F480660E9B9F422CBF4FF0D0
:106550000008A3EB070816F0020903D0002F18BFAC
:106560004FF000083CB1DDE90C23504659462FF0AE
:106570007DFC82468B46DDE90601002200232FF0D8
:10658000BDFD10B10BF100439B46DDE9080126F487
:106590000063CDE90183DDE90A324BEC10AB0095D5
:1065A00000F07EF802465FB3DDE9091316F0200F14
:1065B00000F10105089E0CBF65204520B047DDE9CC
:1065C00008010523002205930A23002CCDE902329D
:1065D00007F1FF374FEAD473B8BF64422A460193EC
:1065E00004970A9B009434F053F80246B9F1000F67
:1065F00006D00B9BC41A0B9B1A190E9BA34245D8BD
:10660000104613B0BDE8F08FDDE906ABCDE6002201
:10661000404649461A4B2FF029FC013CCDE90C01BC
:106620006EE7002D90D00F9B002B8DD0013D8BE7A6
:10663000FB799F501344D33FB3C8608B288AC63F71
:1066400061436F63A787D23F71A379094F930A40D3
:106650001655B5BBB16B0240EF39FAFE422EE63F4C
:106660002D431CEBE2361A3F0000000080842E41CF
:10667000FFFFEF7F0000F83F0000E03F00002C40EC
:1066800000002440000018400000F03F2020DDE919
:106690000913089DA8470134ADE700BF00000000C2
:1066A0002DE9F04F5BEC10AB97B0CDE90501DDE9CA
:1066B0002057CDE90723504652465B465946229E55
:1066C0002FF012FD70B90323CDE902760193B04B90
:1066D0000093DDE90501DDE9072333F0F9FE17B08A
:1066E000BDE8F08F4FF0FF326FF4801350465946EB
:1066F0002FF004FD28B10423CDE902760193A54BC8
:10670000E6E74FF0FF3250465946A34B2FF014FDF9
:1067100068B1A24A06F00403002B08BF0322A04B75
:106720001CBF13460422CDE902760192D0E7504601
:1067300093A3D3E9002359462FF0FEFC38B992A366
:10674000D3E90023504659462FF0D8FC68B1DDE963
:106750000723DDE905014BEC10ABCDE9217620954F
:1067600017B0BDE8F04FFFF7DFBD00220023504611
:1067700059462FF0C3FC002800F09A805B46524631
:10678000002000212FF090F8012382468B460993C8
:1067900016F4806400F08E80092D40F28E80002473
:1067A00030210EABA5F109020134202C03F8011BA6
:1067B000A5EB040901D09442F6D1594650462FF07A
:1067C000C5FC784B054603EBC90393ED007B8DEDCB
:1067D0000A7B2FF0B7F902460B46504659462FF078
:1067E00063F8DDE90A232FF017FA02460B46CDE9DC
:1067F0000C232FF0D3FC80462FF094F902460B4671
:10680000DDE90C012FF050F802460B46CDE90C23D0
:106810000022654B2FF090FC002851D008F10108B0
:1068200040462FF07FF902460B46DDE90A012FF0C2
:106830006FFC10B14FF000080135B9F1000F50D1D5
:1068400028462FF07FF902460B46504659462FF056
:106850002BF80022544B804689462FF04FFC30B174
:10686000002240464946504B2FF066FC10B1E80725
:1068700000D501350A210EAB1A19202C0AD095FB40
:10688000F1F001FB1055303502F8015B013405468B
:106890000028F2D106F00302012A57D1002F55D06B
:1068A000099A12B916F00C0F00D0013F302245E0D2
:1068B00009906DE74FF006097FE7A94600247CE7C1
:1068C0000022DDE90C01384B2FF018FC0028B4D170
:1068D000B8F1000F02D018F0010FAED008F1010896
:1068E000ABE70A210EAB2344202C0ED0B8FBF1F00D
:1068F00001FB1082B8F1090F02F1300209F1FF39F2
:1069000004F1010403F8012B11D83021A1440EAA8F
:10691000202CAFD0A14504F101030AD11C4609F196
:1069200058030DEB03092E2309F8203CA2E780460B
:10693000DAE7A1541C46EBE71A550134A74205D902
:10694000202CF9D1CDE902760194C1E6202CF9D0B2
:10695000099A3AB12D2104F158026A4402F8201C28
:106960000134EFE7710704D504F158022B216A4482
:10697000F4E73207E6D504F1580220216A44EDE736
:106980000000000065CDCD410000000065CDCDC107
:106990002124040825240408FFFFEF7F182404089D
:1069A0001D240408302404080000E03F000000001B
:1069B00070B58EB02C22002103A839F032FF642379
:1069C0004FF002320893CDE905230B2301218DF806
:1069D0003430534B8DF810101B88D80700F1988085
:1069E000084618F0F1FA0A224E4B4F491A704FF43C
:1069F00028734E48ADF8123014F04EFB4C4C20601A
:106A000020B94FF416714B4805F086FB052120682C
:106A100034F0C2FF20B14FF41A71464805F07CFBF8
:106A2000206800F0B5F9444B2068196834F0CEFBBB
:106A30000C2519F0E7F96843099019F0E3F9684368
:106A40000DEB0501079020680EF012FB20B140F21B
:106A50007D21384805F060FB25681BF089FD002288
:106A60000146284634F03CFC20B140F27F213148F9
:106A700005F052FB40F20353304D314E2B8005237D
:106A800096F90000AB707F2801D118F001FC337833
:106A9000EB7019F0B7F900EB80008000A88019F0C6
:106AA000B1F90023C0004FF0FF31E880AB604FF038
:106AB000FF3019A3D3E9002318F048FC21492068CE
:106AC00035F019F8206802A934F0E9FB20B14FF441
:106AD0002E71184805F020FB042220680DEB0201FE
:106AE00034F062FB042804D040F2BB21114805F0C9
:106AF00013FB01A9012032F0E1FC05F057FC012055
:106B000019F028FC30F0FFF819F05CFC18F0E0FAFE
:106B10000EB070BDAFF300800A0020FF42030000FA
:106B2000F6460020D1490020F1EF01085C52002018
:106B30008C3600201865040898500020803600200C
:106B4000DF5500209DF101080348044B834202D029
:106B5000034B03B118477047C8610020C86100208B
:106B600000000000064B0749C91A891048BF0131CF
:106B7000491003D0044B0BB101481847704700BFC0
:106B8000C8610020C86100200000000010B5064C5C
:106B9000237843B9FFF7D8FF044B13B10448AFF390
:106BA00000800123237010BD764700200000000004
:106BB0008468040808B5054B1BB105490548AFF3C7
:106BC0000080BDE80840FFF7CDBF00BF0000000017
:106BD0005016002084680408A3F5803A704700BF6F
:106BE000174B002B08BF134B9D46FFF7F5FF002105
:106BF0008B460F461348144A121A39F012FE0E4BF8
:106C0000002B00D098470D4B002B00D09847002058
:106C1000002104000D000D48002802D00C48AFF3FD
:106C200000802FF085FC200029002FF0A8FC2FF019
:106C300065FC00BF0000080000000000000000002C
:106C400000100020A01000205C4A0020000000007E
:106C50000000000030B5214D95B00DAC0FCD0FC434
:106C600095E80700292384E807001D4A0024CDE9A0
:106C700002230523CDE904448DF811300623214673
:106C80000E220DF126008DF81330069439F0C9FD5F
:106C90004FF48021134B0DAACDE9071309238DF87A
:106CA00024300A238DF825300F4B07A90A9320239F
:106CB0000B9301238DF831308DF832300B4B0C489B
:106CC000009302AB04F086FC054621464FF4E13008
:106CD0002FF010FE284615B030BD00BFB4080408E0
:106CE00000C0055024C005507747002068160020DA
:106CF000BC160020831E012B10B512D8012922D802
:106D0000114B04221B6C05210020C3F3401302F039
:106D100061F90E4B1B681868A8B1BDE81040436AC2
:106D200018478B1E012B0CD801280CD8BDE8104049
:106D30000022054B05211B6C1046C3F3401302F0E3
:106D400049B90129E5D910BD00C003501C500020ED
:106D500008B50449044806F03DFEBDE80840FFF7C9
:106D600079BF00BF20500020E0160020014831F01C
:106D70002EB800BFBC160020014B1A6A18681047D5
:106D8000BC160020014B1878704700BF97470020C1
:106D900008B50EF09BF90022014B1A7008BD00BF28
:106DA0009747002008B5044830F0AAFD2FF0EFFB0C
:106DB000BDE8084000F01CB868100408014830F035
:106DC0009FBD00BF6810040807B508202FF02AFEF9
:106DD00002238DF80030054B684601932FF04EFDDD
:106DE000082003B05DF804EB2FF027BE006A1810EE
:106DF0002DE9F043424D89B001AC0FCD0FC495E8A9
:106E0000070084E8070001243E4F3F4830F078FD3A
:106E10003E4E384630F074FD3D4B304601A9039399
:106E20008DF8124002F01AFB2346042203210220AF
:106E300002F0D0F8022122460846002302F0CAF8E8
:106E4000234621460422022002F0C4F80422002135
:106E50002346022002F0BEF82E4D2F4B05F50059B7
:106E6000C5F834374FF00213C5F8303703F58033D7
:106E7000C5F838371C234FF44870C5F8203707F0A1
:106E8000DFFF05F580581420C9F8A04007F0D8FFAF
:106E90002320C8F8A04007F0D3FFB9213046C9F835
:106EA000A0402FF0B1FE002303211A460220C8F8AB
:106EB000A04002F08FF8002302211A46084602F093
:106EC00089F8234621460022022002F083F800229E
:106ED00023461146022002F07DF8304602F03CFACB
:106EE00000233846C5F83437C5F83037C5F8383789
:106EF000C5F8203730F007FD09B0BDE8F08300BFCA
:106F0000D00804085C1004086810040800C005508C
:106F100000127A0000C00350020001000348044A36
:106F20000449121A92102FF0F5BC00BF70610008DE
:106F30001C6300085C4A002008B500F02FF8FFF73A
:106F4000EDFF124B12498B4212D30020114B124914
:106F50008B4218D3FFF744FE186850F82240586857
:106F600040F82240013298688242F5D30C33EAE7B8
:106F70000022F8E71C6844F8220001325C68A24253
:106F8000F8D30833E4E70022F8E700BF8C68040870
:106F90009868040898680408986804084FF48041C9
:106FA000124B134A70B59A60D3F88820114D42F401
:106FB0007002C3F88820104A05F5005491664FF01E
:106FC000FF3222660D4A62660222C3F8D020BFF368
:106FD0004F8FBFF36F8F4FF44036002004F0E4F87A
:106FE0000020E66004F0D2F82E6170BD00ED00E0F4
:106FF000006000080080004400900050F7FF370058
:10700000014B1868704700BF2C500020014B1860DE
:10701000704700BF2C500020084B1B6F03F0070384
:10702000022B04D0032B05D0012B05D0FEE7044B27
:1070300018687047034BFBE7034870470080005017
:107040002C50002034500020002D310108B5FFF7EE
:10705000E3FF054B1B6FC3F303330133B0FBF3F0C6
:10706000024B186008BD00BF00800050285000206F
:107070000048704700B4C404014B1868704700BF53
:1070800034500020054B1860054B1B6F03F00703BD
:10709000032B01D1FFF7DABF704700BF3450002047
:1070A0000080005000487047002D31014FF0B4437C
:1070B0009868C0F304400C280AD8DFE800F00B09F8
:1070C00009090909072119091B1D1F000F487047ED
:1070D000002070479B6803F04073B3F1807F11D0AC
:1070E000B3F1007F10D00A4A002B08BF104670474A
:1070F0000848704708487047084870470848704774
:10710000084870470848704708487047405DC60007
:1071100000093D00C0EA210180BA8C010048E80165
:10712000005A62020024F40080841E0040420F00D6
:10713000014B1868704700BF305000204FF00063CB
:107140009B6A03F17842B2F5C04F03D21968064A30
:10715000914203D0002303708360704701220270C4
:107160009A689B694260F7E707B0CD5E73B54F4BF5
:1071700004461A781AB102221A7002B070BDCDE925
:1071800000220028F9D001261E702FF03AFC484D4D
:10719000484B186010F028FF2B785BB900F06CFCAE
:1071A00040B945480823454A454900680DF0CCFBE5
:1071B00000B92E70434B5A6E62619B6E424AA361C6
:1071C0004FF480439366414B5968E16140499960AF
:1071D000196E2160596E6160D3F87011A160196C4D
:1071E000E160596C21613B49086C1864496C596431
:1071F000012151661B6E9C0441D5374AD368D807DC
:10720000FCD4364B1A68531C3ED04FF48013934085
:10721000334A13664FF400730426314C2666236606
:107220002FF0B4FB01300DD02FF0B0FB40F2011372
:10723000984207D04FF4005323664FF480432366EF
:10724000C4F870610823264C684623664FF48053C7
:1072500023664FF0006323664FF4002301A96366A1
:107260002FF078FB009B2366019B63662B78002B35
:1072700083D0124B1A6822665B6863667DE7194A01
:10728000D368D907FCD4BCE7174B1B78002BC1D1BE
:107290004FF400720C4B5A6603F5A6235B68002B73
:1072A000B8D14FF480120E4B1A66B3E7994700200D
:1072B0009A470020081700205C5000200C1700207F
:1072C00000710800008000500090005000800044D1
:1072D00055CEAC0000C000540000044038500020DF
:1072E00000900044000004509847002070B5224DE3
:1072F00004462E78012E02D001232B7070BD002889
:10730000FCD02FF043FB01300BD02FF03FFB40F2BD
:107310000113984205D0194B194A5E66D368DE07FF
:10732000FCD42268174B1A6662685A66A268C3F8D2
:107330007021E2681A6422695A64E269D00744BF86
:1073400000229A60104B1A68013207D10F4A127856
:1073500022B90F494968C90748BF1A6062690D4BD5
:107360005A66A2699A6610F047FE0B4B18682FF018
:107370004EFB0023C1E700BF99470020009000406A
:10738000000004400080004438500020984700204E
:1073900000C005500080005008170020F8B54FF0DD
:1073A0000066B36A03F17842B2F5C04F26D21A687C
:1073B000144B9A4222D1144D2C7814F0FD0402D0C3
:1073C00000242046F8BD4FF480371048FFF7CEFE6A
:1073D000204603F0E9FE0E4B2046DF6003F0D6FEA8
:1073E0000C4B1F61B36ADB69984704460748FFF7F7
:1073F0007DFF002CE5D101232B70E1E74FF4817470
:10740000DFE700BF07B0CD5E98470020E8160020F8
:1074100000A000440090004413B5214B1B7803B931
:10742000FEE700231F4CCDE900336A4608231E49BE
:1074300020680DF089FA00BB1C4AD2F84031D2F81E
:1074400040211F2B4FF0010312D9203A9340019A9B
:107450001A43019208236A46134920680DF02AFA5C
:107460004FF00053124A1A6003F06CFE02B010BDD8
:107470009340009A1A430092ECE70E4B9842EFD1EA
:107480000A4AD2F84031D2F840211F2B4FF00103B5
:1074900085BF203A93409340019398BF0093D9E76A
:1074A000994700205C5000200071080000800044D3
:1074B0000B020FF00BE000F0034B5868C0F308001C
:1074C000003818BF0120704700ED00E013B500241C
:1074D0002948019430F014FA0123042203212046A4
:1074E00001F078FD20462FF04CFB0122234B0520B4
:1074F000C3F8442401A930F0FEF9002839D1204B0B
:10750000D3F8F02042F00102C3F8F020D3F8FC20B9
:1075100042F08072C3F8FC201A4AA3F55D431A605A
:10752000019B194A03F5D52303F2FC43B3FBF2F3A5
:10753000164A013B13610223C2F8F0304FF4807306
:10754000C2F804334FF06043114AC3F8B02F114A18
:10755000C3F8802ED3F8002E42F48072C3F8002EB8
:10756000FF2283F82020D3F8002E22F48072C3F883
:10757000002E02B010BD00BF6810040800D00350F8
:1075800000ED00E0FF030040F8590D00000004E0AA
:1075900055CEACC5090001004FF06043D3F8802EF2
:1075A00030B5D20715D501240B4D8440D5F8FC2009
:1075B00042F08072C5F8FC20D3F8002E2243C3F8B5
:1075C000002E53F82020002AF0D003F820100020CD
:1075D00030BD1120FCE700BF00ED00E02DE9F04FC9
:1075E0009A46564B85B01B7806460F461546DDF881
:1075F0003C909DF844B0DDF85080002B00F097805F
:10760000072A00F296800E9B002B00F09280B9F1C1
:10761000000F00F08E80129BB3F5006F00F389809D
:10762000012803D1109B002B00F08380444B03EB17
:1076300005131B7B002B7ED0424C10220021684694
:1076400039F0EFF804EB45141022A7BB3946204669
:1076500039F0E7F843F210036380BBF1000F03D168
:10766000E37843F00303E370364A0E9B02EB451CBC
:10767000CCE90193129B6901581E9DF84C30C0F370
:107680000A0003F003039B0643EA001E53582E48EA
:10769000012E00EA03004EEA0003CDF800A053508B
:1076A00017D0B8F1000F2ED19CF8023068F3041304
:1076B0008CF8023027E00021204639F0B2F84FF470
:1076C00044736380BBF1000FCED1E37843F0300305
:1076D000C9E713230CF1100ECCF80C309CE80F0016
:1076E0008EE80F006FF00301DCF81C20109B61F3A3
:1076F0009F02012FCCF81C20CCF8143003D1CCF819
:107700001890CCF8043000270D4A290102EB05132C
:1077100042F80180159A28465A60694622469F60C1
:107720005E7301F0EBFC384605B0BDE8F08F07480A
:10773000FAE70748F8E70748F6E700BF9B4700204D
:1077400014180020141700200F80FFF3028000F0AF
:10775000018000F0078000F038B5124B05461B7819
:10776000DBB1E0B12FF04DF90F4A00231146147B35
:1077700054B92B6001251A0101EB03131D738C50C2
:107780002FF045F9204638BD0133082B02F11002D5
:10779000EDD12FF03CF90548F5E70548F3E705483A
:1077A000F1E700BF9B47002014180020048000F080
:1077B000028000F0018000F038B52FF022F900239C
:1077C00005460B4A147B6CB90133082B02F11002F9
:1077D000F8D101F03FFC074B28461C702FF017F939
:1077E000204603E028462FF012F9034838BD00BFB9
:1077F000141800209B470020058000F00D4B10B5A9
:107800001B78044693B1072812D82FF0FAF80A4BD8
:1078100003EB04131A7B2AB100241C732FF0F7F832
:10782000204610BD2FF0F3F80448FAE70448F8E7C3
:107830000448F6E79B47002014180020068000F05B
:10784000028000F0018000F0154B13B5186800238A
:1078500001908DF804302FF0D4F8124B1C7824B12D
:107860002FF0D5F8104802B010BD01221A702FF089
:10787000CEF80E4B01A81C731C7783F82C4083F8BC
:107880003C4083F84C4083F85C4083F86C4083F8BC
:107890007C4008238DF8073001F000FC2046E2E729
:1078A0003C0904089B470020038000F014180020C6
:1078B0000A4A08B512785AB107280BD8084A02EBD1
:1078C00000131B7B43B1002101F0DAFB002008BD4F
:1078D0000448FCE70448FAE70448F8E79B4700201F
:1078E00014180020028000F0018000F0078000F0F2
:1078F0000A4A08B512785AB107280BD8084A02EB91
:1079000000131B7B43B1012101F0BAFB002008BD2D
:107910000448FCE70448FAE70448F8E79B470020DE
:1079200014180020028000F0018000F0078000F0B1
:107930000A4A08B5127852B107280AD8084A02EB59
:1079400000131B7B3BB101F025FC002008BD05485E
:10795000FCE70548FAE70548F8E700BF9B47002029
:1079600014180020028000F0018000F0078000F071
:107970000D4B1B7893B1072812D889B10B4B03EB41
:1079800000131B7B73B10A4B1A6D01238340134212
:1079900014BF0123002300200B7070470548704777
:1079A00005487047054870479B4700201418002081
:1079B00000000450028000F0018000F0078000F019
:1079C0000B4A10B512780C4662B107280CD859B191
:1079D000084A02EB00131B7B43B101F0EDFB207062
:1079E000002010BD0448FCE70448FAE70448F8E723
:1079F0009B47002014180020028000F0018000F056
:107A0000078000F0184B2DE9F0411F6D5B6D1F40A2
:107A100000D5FEE701260025144CDFF858803742D8
:107A200018D02368C8F85060A3B1A1682846013176
:107A30006268A1609847637B012B0BD150B90C4B56
:107A400003EB45131A7B60F341021A731A7F60F34C
:107A500041021A770135082D4FEA460604F1100459
:107A6000DDD1BDE8F08100BF0000045014180020F3
:107A70001417002000200450024B1968024B1868AC
:107A80000CF03EBE3C5000205C50002070B59400CD
:107A9000224605460E4638F0FFFE431C0AD058B970
:107AA00022463146284638F092FE0028034808BF97
:107AB000002070BD0248FCE70248FAE710E000F041
:107AC00021E000F024E000F010B5044638F0E8FEB4
:107AD000431C10D088B901F005FC234620F00300B8
:107AE0002044984201D1002010BD53F8042B0132EC
:107AF000F7D00348F8E70348F6E70348F4E700BF88
:107B00000EE000F021E000F024E000F008B52EF0D7
:107B10006DFF014B186008BD841F0020014B1868E1
:107B20002EF068BF841F0020044BD3F88420D206B7
:107B3000FBD4D3F88400C0F381107047004000509C
:107B40002E4B98424AD022D82D4B984240D014D880
:107B50002C4B984239D00AD82B4B984232D02B4B21
:107B600098422FD02A4B98422CD000207047294BA6
:107B70009842FAD1284B186F7047284B98422AD068
:107B8000274B9842F1D1244BD3F880007047254B06
:107B900098422BD009D8244B984223D0234B9842AB
:107BA000E3D11D4BD3F88C007047214B984221D074
:107BB00003F5740303F510539842D6D1164BD3F84E
:107BC00098007047144B986D7047134B586E704770
:107BD000114B586F7047104B986F70470E4BD3F88E
:107BE000840070470C4BD3F8880070470A4BD3F8D9
:107BF00090007047084BD3F8940070470048E801A4
:107C00000024F400C0CF6A0080841E0000093D00FB
:107C100040420F00405DC6000080E00FC0EA210135
:107C200080BA8C01007E560380D54302006CDC02D2
:107C30000090D00338B5104B0546D3F880300C4681
:107C400003F00303022B0BD0032B0DD0012B0FD11C
:107C5000FFF7E2F90E2305B1286004B1236038BDB7
:107C6000FFF724FA0723F6E7FFF7CAF90623F2E73E
:107C700000231846EFE700BF0080005038B5184BCE
:107C80000546D3F820010C4600F00700062823D84B
:107C9000DFE800F0040A0E16121A1E00012305B1D7
:107CA000286004B1236038BDFFF7AAF90523F6E781
:107CB000FFF7E2F90323F2E7FFF7F8F90723EEE70E
:107CC000FFF7F0F90223EAE7FFF79AF90623E6E760
:107CD000FFF7D2F90423E2E700231846DFE700BFED
:107CE0000080005038B5174B0546D3F828310C46B4
:107CF00003F00703013B052B20D8DFE803F0031353
:107D00001B0F0B17FFF77CF9052305B1286004B1A1
:107D1000236038BDFFF774F90623F6E7FFF7C6F9CD
:107D20000723F2E7FFF7A8F90323EEE7FFF7A4F92B
:107D30000423EAE7FFF7B6F90223E6E70023184633
:107D4000E3E700BF0080005073B50D460021114BE2
:107D50000191D3F88041064604F00304022C13D0AD
:107D6000032C0CD0012C13D101A8FFF787FF10249E
:107D70000EB1019B336005B12C6002B070BDFFF7FE
:107D800095F907240190F3E7FFF78CF90190EFE7ED
:107D90000C46EDE700800050002337B50193164BE9
:107DA0000546D3F820320C4603F00703042B21D8F4
:107DB000DFE803F0030B11161B0001230DB1019A3C
:107DC0002A6004B1236003B030BD002101A8FFF791
:107DD00089FF1223F2E7FFF769F907230190EDE726
:107DE0002EF0A5FD0A230190E8E7FFF7A1F909238A
:107DF0000190E3E70023E1E70080005038B5104B25
:107E00000546D3F840310C4603F00303022B0BD098
:107E1000032B0DD0012B0FD12EF089FD0A2305B1C4
:107E2000286004B1236038BDFFF782F90923F6E723
:107E30002EF080FD0C23F2E701230020EFE700BFC6
:107E400000800050002337B50193164B0546D3F848
:107E500060320C4603F00703013B032B1FD8DFE819
:107E600003F0020E1914002101A8FFF707FF1023E9
:107E70000DB1019A2A6004B1236003B030BD002126
:107E800001A8FFF7BBFF1123F2E7FFF70FF9072364
:107E90000190EDE7FFF706F902230190E8E70023E0
:107EA000E6E700BF00800050002337B50193164B72
:107EB0000546D3F894320C4603F00703013B032B2D
:107EC0001FD8DFE803F0020E1914002101A8FFF704
:107ED000D5FE10230DB1019A2A6004B1236003B0CE
:107EE00030BD002101A8FFF789FF1123F2E7FFF75A
:107EF000DDF807230190EDE7FFF7D4F802230190A6
:107F0000E8E70023E6E700BF0080005038B5144BD7
:107F10000546D3F800020C4600F0070004281BD8E1
:107F2000DFE800F003090D111500012305B12860F9
:107F300004B1236038BD2EF0FAFC0A23F6E7FFF700
:107F4000F7F80923F2E72EF0F5FC0C23EEE7FFF734
:107F50007DF80F23800AE9E700231846E6E700BF13
:107F60000080005038B5144B0546D3F808020C4683
:107F700000F0070004281BD8DFE800F003090D110A
:107F80001500012305B1286004B1236038BD2EF02F
:107F9000CEFC0A23F6E7FFF7CBF80923F2E72EF031
:107FA000C9FC0C23EEE7FFF751F80F23800AE9E73D
:107FB00000231846E6E700BF0080005038B5104B9C
:107FC0000546D3F840320C4603F00303022B0BD0D6
:107FD000032B0DD0012B0FD12EF0A9FC0A2305B1E4
:107FE000286004B1236038BDFFF7A2F80923F6E743
:107FF0002EF0A0FC0C23F2E701230020EFE700BFE6
:108000000080005038B5104B0546D3F860310C465F
:1080100003F00303022B0BD0032B0DD0012B0FD148
:108020002EF085FC0A2305B1286004B1236038BD19
:10803000FFF77EF80923F6E72EF07CFC0C23F2E72D
:1080400001230020EFE700BF00800050B0F5207F43
:108050001FD009D8B0F5007F15D003D868B1B0F5AE
:10806000C07F0AD000200CE0B0F5607FFAD10B4B46
:10807000D3F88000C0F3011003E0084B186FC0F381
:10808000033001307047054BD3F89000C0F3046013
:10809000F7E7024B186FC0F38020F2E70080005032
:1080A00002464FF48030104B10B598660020FFF761
:1080B000CDFF504341F671320C4BDC69DA635A68EC
:1080C00004F4803422F4401259B90949884294BF1B
:1080D00000200120000502435A600CB10022DA633F
:1080E00010BD0449F2E700BF0090005000000350AB
:1080F000005A6202002D3101430905D0012B0CD03A
:10810000022B084B18BF002300F01F0039B103F504
:108110008053012282401A607047034BF4E703F555
:108120000053F6E768800050648000501FB50021BE
:1081300080280446CDE9001100F0A58035D85E28DE
:1081400046D85E2844D8DFE800F0A24343434343C7
:1081500043434343434343434343434343434343EF
:1081600043434343434343434343A2AAA2AABABA65
:10817000BABABAAAC44DDA714DAAAAAA4343434374
:1081800043434343AAAAAA79E4AA4343434343434C
:1081900043434343434343BAA2A2A2DF4D4DE98880
:1081A0005EBF434343434399A200B0F5B06F00F074
:1081B00090802DD8B0F5207F71D00CD8B0F5C07F5D
:1081C00065D0B0F5007F65D0B0F5807F00F0868087
:1081D000009804B010BDB0F5607F6BD00DD8B0F53D
:1081E000407FF5D1FEF732FF02464FF42070FFF7D3
:1081F0002DFFB2FBF0F252085AE0B0F5806F5ED06E
:10820000B0F5A06FE4D100216846FFF7C5FDDFE7B8
:10821000B0F5106F78D016D8B0F5E06F79D00AD8E5
:10822000B0F5C06F6BD0B0F5D06FD1D100216846EA
:10823000FFF76CFECCE7B0F5F06FC9D100216846BE
:10824000FFF7E0FEC4E7B0F5406F3DD013D8B0F5BE
:10825000206F63D0B0F5286FBAD10021324B039163
:10826000D3F8703203F00303012B02D103A8FFF708
:10827000C5FD039B3CE0B0F5486FA9D100216846DD
:10828000FFF712FEA4E7FEF7C7FE0090A0E7FEF797
:10829000DDFEFAE7FEF7C0FE0246204604E0FEF7E8
:1082A000D5FE02464FF42070FFF7D0FEB2FBF0F28D
:1082B00000928DE701A8FFF7BDFC019AEDE70021D0
:1082C0006846FFF7DBFC83E700216846FFF70AFDFD
:1082D0007EE700216846FFF737FD79E74FF0E0239E
:1082E00002911B695B0705D5FEF7B0FE0290029B69
:1082F00000936DE703A902A8FFF780FDF7E70021CF
:108300006846FFF77BFD63E700216846FFF72AFE1A
:108310005EE700216846FFF751FE59E700216846F5
:10832000FFF790FD54E700BF0080005008B58020A3
:10833000FFF7FCFE034B98429EBF4FF48032024B86
:108340001A6708BD005A620200A000501FB503461C
:108350000020B3F5807F019000F0C18064D85D2BD0
:1083600055D84C2B07D82D2B48D8232B2CD8019827
:1083700005B05DF804FB4D3B102BF8D801A252F874
:1083800023F000BFD58400086F8300086F830008C6
:108390006F8300088B8400086F8300086F830008D8
:1083A00059850008A98400084F8400084F850008FB
:1083B0006F8300086F8300086F8300086F830008D5
:1083C0006F83000863850008243B092BCFD801A2E6
:1083D00052F823F0D5840008D5840008D58400081D
:1083E000D5840008D58400086F830008CB8400087A
:1083F0006F8300086B8400080B8500083D2B7FD03D
:108400003E2BB4D1002001A9FFF7D8FDAFE7802BA8
:10841000ADD1594B1B6F03F00703013B032BA6D8CB
:10842000DFE803F0514E858DB3F5F06F68D021D8A9
:10843000B3F5B06F49D00FD8B3F5607F00F08380FB
:1084400095D3B3F5806F45D0B3F5A06F8FD10020E1
:1084500001A9FFF7A1FC8AE7B3F5D06F55D0B3F5BA
:10846000E06FCFD0B3F5C06F81D1002001A9FFF735
:10847000C5FC7CE7B3F5206F6ED00BD8B3F5086F61
:1084800048D0B3F5106F7FF472AF002001A9FFF759
:1084900069FD6CE7B3F5406F59D0B3F5486F60D014
:1084A000B3F5286F7FF463AF334BD3F8703203F02A
:1084B0000303012B5AD0022B0CBF1523002300E02D
:1084C0000523019353E70223FBE7002001A9FFF7EF
:1084D0003BFC4CE7002001A9FFF7D0FB47E74FF03A
:1084E000E02302901B695B0705D5FEF7AFFD0D2366
:1084F0000393039BE5E703A902A8FFF77FFCF8E7D6
:10850000002001A9FFF77EFD31E7002001A9FFF758
:10851000FDFC2CE7184BD3F8003103F00303022BCA
:1085200007D0032B09D0012B0BD1FEF7A5FD0323A8
:10853000C7E7FEF7FDFD0923C3E72EF0F6F9082390
:10854000BFE70123BDE701A9FFF774FB0FE7002098
:1085500001A9FFF7C7FB0AE7002001A9FFF772FC9A
:1085600005E7002001A9FFF79FFC00E7002103A811
:10857000FFF744FC1123A4E7008000504FF4803241
:10858000074B0849586E03F580535A664B6A23F02F
:1085900001034B62C3035CBF034B5A66704700BFC5
:1085A0000080005000C0075000A0005038B50446BD
:1085B0008020FFF7CBFE032800F083804FF4801269
:1085C000524B4FF0A0615A6645F60E02504BC3F86D
:1085D0008020504A91624FF4803102F580529162BE
:1085E0009A6DD203FCD4996D11F08041FBD1D4E98E
:1085F0000002120542EA0062E07B0243207B42EA6D
:108600000042607B42EA0032A07B42EA80121A619B
:108610009869D4E90452120642EA856200F00040EB
:108620000243A07EE57E0243207E42EA0042607E55
:1086300042EA00229A611A6AE06922F00F0242EAD5
:108640008502354D00283DD11A6294F82420996A9C
:1086500094F82000D200294042EA40120A4394F8DC
:10866000211042EA011242F480329A622B49284AD0
:10867000936D31EA0303FBD14FF08071254881628D
:108680001369A56823F4700343EA055313614FF09F
:108690000043836194F822300BB9214B996294F81E
:1086A00023303BB94FF480321D4B9A62184A936DC8
:1086B0005B00FCD494F825301BB1154B194AC3F864
:1086C000802038BD024342F0080202281A6208D115
:1086D00019614FF40852996113484FF47F412EF00D
:1086E00003FA0B4994F822308A6A94F820001B069A
:1086F0002A4043EA4013134394F8242043EAC20378
:1087000094F8232043EA02438B62D3E700900050A1
:108710000040005A0050005AC7FFFEFE030001004F
:108720000060005AF1A7FFFF3440005A70B5194CA1
:10873000FF28A66A2BD8A36D4FF0807113F4803FF9
:1087400018BF4FF48032144B18BF9A629962134AD3
:10875000A36992F9005023F47F03054423F47F4377
:1087600043EA002385F3080543EA0543A361324643
:108770000B482EF0B9F9A36DDB0301D4002070BDC6
:1087800032464FF4803106482EF0AEF9F6E721204C
:10879000F5E700BF0040005A0050005AAA550020DB
:1087A0002840005A70B5104C4FF08071A66AA36D36
:1087B0000E4813F4803F18BF4FF480320C4B18BFA3
:1087C0009A6299623246A5692EF08EF9A36DC5F3BF
:1087D0000725DB0305D532464FF4803103482EF0E0
:1087E00083F9284670BD00BF0040005A2840005A57
:1087F0000050005A014B93F900007047AA55002021
:108800004FF4803311481249826A8B62836D03F002
:108810000303032BFAD14FF080730E488B620B4B8E
:10882000996D30EA0101FBD1012009490865996D74
:108830008907FCD4054B996D8807FCD5996D89078C
:10884000FCD5054905482EF04FB900BF0040005A3D
:108850000050005A03000100000001012840005AA6
:10886000F0B5D0E901434FF400061A4A4178057883
:1088700056664FF4D156022702F5B8325662164EAC
:108880004F2977604FF0010728BF4F2106F580562A
:1088900077601669F603FCD441EA052151611B019A
:1088A000417B43EA04230B43017B43EA410393608A
:1088B000C37B817B1B0143EA4113417C0B43017C59
:1088C00043EA41035360837C13B16FF4D153536285
:1088D000F0BD00BF0090005000100250014B188006
:1088E000704700BF6A550020014B1880704700BFD9
:1088F000685500204FF4800208B5184B5A660223D1
:10890000174A5360936813F48033FBD1012822D1B6
:10891000FEF7B2FB134B984215D003F5122303F573
:10892000F863984213D0104B00EB8002400AB3FB6F
:10893000F0F3520A0A49CA620B6301234B62002218
:10894000074B5A6008BD45F67A13084AF2E745F628
:108950001A03074AEEE75362F1E700BF00900050A8
:108960000040025000F0490264666666D8B805000F
:10897000BBCF0500B0F5207F10B50C465DD008D800
:10898000B0F5007F4ED003D8C0B1B0F5C07F15D090
:1089900010BDB0F5607FFBD12C4B4C1ED3F8FC20F2
:1089A0002B4912F0807F4FEA041427D1D1F8803090
:1089B00023F030032343C1F88030E9E72EF0A3F819
:1089C0002EF0AFF84FF48031224B214A1967136F14
:1089D000013C23F4704343EA04331367FEF736FB8C
:1089E0000446FFF7A1F8C0F1020120462EF093F8EB
:1089F00000F042F8BDE81040FFF798BCD3F8FC2027
:108A000022F08072C3F8FC20D1F8802022F03002DE
:108A10002243C1F88020D3F8FC2042F08072C3F8D2
:108A2000FC20B5E70A4A4C1ED2F8903023F0F853E8
:108A300043EA0463C2F89030AAE7054A4C1E136F5C
:108A400023F4806343EA84231367A1E700ED00E089
:108A5000008000500090005008B50121022000F075
:108A60006DF92EF050F82EF05CF84FF48032014B87
:108A70001A6708BD0090005008B54FF4C070FFF7AA
:108A800055FBBDE808400449884294BF01210221FA
:108A90004FF42070FFF76EBF80F0FA024FF4C0224F
:108AA00070B50546FFF74CF8314B04465A6603F59E
:108AB00098335A68012A04D12E494A605A689207AD
:108AC000FCD48020FFF742FC052807D12EF01BF8CC
:108AD0002EF027F84FF48032254B1A67264B24F0EE
:108AE00040749D4230D0254B9D4230D0FEF788FA2D
:108AF0008542064603D90121284600F05FF9204B44
:108B0000DA6812F0060FFBD199689C609A6862409F
:108B100012F4F81F1ED12846FEF778FA8020FFF7DE
:108B200015FC05280DD1FEF791FA0446FEF7FCFF6F
:108B3000C0F1020120462DF0EEFFFFF79DFFFFF789
:108B4000F5FBAE420CD270BD44F00074CEE744F0A9
:108B50008074CBE780209960FFF7F8FB052805D0EB
:108B6000BDE870400121002000F028B93546DAE761
:108B70000090005000E0015040420F0080841E0031
:108B800000000150304B314A984251D020D8A3F513
:108B9000B703A3F55863984246D00DD82C4B9842A2
:108BA00031D02C4B984239D02B4B4FF400219842B6
:108BB0001DD00023516622E0284B4FF4002198423B
:108BC000F7D1274BD3F8BC30516623F0407316E041
:108BD000244B984230D0244B984231D0234B4FF451
:108BE00000219842E5D11E4BD3F8C830ECE71C4B6E
:108BF000D3F8A030516623F0407343F000734FF078
:108C0000B442936070474FF40021154BD3F8A03065
:108C1000516623F0407343F08073F0E7104BD3F8B4
:108C2000A0304FF40021CFE70D4BD3F8B830F8E770
:108C30000B4BD3F8C030F4E7094BD3F8CC30F0E756
:108C4000074BD3F8D030ECE7C0EA21010090005088
:108C500080841E0000093D0040420F000024F40003
:108C60000080E00F0048E801005A620280BA8C01DF
:108C7000024A536B0342FCD1704700BF00400950C9
:108C8000044A4178536F23F4407343EA0123536746
:108C9000704700BF004000500E4A10B513690446EB
:108CA00043F00403136105F0E1F82DF056FF0A4B81
:108CB0005B6E5B0142BF094B094AC3F8202430BFF9
:108CC0002DF04CFF05F00CF91CB9BDE81040FEF783
:108CD000BDB910BD00ED00E00080005000E0035081
:108CE0000000FF0F0C4A10B51369044643F004035B
:108CF00013610A4B5B6E5B0142BF094B094AC3F823
:108D0000202405F0B3F830BF05F0EAF81CB9BDE83F
:108D10001040FEF79BB910BD00ED00E00080005050
:108D200000E003500000FF0F034A0179D36E23F0E7
:108D300030030B43D366704700400050F8B504463B
:108D40001C4BD3F88420D106FBD4D3F88430C3F372
:108D500081139C422CD0FEF75FF9012C064602D10C
:108D600021462DF0D8FE2DF041FE4FF00072124B3F
:108D700007465A6620462DF0F4FE4FF480630D4DF1
:108D8000621E93402B676B6E9A0103D4D5F8843032
:108D90009B060AD538462DF02DFE022C08D1304610
:108DA000BDE8F84000212DF0B6BED5F88430EAE7E2
:108DB000F8BD00BF004000500060005010B50C46E8
:108DC00008B9FEF729F9074B21461B783BB1064B42
:108DD000984204D80120BDE81040FFF7AFBF022041
:108DE000F9E700BF9C470020005A62020278034B5B
:108DF000012100201A70FFF7E1BF00BF9C4700204F
:108E00004FF0004238B5244B244C5A664AF6CD3315
:108E1000656C014605F00105236428BB0120FFF7BE
:108E200027FF6368DB0715D51D4B586008461D4BAF
:108E3000226BD2070CD4984208D1072415B1174BE6
:108E4000194A1A6432F0AEF9204638BD0130EFE716
:108E50009842F2D00024F1E70132236B13F00803AB
:108E600005D08A42F8D1E8E700220E49F5E78A42A8
:108E7000E3D020210A4A91620121A2F5805251607B
:108E80000649084A886A800603D49342D5D0013344
:108E9000F8E79342DDE700BF009000500040095022
:108EA0000060095040420F003254FFFF4FF0004273
:108EB00038B5164B01465A664AF6CD33144C154A5E
:108EC000656C236443780B205B0043F00103D3639C
:108ED000FFF7CEFE63688A7823F4F87343EA02133F
:108EE0006360CA784B7943EA0223A3600A798B79DD
:108EF00043EA022323610878FFF782FFEB0744BFB0
:108F0000054B236432F04EF9012038BD009000502B
:108F100000400950004000503254FFFF4FF0004223
:108F2000124B70B55D6E03F580535A664AF6CD3329
:108F300004460F4980204E6C0B64FFF799FE0B6AC4
:108F400023F00F030F2C94BF234343F00F030B6256
:108F5000F30744BF074B0B64002DA2BF4FF0004244
:108F6000054B5A6632F01EF970BD00BF00800050FC
:108F7000004009503254FFFF00A000504FF0004263
:108F8000104B70B55D6E03F580535A664AF6CD33CB
:108F900004460D4980204E6C0B64FFF769FE0B6A96
:108FA00023F4F85343EA04230B62F30744BF074B4F
:108FB0000B64002DA2BF4FF00042054B5A6632F001
:108FC000F1F870BD00800050004009503254FFFF9E
:108FD00000A000502DE9F04105460F461E46904680
:108FE0004AB101233022194C8B4002FB004436B3B6
:108FF00004F5825423600F21072F05EB450388BF3A
:10900000A7F108044FEA0313114895BFBC00A40060
:1090100004330C3308FA04F2A14018442DF0A2FDE9
:10902000B8F1000F09D101233021084ABB4001FBF0
:1090300005223EB102F582521360BDE8F08104F5CD
:109040000154D7E702F50152F6E700BF00C0035014
:1090500030C0035010B5152002F086F80024FF221E
:10906000064B21465C6520209A625C60FFF744F85D
:109070002146BDE810402120FFF73EB80000045013
:10908000044A054B002908BF1346012282401A609A
:10909000704700BF401004504020045010B501211B
:1090A00004462020FFF728F801212120FFF724F8AB
:1090B0000122114B15205A60227812069A606178BD
:1090C000A27842EA01429A61FF229A6200229A63E0
:1090D0001A644FF000425A654FF0FF3203F5005317
:1090E0001A6502F061F81520E17802F06BF8BDE82E
:1090F0001040152002F04AB800000450F8B50125D0
:10910000C3B2D1F800E091F80AC00F7B0C469D4035
:10911000CB7A1D491D4E0D65810001F1A04101F57D
:109120008821C1F804E04FF0300E0EFB00601B05F3
:10913000617B43EA0C4343EA475322F00302016692
:10914000C36502672DF05DFC114B5D65237A13B199
:10915000336C2B433364637A13B1B36B2B43B36328
:109160002279A37943EA0243074A93616179E3795B
:1091700043EA014306498B61044B55639D64BDE896
:10918000F8402DF044BC00BF002004500000045003
:109190000010045010B50124C0B284402DF031FC01
:1091A000044B5A6D22EA04025A659C62BDE81040E5
:1091B0002DF02DBC0000045010B50124C0B2844035
:1091C0002DF01FFC074BDA6A224208D15B6B9C43EF
:1091D0000CBF012400242DF01AFC204610BD0024F1
:1091E000F9E700BF000004504FF48032054B9A6647
:1091F00041F6713203F51C33DA63012203F50053A3
:10920000DA6070470090005041F671320121064B40
:10921000DA6303F50052D1600022DA634FF4803242
:10922000A3F518339A6670470000035001383128BF
:109230009ABF024B185C0020704700BF6109040808
:1092400038B5C2F30625044602F0070241B942EAE6
:10925000052242F440220634074B43F8242038BD4F
:10926000114628462DF08EFC02462846FFF7DEFF09
:10927000163442EA0022EFE700800350044B1868DE
:10928000421C02BF034AD2F894001860704700BF26
:1092900060500020004000504FF48032064B5A6668
:1092A00003F5E6239B69C3F38512827003F03F0246
:1092B0001B0B4270037070470090005040F6B732AD
:1092C000064B5B689BB293429FBF4FF47A72B3FB2D
:1092D000F2F3034AD05C88BF002070470080E00FA3
:1092E000930904080120034B9B680A3303F01F0312
:1092F000984070470080E00F70B5054616461C4642
:1093000021B94FF42070FEF711FF0146402C1BD00D
:1093100003D8DCB1202C1BD070BD602CFCD1042301
:1093200003FB06F2530803EB4113B3FBF2F3094AC4
:10933000203B02EAC303AA6822F06002AA60AA687E
:109340001443AC60EB61E7E70623E9E71023E7E7A6
:109350000823E5E7F8FF7F00012100F5805310B5F1
:10936000596040F6AA6341F2050243610023094CAB
:109370008360C365C26000F500520361C361C364CA
:109380009464054C8365A04204BF03654365516046
:1093900010BD00BFFFFF010000C0055070B50D46B5
:1093A000FFF7DAFF012300F580567360AB7C0446BB
:1093B0001BB1836843F080438360EB7C5BB1244B3B
:1093C0009C4202BF2A7DA3F51033C3F8C821E36D88
:1093D00043F08003E3652A8A6B7B20461343EA89C6
:1093E0001343E3602B7BD5E90112FFF785FF6B7D0B
:1093F0001BB1A36843F48033A360AB7D1BB1A368AA
:1094000043F40043A360EB7D2A7E1B07120502F4A0
:10941000E00203F0E0431343A3656B7E9A1E012A2A
:109420004FF0020209D80B49032BC1F8202709D1BC
:109430000423F3652B78636170BD0749012BC1F8E4
:109440002027F4E7042204F50053DA65F2E700BFB1
:1094500000C0055000D0035000E0035038B50D4661
:10946000FFF77AFF012200F580535A602B8AA97B0F
:10947000826843F0010343EA8123134383608368D6
:109480002A7D044643EA42738360AB7C5BB1194B8F
:10949000984202BFEA7CA3F51033C3F8C821C36D1C
:1094A00043F08003C3652B7B2046D5E9011243F4CA
:1094B0008053E3602DF089FB6B7B0BB1102363615C
:1094C0006B7D1BB1A36843F48033A360AB7D1BB1FC
:1094D000A36843F40043A360EB7D2A7E1B071205BB
:1094E00003F0E04302F4E0021343A3652B786361C9
:1094F00038BD00BF00C00550034B5A68D20702D5E3
:10950000DA69002AF9D1704700800A50054B9A6841
:109510009107FCD45A689207F9D4DA69002AF6D187
:10952000704700BF00800A5008B5FFF7E5FF022230
:10953000014B1A6108BD00BF00800A5008B5FFF753
:10954000E5FF0122024B03F580514A601A6108BD14
:1095500000800A5008B5044B5968012903D1FFF770
:10956000E3FF024B596008BD00800A5000A00A507A
:1095700010B5064CFFF7CAFF6368012B03D1FFF754
:10958000E9FFFFF7C3FF0378E36010BD00800A50D6
:10959000B8B94A680B7812B1127843EAC2034A7824
:1095A00043EA42038A6812B1127843EA82138A7846
:1095B00043EA8203CA6812B1127843EA4223014A9D
:1095C0009364704700800A5008B9014B5964704792
:1095D00000900A5008B9014B5964704700A00A5026
:1095E00008B9014B1964704700A00A5010B9024B2A
:1095F000186C70470020704700800A5048B911B1BC
:10960000012903D07047044BD86C7047024B186D8A
:1096100070470020704700BF00800A5040B911B168
:10962000012903D07047034BDA647047014B1A6578
:10963000704700BF00800A5010B9024B586D704748
:109640000020704700800A5038B50446054D31F0BF
:10965000CEFD0FCC0FC594E8030085E80300002081
:1096600038BD00BF881F002047F6FF739A42F0B54F
:109670006FD002296FD8394B5B5C012B6BD8384D0A
:10968000DF0005EBC30415F83330A178012B13D1AB
:109690000025E078401AA84202D80844C0B2F0BDC4
:1096A000431B6668A0EB530336F913609642D4BFA0
:1096B0001D4603F1FF30EEE760680028EFD0B0F9F7
:1096C0000040944204DBB0F902409442B8BF144613
:1096D00083883D44FF2B19BFC8224FF0280CB0F9F6
:1096E0000620B0F908C0A2EB04030CBF0126002637
:1096F00093FBFCF333446E781BB29E4201DD002BDA
:1097000001DA731E1BB24FF47A7C01339BB2071D42
:109710005D1E2DB24FEAC50E00EBC505EA88AD68A7
:109720009E4214FB025222EAE27202F15C02B2FB98
:10973000FCF204DD37F8335001339542E8D200EBF8
:109740000E039888904228BF1046884238BF0846CA
:10975000A4E7FF20A3E70020A1E700BF96090408C3
:10976000881F00200229F0B555D82C4B585C0128E1
:1097700051D82B4C04EBC00114F830004B68012881
:109780000FD1C8788C78904294BFC4EB0001C4EB31
:109790000201001BCAB28242C8BF002233F9120084
:1097A000F0BD002B37D08878904202D3B3F9020085
:1097B000F6E7CC78B3F900009442F1D94C78998857
:1097C000013CA1F1FF06714203F10405E4B27141CD
:1097D00003F10C07CEB2B44216D805EBC1014FF429
:1097E0007A756A43B1F902404968521A04EBD471A0
:1097F00002EB610292FBF4F29042D1DBB3F902007A
:109800009042CDDC10B2CBE737F831C04E1C944506
:10981000E3D33146DEE70348C2E700BF96090408F8
:10982000881F00200080FFFF08B50448FFF70CFFE9
:10983000BDE80840012031F0FFBC00BF9C090408CE
:109840007FB50222084B0949CDE901234FF000738F
:10985000CDE90313072301A94FF0FF30059331F041
:109860002BFD07B05DF804FB006A1800000206003B
:1098700008B5B0B14FF480620B4B9A662DF03FFDF6
:109880004FF098435A6CD202FCD54FF48062586D69
:10989000064B10F470209A6604D0BDE808402DF005
:1098A0005DBA212008BD00BF0090005000A000500C
:1098B0002DE9F0418CB08846DDE912761D4604465C
:1098C000002847D0002945D0002F43D0002E41D09A
:1098D00013F00F033ED120482049A360002A08BF9F
:1098E0000146E361C4E90013404609A92DF032FBAB
:1098F00068BB204609992DF0F9FC294620462DF039
:10990000F5FC6946404600F0F7FA00BB6946204680
:109910002DF0D8FC404603A92DF01BFCB8B9204619
:1099200003A92DF0CFFC06970127204645F00055EE
:1099300006A9079708952DF0C5FC204609A90996A8
:109940000A970B952DF0C8FC2046FFF791FF0CB04D
:10995000BDE8F0812120FAE70001000400010104C4
:109960002DE9F04F97B0894690461F460546DDF831
:1099700080A0002800F0BB80002900F0B8803AB138
:10998000229B002B00F0B380239B002B00F0AF80C4
:10999000BAF1000F00F0AB80219B002B00F0A780F4
:1099A00067B13C680026229B43440293464507D397
:1099B00007B13C60002017B0BDE8F08F3C46F1E7EE
:1099C0005CB1229B219A9B5D125D01345340239A26
:1099D00004F00F0493550136E8E7A8EB060BBBF142
:1099E0000F0F58D9434B4846C5E90034AC60EC61D1
:1099F00013A92DF0AFFA0028DDD1284613992BF0DA
:109A00000F0B2DF073FC594628462DF06FFC48468D
:109A100004A900F071FA0028CDD1284604A92DF040
:109A200051FC484607A92DF094FB0028C3D12846D5
:109A300007A92DF047FC012322992F4ACDF828A031
:109A40000B930C928A190D9228464BF000520AA9EA
:109A50000E9303920F922DF035FC28460DA92DF0A0
:109A600031FC239B039A99190123109111931292AF
:109A7000214A284610A9CDF84CA0149315922DF038
:109A80002BFC284613A92DF027FC2846FFF7F0FEF3
:109A90005E4400288FD1229B03EB060B239B1E44C0
:109AA000029B5B4501D1464680E7ACB9219B22462B
:109AB000CDE900A3494610232846FFF7F9FE002808
:109AC0007FF479AF0AF1100212F8013D0133DBB2E5
:109AD00013700BB95245F7D1219A1BF8013B125D67
:109AE0000134534006F8013B04F00F04D8E721206D
:109AF00061E700BF03030004100000202DE9F04FD0
:109B000097B0894615469A460446209FDDF888801E
:109B1000DDF890B0269E002800F09D80002900F01E
:109B20009A80002E40F08A80002B00F09480B8F1DB
:109B3000000F0AD0219B002B00F08D80002A40F0FE
:109B40009F80F10700F1878002E0002A40F08580C5
:109B5000FB1F062B7FD8524B0BEB05029A427AD89B
:109B60000023504A4846C4E90023A360E36113A9D7
:109B70002DF0F0F900285ED1204613992DF0B6FBA8
:109B8000204646EA07412DF0B1FB414620462DF024
:109B9000ADFB294620462DF0A9FB484601A900F05F
:109BA000ABF9002847D1204601A92DF08BFB484690
:109BB00004A92DF0CEFA00283DD14FF0010920462E
:109BC00004A92DF07FFB239B45F000550793219BB3
:109BD000CDF82090204609950DA90A9347F000572B
:109BE00048F00053CDF82C900C93CDF834A0CDF86C
:109BF00038900F972DF066FB20460AA92DF062FBE6
:109C0000204607A92DF05EFB259B204610A946F0B3
:109C10000056CDF840B0CDF8449012951393CDF88E
:109C2000509015962DF058FB204613A92DF054FBAB
:109C30002046FFF71DFE17B0BDE8F08F259B53B1FE
:109C4000BAF1000F07D0B8F1000F01D0219B13B17A
:109C5000B5B9022E20D12120EDE7239B002BFAD0AD
:109C6000BBF1000FF7D0C7F10F03DBB2032B3FF6B8
:109C700068AF0122DB0002FA03F3AB42EBD9E8E75D
:109C8000239B002BE7D0BBF1000FE4D0C7F10F03FB
:109C9000DBB2032BDDD8ECE7102E7FF652AFDAE70C
:109CA00000000420000005042DE9F04F99B088461B
:109CB00015469B460446229FDDF89890289E60B189
:109CC00059B1279B4BB1BBF1000F06D0249B0BB1C0
:109CD000239B13B11DB9022E13D121239AE0259B9A
:109CE000002BFAD0B9F1000FF7D0C7F10F03DBB2A8
:109CF000032BF0D80122DB0002FA03F3AB42ECD9CC
:109D0000E9E7731E0F2BE8D816F0010AE5D1FB1F17
:109D1000062BE2D8414B09EB05029A42DDD8404BB5
:109D20004046C4E9003AC4F808A0C4F81CA015A92C
:109D30002DF010F9034600286CD1204615992DF01E
:109D4000D5FA204646EA07412DF0D0FA204624995C
:109D50002DF0CCFA294620462DF0C8FA404603A93A
:109D600000F0CAF80346002854D1204603A92DF07C
:109D7000A9FA404606A92DF0ECF90346002849D17E
:109D80004FF00108204606A92DF09CFA259B20469D
:109D9000099345F00053CDF8288001930B93239B42
:109DA0000FA90C93249B47F0005743F00052CDF8C5
:109DB00034800E92CDF83CB0CDF8408011972DF054
:109DC00081FA20460CA92DF07DFA204609A92DF034
:109DD00079FA019B204612A9CDF84890CDF84C8025
:109DE00014932DF079FA279B204615A946F00056CA
:109DF0001593CDF8588017962DF064FA2046FFF79A
:109E000037FD034630B101902A465146484636F0A8
:109E100008FD019B184619B0BDE8F08F0000042032
:109E2000000006042DE9FF474FF000080E461746D4
:109E30000446CDF80080002859D022B900252846D4
:109E400004B0BDE8F087002951D032F0030902F0D8
:109E5000030A1FD04FF0E063C0E9003801230191ED
:109E6000C0F808800293C0F81C8049F0005301A993
:109E700003932DF031FA494620462DF037FA20465B
:109E8000FFF7F6FC054628B14A464146304636F013
:109E9000C8FCD4E7BAF1000FD0D04FF000084FF063
:109EA000E063C4E900380123CDF804D00293114BDC
:109EB000204601A9C4F80880C4F81C8003932DF043
:109EC0000BFA042120462DF011FA2046FFF7D0FCB2
:109ED000054608B13A46D8E7009A4E44EB000135F2
:109EE00022FA03F3AA4506F8013BF7D1A6E721259C
:109EF000A5E700BF0400002090B189B101234B60A9
:109F0000C368013B012B08D88269064B1AB10A606D
:109F100000208B607047044AF9E74FF00053F7E7E1
:109F200021207047080000200C100408012300F0D5
:109F30001F02A0F506200949A0F550604009934092
:109F400051F820201A4341F82020054951F82020DB
:109F500022EA030241F82020704700BFC01F002002
:109F6000A01F00200122A0F506230D49A3F5506390
:109F70005B0900F01F00824051F82300024341F8C2
:109F8000232000231946074A52F8040B0133082BFB
:109F90000144F9D119B92022014836F042BC70477A
:109FA000A01F0020C01F00202DE9F04FA9B0039290
:109FB0001E4604460822339FCDE90401414021FAA0
:109FC00002F34B40980702F1080218BF9B00202AB9
:109FD0001C44F4D1744BE4B21B7804F5062404F558
:109FE0005064002B3ED1FDF747FD054620B16FF0D0
:109FF000910029B0BDE8F08F0146402208A836F054
:10A0000010FC4022294618A836F00BFCDFF8B4817A
:10A01000DFF8B491C3460BF10F0ACDF800A05B4600
:10A020001022D9F8000008A930F01BFF00230246D7
:10A0300008F1100808AD9A423DD1CDF800A05B466A
:10A040001022D9F8000018A930F014FF4FF0000AD0
:10A05000834618ADD34538D1544B9845DAD1012207
:10A06000514B1A704FF480780025DFF860B1A4F5E9
:10A070000623A3F5506252095BF8221004F01F007A
:10A08000C140C90734D44A4951F82220C240D207FE
:10A0900022D5A3F6FF43DBB2002D08BF254603F50A
:10A0A0000624B8F1010804F55064E0D1039BABB17C
:10A0B000A5B12C4618E055F8040BCDE90623FFF7AF
:10A0C00035FF079B069A0133B5E755F8040BFFF7F8
:10A0D00049FF0AF1010ABDE7039B13B96FF08B003A
:10A0E00087E7002D18BF2C46349B00201C6080E7BA
:10A0F000329B13B10023329A13600FB100233B60EF
:10A100004FF0100ADFF8C090CDF800A000233246CF
:10A110002146D9F800000AF065FC58BB3299326834
:10A12000244BC1B99A4206D02146D9F800000AF062
:10A13000C1FD0028D2D1D6E90223DDE90410834213
:10A1400008BF8A4226D0A4F50624A4F6FF44E4B250
:10A1500004F50624A5E732999A42C1F800A0E3D19C
:10A16000002FE8D03B462146D9F8000018AA0AF093
:10A170005DFD48B1104B9842D6D0104B9842D3D0D9
:10A180000F4B9842D7D032E7329A3B6812689B1A3D
:10A190003B60D0E7039B002BA6D07368012BA3D1B3
:10A1A0006FF0840025E700BF9D4700200071080084
:10A1B000A01F0020105D175EFFDF00F011E000F02F
:10A1C000FEDF00F0006D08005C500020C01F002082
:10A1D0002DE9F04F87B08246894698461646DDF84D
:10A1E00040B02AB1002B4FD040F26C739A424ED847
:10A1F000BBF1010F4ED8002406F1100739460120AB
:10A2000005942DF07FFF0546002846D021463A46AA
:10A2100036F007FB05ABCDE9014300942B46012244
:10A2200050464946FFF7C0FE044680B110F18C0F3E
:10A2300008BF6FF08D043A460021284636F0F1FA47
:10A2400028462DF041FF204607B0BDE8F08F144BA3
:10A25000C5E902A92B60C5F804B02EB132464146CB
:10A2600005F1100036F0EFFA059E0E483B462A46EF
:10A27000314600680AF01EFB18B93046FFF756FE5B
:10A28000D9E76FF09104D6E76FF08604DBE76FF053
:10A290009104D8E76FF08504D5E76FF08C04D2E71E
:10A2A000105D175E5C5000202DE9F0438DB08146B3
:10A2B000DDE914780E4615461C469BB1B8F1000F37
:10A2C00005D16FF0860630460DB0BDE8F083002F53
:10A2D000F7D0B7F1005FF4D3C3F1005303F5802347
:10A2E0009F42EED81022002108A836F09AFA0022E8
:10A2F00007AB029305AB019306AB3146009348468A
:10A3000008ABCDE90522FFF74FFE06460028DAD15B
:10A31000059BA4B1AB4215D853EA0504D1D1069BE5
:10A320000B48C8F8004000943A46079900682B444F
:10A330000AF058FB002818BF6FF09106C3E7AB4244
:10A34000EDD2BEE75B1B9C4228BF1C46E7E700BF7F
:10A350005C50002030B58DB00C460546102200211F
:10A3600008A836F05EFA002207AB029305AB019312
:10A3700006AB21460093284608ABCDE90522FFF73E
:10A3800013FE0446D8B9099B012B1BD0079D104B27
:10A39000294618680AF08EFCB8B90122A5F50623F3
:10A3A0000C49A3F550635B0905F01F00824051F88A
:10A3B00023004240284641F82320FFF7D3FD2046E2
:10A3C0000DB030BD6FF08404F9E76FF09104F6E74B
:10A3D0005C500020C01F002030B5048804F4E04326
:10A3E000B3F5005F2ED1C4F30223042B2AD181F0F0
:10A3F000AA6383F4807333F47E132AD081F0AA63B6
:10A4000083F4007333F47E1323D00023144D21F41E
:10A410007E11A9421AD1B4F5105F17D1418821F0FD
:10A420004000802802D0B1F5807F15D1191F0C297A
:10A4300012D8DB0710D4073A072A34BF00206FF088
:10A44000860030BD42F204039C42DED16FF08500ED
:10A45000F7E7C1F30543D9E76FF08600F1E700BFE6
:10A46000000140052DE9F04F9BB08146DDE92876DB
:10A470001D468B46DDF8A880DDF8BCA0099241B1ED
:10A4800038B1249B2BB1269B0BB9279B0BB91FB965
:10A490004EB16FF086047FE02EB1B8F1000FF8D016
:10A4A0002B9B002BF5D02C9B002BF2D0BAF1000F88
:10A4B000EFD02E9B002BECD02D9B002BE9D0B9F8D0
:10A4C000003003F4E042B2F5005F69D1C3F3022229
:10A4D000042A65D185F0AA6383F4807333F47E1374
:10A4E00006D085F0AA6383F4007333F47E1360D141
:10A4F000C5F3054329464846259ACAF80030FFF7B8
:10A500006BFF0446002847D1014620220AA836F0F6
:10A5100088F92022214612A836F083F90AA82CF0E7
:10A520004BFC002855D159464846099A12AB00F019
:10A53000C3FA044600282FD12B9B9E424CD8DAF850
:10A5400000302E9A934247D8474508D2BB19984508
:10A5500005D239463246404636F049F94746204B47
:10A5600025F47E159D4226D1DAF800303246069356
:10A570002D9B0397CDE90483279B12A90293269B69
:10A580000AA80193259B0093249BFFF7B7FA212883
:10A5900019D0D8B92C9B1E6020461BB0BDE8F08FA7
:10A5A00042F20402934204D185F0052383F4801320
:10A5B0009BE700239EE76FF0880400232C9A13602A
:10A5C000CAF80030E8E76FF08604F6E76FF092040F
:10A5D000F3E76FF09204DFE76FF08904DCE700BF78
:10A5E000000140052DE9F04F99B08A46DDE9266566
:10A5F0009346984681462A9F28B96FF086042046E4
:10A6000019B0BDE8F08F0029F7D0229B002BF4D0C1
:10A61000249B13B9259B002BEFD10EB9002DECD153
:10A6200017B92B9B002BE8D12C9B002BE5D0289B46
:10A63000002BE2D041464846239AFFF7CDFE044660
:10A640000028DCD1202201460DEB020036F0E9F8AB
:10A650002022214610A836F0E4F808A82CF0ACFB24
:10A6600010B16FF09204CAE75A465146484610AB03
:10A6700000F022FA04460028C1D12B9B9D422AD823
:10A68000BE4208D273199F4205D231462A46384647
:10A6900036F0ADF83E46144B28F47E1898451DD18F
:10A6A000299B2A460693289B0396CDE90473259B94
:10A6B00010A90293249B08A80193239B0093229B3B
:10A6C000FFF7F2FA212898D02C280AD00028C8D108
:10A6D0002C9B1D6093E76FF0890490E76FF088046E
:10A6E0008DE76FF094048AE700014005084B98421B
:10A6F00002D0084B984207D10B88B3F5105F0CBF0E
:10A7000000206FF0850070476FF08500704700BF34
:10A71000004440040013C0042DE9F04F9946002383
:10A72000A3B09346DDE92E74DDE93068CDE9063348
:10A73000CDE90833CDE90A33CDE90C33DDF8C8A003
:10A740000490059129B96FF08605284623B0BDE82D
:10A75000F08F002AF7D00FB9002CF4D12C9B13B93D
:10A760002D9B002BEFD116B9B8F1000FEBD1BAF148
:10A77000000FE8D048460499FFF7B8FF05460028C7
:10A78000E3D10146202212A836F04BF820222946B8
:10A790001AA836F046F812A82CF00EFB002878D143
:10A7A000DDE904015A461AAB00F086F90546002897
:10A7B000CBD11A982CF0E3FE05460028C5D114B978
:10A7C000CAF80000C1E7B7420AD23B199E4207D23D
:10A7D0004445B8D839462246304636F008F8374660
:10A7E0004E4B994558D003F54073994515D04C4BC5
:10A7F000994540F08C804445A5D814F00F02A2D1B1
:10A800002346CDE900761AA912A8FFF751F80746AA
:10A81000002834D1CAF8004097E700234445CDE929
:10A820000E33CDE910338ED82D9B0D2B8BD1012308
:10A830008DF838302C9B0DF1390203F10C0153F8DF
:10A84000040B8B4242F8040BF9D11B7813700123DF
:10A850008DF8473014F00F0933D10F2CDAD906AB3D
:10A8600001930EABCDE90276009324F00F02002392
:10A870001AA912A8FFF774F80746002843D04246E9
:10A880000021304635F0CDFF0023012FCAF80030FB
:10A8900040D06FF0920558E744453FF654AF2D9BEA
:10A8A000102B7FF450AF2C9B0DF1380C03F1100EE0
:10A8B000624618685968083303C273459446F7D155
:10A8C000C8E724F00F033B440DF1280C03F1100EF0
:10A8D000624618685968083303C273459446F7D135
:10A8E0000F2CBCD824F00F03334403930AAB02931C
:10A8F00006AB01930EAB00934A4600231AA912A897
:10A90000FFF72EF883E7B9F1000F83D0EAE76FF085
:10A9100085051AE76FF08B0517E700BF0010C0042C
:10A92000004440042DE9F04F994600239FB0934620
:10A93000DDE92865DDE92A788A46CDE90633CDE9E7
:10A940000833CDE90A33CDE90C33059029B96FF00E
:10A95000860420461FB0BDE8F08F002AF7D00EB95C
:10A96000002DF4D117B9B8F1000FF0D12C9B002BBA
:10A97000EDD048460599FFF7B9FE04460028E8D116
:10A98000014620220EA835F04CFF2022214616A8B1
:10A9900035F047FF0EA82CF00FFA002844D15A4694
:10A9A0005146059816AB00F087F804460028D0D130
:10A9B00016982CF0E4FD04460028CAD115B92C9B4A
:10A9C0001860C6E7BE420AD273199F4207D24545B6
:10A9D000BDD831462A46384635F009FF3E46344B4D
:10A9E000994549D003F54073994520D0314B99459D
:10A9F00054D1454555D82B07A9D12B460122CDE985
:10AA0000006716A90EA8FEF753FF2C9B06461D6093
:10AA100000289ED042460021384635F002FF002330
:10AA20002C9A012E13603FD06FF0920491E70D3DF8
:10AA3000454536D801238DF8283033460DF12902DB
:10AA400006F10C0153F8040B8B4242F8040BF9D1C8
:10AA50001B780D3613704FF48073ADF8363006ABAB
:10AA600001930AAB00932A460023CDE9026716A999
:10AA70000EA8FEF775FFC8E7103D454511D83346CF
:10AA80000DF1280C06F1100E62461868596808335B
:10AA900003C273459446F7D11036E0E76FF08504A2
:10AAA00057E76FF0890454E76FF08B0451E700BF5C
:10AAB0000010C00400444004F0B5164600221C46B5
:10AAC00043688DB01B0A07460D46009204D0012B47
:10AAD00038D06FF08B0071E02246314600962CF0A2
:10AAE00075FD00286AD1F31CC4E9030523F00303B4
:10AAF0006361002E00F0A3802022002101A835F020
:10AB000090FE3146384601AA2CF060FD002840F046
:10AB100096802368019A9A4240F091806368029A75
:10AB20009A4240F08C80A368039A9A4240F0878052
:10AB3000A369079A9A4240F08280E369089A9A4290
:10AB40003CD07CE0032E7FD90B78012B40F087802E
:10AB5000497800294BD0F7390829BAD801A353F80E
:10AB600021F000BFCBAB000889AB0008D3AA0008D6
:10AB7000C1AB0008D3AA0008E5AB0008D3AA0008BF
:10AB8000D5AB0008DDAB00084FF41056F825354F63
:10AB90001C22002102A835F044FE03230197CDE9D1
:10ABA0000435039601AA09AD134603CBAB422060DE
:10ABB00061601A4604F10804F6D100200DB0F0BD22
:10ABC00010274FF08076FA25E2E720274FF0007635
:10ABD000F725DDE7FE25234F234ED9E7FF25214F3B
:10ABE000224ED5E74FF41056FC251E4FD0E72B2EF2
:10ABF0002AD92022204635F014FE05F110032361E6
:10AC0000AB070DD001AB05F1280C1A46286869681E
:10AC1000083503C265451346F7D1286801AD1060B9
:10AC20006B68103E2360AB6869466360EB68204642
:10AC3000A36001236661E3602CF0CDF838B12022D7
:10AC40000021204635F0EDFD6FF08600B6E7009E4E
:10AC5000626906F11C039A42BFF44BAFEFE76FF055
:10AC60009100ABE720000080004400020044000394
:10AC7000B8B1036813F4E07F03F03F00C3F382121E
:10AC80000AD0012A0DD1084B41B103F580530122AE
:10AC900082401A6000207047044BF5E703F500532B
:10ACA000F5E70E20704700BF6880005064800050B8
:10ACB00030B58BB06D46774C0FCC0FC554F8043BC4
:10ACC00068462B604FF07E6393F89C306D46FF2BF7
:10ACD00008BF3F238DF80130FDF7C2FD3220FDF79C
:10ACE000FDFD0FCC0FC50FCC0FC594E8030085E820
:10ACF0000300694BD3F84C21110340F1AE80A3F55A
:10AD0000FE431C884FF6FF739C4208BF8C248DF8CD
:10AD10001940FDF76FFD044484F308045F488DF883
:10AD20001840FCF7AFF96846FDF740FC3220FDF70C
:10AD3000DBFD5B48FDF7B2FE5A48FDF723FF5A4C96
:10AD400001213620FDF7D8F90020FDF7D3FDFDF7EE
:10AD500083FE236F002023F0070343F003032367E0
:10AD6000236F23F4744343F4806323672BF0DEFEE8
:10AD70004E4BD3F8FC20D20173D4D4F8803023F0AA
:10AD8000030343F00103C4F88030D4F88030C4F8E2
:10AD90008030454CD4F8203123F0070343F0020300
:10ADA000C4F82031D4F8283123F0070343F002031C
:10ADB000C4F82831D4F8803123F0030343F00103B1
:10ADC000C4F88031D4F8403123F0030343F0020388
:10ADD000C4F84031D4F8603123F0030343F0020398
:10ADE000C4F86031D4F8403223F0030343F0020387
:10ADF000C4F84032D4F8003223F0070343F00203D2
:10AE0000C4F80032D4F8083223F0070343F00203F9
:10AE1000C4F80832D4F8703223F0030343F001037E
:10AE2000C4F87032D4F8203223F0070343F0010352
:10AE3000C4F82032FDF7A2FB4FF0E0220020136996
:10AE400063F004031361D4F8603223F0070343F086
:10AE50000103C4F860320BB030BDD3F85041E4B206
:10AE600055E7D3F8FC2022F08072C3F8FC20D4F818
:10AE7000802022F0030242F00102C4F88020D4F8BE
:10AE80008020C4F88020D3F8FC2042F08072C3F800
:10AE9000FC207EE7141004080080E00FC017530266
:10AEA00000B4C404C0EA21010080005000ED00E0BD
:10AEB00007B5094B18689A889B7900906846ADF8E9
:10AEC00004208DF80630FDF7F1FF0C20FEF726F880
:10AED000002003B05DF804FB5010040870B503F0C7
:10AEE000BFF90446E8B903F01DFC03F0A3FA4FF4E0
:10AEF000167343430C4A03F5742303F23F23B3FB59
:10AF0000F2F30A490A480B600A230268094D0E68E9
:10AF1000013B45F8046B0E6813F0FF033244F6D191
:10AF20000260204670BD00BF40420F001420002088
:10AF3000E41F0020E81F0020012208B5034B1A700F
:10AF40002DF053F9024B186008BD00BF9E4700204A
:10AF5000E01F002010B503F06DFA04462BF0EAFC68
:10AF6000844207D92DF04DF920B10122024B18601F
:10AF7000024B1A7010BD00BFE01F00209E4700204A
:10AF8000F8B51F4C2378E3B12DF02FF91D4B1E4D62
:10AF90001B68C01A28602B68A3B12B682B6003F0D4
:10AFA00049FA4FF416725043184A00F5742000F223
:10AFB0003F20B0FBF2F02B682B68834204D90023BA
:10AFC0002370F8BD0123E9E71148124E0378296880
:10AFD00056F82320104F511A3A68521A29683A60DD
:10AFE00046F823100A210932B2FBF1F20B4D01336E
:10AFF000DBB22A60B3FBF1F201FB12330370DEE730
:10B000009E470020E01F00201020002040420F003B
:10B010009F470020E81F0020E41F0020142000208C
:10B02000014B1868704700BF1420002070B5022142
:10B030002C2000F0C7F84FF4801204250E4C0F4B63
:10B040000F4E5A6604F500535E672C205D671E673D
:10B050001D6700F0A9F82C2000F098F804F5805343
:10B060005E675D67A36A23F00073A362A36A43F47B
:10B070008053A36270BD00BF0040005A0090005092
:10B08000010000A0064B074A996D11F0050F01D091
:10B09000117811B10028F7D170470120704700BF27
:10B0A0000040005AA0470020154B10B51C6F14F04B
:10B0B00004020FD003F500531A6708229A62FFF7C3
:10B0C00049FF02F0FFFD02F0DFFD012003F0D6FA98
:10B0D0002DF099F8E30706D501220A4B1A67FFF70E
:10B0E0004FFF02F0D1FD14F000521CBF054B1A6750
:10B0F000002CBEBF4FF00042024B1A6710BD00BFCC
:10B100000040005A0060005A6FF00403502110B54F
:10B110000A480B4C13F0800F03F1010206D12344BF
:10B120004C2A83F800131346F4D110BD03F00F032B
:10B13000043B034419761346ECE700BF00ED00E042
:10B1400000E100E0BFF34F8F0549064BCA6802F4E7
:10B15000E0621343CB60BFF34F8F00BFFDE700BF3A
:10B1600000ED00E00400FA0500280CDB012206498E
:10B17000430900F01F008240203341F82320BFF331
:10B180004F8FBFF36F8F704700E100E0002807DBAF
:10B1900001234109034A00F01F00834042F8213097
:10B1A000704700BF00E100E0002808DB01224309EE
:10B1B000034900F01F008240603341F823207047AC
:10B1C00000E100E00028ACBF00F16040064B4FEA10
:10B1D0000111C9B2ABBF00F5614000F00F0080F86B
:10B1E00000131954704700BF14ED00E010B5044679
:10B1F0002BF0FCFB024B1C602BF0FCFB002010BD75
:10B200001820002010B52BF0F1FB034B1C682BF02D
:10B21000F1FB204610BD00BF1820002038B50C46B9
:10B220001546014610B9FFF7EDFF01462B462246B1
:10B23000034808F08BF80028D4BF3720002038BD21
:10B24000417A030810B5002400F024F80348044BA9
:10B2500084604360FFF7CAFF204610BD1C20002019
:10B2600065B2000813B5064C23780093054B1B8884
:10B270002CF003FC10B923780133237002B010BD09
:10B28000A14700206C550020014B1880002070471A
:10B290006C55002008B5074B1A6842B901220820F6
:10B2A0001A602BF0BFFB0449044802F093FB002016
:10B2B00008BD00BF30200020805000202820002042
:10B2C00030B51446054687B010462CF02FFC636954
:10B2D000024683423CBFD4E903315B181B1A7BB1A1
:10B2E0000F49049403910021CDE90131012300931A
:10B2F0002846D4E900132BF0ACFB002007B030BD8A
:10B300000122627694F82D20002AF6D084F8353098
:10B310001321E369204698472046636A9847ECE783
:10B32000C1B200082DE9F04788B004460F46164622
:10B3300098462BF066FB8146002E7AD0237E03F0E0
:10B34000FF02002B00F0A28020462CF0EFFB656985
:10B35000A84205D1637ED4E9033213445D1B01E0AA
:10B36000F9D9451BB54228BF35462BF04AFB94F866
:10B370002D308246002B6DD12A463846616935F062
:10B3800062FA63692E462B44636121E0037803F07F
:10B39000FD0111295BD1216B814205D1A3F111017E
:10B3A0004B424B4184F83430013E6369216B0132DA
:10B3B0008B4203F1010308BF236363619542606917
:10B3C000E4D1D4E90323216B1344994200D12263D1
:10B3D0000025D4E9032361691344994208BF6261DF
:10B3E000207A6576FCF764FA20462CF09FFB6369AF
:10B3F000834232D1257694F82D30E568656103B13A
:10B4000025632046636A9847214B049403930023E5
:10B41000029323692A4601930123009363682168FC
:10B42000207A2BF016FB207AFCF762FA50462BF0BC
:10B43000EEFA4846C8F800602BF0E9FAD8F8003078
:10B44000002B0CBF1B20002008B0BDE8F08707F8D8
:10B45000013BAAE72E460022B0E70123207A23769B
:10B460000DF11E01FCF7ACFA9DF81E30002BDAD06E
:10B470000DF11F01207AFCF77BFA9DF81F100029BF
:10B48000D1D12246207AFFF71BFFCCE71646D0E742
:10B49000C1B200082DE9F0410C461546064686B0BB
:10B4A0004022002120461F4635F0BBF995E80300F5
:10B4B00000232A692376EB6884E80300C4E90423A7
:10B4C0002A7DE36084F82C20AA7D2363012384F87D
:10B4D000343084F835300C9B84F82D2023620D9B8A
:10B4E000E76163620E9BA3622B7A84F836306B7A35
:10B4F00084F837302D4B346073602D4BB3602D4B87
:10B5000033612D4B73612D4BF360FCF79DF938B11E
:10B510002B4B984204D01024204606B0BDE8F081A1
:10B52000002104F10800FCF717F907460028F2D1C2
:10B530004FF00108234B3362234B84F83C80B36106
:10B54000224BF3619DF8403084F8390084F83B3099
:10B550009DF83C30204684F83A30697D84F8388084
:10B560002CF021FB95F90900FFF71EFE95F9090063
:10B57000FFF70CFE164B0494CDE902732369CDE965
:10B5800000836368E2682168207A2BF062FA04463F
:10B590000028C0D195F90800FFF706FE95F90800CC
:10B5A000FFF7F4FD3046FFF721FEB5E7F77B030810
:10B5B00025B300081B7B0308217B03084D7B030890
:10B5C000038000F0F57A0308A77B0308277B0308B4
:10B5D000C1B200082DE9F04101271C465B4B86B043
:10B5E00002935B4B0C9D01935A4B904600930A4685
:10B5F000CDE903772946584BFFF74CFF0646002854
:10B6000040F09B80236839462B6463683A206B6462
:10B61000637A85F84930237A85F84830E37A85F8EB
:10B620004B30A37A85F84A30637B85F84D30237B15
:10B6300085F84C30E37B85F84F30A37B85F84E309E
:10B64000FCF75AFD3B460422617A207AFDF7C2FCE2
:10B650003B460222E17AA07AFDF7BCFC39466068DD
:10B66000FCF74AFD88F8006041462068FDF796FE29
:10B670001420617C394B01F1390252019850607AF3
:10B68000227A03EB411342EA0042C3F83827E17AF9
:10B69000A27A42EA0142C3F8302785F8506098F850
:10B6A0001930032B4FD8DFE803F0394C021C02237A
:10B6B00085F8503000230422E17BA07BFDF78AFC53
:10B6C0000220617C254B01F1B9025201985003EB35
:10B6D000411341F22C71E07BA27B42EA00425A50B6
:10B6E0001CE0012785F8503002220023617B207B7B
:10B6F000FDF770FC617B227B637C42EA014241F2F0
:10B7000028715B0103F1A04303F570335A50042202
:10B71000236803F58053DA65002FCBD1237A2A6C96
:10B7200085F84830637A052185F84930D36C206864
:10B7300043F00403D3642BF058FA304606B0BDE85A
:10B74000F0810027CEE72326F7E700BF257D030819
:10B75000197D0308B17D0308A57D030800C00350CF
:10B7600013B5064C2378009311232CF086F910B9F9
:10B7700023780133237002B010BD00BFA247002020
:10B7800037B5FFF787FD01250E4C0F4A0F492060A2
:10B7900020230095082007F069FE0D4B20466360CA
:10B7A0000C4BA360FFF722FD2BF020F9044629463D
:10B7B000284602F07BF820462BF01CF9002003B04D
:10B7C00030BD00BF34200020A34700207E100408B5
:10B7D00061B70008637E03081A2812D8102814D90C
:10B7E00040F28523A0F11102D2B2D340DB070CD581
:10B7F0000122064B80F020001A70054B18707D2046
:10B8000003E0A0F17D03012BF2D97047CA47002065
:10B81000C9470020F8B50E461446204B00B3204A15
:10B820002049107000221A7022700A704FF6FF72C1
:10B830001D4B1A801B4D2B78EBB91B4F30463988B6
:10B840002CF07DFB164A38801378013BDBB2137075
:10B850006BB901232B703046BDE8F840FFF7BCBF41
:10B860001A78002AE6D01870104B1878F8BD2378A3
:10B8700001332370EFE7012B05D102232B700A4B14
:10B880001888000AE8E7022B04D103232B70064B2B
:10B890001878E1E7FF237E202370E7E7CA470020FE
:10B8A000C7470020C8470020023A0020C9470020AF
:10B8B0002DE9F047394E8846337817465BB9384A48
:10B8C0001370384A1370384A1370384A13704FF6A1
:10B8D000FF72374B1A807D2850D02DD8182851D0B0
:10B8E0001A2852D0314B2E4D1A78DFF8BC9080EADE
:10B8F000020400221A702B78CD2B9CBF01332B70D1
:10B900002B78022B12D9DFF8A8A099F80000BAF81A
:10B9100000102CF014FB2B78AAF80000CD2B9FBF51
:10B9200099F80020023B88F800203B701D4B1A78E4
:10B930001C7089F8002006E07E28D3D1184B1B78B4
:10B940001BB91A4A1370202011E0FF2B1FD0184A90
:10B950001188154A1078134A127802EB002291429E
:10B9600017D1022B17D9CE2B34BF00207A20A0F19B
:10B970002002534253413370BDE8F08720220B4B25
:10B980001A70E0E7FF22064BFAE77420EFE7772012
:10B99000EDE77620EBE77920E9E700BFCB47002011
:10B9A000C6470020C4470020C3470020C5470020E9
:10B9B000003A002008B52CF074FA4FF6FF73002807
:10B9C00018BF0346014A138008BD00BF063A002095
:10B9D00010B5074C208850B12CF063FA2388C01AA8
:10B9E000044B00B21B889842B4BF0020012010BD58
:10B9F000063A0020043A00204FF07E624FF6FF73B3
:10BA00002DE9F041B2F84670B2F84460154D9F42FE
:10BA100008BF4FF4FA579E4208BF4FF4C8762C88EF
:10BA2000DFF8448050B164002C802B88BB4215D9CC
:10BA30002F800023A8F80030BDE8F081B8F800306E
:10BA4000002BF2D02CF02DFAB8F80030C4EBC4046F
:10BA5000C01A80B204EB8004E408E5E7B34238BFC3
:10BA60002E80E6E7043A0020063A002008B52CF0C4
:10BA700018FA4FF07E634FF6FF72B3F854309342DA
:10BA800008BF4FF47A73034413F47F6FC3F30712B4
:10BA900008BFFF22014B1A7008BD00BFCC47002031
:10BAA00010B5084C237843B12CF0FBF92378C3EB95
:10BAB00010131B065CBF002323702078B0FA80F0BF
:10BAC000400910BDCC47002007B502F099FC6A463A
:10BAD00002F0FCFC18B14521034800F01DFBDDE934
:10BAE000000103B05DF804FB9410040808B502F0EF
:10BAF000B7FB18B16D21024800F00EFB002008BD15
:10BB00009410040808B500F053FA0D4A536A43F440
:10BB100070235362EFF308834FF0CD31094A043BA1
:10BB200093420AD22CF00CFB00F094FCFFF7DEFFEE
:10BB3000BDE808400448FDF787BD43F80419EFE766
:10BB400000ED00E000000020B409040807B504225D
:10BB500000200DEB02012FF027FB042803D0F62173
:10BB6000044800F0D9FA019800F020FC03B05DF819
:10BB700004FB00BF941004081028034670B535D0AC
:10BB800020D8032815D9002070BD032202231A49AA
:10BB90001A4D0C680021C8B28442F4D955F820002F
:10BBA00028B1067A9E4202D1467A9642ECD0013103
:10BBB000F1E7421E022A19D8DFE802F0021B160044
:10BBC0000022E3E7A0F12002032ADCD8213B022B6C
:10BBD000F6D801A252F823F0E5BB0008E9BB000843
:10BBE0008BBB00080122D1E70222CFE7002203230A
:10BBF000CDE70122CBE700BFA808040800500020D1
:10BC0000082310B50A0A41400648C9B201F00104F0
:10BC1000490804B14140013B13F0FF03F6D181EA2A
:10BC2000020010BD2083B8ED2DE9F8430025134C28
:10BC3000134EDFF85480134FDFF8509023780BB980
:10BC4000BDE8F88322464146002056F8043B2BF01D
:10BC500000FF227823460134002AFAD15B7853B1E1
:10BC600005F00303032B0CBF3946494600202BF097
:10BC7000F0FE0135E2E73946F8E700BF4816040850
:10BC800000100020A1140408121104080F11040868
:10BC900040F605226A4B2DE9F0411B8893420ED8ED
:10BCA000B3F5206F0DD840F20252934218D040F203
:10BCB0000172934220D040F2015293420AD0BDE873
:10BCC000F081A3F602235F4C032B1ED8DFE803F0BC
:10BCD000376396B25C490020BDE8F0412BF0B9BE55
:10BCE00000205A492BF0B5FE564B1A6C0020BDE8D7
:10BCF000F04157492BF0ADBE524A0020D2E925232E
:10BD0000BDE8F04153492BF0A4BE002052492BF06E
:10BD1000A0FE94F86C309E0703D500204F492BF00D
:10BD200098FE94F86F305D0603D500204C492BF047
:10BD300090FE94F96F30002BC1DA4A49CBE700201E
:10BD400049492BF086FE94F86830980704D000200B
:10BD5000226C3F492BF07DFE94F96830002B04DA09
:10BD60000020626F41492BF074FE00250126404FF0
:10BD7000DFF80881A26E06FA05F3134207D057F8E0
:10BD8000252013781BB1414600202BF062FE0135BF
:10BD9000082DEFD193E7374900202BF05AFE2C49AC
:10BDA0000020226C2BF055FE94F86930590703D51A
:10BDB000002031492BF04DFE94F96930002B04DA54
:10BDC0000020626F29492BF044FE0825284E2B4F96
:10BDD000A36EEB40DA0707D556F8252013781BB180
:10BDE000394600202BF035FE0135102DF0D194F8A6
:10BDF000680000287FF463AF21496DE721490020E6
:10BE00002BF027FE0020226C11492BF022FE10257A
:10BE1000174E1A4FA36EEB40DB0707D556F82520C7
:10BE200013781BB1394600202BF013FE01351A2D73
:10BE3000F0D144E7002014492BF00BFE226C55E7AB
:10BE4000083A0020001000201C1104085A110408B0
:10BE50008B110408A6110408C2110408DB110408A0
:10BE6000161204084A12040887120408AD120408C6
:10BE7000981A0408D4120408EC120408CB1204081F
:10BE800033130408641304087E1304082DE9F04FEB
:10BE90003A4D85B0D5E90D32580748BF0026D5E99F
:10BEA000121B48BFB046D5F83CA05FBFD5F8508004
:10BEB0008B469246324E54BFDFF8E890DFF8E890A8
:10BEC00013F0080F2F4B304A18BF1A46B6EB08077D
:10BED0001FBF64237C0803FB0B44B4FBF7F40CBFC7
:10BEE0003C46A4B24B4629490020CDE9016ACDF871
:10BEF0000080BFB22BF0ADFD23460020CDE90097B6
:10BF000023491FFA8BF22BF0A4FDB24501D8C2459C
:10BF100004D24A4600201F492BF09BFDD5E91703A8
:10BF200018436B6E184309D11B492BF092FD00207A
:10BF30001A4905B0BDE8F04F2BF08BBD0020184921
:10BF40002BF087FD002501270C4EDFF860800024D0
:10BF5000F26D07FA04F3134204D0414600202A1977
:10BF60002BF077FD0134202CF2D12035602D06F125
:10BF70000406ECD100200949D7E700BF00100020DB
:10BF800000100020AD130408B4130408BC13040807
:10BF9000EE1304082814040847140408A214040823
:10BFA0005D140408A8130408A01304088D140408E1
:10BFB00037B5FDF763F905462AF001FEEB072ED4ED
:10BFC000012319461A4601FA02F42C4003F1010339
:10BFD00027D0214B33F812402AF0AFFC062C83B255
:10BFE0001E4A4FEA104022D14FF20F0188421BD166
:10BFF000B3F5406F28BF4FF4C06313804CF23C315F
:10C000004FF00053598040F2017312889A4201BFE9
:10C01000134B144AD2E90001C3E9000117E00022E2
:10C02000D7E7102BCED1D7E74FF4C063E5E740F256
:10C0300007218C420DD14FF20F01884209D1A34252
:10C0400007D14FF000534CF23C315980148003B0BB
:10C0500030BD1480D7E700BF28160408083A002036
:10C060004020002094100020014B1888704700BF2A
:10C07000083A0020014B1888000A7047083A00204F
:10C08000164B1888020A10F0FF00134604D1012A4B
:10C0900023D143F080007047072BFAD801A252F851
:10C0A00023F000BFC9C0000893C00008C5C0000845
:10C0B000D9C00008D9C00008CDC00008D1C0000810
:10C0C000D5C0000809207047184670470320704704
:10C0D0000B2070470620704702207047083A002066
:10C0E000044B05481B881A0AB3F5406F38BF00EBB4
:10C0F00082007047083A0020F8150408044B18889D
:10C10000044B020A53F82230C0B203EB80007047A0
:10C11000083A0020C815040838B504460D460B46F9
:10C120000246074900202BF094FC00F0BFF92AF0EA
:10C1300064FC29462046BDE838402BF00FBF00BF05
:10C14000911404086E4A2DE9F0416E4B55686E4C0F
:10C150005D65516A99656D49D1F80002D865D1F8DD
:10C1600004021866D1F80812586B5966916A10F0EB
:10C17000040F9966D16A4FF00000D966116B1967F8
:10C18000516B5967D26BD8649A67D3E90E1218BF06
:10C1900011465F4A91421A655DD301F12000A04229
:10C1A00059D88869C5F308051864CE69062D5E6400
:10C1B00055D1584DA84252D3574DA8424FD2058869
:10C1C0004DF6426085424AD11868C3F89400586819
:10C1D000C3F8980040F20170A242154604D22E68BE
:10C1E0000432B6F1CD3FF7D00022C3E91F22C3E9E4
:10C1F0002122C3E92322641BDFF818C1424DDFF876
:10C2000018E19C648D422DD8D3E91FC7D3E921657D
:10C21000D3E923414FF0000E013AD2B2FF2A3BD1BD
:10C22000BEF1000F05D0C3E91FC7C3E92165C3E90B
:10C230002341B3F85430C3F308030C2B3AD8022B34
:10C2400053D9DA1E092A50D8DFE802F030563F42AF
:10C250004F4F4F4F4F4C0021C3E910112C494FF461
:10C260002060B9E755F8044D6445CBD37445C9D275
:10C27000E607C7D50026294F57F8048FA045C1D03F
:10C280000136062EF8D12AB1013AD2B203EB82066A
:10C29000F467B7E70522F9E7E0464FF0010EBC4628
:10C2A00037462E4625460C464146B5E740F6012066
:10C2B000BDE8F0813A2B18D1194B9B6913F0020F9E
:10C2C00040F2025318BF1846F2E740F60320EFE7AA
:10C2D00040F2017240F60423B0F5206F14BF1046FF
:10C2E0001846E5E740F60520E2E740F60722013B65
:10C2F0005A2B98BF1046DBE740F60220D8E700BF74
:10C3000000ED00E0001000200010002000E100E03F
:10C310000000002020630008800804087810002036
:10C320000040005B00F00CB800F00AB800F008B85C
:10C3300000F006B800F004B800F002B800F000B851
:10C3400072B61EF0080F09D01EF0040F0DD0DFF8F2
:10C3500050E0AEE8FF1F6FF002000CE0DFF840E0B5
:10C36000AEE8FF1F6FF00E0005E0DFF834E0AEE846
:10C37000FF1F6FF006006946EFF309828EE80700A1
:10C3800086460848084C854501D3A54501D384F36A
:10C390000888FFF7D7FE84F308882BF0E1FD000042
:10C3A0000010002040000020001000204BF6EF623B
:10C3B00083B2002B08BF1346044A000C13804FF6CB
:10C3C000CE2308BF1846024B1880704770550020D6
:10C3D0006E5500200B4BB3F900201888002AB8BF17
:10C3E00080F0620042001A80074AB2F900101388F8
:10C3F0000029BCBF83F4805383F00B0359001180E4
:10C4000058407047705500206E55002008B502F066
:10C410008BFA60B10A4B0344072B0DD8072B0BD8BE
:10C42000DFE803F00C060A080A0A0A045D2008BDCA
:10C430005A20FCE75B20FAE75C20F8E75920F6E792
:10C44000FF1FFF0F024B9A6903F500539A61704773
:10C450000040005B30B50D2485B012482BF050FA37
:10C46000224600210DF1010034F0DBF901238DF8A3
:10C470000030032302258DF80A400B4C6946204604
:10C480008DF80B302AF0F4FB2A20FEF78DFE04F520
:10C4900000532A209D61FEF779FE04F58054E56182
:10C4A00005B030BD581004080040005B01482AF078
:10C4B000CEBB00BF0040005B10B5054C20462AF003
:10C4C00012FC2046BDE8104000212AF0ACBB00BFA2
:10C4D0000040005B024B586800F00100704700BF4D
:10C4E0000040005B10B5094A137813F002040CD128
:10C4F0000749084809780078884206D0064863F062
:10C500007D03048005481370017010BD9A48002017
:10C51000A14800209F480020063A00209E480020A5
:10C52000054B064A19881288914202BF0121044A2C
:10C53000117000221A807047143A0020123A00202D
:10C540009848002007B50346009102223D20034988
:10C550002FF073FB03B05DF804FB00BF0D1B040854
:10C5600007B5064B02221B783D2000930449812326
:10C570002FF063FB03B05DF804FB00BFA44800206C
:10C580000D1B040838B50C4D0C4C2A7823789A42C0
:10C5900000D138BD00210A4830F030FE094B1B881D
:10C5A000834202BF0122084B1A702378013303F043
:10C5B00007032370E9E700BFA14800209C48002042
:10C5C0000C3A0020123A002098480020074B93F9BB
:10C5D0000030002B08DB064A137803F041014029A4
:10C5E00004BF43F005031370704700BFA448002048
:10C5F0009A480020282307B5054A3D20CDE900329E
:10C600000449702302222FF018FB03B05DF804FBED
:10C610003800E00F061B04087028034607B504D154
:10C6200003B05DF804EBFFF7E5BF074A3D20127841
:10C6300006490192064A1278009202222FF0FDFA72
:10C6400003B05DF804FB00BF994800200C1B0408F0
:10C65000A448002008B50A4814F06AFC094814F000
:10C6600067FC094814F064FC084814F061FC0848B1
:10C6700014F05EFCBDE80840064814F059BC00BF49
:10C68000143A0020103A00200E3A00200C3A002004
:10C69000123A00200A3A002008B5CA2200210448B4
:10C6A00030F008FD0122034B1880034B1A7008BDBF
:10C6B000CE470020123A00209848002030B585B0BF
:10C6C000FFF7EAFFFFF7F2FE4FF07E634FF6FF72CF
:10C6D000B3F84C30214D934208BF4FF47A732B804E
:10C6E00000231F4C2380FFF765F9FFF771F900283D
:10C6F000FBD04FF07E634FF6FF72B3F842309342A7
:10C7000008BF4FF4C8632B8000232380FFF7B8FCD9
:10C71000431E144DDBB20A2B134C287018D840F27C
:10C72000035222FA03F3DB0712D50222C12302903F
:10C73000CDE900323D2084230C492FF07EFAFF23FF
:10C740002B70D023237005B0BDE83040FFF752BFF7
:10C75000FFF750FFA023237005B030BD043A00203E
:10C76000063A0020A24800209A4800200B1B04082B
:10C7700037B504460D4614F0D1FD022825D84FF4F4
:10C780008B711B48FFF7C8FC1A4B197801F1400365
:10C79000DBB2022B1FD901F0A003A02B04D00B06A3
:10C7A00019D57E20FFF7CEFE4FF07E63B3F8403000
:10C7B00013B120462BF0FCFBB5B1002221460E48F8
:10C7C00003B0BDE8304030F0ADBC204614F0A6FD0B
:10C7D000CA28D4D8D8E7CDE90014842302223D200A
:10C7E00006492FF02AFADFE72A4621460448E7E700
:10C7F000111B0408A6480020103A0020871B0408DB
:10C800000E3A00202DE9F84FFFF7E2F8A74C40B3AD
:10C810002378580625D599074CBFA54BA54BA64AAA
:10C820001B7812789A4231D00120FFF7E5F8732087
:10C83000FFF7F2FEA14A4FF6FF7113780133DBB226
:10C8400013704FF07E62B2F848208A421BD09342A8
:10C8500019DD51229A4B72201A70FFF7DDFE20235A
:10C860002370984D984E94F900202378002A18DA06
:10C8700013F030030ED01A202BF0B9FB237803F00D
:10C880007F032370EFE7FFF72DFEEAE700228F4BCF
:10C890001A80E6E72A78022AF0D18C4A2B7013809E
:10C8A000E9E72A78012A00F0F1800DD9931E012BC7
:10C8B000D9D83178FF2900F01D81002940F0EE80A1
:10C8C000834B19783246E7E09A0719D578497A4AB6
:10C8D000784892F800C007780A78ACEB0200BA1AE0
:10C8E00002F0070200F00700904298BF81F800C0F4
:10C8F0000A78BA4204D123F002032370FFF742FE04
:10C90000237813F0300F1ED013F0200F704F15D086
:10C91000C2233B706A4B187802237B702378B8706F
:10C9200023F03C0323700320012332462B70684B15
:10C930001978FEF76FFF2BF05AFB94E7C1233B7089
:10C94000FFF79EFBE8E713F00C081FD0614F13F0D0
:10C95000040F39785E4B0FD06039C9B2802019704E
:10C96000FFF7F0FD237803F0F3033A7823705A4B76
:10C970001A7001231846D8E781F080017E201970D3
:10C98000FFF7E0FD237803F0F703EEE79B0732D5CE
:10C99000DFF81CA1514B9AF800701B78DFF840B10A
:10C9A000FF1A2AF02EF8414681464D4830F0B4FB7C
:10C9B000804607F00707B7B948462AF028F8494BE0
:10C9C0004046A3F8008014F0A9FC424B9AF80020DE
:10C9D0001B78013043EA02133D4A43F00803137009
:10C9E000C0B20323A1E74146584630F0EBFB013FBC
:10C9F0008046FFB2DFE7304B4FF6FF7019784FF0FB
:10CA00007E63DB8F2B4F834208BF03233A780B44AE
:10CA1000013B521A5B1A02F0070203F007039A4225
:10CA2000DFF8B08028DC304830F071FBE0B92E48E8
:10CA300030F06DFB01462C4B2C48002908BF1846EE
:10CA40002B4B0021186030F067FB264B188014F048
:10CA500065FC3A7898F80030013043EA02131C4A2A
:10CA6000C0B21370022360E7204830F050FB18B9C1
:10CA7000FFF716F80028DAD1174B1A7898F800302B
:10CA80009A425DD0237843F00803FAE63378FF2B0F
:10CA90004CD032460E49C95C00204AE7114B01399F
:10CAA000C9B2188814F042FE01460BE79A480020EC
:10CAB0009E4800209F480020A14800209B4800205D
:10CAC000A2480020A3480020CD470020063A0020BD
:10CAD000A64800209D480020A04800209C48002037
:10CAE0000C3A00200A3A0020103A00200E3A0020AA
:10CAF00048200020022A1CD1124A00211378013359
:10CB000003F007031370104B186830F077FB0F4BDE
:10CB1000002219880E4830F005FB0E4B1B880BB91C
:10CB2000FEF748FF0C4B1A780C4B1A7000232B7041
:10CB300099E60B4A1378013303F007031370ECE70F
:10CB4000BDE8F88F9F480020482000200A3A0020C6
:10CB50000C3A0020063A00209D480020A048002002
:10CB60009E4800202DE9F04F8046A44F85B0002359
:10CB7000DFF8B892A8F8003099F8003013B93B708C
:10CB8000FFF7CEFCDFF8A8A29D4E0DF10E002BF0B2
:10CB900032FA272800F0A0813A469DF80E000DF1E8
:10CBA0000F013D78FEF784FE2028044630D070B196
:10CBB000FFF7B6FC7A2804D8732878D8272C00F021
:10CBC0008B814FF4AA718F48FFF7A6FAD4E73B7820
:10CBD0009D4205D0022B3FD89DF80F208A4B5A5515
:10CBE000DFF824923B7899F80010884CC02940F077
:10CBF0008380012B40F0CB80FFF7B2FCFFF7B0FC45
:10CC00002BF064F9FFF78CFC23785806AFD4BBE017
:10CC10003B789D42B9D0022B04D89DF80F207A4B67
:10CC20005A55B2E7032B1FD0754B1888784B1B88D9
:10CC30008342AAD114F072FBDFF8C4B1C5B2691CFB
:10CC40005846C9B230F085FB29469DF80F20BBF845
:10CC5000000014F07FFD20E0032B05D06C4B3088E2
:10CC60001B888342BCD1E5E79AF80030684D83B158
:10CC70004FF0000B3388012128462B808AF800B042
:10CC800030F067FB012300935A462988614814F06D
:10CC900011FD30882B888342CCD0202C3FF475AF17
:10CCA0007A2C8ED8732C02D8002C87D198E7743C4C
:10CCB000062C86D801A353F824F000BFD9CC000875
:10CCC000C3CB0008E1CC0008EDCC0008C3CB0008C2
:10CCD000F1CC0008F5CC00087420FFF79DFC4BE771
:10CCE0007620FFF799FCFFF771FC45E77720F8E71E
:10CCF0007920F6E77A20F4E70E0607D4032B46D90D
:10CD00002678730645D4FFF70BFC3DE001F0E00206
:10CD1000802A23D1012B3AD17D20FFF713FCFFF7A6
:10CD2000FFFB267871062FD50225DFF808C13A4AA5
:10CD300099F800309CF80000117803F0070BABEB7A
:10CD4000000E091A0EF0070E01F007018E4529D9D1
:10CD50007820FFF761FCFFF739FC08E7A02A0BD128
:10CD6000012B14D17F20FFF7EDFBFFF7D9FB2678CD
:10CD7000720609D50325D8E77B20FFF74DFCFFF7A6
:10CD8000CFFB23785D06E6D420232370EFE67C20DA
:10CD9000F3E7224B1B78B3EB111F01D0FFF7C0FB69
:10CDA0000125C2E7A5F1020A83451FFA8AFA0DD0D0
:10CDB00000211B488CF800B0017016F002004DD025
:10CDC000184A1180184A12785A4535D1BAF1010F24
:10CDD00039D9124999F800200B78C2F30210984211
:10CDE0006FD10B4D2888002846D12620FFF7EEFB97
:10CDF000FFF712FC262005B0BDE8F08F994800200F
:10CE0000123A0020111B0408A44800209A48002070
:10CE1000143A0020A54800209F4800209D4800208B
:10CE20009B480020063A00209E480020CB47002067
:10CE300098480020A1480020FEF7BCFDBAF1010F80
:10CE4000C7D899F8003013F0080312D1234A1370A1
:10CE5000032D7FF48CAEFFF745FB88E6FEF7CCFD93
:10CE60001F4A13785B4501D0FEF7A4FDFFF78AFB4C
:10CE7000E4E7FEF7FBFDEBE7013303F007030B707C
:10CE80004FF07E63160742BF227842F008022270FC
:10CE9000227822F005022270B3F840300BB12BF05B
:10CEA00087F82B883D20019399F8003002220093E7
:10CEB0000C4985232EF0C1FE2B880020A8F80030F5
:10CEC00099E71207237802D543F008035DE7DB07F3
:10CED0003FF541AF75203CE727208CE7CC47002089
:10CEE0009F480020871B040808B50F4B1B780BB127
:10CEF000002008BD0D4B1A780D4B1B789A42F7D1D4
:10CF000011F09EFF0028F3D10A4830F000F9002804
:10CF1000EED0094830F0FBF80028E9D0074B18782C
:10CF2000B0FA80F04009E4E7CB470020A048002099
:10CF30009D4800200E3A0020103A0020A34800200F
:10CF4000F0B551B1002807DA2D23B0F1004F13706E
:10CF500000D04042012100E0002100252C460E4F68
:10CF6000002357F8046B01E06346801B864203F1FF
:10CF7000010CF9D913F0FF0300D125B14D1C30335A
:10CF80005354E9B201250134E4B2092CE8D1303020
:10CF90005054481CC0B2F0BD8C1B04082DE9F04F62
:10CFA000002495B02146029480461646A1464422AC
:10CFB000274603A802AC9A46254633F032FC317866
:10CFC00059B9641BE4B2224629460020C047002814
:10CFD00040F090803819C0B28DE0252918D0B9F101
:10CFE000000F19D104F8011B12AB9C42C0F0D6808F
:10CFF000641BE4B2294622460020C04701460028AF
:10D0000078D13C4448222846E7B233F00AFCC4E019
:10D01000B9F1000F00D101363278622A48D022D807
:10D02000252A3FD004D8002ACBD04FF00009DBE7F7
:10D03000392A15D82F2AF8D9717801F0DF0158293B
:10D0400040F0DB80322A06F1010940F0C38020461F
:10D0500004223AF8041B2AF0DFFF04464E46E4E7B8
:10D06000582A17D0E1E7632A6BD0A2F1640C5FFA6B
:10D070008CFCBCF1140FD8D80121614B01FA0CF9DA
:10D0800019EA030040F08C8019F4104960D1BCF11A
:10D09000140FA9D1204602221AF8041B2AF0BCFF63
:10D0A0000446C2E7214601F8022B62700C46BCE739
:10D0B0004FF00009DAF800300DF1480B0193DAF86F
:10D0C00004300093009B994502D10AF1080AACE7AD
:10D0D000019B2046022213F809102AF09DFF5845B3
:10D0E000044612D3441BE4B2294622460020C0471E
:10D0F000014618B1002015B0BDE8F08F3C4448222D
:10D100002846E7B233F08DFB2C46009B5A1E4A4559
:10D1100084BF202204F8012B5C450FD3641BE4B2CA
:10D12000294622460020C04701460028E2D13C445F
:10D1300048222846E7B233F074FB2C4609F1010976
:10D14000C0E7534653F8042B9A4604F8012B6CE7CA
:10D15000D146641BE4B22246294659F804ABC047C5
:10D1600083460028C6D101463C4448222846E4B202
:10D1700033F057FB5FFA8BF31AF803005F460BF1AD
:10D18000010B0028F6D1FFB23A465146C0470028AD
:10D19000B0D1CA4681463C44E7B22C4601360EE780
:10D1A0006C2ADAF800000AF104090FD17378752BA4
:10D1B00001D0642B04D1B3F1750118BF01210136F0
:10D1C0002246FFF7BDFECA4604442EE7752A08BF73
:10D1D0000021F5E7342A10D1564656F804AB042254
:10D1E0004FEA1A4120462AF017FF1FFA8AF104225B
:10D1F0002AF012FFB246044630E74FF00109F3E689
:10D200000101020073B50024684600F0E7F90C4BF9
:10D2100000981C600B4B0C4D1C600C4E0C4B30608E
:10D2200018602C602AF07BFF2046019B3268083B87
:10D23000DB0853802B6801332B6002B070BD00BF48
:10D24000502000204C200020542000205C20002092
:10D25000582000202DE9F04F0026154689B04A1CC1
:10D260000C4614BF89464FF0080998460796002BD4
:10D2700000F0DB801E60002800F0D980C71D29F077
:10D28000C0FB27F0070B07AB2146039000932A460B
:10D290003346584600F0ACF9079C064604B130B955
:10D2A000039829F0B4FB192009B0BDE8F08FDFF82E
:10D2B0009CA16288DAF80010D300C0EBC2020139E9
:10D2C000272A0493CAF8001040F28280002D5AD118
:10D2D00083450BF1080551D0494620462AF0AEFEA1
:10D2E00081460790079A02EB050B58462AF017FF74
:10D2F0000799C5F3CF054A88ABF80450521BABF829
:10D300000220CA88002A3BD0551BADB201EBC202F5
:10D31000ABF8065095808A884849A9F80420BBF8E4
:10D320000420FF08A9F806200A68A9F802709442B0
:10D3300008BFC1F800B042490A68944201D1C1F85F
:10D3400000B099F8002042F0010289F80020DAF8D4
:10D3500000200132CAF800203A4A03981368334487
:10D360001360394A11688B4288BF136029F04FFB64
:10D3700009F108030020C8F8003095E7A146B1E79D
:10D38000ABF80620C7E704EB0209484605922AF0ED
:10D39000C6FE079C059AF108E088A9F80210D1089A
:10D3A000A9F8041088B1049BC3EBC0013144C1F358
:10D3B000CF0104EBC000A9F806108180083AD2081A
:10D3C0006280B9F80420E280BBE7A9F80600F5E71F
:10D3D000012D2ED104F10802B2FBF9F109FB112253
:10D3E0004AB3494620462AF029FE814699F8002092
:10D3F000DAF8003042F00102104F114D89F8002098
:10D4000083B13B689C4204D14946002000F038F9C2
:10D4100038602B689C429FD14946012000F030F9CA
:10D42000286099E73B602B6096E722203CE72120AB
:10D430003AE78345D5D1A146D8E700BF5C2000205C
:10D4400058200020502000204C2000205420002094
:10D450002DE9F7430446684600F0C0F8002C00F0C0
:10D46000B18029F0CEFA14F808CC81461CF0010FE7
:10D4700000F0AA8034F8061C002900F0A580534D66
:10D4800034F8047CD5F800E04A1C0EF10103A4F145
:10D49000080692B22B60002F37D0A6EBC70393F893
:10D4A00000800CF0020C18F0010F20D1BCF1000F2D
:10D4B00020D15A88023111448AB2C5F800E034F80C
:10D4C00002CCBCF1000F22D114F8085C511E6FF39E
:10D4D000000504F8085C002589B224F8065C598030
:10D4E000197865F3000119700021D9802FE0BCF193
:10D4F000000F0AD014F8081C17446FF3410104F818
:10D50000081C0021BAB29980D9E73346D7E706EB69
:10D51000CC01DDE900700744B942D5D216F83C6071
:10D5200016F001072ED014F8085C6FF3000504F81C
:10D53000085C002524F8065C541E5C801C7865F3AA
:10D5400000041C70CC1AC4F3CF04DC808C80204C07
:10D55000216819B1994201D8498801B923601D4C4D
:10D56000216819B1994201D3498801B923601A4948
:10D5700048460B689B1A0B6029F049FA002003B05B
:10D58000BDE8F0834E884F8001363244CE8892B297
:10D59000B6B101EBC6012E68013E2E6014F8085C9E
:10D5A0006FF3000504F8085C002524F8065C541E9F
:10D5B0005C801C7865F300041C700029C2D193E7DD
:10D5C0003146E8E72220DAE70120D8E7542000209E
:10D5D0005C20002058200020502000200249034AEF
:10D5E0000160521A42607047C861002000000420A8
:10D5F000F0B54C1C074608BF0821AAB91E480468AC
:10D60000002C37D06688DB0003EBC606C1F1000CA6
:10D610002078C0070AD52ABBE08850B304EBC004C9
:10D62000668803EBC606F3E71448E8E7BE42F2D388
:10D6300062B904F10805B5FBF1F001FB1055E819DA
:10D640000DB1B042E8D8059B1C60F0BD08290ED092
:10D650006588013504EBC505E81B00EA0C00281AB3
:10D660008642F0D2A08820B1A4EBC004D8E73846A7
:10D67000E9E704462046E6E75C2000205820002029
:10D6800013B50446084621B96846FFF7A7FF6CB9F1
:10D6900000980378DA0707D55CB9C3889BB100EB23
:10D6A000C3000378DB07F8D402B010BD164B18682E
:10D6B000EFE7012C07D183882BB1A0EBC3000378DF
:10D6C000D907F8D4F0E76846FFF788FF00230098F1
:10D6D0000278D2070CD4002CE6D0C388002BE3D00C
:10D6E00000EBC30210F83330DB0706D503461046C3
:10D6F000C28822B100EBC200EAE71046EDE7002B3A
:10D70000E6D01846D0E700BF58200020054B1A7815
:10D710002AB95B78002B0CBF032002207047012040
:10D72000704700BFB34800200329F8B598BF124BDB
:10D7300005460E468CBF00245C5C032805D8DFE854
:10D7400000F002080B0E44F002040C4B1F684FB9A6
:10D75000F8BD44F00804F8E744F02004F5E744F08D
:10D760008004F2E77B681A68144203D031462846E9
:10D770005B6898473F68EAE7B01B04088C200020EC
:10D7800038B5104D2B78ABB10F4C23781BB100F09E
:10D79000D9FB00232370002000F0FCFB0B4C50B1A0
:10D7A00000F002FC0023012120782B70FFF7BCFF62
:10D7B0000123237038BD0122054B1A702278054BD6
:10D7C0001A70F7E7AE480020AC480020B5480020AA
:10D7D000AF480020B048002010B529F007F9064BEB
:10D7E00004461B781BB1BDE8104029F003B9FFF7D0
:10D7F000C7FF2046F7E700BFAB480020094A13786F
:10D8000030B101331370084B1B78012B03D87047DC
:10D81000013B13707047054B1B780BB9FFF7B0BF86
:10D82000704700BFB3480020B5480020AF48002033
:10D8300070B529F0DBF8174E05463378E3B900F0F0
:10D840000FFD044620B1284629F0D4F8204670BDCB
:10D8500000F04EFF104829F0DDF801F025F80F4BDD
:10D860001C6000F0E7FD0E4B0E4A1860536F43F04A
:10D87000010353672AF06BFC00F058FA2AF062FCAF
:10D88000094B0024186001232846337029F0B2F8B0
:10D89000DCE700BFB64800208C200020602000207C
:10D8A0008820002000400050642000202DE9F8432B
:10D8B000284A0138135C39B1274F013339781354A2
:10D8C000012904D8BDE8F883013B1354FAE7FFF7B8
:10D8D0001DFF0128044635D829F088F8DFF8848038
:10D8E000054698F8003013B31C4E33781BB901225B
:10D8F00032701B4A1370DFF8709099F8003023B132
:10D9000000F020FB002389F80030284629F072F847
:10D91000012000F03FFB29F069F8337805461BB180
:10D9200000F042FB00233370002388F800302846C3
:10D9300029F060F83878A042C4D02146FFF7F4FE01
:10D940003C70BFE70329F5D10228F3D12AF0FEFB92
:10D95000F0E700BFB3480020B5480020AB480020E6
:10D96000AF480020AE480020AC48002010B5044667
:10D9700029F03CF8002C0CBFFF210121064A137846
:10D980000B44DBB21370B3FA83F3BDE81040034AD3
:10D990005B09137029F02EB8B2480020B14800206E
:10D9A00038B529F023F8094B05461B78012B04D81C
:10D9B00029F020F80024204638BD054B1C6800F0F3
:10D9C0004DFB0444284629F015F8F4E7B54800203B
:10D9D0006020002038B54160044629F007F805466C
:10D9E0002146044829F019F82846BDE8384029F0B6
:10D9F00001B800BF8C200020054B1B685843054B25
:10DA000000F5742000F23F20B0FBF3F0704700BF38
:10DA10008820002040420F002DE9F04F85B0EFF341
:10DA2000108772B6AFF3008028F016FE00286FD082
:10DA30007F4EDFF82882337823B10020FFF7DEFE27
:10DA400000233370FFF762FE0446002867D0841E6F
:10DA5000E4B2012C6AD9FFF759FE01280546754C3E
:10DA6000DFF8FC9100F28C802078854240F0C48081
:10DA7000207800F0DDFA99F8003013B16E4B1B7876
:10DA80002370AFF3008007B962B6EFF3108772B668
:10DA90006A4B1A7852B100221A70674B20781B78B3
:10DAA000984203D101212170FFF73EFE644800F047
:10DAB00011FC28F0E5FD05460028BCD1614BDFF8DC
:10DAC0009081187098F80030ABB189F80000DFF849
:10DAD000889199F800301BB100F034FA89F80050B1
:10DAE000002000F057FA002800F0998000F05CFA5E
:10DAF000002388F80030337823B10020FFF77EFE42
:10DB00000023337000212078FFF70EFE00232370DE
:10DB1000AFF3008007B962B605B0BDE8F08F337887
:10DB2000002B98D0FFF76AFE347094E7002003A919
:10DB300000F020FC044600288DD1D8F80030039A6C
:10DB40009A4205D80120FFF759FE0123337082E77E
:10DB50003D4B1D6800F082FA039B05449D42F1D2C3
:10DB600000F092FA8200039942F0020292B2CDE9EB
:10DB700000422346354A491B31482AF0F3FA6AE746
:10DB8000334BDFF8C0A01B7803F0FF0B2BBB00F07A
:10DB900057F9207885422FD19AF800307BB92C4D67
:10DBA0002B78002B7FF464AF2A4B1B7823B900F04D
:10DBB000C3F90122284B1A7001232B7058E7022D5C
:10DBC000EDD18AF800B014E02378022B24D1002391
:10DBD0008AF800302DF095FB1EE0207885420BD1AD
:10DBE0009AF80030002BDAD0022DD8D100238AF821
:10DBF00000302DF086FBD2E70023DFF848A08AF83A
:10DC0000003099F8003013B92946FFF78DFD9AF8D6
:10DC100000302570002BD7D1012DC0D828E7012076
:10DC200000F006FA07B962B6EFF3108772B657E74D
:10DC3000AD480020B5480020B0480020A948002089
:10DC400068200020B148002060200020D9D70008BB
:10DC5000AE480020B2480020AC48002064200020DC
:10DC6000AF48002010B528F0C1FE0022054B1C78FB
:10DC70001A7028F0BFFE00F0F5FCE4B22043C0B2F9
:10DC800010BD00BFAA48002010B5094B1B786BB12E
:10DC9000084C237853B100F087F90023064A23701B
:10DCA00013700123054A1370054A137010BD00BF9D
:10DCB000B5480020AF480020AE480020AA48002008
:10DCC000A9480020034B1B7813B10122024B1A70A4
:10DCD000704700BFB5480020AF48002073B5114E13
:10DCE0000446337883420FD04FF400730E4DADF8E5
:10DCF000043058B101A8FAF7C3FF4020FFF77CFEBB
:10DD00002B68181A2860347002B070BD8DF80500B9
:10DD100001A8FAF7B5FF4020FFF76EFE2B68184404
:10DD2000F0E700BFAB5500209020002073B5002421
:10DD300001A88DF80440FBF759F82046FFF7CEFF05
:10DD4000364A3749136F374803F007030B60D2F8A0
:10DD50000011354C01F0030101604FF4801033498C
:10DD6000032B48664FF40030486601F59831896905
:10DD700001F00200C1F34001217046D0D2F82031F9
:10DD800003F00703991E4B424B41D2F82811284D4E
:10DD900001F00701022908BF43F0010325490B7078
:10DDA00058B33BB9D2F8003103F003035A1E534273
:10DDB00053410B70194BD3F8003103F00303022BCE
:10DDC00025D0032B26D0012B17D1F9F755F90246A0
:10DDD00098B1194B194EDC6800231946C4F30B04A3
:10DDE000013404EB84040138E4FB060128F0F6F961
:10DDF000FFF702FE2B6803442B601F20FFF7FCFD9A
:10DE00002B6803442B6002B070BD0123BDE7F9F716
:10DE10008FF9DCE728F089FDD9E700BF00800050CA
:10DE20009420002098200020B94800200090005045
:10DE300090200020BA48002000C0015040420F004E
:10DE4000074A0849D2F8203103F007030B60D2F8E3
:10DE50002831054A03F00703136028F080BE00BF95
:10DE600000800050A02000209C20002008B5164B08
:10DE70001A7822B300221A70144B1A6F22F007028C
:10DE800042F001021A67D3F8202122F0070242F083
:10DE90000302C3F82021D3F8282122F0070242F020
:10DEA0000302C3F828210A4B1B7833B10122094B26
:10DEB0005A60094A53689B07FCD4F9F7C7F8012256
:10DEC000064B5A6708BD00BFB848002000800050CC
:10DED000B948002000E0015000C001500060005A25
:10DEE0000122114B10B55A67104B114C1B78A3B18E
:10DEF00002202AF097F980B100F06CFA68B1A36DA6
:10DF0000D90302D5E36D9A0703D4094B9B6DDB0758
:10DF100004D54FF48032044B9A6210BD0122054BA8
:10DF20001A70FDF709F8F4E70050005ABA480020CB
:10DF30000040005AB74800200122014B1A70704778
:10DF4000B84800200F4B10B51B7883B10E4C2378D6
:10DF5000A3B90E4B9A6DD10302D5DA6D920702D4A4
:10DF60009B6DDB0704D54FF48032094B9A6210BDDC
:10DF7000FCF7E2FF4FF48032054B9A6200232370D6
:10DF8000F5E700BFBA480020B74800200040005A1B
:10DF90000050005A034B1B780BB1FDF773B80120FA
:10DFA000704700BFBA48002008B528F0D9FD174BCC
:10DFB0001B7833B10122164B5A60164A9369DB076E
:10DFC000FCD5154B15491A6F096822F007020A4360
:10DFD0001A671349D3F82021096822F007020A437F
:10DFE000C3F820210F49D3F82821096822F007023D
:10DFF0000A43C3F828210C4B1B781BB14FF4803225
:10E000000A4B9A62BDE80840F9F720B8B9480020E9
:10E0100000D0015000C0015000800050942000202A
:10E02000A02000209C200020BA4800200060005A58
:10E0300002280AD003280BD001280CD1064A136904
:10E0400023F00403136130BF70470020FAF724BEA9
:10E050000020FAF747BE704700ED00E008B5054B19
:10E06000187818B1FCF7DCFF00EBD000024B1B68FE
:10E07000184408BDBA480020902000200122014B1E
:10E080001A707047BA480020014B1878704700BFDB
:10E09000BA4800200222014B1A6770470040005026
:10E0A00038B500F057FB0025084B094C1A68236867
:10E0B000C31A2AB123B15169994203D3C91A5161D4
:10E0C000206038BD55615B1A9268F2E7AC200020F1
:10E0D000A8200020C38870B504460D463BB9FFF761
:10E0E0005FFC8542064602D22AF01FF835460E49EB
:10E0F00065610B688BB90C60A3600DE0AD1A9A687E
:10E10000184665616AB113465A69AA42F6D930B118
:10E110008460521BA3605A6170BD0020F4E70C605C
:10E12000F7E79C60A260F7E7AC20002038B5134DFC
:10E130002B685B6993B1124A022014681C442AF0D0
:10E1400068F8204600F03AFB00230E492A680B705D
:10E15000D088800709D501230B7038BD02202AF032
:10E1600058F8022000F078FBEEE79268002AF4D01D
:10E1700050690344012BEBD9EFE700BFAC2000202E
:10E18000A8200020BC480020F8B515469DF81C20AA
:10E19000BDF820700271069A0446026000220E4605
:10E1A000C0E903358260C780ADB900F0D3FA3044CE
:10E1B000A0615EB13546062F1FD1194A2846936AE1
:10E1C00043F00803936200F0CDFA02E0E368666171
:10E1D0007BB90020F8BD00F0BDFA2844A061002EF4
:10E1E000E8D1E3686661002BE5D0204621689847B6
:10E1F000E1E7204621689847EBE728F0F7FB064661
:10E20000FFF74EFF29462046FFF764FF054B1B68CA
:10E21000A34201D1FFF78AFF304628F0EBFBD8E795
:10E220000040005AAC20002000220C490B687BB152
:10E2300083420AD183687AB1936083681BB15A69BB
:10E2400041690A445A61002070471A469B68EEE70C
:10E250000028EFD0022070470B60EEE7AC200020D2
:10E2600070B528F0CEFB144E05463478FCB9134B3C
:10E270001C60134B1C60134B1C8000F005FA01203E
:10E2800029F0C7FF00F0F0FA0F4B0246186020B9E2
:10E29000284628F0BCFB232070BD234640F2E7311E
:10E2A0000A4827F09BFF0A4B186001233370284669
:10E2B00028F0ADFB0020EFE7BD480020AC20002097
:10E2C000A8200020163A0020B020002018FCFFFFF4
:10E2D000A4200020C38870B5062B044601D100F0AD
:10E2E000CFFA28F083FB134E0546FFF7D9FE3368BB
:10E2F0002046A34208D0FFF797FF0446B0B1284656
:10E3000028F078FB204670BDFFF78EFF04460028FA
:10E31000F5D133683BB9022000F088FA284628F08E
:10E3200069FB0024EEE7FFF701FFF7E73368002BF6
:10E33000F4D1F0E7AC20002038B50C460546A8B172
:10E34000A1B100230B7028F05CFB0121084B1B6876
:10E3500033B928F05CFB002038BD9D4204D1217008
:10E360002278002AF9D0F4E79B68F1E72220F3E74E
:10E37000AC200020F8B506460F4628F042FB0025E9
:10E380000446124B1B6823B9204628F040FB1B2093
:10E3900011E05A691544DA88B2420DD100F0DAF979
:10E3A0000B4E3368C01AA8420AD3002320463B60B4
:10E3B00028F02DFB0020F8BDFF2EEFD09B68E2E790
:10E3C00000F0C8F933682B441B1AEFE7AC2000209B
:10E3D000A820002008B5084B1B7803F0FF004BB1C4
:10E3E00029F003FF054B1B689B69C01A02288CBFEC
:10E3F0000020012008BD00BFBC480020AC20002048
:10E4000070B528F0FEFA064600F0A4F9084B044661
:10E410001D880120ADB229F005FF18B100F09AF96E
:10E4200004460135304628F0F2FA2046294670BDF0
:10E43000163A0020014B1868704700BFB02000203A
:10E44000F8B50C4B05461B680E4683420FD30024DB
:10E4500040F2E7302146084B4FF47A721F680023E0
:10E46000E5FB070127F0BAFE30602046F8BD212009
:10E47000FCE700BFA4200020B0200020014B18685A
:10E48000704700BFA42000200F4B10B51A689AB146
:10E490004FF47A71531E1342A0FB01010ED1B2FA60
:10E4A00082F2C2F11F04531CD243E04001FA03F38D
:10E4B000184321FA02F20243104610BD002327F050
:10E4C0008DFE0246F8E700BFB020002038B5154B9E
:10E4D00014468342144B8B4121D3144B1A68F2B17A
:10E4E0004FF47A75A0FB050305FB0131531E13425F
:10E4F00011D1B2FA82F2C2F11F05531CD24301FAC4
:10E5000003F3E84021FA02F218431043E940C4E95A
:10E510000001002038BD002327F060FEF7E721202E
:10E52000F8E700BFEFA7C64B37894100B0200020B5
:10E53000C2072DE9F04704460BD5474A138801333B
:10E540009BB21380FFF7ACFD444B1B680BB1FFF788
:10E55000EDFDA3077ED528F054FA4FF000090546DB
:10E560004E46FFF79DFDC8463C4F3C680CB16369C1
:10E570008BB100223A4B012E1A7003D119F0020F11
:10E5800018BF1E70002C61D0FFF7D0FD2846BDE8F3
:10E59000F04728F03CBA23465A693AB91A792179EA
:10E5A000914288BF1C469B68002BF5D1284628F075
:10E5B0002EFA2569DDB100F0CDF8A269A0EB0209C1
:10E5C0004FEAE9734D4578EB030311DA23691344ED
:10E5D000A361E368B4F80690013613B120462168C0
:10E5E000984728F00EFA0546FFF75AFDBDE7A94601
:10E5F00028F007FA82462046FFF716FE504628F01C
:10E6000006FA2369002BE4D0A38BB5EB090533B1DF
:10E61000E28B13449BB2B3F57A7F0FD2E38328F0E9
:10E62000F0F9814629462046FFF754FDA369226987
:10E6300048461344A36128F0EAF9CAE7A3F57A73C0
:10E64000E383A369013D013BA361E8E7022000F0F9
:10E65000EDF89BE7BDE8F087163A0020AC200020DB
:10E66000BB48002010B528F0CCF9034B1C7828F0EB
:10E67000CEF9E4B2204610BDBB480020014B187013
:10E68000704700BFBB48002010B50123002486B0AE
:10E690001548ADF80830CDE903448DF804408DF8F5
:10E6A0000A40059429F02CF901A8FAF761FF2046E9
:10E6B00002A98DF80840FAF76BFF20460F21FAF700
:10E6C00089FF0F212046FAF78BFFFAF737FFFAF799
:10E6D00013FF064B43209C61FCF766FD4320FCF7CB
:10E6E00055FD06B010BD00BF6010040800800A5040
:10E6F00008B50A4829F004F940F60152002101202A
:10E70000FAF79EFD4FF496720021012028F04BFA93
:10E71000034A936C43F48073936408BD6410040847
:10E7200000800A5008B5094829F0EAF840F601626D
:10E7300000210220FAF784FD4FF49272002102209A
:10E7400028F031FA024B9A6C9A6408BD64100408F0
:10E7500000800A5008B5FAF7CFFE014B986908BD52
:10E7600000800A5038B5044628F040F90546FAF70B
:10E77000C3FE104B022C9A694FF001018CBF121995
:10E780000332B2F1FF3F38BF013A0020FAF746FFEB
:10E79000284628F02FF908490B7853B1054B9A6C9D
:10E7A00042F002029A649A6C42F004029A640023D6
:10E7B0000B7038BD00800A50AC550020F8B50446F7
:10E7C00028F014F90746FAF797FE164B9D6929F0D1
:10E7D0001CFD06460020FAF709FF830704D4731BCB
:10E7E000032B01D8AE420FD10021631B022B98BF2F
:10E7F000EC1C0846B4F1FF3F2CBF2246621EFAF71C
:10E800000DFF022029F005FD384628F0F3F8064AEE
:10E81000137833B103498B6C43F001038B640023FD
:10E820001370F8BD00800A50AD550020830700F03A
:10E83000010109D50122064B41F002011A70054A77
:10E84000936C23F0010393640020FAF7C3BE00BF6A
:10E85000AD55002000800A50830742BF0222014BC1
:10E860001A64704700900A5007B5044B01A9187943
:10E8700029F041F8019803B05DF804FB6C1004081E
:10E8800007490B7853B9074B9A6C22F002029A643D
:10E890009A6C22F004029A6401230B70704700BF47
:10E8A000AC55002000800A500A4B10B5D3F8403216
:10E8B00003F00303013B012B0BD828F097F8044623
:10E8C00001210220FEF7F2FF2046BDE8104028F0AB
:10E8D00091B810BD0080005024282DE9F341054671
:10E8E00004D82C46204602B0BDE8F08100240B4E2F
:10E8F0000B4FDFF830800023CDF800801A46194610
:10E9000038682CF0AEFA8442EBD2252CE9D056F8C8
:10E91000043BAB42E6D00134EDE700BF301F0408F2
:10E920005C500020FFFF0F002DE9F04F634E644D57
:10E930003168286889B005F0E3FE0446002827D036
:10E9400033680024D3E900019A691268904733685C
:10E9500004A89B699B689847336802209B69DB6821
:10E960009847326805985368E7B2B3FBF0F3BB42AF
:10E97000916904F101044CD8CB68002098473368B2
:10E980009B695B6898473168286805F0B9FE0446C2
:10E990000026DFF848914B4FDFF84481DFF844A1AF
:10E9A000F4B9494B28689B5D002B00F08280D7F8B2
:10E9B00000B002AB594603AA06F038F9504507D01B
:10E9C00070B9039B012B0BD05946286806F072F9E9
:10E9D000D9F8003059461A68286806F057F80446F6
:10E9E0000136252E09F1040907F1040708F1010891
:10E9F000D6D1B4FA84F3354A5B0913702B681B7CBB
:10EA00001BB1C5213248FDF787FB204609B0BDE8A0
:10EA1000F08F12680B6907FB00209847A1E73B685D
:10EA200003AA194402AB019106F000F950450346D0
:10EA300001992ED028682BB30BF1010B009B5FFAD4
:10EA40008BF199422868EAD3224B9B5D002BC7D0FB
:10EA5000DDF800B05FFA8BF37E2B2868C0D83968E8
:10EA600002AB594403AA009106F0E0F85045B7D034
:10EA70000099286806F01EF90BF1010B04460028E6
:10EA8000E8D0ADE7039B7BB998F80020029B9A423F
:10EA9000D2D098F80030D9F80020286805F00AFF95
:10EAA0000028C9D00446CFE7019106F003F9019987
:10EAB000EFE7094BA3469B5D0093BFE73C50002066
:10EAC0005C500020301F0408091F0408BE480020C5
:10EAD000C41F0408E41E04089A1E0408B41B04089A
:10EAE000BF1E04080BE000F0F8B50D4616461F46A1
:10EAF000FFF7F2FE242804461CD8164B1B780BB3F4
:10EB0000154B1868154B53F82410154B1B5D3BB182
:10EB1000324606F007F80446A0B129F0DBFB12E00C
:10EB20007F2D08BF00253B46324651FA85F105F09E
:10EB30000BFFF0E7FF2808D981B23B463046EAB226
:10EB400029F02BFA00242046F8BDFB210548FDF7EB
:10EB5000E3FAF7E7BE4800205C500020301F0408AD
:10EB6000091F0408C41F0408F8B50D4616461F46C1
:10EB7000FFF7B2FE242804461CD8164B1B7803B3BB
:10EB8000154B1868154B53F82410154B1B5D3BB102
:10EB9000326805F07BFF044698B129F09BFB11E039
:10EBA0007F2D08BF00253B46324651FA85F105F01E
:10EBB00081FEF0E7FF2807D93A46314680B229F0B6
:10EBC000F5F900242046F8BD40F235110548FDF75F
:10EBD000A3FAF6E7BE4800205C500020301F04086E
:10EBE000091F0408C41F040810B5FFF775FE0A4B7F
:10EBF0001B7813B90024204610BD084B002253F89F
:10EC00002010074B186805F0CBFF04460028F1D010
:10EC100029F060FBEFE700BFBE480020301F04086A
:10EC20005C50002073B516461D46002B71D04BF288
:10EC30003463984210D1082D28BF082536492A464A
:10EC4000304631F000FE2A463046344931F0BFFDEF
:10EC500030B3002002B070BDC9B27F2980B208BFB6
:10EC60000021984218D17F2241F202016846082310
:10EC700029F093F908226846284931F0A8FD30B9F7
:10EC800008237F2241F2F011684629F086F96B468D
:10EC900003CB30607160DCE741F2F01398421CD185
:10ECA0001F4B701E996CDA6C2B462C1F013B9C424B
:10ECB00000F8011F4FEA11210CD1002CC9D0042308
:10ECC000D9B20729F2544FEA1222C2D001339D4231
:10ECD000F6D1BEE7002BE9D1BBE700F47043B3F5F2
:10ECE000805F0AD1C0F30B0404F17E642A463046EB
:10ECF00005FB014131F0A7FDABE700F46043B3F53C
:10ED0000005FA6D1C0F30B0404F1016404F5FC24F8
:10ED1000ECE721209EE700BF0200E00FC6200408B8
:10ED20000080E00F08B5520829F0D5FA30B1BDE8EF
:10ED3000084040F26F110248FDF7EEB908BD00BF70
:10ED4000422004082DE9F7430446E0070F46154624
:10ED500004D540F2C5113848FDF7DEF9E90704D5BE
:10ED60004FF4E3713448FDF7D7F904F47043B3F579
:10ED7000805F41D1C4F30B04304A04F17E646B1E02
:10ED80002344934232D82646DFF8AC9006EB0508C0
:10ED9000464546D1A2070ED04FF6FF7337F8022B37
:10EDA000A01E43EA024304220DEB02010193FFF788
:10EDB000B9FF0234023DAB070ED0023D25F001033E
:10EDC000FB5A04226FEA03436FEA13430DEB02017F
:10EDD00060190193FFF7A6FF25B12A463946204660
:10EDE000FFF7A0FF002003B0BDE8F08340F2CB1195
:10EDF0001148FDF791F9C6E704F46043B3F5005FED
:10EE000006D1C4F30B0404F1016404F5FC24BAE751
:10EE10004FF4E9710848FDF77FF96FF00F06002401
:10EE2000B2E716F8013BFF2BB2D04FF4EE71484623
:10EE3000FDF772F9ACE700BF42200408FF03E00FC2
:10EE400010B50446F8F702F90C4BA0F57A729A4215
:10EE500012D84FF47A73B0FBF3F05C43084BB3FB6A
:10EE6000F0F3B4FBF3F0022806D9BDE81040032309
:10EE7000B0FBF3F0F7F754BA10BD00BFFFC99A3BDF
:10EE800040420F002DE9F04FE2289FB02CD8DC283B
:10EE900008D8702800F0CC80C03883B2092B0AD97A
:10EEA00000205CE0DE38042800F29680DFE800F005
:10EEB0009FA6B1B6BD000928F2D801A353F820F0EF
:10EEC000CBEF0008A1EE0008A1EE0008A1EE0008BB
:10EED000A1EE0008A1EE000865EF0008A1EE000811
:10EEE000B5EF0008FBEE0008F52800F0A480B0F5AF
:10EEF0008C7FD5D10DF082FE2EE02DF096FD0446DC
:10EF000009A82DF0F7FE0FF0B3FF05462DF079FDAF
:10EF100006462DF076FD07462DF073FD0DF11C0A17
:10EF20008046514608200DF1300B0FF0A9FF5946DD
:10EF300010200FF0A5FF2DF078FD81460FF098FF0F
:10EF40003346CDE904902A462046CDE902ABCDE90F
:10EF5000007809A90DF002FD0FF0A8FF01201FB0F5
:10EF6000BDE8F08F0FF084FF04460FF081FF0546E7
:10EF70000CA82DF0BFFE0FF07BFF06460FF078FFC8
:10EF800007460FF08BFF80460FF072FF81462DF091
:10EF900038FD291E18BF0121CDE90290201E3346FD
:10EFA00018BF0120CDE900780CAA2DF088F82DF0CB
:10EFB00032FDD3E70FF05CFF0CA90DF01DF92DF029
:10EFC0002AFD0CA82DF0D0FEC8E70CA82DF092FE6B
:10EFD0000CA80DF069F9BFE70FF04AFF0CA90DF07E
:10EFE000EDFD2DF018FD0CA82DF00DFFB6E70CA8D7
:10EFF0002DF080FE0CA80DF067FDADE70FF038FF97
:10F0000004460CA82DF0D8FE20460CA90DF0F8FE01
:10F01000CDE70FF02DFF0DF0E1FE9FE70CA82DF0DE
:10F0200069FE0CA80DF094FD96E70DF0C1FE95E782
:10F030000DF072FF92E70FF01BFF04462DF0F5FC78
:10F04000014620460DF064FD88E700BF2DE9F0433E
:10F050006A288DB000F2868032280DD80020D7E0D3
:10F060006FF49B731844032800F27581DFE810F0F9
:10F0700078017D018C01940133383728EED801A343
:10F0800053F820F007F2000817F200085DF00008BE
:10F0900057F200085DF00008B7F2000803F300081B
:10F0A0005DF000085DF000085DF000085DF000080C
:10F0B0005DF000085DF000085DF0000827F300082F
:10F0C0003BF300085DF000085DF000085DF000080B
:10F0D0005DF000085DF000085DF000085DF00008DC
:10F0E0005DF000085DF000085DF000085DF00008CC
:10F0F0005DF000085DF00008BBF30008F9F40008BB
:10F100005DF000085DF000085DF000085DF00008AB
:10F110005DF000085DF000085DF000085DF000089B
:10F12000B1F30008D9F30008E3F300085DF000082C
:10F1300001F400085DF000088FF40008ADF4000849
:10F140005DF00008BDF40008D3F400085DF000088D
:10F15000A3F200085DF000085DF000085DF0000813
:10F160002BF5000840F21B13984200F0EA81B0F53D
:10F170008E7F33D2EF2800F0DB8122D8822800F086
:10F180005D810DD87E2800F04C817F287FF466AF2A
:10F19000082009A90FF074FE09A81EF073FA87E091
:10F1A000AE287FF45BAF2DF02CFC04460FF060FE20
:10F1B00005460FF073FE29460246204630F0E4FF74
:10F1C00076E0F42800F0AC81FE2800F08D81F32871
:10F1D0007FF444AF09A816F097FBACE1B0F59D7F32
:10F1E0003FF63CAFB0F59B7FBFF43AAF40F21D1342
:10F1F000984200F0A98140F2211398427FF42EAF8B
:10F200001CF06AFF01E01AF0FFFC0FF04FFE012036
:10F210000DB0BDE8F0830FF02BFE04462DF0F1FB9E
:10F22000054609A82DF056FC2DF0EBFB06460FF025
:10F230001FFE07460FF032FE07ABCDE9010329465A
:10F2400020460097F3B209AA2DF05CF82DF0E3FBFD
:10F250009DF81C00D9E72DF0D4FB05462DF0D1FB1D
:10F2600006460FF005FE074609A82DF033FC0FF007
:10F27000FFFD80462DF0C5FB04460FF0F9FD8146E9
:10F280000FF00CFEE4B207ABCDE903033A4631467A
:10F290002846CDE90084CDF8089009AB2DF044F85C
:10F2A000D4E7082009A90FF0EBFD09A81AF0A0FC8B
:10F2B0002DF0B1FBABE709A82DF00CFC0FF0D8FD49
:10F2C00005462DF09EFB06462DF09BFB07460FF0F2
:10F2D000CFFD80462DF095FB04460FF0C9FD814619
:10F2E0000FF0DCFDE4B207ABCDE9030332463B4649
:10F2F0002946CDE90084CDF8089009A82DF024F81E
:10F30000A4E72DF07EFB044609A82DF0E3FB0FF0E7
:10F31000AFFD05460FF0C2FD2A46034609A9204667
:10F320000EF00AF9C4E72DF06CFB04460FF0A0FDC7
:10F330000146204618F084FABAE72DF062FB044635
:10F340000FF096FD05460FF093FD29460246204634
:10F350000EF09CFDACE72DF054FB17F053FBA7E734
:10F360002DF04FFB17F06CFBA2E72DF04AFB09A92B
:10F37000044608200FF084FD0FF07AFD09A902462B
:10F38000204621F021F993E7082009A90FF078FD24
:10F3900009A830F0FCF88BE72DF033FB044609A9EF
:10F3A00008200FF06DFD204609A930F0DBF82EE7AC
:10F3B0000FF05EFD2DF050F87AE72DF022FB09A941
:10F3C000044608200FF05CFD2DF01BFB09A9024646
:10F3D00020462DF03FF86BE70FF04AFD1CF048FE89
:10F3E00013E70FF045FD09A9044608200FF048FD7A
:10F3F0002DF007FB09A9024620461EF067F957E7E2
:10F400000FF036FD09AA07A91EF072F82DF003FBD4
:10F41000BDF81C002DF0EBFA082009A90FF056FDED
:10F42000F5E609A908200FF02BFD0FF021FD011EC4
:10F4300018BF012109A81EF095F939E70FF018FD52
:10F4400007A9044608200FF01BFD2DF0DAFA054647
:10F450000FF00EFD0DF1190302930DF11A03019344
:10F4600009AE031E18BF01232A4607A920460096AD
:10F470002CF08DFF2DF0CFFA314608200FF026FD3D
:10F48000BDF81A002DF0B3FA9DF81900BDE609A9E0
:10F4900008200FF0F5FC07A909A812F0B1FF2DF024
:10F4A000BAFABDF81C002DF0A2FAB0E62DF0A9FAC8
:10F4B00009A912F0CBFF2DF0AEFAADE70FF0D8FCA2
:10F4C00009A92CF087FF2DF0A6FA09A82DF01AFB48
:10F4D0009DE60FF0CDFC044609A82DF01DFB20464B
:10F4E00009A92CF08DFFE3E60FF0C2FC003818BF2D
:10F4F00001202EF024FDDBE60FF0BAFC04460FF0ED
:10F50000CDFC05460FF0B4FC06460FF0B1FC031E1F
:10F5100018BF01233246294620462CF026FFC7E6B5
:10F520002DF083FA19F0C4FC71E62EF0B3F86CE606
:10F5300009A816F017FA2DF06EFA09A82DF0F5FAC1
:10F5400065E62FF074FFB3E60FF092FC04460FF06F
:10F550008FFC011E18BF0121204615F081F9A7E696
:10F560002DE9F043D328A9B000F23281C92806D88A
:10F570004C2800F2E98003284ED80020F1E1CA3877
:10F580000928FAD801A353F820F000BF69F9000850
:10F590007BF500087BF500087BF500087BF500088B
:10F5A0007BF50008C3FC0008CDFC00087BF50008D3
:10F5B000B1F90008B9380A28DFD801A353F820F0C0
:10F5C000F1FE00087BF500087BF500087BF50008DC
:10F5D0007BF500087BF500087BF500087BF500084B
:10F5E0008DFC000887FC000881FC0008953807287E
:10F5F000C3D801A353F820F031FD00087BF50008C3
:10F600007BF500087BF5000815FD000821FD0008CA
:10F610007BF50008EBFA000804384828ADD801A3B0
:10F6200053F820F065FE00087BF500087BF5000824
:10F630007BF50008E5FE00087BF500087BF5000877
:10F640007BF500087BF500087BF500087BF50008DA
:10F650007BF500083BFD00089DFD00087BF50008D8
:10F660007BF500087BF5000855F9000873F90008E0
:10F670007DF900088BF900087BF5000895F9000872
:10F680007BF500087BF50008C5F90008CBF90008F8
:10F69000D9F90008AFFA0008B9FA0008E1FA000841
:10F6A0007BF500087BF500087BF500087BF500087A
:10F6B0007BF500080FFB000883FB00087BF50008C2
:10F6C0007BF500087BF500087BF500087BF500085A
:10F6D0007BF500087BF500087BF500087BF500084A
:10F6E0007BF500087BF5000813FE00087BF5000899
:10F6F0005BFE00087BF500087BF500087BF5000841
:10F70000EFF90008EBFE00087BF50008ABFC0008F1
:10F710007BF5000823FE00087BF500087BF5000858
:10F720007BF500087BF500087BF500087BF50008F9
:10F730007BF500087BF500087BF50008F7FB000867
:10F7400031FE000843FE00089C282AD894283FF682
:10F750004DAF7A2800F0BD827B2800F0BD82792869
:10F760007FF40BAF0FF084FB06A913F0DDFF2DF043
:10F7700052F9BDF818002DF03AF99DF81A000FF073
:10F7800095FB9DF81B000FF091FB9DF81C000FF0FE
:10F790008DFB9DF81D000FF089FB0DF11E01082067
:10F7A00058E3C3283FF6E9AEB8283FF603AFAC28CC
:10F7B00000F04282AD287FF4E0AE06A908200FF0E9
:10F7C0005FFB2DF032F9014606A814F0B9F9C5E047
:10F7D000F73883B25A2B3FF6D0AE5A283FF6CDAE5B
:10F7E00001A353F820F000BFF1FD0008A7FD0008B9
:10F7F000D3FD0008DDFD0008F7FD00087BF50008DB
:10F800005FFB00087BF500082BFD00087BF5000876
:10F810007BF500087BF500087BF500087BF5000808
:10F820007BF500084FFC000877FC00087BF500081A
:10F830007BF500087BF500087BF500087BF50008E8
:10F840007BF500087BF500087BF500087BF50008D8
:10F850007BF500087BF500087BF500087BF50008C8
:10F860007BF500087BF500087BF500087BF50008B8
:10F87000FBFE000813FF00087BF500087BF500087D
:10F880007BF500087BF5000827FF00087BF50008E2
:10F890007BF500083DFF000847FF00084DFF00080A
:10F8A0005DFF00087BF500082DFF00087BF50008D0
:10F8B0007BF500087BF500087BF500087BF5000868
:10F8C0007BF500087BF500087BF500087BF5000858
:10F8D0007BF500087BF500087BF5000859FC000863
:10F8E00063FC00087BF500087BF500087BF5000849
:10F8F0007BF500087BF500089DFB0008A1FB0008D4
:10F900009DFB0008A7FB0008ADFB0008CDFB00082D
:10F91000D3FB0008DFFB0008EBFB0008F1FB00084D
:10F92000B7FB0008BDFB00087BF500087BF500086D
:10F930007BF500087BF500087BF500087BF50008E7
:10F940007BF5000837FF00087DFD000883FD0008F7
:10F9500089FD00082DF055F81EF04EFD2DF05BF8E6
:10F96000012029B0BDE8F0831EF040FD2DF03FF8E6
:10F97000F6E72DF046F81EF045FDEFE706A82DF05E
:10F9800026F906A815F05CFBE8E712F047F90FF03E
:10F990008DFAE5E70FF06CFA04462DF046F80546BF
:10F9A0000FF066FA29460246204613F0D3F9D5E750
:10F9B0002DF03BF804460FF05BFA014620462EF08E
:10F9C00039F9CBE72EF031F9C8E706A82DF066F833
:10F9D00006A815F02BFAC1E70FF04AFA044606A86C
:10F9E0002DF05CF8204606A92EF0DCFAB6E70FF001
:10F9F0003FFA16220021044606A830F012FF0FF04D
:10FA000037FA8DF81C000FF033FA8DF81D000FF057
:10FA10002FFA8DF81E000FF02BFA8DF81F000FF053
:10FA200027FA8DF820000FF023FA8DF821000FF04F
:10FA30001FFA8DF822000FF01BFA003818BF0120C2
:10FA40009DF8253060F300038DF825300FF010FA93
:10FA5000003818BF01209DF8253060F341038DF870
:10FA600025300FF005FA003818BF01209DF8253029
:10FA700060F382038DF825302CF0C3FFADF8180039
:10FA80002CF0BFFF0DF12601ADF81A0008200FF091
:10FA9000F7F90FF0EDF905460FF0EAF9031E18BF6C
:10FAA000012320466AB206A915F012F956E70FF0B5
:10FAB000DFF92EF0E7FA51E70FF0DAF904462CF0FF
:10FAC000B4FF05460FF0D4F906460FF0D1F903460E
:10FAD000201E3246294618BF01202CF0B9FC3DE714
:10FAE0000FF0C6F914F08CFE38E72CF08AFF0446BC
:10FAF0002CF09BFF05460FF0BBF906462CF081FF6A
:10FB000032460346294620461EF0F6F926E706A9A6
:10FB100005A82CF08AFC2CF07EFF9DF814000FF055
:10FB2000C5F906A908200FF0D1F9BDF820002CF086
:10FB30005EFF9DF822000FF0B9F99DF823000FF049
:10FB4000B5F99DF824000FF0B1F9BDF826002CF0AE
:10FB50004EFF9DF828000FF0A9F90B98FEE60FF074
:10FB600087F906A912F0E0F82CF055FF9DF818006F
:10FB70000FF09CF99DF819000FF098F99DF81A0004
:10FB800005E705A906A82CF052FC0FF08FF9082014
:10FB900006A90FF09BF9BDF81400E7E60020F6E691
:10FBA00000F01AFFF3E613F06FFBD7E62CF03DFFF1
:10FBB00013F000FDD2E612F085FBD7E612F082FBCF
:10FBC00010F0070F0CBF01200020E0E62EF0FFF937
:10FBD000DDE612F077FBB0FA80F04009D7E61CF0C2
:10FBE0007BFA80F00100C0B2D1E612F0F9FBB7E673
:10FBF0002DF0C1FDB4E60FF03BF906A920F062FB41
:10FC00002CF009FF06A908200FF060F99DF82000EC
:10FC10000FF04CF9BDF822002CF0E9FE9DF824000D
:10FC20000FF044F99DF825000FF040F99DF82600EB
:10FC30000FF03CF90A9891E60FF01AF9044606A86D
:10FC40002CF07DFF204606A92FF0F6FB86E60FF08C
:10FC50000FF930F0FFF989E60FF00AF923F020FCE4
:10FC6000C1E70FF005F904460FF002F941B2204652
:10FC700023F02CFC74E62CF0C4FE30F0EDF986E69F
:10FC80002CF081FB83E62CF080FB80E60FF0F0F88F
:10FC900005AA06A92CF075FB2CF0BDFEBDF81800D6
:10FCA0002CF0A5FE9DF8140071E6082006A90FF0BF
:10FCB000E7F805A906A813F023FF2CF0ACFE059881
:10FCC0004CE60FF0D5F82CF058FB47E62CF057FB2C
:10FCD0005DE613F01BFD5AE60FF0CAF806A921F005
:10FCE00077FA2CF098FEBDF818002CF080FEBDF8D5
:10FCF0001A002CF07CFE9DF81C000FF0D7F89DF840
:10FD00001D000FF0D3F89DF81E000FF0CFF89DF8FE
:10FD10001F003CE60FF0ACF840B22DF07EFC1DE673
:10FD20000FF0A6F814F046FE18E62DF09FFC2EE624
:10FD30000FF09EF82DF0A8FC10E60FF099F804469D
:10FD40002CF05FFE05462CF05CFE06462CF059FEBA
:10FD500007460FF08DF880460FF08AF881460FF0C5
:10FD600087F8CDE90190201E3B463246294618BF50
:10FD70000120CDF800802CF0EDFCEFE530F00EFA1C
:10FD8000EEE530F00DFAEBE52CF04FFE04462CF0DA
:10FD900038FE0146204623F017FEE1E50FF068F833
:10FDA0002CF0D6FCDAE50FF063F804460FF060F8AB
:10FDB00005460FF05DF806460FF05AF807460FF0BB
:10FDC00057F832460090294620467BB22DF00DFCB4
:10FDD000C4E50FF04DF82DF00AFCBFE50FF048F830
:10FDE00004460FF045F841B220462DF002FCB5E57F
:10FDF00023F070F9B2E50FF03BF804460FF038F845
:10FE000005460FF035F82946024620462DF0F3FB53
:10FE1000A4E506A82DF0E0FB2CF0FDFD9DF81800F0
:10FE2000B5E506A82DF023F806A82DF0D7FB95E53B
:10FE300006A82DF0D5FB2CF0EEFD06A82DF00AF853
:10FE40008EE50FF015F806A92CF008FB2CF0E3FD69
:10FE5000862006A90FF03AF882E50FF009F815F0B0
:10FE6000E7FD7BE50FF004F806A915F0AFFD2CF0D7
:10FE7000D2FD9DF81C000FF019F89DF81D000FF041
:10FE800015F89DF81E000FF011F89DF81F000FF0F7
:10FE90000DF89DF820000FF009F89DF821000FF0F3
:10FEA00005F89DF822000FF001F89DF8250000F0FC
:10FEB00001000EF0FBFF9DF82500C0F340000EF09E
:10FEC000F5FF9DF82500C0F380000EF0EFFFBDF8B0
:10FED00018002CF08CFDBDF81A002CF088FD0DF1F7
:10FEE00026015CE415F09EFD51E515F04DFD35E56C
:10FEF0000EF0BEFF14F086FD30E506A82CF0CEFD16
:10FF00000EF0B6FF011E18BF012106A814F0E8FF8D
:10FF100024E52CF076FD04460EF0AAFF01462046AB
:10FF200017F07EF81AE514F0D3F930E506A82EF0A4
:10FF30001AF806A933E428F09DFD28E50EF098FF95
:10FF400013F034FC0AE513F03FFC20E50EF090FFBF
:10FF5000003818BF012013F03DFC01E513F040FC10
:10FF600015E500BF2DE9F041B0F5957F98B009D2B5
:10FF7000B0F5867F08D2762870D8662848D814282D
:10FF800000F0DF8000208BE0A0F586701D28F9D8F6
:10FF900001A353F820F000BF91010108F501010809
:10FFA000AB010108CD0101080B020108190201088B
:10FFB0003302010843020108C5000108E7000108F7
:10FFC0006301010885FF000885FF000885FF000820
:10FFD00085FF000885FF000885FF000885FF0008F1
:10FFE00085FF000885FF000885FF000885FF0008E1
:10FFF00085FF000885FF000885FF000885FF0008D1
:020000040801F1
:1000000085FF000885FF0008590201086302010806
:1000100067380F28B6D801A353F820F02101010852
:1000200067000108A700010885FF00085D010108BD
:100030005301010885FF000885FF000885FF0008BF
:1000400085FF000885FF000885FF000885FF000880
:1000500085FF00080301010839010108B12891D189
:1000600001F0F8FE19E02CF0CCFC0DF13601ADF8F2
:10007000340010200EF004FF0DF1460110200EF0A8
:10008000FFFE0EF0F5FE0DF157018DF85600082029
:100090000EF0F6FE0DA81CF05BF92CF0BCFC012064
:1000A00018B0BDE8F0810DA81CF04CF82CF0B3FCA2
:1000B000BDF834002CF09BFC08200DF136010EF049
:1000C00005FFECE70DA82CF018FF09A90DA828F0F2
:1000D0006CFF2CF0A0FC102009A90EF0F7FE0DA873
:1000E0002CF0F1FEDBE70DA82CF007FF09A910208A
:1000F0000EF0C6FE09A90DA828F038FF2CF08BFCE5
:10010000EDE70DA908200EF0BBFE0EF0B1FE011EBA
:1001100018BF01210DA829F051F90EF0C7FEBEE766
:100120002CF06FFC04460DA908200EF0A9FE204615
:100130000DA921F009FDB0E70EF09AFE29F050F963
:10014000ABE708200DA90EF09BFE0DA81BF0E6F80A
:10015000A3E70EF08DFE1BF0A9F99EE719F09EF8BB
:100160009DE70DA801F062F92CF055FC9DF83400D4
:100170000EF09CFE9DF835000EF098FE9DF83600BE
:100180000EF094FE9DF837000EF090FE0E9884E776
:100190000DA82CF0B2FE09A90DA828F0FCFF2CF048
:1001A0003AFC09A82CF0C2FE99E70EF061FE044665
:1001B00009A908200EF064FE0DA910200EF060FEC3
:1001C00020460DAA09A928F01DFF66E70EF050FE93
:1001D00009AB05AA0DA929F001F82CF01CFC0DA80B
:1001E0002CF071FE102005A90EF070FE09A82CF06D
:1001F0009DFE54E703A908200EF042FE09AB05AAB4
:100200000DA903A829F007F8E7E70DA82CF075FE63
:100210000DA801F0D7FB40E709A908200EF030FE39
:100220000DA910200EF02CFE0DA909A828F019FF29
:1002300033E70EF01DFE09AB05AA0DA929F040F821
:10024000CBE703A908200EF01BFE09AB05AA0DA9F8
:1002500003A829F013F8C0E72CF0E7FB1AF0B0FE72
:100260001DE70EF005FE06460EF002FE04460EF0F7
:1002700015FE05460EF0FCFD07460DF1340841461B
:1002800008200EF0FDFD301E21463B462A4618BFD1
:100290000120CDF800802EF03FFD2CF0BCFB29465C
:1002A00020460CE730B5DC2891B063D8B12804D8DB
:1002B000252800F0FA80002071E0B2382A28FAD808
:1002C00001A353F820F000BF7F030108A303010836
:1002D000010401081D040108B7020108B702010862
:1002E000B7020108B702010865040108B702010856
:1002F000270401083D040108510401084B040108CA
:10030000B7020108B7020108B7020108B7020108E5
:10031000B7020108B7020108B7020108B7020108D5
:10032000B7020108B7020108B7020108B7020108C5
:10033000B7020108B7020108B7020108D703010894
:10034000B7020108B7020108B7020108B7020108A5
:100350005B0401086B040108750401087F040108AF
:10036000850401088B040108910401089704010821
:10037000A1040108F6289ED123F0C8FF0EE005A8CD
:100380002CF037FC0EF074FD04460EF071FD214692
:1003900042B205A82FF05CFF2CF03DFB012011B00C
:1003A00030BD01A910200EF06BFD2CF03EFB059036
:1003B0000EF05EFD0DF119018DF8180010200EF001
:1003C0005FFD0DF1290110200EF05AFD05A901A8CD
:1003D00030F01BF8E0E72CF028FB05900EF048FD0C
:1003E0000DF119018DF8180010200EF049FD1020B4
:1003F0000DF129010EF044FD05A830F001F8CBE71E
:100400002CF013FB04460EF033FD05460EF030FDD4
:1004100069B20246204623F005FFBDE72CF005FB3C
:1004200023F07AFFB8E705A901A830F05BF801A82E
:100430002CF003FC05A82CF031FCAFE705A82CF04C
:1004400015FC05A830F057F8A8E730F0AFF9A5E79C
:1004500030F057F80EF02AFDA0E70EF009FD30F05D
:1004600000F89BE730F005F8F4E70EF001FD23F00B
:10047000D3FE93E72CF0C5FA30F04BF88EE723F06B
:100480000FFEE7E723F08EFFE4E724F0D7FA83E7D7
:1004900024F0DAFA80E72CF0C8FA24F0DBFA7DE7E2
:1004A0002CF0C3FA24F0DCFA78E724F085FA75E73B
:1004B000032208B5054B00201A802DF0E5F8BDE8B1
:1004C00008400246002102480BF0E6B8B44600207E
:1004D000EC20040838B50F4DFCF794F92B886BB964
:1004E0000D4C238863B900230A482380FCF73AFBAC
:1004F000288820B110F0F6FE084B1860012038BDA6
:1005000027F0CFFC064B1B88C01A238880B2834299
:10051000E9D3EDE71C3A0020183A0020B42000206F
:100520001A3A0020034B1A881AB13C2002492BF0DA
:1005300084BB70471C3A00208A1B040838B5044667
:10054000064DFFF7EFFF21462888FCF711F900233D
:100550002B80BDE83840FCF755B900BF1C3A00209D
:10056000002273B5054610460E462CF0BEFD04462B
:1005700030B1054A00962B46002112882CF011FF5D
:10058000204602B070BD00BF1C3A002008B5034BE6
:10059000188810F0C3FEC0B208BD00BF1C3A00208E
:1005A00010B5054C014620462CF0D3FE208810F0F3
:1005B00099FE024B186010BD1C3A0020B4200020A8
:1005C00038B5002109482CF019FE054610F0A6FEAA
:1005D000074B044628461D8010F084FE054B50FA58
:1005E00084F41860044B01201C6038BDF2460020E2
:1005F0001C3A0020B42000206C36002010B50446C0
:1006000027F04FFC024B1880024B1C8010BD00BF2E
:100610001A3A0020183A002008B511F0EDFD28B173
:10062000BDE8084043210248FBF776BD08BD00BF86
:100630001321040801482CF0A0BF00BFB8200020FF
:1006400013B51C482CF062FF25F098FF26F04EF8F9
:1006500026F04DF826F04CF8FBF70CFD0446FBF7AE
:100660003FFD23460121144A0090042000F0B6F813
:10067000FBF7FAFC0446FBF741FD23460F4A012134
:100680000090042000F0AAF8FBF7F4FC012340F2EC
:10069000A172834013420BD00020FBF7F7FB002030
:1006A000FBF7F6FA002002B0BDE81040FBF7BCBA39
:1006B00002B010BDB82000209A210408B02104081F
:1006C000012908B509D1FBF705FF084B187060B187
:1006D000BDE808400020FBF7EFBE31B9034B1B78A3
:1006E0001BB1BDE80840FBF7B5BE08BDAE55002004
:1006F000012008B5064B187027F029FF022027F0CB
:1007000026FFBDE8084003490348FDF763B900BF71
:10071000BF4800209C500020E820002070B528F041
:100720000EFA10F0070F194D09D02B781BB90120D4
:10073000287027F00CFFBDE8704028F036BA144C42
:100740002378032BF1D927F012FF0028EDD028F0F1
:10075000F6F910B92378032B14D828F026FA0446AA
:100760000028E2D02B785BB100262E7026F03EF9EF
:10077000054631460120FDF799F8284626F03AF95A
:10078000204670BD4FF0FF34ECE700BFBF480020AB
:100790008C4900201FB5FFF7C1FF0446FDF76EFE30
:1007A000A04228BF204688B103A9FDF749FE0346B1
:1007B00038B9CDE90000064A0399064827F0D2FC73
:1007C00018B18D210448FBF7A7FC012004B010BD2F
:1007D0004D850308C8200020D02104080CB413B5AF
:1007E00002460C4627F0D2FE60B9094B1B681A423C
:1007F00008D005A90498019102F09AFD14B10548AA
:1008000029F0E1FF02B0BDE8104002B0704700BF20
:10081000A4500020522204082DE9F34102AB03E961
:1008200006000446904611F071F90546204611F085
:100830007DF9394F9DF80060384BFDB1202C98F8B8
:10084000002033F8141037F8140008D9814254D32B
:100850004FF6FF7291421DD102B0BDE8F081012A2E
:1008600032D84FF6FF752E4802EB4212224430F880
:100870001210A94202D0013120F8121033F81410DE
:1008800037F81400814238D34FF6FF7291424FF08F
:10089000010502D0013123F8141004F0FD02092AE9
:1008A0002DD19A8AB98A32448A42B4BF9A829982F7
:1008B00033F814308342CFD3002DCDD1204602B07F
:1008C000BDE8F04127F0D4BF022AD7D14FF6FF7020
:1008D0004FF6FF75124A32F81410814218BF0131E9
:1008E00004F1210018BF22F8141032F81010A942A8
:1008F0001CBF013122F81010C0E70025CAE71D2CEB
:10090000D6D15A8F91198142BDBF02F1FF32B6187C
:100910005E875887CCE700BFA23A0020F43A002057
:100920001E3A002008B55222002102482FF079FF1C
:10093000002008BDF43A002008B55222FF210248E9
:100940002FF06FFF002008BDA23A0020024B23F8D1
:1009500010100020704700BFA23A002038B50546AD
:100960004FF400500C4625F0DBFD4FF40053286097
:10097000236030B94FF4C371BDE838400148FBF73C
:10098000CBBB38BD542204080048704736450020D0
:10099000014B1878704700BFCC550020014B1880E0
:1009A000704700BF78550020014B1888704700BF82
:1009B00078550020014B187000207047C255002068
:1009C000014B1878704700BFC2550020014B1870CA
:1009D00000207047B8550020014B1878704700BFC1
:1009E000B8550020014B1878704700BFBA55002059
:1009F000014B1878704700BFC7480020014B1870A2
:100A0000704700BFC7480020014B1878704700BFEF
:100A1000C6480020014B1870704700BFC648002030
:100A2000014B1878704700BFBB550020014B187070
:100A3000704700BFBB550020014B1888704700BFAE
:100A400076550020014B1880704700BF7655002076
:100A5000014B1878704700BFC3550020014B187038
:100A6000704700BFC35500202DE9F74F414B424A64
:100A70000193424BDFF844911B78DFF84481DFF8A3
:100A800044E1DFF844C13E4F3E4E3F4D3F494048B0
:100A900002EB431A019B524503F1200309F120099F
:100AA00008F120080EF1200E0CF1200C07F12007B0
:100AB00006F1200605F1200501930FD10022114611
:100AC000344B324D1C78344E344B314FD0B28442CB
:100AD00003F1200346D803B0BDE8F08F304B314C12
:100AE0005360002349E907432F4CDFF8E0B048E9A1
:100AF00007432E4CC2E902304EE907432C4C1160EB
:100B00004CE907432B4C136147E907432A4C49E959
:100B1000050348E905034EE905034CE9050347E9E8
:100B2000050349F8201C48F8201C4EF8201C4CF8FE
:100B3000201C47F8201C46F8201C46E90743019C6E
:100B400045E907B3DFF888B046E9050345E9050341
:100B500044E907B344E9050345F8201C44F8201C88
:100B6000203297E743E9085643E9061743F8101C7B
:100B70000132ABE7342B0020542C0020D25500204A
:100B8000942B0020742B0020542B0020D4370020FD
:100B9000A3140408CA55002011B40208D42B002065
:100BA000A55C0208FBDE0308457102080DFF020880
:100BB00027F303089594020871B90108342C00202A
:100BC000142C0020F42B0020B42B0020C93803087B
:100BD000AD580208002208B5074B1A605A6027F08A
:100BE00086FF064B187027F082FF054B1870054BE7
:100BF0001A78054B1A7008BD763700208949002005
:100C000088490020B955002087490020002100B5FF
:100C100093B008466A460FF03BFC0146C8B90E4B3C
:100C20000E4A09930E4B0D920A930E4A0E4B0E92EA
:100C30000B930E4A0E4BCDE90F230C930D4B6A46D6
:100C400011930FF039FF003818BF012013B05DF881
:100C500004FB0120FAE700BFBBD90308E16A0208E0
:100C6000B9DB03082D3002083B8B030865820208BC
:100C70003BDC0308B5640208074B1878112803D839
:100C8000064B0341DA0704D5A0F14303584258410B
:100C900070470120704700BF8B490020CBFFFDFF4C
:100CA00008B5064B1B78013B022B05D80020FFF747
:100CB000E3FF0138C0B208BDFF20FCE78C490020EB
:100CC0000022034B1870034B1970034B1A707047C6
:100CD0008E4900208F4900208D4900202DE9F04FDA
:100CE000DFF89080064698F800300D4685B0002B5E
:100CF0003AD04FF6FB73984236D84FF0000B1C4F9A
:100D0000DFF874A03C7898F800305FFA8BF94B4517
:100D10009AF8000011D9484402AA0DF10601C0B2A8
:100D20001CF0E6FB082229460DEB02002FF04FFDD8
:100D30000BF1010B0028E6D14C463B78A34208D1C9
:100D400098F80020631CDBB29A423B7004BF00237A
:100D50003B70324629469AF800301C44E0B205B098
:100D6000BDE8F04F1CF0B2BC05B0BDE8F08F00BF8D
:100D70008D4900208F4900208E4900202DE9F04741
:100D8000002492B006A8CDE9004400F07BFA0423C9
:100D90008DF818309DF82530DFF8908043F001037E
:100DA000DFF88C908DF825300BAF5FFA84FA06A837
:100DB0008DF819A000F006FE00B31923524619461B
:100DC000384602AE0DAD27F0DBF895E80F0086E857
:100DD0000F0097E8030007AB83E803000822694689
:100DE00018462FF0F4FC48B1314606A828F0BEF8AA
:100DF00058B199F80130013389F8013001340C2CD5
:100E0000D3D1002012B0BDE8F0871022FF21284680
:100E10002FF007FD19233A461846514627F0B9F836
:100E200098F80130013388F80130E7E79549002050
:100E3000904900202DE9F04397B004A800F022FA71
:100E400007230026DFF88C90214FDFF88C808DF887
:100E5000103099F80030F4B2A34203D8002017B044
:100E6000BDE8F08304A88DF8114000F0ABFDE8B1B7
:100E7000342322461F2109A827F082F86A469446A7
:100E80000DF136030DF1460E154618685968083302
:100E900003C573452A46F7D1614604A828F066F8D1
:100EA00030B198F80330013388F803300136D0E7C9
:100EB0001022FF2109A82FF0B4FC342321461F2063
:100EC00009AA27F066F8FB780133FB70EEE700BF54
:100ED00095490020C5550020904900202DE9F04398
:100EE00097B005A800F0CEF908230026DFF88C9013
:100EF000214FDFF88C808DF8143099F80030F4B26F
:100F0000A34203D8002017B0BDE8F08305A88DF8F0
:100F1000154000F057FDE8B13023224621210AA8F0
:100F200027F02EF801AA94460DF136030DF1460E76
:100F3000154618685968083303C573452A46F7D122
:100F4000614605A828F012F830B198F80330013353
:100F500088F803300136D0E71022FF210AA82FF0CD
:100F600060FC3023214621200AAA27F012F8FB78E2
:100F70000133FB70EEE700BF9549002014490020C3
:100F800090490020F0B50446012593B00DA800F06B
:100F900079F90DA88DF834508DF8354000F012FD28
:100FA00010B9002013B0F0BD9DF8350008AC012841
:100FB00018BF28466D464FF0110307BF0222214695
:100FC0000622214610F00AFD94E80F0085E80F0084
:100FD00004AA17461A4B03F1100C164618685968F4
:100FE000083303C663453246F7D1102239462846F6
:100FF0002FF0EDFB0028D5D029460DA827F0B6FF2D
:10100000054628B10F4A0120137801331370C9E750
:101010001022FF2120462FF004FC9DF83530214698
:10102000012B08BF02224FF0110318BF06222846E9
:1010300010F0D4FC044A137801331370B1E700BFF9
:101040004D2304089049002095490020F0B591B047
:1010500004A800F017F9022304A88DF8103000F05E
:10106000B1FC10B9002011B0F0BD1A2308220120F4
:1010700009A910F0B3FC6A460DF12E031D46164671
:101080000DF13E07144618685968083303C4BB4283
:101090002246F7D1314604A827F068FF044628B15C
:1010A0000A4A0120537801335370DCE71022FF21F4
:1010B00028462FF0B6FB1A230822204609A910F073
:1010C0008DFC034A537801335370CBE790490020DD
:1010D00095490020F0B595B005A800F0D3F8052398
:1010E00005A88DF8143000F06DFC0623044605A811
:1010F0008DF8143000F066FC054644B328237F22A7
:101100000DEB03001D2126F03BFF01AA16460DF151
:101110002D030DF13D07144618685968083303C4C0
:10112000BB422246F7D10523314605A88DF814307D
:1011300027F01CFF044600283AD12F4A9378013348
:10114000DBB293706DB963BB002015B0F0BD002811
:10115000FAD028237F221D210DEB030026F010FF7B
:1011600001240DF13D0301AA17461E460DF14D0C59
:10117000154618685968083303C563452A46F7D1F0
:101180000623394605A88DF8143027F0EFFE1A4AD9
:1011900000B31A498B7801338B709378002BD3D02E
:1011A00084B91022FF210DF12D002FF03AFB09E048
:1011B000124A937801339370002DD2D10E4B9B7855
:1011C000002BC1D028237F211D200DEB030226F028
:1011D000E0FEB9E793780133DBB29370002BB3D014
:1011E0002CB91022FF210DF12D002FF01AFB102237
:1011F000FF213046D9E700BF9549002090490020E3
:1012000070B5FBF767F9044610B1A520FBF754F958
:101210000020FFF7B7FE0120FFF7B4FEFFF716FF2F
:10122000FFF758FFFFF7AAFDFFF704FEFFF756FE92
:1012300000231D4619460F4E0F4816F8012B0133A7
:10124000114410F8012BDBB22A44052B89B295B268
:10125000F3D151EA050306D0084802F055F82946B3
:10126000074802F051F81CB1BDE87040FBF7F2B836
:1012700070BD00BF9549002090490020EE2204086F
:101280001523040810B50446142200212FF0C9FAD2
:10129000014B236110BD00BF00014405014B0361F8
:1012A000704700BF0044400410B503780446013B7A
:1012B0008AB0082B17D8DFE803F00933101805228D
:1012C000242A30004FF003100AB010BD43781548AF
:1012D000002B08BF4FF44030F6E701A927F088FC47
:1012E00008B90698F0E70020EEE727F0D8FC0028C0
:1012F000F9D1607800F5403000F58070E4E70A48E5
:10130000E2E7407800F5403000F50070DCE7407817
:1013100000F5403000F54070D6E7044B1868D3E77D
:101320000348D1E70100030004000300942C0020CF
:1013300002000300044A054B10B11B68136070479C
:1013400012681A60704700BF8C2C0020982C002077
:1013500030B543780446002B0B4808BF4FF44030AB
:1013600087B00D46059028F04CF91023CDE90153C4
:10137000012300934FF4105140F20133226905A874
:1013800028F002F907B030BD0100030010B50124B8
:101390000C4886B005908DF8134028F032F90DF115
:1013A0001303CDE90043002240F2013341F2010171
:1013B000029405A828F0E8F8003818BF012006B00C
:1013C00010BD00BF1000030073B5012400260546C0
:1013D00022460B4801AB0DF103018DF80360019427
:1013E00028F0FDF810F1880F03D12D202E7002B0E7
:1013F00070BD18B99DF803302B70F8E72046F6E76A
:101400001000030007B5102243780748002B08BFDF
:101410004FF4403001AB019228F0E1F8003818BFDA
:10142000012003B05DF804FB0100030010B5044681
:1014300086B001A902221123012010F0CFFA9DF8F5
:1014400014300C48E37027F015FC062201A96070E7
:101450001123012010F0C2FA9DF814304FF44030EF
:10146000A37027F007FC207018F0A0F9606000203E
:1014700006B010BD0100030030B5054619488DB017
:101480000C46049028F0BDF81023CDE90143012457
:1014900000942A6940F201334FF4105104A828F057
:1014A00073F80546D8B91A230822204605A910F07A
:1014B00095FABDF91420BDF81430002A02DA002094
:1014C0000DB030BD6FEA43436FEA53430822ADF8D5
:1014D000143028461A2305A910F080FAEFE72046B9
:1014E000EEE700BF02000300F0B585B004460E46EB
:1014F0002CF042F9C8B102A819F0DEFDA8B1657B55
:10150000271D15F0020F09D0082238460DEB020105
:101510002FF05DF910B12D2005B0F0BD02AB45F004
:10152000020503CB60607960657310223146034881
:1015300001AB28F054F80028EED0ECE702000300DD
:1015400007B5102203780748052B08BF4FF003109A
:1015500001AB019228F043F8003818BF012003B016
:101560005DF804FB0400030030B5044691B07F220F
:101570000D4628231D2106A826F002FD069B00200B
:1015800043F4007306932378052B0BBF4FF003122F
:10159000124A0DF11D010DF12D010CBF05920592AE
:1015A00027F07EFF059828F02CF81023CDE9015391
:1015B00001230093226940F201334FF4105105A832
:1015C00027F0E2FF044628B928237F211D2006AA20
:1015D00026F0DFFC204611B030BD00BF0400030040
:1015E00070B543780446FF2B0E4696B012D1002505
:1015F00001212A460430CDE90C5500F023FBFF28D9
:1016000001D0607006E02A4601210CA800F01AFB08
:10161000FF28F6D165782F4B05F5403505F5807527
:101620009D42049553DC282200210CA82FF0F9F8E4
:10163000284627F0E6FF10230125CDE90163009538
:1016400040F201334FF41051226904A827F09CFFA7
:10165000002839D163686178CDF84D30A3680CAAB1
:10166000CDF8513005238DF83230637B5B0103F4F4
:101670000073ADF8303000F059FB054620BB19234C
:101680006278194605A826F07BFC9DF82C305A0696
:101690000AD42846049A07A927F002FF9DF82C30A7
:1016A00043F040038DF82C30637B6178DB0648BF44
:1016B0009DF82C3005AA44BF63F07F038DF82C30D1
:1016C0001923184626F065FC284616B070BD1A2569
:1016D000FAE700BF0B01030008B50378013B082BB4
:1016E00006D8DFE803F00C2D13172A2F1B21270043
:1016F000002027F086FF003818BF012008BD43787E
:101700001148002B08BF4FF44030F2E7BDE8084015
:1017100027F0DFBBBDE8084027F069BB407800F543
:10172000403000F50070E4E7407800F5403000F507
:101730004070DEE7054B1868DBE74FF00310D8E791
:101740000348D6E70348D4E701000300942C0020A7
:1017500002000300040003007FB50C4E044630680D
:101760000D4627F04EFF1023CDE9015300230093CF
:101770004FF4105140F201333046226927F004FF44
:10178000003818BF012004B070BD00BF942C0020A9
:1017900007B50648102201AB006827F020FF00388B
:1017A00018BF012003B05DF804FB00BF942C00209B
:1017B0002DE9F043074620488FB0884616466B4611
:1017C0001022006801A927F00AFF0025002D05ABB3
:1017D0000CBF36205C200024994601AA12F8011B98
:1017E0000134E4B24140102C03F8011BF6D109A8E2
:1017F0002CF0D4FE4A46214609A82CF0D3FEBDB9F0
:1018000041463A4609A82CF035FF324609AC0DF1A5
:10181000340C234603CB6345106051601C4602F133
:101820000802F6D115B10FB0BDE8F0830125CDE770
:1018300032462146E6E700BF982C0020F0B50C4662
:10184000064687B008461546FFF72EFD6388214FF0
:101850001A0738602CD52A46314610202CF06CFF30
:101860001D4E306808B127F0CCFE1023CDE901539E
:10187000002300934FF4105140F2013322691648BF
:1018800027F082FE20BB33683B606388D90717D5F9
:1018900000232A4601210DF117008DF81730FFF7BC
:1018A00087FF6388002B0CBF2120002007B0F0BD0C
:1018B000DE06EAD52A460821201DFFF779FFCFE78B
:1018C0009A0701D50223E4E75B07EAD50323E0E7A3
:1018D0000120EBE7982C0020902C0020F0B597B069
:1018E0000446FFF7E1FC354E0546306010B92D2067
:1018F00017B0F0BD002124220DA82EF092FF28463B
:101900000DA927F078FE0028F1D13768A7F54033FC
:10191000B3F5803F1FD222780E9D022A119B4FEA19
:1019200015253DD0F7F7CAFC052814D19DB940F222
:101930000113384609AA0DA90E93099700F0E4FA9D
:10194000002309A88DF82430FFF73EFD9DF82430D0
:101950000BB9FFF71BFD60880028C9D005A92046F8
:10196000174D09AF27F021FB3A46214605A8FFF79E
:1019700065FF286808B127F044FE1023CDE9017304
:10198000002300934FF4105140F2013322690C48B8
:1019900027F0FAFD2B68003818BF01203360A7E755
:1019A000002BBFD109A9204627F0FFFA09A920463C
:1019B00027F0DCFAF7F782FCC2E700BF982C002082
:1019C000902C002038B5034C2568FFF787FF256071
:1019D00038BD00BF982C00207FB50A9E9DF820409E
:1019E0009DF82450CDE90034CDE9025613460A464D
:1019F00001460448006827F02CFE04B0BDE87040A2
:101A000027F0A8BA982C002010B504461346074AC0
:101A100010680A4606492CB127F0F5FDBDE81040D4
:101A200027F098BA27F002FEF8E700BF982C0020B4
:101A3000004440042DE9F04303780446092B0D4689
:101A40009DB050D005AA1646284B03F1080C174646
:101A500018685968083303C763453A46F7D109AA9D
:101A6000904618681B7938603B71214B03F1100CCC
:101A7000174618685968083303C763453A46F7D1D3
:101A800020464FF0100904240DAFFFF727FF424610
:101A9000234601213046CDE900940297FFF79CFFD1
:101AA00017A8FFF7EFFB0923294617A88DF85C302C
:101AB00012AD27F05BFA17A8FFF710FF2346424646
:101AC00001213046CDE90145CDF80090FFF784FFB4
:101AD0001422294638462EF07AFEB0FA80F04009EA
:101AE0001DB0BDE8F0830020FAE700BF5D230408C5
:101AF0006B2304082DE9F04186B0064603A80C4686
:101B00001AF020FB054600284AD1BDF80C30980693
:101B100046D51022294620462EF083FE01A819F052
:101B2000CBFAC0B1777B06F1040817F0020F06D09C
:101B30000822404601A92EF04AFE00282ED101AB12
:101B400047F0020703CB7060C8F80410777323884E
:101B500043F008032380238843F00203238018F016
:101B600051FE60602BF008FE30B10E4B1B68A36085
:101B7000238843F0040323800B4B1A68D1035EBF14
:101B8000238843F010032380130203D5238843F4F2
:101B900000632380284606B0BDE8F0812D25F9E7D3
:101BA0002425F7E7842C0020882C002030B5234B17
:101BB00005461B780C46834289B03DD9192302465D
:101BC000194601A826F0DCF9182101A82DF085F9A5
:101BD00010B9292009B030BD01AB03CB9DF81C30F2
:101BE000C4F8211013F0020F14BF0822182259075D
:101BF00048BF42F020022280C4F81D00180642BFF0
:101C0000228842F400722280D907E2D50523A3700E
:101C10000B4B53F82530A36118F0FAFD238860615F
:101C200043F0060222809DF81C200020520644BF8B
:101C300043F086032380CDE72720CBE7BC55002067
:101C4000F02000202DE9F04F8FB0064602A80C4688
:101C50001746FFF717FB04238DF808309DF8153061
:101C600043F001038DF81530002C56D06B462C4AFA
:101C70001068516803C39EB10822694630462EF0B1
:101C8000A6FDB0FA80F56D094FF00009DFF898A0C5
:101C90009AF800305FFA89F4A34203D8FF2435E0B4
:101CA0000125F1E71922FF2107A82EF0BAFD19231B
:101CB0002246194607A826F063F99DF83480B8F14A
:101CC000FF0F03D188211748FAF726FA3DB1082102
:101CD00007A82DF002F9C8B109F10109D8E702A857
:101CE0008DF80940FFF76EFE08228346314607A8AB
:101CF0002EF06DFD5BEA0000EED118F0010FEBD085
:101D0000FF2F03D037B918F0800FE5D120460FB070
:101D1000BDE8F08F37EA0808F7E70224F6E700BFCE
:101D2000F22304087C230408BC550020F0B5324B94
:101D30000D461B7814468B4293B05AD980B11922B4
:101D4000002108A82EF06DFD00242C4B294643F8F5
:101D50002540192308AA184626F01BF9204618E04A
:101D600002F11D0630466A4604AB08A927F053FA73
:101D700088B1304610F000FCC0B1FF27384608A9F2
:101D8000FFF714FF2288BDF8203053409A050DD488
:101D9000212013B0F0BD30469DF8217010F0ECFB0F
:101DA0000028EBD1FF2F01D0BD42E7D123889B054E
:101DB00012D5D4F81D00716808AB03C326F012FFDA
:101DC000002814BF0122032223889B1023F07F03E5
:101DD00013438DF83830B7E704A819F06DF90028DF
:101DE000E7D00822304604A92EF0F1FC0028E0D10B
:101DF000CEE72720CDE700BFBC550020F020002013
:101E000070B5134B04461B780D468342164688B0C6
:101E10001CD919230246194601A826F0B1F8192148
:101E200001A82DF05AF810B9292008B070BD9DF80E
:101E30001C30214623EA060219231543184601AA3D
:101E40008DF81C5026F0A5F80020EEE72720ECE7DF
:101E5000BC55002038B50024054D2B78E0B28342F4
:101E600001D8002038BD27F0BBFA0134F5E700BFE8
:101E7000BC5500202DE9F04398461E4B81461B7847
:101E80000E46174685B0ABB9C6B91B4B18689B8880
:101E90000190ADF80830194B1C68A4B1184B1D789F
:101EA0008DB104EB450534F8023B9F420ED0A542AC
:101EB000F9D103E027F075FA0028E5D10126304674
:101EC00005B0BDE8F083032501ACEAE7B8F1000FE7
:101ED000F5D19DF83430BDF8302047F4004101A819
:101EE0002DF028FA8D234846064A01A91BF0FAFE78
:101EF000E5E700BFD3550020FA2304089C2C0020FE
:101F00009A490020DF67040870B505461446F9B108
:101F1000F2B11668864204BF0F4B136012684B681B
:101F20008A60DAB222B923F0FF0343F001034B6069
:101F30002246284627F082FE60B9AE420AD13046DA
:101F400027F063FD31462068BDE8704025F021BAD6
:101F50006FF0860070BD00BFF000020010B50A46A9
:101F6000044619B1024B00211B68984710BD00BF01
:101F7000A85000200E4B0340B3F1607F06D1B1F5AD
:101F8000885F14BF6FF0860000207047B3F1707F48
:101F90000BD101F4E043B3F5005F06D111F4E06F1B
:101FA0000CBF6FF08600002070476FF0860070470E
:101FB0000000C07F9142F8B506460C4600F01D8136
:101FC00021F0FF00B24988420CD122F0FF03834286
:101FD0003CD114F0FF0334D0AE4943F000738B4280
:101FE0002FD10AE1AC4DA84216D0AC4B98420DD08F
:101FF00024F4FF7323F00103B3F1062F06D0A84F9A
:10200000B84203D0A7F5A067BB4267D122F0FF0317
:102010008B422DD10022F0E022F0FF038B42F9D059
:10202000834227D184EA0203FF2BF3D89A4B9842CC
:1020300000F0FE809949884240F04C8114F0FF0185
:102040000FD112F0FF0340F0E1801EE192498B4274
:1020500010D184EA0201FF29DCD814F0FF0100F05E
:10206000DC808C4841F00071814240F0EA80C4E09D
:10207000AB42D6E7894DAB4200F09B8022F4FF7162
:1020800021F00101B1F1062F06D0854FBB424AD0A5
:1020900005F50075A94221D184EA0201FF29B9D8CA
:1020A0007B4D24F4875121F01F01A94240F00E819D
:1020B00014F0FF01D5D179498B4200F0DD8022F484
:1020C000FF7121F00101B1F1062F00F0D5807448B5
:1020D000834200F0D180734B9942B2D004F0FE45A8
:1020E000B5F1A06F2AD102F0FE43B3F1A06F91D1F8
:1020F00084EA020333F47E138CD12504C4F3054330
:10210000C2F3054002F4004140F1F280002900F0E2
:10211000EB80834238BF034624F47E1242EA034236
:1021200042F4004269E084EA0201FF2940F299800A
:1021300004F0FE45B5F1A06F3FF46CAFB5F1407F00
:102140007FF468AF02F0FE43B3F1407F7FF462AFEB
:1021500084EA020333F47E157FF45CAF31462046F7
:10216000FFF708FF00287FF455AF14F47C1300F04C
:10217000C780C4F3054312F47C1504F4004C02F448
:10218000004700F0E280C2F30540BCF1000F00F010
:1021900014810546002F00F00C819D4238BF1D467A
:1021A0002D0405F47C1524F47E142C4344F40042E1
:1021B00023E084EA0201FF29BAD8354988421ED0BB
:1021C00001F5805188420FD0984240F0838014F08E
:1021D000FF017FF446AF31498B424DD112F0FF032E
:1021E00014D104F0FE45A9E714F0FF033FF429AF32
:1021F000284943F000738B4204D11046F8BD14F017
:10220000FF03F5D112F0FF033FF404AF214943F07F
:1022100000738B427FF462AF08E012F0FF02ECD053
:102220001C4B42F000729A427FF4F4AE2246E4E77F
:1022300014F0FF030AD0174943F000738B42DCD03F
:10224000034615498B427FF436AF15E012F0FF02CA
:10225000D3D0104B42F0007199420CBF22460022AD
:10226000CBE70B4988421FD114F0FF0304D0094982
:1022700043F000738B42C0D012F0FF03C6D104F0CC
:10228000FE45B5F1A06F7FF459AF1A46B5E700BF20
:1022900000030006FF000002001300060002000613
:1022A000000900060004000645498842DCD0A84227
:1022B0008DD0444D24F47F7121F00301A94201D057
:1022C0009842BED114F0FF01BBD0CAE63E49884215
:1022D0003FF4EEAE3B4D24F47F7121F00301A9429F
:1022E000F0D03A498842ECE7834288BF002284E775
:1022F00000293FF48FAE83422CBF224600227CE7A8
:1023000033492140B1F1607F0ED13248E1B241F052
:102310000071814217D001F17E4104390F293FF647
:102320002AAF2D4B5B5C26E7B1F1707F7FF423AFC2
:1023300006F4E041B1F5005F7FF41DAF0123C6F361
:1023400002218B4017E7102315E721491140B1F115
:10235000607F1FD11F48D1B241F00071814226D069
:1023600001F17E4104390F2911D93846BCF1000F23
:102370007FF410AF002F7FF459AF83427FF44AAE51
:102380001B0403F47C1324F47E121A4335E713482C
:10239000405CFAE6B1F1707FE7D106F4E041B1F5B7
:1023A000005FE2D10120C6F30226B040EDE6102026
:1023B000EBE6AB4288BF00221FE7002FDDD09AE793
:1023C00000130006000400060002000600090006D3
:1023D0000000C07F03000002002404080024040859
:1023E0008A42F8B506460C4600F0DB806F4922F4BD
:1023F000FF7323F001038B420ED06D4B22F0FF01DF
:10240000994209D06B4822F47F7323F0030383427F
:1024100002D0694B994228D1684B24F0FF019942C0
:102420000FD114F0FF000BD0654B40F000709842C4
:1024300040F0B98082EA0400FF288CBF0020012010
:10244000F8BD5B4B9942ECD0A3F588539942E8D094
:1024500024F4FF7323F00103B3F1062FE1D05648B3
:102460008142DED053498B42DBD004F0FE43B3F10E
:10247000A06F14D102F0FE43B3F1A06F40F093803F
:1024800082EA040333F47E1340F08D8014F400409C
:10249000D6D0C4F30540C2F305429042CDE7B3F174
:1024A000407F6AD102F0FE43B3F1407F7BD182EAE4
:1024B000040535F47E1576D131462046FFF75AFDE6
:1024C000002870D13F4B12F47C1703EA02031BD0A3
:1024D000B3F1607FC2F305473FD13B49D3B243F02C
:1024E00000738B423DD003F17E43043B0F2B01D898
:1024F0003649CD5C14F47C1FC4F3054333D1BD428F
:1025000014BF002001209BE7B3F1607F0DD12E495D
:10251000D3B243F000738B421DD003F17E43043BE2
:102520000F2BDAD82A49CF5CD7E7B3F1707FE1D11E
:1025300006F4E043B3F5005F03D10127C6F302239D
:102540009F4006F4E043B3F5005FD3D10125C6F305
:1025500002218D40CEE71027BFE7B3F1707FC9D1CC
:10256000EFE71025C6E712F47C1F01D1AB4218D06B
:1025700022047FF565AFBB425FE7B3F1106F12D164
:1025800024F01F6020F4702068B902F0FE43B3F11C
:10259000106F7FF455AF0F48104040F01060A0421C
:1025A000AEE701204CE700204AE700BF000200062A
:1025B00000130006000400060009000600030006E0
:1025C000FF0000020000C07F030000020024040896
:1025D000002404080000FFF6074B20F47E10984208
:1025E00006D10739072934BF00206FF086007047F5
:1025F0006FF08500704700BF0001400500F0FE430A
:10260000B3F1A06F3FD1214B20F0FF029A4203D1DA
:1026100010F0FF0027D170471D4B9A4220D0A3F540
:1026200088539A4218D020F4FF7323F00103B3F1CA
:10263000062F0DD017498A4206D0174A93421BD164
:1026400010F0FF000FD1704710F0FF000BD1704762
:1026500010F0FF0007D1704710F0FF0003D1704762
:1026600010F0FF0011D00D4B40F00070984214BFE5
:1026700000206FF08600704710F4004F0CBF002060
:102680006FF0860070476FF0860070470003000609
:10269000001300060009000600040006FF00000207
:1026A0002DE9F8431746002288461C4600F0BCFA84
:1026B000054688BBD8F80060B6F8009009F4E043FE
:1026C000B3F5804FF36808BF27F0010737EA03032B
:1026D0001AD10CB3254B24F0FF029A421FD114F0FB
:1026E000FF0304D0224A43F00073934232D02246C3
:1026F00048463169FFF774FE074668B922464846E6
:102700007169FFF76DFE70BB6FF0840500233046E2
:10271000C8F8003027F0DEFD2846BDE8F883154BE9
:102720009A42DCD0A3F588539A42D8D024F4FF73A0
:1027300023F00103B3F1062FD1D00F498A42CED046
:102740000E4A9342CBD004F0FE43B3F1407F04D154
:102750002304CCD56FF08605D8E7B3F1A06FF7D08E
:10276000034B9C42C2E73D46D6E700BF000300068C
:10277000FF00000200130006000900060004000626
:102780002DE9F0471D460023164601F0FE4290B0A9
:10279000B2F1806F0C46DDE918891A9F069305D0C7
:1027A000184627F097FD6FF0860A0AE00B464FF4B3
:1027B000007206A9FFF774FF824628B1069827F039
:1027C00089FD00233B6074E0DDF818C00DF11C0E9C
:1027D000E246CDE90E00BAE80F00AEE80F009AE835
:1027E00007008EE807003E49BCF800308C4203F435
:1027F000E0420AD1B2F5005F2AD10120C3F30222E0
:102800009040A8420CD96046CBE7B2F5005F21D0DA
:1028100042F20402934234D1324B9C4231D125E042
:102820007AB1314A30498C4229D030498C4226D085
:10283000A1F53F418A4222D042F20402934204D1E0
:1028400011E042F20402934202D1254B9C4218D17E
:102850000D2014E013F4E06FC3F3022208D142F21A
:10286000040293420DD11F4B9C42EED10C2006E096
:1028700001201F49904024F480728A42D2D1A8429C
:10288000C1D8DCE90912089B1B0A16D0012BBAD16A
:102890002346CDE90397CDE90158009607A825F016
:1028A0001EF80446069827F015FD8246ACB90028AC
:1028B00087D1504610B0BDE8F0872346CDE9039795
:1028C000CDE90158009607A825F011F810F1860F00
:1028D0000446E7D1069827F0FDFCA24671E700BF49
:1028E0000013C004000180040012C00400FF400473
:1028F0000010C00437B50B4D0C462B787BB100237C
:102900000A460193014601AB281D24F08EFD20B933
:10291000019BA34218BF6FF0930003B030BD6FF06E
:102920008800FAE7A02C00202DE9F04F9B460023F9
:10293000924601F0FE4297B0B2F1806F0E46DDE99B
:102940002089229F089305D0184627F0C3FC6FF01A
:1029500086043CE00B464FF4807208A9FFF7A0FE06
:10296000044618B1089827F0B5FC30E0DDF820C027
:102970000DAC6546CDE914000FCD0FC495E80700F6
:10298000BCF8003084E8070003F4E042B2F5005FD1
:102990001FD113F4E06FC3F302211AD0414826F48B
:1029A000807282420AD000F50070864206D03E480E
:1029B000864203D0A0F53F4082420AD101258D40D6
:1029C000102D11D9604627F085FC6FF08304002597
:1029D00063E042F20402934202D1344B9E420BD098
:1029E000334B9E4223D10D25A94507D2604627F0DF
:1029F00071FC6FF08904EAE70C25F5E7294609A880
:102A0000FFF778FF04460028ACD1DDF820C0DCE9F0
:102A10000912B8F1000F0CD008EB05000E9CA9EBD1
:102A20000503240A07D0012C1AD060468DE7002543
:102A3000EBE74046F2E7CDE9053709ABCDE903B056
:102A40000093CDE9015A33460DA824F04EFF10F152
:102A5000860F064611D1089827F03CFC3446B6E7AD
:102A6000CDE9053709ABCDE903B00093CDE9015AB3
:102A700033460DA824F031FF0646089827F02AFCBB
:102A80000446002EEAD10028A1D125B12A464046AD
:102A900009A92DF0D8FE3B681D4420463D6017B0C3
:102AA000BDE8F08F0010C00400FF40040001800466
:102AB0000013C00408B500F065F8064B5A7812B14F
:102AC0000022C3E90122BDE808400C210148FFF7BC
:102AD00045BA00BFA02C002070B50E4D2B7893B9DD
:102AE00024F098FC044688B924F09DFC044668B99B
:102AF00002230126C5E90100AE706B7000F03AF8C0
:102B0000044618B92E700024204670BDFFF7D2FF8E
:102B1000FAE700BFA02C002000F100422532242A51
:102B200038B504460D4609D82C21114B01FB023360
:102B30009A68824215D06FF08B0038BD012127F0D2
:102B40007BFB88B10A48002203468168A14205D078
:102B50000132252A00F12C00F7D1ECE72C2101FBF2
:102B6000023300202B60E8E76FF08700E5E700BF45
:102B7000AC2C00200122024B002083F85C26704719
:102B8000AC2C002070B5094C0025264604212046B7
:102B900027F063FB0135204626F0F1FE252D04F1D8
:102BA0002C04F3D1002386F85C3670BDAC2C0020D9
:102BB000F8B51B4C064694F85C360F464BB300251F
:102BC0002346294693F820001A46B8B125B91A7948
:102BD00012B1022808BF1D460131252903F12C033B
:102BE000F0D115B96FF08C0015E00421284627F0CC
:102BF00034FB68B9284626F0C2FE2A460020094B5D
:102C0000141BA4105C4304F10044253C34603A607A
:102C1000F8BD6FF0880000233B603360F8E700BF29
:102C2000AC2C0020A38B2EBA2DE9FF4100230B60B2
:102C3000394B804693F85C360D461646002B68D01B
:102C4000FFF76AFF0446A0B92EB9286804B0BDE8B2
:102C5000F04127F02CBB012E04D00024204604B004
:102C6000BDE8F0810521286804B0BDE8F04127F0F7
:102C7000F4BA10F18C0FF1D1294601A8FFF798FFA3
:102C800004460028EAD101232F68CDE90200C7F8E5
:102C9000088038467B6003AA02A927F0C6FB0446D9
:102CA00088B1DDE9020127F0BEFB2D68042128462A
:102CB00027F0D3FA284626F062FE14F18C0F08BFE5
:102CC0006FF08704CAE7DDE90212384626F0DAFD24
:102CD0000446DDE9020127F0A6FB002CE5D1022124
:102CE000384627F0BAFA04460028DED12868C368BF
:102CF000D90444BF43F48063C360C3689A0444BFEB
:102D000043F40063C360002EA0D0012EA5D105219D
:102D1000AAE76FF08804A1E7AC2C002030B40D4D79
:102D20002C681C606C685C6000249C605468DC60EB
:102D300014881C8254885C82D4685C6114699C612C
:102D4000526930BCDA6119620A46014603F1240077
:102D50002DF079BD102404082DE9F84323290446F9
:102D60000F4691469846089E04D86FF0980528466D
:102D7000BDE8F883082219492DF029FD05460028F1
:102D8000F3D1A368002BF0D1216A243F8F42C8F809
:102D90000010EAD3B1F5005FE7D271B9C9F80000BD
:102DA000E3687360238A3380638A73806369F360A6
:102DB000A3693361E3697361D9E7012025F0A2F9C2
:102DC000C9F8000030B1D8F8002004F124012DF03A
:102DD0003AFDE5E76FF08C05C9E700BF1024040851
:102DE0002DE9F04F9B4691B00B1E0A93AD4B9046D8
:102DF00014BF8146994600241A9E9BF8000070B9C2
:102E0000444538BF224643464FF000000A9928BF88
:102E100008F1FF32C847204611B0BDE8F08F2528E1
:102E20000BF1010B06D0224643460A99651CC847A0
:102E30002C46E2E700230DE02D2A2AD0302A06D0C6
:102E4000303A092A4FF0000711D80A2532E043F042
:102E500001038B46594611F8012B2B2A1CD0EBD8C5
:102E6000202A1CD0232A1DD02A2A2BD000279BF8E9
:102E700000202E2A64D19BF801100BF10102A1F170
:102E80003000092843F4806351D800254FF00A0C24
:102E900026E043F00203DCE743F00403D9E743F004
:102EA0000803D6E743F01003D3E78B4605FB072260
:102EB000A2F13007594611F8012BA2F13000092880
:102EC000F3D9D4E756F8047B8B46002FBCBF43F000
:102ED00002037F42CBE702460CFB0511A1F130054E
:102EE000104610F8011BA1F1300EBEF1090FF2D906
:102EF000114611F8010B6C282CD024D8682830D04A
:102F00006A2837D011468B461BF8010B672875D805
:102F100057284BD8452807D085D9462800F031815D
:102F2000472880D143F4006343F020033FE12A297E
:102F300007D156F8045B0BF1020225EAE575D7E7E5
:102F40005A460025D4E7742801D07A28DAD143F410
:102F50008073D8E750786C28F9D143F44073911C02
:102F6000D1E75078682802D043F08003CBE743F0E4
:102F7000C003F4E743F40073C5E70A2A00F0628156
:102F8000072A7FF450AF43F0210305930823CDE9CE
:102F900003531023CDE9011356F8043B2246009356
:102FA000484643460A9927F073FBFAE0A0F158021D
:102FB0000F2A3FF638AF01A151F822F02D30010859
:102FC000272E0108272E0108272E0108272E010889
:102FD000272E0108272E0108272E0108272E010879
:102FE000272E01082D300108CD3101082D300108B0
:102FF000A731010887310108A7310108A0F1690252
:10300000D2B20F2A3FF60FAF012149F2410C914095
:1030100011EA0C01B1D0782803F4806122D1002993
:1030200000F0908023F00D02102307E0622803F4E3
:10303000806220D142BB23F00C02022312F4007103
:1030400000F08380CDE907720022CDE9043206F159
:10305000070A2AF0070A06950292FAE80223CDE948
:1030600000233DE06F2812D123F00C0209B123F0B8
:103070000D020823E2E7582816D1002A39D123F09F
:103080000C0242F02002CFE723F00D02D5E76928B9
:1030900023F0100230D023F01C0209B123F01D02EE
:1030A0000A23CBE7CFA4030842BB23F01002930509
:1030B00027D5073626F00706B24671685AF8083B4E
:1030C0000A26CDE907720027CA0F0029CDE9046757
:1030D0000695029202DA5B4261EB4101CDE90031D3
:1030E0004346224648460A9927F015FB04465646B1
:1030F00083E623F00D02C4E70029D8D023F01102A3
:10310000D5E7D00506F1040A01D5336802E051067F
:1031100013D53378CDE904720A22002B02924FEACC
:10312000D37203950192B8BF5B4200934346224697
:1031300048460A9927F0ACFAD8E71306E5D5B6F960
:103140000030E7E723F00C026EE7D00506F1040A31
:1031500006D5CDE90472CDE9023501913368E4E783
:10316000510608D53178CDE902350023CDE9047246
:10317000CDE90013DAE7316812F0800F18BF89B289
:10318000F1E743F02003CDE90173073626F0070687
:103190000095B6EC020B4346224648460A99F3F7DF
:1031A0007FFA044629E6672801D143F40063CDE99C
:1031B0000173073626F007060095B6EC020B43466E
:1031C000224648460A99F3F7AFF8EAE713F00205FA
:1031D00023D04FF0010A631C0B93224643460A9901
:1031E00016F8040BC8475DB354460B9A1EE04346DD
:1031F00020200A99C8470AEB04020AF1010A574540
:10320000F5D8002F07F1FF3308BF002307F1010AAB
:103210001C4408BF4FF0020ADDE7AA46EBE7551C45
:10322000434620200A99C8472A460134BC42F6D3B7
:10323000A7EB0A03574538BF00230B9A1A440B9299
:103240000B9CDAE53246002D52F8046B14BF294678
:103250004FF0FF310B9232463144107808B18A4268
:1032600011D1A2EB060A13F480620C9202D0AA4597
:1032700028BFAA4613F002030D931BD1AAEB040347
:1032800022460F9308E00132E7E7531C0E932020FB
:1032900043460A99C8470E9A0F9BD3189F42F4D809
:1032A000A7EB0A03574538BF00230AF101021C446B
:1032B00003EB020AA31B0E9304E01D46434622467D
:1032C0000A99C8470E9BF41816F8010B28B10C9BFD
:1032D000002BF3D06B1E002DEFD10D9B93B1224636
:1032E000AAEB040505E0561C434620200A99C8476E
:1032F000324653199F42F6D8A7EB0A03574538BF09
:1033000000231C440B9E78E50FB41FB506AA52F8A3
:10331000043B02A90392009204484FF0FF32FFF7EA
:103320005FFD05B05DF804EB04B07047B5A7030876
:103330001FB5034600914FF0FF3203A90248FFF783
:103340004FFD05B05DF804FBB5A703081FB5CDE937
:103350000201009302A9134603484FF0FF32FFF722
:103360003FFD05B05DF804FBBDA7030808B5154B8C
:103370004FF4E472002118462DF053FA0922034657
:10338000026142611048114A98614FF48061DA612C
:10339000002219629A625A62DA62C3F8F0000C489D
:1033A000C3F8F400C3F8F8100A49C3F80021C3F8C1
:1033B000FC20C3F8042111F8010D98540132102AA1
:1033C000F9D108BD0060002080240408005C0020C2
:1033D00000580020992404082DE9F84FDFF8888070
:1033E000824698F800308946532B164601D0FFF7E5
:1033F000BDFF182707FB0A87D7F80051D7F8FCB0A4
:103400005D452FD9D7F8F840D7F8F410641BB442C3
:1034100028BF34464846294422462DF014FAD7F8EE
:10342000F8302544AB4208BF0025A144361BABEB66
:10343000050B5E4528BF5E465EB1182303FB0A8379
:10344000D3F8F4103246294448462DF0FCF93444B0
:10345000354424B1182303FB0A88C8F800512046DC
:10346000BDE8F88F0024E2E7006000202DE9F84372
:10347000174E1F4633780546532B8946904601D098
:10348000FFF774FF082D1FD8EFF311824FF02001D2
:1034900081F311886DB11824002304FB0564C4F87E
:1034A000F090C4F8F480C4F8F870C4F80031C4F89F
:1034B000FC30182303FB0566089BC6F8043182F331
:1034C00011880020BDE8F8834FF0FF30FAE700BF15
:1034D000006000202DE9F04F144687B09B46C36B77
:1034E00006460D465B69012202A960689847F36BA6
:1034F000012203A95B692846984702A827F03CFDF2
:10350000074648B10023A37563754FF0FF33A360EE
:10351000002007B0BDE8F08F03A827F03AFD012393
:10352000A375237E04EBC303DD611F846368AB4294
:103530000ED1206003A827F04EFD4FF0FF33207519
:10354000A360237D043B022B25D80023A375DFE76E
:1035500023681A1A03A853425341A37527F03BFD71
:10356000237D834203A818BFA77527F016FD0746E1
:1035700002A827F012FD874203A81CBF0023A375F1
:1035800027F013FD074602A827F00FFD87421CBF56
:103590000023A375D5E703A827F0FFFC80B1F36BE8
:1035A000022204A928465B69984704A827F004FD75
:1035B0000346207D032839D8DFE800F038380409B5
:1035C00003A8F3E7237ECC2204EBC3031A8401F0A3
:1035D0007FFC109B187003A8277E27F0D2FC04EB19
:1035E000C70787F8220003A8237E04EBC303B3F8C0
:1035F000209093F8227027F0D0FC804603A827F093
:10360000D4FC8246B8F1000F15D0F36B022204A956
:1036100028465B69984704A827F093FC6075637D92
:103620006BB90023A3754FF0000838E0227E04EB4D
:10363000C2021384CBE703A827F06EFCEEE794F8F0
:103640001680B8F1000FEED0B9F1000F09D1DFB14B
:103650000123627EE375002A44D19F4218D1677628
:1036600014E0736C05EB0A02594285EA0200084235
:103670001CBF0021A175591E0A409B1A9945D0D83C
:10368000A37D002BE3D1CEE7E37D43B94FF00008E3
:103690004B4652462946304627F0EAF9A060A27D03
:1036A00012B123694B4423611349237E097899425F
:1036B0001ED901332376BBF1000F1BD0D2B1E37DBD
:1036C000C3B1B8F1000F15D1032F13D0A1684B1C63
:1036D00010D0109B2246304600930123FFF7FAFEDC
:1036E000A07507E0012FDAD0032F08BFA376CDE73E
:1036F0000023A375A07D0CE7600904082DE9F04FB5
:103700000E468BB09846002304464FF0FF3110461A
:1037100017468DF8133001F0C5FBB6F5801F3BD37B
:10372000B21C53D1E56A6B1C57D1616A204627F061
:10373000E5F80546B31CDFF8189118BF0123019383
:10374000636A05A9626C4FF0000B0293236802FBC9
:10375000053AE36B05225B695046984705A827F0B8
:10376000C4FC27F0E7FC504627F0EFFC82460146F8
:103770004B1C05D0636C81EA0A025B42134232D0D3
:103780002946204627F0BAF8029BAB424DD0BBF148
:10379000000F4DD10546D3E7314605AA04F10800D4
:1037A00027F0A0FB0146481C10D0384601F07AFBF8
:1037B0000DF1130301223946204627F0D5F928B12F
:1037C0009DF8133088F80030002003E0237C002BA4
:1037D000A8D11D480BB0BDE8F08F2368ED1A636CCB
:1037E000B5FBF3F5A6E7484601F05CFB0DF11303CA
:1037F000019A4946204627F0B7F9034690B1B21C1A
:1038000003D0D9F80020B2420CD19DF813204946CC
:10381000039338460D4B88F800201A682DF013F8F2
:10382000039B9B46D9F80810A2E7BBF1000FD0D04C
:10383000B6F5801FC8D298F8003031467A6804F196
:10384000080001F073FABFE70BE000F05C09040820
:10385000001F00202DE9F3410E4604461746984606
:10386000816A194DE36A8B422AD04B1C18E0284626
:1038700001F018FB0DF1070301222946204627F02D
:1038800073F930B143469DF8072029462046B847D2
:10389000B0B1A9684A1C05D0012E0AD0E36A99424A
:1038A000E5D10DE06968204627F0B5F8012E014604
:1038B000D8D16B6881EA0302636C5B421A42D1D0B3
:1038C00002B0BDE8F08100BFD41E00202DE9F04118
:1038D000036B9046826B90B007680E469A42426C2A
:1038E00001A9044688BF8363436A02FB0377C36B65
:1038F00005225B693846984701A827F0F6FB0128A6
:103900000146307056D0656C06A9E26B2368606A88
:10391000D2F814C0052205FB00300025E04706A8B8
:1039200027F0E3FB012823D001218DF834800E9588
:103930008DF83C10D4E90A32CDE90B4593422AD1E7
:103940001946204627F067F8236B626C1433E06257
:103950009B1A23630C9B53B99DF83C303BB1626AC0
:10396000616C2368E06B01FB023127F076FB0C9D54
:10397000E36B052201A938465B69984701A827F047
:10398000B4FB3070236B2846A26B9A4288BFA363B6
:1039900010B0BDE8F081237C33B90BAA1C4904F1B7
:1039A000080001F013FAD5E70BAB1A4A2046FFF7DF
:1039B00051FFCFE7237C23BB2246174904F10800BF
:1039C00001F004FA616A204626F0B9FF616A421CE0
:1039D000204626F082FF054620B9236B626C134413
:1039E000143B2363A16A204627F015F82368A062E0
:1039F000C01A636CB0FBF3F06062204627F04FF80A
:103A0000B6E70023054A2046FFF724FFDAE700BFA8
:103A1000CD43010849430108F1AB03088DAB03080E
:103A200073B50D46D11E1C461B7E4A424A419A423E
:103A300026D129682368994222D3636899421FD806
:103A4000114E0DF107033246FFF758FEC0B97268F8
:103A50006B689A4214D19DF80730DA1E53425341E5
:103A6000227E93420CD1636901336361D4E903235D
:103A7000934205D22968A26842F8231001332361DA
:103A8000012002B070BD00BF2C1F00202DE9F04FB7
:103A90008BB09A46DFF854B180469DF850300D4601
:103AA00016460293DBF810305345C0F09880DBF8DF
:103AB0000430D1460193B9F1000F00F08C80D8F8A2
:103AC0003C30012207A901985B69984707A827F0B5
:103AD00060FADBF80030984240F0848007A827F0B5
:103AE00064FA0428074614D107A827F065FA019B59
:103AF000029A04463B44002A3ED1864212D9361A25
:103B000014460199404626F086FFA9EB040901906E
:103B1000D1E7D8F83C30022208A901985B699847A0
:103B200008A8E2E7841B9F19544528BF5446032C7C
:103B3000AAEB040A4FEA94021CD9D8F83C30294673
:103B4000384604F003065B69984724F003031F44DA
:103B50001D44002ED5D0D8F83C30012208A93846A3
:103B60005B6998473246284608A935442CF06BFE1D
:103B70000026C6E72646ECE700F0030203440746AA
:103B800003922A1805930492049BDD1B059BD81B06
:103B9000039B9F420FD1002FB3D0D8F83C300122B5
:103BA00008A95B6998473A4608A928462CF00FFEF9
:103BB00078B93D44A5E7D8F83C30012208A95B69F3
:103BC0009847042208A928462CF001FE08B9043FB2
:103BD000DAE7DFF81C9048460BB0BDE8F08FDFF85D
:103BE0001490F8E7DFF81090F5E700BF581F0020A9
:103BF00012E000F011E000F022E000F02DE9F041C9
:103C00000F4688B016469846044660B390F8345084
:103C1000FDB1012126F037FE0E9B0021CDF8048076
:103C20000496CDE902379DF83C308DF81C30237C9A
:103C3000CDE905118BB901AA0C4904F1080001F086
:103C4000C5F8E06BDDE90553002E08BF1D4626F0E0
:103C5000DDFF284608B0BDE8F08101AB044A2046EC
:103C6000FFF7F8FDEDE70546F3E700BFBBAB030840
:103C7000213A01087FB590F8426004460DF10B032C
:103C8000019230460A46124926F0C8FF012E054629
:103C9000E36B19D15B69324603A998479DF80B1075
:103CA000039B019A59B19BB243EA02430393012259
:103CB000E36B03A928469B69984704B070BD1B0CB1
:103CC00092B21B041343F1E79B69012201A9F3E7B8
:103CD000581F00202DE9F04F99B00F460446099275
:103CE0000A69416C0E93D31D1439B3FBF1F3013310
:103CF00002EBC302036B9342C0F00F820023DFF894
:103D000024940D93E36A48461946079301F0CAF8D4
:103D1000D7E9033604930E9B022B4ED1CC2E40F0F4
:103D20008C81099B002B42D03946204626F0CCFFDF
:103D3000656C079A6B1E14901340ED1AE36B012219
:103D400016A978685B69984716A827F026F9002815
:103D50000CBF04230823782E06933FD901230025A6
:103D60004FF0080A05933B6805990E98C9F8003092
:103D7000C9F8106027F033F94FEA9A03DDF81CB058
:103D800089F81400109300230B930F9308930C935E
:103D9000616C4A1E0BEA02028B1A002E3AD055447F
:103DA000AB4242D8236B5B1A13442363ADE0049B00
:103DB0001B68149308230693D0E7656C782E079A46
:103DC00005F1FF3303EA0203A5EB030516D8FB7DDB
:103DD0007BB9099B002BB1D104230693331DAB4261
:103DE00010D9A6B1082DB9D804250023AA460593F9
:103DF000B9E7099B002BA1D10823EEE7099B002B13
:103E00009CD1D7E7002505954FF0040AABE70425C0
:103E10000596F9E75345C5D30BEB0A03B046039368
:103E2000089B002B18BF032313E0A3EB0A03B04643
:103E30000BEB0A029E42039228BF98469E42EFD99E
:103E4000D9F810200123964289F8173071D1C9F8AA
:103E500004B0089399F81730002B6CD099F818200B
:103E60000899D31C013209EBC30389F81820C3F861
:103E700004B0A3F808809972B8F1000F14D00E9B1B
:103E8000022B5BD10B9B7BB90F9B4344032B0BD9BC
:103E9000E36B012214A903989B6998470546002803
:103EA00040F03D8101230B93089B16A80193059BCD
:103EB0000093434699F81420396800F0A9FFE36B9A
:103EC000109A16A99B6958469847051E0D9B18BF66
:103ED0005B4652460D9359464346204626F0C8FDA0
:103EE000236B08F10302C9F80800A3EB0A0322F0D0
:103EF00003029B1A2363002D40F011810F9BA6EB58
:103F00000806DDF80CB043440F935946204626F0CE
:103F100082FD00258346002E7FF43AAF814A04F1EA
:103F20000800396893685268E3620E9B00F0FEFE59
:103F3000DEE002238DE7C9F804B09DE7099B002B62
:103F400030D1049BB8F1030F43440A9327D9E36BA4
:103F50004FEA98029B69DDE903019847054600286E
:103F600065D118F003025FD028F00305049B2B44B1
:103F70000493039B1D444FF0FF33049915A8159338
:103F80002CF061FCE36B2846012215A99B69984738
:103F90000A9B05460493002D86D0039B99E7039D59
:103FA0004246E8E7039B0A9307F120031193FB7D48
:103FB00078689BB13D7E00230C9AD9B28D4211D90D
:103FC000119903F1010C31F83310914226D907EB16
:103FD000C3030699D8690A44104403E00C9B069A6F
:103FE00013441844E36B012215A95B699847159B9C
:103FF000012213A913930C9B0A9804330C93E36BCF
:104000009B699847039B0A9A054643449B1A042BD5
:1040100007D978B9134604330A93C8E7521A63469E
:10402000CBE70A9B0393B6E70A9B04933CE70A9B02
:104030000493B2E70A9B0393AFE73B4E04F10803F6
:1040400003932368079A606CA2EB030ABAFBF0FAA9
:1040500000FB0A3027F079F8E16A8046204626F016
:10406000DAFCA26A82424AD0626CD9F80830511E4A
:104070002568E0620B40216B891A0B4423630D9B7A
:104080005D1BB5FBF2F5AA4536D1079BB3EB080AD9
:1040900012D0E36B4FEA9A0241469B699847E36A64
:1040A000079A834653440398DA46E362236B9B1ACC
:1040B0004344236326F0E7FE2368616CE06B01FB59
:1040C000053126F0B7FF204626F0E8FB204626F013
:1040D000E6FC2063BAF1000F11D03A69616CD31D80
:1040E0001439B3FBF1F3013302EBC3029042A8D2BF
:1040F000304619B0BDE8F08F4FF0000ADCE73A69AE
:10410000616CD31D1439B3FBF1F3013302EBC3022D
:10411000236B9342BFF4F6ADEAE7044EE8E72E4680
:104120008CE700BF001F002023E000F006E000F055
:104130002DE9F3471E46436904468846B3421746B5
:104140009DF828903DD300258DF80750D4F830A075
:10415000204626F06FFB82450AD2236AB5EB430F57
:1041600006D200220DF107012046FFF7AFFB30B366
:104170009DF80730012B05D100220DF107012046E3
:10418000FFF7A4FBB9F1030F06D0256B314620469B
:1041900026F03BFB854218D30D4D4FF0FF312846EA
:1041A00000F080FE4B46002229462046C5F80080DC
:1041B000C5E9037602B0BDE8F047FFF78BBD0135D6
:1041C000C4E7044802B0BDE8F0870348FAE700BF3F
:1041D0002C1F00200FE000F006E000F02DE9F04772
:1041E00090F8426086B005468F1A012E039115D1D2
:1041F000B7F5807F4FF0640828BF03260024DFF85E
:1042000044A14FF6FF7995F84230012B14BF3223B9
:1042100064239C420AD35FFA88F415E0B7F5803F27
:104220004FF0320834BF01260226E7E705AB2246ED
:104230005146284626F026FD95F84230012B059B75
:1042400034D14B452DD1E4B295F84230012B0CBF4F
:1042500064223222121BB24217D3012E39D100221E
:10426000012B05978DF8132027D1082205A90DF100
:10427000130026F0C1FE9DF81330059A42EA03228E
:1042800021462846FFF7F6FC40B102232D4903AA38
:1042900028460093CC230968FFF74AFF06B0BDE823
:1042A000F087DBB203B902340134ACE7591CCAD041
:1042B0009BB2002BF8D10134F6E7102205A90DF1CD
:1042C000130026F099FE9DF81330059A42EA034246
:1042D000D6E7039A012B059223D10823202205A9B2
:1042E0000DF113008DF8133026F086FE9DF8132093
:1042F000120221462846FFF7BDFC95F84230611CAA
:10430000012BC9B21AD10028BFD1BDF8142028460C
:10431000FFF7B0FC0028B8D10234BDF81620E1B296
:10432000AFE71023202205A90DF113008DF81330FB
:1043300026F062FE9DF813201204DAE70028A4D1CB
:10434000059A9EE7581F0020032A2DE9F3410646EF
:104350000D4617461C4606D1237A012B23D0012097
:1043600002B0BDE8F081DFF860800DF10703096855
:104370004246FFF7C3F960600028EDD19DF80720A1
:10438000237A032AE8D0D8F804106A689142E3D16E
:10439000012B2969D4F80CC007D10CEB0103726919
:1043A000934202D92074207CDAE708313B4601228F
:1043B00030466144E1602946FFF78CFC60600028CC
:1043C000CAD00020CCE700BF2C1F00202DE9F3410C
:1043D000089C032A1746266806D1237A012B24D08D
:1043E000012002B0BDE8F081DFF890800DF10703F5
:1043F00030464246FFF782F960600028EDD125681B
:10440000D8F80400A96AD5F844C04840227ACCF113
:1044100000031840E1D1012A09D1E268D8F8103030
:1044200013447269934202D92074207CD9E728682A
:10443000EB6A1B1A081AB3FBFCF3B0FBFCF08342D7
:104440000BD1706CF36A421E1340326B121A28466D
:104450001344336326F0DFFAE862D8F81020E368EB
:1044600008320649206813440122E3603B46FFF707
:1044700031FC60600028B0D00020B2E72C1F002083
:104480002DE9F04F4FF0FF334FF6FF72002500F19A
:104490000806044687B0C3620F4605620563C0E99B
:1044A0000923304626F0EFFC204626F0F7F928BB1A
:1044B0002046394626F072FA204626F0EFF928BB4E
:1044C0008A4D204626F01EFBECE0E26B01A9236832
:1044D000606CD2F814C0052200FB0530E04701A84B
:1044E00026F003FE012828D12946204626F027FA87
:1044F000421C2946204626F0F0F90135E3699D4229
:10450000E3D3204626F0CAF90028D1D000254FF089
:10451000FF394FF6FF73CA46A846C4E90853E3695A
:10452000984514D3A5EB0905012D37D8636A4FF6DA
:10453000FF72934247D16E4DC3E726F000FE00287C
:10454000DBD02946204626F0FAF90246D1E7236857
:1045500001A9E26B606C5769052200FB0830B8477F
:1045600001A826F0C2FD834601A826F095FD074666
:10457000584626F0DFFD70B15745236ABA4638BF6A
:10458000C4F82480B94503F1010328BFB946BD42F0
:10459000236238BF3D4608F10108C0E74FF6FF73BC
:1045A00000256362E3699D42C0D2676C05222068E2
:1045B00001A9E36B07FB050001355B69984701A87A
:1045C00026F06AFDEEE7E26B01A9676C2068556989
:1045D000052207FB0300A84701A826F05DFD626ADB
:1045E0002368606C434D00FB023026F0AEFD4FF0B7
:1045F000FF33A0622A46E3626FF001010DF103036D
:104600002046FFF77BF8002850D1AD6829462046A8
:10461000E56226F01FF9206320B9E16A204626F002
:10462000FAF9E0622946204626F0F5F90546A36A24
:104630009D423DD165692046626CE91C143AB1FB8C
:10464000F2F105EBC1050335B5FBF2F5023526F0B5
:1046500059FA8046A8423DD2616A204626F04EF9BA
:104660000027064604F1400A474512D3626C01A9AF
:10467000236802FB0639E36B05225B6948469847CD
:1046800001A826F009FD534602464946E06B26F094
:104690005EFD01373146204626F030F9AF4206462E
:1046A000E2D3154D284607B0BDE8F08FA56AADE707
:1046B0002946204626F0CEF8236B074629460344B8
:1046C0002046236326F0A7F90546002FAFD1C4E9A1
:1046D0000B07ACE73046002526F0D5FB0023074A40
:1046E00020461946FFF7B6F8EBE600BF03E000F0FE
:1046F00016E000F02C1F002013E000F057AB030879
:10470000634A00232DE9F04117680E460446136002
:1047100018B9604D2846BDE8F08190F834500DB3CB
:1047200009680268914240F0AA807168426891422B
:1047300040F0A580B1688268914240F0A080F168A5
:10474000C268914240F09B8031694269914240F0D9
:104750009680B169C26B914240F0918072691D46AA
:104760008261D7E750222946D0F838802CF059F8DA
:10477000336804F10800C4F838802360736863600C
:10478000336963617369D6E90212A36126F08DFB78
:10479000B36904F14000E3639B68984794F84320B1
:1047A00020B1E561002AB4D03B4DB3E7656C002D24
:1047B000F7D06668B6FBF5F3E361002AA9D0B542ED
:1047C000F2D82268B2FBF5F105FB1122002A58D17C
:1047D00005FB1363002B54D1204626F02BF8A36968
:1047E000043303449E424ED3636940F63472CC3B9B
:1047F00093424AD8B5F5007FD6D30321204626F050
:1048000042F8E36BD4E900011B689847E36B054667
:104810000220DB6898471DB1002384F834301EE085
:1048200039462046FFF72CFE1C4B0546984204D122
:1048300039462046FFF724FE0546636C143B002DE5
:10484000EAD1226A204602FB03F625F0F3FFA369B2
:10485000043303449E4206D284F83450104DE06B7A
:1048600026F0D4F956E70F4A012384F83430136850
:104870000133D4E90001136022F035F9EFE70A4D66
:1048800048E70A4D46E7064D44E7094D42E700BFB9
:104890001033002009E000F004E000F013E000F025
:1048A00002E000F00C33002008E000F001E000F02E
:1048B00005E000F02DE9FF410F4690461E460546F3
:1048C00098B390F8343093B3B1F5801F31D21A4CBD
:1048D000022125F0D8FF0DF10F0322463946284664
:1048E000FEF70CFF024678B10123424639462846BE
:1048F00000933346FFF71CFC0446E86B26F086F96C
:10490000204604B0BDE8F0819DF80F30012BEBD1BB
:104910002169B142E8D10093414633462846FFF76A
:10492000B5F804460028DFD1E7E7044CE8E7044C7B
:10493000E6E7044CE4E700BF581F002009E000F060
:1049400007E000F00AE000F02DE9FF410C461646B2
:104950001F46054688B390F8343083B3B1F5801F05
:104960002FD2DFF87C80012125F08DFF21460DF14B
:104970000F0342462846FEF7C1FE044670B99DF873
:104980000F30012B11D1D8F81030BB4213D10246A1
:10499000009031462846FFF779F80446E86B26F088
:1049A00035F9204604B0BDE8F081074C074A022BD8
:1049B00008BF1446F2E7064CF0E7064CF1E7064C58
:1049C000EFE7064CEDE700BF0BE000F00CE000F075
:1049D00011E000F009E000F007E000F00AE000F06C
:1049E000581F00202DE9F04385B00C4617461E469F
:1049F000DDF830800546A0B390F834309BB3B1F5B4
:104A0000801F32D2DFF88090012125F03CFF214643
:104A10000DF10F034A462846FEF770FE044688B99A
:104A20009DF80F30012B14D106EB0803D9F81020A4
:104A30009A4214D300904346324639462846FFF73F
:104A400025F80446E86B26F0E1F8204605B0BDE8FD
:104A5000F083074C074A022B08BF1446F2E7064CC6
:104A6000F0E7064CF1E7064CEFE7064CEDE700BF38
:104A70000BE000F00CE000F011E000F009E000F0C5
:104A800007E000F00AE000F0581F002070B586B083
:104A90000E4605460392A0B390F834309BB3B1F5AF
:104AA000801F32D2022125F0EEFE0DF11703184AC5
:104AB00031462846FEF722FE044618B99DF8173005
:104AC000032B0ED1022303AA314628460093CC23A0
:104AD000FFF72EFB0446E86B26F098F8204606B058
:104AE00070BD022B0BD10A49284626F0EDF8039938
:104AF00002468142EFD02846FFF770FBEAE7054CFB
:104B0000E9E7054CEAE7054CE8E7054CE6E700BFB6
:104B1000581F00200DE000F009E000F007E000F071
:104B20000AE000F073B50C461646054630B390F81F
:104B300034302BB3B1F5801F24D2012125F0A3FE20
:104B400021460DF10703104A2846FEF7D7FD04461B
:104B500080B99DF80730032B0CD0022B0CD10A49E9
:104B6000284626F0B1F83060E86B26F04FF8204672
:104B700002B070BD054CF7E7054CF5E7054CF6E7CC
:104B8000054CF4E7054CF2E7581F00200BE000F05D
:104B90000DE000F009E000F007E000F00AE000F0AE
:104BA000F7B50C461646054668B390F8343063B343
:104BB000B1F5801F2BD2022125F065FE0DF1070310
:104BC000144A21462846FEF799FDC0B99DF80730E2
:104BD000032B14D0022B14D10E49284626F074F86A
:104BE000471C024628463946FFF7F8FA044606B144
:104BF0003760E86B26F00AF8204603B0F0BD064C9B
:104C0000F7E7064CF5E7064CF6E7064CF4E7064CEA
:104C1000F2E700BF581F00200BE000F00DE000F0AD
:104C200009E000F007E000F00AE000F02DE9F341B0
:104C30001F4600230C46164605463B6050B390F8CD
:104C400034304BB3B1F5801F28D2DFF864800121E6
:104C500025F019FE21460DF1070342462846FEF7CE
:104C60004DFD0446A0B99DF80730032B10D0022B50
:104C70000AD10123336004233B60E86B25F0C6FFB3
:104C8000204602B0BDE8F081D8F810303060F3E77C
:104C9000034CF2E7034CF3E7034CF1E7034CEFE777
:104CA0000BE000F009E000F007E000F00AE000F09F
:104CB000581F002030B50C4685B0054628B390F843
:104CC000343023B3B1F5801F23D2022125F0DBFD60
:104CD0000DF10F03104A21462846FEF70FFD03464B
:104CE00088B99DF80F20032A0DD003222146009297
:104CF00002462846FFF71CFA0446E86B25F086FFBB
:104D0000204605B030BD054CF7E7054CF8E7054CEB
:104D1000F6E7054CF4E700BF581F00200BE000F059
:104D200009E000F007E000F00AE000F02DE9F041B2
:104D30004668002E46D005684FF0000CA846AE46E7
:104D400055F83C400CF1010CC4F31307013401D0B9
:104D5000B94218D0B4450EF1080EF1D12F46002407
:104D600003E0B44207F1080713D055F834C001340A
:104D7000BCF1FF3FF5D1C1F313017A6041EA035161
:104D80003960BDE8F08141EA0353CEE90032BDE865
:104D9000F081032B16D0002403E0B44208F1080888
:104DA00010D055F834700134C7F30757032FF4D1EE
:104DB000C1F31301C8F8042041EA0353C8F80030D6
:104DC000BDE8F08101230372BDE8F0812DE9F043D5
:104DD000476883B0C7B106468846914600243368C9
:104DE000304653F8345003EBC4030134C5F3075283
:104DF000C5F31301013505D05B68CDF80090C047BD
:104E000010B17768BC42EAD303B0BDE8F08300BFBD
:104E100073B5012A044622489DF8185000EAC111D2
:104E200023F07C4007D9961E012E28D9073303F0C2
:104E30007F03194308E09DF81C300A43DB0603F0AA
:104E4000C053134343F060410023C4E900108DF8C0
:104E50000730B5B1202221460DF1070026F0CCF82D
:104E60001A220DF10700211D26F0C6F863689DF88F
:104E70000720082043EA8263636002B070BD1143DB
:104E8000E2E71B220DF10700214626F0B5F8236862
:104E90009DF80720042043EAC2632360EDE700BFCA
:104EA00080FFFF0738B5094B0D46002104461A68FC
:104EB0002BF0B7FC00234FF0FF322361A260E382A6
:104EC0002383A376C4E9002538BD00BF5C0904082C
:104ED0000138C0B205289ABF014B185C0120704709
:104EE0009A2404082DE9F0410E46596888B0074617
:104EF0001546490A0024012922464FEA510104F1CE
:104F00000104F8D8DC78520399784FF000082403A4
:104F10001B88C9020DF1070004F48054C3F30A038F
:104F200001F4006192B28DF807800C4302A923447A
:104F30009C18254B1B22039325F07843ED436FEA21
:104F40000444029326F058F89DF8072025F0784590
:104F5000029B02A90DF10700029543EAC2631B22DE
:104F60008DF807806FEA1444049326F045F89DF805
:104F7000072007A9029B06F11000079443EAC263C9
:104F8000012205934FF0FF330693BB69984704460F
:104F9000BB6905A9012206F108009847404518BFE2
:104FA0000446BB6904A90122301D9847404518BF3B
:104FB0000446BB69012203A930469847404508BF13
:104FC000204608B0BDE8F08101009AB213B504464E
:104FD000694626F00EF9204626F024FAFF280246FC
:104FE00006D020469DF80010F4F7BCFB02B010BDBF
:104FF0000048FBE70080FFFF2DE9F0418AB001ACDB
:1050000005460B462746194A02F1200C2646106831
:105010005168083203C662453446F7D1002B08BFF9
:105020003B46002710681C463060384603F10C06EA
:1050300090B95FFA87F842462846218826F0BCFAE4
:1050400050B942462846E18826F0C7FA20B94246C0
:105050003146284626F0D3FA0137032F06F1080619
:1050600004F10204E4D10AB0BDE8F081A8240408E8
:10507000F0B589B005460E4601F0F6FF044600BBC8
:1050800001AC06F10C070FCF0FC497E8070084E8C6
:10509000070001A9284606F0A9F82846311D26F088
:1050A000DBFC044648B92846074901F0D9FB044611
:1050B00018B9284601F0A2FF044628463168FFF7D8
:1050C0009BFF204609B0F0BDA0240408014926F04A
:1050D000FAB800BFED6F010870B5164E03280446FC
:1050E0000D4633781ED023FA04F202F00102AA42E0
:1050F0001DD053B10122A240A54023EA02032B4355
:10510000DBB233704BB1012070BD2DB10A4B0120D1
:105110001B6898473378EDE73570074B00201B6814
:105120009847F0E79A07DED003F0FC03E9E7002098
:1051300070BD00BF9C49002050330020F8B50546E3
:105140000C4621F053FC104F06463B7833B1012D3D
:1051500004D01CB90D48F9F7BDF83C70214628462B
:10516000FFF7BAFF0A4B04461B783BB93B782BB9D3
:1051700026F0FCF910B1074B1B689847304621F028
:1051800039FC2046F8BD00BF9D4900202433002093
:105190009C490020AC500020054A0B46117831B1E3
:1051A00000211170034A0121526818781047704796
:1051B0009D490020AC50002038B5074D04462B789F
:1051C000834207D001F076FE20462C70BDE83840BF
:1051D000F8F7CCBB38BD00BF9B4900201B4B022910
:1051E00010B5187002D0032904D010BD184B1B78DD
:1051F000002BFAD105F076FF0028F6D04FF00052D0
:10520000144BC3F88020BFF34F8FBFF36F8F01F0B3
:10521000D9FD0028E9D001F0D7FB0028E5D10E4BDD
:105220001C6834B123689847BDE81040002001F0A5
:1052300035BE26F044F8094B186022F0D6FF084B23
:105240001860204601F0C6FDEEE700BFD5550020EE
:105250009B49002000E100E0703300204C33002027
:105260004833002038B504460D4605F03BFF80B1B9
:105270004FF00052124B1A6001F0A4FD48B9012D05
:1052800007D8012001F00AFE0E4B1B6823B15B68B2
:1052900098470D4B1C7038BD22F0A7FF0B4B1A68C6
:1052A000801A1860F9F7F0F84FF47A72084B1B680F
:1052B00002FB003026F005F8012001F08BFDE8E745
:1052C00000E100E070330020D55500204833002075
:1052D0004C330020F0B585B021F088FB324D0446F8
:1052E0002B7823B13148F8F7F5FF00284FD1F9F7B3
:1052F000A1F802AA03A926F023F9034600283FD00B
:1053000026F032F9029B984223D10020284B0399C2
:105310001B68284E9942307027D90027C91A0123EB
:1053200022482B70244A3346CDE9007722F039FF1A
:10533000002834D1214A1378D90708D5317831B9FA
:1053400003F0FE03137013B91D4B1B6898472046EA
:1053500011E026F007F9029B98421ED00023184660
:105360001349144A0968137003910121FFF7B4FE31
:10537000002320462B7021F03DFB002005B0F0BD3E
:1053800020462B7021F036FB012005B0F0BD2046F1
:1053900021F030FB032005B0F0BD0220B6E7032367
:1053A00020462F703370F3E79D49002024330020FE
:1053B00044330020D4550020995101089C49002015
:1053C0005033002038B521F011FB144D04462B78E2
:1053D000EBB9134A13491370134B144A14481A605B
:1053E000144A5A60F8F7F6FA13491448F8F7F2FA33
:1053F000134A144B1A60144B5B6F03F44073B3F5FC
:10540000007F02BF0222114B1A6001232B70F8F7B4
:1054100035FE204621F0EEFA002038BD9E490020DE
:105420009D490020CC240408AC500020D55201082E
:10543000143300203D510108D42404081C330020FB
:10544000B95101085033002000400050443300207F
:1054500010B50446D0F8F8200A4B4FF40061C3F8A9
:10546000C020027C120202F4006205F075FD237C6C
:1054700013F0080F4FF4007314BF034A034A536438
:1054800010BD00BF003E00B0001002B8002002B8FE
:1054900037B50C46264D69B90A46012105F05CFD79
:1054A000244BAC645C6005F0B1FD2022224B5A66AF
:1054B00003B030BD0122114605F04EFD07221E4B00
:1054C0000121DA60237901A885F8483063790193D6
:1054D00026F0F1F9019BC2B2D34000F00F0040EA80
:1054E000031085F84900A27985F84A20E27985F809
:1054F0004B202068E8640193BBB1012102888B42F4
:105500000CD821794B1E13440C4A1362C2F8CC10FC
:1055100020220B4B5A6605F079FDC9E730F811508F
:105520000131AA4228BF2A46E9E71A46E9E700BF47
:10553000003F00B0483F00B0006000B8004000B835
:10554000005000B8431C07D06FF0FF02034B10401F
:105550005A62A3F580535862704700BF00E000B85C
:10556000D0F8C83013B11A68032A10D8094BDB6B86
:10557000C3F3C20213F0380F03F0070018BF504303
:1055800013F4E07FC3F3821203D050437047986A4C
:10559000400E7047008001B82DE9F0438D788046B9
:1055A0000F2D0E4685B003D9012005B0BDE8F0836C
:1055B00025B901223A4B1A700020F6E791F80090C5
:1055C0004C78B9F1000F50D1002CEDD196F90310B1
:1055D000F08803F0EBF80128E6D059EA0403B0881C
:1055E000304F48D103F046F94FF6050184B24FF62B
:1055F00004002D4A4FF00809136E9BB2834208BF86
:105600000B463B80802301271766C2F880304B464B
:105610000022002C41D0611E02920122013DEDB218
:10562000009201954A4608F1D80002F0C3FF1FB16D
:105630004FF480121D4B5A6502211D4BB2681A604F
:10564000174B197098F81A30013B8B42B4D80323DA
:105650000120184AC2F85032174BC3F85002C2F862
:1056600064120422C3F86422A6E7B9F1080F9BD89C
:10567000082C99D8AAE703F0FDF84FF604033A88FE
:105680009A421EBF08490A663B804C4523464FF0AC
:10569000000738BF4B4684B2BAE71146BCE700BFEB
:1056A0009F4900207E55002000C001B800D001B8FD
:1056B00058330020006001B8005001B800F0180312
:1056C000182B0AD003070AD440F2011310F010007F
:1056D00018BF1846034BD86770470020FAE701202F
:1056E000F8E700BF003F00B03B4B2DE9F7431E68D1
:1056F00001F4007900F00103174653EA0902054658
:105700000C463DD04FF000087BB30023002201205F
:105710000021CDE9008804F041FB4146304603F00A
:10572000C9FB01224146F083104626F037F9B16BE0
:1057300006F1D80003F062FC28490868FFF702FF71
:105740004FF0FF330B60264B1A68511C06D06FF0E8
:105750007E402449C863A1F58051CA634FF0FF32EF
:105760001A60337C43F004033374B9F1000F07D09F
:105770000121304625F062FD24F4007405430C43FA
:10578000D6E94E232A40234052EA030103D01649AA
:10579000304609688847FB070FD51449144A086842
:1057A0000021136811600121124A117003B198475A
:1057B000114B002102205B68984717F00E0F08D0AC
:1057C00040F20B223B21002003B0BDE8F04305F07E
:1057D000F3BE03B0BDE8F08344340020B85000208D
:1057E000B450002000E000B8BC5000206833002016
:1057F0006C330020A2490020AC500020044B1868F4
:10580000830654BFC0F30F204FF6FF70704700BFF0
:1058100038340020F7B504461046D4E94EC7DDE918
:1058200008268CEA020587EA06010540194085EA48
:105830000C057940C4E94E51002523F4004106EAE5
:10584000010320F0010043F40073024043F002031F
:10585000CDE9005504F0A2FA237C9A0717D5D4F8B5
:105860003C319B0513D54FF48811204625F0E6FC0A
:10587000237C65F341032374D4E94E2302400B409B
:1058800052EA030103D003492046096888470020F3
:1058900003B0F0BDBC50002038B10368044A002BAF
:1058A00008BF1346034A13607047014BFAE700BF75
:1058B00017B30308BC500020024B986E00F00F0095
:1058C000704700BF003F00B00F2938B505460C46B1
:1058D0000ED801F005FB01280CD1074A2846936E2B
:1058E00023F00F032343936625F098FE002038BD74
:1058F0000120FCE70220FAE7003F00B0014BD86E20
:10590000704700BF003F00B0014B0020D9667047D0
:10591000003F00B003282DE9F347884664D8344B94
:1059200013F80090334B1E5C334B13F800A021F0AA
:105930005DF8074604F0FEFB054640B10023002257
:10594000CDE9003301200023002104F027FA04F000
:10595000F9FB48B100230022CDE9003300200023E9
:105960004FF4004104F01AFA002E3BD0234BDC6CBC
:1059700004F00804224B31464846DC6404F0ECFC99
:10598000012352463146484604F072FD1D4BDC644B
:10599000D5B11D4B1868816BD83003F02FFB1B4924
:1059A0000868FFF7CFFD4FF0FF330B60184B1A6804
:1059B000511C06D06FF07E401649C863A1F5805196
:1059C000CA634FF0FF321A60B8F1000F04D0124BD7
:1059D000002103205B689847384602B0BDE8F047D5
:1059E00021F008B83446C5E702B0BDE8F08700BF33
:1059F000E4240408E0240408DC240408004000B87F
:105A0000006000B8005000B844340020B8500020B6
:105A1000B450002000E000B8AC5000200F4A536C96
:105A200013F0A00F15D1906C10F0040013D10C4BA3
:105A3000D3F8EC3E23F07F4323F0FF035BB1D36840
:105A4000C3F30362092A07D0B2F10C0018BF01208A
:105A50007047002070470120704700BF000002B867
:105A6000003000B0074A084B30B10221C2F864127E
:105A70000422C3F8642270470421C2F8641202228F
:105A8000F7E700BF006001B8005001B870B50D46DF
:105A9000064620B91B4B1B68D3B1032017E001F069
:105AA0001FFA01282CD1184B93F90040D6F8C830C2
:105AB000C4F11C040BB193F92630E41A641BC4F141
:105AC0002B03002BB8BF5B42232B0CDD012070BDE4
:105AD00001F10F03002BB8BF5B42232BF6DC0A4B0E
:105AE00019700020F3E7F57420F080FF074A136A6D
:105AF00023F4FF2343EAC423136220F07BFFF0E783
:105B00000220E4E744340020A049002000C000B88F
:105B100018B9034B93F90000704790F913007047D0
:105B2000A049002010B5FFF793FC03F0E3FD20F03F
:105B30005DFF0A4A0121D2F8BC3E044623F020034F
:105B4000C2F8BC3E0222064B08469A60054B5B68D1
:105B50009847204620F04EFF002010BD003000B0D6
:105B6000001002B8AC500020094B08461A6D910293
:105B70000BD4D3F84021D20708D4D3F8803013F4E3
:105B8000706F14BF0120002070470120704700BFD4
:105B9000004001B8F8B50D46836B02EA010423EA20
:105BA0000103234383634C4A01F00B0323EA0401FE
:105BB000D1642340A2F580526F070646D36410D506
:105BC0000121FFF7D1FF60B104F068FB4FF40073CF
:105BD00014F0040F14BF414A414A13650422414B9B
:105BE0005A64E90606D514F0100F14BF00221B22D8
:105BF0003D4B5A652A0618D5230611D54FF40012DD
:105C0000364BDA6420F0F2FE0E210746032003F043
:105C100009F940F20122344B3846DA6220F0EAFEFC
:105C2000214606F1D80003F0E9F9EF0503D5E005B8
:105C30003CD503F0C7F8A90503D5A20539D503F073
:105C4000CDF815F48C6F1CD014F4806236D0737CC0
:105C5000DB070CD5B28BB6F80A3193422CD0B6F8DC
:105C60000C319F1A7B427B41204A82F8D830D6F80B
:105C7000C810304625F050FB80221D4B98671D4B05
:105C80001A612B0510D504F009FB1B4A14F4006FB0
:105C9000D2F8EC3E14BF43F0006323F00063C2F877
:105CA000EC3E04220F4B5A640020F8BD03F084F848
:105CB000C1E703F08DF8C4E70123D5E76805D6D521
:105CC000737CD907D3D5094B114683F8D8200B4BE9
:105CD00030461B689847CAE7006000B8005001B81A
:105CE000006001B8002002B8004000B8003E00B0DB
:105CF000003F00B0000002B8003000B07833002050
:105D0000014B1868704700BF6433002037B520F09E
:105D10006DFE002401230022CDE900340023054656
:105D20001946104604F03AF8022002F00BFB064B2D
:105D300021461C60054B02205B689847284620F0EE
:105D400059FE204603B030BD6C330020AC5000201B
:105D50002DE9FF4102290D4616469846039004D1CD
:105D6000FFF7D4FF04B0BDE8F08120F03FFE1D4FE7
:105D700004463B683BB1B34205D020F03BFE002314
:105D800001203B60EEE7184B0022C3F8008001239E
:105D90003E60CDE90033002300261046194603F08B
:105DA000FDFF124B02201E7002F0CCFA33462A4649
:105DB000022003A902F0E4FA0D4B039A1A6008B915
:105DC0002046DAE70B4D2B6898470128014604D09E
:105DD000204620F00FFE0020C4E76B6802209847A1
:105DE000F6E700BF6C33002068330020A249002092
:105DF00064330020AC500020044B5B6E5B054EBF4B
:105E00000120034B187800F00100704700C001B872
:105E1000A2490020014BD86C03F024B8004001B81F
:105E2000014BD86C25F0EFBC004001B8837C5A1FB1
:105E3000012A01D9082B05D14B7C2BB1012B05D0B0
:105E4000022B05D025F0CEBA0248704702487047B1
:105E50000248704720A1070048E8010040420F00B7
:105E600070B50E4620F0C2FD054601F05DF804460F
:105E700020B1284620F0BEFD204670BD04F00EFA89
:105E8000104B3278D3F8EC3E022A23F0F00315D001
:105E9000101F42424241520043EA02137278022A22
:105EA0000ED0111F4A424A41520043EA8213054A6A
:105EB000C2F8EC3E0422044B5A64DAE70122EBE715
:105EC0000122F2E7003000B0002002B870B50E46A3
:105ED00020F08CFD054601F03DF8044620B128462F
:105EE00020F088FD204670BD04F0D8F9104B3278C0
:105EF000D3F8EC3E022A23F00F0314D0101F4242C5
:105F00004241520013437278022A0ED0111F4A42B6
:105F10004A41520043EA8203054AC2F8EC3E042299
:105F2000044B5A64DBE70122ECE70122F2E700BFF1
:105F3000003000B0002002B82DE9F8430E78044686
:105F4000042E0D4690F810810BD100275FFA87F9D7
:105F5000484601F01BFE08B14E4602E00137042F0F
:105F6000F4D1304601F012FE002845D094F81031EB
:105F7000B34208D1AA88A36C9A4204D16A88B4F8C3
:105F800012319A4235D084F81061AB883046A4F8BB
:105F900014316B88A4F81231AB8804F58875A364BA
:105FA000FF23237625F0A1FBE075284601F07EFD56
:105FB00018BB284601F0E0FDF8B9D4F8C43053B15D
:105FC00094F81011414506D02046B3F91220F3F79A
:105FD0004BFB84F81901204601F054FE0949A4F84E
:105FE00014010123084AD1F8FC1004F1D80003F091
:105FF000EBFC0020BDE8F88301200C2384F810316D
:10600000F8E700BF004F00B0A43F00B070B50546F0
:1060100090F810010C460C281DD0FF291DD01AB194
:106020004FF0FF320E4B1A6025F05FFB064695F8E5
:10603000100101F019FE844228BF0446E4B2B442C4
:1060400038BF3446E0B2287601F032FFA0F1FF03FA
:106050005842584170BD0220FCE70120FAE700BF1A
:10606000C850002010B590F8103104460C2B3ED0DB
:10607000D0F8C430C175BBB3D0F8D420DAB990F8E9
:1060800019318B421DD300222046FFF7BFFF88B98C
:10609000184B1B7813F0FD0F0BD1204601F0F2FDD9
:1060A00015490123154AD1F8FC1004F1D80003F07A
:1060B0008BFC002010BDB0F92820B3F912309A42B1
:1060C000E1DD0022204694F81911FFF79FFF002818
:1060D000F0D1C4F8C400204625F08EFC01462046CD
:1060E000BDE8104005F0DAB9FF230376E1E70220AE
:1060F000E0E700BF82550020004F00B0A43F00B091
:10610000F0B504468FB001F075F8236C0546012BFD
:1061100000D010B128460FB0F0BD7249204625F0DE
:1061200033FBD4F8C4600146A58BC4F8C8003EB167
:1061300033682BB15B681BB11A68032A00F2A08098
:1061400020F054FC01462046FFF70AFA07460846AD
:1061500020F050FCD4F8C810B3898DF80E70EB1AFB
:106160009BB2D6E9012000FB03225F48ADF80C305A
:10617000036802928B4207D0204625F0CDF880229A
:106180005A495B4B88671A615A4D594E00F0A8FE78
:106190000128FBD12B6CDB07F8D4736CDF01F5D43D
:1061A000D4F8C81020460D919DF80E20029908AB36
:1061B00003F0C2F8002843D100F092FE0128FBD181
:1061C0004B4A4C49536CD801FCD40B6CDB07F9D417
:1061D00008A901A803F036FA0546002830D1A28BA1
:1061E000454B5A64237C60F34103237401F0CCF8DF
:1061F000D4F8C4305969431E0E68DBB2FD2B0496F7
:1062000022D84B68012805932ED10126DF1C06D920
:1062100001333A4B5B6853D0DA1C4ED805930246E3
:1062200004A9204601F02AF8002E7FF473AFD4F8B9
:106230003C31990527D4237C43F00203237469E79A
:10624000022528460FB0F0BDF71C13D92B4B0136A1
:106250001B6818BF0126DA1C2AD804934B68FF2854
:106260000593D3D00020DAE70246204604A901F0C6
:1062700005F84FE74B68FF280593C6D02A46F4E798
:106280009F6A7F0E68E74FF48031204624F0D6FFE6
:10629000D4F8383100EA0302D4F83C310B4052EA1A
:1062A00003013FF437AF164920460968884731E7B4
:1062B000FF284B6813D00593B6E7FF28B4D1D1E788
:1062C000DE1C06D80246204604A9059300F0D6FF3E
:1062D000ADE7FF28ABD10022204604A9F6E7012054
:1062E000059393E7FC4F00B054330020003F00B00B
:1062F000000002B800C002B8008001B8D0500020F1
:10630000BC50002010B50C4619B125F052F900B16F
:106310000434204602F0AEFA024B4042C3F8DC0ED1
:10632000002010BD003000B070B58030814214BF35
:106330000C460024164620F059FB4FF49C530C49A0
:106340000546CA68C2F30362D340DA0702D54B6C34
:106350009B030AD420460122314601F039F9044654
:10636000284620F047FB204670BD0324F8E700BF15
:10637000000002B82DE9F74F07461646084619B93E
:10638000012003B0BDE8F08F002AF9D0032904D81A
:10639000002101F0A3FA0028F2D004888378B4F534
:1063A000804F03F0070280F0DD80A2F1070EDEF1DE
:1063B000000141EB0E01052A90F804C04579C08820
:1063C000317394BF0021C3F30011C3F3801E7173B6
:1063D000990986F810E001F00201C3F3C00E41EA0A
:1063E0000E01C3F340137174B37486F813C0BB6B12
:1063F000B082DB0600F1A280063A012A00F29E80FC
:10640000594B4FF001095B6D4FF03A431A6DDB6C4D
:10641000083C03F00703063309FA03F9002309F1E6
:10642000FF3942F0005A04EA09041AF804800134E2
:1064300004EA0904B360631D03EA0903B8F1800F9D
:106440001AF80320B97C03F1010318BFA8F1320840
:1064500003EA090308BF6FF07F081AF8033018BF7A
:106460004FFA88F861B30020D7F8D0300BB141461D
:106470009847631CF07386F80E8003EA09031AF844
:106480000310013303EA09031AF80320013303EA76
:10649000090341EA02211AF80320013303EA090340
:1064A0001AF8030041EA0241002341EA0061727CCC
:1064B000384603F0F9FA06233060B371002060E734
:1064C0002A49D1F83812C80709D51AF804305B01F7
:1064D00003F47E63FF2BC6D8D843C0B2C4E742EAB8
:1064E0000323D9040FFA83FB24D5D7F8C830A3B10E
:1064F0001A68022A11D993F82400CBF30B03DB00AE
:1065000008B1B3FBF0F39D42ADD8002BABD0C5EB87
:106510000520B0FBF3F0C043DFE731463846FFF714
:1065200085FC0190384624F04DFF019BB3FBF0F051
:10653000C0B2E2E71AF804004000CEE700230020D2
:10654000F3730B4BDA69C2F30723120448BF63F0FD
:10655000FF035AB212F1800F1CBF323B5AB2B27322
:106560000346A9E702200CE7004000B8004001B84C
:1065700000C000B870B506460C468D88FFF756FC83
:10658000B27C617C082A4FEAC5031DD1012998BF5E
:106590000333E0B1B3F5803F19D84FF224414209EB
:1065A00001FB03220009B2FBF0F2236800209B1AD2
:1065B000084A2360D2F8A82002F01F02A3EBC2030E
:1065C00023600523A37170BD053A012ADFE702208D
:1065D000F9E700BF003E00B011F5004F1FBF01F307
:1065E0000E01044BC1F30E01002014BF9964012079
:1065F000704700BF008001B82DE9F04104460E4607
:1066000011B9037C5A064AD44FF6FF73218CD4F893
:10661000C870994204D0334B1B680BB12046984791
:10662000314D2B68BB4255D0304B1B6833B1002F26
:1066300053D0396801B1B968204698474FF0070830
:10664000204601F01FFB002E39D0294B93F9003072
:10665000C3F11C0317B197F926209B1A062094F961
:10666000136024499B1B0A6ADB0222F4FF2203F415
:10667000FF2313430B62D4F8C8201F4B2A6098678E
:1066800001F0C2FC002501211C4A1D4B117020465F
:1066900083F8845024F0C2FF2846BDE8F0814FF60D
:1066A000FF71114DD0F8C8702A6866F386139742BF
:1066B00001840374B8D101F0E5FA4FF00108114AE2
:1066C0004346D2F8FC1004F1D800A2F65C7203F045
:1066D0007BF9BAE74FF00108B2E739462046984700
:1066E000ACE700BF60330020543300205C3300204F
:1066F000A049002000C000B8006000B8A1490020F7
:10670000003F00B0004F00B02DE9F8430D4600F007
:10671000E7FB0128044630D1194F3B7883B928465E
:10672000F2F704F8054610B9F2F76AF82C463B7800
:106730001BB10121022002F0F3FF2046BDE8F883DF
:106740000021022002F0ECFF24F0D7FF0646DFF81C
:106750003490DFF83480D9F8F4331B07DFD424F009
:10676000CCFF801B404541F6FE324FF045018CBF07
:106770000020012004F020FFEDE70224DDE700BF48
:10678000A3490020000002B83F420F0008B558227C
:10679000002106482AF045F81022FF2104482AF07B
:1067A00040F804F033FC002008BD00BFF03E00B00C
:1067B000343F00B00C2337B580F810310023C37488
:1067C0006F23C0F8E0308623A0F8F43064234FF044
:1067D000FF35C0E93933C0E93B33FF230446437535
:1067E000C0E908558564C575058303F0B3FC2046F0
:1067F000FFF7CCFF0122164B2046C3F8382294F94C
:106800001310FFF743F96023124A41F6FF71D36476
:106810004FF03A42116311670F4A2946D364402270
:106820000E4B20465A64A26BFFF7B4F90E230022E8
:10683000CDE9003340F202231046194603F0AEFAC8
:1068400001F0BEF9204603B0BDE8304004F09ABE26
:10685000005001B8004000B8005000B8002002B855
:1068600010B50C46FFF792FFCCB1A378082B18D8CF
:10687000E278082A15D843EA021313F0FF030CBF8D
:1068800019466168084AC2F8F010217882F844116C
:10689000617882F8473182F8451104F0B7FB002097
:1068A00010BD0120FCE700BF003E00B0012A10B57A
:1068B00012D8032B10D803EB82020123074C93401C
:1068C00094F84601DBB221B10343002084F846313D
:1068D00010BD20EA0303F8E70120F9E7003E00B00D
:1068E000044BD3F8EC3E13F0806F14BF232000203C
:1068F000704700BF003000B00246F8B5B0F8144150
:1069000000F1D805FFF7ECFF0B688E68013304BF78
:10691000D2F8E0300B604B68013304BFD2F8EC30A2
:106920004B60771C37D1D2F8E830CF688B607E1C83
:1069300038D1D2F8E4600F69CE60013704BFD2F8D5
:10694000D8700F614F69013704BFD2F8DC704F6116
:106950008F69013704BFD2F8F0708F618F6947BB30
:10696000C0F1640408688C61C2F8E8304B68C2E981
:106970003806C2E93B340B692846C2F8D8304B6967
:106980000F49C2F8DC30D1F8FC1007230D4A03F0A0
:106990001BF80020F8BD04F16F031B1AB34238BF87
:1069A0003346C2E704F18606361ABE4238BF3E4679
:1069B000C1E76F34241ABC4238BF3C46D2E700BF5F
:1069C000004F00B0A43F00B070B520F00FF80546AE
:1069D0000B4E00F085FA012804D0284620F00AF872
:1069E000022070BDF36813F0706FF2D1F46814F0F8
:1069F0008054EED128461FF0FDFF2046F1E700BF8E
:106A0000000002B838B51FF0F1FF4FF6FF710A4AD7
:106A100013888B4203D11FF0EDFF032038BD074CD4
:106A2000074D1B046567A4F58054636711801FF050
:106A3000E1FF0020F2E700BF80550020006001B8B0
:106A40000000FFFF2DE9F743044688461546FEF790
:106A5000E5FF80B1704F02F04DFE7B69DA0740F12F
:106A6000D8801FF0C3FF0646032001F069FD30B156
:106A700030461FF0BFFF022003B0BDE8F0837F69FE
:106A800017F00607F4D130461FF0B4FF634B4FF404
:106A900000612046D3F8EC9ED3F8C46E04F070FA7F
:106AA00040B14FF4007201215D4B08465A643A46EA
:106AB00024F074FF637CDB0706D5A36B5F0542BF40
:106AC0004FF40022574B5A644146204604F0E6FC3E
:106AD000524BC3F8EC9EC3F8C46E0028CCD1237C83
:106AE000D80601D4002D55D0C5F3400003F09CFB1F
:106AF000022315F4807F1FBF4A4A002153644FF0E0
:106B00003A420BBF464A91615364536303F0C6FB9C
:106B10004FF4806315F0040F14BF434A434A15F045
:106B2000400F13654FF004023D4B28465A644FF066
:106B3000400314BF3E4A3F4AC2F8B830FEF7BEFDDC
:106B4000204624F093FC38B14FF4807315F0010F08
:106B500014BF344A324A5364A90644D54FF6FF7233
:106B6000E38C93420FD0344A3449526F100CC2F375
:106B700001120132B3FBF2F308802B4A2B49304853
:106B80001B0448675367003D18BF0125237C65F34C
:106B900004132374204624F00CFDF0B1204624F0A9
:106BA00065FCD0B14FF40031204604F0E9F9431CF4
:106BB00003229BB2234801A924F084FD9DF8042000
:106BC00002F00703052B9DF8053015D112070DD4EF
:106BD00043F480731C4AC2F8CC30002003B0BDE8F7
:106BE000F04324F07CBDFFF70DFFCCE713F0040F5A
:106BF00009D19DF80630EBE703F03002202A05D1D9
:106C000013F0010FF4E74FF48073E3E79DF80630CB
:106C1000E0E7032030E700BF00C001B8003000B05B
:106C2000002002B8001002B8005001B8006001B89E
:106C300000D000B800E000B8004001B88055002046
:106C40000000FFFF0C0000BA003E00B02DE9F34148
:106C50000646884615461F461FF0C8FE0446032018
:106C600001F06EFC38B120461FF0C4FE032420461C
:106C700002B0BDE8F081042001F062FC0028F2D1EE
:106C800020461FF0B7FE2A4641463046FFF7DAFE9F
:106C900004460028EBD1DFF8C880002F3CD088F8EC
:106CA000000039463046FEF777FC002849D198F8B5
:106CB0000030012B2DD02022234B5A64234B9B6F95
:106CC000B3F5817F30D2012024F01EFD1FF08EFE2F
:106CD0001F4B06461B6801934BB1042001F032FBA9
:106CE00000230122042001A901F04AFB28B301F08E
:106CF000B3FC2B061CD50022164B9A6701F0F0FC62
:106D0000154B012100205B68984730461FF072FE4A
:106D1000ADE703F073FAAAE798F80030012BF8D03A
:106D2000002BC8D10124A2E780220C4B1A61CAE7CC
:106D300001F0D6FC03F04EFAE2E703F0C7FA0124B3
:106D4000E3E7044693E700BF001002B8003F00B03D
:106D50005833002000C001B8AC500020000002B839
:106D60009F49002008B50A4BD3F84C114B1C0DD09D
:106D700011F080410AD10320FEF7CCFD4FF0806274
:106D8000044B1A6501225A6102229A6208BD00BFB3
:106D90000080E00F001002B84FF40022034B586C43
:106DA00003F500535A64C0F3C0407047000002B8B6
:106DB000024B034A00201A60704700BF5C3300207A
:106DC00091540108024B586900F00100704700BF60
:106DD00000C001B808B50D4B5A69D10710D518B9D4
:106DE000BDE8084001F08ABA5B69DA070DD401F00A
:106DF00077FA0323064A1364A2F58052536404E031
:106E00005B69DB0701D40028F1D108BD00C001B8DF
:106E100000A0095030B56FF04044114D2040C5F836
:106E20005042104CC4F850024FF0FF30C5F85402E5
:106E3000C4F8541238210A40C5F86412C4F8642218
:106E400009490A4A0020C2F8C810A2F58052C2F8C7
:106E5000C8300423C5F864320223C4F8643230BD5C
:106E6000006001B8005001B80000FFFF00E000B86A
:106E700090F91030002B0CDA4FF08053064A29B1FC
:106E80009360A2F58052D36000207047D360936076
:106E9000FAE70320704700BF006001B84FF080633D
:106EA00010B1024A53617047014AFBE7001002B873
:106EB000002002B8202350B1064AC2F8F433064B32
:106EC000196C11F0020104D1032002F029BC034A1D
:106ED000F3E77047001002B800C002B8002002B803
:106EE0000F4BDB68C3F30363013B0B2B0FD8DFE8C9
:106EF00003F006060C06060606080A080808022023
:106F00007047042070470520704703207047054BE9
:106F10005B6913F0060F0CBF01200420704700BF0F
:106F2000000002B800C001B8094AD368C3F3036384
:106F30000B2B08D06FF49050184100F0010080F046
:106F4000010040007047506C10F48030EDD1704764
:106F5000000002B80E4AD368C3F30363062B07D8B8
:106F6000042BD8B20FD8C31E584258414000704776
:106F7000072B0AD1D2F8680120F4C02020F0A0002D
:106F80000028E8D17047022070470020704700BFFA
:106F9000000002B8094BDB68C3F303639A1E012AA1
:106FA0008CBF00220122012B02701EBF4FF402622F
:106FB00022FA03F303F001030B707047000002B8DC
:106FC000094AD368C3F30363032B01D0072B08D10D
:106FD000936CDB0605D4D06C80F00800C0F3C000D1
:106FE00070470020704700BF000002B8024B00222B
:106FF000196824F0C6BA00BF0810040810B5FF22B3
:107000004FF6FF71044624F0D7FA68B9FF224FF615
:10701000FF71204624F0E1FA30B92046BDE8104067
:10702000FF22024924F0EBBA10BD00BFF02404088F
:1070300010B55B0743EA02439DF8082043EAC163A9
:10704000520502F0BC621A43064942F4C872044673
:1070500003F082FF002220461146FFF765F9002069
:1070600010BD00BF9007E12D37B50C4605460B4B10
:107070001A680B4B19680B4B186801F0F7FC94F871
:1070800028302846009394F82B3094F8292094F85F
:107090002A10FFF7CDFF03B030BD00BF0834002039
:1070A000043400200C34002008B5FFF789FF90B1AC
:1070B0000A4BDA6911030ED55A6C92030BD4DB6CC0
:1070C00013F0100F4FF0100303D1054A0020D364D2
:1070D00008BD044AFAE70220FAE700BF000002B840
:1070E000001002B8002002B8034610B500B3124ADF
:1070F000D16909031ED5946CC4F38114032C15D0F7
:10710000022C17D122460D49B1F8C80001F10061E7
:10711000801A01F536710144184629F094FB064A9D
:107120000472D26C120A4272002010BD0822EAE7F3
:107130000120FAE70220F8E7000002B8003E00B0A4
:1071400070B50C460546094E09480022012C08BFBF
:107150003046084B0849FFF75DFE631E5C425C4108
:107160002B7C002064F3C7132B7470BD91D10619DA
:1071700090D106190000F6289E0C4B5404292DE9E5
:10718000F04104460F462CD84E1EF6B2032E8BBF9C
:107190000025154BA84613F806809CBF134B9D5D38
:1071A00024F007FA78B94FF000084FF4603200205D
:1071B0000F4B6D045A6245EAC835A3F580535D62F2
:1071C000A776BDE8F0812046FEF798FB80B28428C0
:1071D000E9D8022EE9D8217C2046C909FFF7B0FF83
:1071E000E3E70120EDE700BFEC240408E8240408ED
:1071F00000E000B838B5837C022B08D11A4BD3F8D5
:10720000985035B9848B272C0ED9032002E0042B2B
:1072100001D0002038BD144BD3F89830002BF8D1A2
:10722000848B272CF1D8012501F032FD0F4B0E493C
:10723000984216BF31226FF003020023A1F8B2205A
:1072400008BF012350225343282202FB0533084A7A
:107250001A44125DFA32A1F8B820064A13441A5DA6
:10726000054B1A70D5E700BF003E00B000F04902A0
:10727000E8250408F8240408A449002010B5124B9E
:107280000C68C3F87842C3F87C42C8B1D0F8C43067
:10729000B3B15B69A3B1501EC0B2FD2812D901344D
:1072A00004BF6FF0010008600868FF2A186007D16A
:1072B0004A68013202D16FF001024A604A685A609E
:1072C000002010BD012AF2E7004001B8F0B585B0FA
:1072D0006D460E460F4B074614460FCB85E80F0050
:1072E0000D4BD3F848020090D3F84C2201923EB1E6
:1072F000631EDBB2FD2B0AD93060FF2C00D1726017
:10730000224629463846FFF7B9FF05B0F0BD012CEB
:10731000F4E700BFD82604080080E00FF0B585B080
:107320006E460D4B07460D460FCB86E80F0000F06A
:107330002BF8314604460246384624F003FB4DB193
:1073400040B9FF2C1BBF04AB03EB8404009B54F833
:10735000103C2B6005B0F0BDD8260408FF2818BFEC
:10736000C3434FF0180108BF1023064A18BFDB00C3
:10737000C2F8FC1318BF03F00803A2F58052C2F84C
:10738000FC337047002002B8024BD3F8F807C0F373
:10739000C0407047000002B84FF03A43D3F81421C0
:1073A000D2031ED54FF480320E49C1F81421A1F545
:1073B0008051C1F818215A6DD1B2C2F30722C3F827
:1073C000A410C3F8A4200422C3F8A4200022C3F808
:1073D000A420C3F8A420C3F8A420C3F8A420C3F8B1
:1073E000A4207047002000BAF8B54FF03A440D468B
:1073F000174606461FF0FAFA012304226363084B7E
:10740000E76026616561C3F814214FF00042054B27
:10741000C3F880211FF0EEFA0DB102236363F8BDBB
:10742000002000BA00E100E0054B012218604FF097
:107430003A435A6740F6FF72D96418651A67704775
:10744000843300202DE9F04105460124006800F056
:107450000700063004FA00F3A868EC685E1EA0423C
:1074600062D000EA060E6C6810441E430640A3EB8F
:107470000E000EEB040C8242644618D9D31A0EEBB0
:10748000030298B1431E052B04D94B1CACEB03033C
:10749000022B59D80B460844ACEB010E03EB0E014E
:1074A00013F8014B83420C70F8D101466C688AB125
:1074B000531E052B01F1010302D9E01A022812D84C
:1074C0000A44611E00E0013313F8010C934201F8F5
:1074D000010FF8D11FF08AFA0223AE60AB62BDE85B
:1074E000F0411FF087BA0B46204622F0030E8E446F
:1074F00053F804CB734540F804CBF9D122F00303D1
:10750000D01A920701EB030C04EB0307E2D0CA5C2C
:107510000128E254DED09CF8013002287B70D9D0DB
:107520009CF80230BB70D5E7042A35D90878043AB4
:10753000A86148780431A86111F8020CA86111F81B
:10754000010CA861A8688CE70B4620F003070F44E4
:10755000ACEB010E1C684EF803400433BB42F9D17A
:1075600020F0030310F0030F01EB030EA0EB030464
:107570000CEB030728D011F80380012C0CF80380D2
:1075800022D09EF80130022C7B7018BF9EF802308A
:10759000084418BFBB7088E7013A032A12D8DFE815
:1075A00002F00F1507020B4613F8012B1946AA61CA
:1075B0000A4612F8013BAB61114611F8013BAB6181
:1075C0000B78AB61BDE8F08108446EE70A46F3E74B
:1075D00038B50B46154601464FF03A4470B10122CA
:1075E0001048C4F8F4201A46FFF72CFF25B14FF0DD
:1075F0003A430422C3F8F420002038BD73B1D4F814
:10760000D8209A4284BF0122C4F8F4204FF03A42B5
:10761000C2F8D4300223C2F8F430E7E70123C4F8FB
:10762000F430E3E7CC0000BA10B51FF0DFF94FF0FB
:107630003A4301225A67C3F8B420C3F88C20154A94
:107640001549C3F890200722C3F8B020134B044615
:107650001A800023124A13804FF4A022C1F814218B
:10766000A1F58051C1F818210E4A13600E4B5B6CD6
:107670005B020AD54FF480020C4B18680C4BD830D3
:107680005A6450F8A01C01F0B9FC2046BDE8104037
:107690001FF0B0B908140020002000BAC046002036
:1076A000BE46002080330020000002B84434002091
:1076B000002002B807220D4B01211A8000220C4B3A
:1076C0001A804FF03A43C3F8F410C3F8CC204FF4BB
:1076D0000052C3F8D000C3F8F020F022054B9A64A2
:1076E000A022A3F580539A64FFF79EBFC0460020F6
:1076F000BE460020006000B82DE9F041044688B184
:107700001FF074F93E4E3F4A3388032C03F0780192
:1077100005463D4F03F07F0C11445ED13C6824B90F
:107720001FF068F90320BDE8F08124F001043868F7
:1077300020F00100A04255D100223A6022888C42FC
:107740006FEA42426FEA5242228041D12F4CDFF869
:10775000D4C02788ACF180083A46083A92B201F1C9
:107760000800604528BF4046082A04D9B0F800E068
:10777000BEF5804F41D2228088780C884FF03A4184
:107780003B449B1ADBB2C4F30C048C653380C1F814
:107790009830C1F8B0204FF480221D4B00F0070054
:1077A000C3F814214FF000421A4BC3F88021FFF7B1
:1077B000F3FD04280CD14FF48002174B5B6C174B80
:1077C0001868174BD8305A6450F8A01C01F016FC0A
:1077D00028461FF00FF90020A5E7601E012898BF7A
:1077E0000C46A4E7094862440088A21A48BF8032C8
:1077F00008389042A2DC284692E70146ADE700BF78
:10780000BE4600200814002080330020C04600201F
:10781000002000BA00E100E0000002B8443400207B
:10782000002002B8881400201349144B0A881B88D2
:1078300013481344083292B20A804FF03A41C1F81B
:10784000B0204FF480210F4A073BC2F814114FF0CB
:10785000004103F07803034498780B4A00F00700D6
:107860000428C2F8801103D10849CA681203FCD465
:10787000074A1360704700BFC0460020BE46002084
:1078800008140020002000BA00E100E0000002B867
:107890008033002010B5054C206828B1C30701D4FF
:1078A000FFF72AFF0023236010BD00BF80330020B4
:1078B0004FF48033084AC2F81831A2F58052C2F85A
:1078C00014314FF03A43D3F8AC30C3F30C03782BA8
:1078D00001D8FFF761BD7047002000BA2DE9F843D9
:1078E00004460E461FF082F8504B81461A885048D5
:1078F000504D02F07801032C2D8802F07F030144E3
:1079000017D14D4C24688CB92A44073A02F078020A
:1079100084180344E31A48BF8033AB4210DB484667
:107920001FF068F800242046BDE8F88324F0010425
:10793000EFE7012C02D0022CEBD1083D0C46E8E722
:10794000002E43D08C4245D14FF03A42D2F85880B5
:107950004FF03A410127CA6C02F007020632974005
:10796000D1F8AC20C2F30C029A4246DD2588B5F569
:10797000804FD4D2A378C5F30C0503F007037A1E19
:10798000A5EB08053A43052B337005EA02052CD810
:107990002DB2E84340F23A420421C00F03F00CFE3E
:1079A0007580E378254A337412687B1E03EA080366
:1079B000D118B160A9B213FA85F5BD4291BF002379
:1079C000FF1AB780F2609CBFB180F36048461FF099
:1079D00011F8A8E7A4F10802824238BF04F1780246
:1079E000B2F80080C8F30C08B2E7154B5B6D003BA2
:1079F00018BF0123A5EBC305CAE74B6D7A1EA3EBA5
:107A000008033A431A400F4B15B2DB6862B9C3F35F
:107A10000363D91E4B424B41DB003370094B72802C
:107A2000DB6CC3F30723BDE70823F6E7BE4600205F
:107A300008140020C046002080330020843300203A
:107A4000004000B8000002B8054BA822D3F84C0152
:107A50003121431C0CBF0120C0F3807003F0ACBD8A
:107A60000080E00F10B50F4B1C78ACB90E4BD3F86B
:107A7000F8375B0309D490B10F23441EB4FBF3F431
:107A800010300444E4B2204610BD40F62A023F21E3
:107A9000204603F091FDF6E70001C4B2F3E710249D
:107AA000F1E700BF82550020000002B838B5294D2B
:107AB0000446297819B92022274828F0B2FE2378F5
:107AC000264A6188137051804FF2F0022449C1F8B0
:107AD000C821244A4BBBA1F50051D1F8F81711F485
:107AE000002F4FF0FF011CBF1F48C0F8DC301170A1
:107AF0004FF040731A4AC2F834311C4BD3F8F837B0
:107B000013F480230BD14FF47F01C2F830111849D0
:107B1000C1F8303148F2C801164BC3F8F4100723FE
:107B2000C2F8FC330122124B0DE000240E48022B58
:107B3000C0F8DC404FF0FF001070D9D107230422B9
:107B4000C1F8FC330A4BC3F8FC23012300202B703F
:107B500038BD00BFA5490020E03F00B0825500209D
:107B6000002002B8D9550020004001B8000002B83A
:107B7000001002B8003F00B0034B1A6802609B88F7
:107B800083800020704700BF8255002010B5044656
:107B900001F024F8094BD3F8F80734B900F4402079
:107BA000B0F5402018BF012010BD022C0ABF80F4A0
:107BB00000300020C0F34040F6E700BF000002B8EC
:107BC000204908B5D1F8FC37FF2B31D01E48C3F34C
:107BD00003120270D1F8F81703F00F0309035BBF1B
:107BE000C2EB02120F3B02F1FF32D2184ABF03EB85
:107BF0000213D3B2DBB2154A154913700978154B3D
:107C00001A68E9B1B2F1A06F1AD3D3F85012124A30
:107C1000124BB1F1FF3F18BF1346114A136001F038
:107C200037F841F66A03B0FBF3F00E4B186008BD5D
:107C3000D1F8F83713F4002F0CBFB4235A23DAE736
:107C4000064BEAE7000002B8DA550020A7490020F9
:107C5000D85500200080E00F5082E00FE82604088D
:107C6000883300208C33002020B1022804D1034B3C
:107C700018787047024BFBE700207047DA55002068
:107C8000A74900202DE9F74F846C4C22022C38BF05
:107C900002247949013CCB6CD1F8DC507749C3F31D
:107CA0008213DA400B680646A34290F81071744BB9
:107CB000DFF8F0A1DFF8F091DFF8F08102F00102C7
:107CC00014D11878904211D19AF80000B8420DD121
:107CD000F06C58B1A84209D1357E99F80000854270
:107CE00004D1B8F8040003B0BDE8F08F98F80000A4
:107CF0001A700C60FFF7B8FF0346002A00F08E8070
:107D000004234FF07F415F4AC2F8BC305E4BC3F89A
:107D1000BC10337E1B06C2F8BC30002500F0B8FF53
:107D200040F27123B0FBF3F0192160431828B0FB37
:107D3000F1F14FEA054400F29180002C00F09980A7
:107D4000B4FA84F2C2F12002C2F10F03012B38BF52
:107D50000123D440A14201D2013B64086A1C03F014
:107D60001F0152008A40121BDFF830B19208CBF895
:107D7000B0201A0242EA03121343019305EB0523D4
:107D800005EB0325414B40F6A40218682B2100386F
:107D900018BF012003F010FCFA223C4B02FB04F058
:107DA0001B6840F6FF72B0FBF3F00A235843384BD0
:107DB00000F57A74C3F8D820019AA3F58053C3F86C
:107DC000D820344AA3F58053C3F8DC50D2F8F82702
:107DD000520308D4D3F8DC3003F47F02C3F3035317
:107DE0001343CBF8FC30F5642B4D00F6B8302C6013
:107DF00001F05AFD4FF47A72284BC3F8A400C3F87F
:107E0000F8002B68B4FBF2F0B3FBF2F3A8F80430EF
:107E1000337E8AF8007089F8003064E7307E98423B
:107E200028BF1846C0B237B1022F7FF476AFFFF7F4
:107E300019FE054672E7174BD3F8F8371903F6D445
:107E400050B10F230138B0FBF3F00130144B1B6825
:107E5000034413F8015C61E70120F7E7B1FA81F20E
:107E60003CB1B4FA84F3D21A002A3FF76DAF0F2366
:107E700070E70F2372E700BF004001B8C850002030
:107E8000A6490020001002B8002002B88C33002060
:107E9000006001B8000002B890330020003F00B03D
:107EA00088330020D7550020D65500208255002069
:107EB00038B5254B05461A78244C0C2A02D1FF20F0
:107EC000207038BD104623F010FC01461046FFF725
:107ED000CBFEA84228BF2846C0B2884238BF084619
:107EE0002378C0B28342ECD020703ABB184BD3F851
:107EF000F83713F4002321D14FF2F001154AC2F8EC
:107F0000C811C8B10F230138C0B2B0FBF3F3591C3C
:107F1000C3EB0313C01A431C0D4A1B01D2F8C8015E
:107F200043EA01330343C2F8C831D2F8C8210A4BEF
:107F3000C3F8FC202078C4E70121EDE7074B18685F
:107F4000FFF7A0FEF6E700BF82550020D9550020BC
:107F5000000002B8002002B8003F00B04434002006
:107F6000014B1870704700BFD855002010B504466B
:107F700003F0B8F878B1154B1B786BB964B1144BAA
:107F80001B784BB1134B1B78013B012B04D84FF4EA
:107F90000042114B1A6510BD104B1B6D1B04FAD427
:107FA0001EF024FD044602F079F94FF400420C4B18
:107FB0002046BDE810401A6502220A4BC3F8D424BB
:107FC0000422054B5A641EF015BD00BFA8490020CD
:107FD000A949002094330020002002B8000002B814
:107FE000001002B800D003500122024B00201A708A
:107FF000FFF7BCBFA84900200022024B01201A70E5
:10800000FFF7B4BFA8490020054BD3F8843013F024
:10801000030F4FF4802314BF024A034A936470474E
:10802000004000B8005000B8006000B870B50546C8
:1080300000F0D4FD01213A20F0F75EF83C4C3D4BB6
:1080400000201D70FFF792FF2378013B012B07D81A
:108050000122237CE17B9A4030235943364B5A500E
:108060000022364BC3F8D4249DB94FF6FF71344A31
:10807000C2F88410F821A2F58052C2F88410C3F827
:10808000D454304B4FF080421A65FFF7BDFF0020FB
:1080900070BD63685BB300F0FBFD626800EB5203E8
:1080A000B3FBF2F3013B1B0243F0F80326782449AB
:1080B000022E254A1DD0032E4FF6FF751F4825D0EE
:1080C000012E2ED143F00203C1F88450C2F884304F
:1080D0000723C0F8D43430230120E17B227C5943AC
:1080E0001A4B00FA02F25A50FFF740FF17E0F8234C
:1080F000DCE74FF6FF7043F00103C1F88400C2F8DB
:10810000843006220D4BC3F8D424E4E743F0050382
:10811000C1F88450C2F884300423C0F8D4340C4B26
:10812000B0E7C1F88450C2F884300023F5E700BFFF
:1081300094330020A949002040E0035000C00350C0
:10814000006000B8002002B8005000B840D00350D2
:10815000001002B8F8B5214F06463D4604460FCE42
:108160000FC533682B6000F039FD01213A20EFF78D
:10817000C3FF00221A4BC3F8D424A17A627A42EAE0
:108180000142C3F8E024217CE27B42EA0142C3F8C9
:10819000DC24207B617B40EA0142C3F8D8243B7891
:1081A000032B19D8DFE803F01202060C0023042287
:1081B000F0F710FF00230422217CE07BF0F70AFF98
:1081C00001230422A17A607AF0F704FF054B1878A6
:1081D000BDE8F840FFF72ABF0120F8BD9433002026
:1081E00000C00350A9490020034B1B6D002BBCBFEE
:1081F000024BC3F888007047000002B8004000B886
:108200002DE9F04700F044FD4FF47A764FF4FA730D
:10821000B0FBF6F6734307462948190E1B021818DF
:10822000284A4FF0000341F100011DF0D7FF264B13
:10823000A0F5807205461A6320B943222B2103F072
:10824000BBF901254FF47A724FF0000A6A43534696
:10825000500831021DF0C2FF1B4B1C4AB7F57A7F54
:108260009A601B4B4FEA056819601A4B8946044611
:1082700018604FEA152505D295222B21504603F0B0
:108280009BF901264FF47A73A8FB030103FB051148
:108290007308C01841F10001002332461DF09EFF13
:1082A0000D4B023419600D4B49F10009A408186008
:1082B00044EA8974044B013C9C63BDE8F08700BF2D
:1082C00020A1070040420F0000C001B802110100C8
:1082D000B4330020B0330020AC330020A83300209A
:1082E0000822044BC3F884215A600122024BDA6051
:1082F000704700BF00E100E000C001B80822064B53
:10830000C3F88421C3F88420BFF34F8FBFF36F8F6E
:108310000422024BDA60704700E100E000C001B8BF
:1083200010B50446A242A2EB0000A3EB010104D267
:10833000034B01399B6B0133184401F0030110BD5D
:1083400000C001B838B501250A4B02019D504FF419
:1083500080730446084A834053661EF047FB074A71
:10836000A540137823EA05031370BDE838401EF0DA
:1083700041BB00BF00E101B800E001B8B2490020F4
:108380002DE9F84F164605468A461F461EF02EFB7D
:10839000022E00F0918080461EF033FB5A4B5B4A60
:1083A000D3F8209092F865405A6EE4B2520744BF69
:1083B000D3F82090013404F003041EF028FB484653
:1083C000214600F045FA8446DAF80000012E04BF89
:1083D00001306044ACEB000C08BFCAF80000BCF1EF
:1083E000804F7DD300F046FA8145A1EB040188BFA0
:1083F000454BDFF838C188BF01F1FF3101F00301BF
:1084000088BF9B6BA0EB090E0CF80510A1B1F90712
:1084100042BF41F61F723E4B5A67BA0742BF3C4B00
:108420003C4A5A677B0742BF0022374B9A673C079A
:1084300042BF0022344B9A6511244FF0010A324B9F
:1084400005F11002120103EB051BCBF80C013249B8
:108450009C501A6A0AFA05F4586E0B78A2EB0902CE
:10846000E4B2234372450B7025D34FF48073AB40C5
:10847000034220D11CF80520002A40D10EB3274A20
:10848000F807536607D541F61F7140F20110204BE3
:10849000596750675967B90706D51D4B1D4A1F49D3
:1084A0001F485A6748675A677A0742BF01221D4B27
:1084B0001A613B071AD440461EF09CFA0120BDE821
:1084C000F88F194A2D0142F805A042F89C3C1EF095
:1084D0008DFA11490B7823EA04030B701EF08AFA17
:1084E00040461EF087FA0020BDE8F88F2120FFF7F4
:1084F0007BFE4FF48032044B4046DA60DCE7074AEB
:1085000040465366D8E700BF00C001B8003E00B047
:1085100000E001B800001F1FB249002000D001B8E0
:1085200000000101000002B800E101B8AA490020E2
:10853000024B1878003818BF01207047B24900205C
:10854000034B10300001185800F00100704700BFC5
:1085500000C001B8044B01F0F071103041F003018C
:1085600000011950704700BF00C001B870B5064641
:10857000FEF728FC044608B1FFF7C0FE00230A4DB1
:108580003046AB61EB612B6200F074F9074BC9B266
:1085900083F8651028622CB1FFF7A2FE4FF08062CD
:1085A000034B5A64002070BD00C001B8003E00B00B
:1085B000002002B82DE9F0419DF818800D46B8F171
:1085C000000F08BF0022214EB5F5803FB168074675
:1085D00021F4700141F4A001B1609DF820409DF8A4
:1085E0001C104FEA042444EA016444EA031444EAF8
:1085F000084444EA02044FF0180140F2D3222CBF91
:1086000000200120746502F0D7FF3564B8F1000F37
:108610001AD00F4BBC68D3F8B8306F2C38BF6F241A
:108620005B0606D500F010FC18B10A4BB3FBF0F363
:108630001C44204600F01EF90130854238BF00225C
:10864000024B34BF5A645864BDE8F08100C001B8E1
:1086500000C000B800093D0038B51A4B5D6C2DBB59
:1086600010242020FFF7C0FD174B9C6002F0EAFBAE
:10867000164BC3F8844101F055FD48B12A4600204D
:108680000821FDF731F8124B5C66A3F580531C6797
:10869000104AD36803F07063B3F1807FF9D9094BB6
:1086A0000D4A5A6741F201429A6738BD01F03AFD1E
:1086B0000028F4D0094B064A5366A2F5805213678E
:1086C000EDE700BF00C001B8001002B800E100E013
:1086D00000E001B8000002B8011B011810000020E2
:1086E00008B52120FFF780FD4FF48032014BDA609E
:1086F00008BD00BF00C001B808B52220FFF774FD17
:108700004FF48022014BDA6008BD00BF00C001B801
:10871000F8B5174D0446EB6BDB0124D500F046FCA1
:10872000A0FB0446E86B070A050C10F0FF0005D11A
:1087300040F253422B2102F03FFF0120EDB2AD0188
:10874000B5FBF0F0FBB210EB831005D14FF48B6258
:108750002B2102F031FF0120024600232046314642
:108760001DF03CFDF8BD00F06FFBA0FB0401F9E734
:1087700000C000B80246012030B50B4CA0F1200328
:10878000C0F1200524FA05F504FA03F32B4304FA9B
:1087900000F595428B4100D330BD0F2801D0013048
:1087A000ECE7FF20F8E700BF40420F0010B50C4691
:1087B000FFF7AEFFC30943EA4163C01A61EBD11171
:1087C000FFF7D8FFFF2814D00F220C4B40F0100009
:1087D000C3F8B820A3F58053C3F8B800A3F58053BD
:1087E0005B6ADBB2802B06D02046BDE8104000F06B
:1087F000C9BB012010BD0220FCE700BF00E000B8AB
:1088000038B51EF0FEF8084B084A1D6A92F865401C
:108810005A6EE4B2520744BF1D6A01341EF0F7F8E5
:10882000284604F0030138BD00C001B8003E00B086
:108830000346064A103302EB00111B01D1F80C016C
:10884000D158C1F3400122F06ABF00BF00C001B897
:10885000064B1B68434303EB8171054B1B68A3FB6D
:10886000003013F1004341EB00007047AC330020AF
:10887000A83300200C4A20F04043014610B50020E8
:1088800014684FF00042E4FB0320084A890F126885
:1088900002FB0300064B9B6B984204D90133013164
:1088A000C01A01F0030110BDB0330020B433002022
:1088B00000C001B840B1836833B10649C268096895
:1088C00003F13043032A00D8704743F8041B043AED
:1088D000F8E700BFE833002070B51646054600B340
:1088E000F9B1F2B14268104B006803321B6892087C
:1088F00000F130409847044688B9EA68A868033216
:108900003146920800F1304022F022FF044630B98F
:10891000D5E90402214600F1304027F082FF2046CD
:1089200070BD0124FBE700BFCC50002070B50C687F
:10893000651C15D0C4F302669E42C4F3074530D1CE
:10894000A4B294422DD804EB8506B24229D2141B5E
:10895000A50824F003040E59340F04D0012C09D0CB
:108960000022012303E06B1C51F823200023026046
:10897000037170BD0D4C34F8133042EA03431A689A
:108980006B1C51F8234001EB83014B6822405E4091
:1089900036F07044EAD11B0F032B04BF8B681A43D7
:1089A000E4E7013501EB8501C1E700BFFC260408BF
:1089B00007B501A8F0F770FC254B2649D3F86022D3
:1089C000D2B2FF2A1DBFD1F87801130243EA021385
:1089D000D1F878311CBF20F47F621343C1F8F8331B
:1089E0001C4BD3F8F837190354BF09200C20F0F7BB
:1089F000C5FAC822184B42F201015A654FF4C02251
:108A000003F51043C3F868214FF48032C3F86C219A
:108A1000124AC2F8701202F52042D2F8F827120367
:108A200008D44FF470610E4AC2F8A0104FF42062CF
:108A3000C3F8A02001220B4BC3F8002403F53043F8
:108A4000D3F86821084B1A6003B05DF804FB00BF3F
:108A50000080E00F000002B8008001B8006001B89B
:108A6000002002B8005001B87C330020836810B4A5
:108A7000074C03F1304324681B689C4203D15DF826
:108A8000044BFFF729BF00205DF8044B704700BF7F
:108A9000E8330020134B1B78002B20D0124B134AD5
:108AA00000201A60124B134A1A60134B134A1A60C3
:108AB000134B1A68134B1A60134B144A1A60144B69
:108AC000144A1A60144B154A1A60154B154A1A605D
:108AD000154B164A1A60164B164A1A607047022048
:108AE000704700BFB3490020F43300201030040861
:108AF000EC33002058270408F03300208C270408AA
:108B0000E0500020E83300200C3400204027040807
:108B100004340020182B0408083400208827040897
:108B20000034002028270408F83300209027040888
:108B3000FC3300207027040838B500231F4C0121A6
:108B400063643A20A364E364EFF7D6FA01221C4B76
:108B50005A6102229A62E368C3F303630D2B01D0CA
:108B6000002BF8D11123E3630124164D2C701EF065
:108B7000EFF800232B70144D40F25B7228685421EB
:108B8000C01A18BF012002F017FD104B28681A68A0
:108B90000F4B1968FFF7A0FE00F0A4FF0D4B1868FB
:108BA000FFF788FE0C4B1868FFF784FE4FF08062D9
:108BB000034B5A6103F580535C6138BD000002B875
:108BC000001002B8B3490020EC330020F03300203D
:108BD000F43300200C3400200034002001230D4A1F
:108BE0000D49C2F8803291660C4A53600C4A5360BA
:108BF0000C4A5360A2F580425360A2F54042536094
:108C000002F5C032536002F580425360A2F5004283
:108C10005360704700900050FF0B001600D000B862
:108C2000001000BA005001B838B50324FFF7D6FF92
:108C3000114A124B124D1A65FFF7BAFE114BC3F8D9
:108C4000104101232B6500F055FD4FF460736B61FB
:108C50004FF400732B65FEF797FB0021FEF77EFBB8
:108C60004022094B1C64A3F580535C64074BC3F896
:108C700084215A6038BD00BF0048F000000002B8EF
:108C8000001002B8005001B800A0095000E100E057
:108C900008B5EEF7C1F9044B1B6FC3F30043013372
:108CA000B0FBF3F008BD00BF0080005070B5044673
:108CB00098B1B1B13A4A52F8043B834213D1002330
:108CC000384A116CC907FCD4374800EB830022F006
:108CD00048FD364B106001221A6470BD01330C2B25
:108CE00002D1334D2CE0012352F8041BA142F5D1EF
:108CF000304A32F81330E3E7C2F3016335F813006A
:108D0000110C93B211F0FE0F43EA0043606820D0CB
:108D10000434CAB2022A216808D9D4E90160033AAE
:108D2000C3E9001698600C340C33F3E704D1626891
:108D3000C3E90012083403E0012A01D104341960A8
:108D40002268531CD8D10022164B1A6003F58053B9
:108D5000C1E7120F072AEDD8DFE802F00704090D7A
:108D60001013181DC04303F500531860E2E71A689A
:108D700042401A60DEE703F58053F6E722F0C4FCB8
:108D8000D8E7012203F580538240F2E7012203F580
:108D900000538240EDE71A6830EA0202FBD1C9E7CE
:108DA000B833002000C002B8404000B000D002B884
:108DB000FC260408C04600200122014B1A657047BA
:108DC000001002B80122014B1A657047002002B85A
:108DD0004022014B1A657047002002B84022014B27
:108DE0001A657047001002B808B50C4B1B68D3F821
:108DF000C83023B11A68022A01D9186A08BDFFF7E2
:108E000047FF074B02469B6E98B20028F6D0C3F38B
:108E10000743D2085343B3FBF0F0EFE7443400209C
:108E2000004001B8064BDB68C3F30363984206D1E8
:108E3000044A936E23F0F00343EA011191667047F0
:108E4000000002B8003F00B0054B1B68D3F8C830E3
:108E500013B11A680A2A01D8FFF7C6BF186C704709
:108E60004434002010B50446FFF7BEFF0F4AD2F885
:108E700068311B040E4B48BF40089B6C03F4C05381
:108E8000B3F5805F0ABF536EC4F30113C3F34163AC
:108E9000012B02D0022B02D010BD4008FCE7C4F326
:108EA000C4240134B0FBF4F0F6E700BF004001B881
:108EB000004000B82DE9F3470F4622F01EFC0025C4
:108EC0008046DFF8B890DFF8B8A01DF08FFD0DF1F7
:108ED000070106460DF10600FEF75CF89DF8063026
:108EE0008BB9791C2CD022F008FCA0EB0805304689
:108EF0001DF080FD9DF8063013B99DF8073053B37F
:108F0000AF42E2D827E0D9F80C3013F4603FE8D044
:108F1000D9F818301A04C3F389141ED4013701D0CC
:108F200022F0EBFB30461DF065FD24B26FF4FF73B9
:108F3000A4F1C8009842B8BF184602B0BDE8F08757
:108F400030461DF057FD9DF80630002BBDD19DF831
:108F50000730002BB9D10848EFE77B1C44EA0A042C
:108F600003D022F0CAFBA0EB080530461DF042FDFD
:108F700014F5007FBED0D9E700FEFFFF00C000B8A7
:108F800000FCFFFF10F1800F04D04D28CEBF7F20E2
:108F9000323040B2FF22044BC0B25A62A3F5805374
:108FA00058620020704700BF00E000B80B4B0C492E
:108FB0001A6F70B502F007021E6F8C5C1D6FFFF711
:108FC00067FEC6F3CD0606FB0444C5F3454505FB25
:108FD00004448001B0FBF4F070BD00BF004001B854
:108FE000F4260408044BD3F8B03010B1C3F30332B5
:108FF000027003F00F007047000002B8064B01F04A
:1090000080015B6C03F480030B4302BF4FF400123A
:10901000024BDA64704700BF000002B8006001B87C
:109020000F4B1B788BB1012B11D10E4A012102F598
:1090300080528B4291600FD80A4A0B49002B08BF1F
:109040000A4693689B07FCD47047074AEEE7002264
:109050004FF480539A60FFDE00239B68FBE700BF5C
:10906000B4490020004003B8000003B838B50B4BEA
:109070000B4C002818BF1C46A569E3691D4007D0AA
:10908000084B1B682BB12846984704F50054A5618E
:1090900038BD6B05F9D5FFF7C3FFF6E7004003B80D
:1090A000000003B8103400202DE9F04F0A460C46AA
:1090B00085B00021814627F0B4FB304B5D6915F087
:1090C000010504D00024204605B0BDE8F08F02F071
:1090D00087F80028F6D04FF06051294E294B2A4AD4
:1090E000D3F84C80D6F88C30D1644FF00061A2F5F3
:1090F0008052D16424220421C6F88C20234A4FF4E4
:10910000804B91604FF480522F46DFF88CA0CAF854
:1091100068B0F262A74213D304211D4A9160A2F500
:10912000F032C2F88C304FF06052174BDA6408EA24
:109130000203184AD3644FF48042174B9A66C2E781
:10914000B26E5104FCD5B268D205F9D5CAF868B040
:10915000D6F890200135012D0392DBD9E21B042AB9
:10916000A8BF042209EB070003A90193009227F08E
:109170006AFB009A019B3A4497B2CBE7000002B821
:10918000004000B8004001B8006001B8001002B80B
:10919000002002B8005001B8006000B84FF604018A
:1091A0004FF60502044B01201B6C9BB28B4208BF9B
:1091B0001346024A136670470080E00F00C001B8F2
:1091C0002DE9F74F81460F464FF0FF35FFF718FBAB
:1091D000002601908A462C463046DFF8D8B006F1CA
:1091E00010031B015BF8033003F00308B8F1010F13
:1091F00015D13046FFF71CFB02460B46019851463D
:10920000FFF78EF8DBF8643006F10802D340DB0785
:1092100039D5002F40D000252C463E60404601360F
:10922000082EDCD160B3234A0027D2F808C0916B26
:109230000CF440330131A4FB0141641941F10001F8
:10924000B3F5003F30D1536B0CF4405C013347F170
:109250000006BCF5805F22D1156B15F5807505FB06
:1092600006F647F1000203FB0266A5FB0332324417
:10927000594304FB0212A3FB04341444C9E900342B
:1092800003B0BDE8F08FA84271EB0403C6D207B16A
:109290003E6005460C46C1E73D463C46BEE732020D
:1092A00042EA13621B02E3E7136B13F5807347F185
:1092B0000002DDE700C001B8034B1A6E596E03F5DA
:1092C00000530A401A66704700800A50F8B50B46F2
:1092D000002213F8044B944225D91D68854224D1FD
:1092E00006245A791D79124B88181E6804FB050361
:1092F000104F33F8063C7B43B3420ED900238A5A01
:109300007A43964202D804FB0300F8BD9D42FAD985
:10931000013304FB03F2825AF2E740F243423D215B
:10932000002002F049F90020EFE708330132D2E7CC
:109330001434002040420F002DE9F04F4FF0000E92
:10934000A2FB016BDFF8F4C2DFF8F48216EB0C0C21
:109350001F466BF10003E0457EEB030383B009D2A7
:1093600040F23D220E21704602F026F9022003B0A1
:10937000BDE8F08FD7F814A00C4615468146BAF127
:10938000000F04D0DAF80030032B00F29A809E4BD5
:109390009E4A9B6BD2F8FCA0C3F314089C4B1B6F36
:1093A0005A074EBF4FF440039B0503F0E07348EAB1
:1093B0000308984BD3F8EC305B0048BF48F0807846
:1093C00048EA4568EDF758FE012D0246CED1002847
:1093D000CCD0914B984200F0858003F5122303F521
:1093E000F863984200F090808C4B984200F0EB803C
:1093F000002501902B4600204FF000711CF0EEFE7E
:109400002B46019A013006FB03F300FB0B33A6FB4E
:1094100000600344C8F31300A0FB0221203300FBCB
:1094200005119B093B607E4BD20C1C6042EA413126
:109430007C4B18F4801F08BF494219607A4B0C44DA
:109440001C60BAF1000F5BD000237B60BB60DAF8D0
:109450001C5018F0807F18BF6408002D46D099F882
:109460001220093A012A41D9694ED6F83C21D0028E
:109470007FD4DAF80000002C00F0A980B4FA84F15F
:10948000072900F3A480C1F1080325FA03F304FAC5
:1094900001F10133B1FBF3F14B004FEA442C0133EE
:1094A000E40D01E002330131A5FB0362B44574EB26
:1094B0000202F7D2C1F30E031B0343F00063BB604B
:1094C00016E0042BDAF828807FF47CAF18F0807F58
:1094D00014BF4FF4400308F0E07328F0E07848EA46
:1094E00003086FE7002351481D468CE7DAF80000B7
:1094F00000230628FB603B6102D9DAF830303BB923
:10950000002003B0BDE8F08F002349481D467AE7EC
:10951000EDF7B2FDDAF83010FFF7D8FE044610B1CF
:109520008378002B56D1EDF76BFDDAF83010FFF79A
:10953000CDFE04460028E3D08378002BE0D04079AC
:1095400040F26F52003818BF01203D2102F034F87C
:1095500020794FF4AE6200384FF03D0118BF012072
:1095600002F02AF8237962791B0243EA02133B6175
:10957000C6E781EAE172A2EBE1722E49C8F3815895
:1095800011F808C019464FEA8C6C6008CCFB020148
:1095900022461CF023FE0346DAF800000E280ED9FE
:1095A000194A916BB26CD6F83C61D20607D501F42A
:1095B000801106F40016314308BFC3F58013C3F3CE
:1095C00013037B6057E700231B481D461BE72B4610
:1095D00021025FE7407940F25452003818BF012061
:1095E0003D2101F0E9FF207940F25552003818BFC3
:1095F00001203D2101F0E0FF237962791B0243EA5B
:109600000213FB608FE700BF008001B8004F00B07D
:10961000004001B8000002B800F04902005A62029E
:109620001C34002018340020143400200A3BB2DF20
:10963000313641DC04270408D694BFD6006CCA88B2
:10964000807C814A10B5044686B059B9214B4168E7
:10965000D3F8FC30827A2048059300686B46FFF708
:109660006BFE69461D4B0A685A631A4BD3F8FC30EF
:1096700033B34B6843B11A4B1A4AC3F83C214A68CA
:10968000A3F58053C3F83C218B6843B1144B164AB1
:10969000C3F81C218A68A3F58053C3F81C21134A20
:1096A000C868D2F8983123F4EE630343C2F89831C6
:1096B000D2F89031096923F4EE630B43C2F890317C
:1096C000002022890A4B9A6203F5A033186406B081
:1096D00010BD00BF004F00B044340020008001B82E
:1096E000006001B8FFFF0F0000F0FF0F000002B89C
:1096F000004000B8074BD3F88022D20707D55B6E35
:10970000002B4FF48043B4BF034A044A1365002082
:10971000704700BF00800050002002B8001002B85F
:10972000064B1A6C9207FCD4022240EA01205860D2
:10973000034B1A640122034B1A70704700C002B831
:1097400000D002B8B54900202DE9F041184F054678
:10975000FB68C3F30363022B19D121F0CEFF064649
:10976000DFF85880BC6A14F4802413D1284621F015
:1097700020FF28B10F4B93F8D8200AB183F8D940C5
:1097800000220D4B83F884208022094B1A610020AF
:10979000BDE8F08121F0B1FF801B40454FF07E0213
:1097A0004FF047018CBF0020012001F005FFD9E7F1
:1097B000000002B8003E00B0003F00B03F420F0082
:1097C00040B10368012B05D90069034B002808BF8D
:1097D00018467047004870470C27040810B590B130
:1097E0000468012C0FD902696AB11168094B102C69
:1097F000196051685960916888BFD268996094BFB8
:10980000D960DA6010BD10220021024827F009F863
:10981000F8E700BF243400201E4B2DE9F0410D462F
:1098200016461C6888B34FF47A7343438A68A3F6DC
:10983000AC539B1A4A689B1A174A92F86820D207C1
:1098400001D5A3F6B833154AD8171168144FA1FBF8
:10985000033201FB002213F1807342F100025B0E20
:1098600043EAC213803B33620E4BD3F8C4307362B9
:109870003B686BB1204621F09CFE48B13246294638
:109880003B68E06FBDE8F04118474AF6C873DAE775
:10989000BDE8F08144340020003E00B034340020A4
:1098A00020340020003F00B0084BC1171A68A2FB0B
:1098B000000302FB013310F1807043F10003400EFE
:1098C00040EAC310803820EAE0707047343400204A
:1098D0000722194B70B51A64FFF7DAF9174BC40861
:1098E000010B0546E005C018154A41F100010023AF
:1098F0001CF074FC134B144E18601448FFF7D4FF8F
:109900004042C6F8DC0049F65800FFF7CDFFC6F824
:10991000A8000F48FEF7AEFF024660B1E301500811
:1099200018184FEA15714FF0000341F100011CF0C7
:1099300055FCC6F8B40070BD000002B8B2E60E00D7
:1099400065CD1D0034340020003F00B070110100CF
:1099500040420F0098B14FF47A735843094BA0F678
:10996000B830DB681844084B93F86830DB075ABFFF
:10997000A0F59C500838A0F6AC50FFF795BF47F211
:109980003050FAE724340020003E00B010B5044601
:1099900098B10B4BD3F8FC00FFF720FF4FF47A731C
:1099A00003FB04F0074BA0F6AC50DA689B68104448
:1099B000C01ABDE81040FFF777BF4AF6C870F8E755
:1099C000004F00B024340020F8B504460846154680
:1099D0001E46FFF703FF9CB106F0020716F00406CF
:1099E0000FD16FB14FF47A7063685843002B4BD19D
:1099F000FFF75AFF28636069FFF7ACFFE8623EBBE0
:109A0000F8BD2069002839D04FF47A735843254BAC
:109A1000A0F6AC509B68C01AFFF746FFA862A08B67
:109A200078B34FF47A7358431E4BA0F6AC509B6842
:109A3000C01AFFF739FFE8612A461A49E068FFF7C4
:109A4000EBFE0021A069FFF7A1FF6863002FC9D1D9
:109A5000A06800BB47F23050FFF726FF68614FF463
:109A60007A70236858432BB10E4B1B6803F51C53C7
:109A700010331844FFF718FFA861C1E74AF6C87011
:109A8000CAE74AF6C870D4E7064B1B6803F51C53B7
:109A900010331844ACE74FF47A735843A0F5FA50EA
:109AA000DAE700BF2434002010B508461C4621F038
:109AB00047FE094B0246D3F8FC00FFF781FE4368DE
:109AC000A018002B054AA8BF4FF4FA721A44044BA1
:109AD00092FBF3F2104410BD004F00B00CFEFFFFEC
:109AE00018FCFFFF70B588B06D46194C0FCC0FC540
:109AF00094E80F0085E80F004FF4807200211548AC
:109B000026F08FFEB0220021134826F08AFE202284
:109B10000021124826F085FE21F0C2FE104B1B7872
:109B20003BB16D460A4E0FCD0FC695E80F0084E895
:109B30000F000C4A0C4B1068516803C39068186002
:109B40000A4BD3F878210A4B5A6608B070BD00BFA3
:109B5000E03F00B0503E00B0503F00B0E04F00B0DA
:109B6000A54900201C270408AC3E00B0000002B844
:109B7000003F00B00A4B197801F0FF0229B1002123
:109B8000197008499202C1F80821597801F0FF02C2
:109B900029B1002159709302024AC2F80C31704772
:109BA000B6490020005000B8064BD3F8EC0E064B27
:109BB0009B6C1A0103D4054B9B6E1B0401D500F569
:109BC00080707047003000B0000002B8004000B85C
:109BD00008B51CF00BFF0E4B1A78A2B90D4A12689B
:109BE00012F4843F0FD10C4A102111651B7863B920
:109BF000084B1B68DB0508D4074B20221A65BDE81B
:109C000008401CF0F7BE054AEEE7044BF5E700BF3D
:109C1000BA49002088140020002002B8001002B8C1
:109C200010B51CF0E3FE0E2104460320FFF7FAF8FE
:109C300040F20122034B2046BDE81040DA621CF0DE
:109C4000D9BE00BF004000B8054B00201B681B7C3C
:109C5000DB0902BF0322034BC3F85022FBF702BF0C
:109C600044340020006001B80022044B1A70044BF9
:109C7000197811B11A70FFF7ABBF7047B9490020CE
:109C8000BA49002008B51CF0B1FE4FF08042264BC7
:109C9000C3F88020BFF34F8FBFF36F8F4FF00042A8
:109CA000C3F88020BFF34F8FBFF36F8F0122C3F83B
:109CB0008420BFF34F8FBFF36F8F0222C3F884203D
:109CC000BFF34F8FBFF36F8F0422C3F88420BFF31D
:109CD0004F8FBFF36F8F4FF00052C3F88020BFF358
:109CE0004F8FBFF36F8F0822C3F88420BFF34F8FCD
:109CF000BFF36F8F1022C3F88420BFF34F8FBFF3E1
:109D00006F8F2022C3F88420BFF34F8FBFF36F8F74
:109D10008022C3F88420BFF34F8FBFF36F8FBDE85D
:109D200008401CF067BE00BF00E100E008B51CF071
:109D30005DFE4FF080420C4B1A604FF000421A60FB
:109D400002225A6004225A604FF000521A60082220
:109D50005A6010225A6020225A6080225A60BDE860
:109D600008401CF047BE00BF00E100E0012370B5D1
:109D7000074C2370074B1E68074B3240D3E9005352
:109D800019402840FBF7B0FC0023237070BD00BFD2
:109D9000B84900203C340020881400202DE9F04709
:109DA000DDF820A003EA0108099B06460D4602EAF9
:109DB000000703EA0A09BAF1000F40F05981031FB6
:109DC0000B4300F01981052871F1000380F0EF804A
:109DD00050EA010300F06F81431E0B4300F02F8116
:109DE000FFF750FFB54AD2E9004323EA050324EA0E
:109DF00006043C4343EA0807B14BC2E900471E682A
:109E000026EA0A0646EA09061E60FFF7E1FE14F09C
:109E10002A4F14BF48F202034FF40043A94AB00787
:109E2000D26EA94848BF43F4005383EA020122EAF4
:109E30000302C266A54A0B408166D366C4F3804222
:109E40001203210348BF42F48072E30648BF42F484
:109E500000529F4BA50648BF42F40072600648BFFF
:109E600042F480622106D96848BF42F4006282EA67
:109E7000010323F08053974819401A40C160836062
:109E8000954BDA60BA0507F4007300F11081934A2C
:109E90001D46D2F8A41002F50052C2F8A410C2F870
:109EA000A0104FF05022C2F8A4308D4ADFF86C8227
:109EB00082F88830E30448BF45F48035A00348BFEA
:109EC00045F48015A10748BF45F4001514F4001FA0
:109ED00006D0D8F8000021F032FE08B945F400257C
:109EE000E20248BF45F40035FB067E4B48BF45F40F
:109EF00080051A6A7C4985EA020323F001031A40AF
:109F00000A621D40CB61794B16F0010F1D62784B40
:109F1000784A18BF1A46784B7D071B6F48BF42F03E
:109F20000062764882EA030123EA02030367744B66
:109F30000A4041661A67734A04F00103D16CA0F528
:109F4000803081EA030221EA0301C16482641A407D
:109F50006D4B2002DA64D8F8002048BF6B4B92F8B2
:109F6000292158BF6A4B610748BF43F4806322B17F
:109F700014F4C06F18BF43F4807332074FF03A42B5
:109F8000BDE8F047D2F8181148BF43F0004383EA18
:109F9000010222F4A0225F481140C0F818111340BA
:109FA000C0F814215C4AC2F81831FFF7BFBEA0F513
:109FB00080630B4306D020F48063A3F500730B434A
:109FC0007FF40EAF1CF012FD3C49D1E9003223EAC8
:109FD000060322EA050242EA08023B43C1E90032D5
:109FE0004E4A126892F829114A4A09B313F4C06F15
:109FF0001ED04FF4807311E01CF0F8FC2F4AD2E918
:10A00000003123F004033B4341EA080157EA080703
:10A01000C2E900314FF480633E4A0BD0C2F81431DC
:10A02000A2F58052C2F81831BDE8F0471CF0E2BC3E
:10A030004FF48073C2F81831C2F81431F4E71CF001
:10A04000D5FC1E4AD2E9003123F001033B4341EA2B
:10A050000801C2E900310123314A57EA08071BBF52
:10A060009364A2F58052D364D36408BF9364DBE7A2
:10A0700050EA01037FF4B4AEBAF1010F7FF4B0AE41
:10A080001CF0B4FC0E4A136823F0010343EA0903F1
:10A0900013604FF48063194AB9F1000F04D053667E
:10A0A000A2F580521367BFE713675366BCE701232D
:10A0B0004FF48025F9E6BDE8F08700BF8814002042
:10A0C0003C340020004000B8006000B8005000B8E8
:10A0D000004001B8006001B8005001B800400050D5
:10A0E000003F00B0000002B8002002B8001002B823
:10A0F000041C00030418000300C001B800E001B80C
:10A1000000D001B800C000B800D000B80D0A0A099C
:10A11000090A0A09002000BA001000BA44340020DD
:10A1200000E000B8024B5868C0F3C000704700BFA1
:10A1300088140020024B186800F00100704700BF2F
:10A1400088140020024B5868C0F3C030704700BF2D
:10A150008814002010B50446FEF766FDFFF792FD57
:10A1600004F18000FDF7A6FAFEF7E6FCFEF748F8DA
:10A17000FEF7B6F8FFF7ACFB13490723134AD1F8F3
:10A18000FC1004F1D800FFF71FFC4FF08071002095
:10A19000FEF7E0F94FF000720D4B4FF40011012073
:10A1A000C3F80021FEF7D6F9FEF7F8FF20B940F218
:10A1B0002132142101F000FA21F070FBBDE81040BB
:10A1C0000120FDF733BF00BF004F00B0A43F00B037
:10A1D00000D001B88022074B5A64082203F580534F
:10A1E0005A64054AD2F8BC3E23F02003C2F8BC3EB4
:10A1F000704700BF001002B8003000B010B51CF06E
:10A20000F5FB01210446FFF7E5FF054B002019612E
:10A21000044B5B6898472046BDE810401CF0EABB41
:10A22000000002B8AC500020F8B5194C0546207863
:10A2300040F25E42B0FA80F03E21400901F0BCF9E4
:10A2400055B9607840F25E42BDE8F840B0FA80F05F
:10A250003E21400901F0B0B94FF440660D4F0E4D5C
:10A26000D7F8083140F25E42C3F381232370C5F86A
:10A27000086160783E21B0FA80F0400901F09CF955
:10A28000D7F80C31C3F381236370C5F80C61F8BDB6
:10A29000B6490020004000B8006000B8F8B5084C8E
:10A2A000084D636C0423084F6B64636C5B0300D43C
:10A2B000F8BD042602207E6421F026FA6E64F4E7DD
:10A2C000000002B8001002B8002002B8A82238B579
:10A2D0001A4B5D6C03F500535A6410229A60A3F583
:10A2E000804302F100521A675A66FFF743FC144B91
:10A2F0001B7813B90320FEF725F80024114B9C6747
:10A30000FFF7CCFF104A114BD2F8EC1E0B40C2F8FD
:10A31000EC3E04220E4B5A640E4BAA06C3F8C4400E
:10A3200008D503F580739B6FB3F5817F22BF802230
:10A33000024B1A61BDE83840FCF764BB000002B86C
:10A34000BD49002000C001B8003000B0DF0000FFB0
:10A35000002002B8003E00B010B528B979B94FF41A
:10A36000C062154B9A6510BD49B9144BDB681B0ED2
:10A3700013F00E0FF3D1124B1B6CD907EFD4FFF77C
:10A380004FFC0E4C0020FEF72DFE032801D00928BB
:10A3900005D1A36ADA07F5D4A36CDB03F2D4FFF787
:10A3A0007DFF0122074B5A6102229A62042203F5C3
:10A3B00080535A64D3E700BF006001B8000002B8C0
:10A3C00000C002B8001002B808B503210920FEF74A
:10A3D00029FD2022014B1A6108BD00BF000002B810
:10A3E0000D4A10B5D2F8A030D2F8A4100B40B3F14A
:10A3F000804F0CD34FF040400849094CC1F8A400ED
:10A40000D467C1F8A0004FF48021064AD161034A05
:10A41000C2F8A03010BD00BF0040005000600050E6
:10A420000000FF01001002B838B505461CF0DEFA46
:10A430000446FDF7F9F835B1FFF716FC2046BDE8F4
:10A4400038401CF0D7BA084B1B78002BF6D0074BCE
:10A450001D78002DF2D1FFF707FC2A464FF480400B
:10A460000021FFF783FCE9E7B9490020B849002043
:10A470002DE9F84F594B06460D4614465B6C002AF1
:10A4800040F0A98013F0A00F14BF4FF001094FF066
:10A490000009FCF7B7FAA0234FF0000ADFF8588153
:10A4A0000320C8F84430FDF74DFF0420FDF74AFFB4
:10A4B0004B4FFFF7D9FB4B4B4FF0040B7B67C7F8B3
:10A4C00078A0FFF7EBFE484B4FF48071D3F8BC2E19
:10A4D00042F02002C3F8BC2EFF22C8F808203F4AF1
:10A4E0001161D3F8EC2E41491140C3F8EC1EC8F8B5
:10A4F00044B0C3F8C4AE7B6913F0060F04D0FEF776
:10A50000FBF85846FDF71EFFB9F1000F08D04FF4D5
:10A510000062374B5A644FF40042A3F5E0339A6669
:10A5200066B1344BDB6C180701D4FFF779FBFFF7FA
:10A530004BFF0420FDF706FFFFF71CFB274B5A6972
:10A54000D10746D5DA6812F0706FFBD12A4B2B4A3F
:10A550005A642B4A936E23F0F003936615B120469C
:10A56000FFF762FF274BD3F84C315A1C01D05B0038
:10A5700002D50122204B5A615CB31E4BDA6E03F503
:10A5800000539A6603F5D0331B6A1B4A23F001037C
:10A59000D3611D4BD96803F50053996003F500534F
:10A5A000D3F8841003F5005399674FF03A43D3F87A
:10A5B000181103F50053C3F81411144BD96C03F5AB
:10A5C00000539964124903F5803359664FF60843E6
:10A5D0005364BDE8F88F4FF000095AE7000002B855
:10A5E00000C001B800000101003000B0DF0000FF32
:10A5F000001002B8004000B8002002B8100030007F
:10A60000003F00B00080E00F004001B800C000B87B
:10A610005000002F9E4B2DE9F04F9A6EDB6E85B0F7
:10A6200002EA03089B4BC3F868804FF03A43D3F823
:10A630001461D3F818311E40974BC3F81461974B3F
:10A640009A68DB6802EA030A954BC3F808A003F591
:10A650002043DA691B6A02EA0309924B09F4770284
:10A66000DA61914BD3F80422110706D4D3F80431F0
:10A670001A07C3F3C00740F1E9801CF0B7F98B4B10
:10A680005A695F6E1B6F12F0060F07EA0307884ACC
:10A6900027F0007323F4006314BF4FF0010B4FF059
:10A6A000000B53667B0706D5824A92F8653001336A
:10A6B000DBB282F865301CF09DF9B8F1000F00F0B4
:10A6C000E38018F400442BD01CF090F90146FFF70A
:10A6D0006BFA0446784D2B6818681A689042FCD0D3
:10A6E00018689042FCD0FFF75FFAA04240F0B080BB
:10A6F00008461CF07FF9714B1C60714B5D6C15F4C2
:10A70000E05240F0A78024F07F4424F0DF040CB92D
:10A71000FFF7DCFD6B4B01201B6898474FF08074FE
:10A7200018F0020F4FF0000514D0654B5D495B6CCB
:10A7300003F460424A64002A00F0A0801D0400F186
:10A74000A08013F4005F0CBF4FF000534FF0006384
:10A7500000251C43C8F340384FEA48085A4B3340A1
:10A76000002B4BD016F4206F0AD040F6D5020621FC
:10A77000002000F021FF0020FFF756FE26F480267F
:10A78000F00506D5FF22474B44F4C0649A60FFF7FA
:10A7900047FA16F0090F0BD040F6EA020821002014
:10A7A00000F00AFFFFF710FE4FF03A4301225A6310
:10A7B00016F0106F0CD040F6F3020921002000F0D3
:10A7C000FBFEFFF701FE002211461046FCF700FFDA
:10A7D00016F4202F0AD040F6FB020721002000F0DB
:10A7E000EBFE0020FFF720FE26F48026F10301D5C2
:10A7F000FDF75EF8002EB8BF48F0080872070ED5C6
:10A800004FF03A431B6B13F4005F4FF4005317BF34
:10A81000214A2E4A136344F4000408BF13637305EE
:10A8200048BF44F0040416F48023019300F0B48080
:10A83000FCF7FAFF013806284AD8DFE810F03801A3
:10A840003B0138013E01410144014401BB4634E76C
:10A85000044640E70192FFF739FD124B019A5A6412
:10A8600015F4805307D115F4806F0CBF4FF080545E
:10A870004FF0806454E74FF0804451E74FF000738D
:10A8800066E74FF0004363E74446454666E700BF8E
:10A89000004000B8006000B8002000BA004001B8D5
:10A8A000006001B8002002B800E100E000C001B87B
:10A8B00000E001B8003E00B0C05000203834002055
:10A8C000000002B8C4500020090B0B89001000BA28
:10A8D00040F62C120321002000F06EFE4FF03A42A9
:10A8E0000121D2F88C30D2F8AC0003F00703063314
:10A8F00001FA03F3C0F30C001B1A9BB2072B12D909
:10A900007D4B5B6C58020ED47C48D36CD26E406D8C
:10A9100058B103F0070306339940C2F30C03C91A78
:10A9200089B2072901D844F40074754B1B78002BB9
:10A9300032D04FF03A43D3F8143113F4A02F2BD177
:10A94000704B714A1B7893B9FB0410D4137873B120
:10A95000E3086E4943EA457383F00103D1F8EC1E26
:10A9600003F001035B0021FA03F3980714D10420DC
:10A97000FDF7E8FC664B67495967FFF775F9624ACE
:10A9800013782BB9644B654A1B682340134201D1ED
:10A9900044F4804427F48057BAF1000F27D01AF40A
:10A9A000805F18BF44F480241AF4807F18BF44F4F9
:10A9B00000241AF4005F18BF44F010041AF4007F5A
:10A9C00018BF44F020041AF4806F18BF44F040040C
:10A9D0001AF4006F18BF44F080041AF0805F06D0AC
:10A9E0004F4B0021186845F48055FCF741FAB9F146
:10A9F000000F3ED019F4802F18BF45F4007519F4EC
:10AA0000803F05D0474B03201B6844F4805498478F
:10AA100019F4801F18BF44F4003419F4001F18BF44
:10AA200044F0020419F4003F18BF44F4801419F4F0
:10AA3000800F18BF45F0100519F4002F19D0334BC3
:10AA4000D3F8BC3E13F0C00F13D02B4AD368C3F326
:10AA50000363032B01D0072B05D1936CD90602D4D5
:10AA6000D36C1A0736D54FF400222F4B29F4002956
:10AA7000DA61002F00F022813B0540F18F802B49E5
:10AA8000DFF88CA0CB782A4A002B57D04FF4006017
:10AA9000013BDBB25066CB7033B9264B1B78E3B178
:10AAA00040F60142244B5A670023002274E044F42C
:10AAB000803413E744F4006410E744F480640DE745
:10AAC00044F480740AE7174B02201B6844F0080422
:10AAD000984703E744F40014CBE7DAF8783013F42E
:10AAE000A05F15BF4FF4807340F60143CAF8583099
:10AAF000CAF87830D8E700BF000002B8004000B8BC
:10AB0000BA490020B9490020BB490020003000B0FC
:10AB100000C001B80000010188140020088D010068
:10AB200044340020C4500020002002B8AA4900206C
:10AB300000E001B8BD49002000D001B80320FDF7B6
:10AB400001FCDAF81430A74813F0060F04BF41F6F1
:10AB50001F73A54AA54908BF53674FF40062A24B73
:10AB60005A66DAF8143013F0060308BFCAF87830D2
:10AB7000B0F8623013F4006266D023F40063A0F8EA
:10AB800062300B7803F0FF0A002B61D1FDF7B4FDB2
:10AB9000FFF79CFB534620221C431543B80009D500
:10ABA0002E20FDF721FB4FF000528F4B45F008059A
:10ABB0001A675A66F90606D52B20FDF715FB1022F9
:10ABC000894B1A675A6617F0306F05D1FA0469D5B8
:10ABD000BBF1000F00F0AE803B0111D52920FDF73D
:10ABE00003FBFFF79FFA48B1814B82497E4A5366C7
:10ABF0000B6701F54051C96848042CD445F00405A1
:10AC000017F0007B32D00420FDF79CFB2720FDF7D6
:10AC1000EBFAFFF75BFB4FF00072734B5A66764B13
:10AC2000D3F8EC2E52067ED4744B02229A60FFF7C2
:10AC30000BF8734B1B6823B1724800220121006896
:10AC4000984745F002052AE00B784FF40053A3E73C
:10AC50004FF4004329E7136720205366FDF7C4FA39
:10AC60002D2045F00C05FDF7BFFAC9E717F0807FEE
:10AC7000DFF894A142D00420FDF764FB2820FDF703
:10AC8000B3FADAF87830002B35D1FFF71FFB564BBB
:10AC9000574A45F001051A675A66FEF7D5FF0022AC
:10ACA000594B9A657B0509D5584A9378002B00F0DB
:10ACB0009480013B9370002348EA030842462046F3
:10ACC0002946FFF753F8019B0BB1FCF7E3FD4FF06A
:10ACD00000424F4B06F00436C3F814614D4B19F493
:10ACE000002FC3F880211EBF4FF40022434BDA61CE
:10ACF00005B0BDE8F08FCAF878B0C8E7F904CED542
:10AD00000420FDF71FFB444BCAF87430FDF7F4FC38
:10AD1000DAF8643013F0407FC1D12A20FDF764FADD
:10AD2000FFF7D4FA7BE7D3F8BC3E98063FF57FAF38
:10AD30003A4B7AE7354A13794BB1013BDBB21371D9
:10AD400013B92C4B364A5A6700231C43AAE7042048
:10AD5000FDF7F8FA0320FDF7F5FA2B4B2E4A5A6758
:10AD60001BF044FE82460DF10F00FEF73BF92D4B20
:10AD700083461B780BB1FEF753FFBBF1030F0ED1D7
:10AD8000DFF8ACB00020FEF72DF9032807D1DBF87F
:10AD90002830D907F6D4DBF84830DA03F2D49DF82E
:10ADA0000F30032B06D101221F4B50461A701BF0A7
:10ADB00021FEC9E74FF03A43D3F8143113F4A02F22
:10ADC000F1D1FEF751FF50461BF014FE174B032044
:10ADD0001B6898474FF48043B7E70220FDF7B2FAAB
:10ADE000012369E7003E00B000E001B8BD49002042
:10ADF0001000002000D001B8003000B0002002B8E0
:10AE0000783300204434002000C001B8AA49002053
:10AE1000002000BA00E100E000000101001002B8CB
:10AE20000000010DBC490020B9490020C450002099
:10AE3000000002B80122024B1A62DA61704700BFBB
:10AE4000002002B8084A08B5D369116A0B400749C7
:10AE500023F47F00DB07C86104D5D068C0F303602A
:10AE6000FFF7E8FF08BD00BF000002B8002002B8ED
:10AE70000C4A08B5936CD26C13400B4A9364DB0701
:10AE80000FD50A4B40F674321878122100F00100F9
:10AE900000F092FBBDE80840002201200021FEF7EF
:10AEA00065BF08BD00C000B800E000B888140020ED
:10AEB000164B10B51C6C5A6C1440154A24F0020154
:10AEC0001164E20705D540F6D3320020196800F07E
:10AED00073FBA30718D502220D4B1A640D4AA3F584
:10AEE000005314685B687CB1DBB2042B07D10022ED
:10AEF0000121094B18682346BDE810401847052B6F
:10AF000002D100221146F4E710BD00BF00800950B5
:10AF100000A00950783300204434002038B50B4C91
:10AF20000B4DD4F88430DB0706D4A36FD4F884200B
:10AF30001340084A936738BDD5F804315A06F0D556
:10AF4000FFF7B6FF4023C5F88431EAE7008001B877
:10AF500000E100E000A001B870B514460D461BF0FA
:10AF600045FD064BD3F8BC6E74402C407440C3F8CA
:10AF7000BC4E1BF03FFD06EA050070BD003000B07E
:10AF8000034BD3F8BC3E99430CBF0120002070470F
:10AF9000003000B02DE9F04117460A43012A1D4652
:10AFA0009DF818409DF81C60DDF8208029D8B44237
:10AFB00027D2082E25D8032B23D8B8F1000F20D094
:10AFC0000A460021FBF772FCFF21EB009940C943C0
:10AFD000DFF834C008F1FF38FF00E2B2964202D831
:10AFE0000020BDE8F0813D190CEB8505D5F8F42073
:10AFF00018F8010F0A4098401043C5F8F4000134D6
:10B00000EBE70120EDE700BF003E00B0174BD3F89F
:10B01000BC2E12F0010312D0154B93F84830154A9C
:10B0200043F08073C2F8D0304FF4801302F5005221
:10B03000C2F8B430A2F58052C2F8B8307047110699
:10B04000EDD40D4B93F8471121B1D20602D593F8F8
:10B050004431E4E74FF480120020084B0549C3F85F
:10B06000B820C1F8D000C3F8B4207047003000B059
:10B07000003F00B0004000B8003E00B0006000B8E3
:10B08000034B1868034B002808BF1846704700BFE1
:10B0900040340020D8630408F8B50D4610B90024E8
:10B0A0002046F8BD0E4F3E68002EF8D100F03AF869
:10B0B00004460028F3D0386000F080F8204620F0E5
:10B0C00061FC38B130463E6000F078F8204620F050
:10B0D00054FCE4E7002DE3D02046A847E0E700BF9A
:10B0E00044340020024B1868003818BF0120704714
:10B0F00044340020002108B5024B08465B6898479D
:10B10000002008BDAC500020431E033306D8044B7A
:10B11000984228BF1846642838BF6420704700BF93
:10B1200040420F00F8B505461BF060FC07460F4B88
:10B130001E6826B938461BF05DFC344611E0B46841
:10B140008CB194F810C01CF0010F0CD14CF0010C24
:10B1500095E80F0084F810C084E80F0038461BF013
:10B1600049FC2046F8BD3668E3E700BFE850002000
:10B1700038B505460C4641B10B6833B11B68013345
:10B1800003D0CB680BB18B684BB920F0A4FABDE8B3
:10B1900038404FF486724121002000F00DBA084675
:10B1A000FCF752FC0023044A85F81C31C5E9304302
:10B1B000C2E9003338BD00BF9014002010B504462A
:10B1C00018B9054B054A136010BDFAF765FBD4F8B2
:10B1D000CC30002BF6D1F4E763B90308E45000202B
:10B1E000014B1868704700BF9014002008B5024654
:10B1F0000868FFF789FF08604868FFF785FF486027
:10B200008868FFF781FF8860C868FFF77DFF0B69DA
:10B21000C860581C03D00B48834228BF03460B610B
:10B220004B69581C03D00748834228BF03468869EE
:10B230004B61FFF769FFBDE8084088611046FBF7E6
:10B240005BBB00BF40420F002DE9F84FD0F8C4307F
:10B2500006460F4613B1838B8B4244D0D6F8C0B05C
:10B26000BBF1000F42D0DBF80830002B3ED0DBF8FA
:10B270000C1000293AD0D6F8D4A0BAF1000F38D07B
:10B280004FF000094D46C84601E0DBF8083005EBF9
:10B29000C50203EB8204E3890135BB4214D8238A3B
:10B2A000BB4211D3B4F91220B6F92830934250DDD5
:10B2B000304696F81011EEF7D7F9F37D81468342B8
:10B2C000A04606D9DBF80C108D42DED3B8F1000F92
:10B2D00039D00023424630461946D047B783C6F8D6
:10B2E000C48086F819910020BDE8F88F0320BDE8DE
:10B2F000F88FD14647F6FF755446524604EBC40812
:10B3000003EB8808B8F80E30BB4216D8B8F81030F6
:10B31000BB4212D3B8F91220AA4202D14FF0FF0962
:10B32000DCE7304696F81011EEF79EF9F37D814682
:10B330008342D3D94246DBF80C100134A14204D930
:10B34000DBF80830DAE70120CEE7002AFBD0904690
:10B35000C4E7A046BDE700BF2DE9F04782B0044630
:10B360000F461646FBF718FD002856D1474D2B68AF
:10B37000D4F8C0A0D4F8C4800BB1534567D04FF0C7
:10B380000009AF60FBF7ACFD0128074656D1204607
:10B3900020F00FF9002844D12B68DAF80010D8F813
:10B3A000002013B1186888425CD0204620F0BAF81B
:10B3B000C5E900A8D4F8D4508DF80760002D58D006
:10B3C0000022204611460DF10703A8472046FAF750
:10B3D00097FE0546B9F1000F0CD05EB9012F05D0DC
:10B3E00025B12B4B002103205B689847284602B00B
:10B3F000BDE8F087B5FA85F040F2DB323321400931
:10B4000000F0DAF831462046FBF7F6F8214B054606
:10B41000414620461B689847E0E700231B4D6B60C0
:10B42000A5E7637CDA07B7D5A36B5B05B4D51A4BE8
:10B430000122002120461B689847ADE7002101202A
:10B44000FAF768FAFBF74CFD0128FBD19FE76B6820
:10B45000002B94D0434592D1AB689F4214D04FF05B
:10B4600001098EE7696811B109689142A0D0596855
:10B470009BE7E17D94F819313246994228BF19467D
:10B480002046FAF7C3FDA1E70025AFE7901400209E
:10B49000AC500020E450002078330020F8B50D4671
:10B4A00007461BF0A3FA294606463846FFF7CCFEAE
:10B4B0000446F0B1384620F07CF830B17B7C13F0C4
:10B4C000010307D1104A82F8D83030461BF092FAB7
:10B4D0002046F8BDBA6B12F4806213D0B7F80A2187
:10B4E000AA42EFD0B7F80C315B1BB3FA83F35B09C8
:10B4F000E8E7FBF737FC224629463846FFF72CFFE2
:10B500000446D7E71346DDE7003E00B0F8B51C4B14
:10B5100005461B680E4603B1984731462846FFF79B
:10B5200027FED5F8C03073B15B6963B1FDF7B0FB9E
:10B53000D5F8C03040F253125B6942211B1A5842C1
:10B54000584100F039F800224FF6FF734FF0240CF9
:10B55000F768D0B2B84208D31C4621462846FFF708
:10B560009DFF20F0C0F82046F8BDB1680CFB00112B
:10B57000CC899C4202D2002CEFD023460132E8E76E
:10B58000743300204FF4007307B50A490DF1060229
:10B59000ADF8063020F0A9FABDF80630B3F5007F0B
:10B5A00005D1022808BF002003B05DF804FB01208C
:10B5B000FAE700BF4834002008B550B90548064BEB
:10B5C00001601A60054B1A68054B1A60186804F090
:10B5D0007BFE08BDEC5000204C3600204434002097
:10B5E0004836002070B506460D461446EFF74CFE6F
:10B5F0000022044B1E80044B1D60044B1C60044B56
:10B600001A6070BDDA4600205836002054360020FB
:10B6100050360020054B10B51968054C054B2268C3
:10B6200018681CF0D9F900B9206010BD5836002008
:10B63000503600207C5000202DE9F84F0E4614466D
:10B640000AB34FF0000BDFF84480DFF84490DFF8D6
:10B6500044A0D8F80070D9F80050DAF80000ED1BCB
:10B66000A54228BF254638442A46314625F0BFF872
:10B670002F44641BC8F8007004D0FFF7CBFF2E44A2
:10B680008346E6E75C462046BDE8F88F503600204A
:10B6900054360020583600200FB400B50B4BA3B031
:10B6A0001B786BB18022022002A9FFF79BFF25AB1C
:10B6B0000021249A06480193F1F770FCFFF7AAFFD6
:10B6C00023B05DF804EB04B0704700BFBE49002012
:10B6D00055BC03080022024B1A605A609A607047FA
:10B6E000DC4600200122024B1A70FFF7F3BF00BFB7
:10B6F000BE49002008B5054806F0F6F8BDE8084048
:10B700001022FF21024825F08CB800BF1051002004
:10B710005C36002070B50D4D2B78A3B9BDE87040A4
:10B720000B4806F0E1B800F031FE01343378E0B2A6
:10B730008342F8D84FF47A712B7805485943BDE815
:10B74000704006F035B80024024EEFE7C6550020E1
:10B75000F0500020164900202DE9F3470F46002144
:10B760009846234B81461B881646118023B9002436
:10B77000204602B0BDE8F0871E4821F0CDFC04460B
:10B78000DFF870A009F10405002CF0D0204605F088
:10B79000A9FD011D284620F0BEFC10B3002514238E
:10B7A0002A4621464846009505F084FF204605F0CC
:10B7B000B5FD14280BD83580002FD9D000231422D2
:10B7C000009321463846EBB205F074FFD0E72046DF
:10B7D00005F0A4FDA0F11405ADB245453580C7D8EC
:10B7E000EAE72146504621F0EDFC0446CCE700BFD5
:10B7F000E8460020EA4600200023024A1380024A5D
:10B8000013807047EA460020E84600202DE9FF41FA
:10B8100000238DF80C304FF0FF33061D304601A990
:10B82000019320F078FC054618B1FFF7E5FF0125EC
:10B830000AE0144F3B883BB10146134821F06CFCF1
:10B840000446DFF844801CB9284604B0BDE8F08106
:10B85000204605F047FD011D304620F05CFC50B14C
:10B8600000222146084821F0E8FC3B88002BDED06E
:10B87000013B3B80DBE72146404621F0A3FC044628
:10B88000E1E700BFE8460020EA4600202DE9F74343
:10B890000D461646074620B90024204603B0BDE8F1
:10B8A000F083FFF7B3FFDFF86C80184BB8F8002087
:10B8B0001B889A42F0D23DB306F1140189B20022EE
:10B8C000104621F012FC04460028E5D04FF0010993
:10B8D0000146142300223846CDF8009005F0EAFE18
:10B8E0003DB1142221462846CDF80090F3B205F070
:10B8F000E1FE00222146064821F014FCB8F8003091
:10B900000133A8F80030C8E71421D8E78855002093
:10B91000EA460020E846002008B500F0BFFE094BCB
:10B920001B7853B14FF47A710748594305F040FF33
:10B93000064B074A00201A6008BD034805F0D4FFF3
:10B94000F6E700BFC6550020F0500020E837002081
:10B950001664040808B5044805F0EAFABDE8084092
:10B96000024805F0E5BA00BFEA460020EC46002098
:10B9700037B5124B124D1B780446F32B2A88114B16
:10B9800014D111490978032910D100210193012311
:10B9900008460093022321F055FB08B100232B80B9
:10B9A000204603B0BDE8304005F09EBF019301235F
:10B9B0000093002319461846EDE700BFBF49002059
:10B9C000EC460020E5C10108E34900202DE9F041E3
:10B9D000214F86B0B7F80080BDF830608DF80F3089
:10B9E000B8F1000F34D120F0F0FAADF8160005F0F0
:10B9F00095FC01230DF10F011A4604460DF11600C6
:10BA000005F0C6FDBDF8160005F088FC0546304679
:10BA100005F084FC2918C9B20DF1160021F099FC3B
:10BA20003046BDF8165005F079FC611C434632469D
:10BA30000090C9B2284621F0B4FCBDF816309DF83C
:10BA40000F203B80054B142105481A7005F0B0FE0D
:10BA500006B0BDE8F08100BFEC460020BF490020E1
:10BA6000742B0020F8B50446002859D10020F8BDF9
:10BA7000928AA24252D0482202FB035292F82C2012
:10BA8000022A11D148224FF6FF7C02FB0352118E8D
:10BA9000614507D192F83800022814D1928F39E01D
:10BAA0000846EFE78C4239D0482202FB035292F855
:10BAB0003810022906D14FF6FF71928F8A4202D0C8
:10BAC00094422BD040B1482000FB0350083020F0B6
:10BAD0004BFBA04222D0012001363A78F3B29A42C1
:10BAE000C4D9482159436A18695C0129F4D1D2F8B4
:10BAF00004C01CF0800FBED01CF4005FB8D192F8D7
:10BB00002C000228CCD092F838100229DBD14FF655
:10BB1000FF71928F8A42D6D09442D4D10120A6E7F9
:10BB20000026024F3046024DD7E700BFC555002022
:10BB30007C21002037B505460C4699B1FFF792FFEE
:10BB400080B1FF220821204621F059FD034648B963
:10BB50006A4605490868496803C26A461946284684
:10BB600012F05EFA03B030BD0C6404082DE9F04F0A
:10BB7000144698464FF0FF33B3B00546002289467D
:10BB80002046062110939DF8F0A020F002F9002233
:10BB900006210C90204620F0FCF800220A2100F437
:10BBA0008046204620F0F5F8042DC3B20B9300F038
:10BBB0003681052D00F05481012D5FD119A8F5F7CC
:10BBC00061FB092315AA17468DF864300DF5847CB6
:10BBD0003EAB154618685968083303C563452A46C5
:10BBE000F7D1394619A81DF0C1F919A8F5F776FE65
:10BBF00098F8083011AD022B03BF2B46D8F800008F
:10BC0000D8F80410D8F800300CBF03C3CDE91133C5
:10BC1000429B0A21139305230DF13E0220468DF825
:10BC2000503020F0B6F806210DF13D02204620F0FC
:10BC3000B0F80C210DF13F02204620F0AAF8AAF13D
:10BC4000030C10AB1090DCF10000CDE9005340EB89
:10BC50000C0021469DF83E309DF83D2022F0AFFEBD
:10BC6000002800F0D980BAF1030F0AD04822914B86
:10BC7000429902FB09339A698A420CD333B0BDE87A
:10BC8000F08F00220A21204620F083F800F0F00017
:10BC9000F028EBD1F2E74FF0000B429A9A610022B4
:10BCA0000A21204620F075F8C3B20B9300220A2126
:10BCB000204620F06EF8C0B2E02840F0D880002284
:10BCC0000621204620F065F8450640F1D980012183
:10BCD000204605F091FB002800F0E380012120467A
:10BCE00005F08AFB05460121204605F085FB00286A
:10BCF00000F0D9800121204605F07EFB07460B218C
:10BD000019AA204620F045F8384605F007FB002226
:10BD100007460621204620F03CF89DF86430C0F329
:10BD20000030FF1A0B21A7EB800715AA204620F050
:10BD300030F80023FFB2009329463B469DF854207B
:10BD400019A805F0B7FCB9F1FF0F15D0482202FB86
:10BD500009F2584B99189A5CFF2A0DD04A68BAF13B
:10BD6000000F03D1500407D4897D29B9482101FB74
:10BD7000093342F4C0625A604F4B504A93F9003085
:10BD800010780D9321F0C8FF02280D9B40F28D80A2
:10BD9000042840F28C8006288CBF00250125AD01C7
:10BDA0006FF06C029342B8BF1346082BA8BF08235C
:10BDB0006E3343F346030022012120461D441FF049
:10BDC000E8FF002E14BF01230023EDB2C2B208D059
:10BDD0003B490E883B4909888E4294BF00260126C4
:10BDE000760019A93343CDE90871109903930C9B90
:10BDF00006910B99C3F380130591029342999DF824
:10BE0000F4300491CDE900A3294643465846CDF8C5
:10BE10001C901CF0EDFD31E74FF0070B3FE7BAF146
:10BE2000000F14D1B9F1FF0F0ED04823214D03FBB1
:10BE300009556B685F0407D4AB7D2BB952460121CD
:10BE400020461FF0A6FFA8614FF0060B2EE7002248
:10BE50000C2120461FF09DFF4FF0030B109025E7AB
:10BE6000002E3FF40BAF404620F000F906E7002219
:10BE70000A2120461FF08DFFC0B2E2283FF41FAF19
:10BE80000022062120461FF084FF00F00300012855
:10BE90003FF41DAF002E3FF41AAF404620F0E6F805
:10BEA00015E725461FE7274629E7C02578E78025BF
:10BEB00076E700BF7C210020FF490020004A0020D7
:10BEC00088550020E84600202DE9F04F8DB08046CF
:10BED0000F4615469946BDF858A000F0E5F904460E
:10BEE000002F39D108AE39461022304624F099FC93
:10BEF000FF2C02AF22D04822374B02FB04335A6892
:10BF0000500401D49B7DCBB100220A2150461FF082
:10BF100040FFC0B2E02811D0CDF8189096E80F008D
:10BF200087E80F0000235246009321464346022033
:10BF30000195FFF71BFE0DB0BDE8F08FCDF818900E
:10BF400096E80F0087E80F00002301950093434611
:10BF5000524621460420ECE7BB1E012BEBD8FF28FC
:10BF600008AE0DF1080B29D0314600F0D7FB48226E
:10BF7000194B02FB04339B7DD906C3F3820201D423
:10BF8000072A16D1BDB103F003039F420ABF4FF049
:10BF9000010C4FF0040C1546CDF8189096E80F00F0
:10BFA0008BE80F004346524621466046CDE90075B6
:10BFB000BFE7002DE7D04FF0040CEDE71022002181
:10BFC000304624F02EFCCDF8189096E80F008BE850
:10BFD0000F00CDE90075BAE77C2100202DE9F04380
:10BFE000002287B00D2104461FF0D3FE002800F088
:10BFF00099800022062120461FF0CBFEC0F30725C2
:10C0000015F0050640F08E803246062120461FF0CE
:10C01000C0FE070400F186803246062120461FF04C
:10C02000B8FE400477D40022012120461FF0B1FE63
:10C0300005F0070507468DF81450002D75D12A46E6
:10C04000072120461FF0A5FE0390644EFFB2337B0C
:10C05000B146BB420AD19DF81420337A934205D1F0
:10C06000002B7CD13368039A9A425BD00DF10C0807
:10C0700098E8070089E807004FF4FA6158483773D9
:10C0800005F096FB0022062120461FF082FE00F0FC
:10C09000030001284FF000026CD10A2120461FF056
:10C0A00078FE00F0F000F0283CD000220621204667
:10C0B0001FF06FFE10F4C05FC0F3C12232D1062121
:10C0C00020461FF066FE02062CD45DBB2A460621E0
:10C0D00020461FF05EFE430602D440461FF0C6FF16
:10C0E0000022062120461FF054FE002205460621AC
:10C0F00020461FF04EFE00220646092120461FF072
:10C1000048FE00940346C6F340324046C5F3C121C1
:10C11000FFF7DAFE06E00621324620461FF039FE20
:10C12000410680D507B0BDE8F083022DFAD1052184
:10C130000DF10B0220461FF02CFE204605F0D2F830
:10C140009DF80B100822014403A824F050FB0022A4
:10C15000082120461FF01DFE8DF8150075E7022B03
:10C1600084D10822314603A824F031FB00287FF453
:10C170007DAFD7E7062120461FF00BFE10F0030528
:10C18000D0D12A46062120461FF003FE10F4C05FDE
:10C1900011D100220A2120461FF0FBFD00F0F00023
:10C1A000F028BFD000220A2120461FF0F2FDC0B2C5
:10C1B000E32895D1B6E72A46062120461FF0E9FD7F
:10C1C000C0F3C1200228E4D02A46062120461FF0F1
:10C1D000E0FDC0F3C120032882D0A3E75C36002035
:10C1E00010510020002108B5024B084619801CF0B0
:10C1F000C9FB08BDEC46002008B5204A0B46127862
:10C20000824239D91E4900EBC000482201EBC0012F
:10C21000184624F0ECFA02780346012A02BF42686D
:10C2200042F018024260827D1AB1426842F48042B4
:10C2300042605A6803F11800110619465CBF42F4C7
:10C2400080525A6091F82C20022A0BD0032A0FD07A
:10C250001AB95A6842F480325A600C318842F1D1DE
:10C26000002008BD5A6822F4805242F48072F3E73D
:10C270005A6842F04002EFE72720F2E7C555002058
:10C280007C210020064B1B78834207D94823584362
:10C29000044B185C431E58425841704700207047B9
:10C2A000C55500207C2100202DE9F84306460025D5
:10C2B0004FF048080C4FDFF834903B78ECB2A342C3
:10C2C00001D8FF240DE02046FFF7DCFF08B9013557
:10C2D000F3E708FB0491304608311FF01CFF0028EB
:10C2E000F5D02046BDE8F883C55500207C2100200C
:10C2F00030B5084B48211A780023074CD8B2824247
:10C3000001D8FF2005E0013301FB03F5655DFF2D3A
:10C31000F4D130BDC555002034210020F8B50546C4
:10C32000FFF7C2FFFF28044606462AD1FFF7E0FFC9
:10C33000FF28044625D003B203EBC303124FDB00F2
:10C340002868696803F108023A4403C2A8681C33EC
:10C35000106031461022F81824F063FA48220021B8
:10C360004FF6FF706243BB18996183F8446098826E
:10C37000287A58600120B854997583F82C6083F8A6
:10C3800038602046F8BD00BF7C21002013B5144B57
:10C3900004461B78834220D9124B1B7883421CD958
:10C3A000FFF770FF60B148220F4B02FB04339B691B
:10C3B000009304236A46214620201BF0EAFD0CE08E
:10C3C000042322460DEB030020211BF0D9FD4FF082
:10C3D000FF330093019B0133EBD102B010BD00BFCE
:10C3E00016490020C55500207C21002070B54B4B1C
:10C3F00004461B7896B083426ED96E463422FF21E4
:10C4000009A824F00EFA1022FF21304624F009FA80
:10C410002046FFF737FF002849D048226243404DAD
:10C42000AB18AA5C8DF824205A680A921A7C002A5C
:10C4300054D19B680B93482303FB04539A7D12F05D
:10C440001C0F18BF1C338DF835201CBF0FCB86E89E
:10C450000F00482303FB045191F82C20032A8DF888
:10C46000462046D103FB0453D3F82E00D3F83210F4
:10C4700012AA03C2D3F83A00D3F83E1003C24821EF
:10C4800001FB045292F83830032B8DF8473001D06D
:10C49000002B39D101FB0455D5F82E00D5F8321008
:10C4A00012AB03C3D5F83A00D5F83E1003C33423CA
:10C4B000214609AA1F201BF06CFD2046FFF766FFEE
:10C4C00004A8F4F7DFFE0723314604A88DF81030E6
:10C4D0008DF811401CF04AFD16B070BD022AAAD199
:10C4E000D96898680BAA82E803005B7C8DF8343029
:10C4F000A1E7002AB6D0022A01BF0B8EADF8483062
:10C50000CB8DADF84A30BAE7022B01BF938FADF85F
:10C510005030538FADF85230C9E700BFC5550020E9
:10C520007C2100202DE9F0430027DFF82481474CCF
:10C5300097B098F80030FDB2AB4202D817B0BDE812
:10C54000F0832A4634231F2109A81BF019FDE94670
:10C5500004A8F4F797FE0723494604A88DF8103085
:10C560008DF811501CF021FD48239DF824206B43C9
:10C57000FF2A02D1E2540137DBE7E254DDF828C09C
:10C58000E618C6F804C09DF8353006F11C0EB375E8
:10C5900099E80F008EE80F001CF0020206F1080374
:10C5A0003BD0DDE90B0183E80300022333749DF8DF
:10C5B0003430737448236B432CF4C062E1184A6032
:10C5C0009DF84620032A81F82C202AD112AA03CAFA
:10C5D000482203F12E0604EB060CA051CCF80410FF
:10C5E0004FF6FD7102FB0542D186482202FB05424F
:10C5F0009DF84710032982F8381000D0E1B93A338A
:10C6000014AA03CAE618E05048234FF6FD7203FB54
:10C6100005437160A3F84220ADE70B9B3274B36011
:10C62000C8E7002AD2D0022A01BFBDF848200A86F6
:10C63000BDF84A20CA85D8E7022901BFBDF85030AD
:10C640009387BDF85230538795E700BF7C210020C7
:10C65000C5550020F7B5FFF765FF00240C4E0D4DC2
:10C660000D4F3378A34202D92B78A34201D803B0EF
:10C67000F0BD042322460DEB030020211BF080FCBB
:10C68000482303FB0473019A01349A61E4B2E8E79A
:10C6900016490020C55500207C21002030B4084BED
:10C6A00048201978FF250023064CDAB2914202D8BF
:10C6B00030BCFFF7CFBF00FB03F20133A554F4E712
:10C6C000C55500207C210020F0B40B4611490546D9
:10C6D000097881421CD948241C2114FB00140E4EF9
:10C6E00003F1100C3444274618685968083303C70F
:10C6F00063453C46F7D1482303FB0566B37D2846D6
:10C7000023F01C0343EA8202B275F0BCFFF76EBE51
:10C71000F0BC7047C55500207C210020034630B492
:10C720000E4A084612789A4204D830BC10220021E2
:10C7300024F077B848221C2112FB0312084B1A443C
:10C74000034602F11005144603CCAC421860596050
:10C75000224603F10803F6D130BC7047C5550020CE
:10C760007C2100202DE9F84F04461E464D4B88469B
:10C770001B789146A342BDF82800BDF82C103FD984
:10C78000B8F1000F02D0B8F1030F4FD1B9F1000F8B
:10C7900036D04FF0480B444F04EBC4050BFB047B31
:10C7A0009BF82CA0ED00BAF1FF0F05D19BF83830B3
:10C7B000FF2B0DD1002026E005F12E00082249466E
:10C7C000384424F004F8A0B19BF83830FF2B19D07E
:10C7D00005F13A0008224946384423F0F8FF38B101
:10C7E000BAF1FF0FE6D02046BDE8F84FFFF7FEBDD7
:10C7F000012048230C22634302FB00303844C686E4
:10C80000BDE8F88F01200C234FF0480A58430AFB7B
:10C81000040A2E35BA442844082249468AF82C8056
:10C82000384423F0E4FFAAF83660DCE7B8F1020FE1
:10C83000D9D148231C4A03FB042393F82C60022E11
:10C840000BD1DD8D854223D093F83850022D11D1C4
:10C850005B8F8342C7D101201BE093F83850022D33
:10C8600006D15B8F8342F6D0FF2EBCD1002504E0B9
:10C87000FF2EFBD0FF2DB6D1012548230C266343A4
:10C8800006FB053313440222D88583F82C2006E0EA
:10C89000002048230C25634305FB0033134419860D
:10C8A000A1E700BFC55500207C2100202DE9F047FD
:10C8B0001F4B05461B7889468342924635D900278F
:10C8C0003E46DFF8708000EBC00408EBC40494F827
:10C8D0002C30032B07D8013B012B16D8DFE803F0DF
:10C8E00006200627F3E7FF2B18BF0126062F04F1C9
:10C8F0000C04F6D126B94823FF226B4308F8032025
:10C900002846BDE8F047FFF771BD0822494604F10B
:10C910002E0023F05CFF30B9FF2384F82C30E5E7CC
:10C92000E38D5345F8D00126E0E7BDE8F08700BF6E
:10C93000C55500207C210020064A03461278824219
:10C9400006D94822FF215343034AD154FFF74EBD75
:10C95000704700BFC55500207C2100202DE9F04F15
:10C9600004464FF6FF7585B0174614F48032BDF8C3
:10C970003C60029208BF2E46E2060846BDF8389099
:10C980009DF84C8007D5FFF78FFCFFF7D5FF0020FF
:10C9900005B0BDE8F08F210771D514F4004BC4F346
:10C9A000C22A04D09F2222FA0AF2D207EFD50393BB
:10C9B000FFF7B4FC3D4A05461278039B8242E6D954
:10C9C0003946CDE90096109AFFF7CCFEBBF1000F77
:10C9D00004D0524628461199FFF776FE14F4C06F32
:10C9E000334BC4F3412E04F480702DD1482202FB56
:10C9F000053268B112999161917D21F00301917521
:10CA0000482202FB0532516841F02001516004E0E8
:10CA1000917D906121F003019175482214F4003F4B
:10CA200008BF4FF0000802FB0533012F83F8448054
:10CA300005D102995A68E9B942F080025A60284645
:10CA4000FFF7D4FC0120A3E7AEF10202012A9FBF49
:10CA5000482202FB053212999161482202FB0532FD
:10CA600092F816C02CF0030C4EEA0C0191750028C8
:10CA7000D3D0C5E742F402525A609E82DFE7FFF747
:10CA800013FC0A4B1B78834281D9012F08D148221D
:10CA9000074B02FB00335A689D8222F402525A600F
:10CAA00033464A461099FFF701FFCBE7C5550020F2
:10CAB0007C21002044235843024B185C431E5842FB
:10CAC00058417047382100202DE9F84306460025DB
:10CAD0004FF044080C4FDFF834903B78ECB2A3429F
:10CAE00001D8FF240DE02046FFF7E4FF08B9013527
:10CAF000F3E708FB0491304604311FF00CFB0028DB
:10CB0000F5D02046BDE8F8831449002038210020E4
:10CB10004422024B02FB0033196370473821002086
:10CB200030B500224424084B084D1978D0B2814218
:10CB300001D8FF2007E004FB02F3EB5C0132013B6C
:10CB4000DBB2FD2BF2D930BD144900203821002082
:10CB5000F8B50546FFF7B8FFFF280446064628D17A
:10CB6000FFF7DEFFFF28044623D003B203EB0313D5
:10CB7000114F9B00286869681A1D3A4403C2A868CF
:10CB80003433106031461022F81823F04AFE442254
:10CB900000214FF6FF706243BB18196383F82C60C5
:10CBA0005885287A58800120B85483F82D109E7437
:10CBB0009E772046F8BD00BF3821002010B50D4BF0
:10CBC00002461B780C4683420ED9FFF773FF68B10B
:10CBD00071B1094902EB021001EB800144222046A9
:10CBE00023F005FE002010BD2720FCE72D20FAE7EA
:10CBF0000120F8E7144900203821002000210A46CE
:10CC000010B5074B1C78C8B2844201D8104610BD3D
:10CC1000FFF750FF08B10132D2B20131F3E700BF94
:10CC20001449002013B5124B04461B7883421CD9CB
:10CC3000FFF740FF60B144220E4B02FB04331B6B35
:10CC4000009304236A46214622201BF0A2F90CE03F
:10CC5000042322460DEB030022211BF091F94FF033
:10CC6000FF330093019B0133EBD102B010BD00BF35
:10CC7000144900203821002070B50D4D2B78A3B940
:10CC8000BDE870400B4804F02FBEFFF7CBFF013426
:10CC90003378E0B28342F8D84FF47A712B780548A4
:10CCA0005943BDE8704004F083BD0024024EEFE715
:10CCB000C4550020305100201549002070B53A4B72
:10CCC00004461B7896B0834261D93022FF210AA81E
:10CCD00001AE23F0A6FD1022FF21304623F0A1FD76
:10CCE0002046FFF7E7FE00283CD0442262432F4D48
:10CCF000AB18AA5C8DF828205A88ADF82A201A7B38
:10CD0000002A46D15B680B93442303FB045393F83A
:10CD10002D208DF83520D2061EBF34330FCB86E888
:10CD20000F00442303FB0452917C03FB04538DF852
:10CD30004610022904BF526912929A7F022A08BF44
:10CD40001B6A8DF8472008BF1393442303FB045547
:10CD50006B8DADF854302B7C8DF8563095F82C3017
:10CD60008DF85730302321460AAA21201BF011F9F3
:10CD70002046FFF757FF05A8F4F784FA0823314649
:10CD800005A88DF814308DF815401CF0EFF816B09A
:10CD900070BD022AB8D1D3E901010BAA82E80300D1
:10CDA0005B7B8DF83430AFE7144900203821002038
:10CDB000F8B500244427074D074E2B78E0B2834294
:10CDC00000D8F8BDFF2207FB00F3F254FFF776FF0F
:10CDD0000134F2E71449002038210020064A0346B6
:10CDE0001278824206D94422FF215343034AD15488
:10CDF000FFF764BF704700BF1449002038210020AE
:10CE000038B50D4A04461278824212D90B4D41B909
:10CE10004423FF224343EA542046FFF74FFF0020FC
:10CE200038BD00EB0010442205EB800023F0DFFC4E
:10CE3000F2E72720F4E700BF144900203821002042
:10CE40002DE9F0430026324F324D97B03B785FFA20
:10CE500086F8434502D817B0BDE8F0834246302338
:10CE600021210AA81BF08CF805A8F4F70BFA082377
:10CE70000DF10409494605A88DF814308DF8158088
:10CE80001CF093F844239DF8282003FB08F3FF2AA5
:10CE900002D1EA540136D9E7EA54BDF82AC0EC18A9
:10CEA000A4F802C09DF8353004F1340E84F82D301A
:10CEB0001CF0020C99E80F008EE80F0004F1040347
:10CEC00020D0DDE90B0183E80300022323739DF8E2
:10CED00034306373442202FB08529DF84630937449
:10CEE000129B53619DF847309377139B1362BDF8F3
:10CEF000543053859DF8563013749DF8573082F89E
:10CF00002C30C7E70B9B84F80CC06360E2E700BFDE
:10CF10001449002038210020F7B500234420FF26C3
:10CF20001B4D1C4C2978DAB2914216D8FFF788FFC6
:10CF30000024194E174F3378A34202D92B78A3420D
:10CF400010D8164B1B78E3B14FF47A71594314484B
:10CF500003B0BDE8F04004F02BBC00FB03F201334A
:10CF6000A654E0E7042322460DEB030022211BF028
:10CF700007F8442303FB0473019A01341A63E4B2F3
:10CF8000D9E7074803B0BDE8F04004F0ADBC00BFEE
:10CF9000144900203821002015490020C4550020E4
:10CFA00030510020F8B5204B05461B882D2B28D882
:10CFB0002A2B28D901F05CFF1C4B1D4A1B68064632
:10CFC000053300211B48136020F0A6F80446194FD2
:10CFD000CCB10321204620F0F7F9312814D11221D9
:10CFE000204604F0A3FBB04205D140F60F401FF0ED
:10CFF00012FD00232B702146384620F0E3F804464A
:10D00000E6E7382BD6D0F8BD3228F4D105212046EA
:10D0100004F08CFBB042EED140F60F401FF0FBFC59
:10D0200000232B70EFE700BFF0460020B420002063
:10D0300070360020F246002070B5002105461148E8
:10D0400020F06AF804460F4E0CB9204670BD03214B
:10D05000204620F0B9F93F2805D02146304620F07F
:10D06000B1F80446F0E70921204604F05FFB0228EE
:10D07000F3D10A21204604F059FBA842EDD101204A
:10D08000E4E700BFF2460020F8B500210546194844
:10D0900020F042F80446174F04B9F8BD032120469A
:10D0A00020F092F945281ED11B21204604F03EFBBA
:10D0B000A84218D10521204604F038FB831EDBB2BC
:10D0C000012B0BD821460B4820F07CF80646214660
:10D0D0000022084820F0B1F83446DDE7FF221B218A
:10D0E000204604F037FB2146384620F06BF8044612
:10D0F000D2E700BFF2460020F0B589B00446F3F74E
:10D100005FFC334B06461B78112B1FD1607801A9B9
:10D110001FF02DFB20BB0027F3F752FCFEB2B042FC
:10D120001CD9304603A921F0FDFF9DF80C500137B2
:10D13000002DF1D12146304610F068F818B340F6C2
:10D140000445A84214BF8C258D251CE0122B05D167
:10D15000618860781FF098FB0028D7D18C2512E0F9
:10D1600040F20913BDF804209A42D4D16388B3F584
:10D17000006FD0D1601D1BF039FD0E28CBD00028E8
:10D180000CBF00258D2503A831211CF085F92388CB
:10D19000618804A8ADF80E301CF07EF923791221C5
:10D1A0008DF81230D4F8053003A8CDF81330D4F838
:10D1B00009308DF81C60CDF81730637B8DF81D5059
:10D1C0008DF81B301FF0D5FB284609B0F0BD00BF1D
:10D1D000DB55002037B5144B05461B78113B012B5E
:10D1E0000FD98D24684632211CF056F90721684674
:10D1F0008DF802508DF803401FF0BBFB204603B0B2
:10D2000030BDFFF719FF0028EBD128460FF0D6FFFD
:10D21000044618B92846FFF737FFE3E740F6044312
:10D220009842DED08824DDE7DB55002003787BB907
:10D230004378012B0CD1074B1B88562B064B15BF8F
:10D24000027A1B781A700372002343600123037073
:10D25000704700BFF0460020DB55002070B5057810
:10D26000044665B94378042B09D10C4B1B88522B1B
:10D2700006D1F3F7A5FB656020810123237070BD03
:10D280000689F3F79DFB864202D921236360F4E708
:10D29000207A6560F3F78EFBEFE700BFF0460020D1
:10D2A000037810B504466BB90121194A436012880E
:10D2B0000170417839B9174B562A0BBF1B88027A87
:10D2C00003721A8010BD05290FD1562A05D1F3F734
:10D2D0008FFB40F050002072F4E7007A00F00F005E
:10D2E0002072BDE81040F3F789BB06290ED1562AFB
:10D2F00004D1F3F789FB40F06000ECE7007A00F01E
:10D300000F002072BDE81040F3F784BB0370D9E72B
:10D31000F0460020B4460020037810B50446CBB98F
:10D320000122436043780270242B14D006D80D2BC1
:10D3300009D01E2B0BD0002323700BE0362BFAD123
:10D34000F3F77AFB01E004F011FC208102E0034BCB
:10D350001B78238110BD024BFAE700BFBC550020AB
:10D36000C3480020037863B9012243604378027008
:10D37000242B19D006D80D2B09D01E2B0AD0002340
:10D3800003707047362BFAD10089F3F75BBB007A44
:10D3900004F0F2BB074B02891978914202D2212393
:10D3A000436070471A70704703890A2BF7D8024A06
:10D3B00013707047BC550020C34800202DE9F0438E
:10D3C000164693B00C461D4607461BF057FB1BF054
:10D3D00053FB02A80EF0B6FE012EDFF8CC8045D03C
:10D3E000032E0ED04FF0030920F0C6F9A84213D047
:10D3F0002946384616F06EFC21463846F3F76EFC97
:10D400000AE018B9BDF808309B07EBD4B8F8003033
:10D41000980746D44FF00209CDF8049098F80030F0
:10D4200032462146009338462B461BF088F880464A
:10D4300024210DA81CF030F839460DF136001CF0FF
:10D440002BF8206861680EAB03C329460DF142003A
:10D450008DF840608DF841801CF01EF810210DA859
:10D460001FF087FA404613B0BDE8F083B8F80030EB
:10D47000D907CFD5DA0603D413F0200FB2D10BE0D1
:10D4800009AB204605AA0DA91BF0F8FEB8F800303C
:10D490009B06A7D40028BDD1B8F80090C9F3800935
:10D4A000A2E713F0080FE9E7B44600202DE9F043A6
:10D4B00087B01746DDE911841A469DF840300E9D6D
:10D4C0007D2BBDF83CE030D8DFF86890B9F80090CB
:10D4D000B9F1360F13D0B9F1380F1AD0B9F1340FB2
:10D4E00025D100932A467346CDE901840CF0B4FDA2
:10D4F00010B90CB1AB7A237007B0BDE8F083CDE969
:10D5000001E300902B463846CDE903840CF020FD62
:10D51000EEE7CDE901E300923B460A46CDE90384FC
:10D52000014628460CF054FDE2E73820E4E70120EC
:10D53000E2E700BFF046002010B4084C2478202C0D
:10D5400003D1B1F90640002C03DA5DF8044B0CF06E
:10D550002BBE02205DF8044B704700BFDD55002054
:10D560001FB503780446EBB901224360037A0274C5
:10D57000142B02700ED8142B0ED8DFE803F02F10F6
:10D580001B0D0D0D0D0D150D0D0D0D180D0D0D0DAA
:10D590000D2528003D2B1DD00023237002E005F04F
:10D5A000FBF8607404B010BD06F06CFEF9E710F0F3
:10D5B000FDFEF6E705F0FCF8014604F111001BF052
:10D5C0006BFF02232374EDE706F09AFEE9E715F0FE
:10D5D00093F9E6E7144B1B784374E3E71023072223
:10D5E0006946012004F0FAF9BDF8001004F11100B9
:10D5F0001BF052FF9DF80230BDF80610E3749DF851
:10D60000033004F1170023759DF8043063759DF80D
:10D610000530A3751BF040FF02AB03CB1023C4F809
:10D620001900C4F81D10CDE7F75500202DE9FF477C
:10D6300002780446002A40F0118101230370037A26
:10D64000292B2DD8292B31D8DFE813F033005C00CB
:10D650006300300030006C006C003000A2008500D8
:10D66000AB00B100F70030003000FC0030003000AB
:10D67000300030003000300030003000300030002A
:10D68000300030003000300030003000300030001A
:10D6900030000B010B011C01300030003000F500A0
:10D6A000342B00F0F6803D2B00F0FB80002323702C
:10D6B000D4E0057C102D6BD111301BF0EBFEE37C28
:10D6C000ADF800008DF80230237D04F117008DF8CD
:10D6D0000330637D8DF80430A37D8DF805301BF099
:10D6E000D9FED4F81D10ADF80600D4F8190002AA2E
:10D6F00003C22B4607226946002004F06FF900237D
:10D700006360ABE0037C012B42D1407C05F04AF81A
:10D71000F5E7037C022B3BD111301BF0BBFE05F07B
:10D720004DF8ECE7037C022B32D111301BF0B2FE36
:10D73000237A052B4FF6FF7307BFADF80000ADF855
:10D740000230ADF80200ADF8003068468DF80430C4
:10D7500010F06EFED3E7564A037C12785E08B2EBF7
:10D76000530F15D9534F00F11105B8460FFA86F93A
:10D7700005EB460A55450DD14FF4004531464D485D
:10D7800028F8195004F0D8FF0028B8D0A8F80050A5
:10D790002123B5E728461BF07DFE023527F8020B52
:10D7A000E8E711301BF076FE0EF0AAFCA7E7113077
:10D7B0001BF070FE404B05461B7833B94FF6F773EC
:10D7C000984233D81FF0E4FF99E74FF6F672431EF4
:10D7D0009BB293422AD805F065FD38BB69462846BE
:10D7E00004F034FE10B3284621F09DFFF0B928461E
:10D7F00020F0E5FAD0B928460BF0C8FBB0B92846AE
:10D8000021F00EFE90B92846FEF72CF970B9284693
:10D810001FF0BEFF40F607431322032027491EF0E6
:10D820001BFA40F607401BF0B8F968E71FF0A4FFA9
:10D83000A8423FF464AF022362E74FF0FF33009346
:10D84000437C82E7457C12301BF024FE6A46ADF82B
:10D850000000294601201EF0AFFF606004B0BDE863
:10D86000F087037C042B93D100F1110101201BF000
:10D8700025FE237A232B02D120F067FDEDE721F06E
:10D88000F3F9EAE7407CC31E012B81D806F0FCFFC8
:10D8900035E7437C0A49003B18BF012342600B7007
:10D8A000DCE7407C08F0C4F800283FF428AF6FE7BD
:10D8B000AF550020463B00208B4900200E1B04087A
:10D8C000ED550020144B027810B51B8804466AB948
:10D8D00042604278032A0AD1562B104B02D11B78A2
:10D8E000237201E0227A1A700123237010BD022AEC
:10D8F00002D1562B0A4BF1E7092AF7D1562B03D157
:10D9000007F0CEFF2072EFE7007A003818BF012041
:10D9100007F0AEFFE8E700BFF0460020DC5500202E
:10D92000DD55002038B50378044673BB0122027030
:10D93000427843601F2A25D00DD8122A1FD0182AFA
:10D9400017D0052A0ED0174DD9B2685CFF281FD119
:10D950000023237019E0382A18D0402AF3D1F3F7B6
:10D960005FF811E0104B114A1B7812789B1A238143
:10D970000BE00F4B1B78B3FA83F35B09F7E70D4B12
:10D980001B88F4E7F3F710F8208138BD0A4BF7E75E
:10D99000824203F10103D7D1084B53F821301B78A1
:10D9A000E5E700BF70640408C05500208F490020DF
:10D9B000CF55002074550020905500201C640408A9
:10D9C0000278034630B4002A3CD10121017041782D
:10D9D0004260192923D00DD8122935D018292BD00F
:10D9E000052911D0324DD4B2285DFF2843D1002241
:10D9F0001A7027E0382933D0402935D01F29F1D1BA
:10DA000030BC0089F2F7CABF2A4A007A11782A4C42
:10DA100042182478A2420ADD19225A6012E0274AED
:10DA2000017A1078234A1278801AC0B2EFE7234BAC
:10DA30001A7030BCF3F744B90389214AB3FA83F36F
:10DA40005B09137030BC704747F230520089904236
:10DA500001D92122E1E71B4B30BC188011F0B2BC88
:10DA60000289194B1A80EDE700890228F1D830BCF1
:10DA7000C0B2F2F7DBBF814202F10102B3D1134A17
:10DA8000082C188952F8242001D934290DD1117895
:10DA90008142C1D310705A68002AD3D15A78112A12
:10DAA000D0D130BC187AF2F791BF1070CAE700BF2E
:10DAB000706404088F490020BF550020C055002025
:10DAC000CF55002074550020905500201C64040898
:10DAD0002DE9F0438DB0DDF85080B2F80090CDF81C
:10DAE000008007460C4616461D461AF060FD0028C9
:10DAF00045D1452103A81BF0CFFC21880DF10F0073
:10DB00008DF80E701BF0C8FC61880DF111001BF040
:10DB1000C3FC2379E1888DF8133063790DF115008A
:10DB20008DF814301BF0B8FC21890DF117001BF0A3
:10DB3000B3FCA37A0DF11A0130468DF819301EF0AE
:10DB4000CFFC48468DF82C5016F0D2F98DF80B001A
:10DB5000003818BF01200DF10B03019000934246DD
:10DB60002B46212103A801F0E5F818B1054B1B78DD
:10DB7000212B04D1044A137843F0040313700DB031
:10DB8000BDE8F083DD5500201F4A00202DE9F04359
:10DB90000D46064691461C4689B0014628469DF82A
:10DBA0004480129F15F0F8FE02A83F211BF074FC80
:10DBB00032460DF10A0101201BF072FC49460DF1BD
:10DBC0000F008DF80E501BF067FC21880DF111003D
:10DBD0001BF062FC61880DF113001BF05DFC2379E2
:10DBE000E1888DF8153063790DF117008DF8163046
:10DBF0001BF052FC21890DF119001BF04DFCA37A9A
:10DC0000BDF8401007A88DF81B301BF045FC0B4BEE
:10DC100017211B7802A8402B08BF00274FF00003F4
:10DC200008BFB846CDE900333A4643468DF81E801A
:10DC300001F080F809B0BDE8F08300BFDE55002098
:10DC40007FB504460D4616467D2168461BF024FC30
:10DC500021460DF102001BF01FFC2868696801AB2A
:10DC600003C30D2168468DF80C601EF082FE044B44
:10DC7000196811B12046F3F731F804B070BD00BF48
:10DC8000303800202DE9F04705460F46194800219D
:10DC9000164698461FF040FA4FF0000A0446DFF897
:10DCA0005490BCB1D5B15FFA8AF080450AF1010AFF
:10DCB00019D1204603F032FB411EC9B2204603F0C1
:10DCC00035FD0FB1C30705D5FF2E04D0C0F34100C9
:10DCD000864200D000242046BDE8F0872946204631
:10DCE00003F024FDE1E7214648461FF06BFA0446A5
:10DCF000D7E700BFEE460020014803F019B900BF86
:10DD0000EE4600207FB5ADF8060003F0EBFA0546BD
:10DD10008479C6791AF0AEFE0021400040F001007F
:10DD20008DF80F00FF2208462B78FFF7ABFF10B1EC
:10DD3000002004B070BDBDF8060003F0EFFA3444D3
:10DD40006400083404F0FE048442F1D101230DF193
:10DD50000F011A460DF1060003F01AFC02460028D6
:10DD6000E6D10548BDF806101FF0DCF9034A012092
:10DD7000137801331370DCE7EE460020C149002020
:10DD800010B50D4B04461B7883420DD91AF076FE70
:10DD90000121024623460846FFF774FF50B1BDE853
:10DDA0001040002103F0C2BCC01AC0B2BDE8104050
:10DDB0001AF093BBFF2010BDC1490020034B187817
:10DDC000034B1B781844C0B2704700BFC149002004
:10DDD000C049002070B50A4D00EB4004A60005EBD9
:10DDE00084041AF049FE09F077FE08B11AF0A3FE88
:10DDF000A279A188A859BDE870401EF082BD00BF7D
:10DE00005051002013B504461AF038FE114A00B2F2
:10DE100000EB400002EB8002D4B13F2C18D0137A03
:10DE20000133DBB2D179137299420FD80023432119
:10DE3000137268461BF030FB01200DF102012246EF
:10DE40001BF02EFB062168461EF093FD02B010BDAC
:10DE50000023E7E75051002037B50B4B05461B78F0
:10DE60000C46312B0ED1442168461BF015FB294688
:10DE70000DF102001BF010FB052168468DF80440EF
:10DE80001EF077FD03B030BDDC55002038B503042B
:10DE900015D4032913D80B4B0B4D1B7803EB43030D
:10DEA00005EB8304A171E271A0800A46014655F892
:10DEB00023001EF026FDBDE8384009F00DBE02200B
:10DEC00038BD00BFC44900205051002010B50C4C93
:10DED000237843B1EFF708F828B140F202201AF096
:10DEE0003FF800232370F2F7F5FA08B100F040FB89
:10DEF000044B187818B9BDE8104000F00FB910BDF8
:10DF0000C2490020C54900202DE9F041234BDFF82C
:10DF10009C8005461868D8F800300E46C01A83B2B7
:10DF2000CA2B174631D9CA20F2F73AFB82241C4B80
:10DF30001A7812B1002282241A701A4B1A781AB178
:10DF4000002244F001041A7000F07AFF08B144F096
:10DF5000040417B1F6B144F00804D8F800305C703E
:10DF60006B1EDBB2012B04D800F06AFF002818BF3B
:10DF700000250D4B1D7000F063FF08B91AF0C1FABF
:10DF80003046BDE8F041F2F7D9BAC0B2F2F708FB6B
:10DF90008024CCE744F01004DFE700BF6C3600209B
:10DFA000C7490020CA490020C3490020B4200020EE
:10DFB000144B027810B51B880446BAB94260427807
:10DFC000072A14D1562B07D10BF08CFD012814BF62
:10DFD00063236223237207E0007AA0F162035842B0
:10DFE00058410BF085FD60600123237010BD042AA9
:10DFF000FCD1562B044B01D11B78EBE7027A1A7047
:10E00000F2E700BFF0460020DE550020037810B58F
:10E01000044653BB4360012303704378342B27D05D
:10E020000FD8172B22D006D8012B17D00C2B11D0CC
:10E030000023237019E02D2BFAD1104B1B7823817C
:10E0400013E0412B16D0422B16D0392BF0D119F00A
:10E050006FFF01E004F068FA208106E0084B1B68BE
:10E06000B3F5803FEBD31D23436010BD054BE5E7BF
:10E07000054BE3E7054BE1E7054BDFE7CA55002019
:10E08000D4220408C6490020C8550020C5550020E8
:10E0900014490020037810B50446B3B90122436047
:10E0A00043780270342B27D008D8172B1BD02D2B88
:10E0B0000CD00C2B12D00023237006E0392B21D07A
:10E0C000413B012BF7D80223636010BD0389022B6B
:10E0D00001D92123F8E70E4A1370F6E7007ABDE86C
:10E0E000104004F027BA00891AF05BFD0028F0D137
:10E0F0002289084B1A70E8E7074B02891978914288
:10E10000E7D3F7E70089BDE8104019F00CBF00BF66
:10E11000CA550020C6490020C855002038B505461C
:10E1200000F08EFE10B90024204638BDF2F748FA00
:10E1300004460028F7D0034B012229461878FFF740
:10E14000E3FEF1E7C349002038B503780446002B0D
:10E1500040F09B804360012303740370037A472BD4
:10E160000AD8102B0BD8042B00F0E380072B00F00B
:10E17000C680032B00F0B8800023237085E0113B9C
:10E18000362BF9D801A252F823F000BF69E201084A
:10E1900079E1010879E1010879E1010805E3010865
:10E1A00079E1010879E1010879E1010879E10108E3
:10E1B00079E1010879E1010879E1010879E10108D3
:10E1C00079E1010879E1010879E1010879E10108C3
:10E1D00079E1010879E1010879E1010879E10108B3
:10E1E00079E1010879E1010879E1010879E10108A3
:10E1F00079E1010879E1010879E1010879E1010893
:10E2000079E1010879E101088DE20108A1E2010844
:10E21000A7E2010879E1010879E10108C5E20108F6
:10E22000E3E20108BFE201089BE201081BE30108E9
:10E2300079E1010879E101080BE3010879E10108BE
:10E2400079E1010815E3010879E1010895E2010887
:10E2500027E301082DE301083BE3010821E301085E
:10E2600041E3010847E301080723384D0374298877
:10E2700011301BF011F9AB78E374EB7823752B792F
:10E2800063756B79A375AB79E37538BD18F055FDEF
:10E290006074FAE7E8F776FDFAE718F045FDF7E76E
:10E2A00018F031FDF4E70423037418F022FD024650
:10E2B00004F111010120BDE838401BF0F1B818F05D
:10E2C0002FFDE5E70323037418F021FD30B1027838
:10E2D000437880786274A374E074D6E703460246FC
:10E2E000F8E718F00CFDD3E70223037402F0C2FD37
:10E2F000014604F11100BDE838401BF0CDB803F031
:10E30000DDFBC5E702F050F8C2E7042303741EF0FA
:10E31000F5FACCE708F02AF9BAE707F0EBFAB7E725
:10E3200007F0DCFAB4E705F0D9FFB1E7084B19882C
:10E33000DFE7084B1B784374A7E71AF0DEFFA7E777
:10E3400004F0FEF8A4E70EF073FEA1E710660408DF
:10E350007A550020C549002038B503780446002BC3
:10E360003DD101230370037A043B432B00F2B780B5
:10E37000DFE803F022B5B530B5B5B5B5B5B539B5FB
:10E38000B58CB5B5B578B57D8689B5B5B5B5B5B536
:10E39000B5B5B5B5B5B5B5B5B5B5B5B5B5B5B5B52D
:10E3A0006E4452B5B5644B5D738E9AB59EB5A1A708
:10E3B000B5B5B5ABB592B5B1037C012B1BD1437C90
:10E3C000484A003B18BF0123002013701AF099F847
:10E3D000002311E0437C1BB103F038FB606038BDC3
:10E3E00003F048FBFAE7407C003818BF012018F022
:10E3F00090FC0028ECD021236360F0E7407C0038DB
:10E4000018BF012018F07DFCF3E7037C012BF2D14B
:10E41000407C18F072FCECE7037C042BEBD100F19C
:10E42000110101201BF04AF818F065FCE1E7037CBC
:10E43000012BE0D1407C18F06EFCDAE7037C032B63
:10E44000D9D1C37C827C0021407C18F05EFCD0E7EF
:10E4500090F9110018F073FCCBE790F9110018F057
:10E4600065FCC6E790F9110001F0B8FCB0E7457C07
:10E4700012301BF00FF801462846F2F767FAA7E7BB
:10E48000F2F75AFAA4E7F2F74DFAA1E70223B3E74D
:10E49000407C07F015FAA1E7407CBDE83840003821
:10E4A00018BF012007F020BA407C01F049FF95E732
:10E4B0001EF026FA93E711301AF0ECFF08F042F84C
:10E4C00086E7407C08F044F882E711301AF0E2FF5A
:10E4D000054B18807CE7407C0EF0B0FD78E7002308
:10E4E00003707CE7C54900207A55002038B5044602
:10E4F000F0F7ACFD10B10125284638BD2046F1F7F4
:10E500002FF80028F7D12046F1F72CFD0028F2D192
:10E51000204619F082FF0028EDD12046F1F7C2FE17
:10E520000028E8D12046F0F7ADFC0028E3D12046D2
:10E5300019F0DAFF0028DED1204619F0FEFE00288F
:10E54000D9D1204619F0D8FF0028D4D1204619F09F
:10E55000C6FF0028CFD1204619F0C8FF0546002885
:10E56000C9D121460148FDF797F8C5E7876404083B
:10E570002DE9F04FB5B0F1F7D5FFF2F707F8DFF866
:10E5800044830646D8F80030C84D9A78DFF83893AF
:10E5900002F0030101290BBF05200320B3F801108D
:10E5A000597808BFB3F8032001F003042A800594CA
:10E5B0001C780344BE48DFF814B303604FF000003A
:10E5C000C9F80030BB4B0CBF4FF0000A4FF0010AF6
:10E5D00009068BF80040187005D5582332202B808F
:10E5E00000F064FC2CE1B44F397821B91AB15823FA
:10E5F00030202B80F4E719F0D6FF18B958234220B9
:10E600002B80EDE74FF001030FA88DF83C3018F098
:10E61000C9F89DF83C20002A00F012812C88562C65
:10E6200000F2B280462C31D8272C57D92046FFF76C
:10E630005DFF002840F00481582331202B80CFE774
:10E64000A4F18F030E2BF1D801A252F823F000BFE2
:10E650001FEC01083BEC0108B9EC01082DE60108AC
:10E660002DE6010879EC01082DE601082DE60108E8
:10E670002DE601082DE601082DE601082DE601082A
:10E680002DE601082DE60108D5EB0108A4F14702AB
:10E690000F2ACBD801A151F822F000BFEFEB0108FF
:10E6A0002DE60108D9EA01082DE601082DE601084A
:10E6B0002DE601082DE6010849EB010819EC0108D7
:10E6C0002DE601082DE6010879E80108D1E80108E6
:10E6D0002DE601082BE9010849E90108272CA5D8F6
:10E6E00001A252F824F000BF1BE80108DFEB01088B
:10E6F00007E90108B1E901082DE601089FE70108D3
:10E70000CFE901082DE601082DE60108E1E901083D
:10E71000E1E90108EFE90108EFE901082DE6010848
:10E72000FBEA01082DE601082DE601082DE60108A7
:10E730002DE60108E9EB01082DE601082DE60108A8
:10E740002DE6010805EC01082DE601082DE601087B
:10E750002DE601082DE601082DE601082DE6010849
:10E760002DE601082DE601082DE601082DE6010839
:10E770002DE601082DE601082DE601082DE6010829
:10E78000F5EB0108FFEB01089D2C11D88E2C3FF60C
:10E7900057AF652C00F0FB81812C7FF447AF052E2D
:10E7A0004ED9D9F80030053E3344C9F8003047E06F
:10E7B000F12C00F0EC811ED8AA2C00F0DB80AB2CF1
:10E7C0007FF434AF942200210FA822F02AF813AB73
:10E7D0000DF14D02019301203849009211AA00F079
:10E7E0008BFB0FA817F094FF9DF83C30002B40F0F6
:10E7F0008680212084E0FC2C00F00B8240F205137F
:10E800009C427FF413AF00F033FB044600F030FB72
:10E810000146204605F08CFA72E000F029FB044620
:10E820000E2000F043FB022000F040FB4FF40040BC
:10E830001EF0DDF83A781AB90E2C01D101223A7097
:10E84000D8F800309BF800201A70D8F80020937890
:10E85000002B40F03D82BAF1000F00F039822B8886
:10E86000937001212A880598D31F5A425A4135B026
:10E87000BDE8F04FFFF748BB0023CDE90F331193FC
:10E8800000F0F6FA8DF83D000FA817F061FF9DF833
:10E890003C301BB92122ADF844301092084911AB2D
:10E8A00010AA002000F028FBCAE700BFF0460020B5
:10E8B00070360020C4490020C8490020B464040810
:10E8C000A1640408B42000206C360020C94900204F
:10E8D0003878012801D0022012E00023B449CDE9A4
:10E8E0000F3311930DF13D0211AB00F005FB0FA8A2
:10E8F00017F043FF9DF83C300BB92123109310987B
:10E900001EF089F89CE73B78012BE4D1711F0520AC
:10E91000C9B2F1F725FE30B1FFF7F4F900280CBFBA
:10E9200021200020ECE71920EAE700230120CDE9AF
:10E930000F3311939F4911AB0DF13D0200F0DCFA4A
:10E940000FA817F003FFD5E70023CDE90F3311938C
:10E9500000F08EFA8DF83D000FA817F0E5FE9DF847
:10E960003C301BB921228DF844301092924911ABF2
:10E9700010AA96E7942200210FA821F052FF00F080
:10E9800077FA8DF844000FA817F0B4FE9DF83C30DC
:10E990001BB921228DF84C3010920DF14D0213ABB2
:10E9A000009200208549019310AA00F0A5FA47E7DC
:10E9B000942200210FA821F034FF0120804912ABDE
:10E9C00011AA00F099FA0FA817F0A0FEDEE70120C7
:10E9D000FFF7A4FB002840F0828107232B802FE75C
:10E9E000A4F109025042504119F07BFD28E700F0E4
:10E9F0003FFA0628074616D10C2C3FF46CAF0024D2
:10EA0000282000F053FA6F4B1E88E2B202233146F1
:10EA10000FA819F0B5FA0134BDF83C001DF0E7FF6E
:10EA2000142CF2D10CE7082804D10C2C3FF453AF7E
:10EA3000002065E70B28F8D00C2C02D109283FF400
:10EA40004AAF4FF00009604E3378BB4225D10C2C01
:10EA500002D0707800F02AFA716800227378098871
:10EA60000FA819F08DFA0C2C29D100F001FA0346F9
:10EA7000707883427FF4BDAE00230FAAD9B28842DA
:10EA800016D80FA900F0FCF97368727818880FA9DE
:10EA900019F08CFA00201DF0BEFF09F10109B9F14F
:10EAA0000B0F06F10806CFD10C2CC1D1272027E788
:10EAB00012F8011B0133FF29E0D03B2020E7092F8A
:10EAC00005D1152200210DF1820021F0AAFE7078F7
:10EAD0000FA900F0FBF9B3E601210FA81AF009F81D
:10EAE00030B91DF098FFBDF83C001DF080FFA7E68F
:10EAF00021201DF090FF0020F7E700F0B9F904464F
:10EB00001DF07FFF814600F0B3F9074600F0B0F931
:10EB100019F4004F06467FF4DEAE032F3FF6DBAE5E
:10EB2000012C3FF6D8AE294823B200EBC3043A4685
:10EB3000494650F833001DF0E4FE002E18BF3E4653
:10EB4000A4F80490A67173E700F092F9002301285D
:10EB5000ADF83C308DF82C3017D81C4B00B203EBCD
:10EB6000C0040BAA53F830000FA91DF0E6FEA379EC
:10EB70001C1E18BF0124BDF83C001DF038FF9DF895
:10EB80002C0000F093F920462AE51C46F3E72924DF
:10EB90000F4E36F8020B013C1DF029FF14F0FF0464
:10EBA000F7D12B88652B7FF44BAEF1F7BBFE47E620
:10EBB000A4640408A7640408AA640408AD640408F3
:10EBC000B1640408DE200408C06404080052002078
:10EBD000F43A00201DF015FFF1F710FD30E600F0CB
:10EBE00047F902F073FFFBE419F0ECFC28E619F09A
:10EBF000E0FC25E603F0BCFC0146082069E71EF0B6
:10EC0000BBFD72E70FA81DF0E2FF0FA806F018FA8F
:10EC100076E61EF03BFDE3E419F074FFE0E41DF03E
:10EC200056FE4FF6FF73984205D000F021F92D4BA8
:10EC300018700020D4E40120D2E408230BAA8DF838
:10EC40001B3007ABCDE9013203930DF11B0301200B
:10EC5000254900930DF11A020FAB00F04DF99DF814
:10EC60001A000B9B003818BF01209DF81C200FA92B
:10EC70001EF064FEC0B2B3E4102007A900F000F952
:10EC80000BA9102000F0FCF80FA8F2F7FBFA0923FB
:10EC90000FA88DF83C30F2F701FB0BA90FA81AF072
:10ECA00065F90FA8F2F71AFE07AA11460120F2F73C
:10ECB000ABFE102007A90CE71DF009FE1DF097FE22
:10ECC000042000F0F3F8182000F0F0F80F2087E49B
:10ECD0002B88D370D8F800201B0A1371C1E535B01A
:10ECE000BDE8F08FC2490020B864040813B504469B
:10ECF0000A4B03EBC0018A7953F8300089881DF074
:10ED000000FE01A80F211AF0C7FB032101A88DF80E
:10ED100006401DF02EFE02B010BD00BF00520020C4
:10ED200008B503481EF0F3F980F00100C0B208BD39
:10ED3000F24600202DE9F04782460F4691461C46D8
:10ED40009DF8248019F031FC00283CD008F1030024
:10ED500020440021384402F08BFB054620B90122F3
:10ED60001A4B1A70BDE8F08702F0BCFA184B064641
:10ED70001B783A4603708023437001235146837009
:10ED8000033021F060FD2CB1F81C22464946304486
:10ED900021F059FDB8F1000F06D003343C4442463F
:10EDA0000899301921F04FFD012019F0AAFB094AFA
:10EDB000294613780848013B012B9CBF00231370A0
:10EDC00000221EF0AFF90120CCE700BFCA490020A5
:10EDD000C9490020C3490020F246002013B504466B
:10EDE000192168461AF058FB22460DF10201012054
:10EDF0001AF056FB062168461DF0BBFD152C02BF1C
:10EE00000222024B1A7002B010BD00BFC849002098
:10EE100013B50A4B04461B78022B0DD10D2101A816
:10EE20001AF03AFB21460DF106001AF035FB0421D9
:10EE30000DEB01001DF09DFD02B010BD8B490020BF
:10EE400008B503481EF063F980F00100C0B208BDA8
:10EE5000F246002008B5054802F06AF8FEF74CFFBC
:10EE6000EDF7F8FBBDE8084019F048BBF24600207A
:10EE7000024A1368591C11601878704770360020D8
:10EE800038B50446044D08462246296821F0AFFCF7
:10EE90002B6823442B6038BD703600200346024A9D
:10EEA000106803441360704770360020054B064A13
:10EEB000196812688A1AC92AD8BF08701A680132FC
:10EEC0001A6070476C360020B420002038B5044624
:10EED000074D084B28681B68C31A2344CA2B02DC61
:10EEE000224621F084FC2B6823442B6038BD00BFF0
:10EEF0006C360020B42000200EB477B5054607AB71
:10EF000053F8046B0193013E16F8013F23B903B097
:10EF1000BDE8704003B07047019A622B02F1040112
:10EF20001468019133D0703BD9B20729ECD8072B74
:10EF3000EAD801A151F823F0A9EF010809EF01086F
:10EF400009EF010859EF010809EF010859EF01081D
:10EF50006BEF01087DEF01081DB1FFF789FF2070FD
:10EF6000D2E72078FFF7A2FFCEE71DB11DF049FDE3
:10EF70002080C9E720881DF03AFDC5E71DB11DF0CE
:10EF800054FD2060C0E720681DF045FDBCE702F19C
:10EF90000803019353682146187815B1FFF770FFF5
:10EFA000B2E7FFF793FFAFE702F108030193002DEB
:10EFB000AAD00448536801681B780B4403602160A1
:10EFC000A2E700BF7036002038B50D46044617F0A2
:10EFD00018FD064A13889BB22DB123431380BDE868
:10EFE000384017F014BD23EA0403F7E7F646002083
:10EFF0000022034B01214FF480701A70FFF7E4BF29
:10F00000D149002008B5054B18681CF074FC00F0CD
:10F010000300C31E5842584108BD00BF8C36002073
:10F020000023F0B585B0CDE901330393124B134DA6
:10F030001B78134E8DF8043017F0E3FC2A783378F0
:10F0400004469A420F4F0CD03178386801AA2970D3
:10F050001CF071FC50B140F6AF110B48EDF75CF8B5
:10F0600004E038681CF047FC0128EDD0204617F07A
:10F07000CEFC05B0F0BD00BFEA550020E7550020EA
:10F08000E85500208C3600201865040838B5044681
:10F0900017F027FB0C4B05461978987881420FD062
:10F0A000631E082B0CD8DFE803F0050D0B0D0B0DCC
:10F0B0000D0D0D0000220146044B18681CF019FCD0
:10F0C000284638BD0022F7E7EA5500208C3600209C
:10F0D000F8B52D4B1B7823B14FF438612B48EDF771
:10F0E0001BF817F08EFC2A4B07461C8814F0060408
:10F0F00009D001214FF48070FFF766FF3846BDE864
:10F10000F84017F084BC21464FF48070FFF75CFF95
:10F11000204601F067FC02280AD180221D4B802185
:10F1200018681CF02EF818F0D5FEFFF779FFE5E718
:10F13000204601F057FC054638B1012807D040F6BB
:10F14000C2311248ECF7E8FFD8E70246E6E7FF22B3
:10F15000104E114B30681A70FBF7CCFF30681CF072
:10F16000CAFB01280CD02A46294630681CF0C5FB92
:10F1700021462C20FFF78AFF21460A20FFF786FF51
:10F1800018F0A9FEBAE700BFD149002018650408AD
:10F19000F64600208C360020E755002038B54FF0A9
:10F1A000FF300C4621F05CFB0A4B0546186821F045
:10F1B00057FB641B241A20B210F1630F06DB10F119
:10F1C000240F05DA64308000C0B238BD0020FCE7AF
:10F1D000FF20FAE78C36002010B50E4C236823B9C7
:10F1E00040F631410C48ECF797FF206801301AF0E7
:10F1F00051F900F0070003280AD1246809220121EF
:10F20000204601F023F9205C031F5842584110BDED
:10F210000020FCE77C3600201865040808B5134B75
:10F220001B78062B04D040F2DE711148ECF774FF16
:10F23000104B1B881B0704D440F2DF710C48ECF71D
:10F240006BFF0D4B2A201978FFF720FF00210820C3
:10F25000FFF7BAFE0222094B1A70094B1868FBF738
:10F2600049FFBDE8084019F056B900BFD149002058
:10F2700018650408F6460020CE490020E555002018
:10F280008C3600200021014802F092BA8C520020F6
:10F290007F2837B5044612D14FF6FF73184902464E
:10F2A000ADF80630098802230DF1060018F075FE4E
:10F2B000BDF80640E2054CBF6FF04A0464B217F097
:10F2C000A0FB104B05461C700F4B1B88DB0710D5AD
:10F2D0000E4B1B78002B0E4B0CBF21466FF07F01AD
:10F2E00018681BF071FF20B140F607610948ECF780
:10F2F00013FF284603B0BDE8304017F088BB00BFBD
:10F30000DC200408DF550020F6460020D24900200A
:10F310008C3600201865040808B50A4B1B88DB06EC
:10F3200004D440F601010848ECF7F6FE0021102055
:10F33000FFF74AFE002001F0AFFABDE8084019F0DF
:10F34000EAB800BFF646002018650408F7B5124C6D
:10F35000D4E9006586EA020C85EA03070CEA000C92
:10F360000F405CEA070E15D086EA0C067D40C4E922
:10F370000065CDE900230B460849024608681CF0E9
:10F3800067FB38B140F2F311054803B0BDE8F04027
:10F39000ECF7C2BE03B0F0BD381600208C3600205A
:10F3A0001865040810B517F0AEFC60B117F0BAFC90
:10F3B0000B4A80B141F20D03BDE8104041F20D014E
:10F3C0000748FFF7C3BF074B1A789B789A4204D1CE
:10F3D00000220023F0E70D23EEE7034AF9E700BF20
:10F3E000400D0300EA550020488D010038B5264B3A
:10F3F00004461B889B0741D50128244B2DD1197841
:10F4000059B30139C9B2197011B92020FFF7DCFDD9
:10F4100000210220FFF7D8FD04221D4B00211D48CA
:10F420001A7002F0C5F91C4C206801301AF032F84D
:10F4300000F44060B0F5006F23D12468012104225C
:10F44000204601F003F820441AF024F80146BDE8F4
:10F4500038400022202019F013BB00210F4D02205C
:10F460001970FFF7B1FD2B78FF2B04D040F25261E9
:10F470000B48ECF751FE2C7019F04DF8012CD2D04E
:10F4800038BD4FF6FF71E2E7F6460020D049002074
:10F49000D14900206C5200207C360020E655002027
:10F4A000186504082DE9F04F5706804614461D469E
:10F4B00091B005D5FFF7A6FD01460120FFF7E6FD57
:10F4C000EE0403D500212D20FFF7E0FDA00223D597
:10F4D00040461CF006FB0146F0B94020FFF774FDE2
:10F4E00040460AA91BF004FFB0B99DF83030022B4A
:10F4F0006DD1BDF8280010F08FFAFF2808D14046E2
:10F500001BF0F4FE40B901214020FFF75DFD03E050
:10F5100010F0BAFA0028F2D1A10305D5FFF772FD69
:10F5200001460320FFF7B2FDE20104F0807354D5D9
:10F530004B4B1B889B072FD54A4E30681BF07AFE39
:10F5400050BB494B494F18703B78FF2B04D04FF408
:10F55000C2614748ECF7E0FD4FF0000900210220AE
:10F56000FFF732FD87F80090424F3B78062B07D11A
:10F5700001210820FFF728FD49462820FFF786FDD6
:10F580003B78052B06D100212B20FFF77FFD30684B
:10F59000FBF7B0FD18F0BFFF210740F1D380314FDA
:10F5A0000321386805AA1CF0A2FA064620B940F2E9
:10F5B00082612F48ECF7B0FD9DF81430072B5BD02B
:10F5C000FFF720FD01460420FFF760FDBAE0032BA2
:10F5D000A2D10AA81FF0D4FE9CE705F00202134353
:10F5E0000ED0244B26201978A1F1060EDEF1000181
:10F5F00041EB0E01FFF74AFD0120FFF7F7FECBE7D5
:10F6000004F080531A430CD026201A4B1978A1F12C
:10F61000060CDCF1000141EB0C01FFF737FD022085
:10F62000EBE704F088410B4306D0124B27201978F2
:10F630008F1F79427941F0E705F008030B4302D0B0
:10F640002320FFF723FD6E0703D500212420FFF7B9
:10F650001DFDE807A0D500212520FFF717FD9BE73A
:10F66000F64600208C360020D0490020E6550020C8
:10F6700018650408D1490020314638680AAA1CF0F0
:10F680003EFA20B140F28961B648ECF745FDBDF87D
:10F690001610386802310AAA89B21CF032FA20B179
:10F6A00040F29361AF48ECF737FD002300933146F9
:10F6B0000423386804AA1CF03BFA042804D040F262
:10F6C0009961A848ECF728FDDFF8B89299F8003066
:10F6D000002B40F0DB800DF1110019F0DBFE00F093
:10F6E0000700022840F0D280FFF78CFC0146092079
:10F6F000FFF7CCFC9C4B1B78062B23D19B4B9DF832
:10F7000013201B789A421DD19DF8353023B940F261
:10F71000AF619448ECF700FD0DF1110019F0BAFE4D
:10F72000C0F3001631462920FFF7B0FC0021082065
:10F73000FFF74AFC8E4B1E70FFF74EFD10B938687C
:10F74000FBF7D8FCE70505D5FFF75CFC0146042074
:10F75000FFF79CFC14F4863F05D0FFF753FC0146ED
:10F760000220FFF793FCA60111D5FFF74BFC0146E1
:10F770000820FFF78BFC00210420FFF725FC7A4BC3
:10F780001B78012B03D17B4B1868FBF7B3FC14F0FB
:10F79000084F09D0FFF736FC01460720FFF776FC3B
:10F7A00000210420FFF710FCA00009D5FFF72AFC78
:10F7B00001460620FFF76AFC00210420FFF704FC45
:10F7C000A10705D56C4B1B881A0701D5FFF726FD4D
:10F7D0006B0605F0400610D5674C00210A20FFF7A4
:10F7E00055FC23881F0701D5FFF718FD23885C0708
:10F7F00003D500210420FFF7E7FB280602D50120EE
:10F800001DF0B1FBE90527D540461CF070F8022831
:10F8100000F0E380032840F0F980574C23885A0712
:10F8200009D5FFF7EFFB01460720FFF72FFC00216A
:10F830000420FFF7C9FB23889B070DD526204A4BE0
:10F840001978A1F1060CDCF1000141EB0C01FFF786
:10F850001DFC0120FFF7CAFDA90503D50121802069
:10F86000FFF7B2FB002E00F0D780434C23881A0725
:10F8700001D5FFF7D3FC23889B0740F1CD80002101
:10F88000042011B0BDE8F04FFFF79EBBBDF8160095
:10F890000121083080B201F0EBFD039000283FF415
:10F8A0008FAE01F01FFD0799BDF81820064620F025
:10F8B000CAFF089941B1BDF81800BDF81620121A08
:10F8C00092B2304420F0BFFF99F800A0BAF1000FC7
:10F8D00020D106F1010B584619F0DCFD82066BD5EC
:10F8E00038681CF0FEF80746FFF78CFB0537014629
:10F8F000F8B2FFF7CBFB584619F0CCFD00F007003B
:10F9000003281E4F40D001210420FFF75DFB1BF0B0
:10F91000D6FC386000221A49BDF816300978F7186D
:10F92000F1549DF83630BB709DF83730FB70FF23E3
:10F930003B710A9B190C7971FB71190A99F8003017
:10F94000B9712BB97378002A44D043F02003737047
:10F95000002001F0E9F97870039801F0EFFD18F04C
:10F96000DAFDEFE618650408D1490020CC490020F3
:10F97000E55500208C360020F64600207836002021
:10F98000E7550020D449002001210922304600F02B
:10F990005DFD305C01210428B6D1FFF715FB1BF09B
:10F9A0008EFC1F4B38601B885B06B3D55146402048
:10F9B000FFF70AFB0122AEE7FFF724FB014609200F
:10F9C000FFF764FB174B1B78012BA3D13868FBF7BB
:10F9D00091FB9FE723F02003B9E7114C23885F07D1
:10F9E00009D5FFF70FFB01460720FFF74FFB00216A
:10F9F0000420FFF7E9FA23889C077FF52DAF094B18
:10FA00001978881F41424141272020E740F697019D
:10FA10000548ECF781FB1FE711B0BDE8F08F00BF90
:10FA2000F6460020D149002018650408F8B5164EA6
:10FA30000D46337802F0010423B14FF4647113488A
:10FA4000ECF76AFB124B134F1D60134DA4B1134B1F
:10FA5000997801B101212020FFF7B6FA2B783B708D
:10FA60000F4B1C780F4B00211C70042333700E4881
:10FA7000BDE8F84001F09CBE21462020FFF7A4FA23
:10FA80002B783B70EEE700BFD149002018650408D1
:10FA90007C360020CE490020E95500208036002029
:10FAA000CF490020D04900208C5200202DE9F84396
:10FAB00016F0A7FFDFF8A0810546B8F80030614CCA
:10FAC00013F4807F03D0237873BBFFF701FB002181
:10FAD0000846FFF7DBFA5C4B1A78FF2A13D01A7836
:10FAE00002F0FF0632BBFF221A702378052B0AD1E1
:10FAF00000232846237016F08AFF30461DF026FAB0
:10FB000016F07FFF05462378504E062B09D1337837
:10FB1000FF2B06D03378022B15D100214C4801F081
:10FB200047FEFF2333702BE000214FF48070FFF776
:10FB30004BFACCE71A78012A4FF0FF0214BF3326A4
:10FB40004C261A70D4E7337813B13378012B22D1C5
:10FB5000FFF742FB07463E4896F8009001F0C4FECE
:10FB6000FF235FFA89F9337077B1B9F1010F44D1FE
:10FB70006421374884F8009001F01AFEFFF750FA2C
:10FB8000284616F044FF06E02846277016F03FFF8F
:10FB900038461DF0DBF9B8F800301B0605D500210A
:10FBA0008020FFF711FA18F0F6FF01F0D9FC294E7A
:10FBB000308000B32778012F42D101F093FB054636
:10FBC00010B3013019F066FC00F44060B0F5006F2E
:10FBD0001AD104223946284600F038FC284419F08E
:10FBE00059FC4FF6FF7398420ED10020318800F087
:10FBF00099FD00233380BDE8F88300232846237055
:10FC000016F005FF3F20C4E7114801F06DFE00210A
:10FC100008462170012500F02FFD23780BB9FFF76E
:10FC200057FA0020318800F07DFD00233380002D3D
:10FC3000E1D020780028DED1BDE8F8431DF0FFB9FF
:10FC40000025EAE7D1490020E6550020E5550020CF
:10FC50008C520020F4460020F6460020074B1A780C
:10FC600042705A7882709B781A1E18BF0122037066
:10FC7000034B02711B78C370704700BF80360020B1
:10FC8000E955002008B513460A461946064B186880
:10FC90001BF020FB30B1BDE8084040F2B241034800
:10FCA000ECF73ABA08BD00BF8C360020186504088E
:10FCB00008B513460A461946064B18681BF004FBA4
:10FCC00030B1BDE8084040F2B9410348ECF724BA2E
:10FCD00008BD00BF8C36002018650408024B187858
:10FCE000B0FA80F040097047D1490020024B1878E3
:10FCF000431E584258417047D149002008B5064B71
:10FD00001B7823B140F2E2410448ECF705FAFFF713
:10FD1000DFF9002008BD00BFD149002018650408A4
:10FD200008B5064B01EB8101186849001BF063FA26
:10FD3000002814BF2120002008BD00BF8C36002001
:10FD400008B5044B1868F5F741F90A2390FBF3F066
:10FD500040B208BD8C360020014B1878704700BFB8
:10FD6000E855002008B5044B18681BF02EFEB0FAC9
:10FD700080F0400908BD00BF8C36002038B5124D18
:10FD80000C462B78012B04D940F203510F48ECF7B5
:10FD9000C3F921460020FFF7E5FF90B10C4B1C7022
:10FDA0002B785BB9FFF794F90A4B93F900100A4BD3
:10FDB000C90118681BF04EFE002038BDFFF730F96E
:10FDC000F2E72120F9E700BFD149002018650408B7
:10FDD000E8550020D34900208C360020014BD87014
:10FDE000704700BF8036002008B5054B0121186818
:10FDF0001BF0A5FD0028B8BF033040F3870008BD05
:10FE00008C36002008B5074B18681BF0D8FD30B1C0
:10FE1000054BB3FBF0F083B20BB1184608BD0120CF
:10FE2000FCE700BF8C36002040420F0008B5074BAE
:10FE300018681BF0C8FD30B1054BB3FBF0F083B27E
:10FE40000BB1184608BD0120FCE700BF8C3600202E
:10FE500040420F002DE9F347534F012018F03CF8C2
:10FE60003B88990704D44FF43D615048ECF754F9AE
:10FE7000DFF85C8198F80030053B012B04D940F68F
:10FE8000D2314A48ECF748F9494E336823B940F675
:10FE9000D5314648ECF740F93C8814F020045CD09A
:10FEA00001212220FFF7F2F84FF47A74FFF7BEFF2A
:10FEB00033681B780933434304EBC30498F80030DC
:10FEC000A5B2062B0BD1FFF79DFF0446FFF7AEFF4F
:10FED000602358430C2303FB0400284485B2D6F862
:10FEE0000090344B99F800801C7808F1FF38324EAE
:10FEF0001FFA88F8002C3FD13B885A0532D5737819
:10FF0000DFF8C8A026468AF80030CAF8085016F074
:10FF100014FF30B116F00FFF012814BF102308237F
:10FF20001E43264D80234946424628681BF0DBFDD0
:10FF3000234B1978234B19703B889B061FD5CDF8AE
:10FF400000A03246204B28681BF0F3FC10BB0020B9
:10FF500002B0BDE8F04717F0BFBF21462220FFF7EF
:10FF600095F8A3E709F1010019F094FA10F02004C4
:10FF70007378C5D00124C3E700247378C0E7324604
:10FF8000124B28681BF0D3FC014618B92520FFF757
:10FF90007DF8DCE721462620FFF778F840F6783137
:10FFA0000248ECF7B9F8D2E7F646002018650408D5
:10FFB0007C360020D4490020EA5500208C360020F1
:10FFC000E8550020E75500208036002050520020E0
:10FFD000D149002008B5174B1B889B0704D440F675
:10FFE00035611548ECF798F8144B1B78053B012B4D
:10FFF00004D940F636611048ECF78EF8104B1B68B8
:020000040802F0
:1000000023B940F638610C48ECF786F800220D4B16
:1000100021200D491A70FFF739F818B9BDE80840DA
:10002000FFF718BF022803D1BDE80840FFF7DEB98B
:1000300008BD00BFF646002018650408D14900201D
:100040007C360020CB490020E5010208F8B5594C68
:1000500023889A0704D54FF437715748ECF75CF8BA
:10006000564801F041FC16F0CCFC238805465B079E
:100070000BD51BF024F9524B1B68C01AB0F5717FE9
:1000800003D900210420FEF79FFF28464D4D16F0AE
:10009000BEFC2B78042B32D116F0B3FC2388064625
:1000A0005F0708D54548002101F082FB3046BDE8D6
:1000B000F84016F0ACBC16F0AAFC16F0A2FC424BBD
:1000C00006461B78414F13B9238859050FD50523E0
:1000D000012102202B70FEF777FFFFF77BFF3046F0
:1000E00016F095FC3B68DA78394B1A70F8BD386821
:1000F000013019F0CFF98206E9D50623E8E7062B8F
:100100004DD1344B1B78FF2BF0D1334E16F01CFE33
:100110003378002B3DD016F074FC238805465B072E
:1001200005D52648002101F043FB2846BFE716F01D
:100130006EFC3378013B337016F063FC04460121FA
:100140000220FEF741FFFFF745FF20461F4C16F047
:100150005EFC2068013019F09DF900F44060B0F5B4
:10016000006F13D1246801210422204600F06EF9AB
:10017000204419F08FF90146184B04201A7833787F
:10018000D21AD2B2BDE8F84018F07ABC4FF6FF712F
:10019000F2E740202B70BDE8F8401CF0D7BE012BE1
:1001A000A4D100232B700E4B1868FAF7A3FF3F2051
:1001B000F1E700BFF6460020186504088C520020C5
:1001C00078360020D1490020D44900207C36002018
:1001D000CC490020E5550020CE490020E9550020FB
:1001E0008C36002008B50A4B1A7882B901221028F3
:1001F0001A7004D040F62C610648EBF78DFF002101
:100200002020FEF7E1FEBDE80840FFF723BE08BD51
:10021000CB4900201865040838B510200C46012190
:10022000FEF7D2FE064B1D68FFF7ECFD012200FB36
:1002300004F1044B28461BF065FB002038BD00BFCD
:100240008C36002019F3010808B5094B1B88DB0622
:1002500004D440F279510748EBF75EFF10200021EB
:10026000FEF7B2FE044B1868BDE808401BF058BB0F
:10027000F6460020186504088C36002010B5064CA0
:1002800020681AF0FCFFC30704D52068BDE81040C1
:100290001AF0F7BF10BD00BF8C360020012208B550
:1002A000084B114618681BF028FB00212C20FEF794
:1002B000EDFE00210A20FEF7E9FEBDE8084017F038
:1002C0000ABE00BF8C3600200148EBF725BF00BFF7
:1002D00032650408014B4008185C7047E155002066
:1002E00008B513460A461946064B18681AF0F8FF77
:1002F00030B1BDE8084040F676410348EBF70CBF4B
:1003000008BD00BF8C3600201865040808B5044BF2
:1003100018681BF0F0FA013818BF012008BD00BFB3
:100320008C360020054B10B54C002246014618685B
:100330001AF03AFF031B5842584110BD8C3600207A
:1003400003289DBF024B187000202120704700BF7A
:10035000CF49002070B5054616F053FB0E4B0F4EEB
:100360001B880446DA07357008D50D4B0D4D1B78F8
:10037000012B08D9012128681BF0B1FB2046BDE8FC
:10038000704016F044BB1BB116F0B3FCC305F1D4AA
:10039000317881F00101EEE7F6460020E0550020BB
:1003A000D24900208C36002010B5054C94F900008D
:1003B0007F2801D1FEF76CFF94F9000010BD00BF4B
:1003C000DF5500200C4B10B51B880446DB0711D508
:1003D000FEF7E8FF094B84F0010208211868D200FB
:1003E0001AF0CFFE30B1BDE8104040F6C4610448B9
:1003F000EBF792BE10BD00BFF64600208C36002001
:100400001865040808B5044B014618681AF073FF14
:10041000003818BF012008BD8C36002010B50A4CEA
:1004200023787BB1FFF73AFF00210420FEF7CCFDD3
:1004300000210220FEF7C8FD00232370BDE8104014
:10044000FEF746BE10BD00BFD1490020032A134667
:1004500001D91CF09BBD014AD05C70473C65040883
:1004600038B5094800F064FD0024084D95F8C03007
:10047000E0B2834200D838BD103005EBC00000F078
:1004800057FD0134F2E700BFAC3700209036002062
:1004900008B510460249482220F0D5F9002008BDD1
:1004A0006437002008B505481DF056F8014620B90C
:1004B000BDE80840014801F07BB908BDAC520020FE
:1004C000002238B51F4B15461C4683F87F200132A9
:1004D000082AC3F88050C3F88450A3F8805003F171
:1004E0000803F4D148220021174820F09AF94FF66A
:1004F000FE73A4F8E4306FF480337F2200211148AA
:10050000C4F8D83020F08DF9104BC4E93155C4E956
:10051000473584F8C05084F8CC50C4F8D05084F8E3
:100520002451EBF757FFFF22094B01211870094BAB
:1005300000201A70E6F73CFA0020FFF7B3FF002016
:1005400038BD00BF90360020643700200000FFFF58
:10055000D5490020254A002010B54FF49474094B6A
:1005600004FB0030D0F8C43053B990F8CC403CB90B
:1005700031B1C0E931122046FFF794FF204610BD8B
:100580002120FCE79036002038B54FF494730B4DD2
:1005900003FB005595F8CC406CB9204611F032FEB3
:1005A00095F87F30204643F0020385F87F30FFF74F
:1005B00079FF204638BD0120FCE700BF90360020BF
:1005C0004FF49472044B02FB003090F87F3023F01C
:1005D000030380F87F3070479036002070B51446D2
:1005E000234A06461278002A40D14FF49471214DD7
:1005F00001FB0051D1F8C420C2BB91F8CC203AB124
:10060000022B33D191F8C010072907D91C202CE008
:1006100091F8C0100729F9D8012B0AD04FF4947033
:1006200000FB0650CA0000F18001883020F0DFF89E
:100630000021252303FB06119DF81430103125F805
:10064000314005EBC101CB70049B00244B604FF49B
:10065000947303FB065595F8C030204601338C7027
:1006600085F8C030FFF71EFF204670BD0120FCE773
:10067000D449002090360020F8B5274B04461B785B
:100680000F46002B46D14FF49473244D03FB0053C7
:10069000B3F81C3123B94FF44A712148EBF73CFD04
:1006A0004FF4947202FB0452D2F8206136B192F8F2
:1006B0001F3139460020B2F81C21B0474FF4947323
:1006C000002148206343EA18A2F81C11C2F8201147
:1006D00092F8241100FB01332B44D3F814319E42CD
:1006E00018D092F87F309B0710D54FF4947202FB1C
:1006F000045292F87F30204623F0020343F00103B6
:1007000082F87F30BDE8F840FFF7CCBE11F09CFDC9
:100710000028EAD1F8BD00BFD4490020903600205F
:10072000976604082DE9F04F8BB0079008460D46F8
:1007300000F0D8FD044618B921200BB0BDE8F08FB9
:10074000284600F0EBFDC0B20838215C2218039166
:10075000517992F8029092F803A004919179D2799C
:10076000267806920022B4F80130ADF82620474AD8
:10077000059192F80080B8F1000F09D0444B1B6836
:1007800023B1514620464FFA89F298470020D4E71A
:1007900003F00703022B76D001340922414620469C
:1007A000FFF754FE023EF6B2331A5FFA83FB1B06D4
:1007B0000746C1D4374BD3F80C312BBB00210DF1C8
:1007C0002603009322465B46084611F053FCC3B251
:1007D0000546002B52D1BDF826001FF045F9D0B9CF
:1007E000BDF826001FF03CFA8046BDF826001FF039
:1007F0003BF9E8B90123324621460DF1260000F00D
:10080000C7FED0B1192098E74246012128469847F3
:100810000028D3D190E71F4BBDF82600D3F8103144
:10082000002BDDD0E11998470028D9D1022084E7B8
:100830005A464046E11920F006F8BDF8260000F0BF
:1008400051FD039B049A8372059B07991B0243EA9F
:100850000243069A80F808A01343C3604FF49473D0
:100860000C4A80F8099003FB012393F8CC10BDF8E3
:10087000260029B1D3F8C83003B19847E8B25CE745
:10088000D2F8F430F8E7012057E700BFD449002040
:1008900074360020903600204FF4947370B50B4CE2
:1008A000054603FB0043D3F8D06026B940F2E93196
:1008B0000748EBF731FC4FF4947303FB0544002326
:1008C000C4F8D0303346BDE8704018479036002059
:1008D000976604082DE9F84308460F46164602F1CC
:1008E00001091FF0C2F9804638461FF0B6F8042807
:1008F00056D138461FF0D5F848F661054FF6FF721D
:1009000048F64103294C904208BF1D46B4F8D81060
:10091000301D18F0C1FD38461FF0C3F80146B01D68
:1009200018F0BAFDB4F8DA1006F1080018F0B4FDBA
:1009300006F10A0438460EF069FE10B145F01005C4
:10094000ADB22946484618F0A7FD38461FF088F991
:100950004246014620461FF076FF3846012100F04E
:100960004BFD4444074660B100F0D8FC05463846CC
:1009700000F0B8FCEDB201462A4620461FF063FFA6
:100980002C440B4AA41B13780134591C1170F370CA
:1009900034703046BDE8F84309220121FFF756BD07
:1009A000484618F077FD4C460546C3E790360020D0
:1009B000D549002010B40C4611464FF49472084BF0
:1009C00002FB0033D3F8D00028B9C3F8D0405DF85B
:1009D000044BFFF721BC02205DF8044B704700BFB9
:1009E000903600204FF4947210B5482450430A4BBF
:1009F0001A1892F8241104FB0100034493F8F30041
:100A0000022806D092F8CC301BB9032818BF012069
:100A100010BD0020FCE700BF9036002070B508B183
:100A2000012070BD234C94F82451002DF8D12946A3
:100A3000B4F8D820FFF73CF929462846B4F8DA2064
:100A4000FFF720F92946284604F1DC02FFF748FCAD
:100A500094F8F330002BE3D0284694F8D460FFF7E5
:100A60007BF9864215D1002094F9D650FFF768F93A
:100A7000854216D10020FFF7B5FF04460020FFF79E
:100A80002DF90028CDD02146BDE870400020FFF7A9
:100A900035B9284694F8D410FFF770F90028E2D051
:100AA000BFE7002094F9D610FFF73AF90028E1D00B
:100AB000B7E700BF9036002003464FF4947010B59E
:100AC0001446174A00FB032292F8F30002280CD1C7
:100AD000E07F022809D141B112490978012913D9CF
:100AE00092F8D410227891420ED118462178FFF75F
:100AF00039F990B1482221460B481FF0A4FE00208E
:100B0000FFF7ECF808B9002010BD054B93F824015D
:100B10000028F8D1FFF782FFF5E72120F4E700BFB6
:100B200090360020B3550020643700204FF49472B3
:100B300008B50A4B02FB00330020D3F8D020C3F8DD
:100B4000C80083F8CC001AB1C3F8D000FFF77CFBD3
:100B50000020FFF763FF002008BD00BF9036002093
:100B60007FB51C4C94F8243123B1002084F8240173
:100B7000FFF754FF94F8D630B4F81C518DF80F30BD
:100B800025B940F2EE211448EBF7C6FA114A29467E
:100B90000020FFF79FFED4F8F86002469EB10DF1E9
:100BA0000F030193002328460A490093B0470246E9
:100BB000247854B920462146FFF75EFD2046FFF712
:100BC00071FC04B070BD0122F2E700200149FEF77C
:100BD0002DFFF6E7903600209766040838B54F4B96
:100BE0001C78002C5FD14E4800F07EFE2046FFF7B7
:100BF00075F8002857D04B4C94F87F30D90738D57A
:100C000094F8CC2022B123F0030384F87F304AE02B
:100C100023F0010384F87F3011F0FEFA94F87F305E
:100C200005469A0701D511F0EDFA2946002011F08A
:100C300025F850B994F87F30284643F0010384F832
:100C40007F30BDE8384011F0DDBA0023482284F837
:100C50001F3194F8243184F81E5102FB0343D3F86A
:100C60001431A4F81C01C4F82031BDE83840FFF766
:100C700077BF94F8C000B8B104F58E7304F1800515
:100C800095E8030083E80300FFF76AFF94F8C020AB
:100C90002846D20004F188011FF0A9FD94F8C03065
:100CA000013B84F8C03038BDD4F8C42072B99B072A
:100CB00015D594F87F30002023F0020343F00103A0
:100CC00084F87F30BDE83840FFF7ECBB0123C4F85F
:100CD000C40084F8CC30904794F87F3093E711F04B
:100CE000B3FA0028E5D194F8243173B1EFF7D8FFB7
:100CF00094F8CC30002BD6D1FF2818BF84F82401FB
:100D0000BDE838400020FFF789BED4F80831002B39
:100D1000ECD098470028C6D1E8E700BFD4490020AE
:100D2000AC520020903600204FF49472024B02FB2C
:100D3000003393F8240170479036002038B50546FB
:100D40000020FEF7CBFF4FF494730C4C03FB0544DB
:100D500094F8CC300BB1002038BD0028FBD00848F7
:100D60001CF0FAFB0028F6D194F87F30002BF2D16A
:100D700094F8C000B0FA80F04009EDE7903600200A
:100D8000AC52002028B1034B1B68C01A4010013040
:100D900080B27047D037002030B1044B00F10040E2
:100DA0001B68013803EB4000704700BFD0370020BC
:100DB00010B5084A03461CF065F914684FF6FF7237
:100DC00003EB40039C42184603D901880233914249
:100DD000F8D010BDC83700202DE9F047204F054658
:100DE0003B88A3B3B0F90230002B30DBDFF87C8006
:100DF0001C49D8F800001FF01CFD20B940F2C311B7
:100E00001948EBF789F90026DFF85CA0DFF860905D
:100E10003A88B3B29A4204D840F2C5115046EBF773
:100E20007BF9D9F80030B2B253F83200D8F800108C
:100E300003EBC20468B943F83210A3882846013393
:100E4000A3801CF01FF9E38803EB4003E380BDE8B7
:100E5000F0871FF0EEFC01360028D9D1EDE700BF86
:100E6000F8460020406504084A650408CC5200207A
:100E7000BC37002038B5094C094D22682B689A42CE
:100E800004D94FF481710748EBF746F928682368C5
:100E9000C01A20F0010080B238BD00BFC837002062
:100EA000CC3700204A65040838B5124C124D214653
:100EB0002846EFF753FD23680BB12B681BB9D221ED
:100EC0000E48EBF729F92A680D4B0E491A60236882
:100ED00023F0010313440B600B4B1A602AB9BDE8E1
:100EE0003840EC210548EBF717B9FFF7C3FF64283A
:100EF000F5D938BDC0370020C43700204A65040842
:100F0000D0370020CC370020C8370020064B1B68A4
:100F1000834206D8054B1B68834294BF0020012002
:100F200070470020704700BFD0370020C83700202E
:100F30002DE9F0411D4B04461B78012B24D100887C
:100F4000FFF72AFF0546D8B10426DFF864802C4657
:100F500015F057FD07462046FFF73EFF638843EA3A
:100F600008036380A05BFFF717FF0446384615F0BF
:100F70004EFD1CB1B4F90230002BE9DA062E01D186
:100F8000BDE8F0810626E2E7022BF9D115F039FD24
:100F900002462088FFF700FF18B10388C3F30E0351
:100FA00023801046BDE8F04115F031BDD649002040
:100FB0000080FFFF2DE9F04F0024BA4B97B00646A2
:100FC0001C8015F01EFD0123DFF8EC82B64F3B704C
:100FD000B8F80030A8F80040ADF81630B34B1B68E5
:100FE000019315F014FDB24B21461A88B14BD20083
:100FF00018681FF016FC0DF11600FFF799FF002E80
:101000003CD1DFF8B8924FF0000B0125D9F8004031
:10101000019B9C4239D3BBF1000F39D1002DF2D096
:10102000D9F80040DFF898A225462246019B9A4253
:1010300073D302230DF116003B70FFF779FF002EEA
:1010400040F08F80D9F800603246AA4280F0A2803A
:101050009088FFF7A1FE18B10388C3F30E039380B5
:10106000D088FFF799FE18B10388C3F30E03D3802D
:101070001046FFF79DFE0246E7E79847E3B256F8B1
:1010800023300134002BF8D1BBE7BBF1000F3ED079
:101090000BF1FF335FFA83FB16AB03EB8B0252F8C5
:1010A000402CB2F9020051880028B1DA4B04AFD4C9
:1010B000924641F48040931D2AF8020F02933AF8B9
:1010C000020FFFF769FEF0B1B0F902E0B0F802C01C
:1010D000BEF1000F17DB6FEA4C4C6FEA5C4CA0F8D6
:1010E00002C00390FFF778FEBBF10F0F8FBF002502
:1010F00016AB039A03EB8B009EBF0BF1010340F884
:10110000402C5FFA83FB029B9A45D8D180E72046AA
:10111000FFF74EFE22460446C3E710461BF0B2FF1F
:101120008346B2F90200118800280AEA010108DAB0
:101130002046FFF727FE084381B204EB4B0402EB85
:101140004B0510461180FFF733FE02466EE79847C5
:101150005FFA8AF356F823300AF1010A002BF6D120
:1011600070E74FF0000AF3E73046FFF721FE8246B2
:101170007EB1B6F902307188002B0ADA3088C0F3EC
:101180000E00FFF709FE864203462DD1C1F30D0183
:1011900071805646AE42E7D3DFF81CA115F031FC52
:1011A0000021064650461CF029F8FFF7F5FD0546DC
:1011B000002800F08780304615F029FC28461BF0F7
:1011C00061FF06462046FFF7DDFD81467600324688
:1011D000294620461FF00BFB002249460DF1160060
:1011E0001BF0A0FF3444D9E71BD930461BF04AFF5F
:1011F000C1F30D01420071801846314692B21FF0D2
:10120000F6FAC6E75046FFF7D3FDD146854203D92B
:10121000B0F90230002B01DA824603E0FFF7C8FD87
:10122000F4E7B146554507D9BAF80000C0F30E00FF
:10123000FFF7B2FD8245E5D3B9F1000F30D0B9F820
:101240000000C0F30E00FFF7A7FD034638B9334690
:10125000CB46994513D8B1459BD0D946ECE74846D3
:101260001BF010FFB9F802204946C2F30D02A9F89D
:101270000220420092B218461FF0B9FAE7E718467A
:101280000193FFF795FD019B9B46854203D9B0F979
:101290000230002B01DA0346DBE7FFF789FDF4E7B4
:1012A000CB46DAE7FA460020D6490020C8370020AE
:1012B000F8460020BC370020FC460020D037002034
:1012C0000080FFFFBDF816303870A8F80030044BDE
:1012D00030461C6015F09BFB17B0BDE8F08F00BFD7
:1012E000C837002010B5044608B9002010BD1BF017
:1012F000DAFE20B940F2BA410748EAF70DFF20466E
:10130000FFF74AFD0028F0D00388DB0B14BFD0F8AC
:101310000A000830EAE700BF4A65040810B508B9BA
:10132000002010BDFFF738FD04461BF0B3FE20B9C6
:1013300040F2D4410648EAF7EFFE002CF0D02388B3
:10134000DB0B0ABF60882089C0F30C00E9E700BF0F
:101350004A6504082DE9F0410546FFF71DFD0F46DB
:101360000446D8B11BF096FE20B940F2E741204870
:10137000EAF7D2FE2846FFF7D1FF05462046FFF7E1
:1013800017FDBD42064609D004D840F2EF41184887
:10139000EAF7C2FE2588ED0B02D02781BDE8F08177
:1013A000678020461BF06EFE074604EB400815F0F0
:1013B00028FB104B1A68B2420AD1C3F8008015F01E
:1013C00026FB2A464046BDE8F041FF211FF029BA1E
:1013D000A6EB0806B5B215F01AFB072DF1D90023CC
:1013E000083D44F81730C8F80430A8F80250D5E793
:1013F0004A650408C837002038B5FFF7CDFC0D4614
:10140000044650B11BF046FE20B940F22C5103486F
:10141000EAF782FE023534F8150038BD4A65040843
:1014200070B5FFF7B9FC0C4616460546B0B11BF087
:1014300031FE20B940F237510C48EAF76DFE3046D4
:10144000FFF7AAFC1BF026FE20B94FF4A76107485E
:10145000EAF762FE023425F8146070BD40F23C5198
:10146000BDE870400148EAF757BE00BF4A6504086E
:101470002DE9F8430746884617F077F820B940F27F
:1014800077512A48EAF748FEFC1CA408284B640060
:101490000434B7F5005F1E68A4B204D340F27E5155
:1014A0002248EAF739FE15F0ACFA224981460B686A
:1014B0007BB9214B1D68761BC6F34F06B44227D972
:1014C0000025484615F0A3FA2846BDE8F843FFF783
:1014D00059BCB8F1000F11D0174A15685A1BC2F356
:1014E0004F029442ECD81448620005EB44040460B7
:1014F000B8F1000F0FD113440B600CE0F61AC6F3DD
:101500004F0676B940F28F510848EAF705FED7E753
:1015100005EB44041C6000236F80AB80EB802B80C4
:10152000CFE7B442CCD8044A1568DCE74A65040822
:10153000CC370020B8370020C837002038B5054622
:1015400015F05FFA04462946044800221BF0EAFD24
:101550002046BDE8384015F05ABA00BFFC460020CE
:1015600038B515F04EFA0021054604481BF046FE3A
:101570000446284615F04BFA204638BDFC460020AC
:10158000024B1888B0FA80F040097047FC460020F2
:101590002DE9F74F044600881F46FFF7FDFB8846FC
:1015A000154606461BF076FD20B940F2E6613F483D
:1015B000EAF7B2FD3388DB0B009306D033892B4466
:1015C0003381002003B0BDE8F08F2088FFF7A6FE2E
:1015D00082463046FFF7ECFB019015F012FADFF877
:1015E000D0B0019BDBF8002081469A421DD1FFF765
:1015F00041FC854204D9484615F009FA1A20E1E772
:1016000005EB0A0373803FB12088FFF76BFE2A4683
:10161000414650441FF017F93046FFF7C9FBCBF89D
:101620000000484615F0F3F9CBE715F0F0F92088F3
:10163000FFF774FE2844009980B2FFF719FF0646B1
:101640000028DBD0FFF74EFE81462088FFF74AFED8
:1016500082462088FFF762FE5146024648461FF048
:10166000F2F83046AFB1FFF73DFE07462088FFF79E
:1016700055FE2A46414638441FF0E5F801212088EE
:10168000FFF7BAFE012102463046FFF7C9FE268069
:1016900097E7FFF727FE80462088FFF73FFE2A46A0
:1016A000394640441FF0BDF8E8E700BF4A6504082A
:1016B000C83700202DE9F8431E46074608468946EC
:1016C00015469DF82080FFF70DFEC6B1441916D0CF
:1016D0004846FFF723FE3544854203DD1D210948B6
:1016E000EAF71AFD3246B8F1000F05D12146384617
:1016F000BDE8F8431FF07BB839462046F8E7BDE85F
:10170000F88300BF5E65040838B50C460546FFF750
:1017100005FE844203D328210348EAF7FDFC28464E
:10172000FFF7E0FD204438BD5E65040870B506464D
:101730000D46FFF7D7FD044648B13046FFF7EEFDF2
:10174000854203D330210248EAF7E6FC605D70BDB4
:101750005E65040870B50C4606461546FFF7DEFDCB
:10176000844203D33A210448EAF7D6FC3046FFF717
:10177000B9FD00B1055570BD5E650408332101480F
:10178000EAF7CABC75650408036910B55BB18268E5
:10179000064B9A4201D1002010BD446916F086FB29
:1017A000201AF9D5F7E74FF0FF30F5E77D1702086B
:1017B00082684B4B2DE9F0419A4204460E4605687B
:1017C00015D121B140F20F114648EAF7A5FC15F0FA
:1017D00018F923691BB92B682BB924612C60BDE86B
:1017E000F04115F014B91A6922611C61F6E716F090
:1017F0005DFB8046E5F760FE20B14FF493713948F8
:10180000EAF78AFC6FF000439E4221694BD22B7BA2
:1018100008EB0602002B4DD0AB6893424AD1531C13
:10182000002949D06169994242D01EB9521AB2F1D9
:10183000004F3DD9636123696E689C4203D19A21B0
:101840002848EAF769FC2F460023B4420BD0002B4E
:1018500041D172696169891AB1F1004F32D8326998
:10186000374694422CD12269BD420CBF6A603A616E
:101870007BB92669B44203D1B5211A48EAF74CFC7A
:101880003B46012E05D062697169521AB2F1004FD0
:1018900023D99D420BBF6B681A69236122610CBF7B
:1018A0006C601C6104E0434431B162699342C1D170
:1018B000BDE8F0811346B3E76A6822616C60B9E75E
:1018C0001646C6E7A8EB0202B2F1004FC7D93B4665
:1018D00037463669B9E71F46F9E733463669D0E738
:1018E0007D1702087565040882681C4B70B59A4222
:1018F0000446056819D115F084F8236923B1A34281
:1019000006D100222A601A61BDE8704015F07FB848
:101910001A4611461269A242FBD12A68A24208BFA8
:1019200029600B6100232361EEE7036993B19842BC
:101930006E6803D19A210A48EAF7EEFB2B46B442BF
:1019400009D122699D4218BF1A614FF0000308BFF8
:101950006A60236170BD33463669F0E77D1702087F
:10196000756504082DE9F04306460025164FDFF89B
:101970005C808BB0BC7814B90BB0BDE8F083B7F8CD
:1019800000908EB9009623462A46B8F8001003A8A6
:10199000FFF790FE23463146484603AA16F0F9FAAF
:1019A0002544EDB20437E5E72346494603A8002263
:1019B00016F0E6FA012300932A462346B8F80010F1
:1019C00003A8FFF777FEEBE784650408FE460020D6
:1019D0000148FFF7ADBA00BFFE460020F7B5154637
:1019E000174A04460846118811B1164A1278CAB13E
:1019F000D4B10022294603B0BDE8F04016F0C0BAC9
:101A00003A44D2B20436B778002FF1D0B6F800C00D
:101A1000AC45F5D184F001043B460094FFF74AFE43
:101A200003B0F0BD084EEEE702462146284616F008
:101A3000B0FA284603B0BDE8F04017F0B0B800BFD8
:101A4000FE460020EE5500208465040810B5074CC2
:101A5000238843B10020FFF785FF0020FF22044BBD
:101A600020801A7010BD0220FCE700BFFE46002057
:101A7000EE55002038B50E4D2B78FF2B14D10021E8
:101A80000C4B9C7864B9224620461BF02EFB0A4B77
:101A9000188058B101202C70FFF764FF204638BD34
:101AA0002144C9B20433ECE70220F8E71920F6E735
:101AB000EE55002084650408FE460020024B18887D
:101AC000B0FA80F040097047FE460020142810B597
:101AD00018D8082805D117F07AF8C401E4B22046D6
:101AE00010BD0E2802D117F075F8F6E7064B53F833
:101AF0002040002CF3D00A282478F0D107F0F2FF20
:101B00000443EBE7FF24EAE7AC6504080823064A30
:101B100012F8011B814205D0013B13F0FF03F7D1FE
:101B20001846704701207047086604080823064AD3
:101B300012F8011B814205D0013B13F0FF03F7D1DE
:101B4000184670470120704700660408014BB3F83F
:101B5000E400704790360020004870477637002038
:101B6000014B1878704700BF84490020014B18785A
:101B7000704700BF87490020014B1870704700BFB5
:101B800087490020204B022810B5204C187002D045
:101B90000438012822D82378042B0BD000211C48BC
:101BA000FFF706FE2378033B012B03D900211948D8
:101BB000FFF7FEFD184B1B689A0022D513F0805FDB
:101BC00040F6114418BF4FF44164204612F070FAF9
:101BD000C8B92046BDE8104016F0DFBF0C48FFF73B
:101BE00083FE0C48FFF780FE1BF0A5FF2378033B24
:101BF000012B03D811F02EFB1624E6E70EF0DAFCD9
:101C0000FAE71524E1E710BD8B4900208C4900203C
:101C1000F0520020F42B0020882C0020024B187872
:101C200000F00F00704700BF8B490020034B18786D
:101C300000F00F00831E5842584170478B49002026
:101C400008B51BF063FFA8B11BF07CFF90B10A48F8
:101C50001BF05DFA70B109481BF059FA50B116F04B
:101C6000BEFF38B112F036FA20B9BDE8084004488A
:101C70001BF077BC002008BD004700203047002043
:101C8000D437002030B505460C4693B081B910B961
:101C9000002013B030BD1023072269460120FFF752
:101CA0009DFE9DF805305A1E052A28D91720F0E719
:101CB0001822002120461EF0B4FD002DEBD1FFF7C5
:101CC000B5FF30B316F0D6FE6A4601460020FEF797
:101CD000DFFBBDF80430204623819DF80230A3725B
:101CE0009DF80030E3721CF03EF9002304F114016A
:101CF000237304F110001CF0CAF9E081C8E7084A18
:101D00009DF8041012789142D0D12B70002CD6D1BE
:101D1000BEE7044B1B78033B022BD3D9C6E700BFB9
:101D2000C44800208B49002030B593B005460C46CE
:101D3000FFF77CFF20B90C4B1B78033B022B10D81C
:101D400016F098FE6A4601462846FEF7A1FB0020E1
:101D50009DF80230607023709DF80030A37013B0BE
:101D600030BD1720FBE700BF8B490020054B1878DA
:101D7000012805D000F0FD00A0F131035842584180
:101D8000704700BF8B49002010B508220749044660
:101D90001EF01DFDB0FA80F04FF6FF732289400956
:101DA00040009A4208BF40F0010010BD18660408C8
:101DB0002DE9F3410E46002105461BF0ADF9002345
:101DC000124FADF806002B800DF106001BF09FF9B5
:101DD000044610B102B0BDE8F08121460DF10600C5
:101DE0001BF00CFA8046FFF77DFA438AB34207D90D
:101DF0009B1B43822246414628461BF093F9E3E7AA
:101E000043895B07E0D53B88F3E700BF7A550020A4
:101E100008B50A48FFF768FD09484FF47A71FFF7E3
:101E2000C7FF07481BF073F930B9BDE808404FF40D
:101E30007A710248FFF7BCBC08BD00BFD052002039
:101E40008A55002030B504460D4685B002B9084ACF
:101E50001068516801AB03C301AB03CB206020467F
:101E6000ADF80C501B886160238105B030BD00BF08
:101E70000C6404081FB50146002201A8FFF7E2FF29
:101E8000064801A91BF03DFC20B1FFF72BFA408961
:101E9000C0F3400005B05DF804FB00BF8A55002088
:101EA00030B585B00D460022014601A8FFF7CAFFF4
:101EB000084801A91BF025FC50B1FFF713FA0446AE
:101EC0000146082228461EF092FC6089C0F34000BB
:101ED00005B030BD8A55002010B5044C20461BF0DB
:101EE0007BF96388181A80B210BD00BF8A550020A4
:101EF000F8B50546F8B100210F481BF00DF904466E
:101F0000A8B10D4F2046FFF7EDF90646FFF73CFF5D
:101F1000830705D40822294630461EF058FC38B104
:101F2000214638461BF04EF904460028EAD1002429
:101F3000201E18BF0120F8BD8A55002010B50C46A0
:101F4000014606481BF0DDFB30B1FFF7CBF94389B2
:101F50001C4214BF0120002010BD00BF8A55002084
:101F60001FB51446024601A8FFF76CFF074801A9F8
:101F70001BF0C7FB40B134B1FFF7B4F9142201469E
:101F800020461EF034FC012004B010BD8A5500200C
:101F90001FB50146002201A8FFF754FF094801A917
:101FA0001BF0AFFB58B1FFF79DF94389024613F0D0
:101FB000020004D0507B80F00800C0F3C00005B0E0
:101FC0005DF804FB8A550020014601481BF0BEBBAA
:101FD0008A550020F8B504460E4614200021FFF76C
:101FE00047FA054620461BF0F7F86388834225D957
:101FF00025B3314620461BF0A9FB08BB2846FFF756
:1020000071F907460A2231461EF0F1FB082206F15B
:102010000A0107F10A001EF0EAFB0A4B1B887B82CB
:10202000238823B94FF47A710748FFF7C1FB204694
:10203000002229461BF076F80020F8BD1C20FCE7A2
:102040002E20FAE77A550020D052002010B5044621
:1020500086B0B0B1FFF798FE10F0020011D1CDF8B4
:102060000E006168CDF81200ADF81600206801ABD3
:1020700003C32289044801A91A80FFF7ABFF06B009
:1020800010BD2120FBE700BF8A550020F8B50D46A2
:1020900016461F46044648B3FFF776FE30BB20467F
:1020A000FFF792FFE0B1214611481BF02AFBFFF732
:1020B00019F9438905734673877343F00203218935
:1020C0004381204601F086FCFF28044606D001F03B
:1020D00087FB18B10022074B43F82420002004E0BE
:1020E0002046FFF7B3FF0028DDD0F8BD2120FCE734
:1020F0008A550020E4220020F7B59DF824400D46C3
:1021000001949DF82040064600941F460EF070F999
:102110004FF6FF718842044610D0BB0711D4284601
:1021200001F0D6F920460DF077FCFF281FBF084AC2
:1021300032F8103023F4804322F81030204603B0E8
:10214000F0BD0246294630461BF007FBEAE700BF18
:102150007046002073B50E46014614481BF0D1FAB4
:102160000546D8B1FFF7BEF843890446334012D084
:102170009B0736B20BD5002E09DAA17B437B02897F
:10218000007B0191012100912146FFF7B5FF638992
:1021900023EA06036381628912B1012002B070BD97
:1021A000294602481BF049F8F7E700BF8A5500208E
:1021B0000148FEF7BDBE00BF8A5500201FB50C4682
:1021C0000B4A014601A8FFF73DFE01A8FFF7FCFE00
:1021D00060B101A907481BF094FAFFF783F8036880
:1021E000236043680020636004B010BD2D20FBE72E
:1021F000186604088A55002010B5FEF755FE15F044
:102200006FFE1020FFF762FC04060DD50020FFF7DB
:102210005DFC000608D5274B1A6A12F0020F12D196
:1022200040F61544204610BD1020FFF74FFC010674
:102230000CD40020FFF74AFC020607D51D4B1A6A92
:1022400012F0010FEBE7DB699B07E9D51A4819F09B
:1022500092FB01201AF097FEEAF7D8F8044600280E
:10226000E0D100F073F915481BF050F900F010FAB6
:10227000E9F76CFC15F031FE0BF0D8F80BF02AF9F9
:10228000EEF7F2FBEEF7A6FCEEF7C0FC05F0BCF8AB
:1022900016F09FFC16F0A0FC12F0BCFB08480DF0F5
:1022A00067F808F063FA17F06AF80028BAD017F058
:1022B00068F8B7E70080E00F690345ECD4370020E9
:1022C000751E020810B51BF033FC70B301F0C4FE9C
:1022D00080F00104E4B20020FEF718F844EA80041C
:1022E00024B21BF013FC10BB0220044316481BF061
:1022F00033F944EA401415481BF02EF924B244EA9D
:10230000001413481BF028F924B244EA8014114841
:102310001BF022F924B244EA40240F481BF01CF9B8
:1023200024B244EAC02080B210BD0124D3E70B4898
:102330001AF0EDFE0028D7D009481AF0E8FE80F028
:102340000100C0B24000D0E73053002014540020F8
:10235000F854002094530020F4530020004700203C
:102360003047002008B501F03BFC0EF00FFEFDF7F2
:102370009DFB15481AF0CBFE08B906F069FD13481D
:102380001AF0C5FE08B908F0DBF903F0FBFF0DF009
:10239000A7F90F481BF0F1F80E4B1B78043B022BFA
:1023A00009D80D481BF0D8F828B1FFF78BFF10288B
:1023B00001D109F08FFD16F014FC1BF0DBF9BDE82C
:1023C00008400648FEF7F6BD0047002030470020D1
:1023D000D43700208C4900201454002034660408AF
:1023E00008B51BF0A5FB20B940F291110348E9F7AD
:1023F00093FEBDE808401BF0A2BB00BF22660408A4
:10240000F8B54FF6FF77104B06461B780C46033B9A
:10241000012B0F8009D830460BF0C0F84FF6FF7340
:10242000984220800ED000200DE00DF0A3FAB842B3
:1024300005462080F7D1304600F014FFA8422080E6
:10244000F1D1E8E72D20F8BD8C4900204FF6F77355
:1024500070B5984204460D4686B05AD81BF08CF9E8
:10246000A04207D108222C4928461EF0C0F90020BE
:1024700006B070BD294EB6F8E430A3420AD100225E
:10248000082106F1E6001BF0BAF818B9082206F197
:10249000E601E9E7ACB1224B1B78033B012B1AD8CC
:1024A000002301221946204600930AF021FFFF284D
:1024B00023D1294620460BF0C5F880F00100C0B2B8
:1024C000D6E7184B1B689B07E5D4284608F0F4FDB7
:1024D0000028E0D0CBE7204601F014FAFF2806D10F
:1024E00029462046FFF76AFE0028D9D1BFE72946D2
:1024F00001F02AFA0028F3D0B9E702A91CF012FE75
:102500000028D6D1DDF80D302B60DDF811306B607E
:10251000ADE70120ACE700BFD7490020903600208E
:102520008C490020882C0020014B1878704700BF90
:10253000C4480020014B1870704700BFC4480020F9
:10254000014B1878704700BFB255002010B50649FE
:10255000064C082320467F22098815F01EFD2046E0
:102560001BF044F910BD00BFCE200408D74900205D
:1025700000487047D7490020082208B503491EF0DB
:1025800026F9B0FA80F0400908BD00BFD749002005
:10259000F0B51F4601F44043B3F5004F05460C4625
:1025A00016468BB01DD01BF0E7F8104B00220692A8
:1025B000BDF85020ADF826000592BDF84C2021460C
:1025C00004929DF8482028460392119A0292BDF881
:1025D0004020CDE900323B4632461DF05FF90BB09A
:1025E000F0BD1BF0C9F80DF12603DFE7D749002045
:1025F000014B1870704700BF7F490020074B44F61D
:10260000FF701A7840F6FF73012A18BF1846044B72
:102610001B780BB140F40040704700BF8C4900208C
:102620007F490020F7B50D46044616461F46002197
:10263000284602F0B1FA0B4B002183F8D5402A4618
:102640003346204600970FF0D5FA014630B10222FA
:10265000204603B0BDE8F04000F006B8012003B00A
:10266000F0BD00BF9036002013B513460C461AB1DA
:10267000022A0CBF134601230021044A0191009253
:102680002246FDF7ABFF02B010BD00BF3BDC0308E4
:1026900000B5002093B0FDF713FF1C4B18880CF019
:1026A0006DFE1B4900200FF041FC342200216846DA
:1026B0001EF0B7F80B238DF800306FF480330193D0
:1026C0004FF6FE73ADF81030124B134A0793134BBD
:1026D00010680893124B51680993124B6A460D9388
:1026E000114B0E93114B0F93114B1093114B1193F0
:1026F00002AB03C300210846FEF7DEF96A4601215A
:102700000020FEF7D9F913B05DF804FB74550020E2
:10271000D822040800030001D7490020852E0208B2
:10272000BBD90308E16A02082D300208658202085D
:102730003BDC0308B564020873B5164B0C460093E6
:102740004FF400430146ADF8043008BB01200FF000
:10275000EDFB28B103E0AE4200F1010003D12120DE
:1027600002B070BD002002AEC2B206EB420232F8E7
:10277000086C32F9082C002AEDDA013331F9132004
:1027800031F81350002AE1DBDAB29442EAD8DDE7EF
:102790000023F3E799008900014B1878704700BFC8
:1027A000DF490020014B1870704700BFDF4900204F
:1027B000014B1888704700BF8E550020014B1880D0
:1027C000704700BF8E5500202DE9F84F804608461F
:1027D0000F4616F05FFEDFF834910546D9F8003059
:1027E00043B9484B1B682BB9474B1B6813B9FF20F3
:1027F000BDE8F88F15F4406A05F0400610D13EBBE5
:10280000B5F5804F53D24FF480740023002B58D17C
:1028100080253C4A1268002A69D0002108465FE002
:10282000F81C16F037FE4FF6FF73984214BF0124D0
:10283000022486B1052605F44043B3F5004F44F069
:10284000080424D0B5F5804F23D244F4807420E0EE
:1028500054460326EFE7B5F5804F4FF00506F4D355
:10286000BAF5406F14BF022008203044384416F0F7
:1028700011FE83461AF09DFF05F4404558450CBFF4
:1028800044F0080444F00404B5F5004F01D144F0CD
:102890008004BAF5006F0ED1B81916F0FBFD05469D
:1028A0001AF06AFFA842B0D144F01004ADE75446D4
:1028B00003260220D9E7BAF5406F08BF44F0200490
:1028C000A3E7012B05BF104A40251025126818BF49
:1028D000D9F800209FE7A74201F101010BD0C8B24F
:1028E000CEB232F8167032F91660002EF3DA0133E8
:1028F000032B8BD17BE7B8F1000F3FF479AF88F859
:10290000005075E7E4370020E83700204038002009
:10291000034B1A78022A04BF09221A70704700BFBD
:10292000E3490020044B1888044B1978044B1B68BA
:1029300003B1184716F025B902470020E1490020ED
:10294000F8370020002208B510461A2102F0F8FBE3
:102950000022014B1A6008BDF437002070B5114EFB
:1029600005463378042B05D10F4C207801F08CFFFD
:102970000023237035B930780022BDE870401A2159
:1029800002F0DEBB094B1C78E1B21A29F3D825FA14
:1029900004F3DB0703D54422307802F0D1FB013485
:1029A000F2E700BFE3490020E0490020F055002095
:1029B000F0B50C8805460E468BB0E4B94FF6FF77AC
:1029C000ADF8247012F0FCF810B902200BB0F0BD85
:1029D000CDE90340CDE90544134A0294B2F8D8305A
:1029E000DC32019300923B464CF60101FF2009AA1C
:1029F0001CF054FF308028461BF0F0F80B4C70B1EF
:102A0000237863B1013BDBB2284623701BF0E6F864
:102A100038B12078B0FA80F04009C0B2D6E705237B
:102A2000F2E70120F9E700BF90360020EF550020C3
:102A3000034B11461B6803B1184716F09AB800BF44
:102A4000F4370020F8B50D4B05461B78012B13D148
:102A500000244FF6FF770A4E3088FEF743FC2B88A0
:102A6000025B9A4203D13088FEF73CFC07530234E4
:102A7000202CF1D10120F8BD0020FCE7E249002024
:102A8000044700202DE9F047174B80461B78154678
:102A9000012B26D100246FF07F092746134E308882
:102AA000FEF720FC00EB440090F901304FEA440AA5
:102AB0004B4506DD3088FEF715FC504490F9019037
:102AC000E7B20134102CEAD14D450ADA3088FEF71E
:102AD00009FC00F817803088FEF704FC7C002044D5
:102AE0004570BDE8F08700BFE249002004470020A0
:102AF0000148FEF71DBA00BF044700202DE9F0474A
:102B000005460E4690460FF0CFFC044638BB014602
:102B10002020FEF7ADFC134F388000B30122124B8A
:102B2000A1461A70114BC3F800804FF07F08388817
:102B3000FEF7D8FB00F804903888FEF7D3FB20445A
:102B40000234202C80F80180F1D1094B31461D6000
:102B50002846BDE8F047074B074A0FF0B5BC0120F7
:102B6000BDE8F08704470020E2490020F837002044
:102B7000EC370020312C0208852A0208F0B585B018
:102B800004460D4617461E460FF08EFC90B90A4BC0
:102B90001F600127094B1F701AF05AFD084A0346AF
:102BA000009229462046CDE90167064A0FF0C0FC95
:102BB00005B0F0BD4D20FBE7F0370020E3490020D1
:102BC000852E020817DC03082DE9F041144F00257B
:102BD0003C784FF6FD781F2C91BF0024C4F34114BC
:102BE0001C34E406202D0CD101203B78032103F096
:102BF0001F03984020430B4B0B4ABDE8F041FFF701
:102C0000BDBF15F074FF431E9BB243450646F8D87E
:102C1000064B1888FEF766FB46530235E2E700BF15
:102C2000E1490020E12C0208452A0208044700205F
:102C3000F8B5284D02262888FEF754FB90F901408C
:102C40002888FEF74FFB304490F90130A34205DAA3
:102C50002888FEF747FB304490F901400236202EC9
:102C6000EED10027662CDABF193466B27F263C46C7
:102C70002888FEF737FB384490F901300237B34219
:102C8000BCBF0134E4B2202FF2D114B9124B1C7036
:102C9000F8BD15F02CFFB0FBF4F3002703FB140084
:102CA000C4B22888FEF71EFB384490F90130B342C5
:102CB0000CDA4CB92888FEF715FB084BC25D1A7078
:102CC000BDE8F840FFF780BF013CE4B20237202F97
:102CD000E7D1F5E704470020E2490020E149002060
:102CE00070B5154B1B78012B1ED100244FF6FF76D3
:102CF000124D2888FEF7F6FA035BB34215D02888F8
:102D0000FEF7F0FA035B83B12888FEF7EBFA0C4B71
:102D1000025B0C481A8001210B4B0C4A0068FFF73C
:102D20002DFF00220A4B1A6070BD0234202CE0D126
:102D3000BDE87040FFF748BFE2490020044700208B
:102D400002470020EC37002025290208C7DB0308D2
:102D5000F03700207FB505460C4616460FF0A4FB61
:102D600000286ED1062D03D85223EB40DB071AD47E
:102D7000B4F1006F05D3E30E1C3B032B18D94F2091
:102D800031E00022314B1A60314B1D701AF060FCAB
:102D900003460A2D57D8DFE805F0301B414C1B28AD
:102DA0001B565644390002F0EFFDB4F1006FE2D239
:102DB0000021264B042D1960254B1D70E6D12548B6
:102DC000FEF760FF022001F05FFD1AF041FC0346B0
:102DD00001220292204A0192204A0092204A314662
:102DE00020460FF0A5FB04B070BD314620461D4AB9
:102DF00004B0BDE870400FF083BB314620461A4B4B
:102E00001A4A04B0BDE870400FF05EBB0022029287
:102E1000174A0192114A0092164AE0E702220C4B2F
:102E20001A7000221046144904B0BDE87040FDF746
:102E300093BB00220292114A0192084A0092104A62
:102E4000CDE74D20CFE70120CDE700BFF4370020CC
:102E5000E3490020E04900205D290208852E020890
:102E600017DC03086DDB020845290208312A020835
:102E7000D9DB0308B129020811290208CFDB0308B6
:102E8000CBDB0308F0B585B0ADF8060018B97521A5
:102E90006448E9F741F9BDF806001CF0DEFD044680
:102EA000BDF806001CF0D9FD082846D00C2CBDF852
:102EB000060042D11CF0D4FE074616F0EBFA0DF1E5
:102EC0000F010646BDF806001DF0FCF8002879D079
:102ED000092200213846FDF7B9FA9DF80F3010336A
:102EE000C518BDF80600FEF719FAEDB2854269D2A1
:102EF0002946BDF80600FEF719FC06F44C4416F40A
:102F00004066054614D0F81C16F0C4FA4FF6FF735D
:102F1000984208BF44F04004B6F5006F08D1781D10
:102F200016F0B8FA4FF6FF73984208BF44F0100449
:102F30009DF80F305BB3072D44D1BDF806001CF09F
:102F400082FD0446BDF806001CF087FD082817D056
:102F5000A30615D524F0200189B2BDF806001CF0A7
:102F60005DFDBDF806001CF07BFE00210922FDF787
:102F70006DFA00F11001C9B20DF106001AF0E9F97D
:102F80000022BDF8061028481AF0CCF81AE0082DE7
:102F900016D8BDB1013D072D14D801A353F825F073
:102FA000FD2F020809300208C52F0208C92F0208A8
:102FB000C52F0208153002083B2F02081B300208FB
:102FC0007C2D24D005B0F0BD24F48844A4B2B4F51F
:102FD000084FF7D1BDF806001CF03AFDBDF8061009
:102FE0000CF06CFA0028A8D0BDF806001CF09BFD80
:102FF00000220146022015F043FDE3E724F480643B
:10300000A4B2B4F5484F97E7B4F54C4F94E7B4F544
:103010004C4F92D04CF6500301E04CF640439C429A
:103020008AE700BF90660408004700202DE9F041C0
:103030000F4690460646FEF755F904463046FEF721
:103040006DF9C5B2083D2C44E178084BA27819709F
:10305000074B31461A70002043463A4615F0FEFAF7
:10306000003818BF0120BDE8F08100BF004A0020F1
:10307000FF49002037B5144600221D461AF035F8E6
:10308000024648B10021054B0846CDE900532346CE
:1030900019F0D8FF03B030BD1920FBE73BDC030873
:1030A000002270B50A4B1C780A4BD5B2AC4202D84C
:1030B00000200C7008E01E880132864205D30D7096
:1030C0001B881B1A5842584170BD1233EDE700BFF0
:1030D00085490020504300202DE9F04FDFF8408162
:1030E000DFF8409198F8002099F8003006469A429F
:1030F00085B004D34FF48A714248E9F70DF83046A1
:103100000DF10F01FFF7CCFF20B140F217113D4840
:10311000E9F702F898F800709DF80F403D1B15F094
:10312000FF0530D04FF0FF3C374B01211B78A14009
:10313000184699F800304FF6FF790CFA03FC00238B
:10314000324A01F1FF3E0193C1F1000A9DF80430BB
:10315000984243D8122004FB00002D4BA0F112012D
:1031600005EBC5025200194404F1010918441DF091
:103170003EFB4FEA89092748A9F104010144AA004E
:1031800048441DF034FB224904EBC40201EB420326
:1031900021F81260204A013712784FF6FF71DA7376
:1031A0001A745A7412025A801C4A0D2012781A712D
:1031B00010225A7100229A73C3F80620C3F80A201D
:1031C000144B43F8242088F8007015F059FC0EB910
:1031D00009F054F9204605B0BDE8F08F13884B453F
:1031E0000AD053680AEA030B03EA0E030B4403EB0D
:1031F0004B0343EA0C035360019B083201330193F4
:10320000A4E700BFA3660408CB550020D02300200C
:1032100050430020E4220020004A0020E44900201E
:1032200085490020C95500202DE9F04107460025B9
:103230000A4B0B4E93F80080ECB2A04503D8FF2454
:103240002046BDE8F08108223846B11D1DF0BFFAC6
:1032500001350028F4D01236EEE700BF8549002082
:103260005043002008B5FFF7DFFFFF281DBF00B265
:10327000044B00EBC0004FF6FF7018BF33F810008E
:1032800008BD00BF5043002008B5044BB3F8E4006C
:103290001AF0F6FC024B53F8200008BD90360020CF
:1032A000E422002007B50DF10701FFF7F9FE30B168
:1032B0009DF80730034803EBC30300EB430003B062
:1032C0005DF804FB504300202DE9F843294E0446E5
:1032D00033785D1E2D1A8342EDB204D840F23F11BF
:1032E0002548E8F719FF0123A3404FF0FF305F1E88
:1032F0003B4400214FF6FF7E6FEA03081F4A92F815
:1033000000C01F4A127890401E4ACBB29C4523D879
:10331000BDB127B204EBC4041B48640005EBC50231
:1033200004F112010144520020441DF060FABF0074
:103330001648AA00391D014402F0FC0238441DF071
:1033400056FA33780022013B33704FF6FF71BDE827
:10335000F8430E2015F094BB1388734507D05368CB
:1033600008EA03093B4003EB590303435360083267
:103370000131CAE785490020A3660408CB55002027
:10338000C9550020D023002050430020E422002013
:1033900010B50A4C207858B9094B1B781A2B03D961
:1033A00094210848E8F7B8FE0322074B1A7010BDB5
:1033B0000138C0B2FFF788FFECE700BF8549002065
:1033C000C9550020A3660408814900202DE9F04773
:1033D00005461AF055FCFF28044624D1DFF88490F6
:1033E0001E4B99F800201B789A422BD22846BDE844
:1033F000F047FFF771BE38883B79504518D86F2BDE
:103400004FEA131214D85B0710D0123708F10108E5
:1034100099F800105FFA88F6B142ECD80023104A00
:10342000DEB28E4214D32046BDE8F087022AECD9E2
:103430000DF0E8FC0028E8D129463046BDE8F04709
:103440001AF02BBC4FF000084FF6F77A044FDFE775
:10345000107901338F28EFD81232E1E7C9550020E7
:1034600050430020854900204FF6F773984210B56D
:1034700014D8FFF7ABFFFF2810D0134C00B200EBBD
:10348000C00004EB400415F058F8104938B96288C0
:103490000B7802EB0313A3EB1213638010BD227CA5
:1034A000637C09789A42E2732374617407D98B4272
:1034B00003D213468B4228BF0B461B02EDE78A421C
:1034C000F8D31346F9E700BF50430020004A00201C
:1034D0002DE9F04106460F4600240E4DDFF83880F6
:1034E00098F80030A34201D8BDE8F08108222946AF
:1034F00030461DF06CF940B935F8063CBB4204D0AB
:103500002046FFF7E1FE013CE4B20134E4B212359B
:10351000E6E700BF5643002085490020F8B5054680
:1035200008460E46FFF780FEFF2830D01D4B294687
:1035300053F820703046FFF7CBFF2846FFF746FFD1
:10354000FF28044625D10CF089FBFF280AD1164C30
:10355000207838B115F0CBFA2378B0FBF3F202FBF8
:103560001300C0B229461AF098FB044623B20F4D4F
:1035700003EBC30305EB430508223146A81D1DF0EC
:1035800036F92B79204603F00F032B71F8BD002785
:10359000D3E7074B1B78002B18BF0027014B43F8DC
:1035A0002070E3E7E4220020C955002050430020AA
:1035B000F15500200A2330B585B01A46054601A909
:1035C0000120FEF70BFA4FF6FF73BDF80C209A426C
:1035D00002D1012005B030BD0822FF2101A81AF058
:1035E0000EF804460028F4D1BDF80C0001A9FFF73D
:1035F00095FF024B43F820502046EBE7E4220020E1
:1036000038B50B4B04461B780D46834204D840F274
:103610005B210848E8F780FD074804EBC40400EB91
:1036200044002946BDE83840082206301DF0DFB8C6
:10363000C9550020A36604085043002070B5044615
:1036400008460E461AF01CFBFF28054610D02046FF
:10365000FFF7EAFDFF2807D0084B1B7823B9084B7A
:1036600053F8202043F8252021462846FFF7C8FFBD
:1036700031462046BDE87040FFF72ABFF1550020D3
:10368000E42200202DE9F843002680460127344635
:10369000114DDFF84C9099F80030A34210D83E430A
:1036A0000134E4B21A2C4FEA470705F11205F2D1B2
:1036B0004FF0FF30094B1B7898403043BDE8F8834A
:1036C0002B884345EBD028461AF03FFB0328E6D869
:1036D0002B796F2BE3D8E3E750430020C955002036
:1036E0008549002010B5084C00EBC00004EB4004F5
:1036F00023795B0707D120461AF027FB237923F0B3
:1037000007031843207110BD50430020044B1B7861
:10371000033B012B86BF034B18780020704700BF86
:103720008C4900208549002038B5144B0C461B7885
:10373000834220D9124B1B78033B012B1BD9114B21
:1037400000EBC00003EB400533F8103028460B8037
:103750006B881B0A8B701AF0F8FAE0702B79A91DA0
:1037600003F007021B09227163710822A01D1DF0DE
:103770003EF8002038BD0120FCE700BF854900204D
:103780008C49002050430020072805D8C30703D5E3
:10379000024B18700020704721207047F25500201E
:1037A000014B1878704700BFF255002018B1072868
:1037B00005D8C30703D5034B18700020704721209C
:1037C000704700BFE4490020014B1878704700BFE4
:1037D000E4490020014B1870704700BFF1550020EC
:1037E000014B1878704700BFF155002070B51A489A
:1037F000FEF77AF8194B1B78033B012B28D805F00C
:10380000EDFC03F083FCBDE870404FF47A511248A0
:10381000FDF7CEBF23798F2B4FEA131111D8013159
:1038200020461AF0C2FA062901D8032909D12379C2
:10383000002223F007034FF6FF710F20237115F0CC
:103840001FF9123401353278EBB29A42E2D8D6E74A
:103850000025034C034EF6E7F05200208C4900206F
:1038600050430020854900200022084B1878084B5F
:10387000D1B2884203F1120300D8704713F80D1C2F
:10388000013221F0100103F80D1CF1E785490020F9
:10389000504300202DE9F04702261227DFF85C9004
:1038A000DFF85C8099F8004000250CE007FB05F389
:1038B00038F803A0002150461AF05CFA10B15CB150
:1038C000013CE4B2013599F80030EAB29342EDD8F8
:1038D000A34204D14FF6FF7A5046BDE8F08715F0B9
:1038E00006F999F80030012EA3EB040390FBF3F2E4
:1038F00002FB1300C4B2EDD00126D5E785490020B4
:103900005043002010B504461AF0BAF9FF2808D138
:1039100020460CF081F8FF281FBF024B1B78C0180F
:10392000C0B210BDC9550020044B00211A78044BC9
:1039300004481B781A4492001CF073BFC95500203C
:10394000D0550020E422002010B5134B0C461B7804
:1039500086B0834212D9114900EBC00001EB40014F
:103960000822204606311CF042FF00220821204692
:1039700019F045FE80F00100C0B206E0C01A01A9AE
:10398000C0B20CF09FFC10B1002006B010BD01AB1E
:1039900003CB20606160E8E7C95500205043002058
:1039A00008B5074B024653F820308B4206D9152044
:1039B0004FF6FF7115F064F8002008BD0120FCE708
:1039C000E4220020024B013143F82010704700BF71
:1039D000E42200202DE9F34781460C4600272A4EB9
:1039E000DFF8ACA09AF80030FDB2AB4210D86946BF
:1039F00020461BF0DAFCC0B30822694648461CF09A
:103A0000E6FE90B3494620461AF0D3FCFE2537E087
:103A100006F106080822414648461CF0D8FE90B937
:103A20004FF6FF739C422BD03388A34228D0204608
:103A30000BF0F2FFFF2814D14946204602B0BDE842
:103A4000F047FFF76BBD14B912360137CAE7338868
:103A5000A342F9D100220821404619F0D0FD0028E8
:103A6000F2D12846FFF730FCCCE7494600200BF0A6
:103A7000A3FFFF28054603D0044B1B780344DDB2A7
:103A8000284602B0BDE8F08750430020C955002009
:103A90008549002008B5FFF7E7FE054B1B78013B81
:103AA000012B03D8BDE808400CF0F8BB08BD00BFEF
:103AB0008C4900200F4B1B7883420CD8C01A0E4A49
:103AC000C0B232F81030D90411D443F4805322F834
:103AD000103001207047094B00EBC00003EB40039E
:103AE0005A79D10603D442F010025A71F1E700204E
:103AF000704700BFC9550020704600205043002089
:103B000038B505460C46FFF78FFBFF280ED1294636
:103B100000200BF051FFFF280CD0074B074A1B7801
:103B2000034452F823300020236038BD034B53F880
:103B30002030F8E72D20F8E7C9550020E4220020C6
:103B400038B505460C46FFF76FFBFF280DD1294617
:103B500000200BF031FFFF280BD0074B074A1B78E2
:103B6000034442F82340002038BD044B43F8204072
:103B7000F9E72D20F8E700BFC9550020E422002016
:103B8000F0B5134B06461B78FBB100251148DFF852
:103B90004CC090F800E0104807781F44E8B2864512
:103BA00001D80020F0BD7C1B94FBF3F003FB104414
:103BB0000CEBC4003CF83440B44204D1002AF1D1EB
:103BC00084788C42EED00135E8E71846EAE700BF7A
:103BD000CB550020742C002083490020D0230020E6
:103BE00070B514F067F914250F49104E0B78328820
:103BF00030809B1A03449BB2B3FBF5F405FB1433EE
:103C00000B700B49E2B20B78934292BF00239B1AD0
:103C1000DBB2032A0B7088BF002306499EBFD20087
:103C20000B68D3400B6070BDE749002006470020B9
:103C300082490020742C0020084B1868084BC2B23F
:103C40001B789A4208D2074BC0F307201B78984292
:103C500034BF00200120704701207047742C0020E1
:103C6000CB550020E6490020F8B505461746FFF77A
:103C7000E3FF064610B9184B1A783AB92120012201
:103C80004FF6FF7114F0FCFE0020F8BD1348DFF87A
:103C900054C003780133B3FBF2F402FB1433037016
:103CA0000F48DCF8002000EBC30420F8335002F189
:103CB0000132A1703846CCF80020FFF7E3FCE67033
:103CC000606019F059FDA84201D10120DDE7E378D9
:103CD0000133E370F9E700BFCB5500208349002092
:103CE000D0230020742C002010B50B4C0B4A2378F5
:103CF000063B137014F0DEF80022094BFF211880F8
:103D0000084B09481A602278D2001CF08AFD042270
:103D1000064B1A7010BD00BFCB550020E6490020AD
:103D200006470020742C0020D02300208249002068
:103D300004289FBF034B1870034B002094BF1970D9
:103D400021207047E5490020F355002048B139B1E2
:103D5000044B1B780B70044B1B78037001207047D9
:103D600008467047E5490020F35500202DE9F84347
:103D7000074614F09BF805461B4819F0EDFB1B4B5A
:103D800060B31C683C1B2C44A4B20022184BDFF823
:103D900068901B78174D03EB830399F8006005EBDF
:103DA00043055FFA82F846450AD9AB8805F10A0057
:103DB000A34216D90A23B21A29465A431CF017FD0A
:103DC000013689F80060AC80B8F1000F03D13946A4
:103DD0000548FDF7EDFC2846BDE8F8833C461D602C
:103DE000D3E705460132DCE710530020FC37002002
:103DF000E9490020B0420020EA4900202DE9F74FB0
:103E0000002414F053F8DFF8BC80A24698F800E0D4
:103E1000A3467246DFF8B0901FFA80FC0746264E94
:103E2000B9F800003178ACEB00039BB2234D00934E
:103E3000A0EB0C0001EB810305EB430301905FFA5B
:103E400084FCF4451AD3BAF1000F00D031707245EA
:103E500004D2002088F80020FCF724FB98F80030FA
:103E60003BB30A223378164802FB0355A988C9F8E8
:103E7000007003B0BDE8F04FFDF79ABCB3F804C082
:103E80000098844510D84FF0010A93F802C0013120
:103E90000CF1FF3C013AA3F804B083F802C0C9B2A8
:103EA000D2B20A330134CAE701988444A3F804C0AB
:103EB000F7E703B0BDE8F08FE9490020B0420020E9
:103EC00010530020EA490020FC37002030B51E4A7C
:103ED0001E4C137885B0013BDBB21370206861681B
:103EE00001AA03C2218920461180194A04F10A015E
:103EF000127813440A225A431CF079FC9DF80640BC
:103F000014F00F050FD1BDF80C000EF093FD24093D
:103F10002A460CBF01210021BDF8040005B0BDE810
:103F2000304003F007BEBDF80800FFF71FFF03464F
:103F30008288ADF8082001AA03CA12881860596067
:103F40001A8105B030BD00BFE9490020B042002011
:103F5000EA490020F8B50024084D094F094E3B7886
:103F60003178E2B20B449A4204F1010400DBF8BD5F
:103F70002846FCF7DDFF0A35F1E700BFB04200201C
:103F8000EA490020E949002070B5124B06460D466B
:103F9000104611491A78114B09781B780B4493424B
:103FA00006DB1F204FF6FF7114F06AFD002070BD84
:103FB000FFF7DCFE013506808570044613F071FFC3
:103FC000E0800EF03DFD20810020FCF76BFA01201F
:103FD000EDE700BFC8550020EA490020E94900206C
:103FE000844600230A222DE9F047DFF86480DFF8D9
:103FF000649098F8007099F80050134907EB050E8B
:10400000DCB274451DDA02FB04F631F806A0013378
:10401000E24501EB0600F3D1631CAEEB03030A3665
:104020005A4331441CF0E3FBA5428BBF05F1FF3539
:1040300007F1FF3789F8005088F800700CB9034B7E
:104040001C70BDE8F08700BFB0420020E8490020A6
:10405000EA490020E9490020044B054A1B78127800
:10406000D3420CBF01200020704700BFE949002067
:10407000EA490020024B1878003818BF0120704729
:10408000E9490020002108B5094B0A4819700A4B7C
:1040900019700A4B19700A4B1A7802EB820252000F
:1040A0001CF0BFFBBDE808400648FDF71DBC00BF83
:1040B000EA490020B0420020E9490020E8490020F8
:1040C000C85500201053002010B50B4C23784BB17D
:1040D0000A4803F0BFFE58B1084B0121188819F0B7
:1040E0001DFD08B9002010BD0122054B1A70FAE72A
:1040F000FFF7ECFEEAE700BFE9490020B0420020EC
:10410000E849002010B50E4B1B78B3B10D4C238845
:1041100083424FF0000310D10B4A137049B9A378C2
:104120001033A3701AF078F818B9A37823F00F03AE
:10413000A370FFF7CBFE012010BD1846FCE700BFBF
:10414000E9490020B0420020E849002070B592B053
:104150000C46064614F08EFCE17A05460020FBF77B
:1041600001FE28B394F90A0019F057FA10BB134B5B
:10417000E27A294683F8D420A27A83F8D6206A46C8
:10418000FCF786F94FF6FE739E420CBF4FF6FF73A5
:1041900023896A4629460020ADF80660ADF8043050
:1041A000FCF78AFC40B92289054B5A8012B070BDD9
:1041B0005520FBE75620F9E72120F7E7903600204D
:1041C0000038002010B504460146082209481CF0BA
:1041D0000EFB237B022B0AD8002B14BF31220122B5
:1041E00005490B7017234B61044B1A7010BD002357
:1041F0000122F5E704380020003800208B49002018
:10420000014B5861704700BF00380020014B1878FF
:10421000704700BF0038002010B5054C2378112BE3
:1042200003D0D6210348E7F777FF4123237010BD61
:104230008B490020AE660408064B01461B78042B10
:1042400004D1054A137E0533137670470348FDF702
:10425000AFBA00BF8C490020003800203053002046
:1042600008B50648FCF764FE0548FCF761FE0FF050
:104270000FF8BDE8084001F0A3BB00BF00470020D5
:1042800030470020064B1878332806D000F0EF00A6
:10429000A0F143035842584170470120704700BFC6
:1042A0008B490020002208B5074B4FF6FE701A70AC
:1042B00019F06EFA4FF6FF7019F087FA034B586940
:1042C000BDE8084014F069BC8B490020003800208C
:1042D000014B1878704700BF8049002008B5064B95
:1042E000187838B10548FDF74FFA4FF47A73B0FBF0
:1042F000F3F0C0B208BD00BF80490020342C00207C
:10430000014B187C704700BF003800202DE9F043B6
:104310008BB00746154698460E469DF8489049B919
:10432000104605AC0BF078FB21460BF0CBFF1728AD
:1043300018BF2646B9F1000F0AD1124B1B781BB9E2
:1043400028461BF057F8D0B92846FDF721FE02E0B9
:1043500028461BF04FF880F00104E4B29DF850307D
:104360002A4602939DF84C303146CDE900933846F9
:104370004346039419F060FD0BB0BDE8F0834C4652
:10438000ECE700BF874900202DE9F04F97B0994630
:104390009DF88830BDF880B0219D08939DF88C3041
:1043A0000E4658460FA9049207931BF027FD05B34C
:1043B000002800F0208195F801A00FACCAF3400A54
:1043C0008E4B19F0800F1B7814BF4F4649F08007C1
:1043D000022B17D04FF6FF78002D40F08781022581
:1043E00058461BF035FB2B464246214619F094FAFD
:1043F000BCE058461BF0ADFB0446002800F0FB80F3
:10440000AA46DDE71EB97E4B1B78002BE2D00DF1EA
:104410003A012046FDF7F4FF58461BF0ADFB01289A
:1044200038BF0120C3B2059395B3281D15F032F8AB
:10443000804609F002032046069319F078F92146D8
:104440000990814600200BF0B7FA069A099B12BB2F
:10445000FF2820D1ECF7C0FA6A4A1278824200F0B5
:1044600032814FF6FF72099B934214D1FDF734FD60
:10447000002800F028814FF6F773984523D919F0EA
:1044800068FF11A98146FDF7E1FF0028F7D02EE073
:10449000BDF83A80CDE74FF6F772904520D89342A9
:1044A00011D898450FD0194622460AA8FDF7CAFC34
:1044B0000A980B9913AB03C3BDF83020022113A84F
:1044C0001A80FDF747FE404611A9FDF7BFFF0246DF
:1044D00028B9082111A819F092F8002866D0C14621
:1044E0004FF6F67209F1FF339BB29342C7D8BAF187
:1044F000000F03D1444B1B78002B60D158461BF0B2
:10450000A7FA059B4A4601930123214600933B46A7
:10451000FDF7F2FD4FF6FF739842804600F0D3801E
:10452000014600220AA8FDF78DFC0A980B9913ABEF
:1045300003C3BDF83020022113A81A80FDF70AFE3C
:10454000002D3FF44DAF002E40F0D28045460123B0
:10455000C7F3C0074246CDE9016321462B460498C4
:104560000397CDF800A019F067FCA846BAF1000F38
:104570000FD04FF6FF7398450BD040460BF04CFA26
:10458000FF281FBF214A32F8103023F4804322F85D
:104590001030089B7BB319F0EFF8249B0146009381
:1045A0004246234607980DF03FF824E008222046B3
:1045B00011A91CF00CF900287FF461AF8FE7002DE2
:1045C00064D0134B1B68980727D5049B0F2B21D071
:1045D000281D14F05FFF02230121CDE901310023E2
:1045E000C7F3C0070246009321464FF6FF730498B5
:1045F000039719F021FC17B0BDE8F08F8B4900201C
:10460000804900208449002087490020704600200E
:10461000882C0020079B012BDAD1281D14F03AFFCB
:1046200080460BF0F9F90990404619F029FB4FF646
:10463000FF71BDF83A208A4256D04245099B53D1BA
:10464000FF2B4AD018461AF01EFF784010F0EF0FEB
:1046500014BF01230023BDF83A0009930BF0DCF9E5
:104660000690BDF83A0019F00BFB099B66B14FF6B6
:10467000FF7CBDF83A10614506D0414504D0069A4A
:104680000240D2B2FF2AA3D1002BA1D12246494633
:104690000AA8FDF7D7FB0A980B9913AB03C3BDF823
:1046A000302058461A801BF0D3F93A460146059B44
:1046B00013A8FDF7EBFC30B94FF6FF73BDF854803B
:1046C00098457FF43DAF4FF6FF789DB10126281D38
:1046D00014F0E0FE4546804639E7FF2804D0069BEB
:1046E000B3FA83F35B09B6E70023B4E70226EEE7EB
:1046F0000026ECE7012573E60022014B1A7670478D
:104700000038002008B50B4B1B78022B10D10A4B48
:104710001B78033B012B0BD9084B187800F00100E4
:10472000FDF766FF0023064AC2E90133538008BD46
:104730000020F3E78B4900208C49002080490020AD
:104740000038002038B5174D2B78033B012B1CD8BF
:10475000154BB3F8E4204FF6FF739A4215D10320AE
:10476000FDF710FA02F0C4FCFFF7CCFF2B78033BF7
:10477000012B01D909F000FA0020FBF7AFFA78B15C
:10478000BDE83840002018F078BCFDF7E5F9044694
:10479000FDF7DCF90146204608F05CFC0220DFE76B
:1047A00038BD00BF8C4900209036002008B5114A62
:1047B000114B58611378032B1BD0D3B1332B01D08D
:1047C000432B10D10D4B1B78033B012B05D8032342
:1047D0001370BDE8084014F0E0B914F0DEF9BDE84C
:1047E0000840FFF7AFBF21231370BDE8084002F077
:1047F00077BA08BD8B490020003800208C49002082
:1048000038B504461348FDF76FF8134B1B78013B8E
:10481000012B1DD8114D5CB92B7823B140F61940FE
:104820002C7014F0BAF90024FFF76CFF204638BD55
:10483000FF2C05D04FF47A7106486143FCF7B8FFAE
:104840002B78002BEFD1012340F618402B70E8E7BE
:104850000224E9E7342C00208C4900208049002004
:1048600038B504460D46FDF7D9F928B13DB12046CB
:1048700019F03BFC002038BD024B1C70FAE7022007
:10488000F9E700BFED49002038B5114D04462B78FB
:10489000834218BF28700FF085FD80B124B92046EF
:1048A0000FF07AFD02220DE001200FF075FD2B784C
:1048B0001A1F012A05D9062BF4D1032202E0002C8D
:1048C000F5D10122BDE838400021084619F0BDB9F4
:1048D0008C49002030B5044685B068460D4619F075
:1048E00095FA94B100212846144A19F0EFFB144BB5
:1048F00020681B7861688DF80430124B1B788DF8A6
:10490000053002AB03C306F0ADFB0F4B93F8D42088
:1049100093F8D6308DF803208DF8023018F049FF57
:10492000ADF8000018F028FF1023ADF806000722AC
:1049300069460020FDF752F805B030BD00F8FF07CA
:10494000C44800208C4900209036002010B5144B3C
:1049500004461A78134B002083F8D420FBF7BEF9E5
:1049600010B1002018F089FB00210846FFF7B2FFC4
:104970000D4B1B78033B012B0ED80EF06BFC204631
:10498000FCF7D4F840F6174014F007F90023074A63
:104990001380074A138010BD0BF00CFEEFE700BF39
:1049A000EB490020903600208C490020BC460020B6
:1049B000BA46002010B5014604460020FBF7D2F9A4
:1049C00090B10C4B1B78023B032B0FD80A4B1C7089
:1049D0000DF06AFD60B9094A0949FBF7BDFD0038D1
:1049E00018BF0120800010BD5520FCE70220FAE727
:1049F0004D20F8E78B490020EB4900200D83020889
:104A00004D490208F8B506460DF04EFD044668B95A
:104A1000FBF764F950B1064D204695F8D47085F83F
:104A2000D46018F02AFB10B185F8D4704D20F8BD81
:104A3000903600202DE9F04180461846033B012BBB
:104A40000E46174602D918B121243CE0FFF71CFF9F
:104A5000294B1B78012B4CD0284B1D78022D08D0F8
:104A6000032D46D1B8F1000F03D1254B1B689B07DE
:104A70003FD43320FDF786F801F08AFDB6F1006FD0
:104A800034BF204B052231464FF0060038BF1A785C
:104A9000FEF760F9044628BB1B4D2873012000F087
:104AA000C7FF18F086FE68802846B8F1000F0DD0C9
:104AB000022300F8043B19F056FA6C732F61394653
:104AC000304614F022F82046BDE8F081012300F8BA
:104AD000043B19F048FA6C732F613946304614F0E4
:104AE00013F8F0E72846FDF74DF8B8F1000FF4D0C1
:104AF000E5E70224E7E700BF8C4900208B4900204E
:104B0000882C0020F455002000380020034B187832
:104B100018B9034B034A1B78D05C70478A490020C0
:104B20008C4900209C67040838B5174B04461B7855
:104B3000033B012B06D8437BDB0703D590F9090023
:104B40000EF0D2FA0025114B83F8D5502079FFF7EB
:104B500059FFFFF7DBFF6188248803462246284679
:104B6000FDF760FD044620B11720FFF71FFE204629
:104B700038BD1723064DC82106486B61FCF718FEA7
:104B800003232B76F3E700BF8C49002090360020EA
:104B90000038002030530020F0B51A4D06460C4670
:104BA00093B0A5F8E40005F1E60729BBC5F8E610C7
:104BB000796013F05FFF6A4601460020FBF768FC4E
:104BC000D5F8E630ADF81060CDF812307B68CDF83E
:104BD000163013F04FFF6A4601460020FBF76CFFCA
:104BE0004FF6FF73B5F8E400984203D014B10649BC
:104BF00013F08EFF13B0F0BD082238461BF0F7FD0E
:104C0000D7E700BF90360020763700202DE9F0412D
:104C1000DFF8B8801F4698F8003005460C46164667
:104C20001BB102252846BDE8F081531E052BF8D89C
:104C30000DF03AFC0028F4D13B7B032B14D14FF646
:104C4000FE739C4212D1012E09D0022EE9D118F038
:104C500093FD4FF6FB73984203D818F08DFD044680
:104C600004E019F076FBFAE7012EDAD0EDB9394607
:104C70002046FFF76BFA05460028D3D198F800309C
:104C8000332B03D0532B1CBF0E4B18613046FFF75C
:104C9000FBFD00214FF6FF70FFF77EFF0A4B1B78EC
:104CA000002BBFD00BF05AFCBCE7397B721ECB1E29
:104CB000594259415042504107F066FA05460028D2
:104CC000D5D0AFE700380020F55500208B490020F3
:104CD000F0B50C461E46184B074687B001F114008C
:104CE00051F8045B814243F8045BF9D16D460988B1
:104CF0001980D4F80E00D4F81210238803C5ADF83B
:104D0000083023798DF80A208DF80B3000233A46BD
:104D10008DF80C304FF6FE716B460120FFF776FFE1
:104D200040B96846FFF74EFA2046FFF7FDFE08B986
:104D3000024B1E7007B0F0BD08470020EC49002070
:104D40001FB5144B04461B88DB0707D44FF6FF70D2
:104D50000021FFF721FF002004B010BD0A2301202D
:104D60001A4601A9FCF73AFE4FF6FF73BDF80C2076
:104D70009A42EBD00822FF2101A818F040FC00283D
:104D8000E4D10CB90120E7E7BDF80C0001A9FFF759
:104D900003FFF7E72047002038B50C46154618F00A
:104DA000F7FC04F0C3F829462046FFF7F5FE00F0B3
:104DB00039FE48B1074BDB790E2B28BF0E23013398
:104DC000DBB2054A137038BD044B1B78013B18BF9A
:104DD0000123F6E708470020044A00208C49002000
:104DE00038B500220821044618F009FC0546C8B968
:104DF00018F0C2FC2A464FF6FF71FFF7CDFF2046A0
:104E0000217CFFF767FD6269E189207C19F05EF97A
:104E1000054B1B78012B01D107F020FBFFF792FC1B
:104E2000002038BD0120FCE78C49002038B5274B15
:104E300004461B780BB1022038BD4FF6FF73028980
:104E40009A42F8D00DF030FB0028F4D1204D2B68A9
:104E500013F0020007D018F08FFC4FF6FE73984253
:104E600001D119F076FA2146FFF770F90028E3D155
:104E70002B689B074CBF02200120FFF705FD002196
:104E8000012007F081F90028D6D1124B1B780BB115
:104E90000BF064FB00220821204618F0B0FB58B943
:104EA0000D4B20461B7823740C4B63610023E38178
:104EB000BDE83840FFF794BF0421204613F019FEE7
:104EC0000028EDD040F61240B6E700BF8B49002025
:104ED000882C0020F5550020ED49002000F8FF0740
:104EE00070B5264B05461B780E4613B102242046AA
:104EF00070BD4FF6FF7302899A42F7D00DF0D4FAD5
:104F00000028F3D118F038FC4FF6FE73984201D117
:104F100019F01FFA2946FFF719F904460028E6D1CF
:104F2000EEB10520FFF7B0FC0121002007F02CF9BD
:104F300004460028DBD102460821284618F05FFB12
:104F400078B90F4B28461B782B740E4B6B610023EE
:104F5000EB81FFF745FF044666B905200BE006200C
:104F6000E0E70421284613F0C4FD0028E9D040F60C
:104F70001244BCE70420FCF705FEB8E78B4900208B
:104F8000ED49002000F8FF0738B51D46FFF73EFE4B
:104F90000446C8B92B7B2846032B03D1BDE8384013
:104FA000FFF71EBFFFF70EF9084B25469C8118F04E
:104FB0005DFB0121064B81401A780620FDF7CAFEF1
:104FC000044608B1034B1D70204638BD0038002050
:104FD000F45500208B49002030B5012087B0FFF741
:104FE000AFFE6B460446144A1068516803C384B987
:104FF00006F046F802A818F009FF4FF6FF752246A2
:10500000BDF80E002946FFF7C7FEF7F723FB07B0F0
:1050100030BD6B46094AD2F8E600D2F8EA10B2F881
:10502000E45003C306F02CF802A818F0EFFE6A461D
:10503000BDF80E00E6E700BF0C64040890360020BF
:1050400073B53A4B04461B781BB10224204602B0CC
:1050500070BD0DF029FA0028F7D100F0F3FC14B16F
:105060002288334B1A8000210DF10700FCF70AFE5D
:10507000002856D118F068FF04460028E6D12D4DCF
:105080009DF80700FFF700FC2B785A1E012A1FD855
:10509000FFF7A2FF2B78033B012B01D801F01EFA8A
:1050A000FFF750FB012018F0A8FA034600283AD178
:1050B0002A78033A012AC9D81D4A108810F002053F
:1050C00021D0052201201C49FFF7B4FC0446BDE7AE
:1050D000033B012B04D82046FFF732FE0028D7D12E
:1050E0002B78053B012BB1D8FFF776FFFFF72AFBA2
:1050F0002B78052B0CBF04200520FCF743FD012075
:1051000018F07BFAE2E70D4E02230B223146012014
:10511000FCF764FC33885B0798D5284601F0F2F968
:1051200094E7172492E7044690E700BF8B490020DC
:10513000204700208C49002000F8FF07B8460020D7
:1051400001232DE9F347614D074688460020604959
:1051500014466B7300F03AFC0FF0DEFA5C4E38B97F
:10516000012F01D9042F10D12146404613F007FD2D
:10517000102000210AF056FD002800F09E8000203B
:1051800002B0BDE8F047FBF78DB9002CF0D1514BD0
:105190001B78212B03D0062B01D0532B02D101F019
:1051A0009FFDE5E7FCF7E2FD0028E1D000F03AFCC6
:1051B00028B9287BC0F11800FFF7F8FAD8E7464B6A
:1051C00031462046019300F001FC20B140F2F57118
:1051D0004248E6F7A1FF3D49307B01AA14F0E0F810
:1051E00095F80090B9F1000F03D13948FFF79CFC06
:1051F000BEE7DDF804A018F0BFFADFF8EC80044643
:1052000098F80030033B012B06D8737BDB0703D5EE
:1052100096F909000DF068FF3079FFF7F3FB0021E4
:105220007088FFF7B9FCFCF7A1FD2D4F60B14FF678
:10523000F672631E9BB2934206D919F08AF8B7F84A
:10524000E43004468342F8D0204618F0A1FA3088B2
:1052500018F0BBFA4946B7F8E400D047044608B94D
:105260001920A9E7B7F8E4101AF031FC002387F8F9
:10527000D5302B7803F0FB03022B02D0204618F028
:10528000CBFD002220461146FEF77EFE98B1172383
:105290006B6198F80030042B06D1C8211148FCF747
:1052A00087FA03232B7663E74FF416710D48FCF75A
:1052B0007FFA0023F6E717207EE7FEF7DBFE0028E3
:1052C0007FF45DAF02B0BDE8F08700BF003800207A
:1052D000084700208B4900207DDF0308AE660408E4
:1052E00090360020305300208C4900207FB50024E8
:1052F000184E194D3278E3B29A4201D804B070BD0D
:105300004FF6FF73B5F8E4209A421AD0134B1B886E
:10531000DB0714D5124AB5F8E43010685168ADF8CF
:105320000C3001AB03C30A2300201A4601A9FCF785
:1053300055FB02230B2200200A49FCF74FFB0134E6
:10534000D8E700220821064818F059F90028F6D1BC
:10535000DCE700BFCA55002090360020204700201F
:1053600076370020B846002010B501F011F902F0A0
:105370008DF8D8B10E48FCF7B7FA0E480E4C017AFA
:105380000E30FFF7A7FA23781BB100F0FDFA0023D7
:1053900023700022094B1A73FFF7D4F908F004FEBA
:1053A00001F080F9BDE81040FFF7A0BF10BD00BFBD
:1053B0003053002008470020EC490020003800202E
:1053C00010B51B48FCF790FA02F060F830B1194BA9
:1053D0001B781BB9BDE81040FFF7C6BF02F056F8B6
:1053E00078B1154C237E83B1C8211148FCF7E0F950
:1053F0000021237E0846013B2376BDE81040FBF7E1
:10540000C3B8FCF7B3FC0028EBD1FCF7AFFC38B90C
:105410000A4B1B78112B03D003F0FD03412B05D160
:10542000BDE81040044B5869FFF7C0B910BD00BF7C
:105430003053002087490020003800208B4900208D
:105440002DE9F04F0F4685B002AD04462946384697
:1054500091461AF0D3FC4FF0000B82463846CDF847
:1054600004B01AF0FDFB4678022C804606F00206D6
:1054700009D85CB1FCF77AFC0446002848D1754B8A
:1054800001241B7865E0043C022C3AD9FCF76EFC41
:1054900038461AF05EFB00240546A046DFF8D8A186
:1054A00038461AF0DDFB50F809300DF10500019384
:1054B00013F0F0FF9DF807B00746B8F1000F4DD18B
:1054C000BBF1000F5BD0DFF88C9199F800300BB185
:1054D000002E63D0002C61D05F4B1B78022B5DD176
:1054E000BBF1000F53D1384618F052F958465946CF
:1054F000FFF7F0F908F058FD40F6074013F04DFBB8
:1055000034E018F0D1FCFCF731FC0446F8B15C46FD
:105510004EB1524B1B78012B02D0043B012B0BD810
:1055200005B0BDE8F08F4B4B1B782BB14B4B1B7874
:1055300003F0FB03022BF3D0BAF1000F404608BF83
:1055400000251AF04EFC4FF001088246A8E7414BB7
:105550001B78002BF0D0002EEED1E1E7BAF1000F5E
:10556000AED05046FDF708F80028A9D10020FAF780
:10557000B5FB0028D4D0002017F07FFDD0E74FF610
:10558000F7739F429FD91720FFF710F9EEE7FCF75A
:10559000EDFB48B13248FCF7A7F9F4E7FCF7E6FB6E
:1055A00010B1BBF1000FF5D1FCF7E0FB0028DDD016
:1055B0002846FDF739FEFF28DFF89CA0294C03D0D0
:1055C0009AF80030012B04D12946B4F8E400FDF725
:1055D000A5FFFEF787F82A463846B4F8E410FFF72F
:1055E000DBFB214B214A93F906301B0213809AF80A
:1055F0000030012B19D0312B14BF432311238AF81B
:1056000000301B4B16481968FCF7D2F800F066FF13
:105610000023124C99F80010237641B91048FCF78A
:10562000C7F840F61B436361A0E71123E7E7B8F131
:10563000000F03D016B1FFF797FEF2E70D4B1B7872
:10564000042BEED105210648FCF7B2F80923237696
:10565000E7E700BF874900208B4900200038002081
:105660003053002090360020084700201E470020BD
:10567000505300208C490020D74900202DE9F043E9
:10568000084693B00D461AF0EBFA09220021804635
:10569000FAF7DCFE044628461AF05BFA05220746B4
:1056A0000DF1090328460AA90EF048F802288146A0
:1056B0001CD09DF8093029461C44E4B204F11002C4
:1056C00000230120D2B218F8046012F0C7FF68B1BD
:1056D000072E09D856B1013E062E07D8DFE806F09E
:1056E0000918068A062541007C2E45D013B0BDE876
:1056F000F0835B4B1B78013B012BF7D828461AF04F
:10570000A7F900232A461946009418F0D1FBEDE7CB
:10571000544B1B78012BE9D1534B18780028E5D165
:1057200022462946FFF78CFEE0E74D4B1B78013BF4
:10573000012BDBD838460AF01DF94FF6FF7398426B
:10574000044606D028461AF083F92246394618F056
:10575000D2F8444B1B78022BC8D1384613F00DFA0F
:10576000C4E73F4B1B78013B012BBFD84946284675
:105770000AAA00F079F9B9E7394B1B78013B012BF4
:10578000B4D8A04498F8012098F80230652AADD129
:105790006D2BABD12846FBF7C1FD1334E4B2844234
:1057A000A4D20822394603A81BF021F82146284636
:1057B0000DF10A021AF06CFA002897D1BDF80A30F0
:1057C000002B93D005A809F029FC0123274DBDF833
:1057D0000A002B70FBF7A2FD0446BDF80A00FBF798
:1057E00081FDE2B2034605A903A813F09AF900234C
:1057F0002B707BE71A4B1B78013B012B3FF676AFF2
:10580000062200214046FAF721FE404413F042FEF2
:105810000746FCF72FFB044600287FF467AF2846B5
:105820001AF011F9C3047FF561AF46F204030121B8
:10583000ADF8143038460223CDE9004405AA1AF029
:1058400076FA064600283FF451AF39461AF03FF980
:1058500028461AF0FDF822463146FCF705FF45E7D9
:105860008C4900208B490020003800201F4A00206E
:1058700008B5084B187050B1074B1B883BB14FF46B
:105880007A7106485943FBF793FF002008BD0120B9
:10589000FCE700BF7E49002090550020342B0020FB
:1058A000014B1878704700BF7E49002008B5FCF70F
:1058B0001BF80022014B1A7008BD00BF7E49002072
:1058C000022881BF4FF47A735843034B18608CBF92
:1058D00000202120704700BF50530020014B187852
:1058E000704700BFEE490020014B1870704700BFA1
:1058F000EE490020034B18684FF47A73B0FBF3F0C5
:10590000C0B270475053002010B50B4B0B4AB3F98F
:10591000004092F9001053884CB1B1EB242F06DD02
:1059200043F04003538001704380002010BD23F0FA
:1059300040039BB2F6E700BF1E47002092550020AF
:1059400007B5074B8DF8070018700D2201230020C2
:105950000DF10701FCF742F803B05DF804FB00BF4E
:105960009255002038B5074D044695F9003090F95E
:105970000000834201D0FFF7E3FF638800206B80C3
:1059800038BD00BF9255002010B50024044B0548D7
:105990001C80054B1C70FBF7A7FF204610BD00BF05
:1059A0002247002054530020F849002008B503483E
:1059B000FBF79AFFBDE80840FFF7E6BF545300200D
:1059C0000148FBF7B5BA00BF22470020F7B5134BDB
:1059D00004461B780E46EBB183421DD900211048C6
:1059E00017F09AFB002501460D4F09B9012009E087
:1059F000A54209D100243046162322460094FBF725
:105A000059FE204603B0F0BD384617F0DBFB0135E8
:105A10000146EAE71820F5E72720F3E7F8490020D8
:105A200022470020014B1878704700BFF84900203A
:105A300025289DBF024B187000202120704700BF11
:105A4000F7550020012307B518460D220DF1070177
:105A5000FBF7C4FF9DF80720024B1A7003B05DF8F6
:105A600004FB00BF92550020F8B507460E461446C9
:105A70001AF06FF81A4B05461B78022B2FD11948E4
:105A800017F06AFD58BB28460DF064FD38B3224676
:105A9000314638460DF080FD08B313F028F804466F
:105AA000384619F0D5FF104B012E1A784FF00F032E
:105AB00003FA02F39BB2B4FBF3F203FB124404F1CA
:105AC0000104A1B206D1094B094A1E702B6813606C
:105AD0006B6853600348BDE8F840FBF769BEF8BD4A
:105AE0008B490020542C0020F6550020F749002057
:105AF000EF49002084B010B502AC84E80F00082202
:105B000027480DF11601089C1AF061FE08BB9DF8AC
:105B100015309A0705D4234B1B7803F0FD03312B76
:105B20001DD121496378097803F00F028A4203D01E
:105B3000012922D1022A12D1227882B91B09022B13
:105B40000DD11A4BA0781B78022B1AD1C0F380001C
:105B500006E000220821124817F051FD20B900206C
:105B6000BDE8104004B07047114BBDF808205B88B9
:105B70009A42CCD0002BCAD0F1E70229EFD1012AFA
:105B8000D9E7030609D40B4BB3F8E420BDF80A307B
:105B90009A42E4D1FEF776FBE2E70120E0E700BF9E
:105BA000043800208B490020C44800208C49002084
:105BB0000038002090360020284BF0B55D88002387
:105BC00087B08DF80830264B0DF10B001B7805F0DF
:105BD000010743F020038DF8093018F0C4F96FF085
:105BE0007F43ADF813308DF8153018F064FA1D4B73
:105BF0008DF816001B7805F01006DB00DCB2EAF722
:105C0000EBFE194B1B7883422CBF44F0040344F095
:105C100084032FB1A9061ED426B143F0020301E08C
:105C2000AA07F9D4002108468DF80A30FBF720FCBA
:105C3000ADF8060058B101230F2202A90DF10600AC
:105C4000FBF7A6FC18B90DF1060013F0A6FBBDF892
:105C5000060007B0F0BD43F00103DDE792550020D8
:105C6000C4480020044A0020844900201FB50C4A83
:105C700001AB10685168127A03C3002109201A7021
:105C8000FBF7F6FB044640B1FBF72CFB034601AAE9
:105C900003CA1278186059601A72204604B010BD09
:105CA000BC66040810B5FBF71FFE0A4B1B78022BDD
:105CB0000CD1094B1B78033B012B07D9074C2078EB
:105CC00028B100201AF0CAF90023237010BD17F084
:105CD000E8FDF9E78B4900208C490020F7490020B6
:105CE00084B02DE9F04788B010AC84E80F00DFF8ED
:105CF00024A1454BBAF802209DF8459012F0010E00
:105D00009DF94A409DF85D809DF95E109DF86050B8
:105D10009DF962609DF946C09DF848701B7834D0AB
:105D20009DF86500C0F34002C0F38000002B48D00E
:105D3000364B1B78022B09D1B44242DB23D1E81B3E
:105D4000C0B280288CBF0020012015E0304B1B78AA
:105D5000012B00D1BAB178B19AF800301E335BB292
:105D60009942D4BF002101219C45D4BF00230123C7
:105D70008B4206D1B442E1DA08B0BDE8F04704B086
:105D800070470846F8E70020F6E7920718D5C3B138
:105D9000760814BF01200020640814BF01230023EB
:105DA0008342E9D1EB1BDBB2802B0AD9BD42EAD199
:105DB0008C4506DB25D1C1452CBF00200120DBE747
:105DC0000BB90120D8E7BD4204D18C45F9DB01D1E4
:105DD000C145F6D302AC16AE0FCE0FC496E8030051
:105DE00044F8040B2180DDE9140110AB0090ADF8FC
:105DF00004100FCB13F0CBFA0028E2D1BD429ED1A4
:105E0000BAE77046B8E700BFF84900208C49002087
:105E10008B4900209255002084B02DE9F04F8FB0BF
:105E20006A4E18AC08AD84E80F00162200212846FF
:105E30001AF0F7FC33783BB90024654B32781B78B5
:105E40009A4239D2002726E00021624817F064F90F
:105E500000270446B846DFF87C91002C45D13FB1BD
:105E6000224639465B4817F0E8F93378013B337036
:105E70003378002BE0D0002156484FF0000917F08E
:105E80004BF94F468046CA46DFF848B1B8F1000FDB
:105E90006CD1002FD1D01621002218A817F025F9B7
:105EA000014648B1002F00F08B802246494817F088
:105EB00060F9337801333370454B32781B789A425E
:105EC00007D944480022018817F0B7F93378013B1D
:105ED00033703378012B03D13F494048FBF768FC0E
:105EE0000FB0BDE8F04F04B07047002221462846AD
:105EF0001623CDF80080FBF7DDFB1622294618A8F3
:105F00001AF065FC0028EBD09DF864209DF8243041
:105F10009A4225D1BDF86020BDF820309A421FD1A9
:105F200008220DF12E010DF16E001AF050FCB8B9E7
:105F300002AF0DF1600CBCE80F000FC79CE8030036
:105F400047F8040B39800EAB13E903000090ADF85D
:105F5000041095E80F00FFF7C3FE0028C0D02746C5
:105F60002146484617F02EF9044676E7162300220C
:105F700041462846CDF800A0FBF79CFB02AF0DF18F
:105F8000600CBCE80F000FC79CE8030047F8040B47
:105F900039800EAB13E903000090ADF8041095E8CA
:105FA0000F00FFF79DFE074620B1B9F1000F04BFB7
:105FB000444681464146584617F004F9804665E755
:105FC0003A46044817F0AEF873E700BFF8490020DE
:105FD000F75500202247002020BF02005453002024
:105FE0002DE9F04F002104469FB010AF162238462D
:105FF0000E91CDE90C11CDF83B101AF012FC0522E0
:1060000020460DF11F0316A90DF098FB02288046CB
:1060100000F00381204619F023FE064613F03AFAF9
:106020008146F01C13F036FAADF84000701D13F0F5
:1060300031FAB8F1010FADF84200204640F0F0808F
:1060400019F00EFE05462046FBF74CF90D352D1ACA
:106050003B4621460820EAB212F000FB002800F07F
:10606000DC80204619F001FEB8F1010F83469DF84F
:106070004D3040F0EF80002543F001038DF84D30A6
:1060800016AE04953388022B58D1F17820460231A0
:10609000C9B2FBF74BFB1B2850D1F17820460331E6
:1060A000C9B2FBF743FB192848D1F17820460431E7
:1060B000C9B2FBF73BFB4A2840D14FF0050AF17803
:1060C000204601315144C9B2FBF730FBF1788046DC
:1060D00051442046C9B2FBF729FB00EB082083B2EC
:1060E00000F03F02932B059240F0A28096F80380C7
:1060F0002146D0445FFA88F808F10203DBB204932A
:106100000023049A00930CA80F23FBF7D3FA08F19D
:106110001101C9B2204617F057F908F113010546DD
:10612000C9B2204617F050F9ADF84200059B023382
:1061300053445FFA83FA33795345C0D806360DF1DC
:106140007603B3429ED19DF84D20C5F3C03363F36F
:10615000410220468DF84D2019F019FD8DF84400BC
:10616000204619F009FD8DF84500204619F009FD7B
:106170009DF83230BBF1190FC3F3C3028DF84720ED
:10618000DDF833208DF84600CDF84E20DDF83720BD
:10619000CDF8522094BF00229DF83E208DF8482073
:1061A00003F003028DF84A206F4A1278022A9DF804
:1061B0004D200CBFC3F38003DB0963F382026B4BFA
:1061C0008DF84D201B78022B59D1BDF8406017F097
:1061D000F0FA864253D108A817F0C5FEBBF1190F9B
:1061E0004AD908220DF14E0108A81AF0F0FA002849
:1061F0003FD1B9F5004F02D0B9F5624F0DD140F64D
:10620000FF7325F440459D4207D1002208210DF17E
:106210004E0017F0F4F9002841D01FB0BDE8F08F10
:1062200019F01EFD05462046FBF75CF807350EE722
:10623000412B7FF47BAFF178204602315144C9B243
:10624000FBF774FA4A4B1B78C3F1B30318448DF87B
:1062500049006BE76FF30003F01D8DF84D3013F02C
:1062600019F90CA90546204617F0CBFE002304932C
:1062700069E700F0F3FFBCE700F0F0FFCDE7B9F508
:10628000004F02D0B9F5624FC7D140F6FF7325F435
:1062900040459D42C1D1BBF1190FBED9B5E7BBF155
:1062A0001A0F06D004993A461F312046C9B213F09E
:1062B00076F8304C304D637BDBB12B78012B1DD150
:1062C000012323730CAB029314AC94E803000090F9
:1062D000ADF8041097E80F00FFF70CFC90B194E8BC
:1062E00003000090ADF8041097E80F00FFF794FD4D
:1062F00008E0FBF73BFD0028DFD0E1E703F0FD03FA
:10630000042BDDD02B78012B01D0042B85D11B4B26
:10631000DDF84E001B78DDF852108DF82230BDF804
:106320004030ADF820309DF84D30C3F340038DF878
:1063300023309DF8313003F00F038DF82C309DF899
:1063400048308DF82D3009AB03C30D4B1B681BB1D2
:10635000394608A8984760E79DF946209DF8451002
:1063600008A812F008FC58E78C4900208B4900204F
:10637000FF49002000380020E3490020FE490020AA
:10638000F03700202DE9F043424B434C1B7885B099
:10639000033B012B22D811F089FD2378022B31D148
:1063A0003E4A1468A0422DD03D4910600A68121B75
:1063B00010443C4A0860127872B1013A93403C2282
:1063C00053434FF47A72534398421BD9032005B0CC
:1063D000BDE8F043FBF7D6BB0A23F2E711F066FDF8
:1063E0002378022B0ED12D4A1568A8420AD0002727
:1063F000DFF8BC802C4E1060451B98F80030FCB2D2
:10640000A34202D805B0BDE8F08356F824302046F8
:106410002B4446F8243009F08FFBC3074FF00009E6
:1064200010D5204609F056FB70B156F82430242BC5
:1064300008D9102200232046CDF8009009F09AFBDD
:1064400046F824900137D8E7184B1B5D13F00F0373
:106450001FBF03F1FF32022393403C220CBF0A23EB
:1064600053434FF47A72534356F824209A42E9D9A1
:10647000204609F04FFA02A918F097FF28B12046EC
:1064800009F048FA02A912F044FB204619F053F82B
:10649000D8E700BF8C4900208B490020802C0020C9
:1064A0007C2C0020B5550020B02A0020C9480020CF
:1064B000D0550020064B1B88DB0708D50022054B72
:1064C00043F82020044A135C63F00F031354704711
:1064D00024470020B02A0020C948002008B511F048
:1064E000E5FC0022024B1860024B1A6008BD00BF99
:1064F000802C00207C2C0020014B1868704700BFC6
:106500007C2C002008B50C48FBF7EEF9FBF78EFB5E
:1065100080B10A4B0322B3F8E41001200CF0AAFD6D
:106520004FF47A71064B04481B885943BDE8084074
:10653000FBF73EB908BD00BF745300209036002021
:1065400072550020014B188000207047965500209E
:10655000044A054B1870138823F003031843108076
:106560000020704724470020B6550020024B1888B1
:1065700000F00300704700BF24470020034B188839
:10658000C0F30E00003818BF01207047B846002045
:1065900008B5FFF7F3FF30B10020044902230B22B6
:1065A0000880FBF71BFA002008BD00BFB84600209A
:1065B000024B1888C0F30E00704700BFB846002099
:1065C0000023084A01201370074A08491370084B3A
:1065D000084A1B7843F00403138002230B22FBF7C5
:1065E000FDB900BFFB490020FA490020B846002051
:1065F000B65500202447002013B514468DF8071027
:10660000CAB9CAB20E2A16D80D4B1B881341DB0734
:1066100011D509F001FAFF2801460ED09DF8072098
:10662000084B1A5401231B200DF1070211F0B1FC95
:10663000204602B010BD0124FAE70224F8E700BFAB
:1066400096550020C948002030B5012100240B23B5
:1066500085B0104D019400918DF80C308DF80D002F
:106660000323B5F8E40003AA8DF80E4019F05FFB90
:1066700068B1B5F8E41017F0CCFD40B10522064B27
:1066800064211A70054B06481C70FBF791F805B0A1
:1066900030BD00BF90360020FA490020FB490020A1
:1066A00094530020064B1B78033B012B06D8054B67
:1066B0001B781BB9044B1878FFF7C6BF704700BFA3
:1066C0008C490020F9490020B555002010B5154827
:1066D000FBF70AF9144B1978F9B9144A13787BB10E
:1066E000013B1370124B1B78042B02D10846F9F7BB
:1066F0004BFFBDE810404FF496710A48FBF758B8BD
:106700000C4A128802F00302022A0AD1BDE81040A6
:10671000032201200849FEF78DB9BDE81040FFF7BC
:10672000C1BF10BD94530020FB490020FA4900204E
:106730008C490020B846002000F8FF071FB50C2345
:106740008DF80C300B4B0C461B88012123F0040301
:106750008DF80E3000238DF80D00CDE90013204692
:10676000032303AA19F0E3FA10B1214617F051FDF3
:1067700004B010BD24470020F8B5064619F0D3F93F
:106780000546304619F0F7FA411C0446C9B23046B6
:10679000FAF7CCFF02340746E1B23046FAF7C6FFFB
:1067A000394602462846FFF727FF022816D0294619
:1067B000FFF7C4FF0A4B1B8803F00303022B0DD124
:1067C000284609F029F9FF2808D00022054B43F894
:1067D0002020054A135C63F00F031354F8BD00BF7B
:1067E00024470020B02A0020C9480020084B1A780E
:1067F0005AB10223013A93404EF6602253430321DB
:106800000448B3FBF1F1FAF7D3BF42F21073F6E795
:10681000B55500209453002070B505461748FBF786
:1068200063F80122164B28461A7019F0A4FA411C8D
:106830000446C9B22846FAF779FFA11C0646C9B238
:106840002846FAF773FF0F4C022320800B222146C3
:106850000020FBF7C3F886B9238803F00303022B5B
:1068600003D1FFF73BFEFFF7C1FF23885B0704D589
:10687000BDE870400448FFF745BE70BD945300204A
:10688000FB490020B8460020745300202DE9F04356
:10689000204C89B02388002B35D01F4D00214FF4A8
:1068A000807009F027FC2B78DB072AD5012120888E
:1068B000FAF7A2FD0646208819F0D2F9023012F04C
:1068C000E9FD05A98046208819F033FB2B78304676
:1068D00013F0020F114B40F60247B3F8009018BFB7
:1068E0000027FAF71BFD05463046FAF7FBFCEDB230
:1068F0000290424606213846CDE9009505AB12F0DC
:106900002CF900232380064809B0BDE8F043FAF7CC
:10691000EBBF00BF2C470020FC4900202847002087
:10692000B45300202DE9F047304F80463D880E4695
:1069300014469946ADB3104619F0A0F8B0F5006FB3
:106940002FD1204619F0ADF8824609F065F8FF28EE
:1069500027D02EB1264A32F810302B4322F81030BF
:10696000B5F5007F36D0B5F5806F33D0B5F5807FB3
:1069700017D1204B1B88A3421CD14FF6FF718A45CB
:106980000FD0204619F0A3F8284609F0E1FB50B9D2
:106990001948FFF77BFF0023184A1380184A3B80F1
:1069A0001370BDE8F0870220002109F03BF90028B0
:1069B000EED1F0E7114D2B88A342F2D14FF6FF71D3
:1069C0008A45EED024B1204619F081F800232B80AF
:1069D0000023E3E700230A4A3B80137031464B460D
:1069E00022464046BDE8F04717F027B92647002069
:1069F000704600202C470020B45300202A47002076
:106A0000E849002010B509F007F8FF28044601D135
:106A1000172010BD09F090F8C107F9D5204609F0FC
:106A20008BF8820700F00203F2D40449184631F8CB
:106A3000142042F0100221F81420EAE770460020EA
:106A400010B508F0E9FFFF28044601D1172010BD5A
:106A500009F072F8C107F9D5204609F06DF88207F0
:106A600000F00203F2D40449184631F8142022F051
:106A7000100221F81420EAE77046002010B5044601
:106A80000C48FFF703FF01214FF4807009F032FB3F
:106A900078B10022084B1C80084B1A700BF0D0FF15
:106AA000BDE81040064B1880064B02481988FAF7DB
:106AB0007FBE10BDB45300202C470020FC490020AD
:106AC0002847002074550020044A137818B943F071
:106AD00001031370704743F00303FAE7FC490020F9
:106AE0002DE9F04FDFF84C9187B099F80060002E47
:106AF00040F08C80DFF840B1DFF840A19BF8003017
:106B0000F4B2A34207D80022424B1A8007B0BDE876
:106B1000F04FFDF7D9BA20463AF8145008F0DAFFE2
:106B20008046002860D0204608F0F4FE15F400717D
:106B3000074645D001464FF6FF720E2017F08CFC39
:106B40000546002850D0394618F0C1FF4FF40073B5
:106B50000027304E204633803AF8142022EA0303FF
:106B60002AF8143010220023009709F003F82A4B6A
:106B70001B88DB0707D5294B294A43F82470135D8E
:106B800063F00F031355182000216043254B264C5A
:106B90000093019101232A46205CF9F71FFD00288C
:106BA00014BF0123002389F8003005D13388B3F5E1
:106BB000807F01D11D4B1880404607B0BDE8F08FA3
:106BC000680513D5059117F0C4FB0122059903460A
:106BD000009207203A46CDE90111FDF797FB4FF4EB
:106BE00080630546002DB3D1013687E7104B188826
:106BF0000028F9D0EA05F7D5394618F068FF0C4BA4
:106C00001D880A4B1D804FF48073EBE74FF000089E
:106C1000D2E700BF2647002024470020B02A0020EA
:106C2000C948002025690208F01000202A470020EA
:106C30002C470020E8490020D05500207046002055
:106C4000042230B501F0400387B0002B054614BF85
:106C5000012400248DF80C208DF80D1004D004A917
:106C600018F0A3FB38B304ABCDE9004301210223A4
:106C7000284603AA19F05BF80446F0B1104B1B78C4
:106C8000033B012B04D80F4BB3F8E41018F01FFF9F
:106C90004FF6F7739D4209D9322202212046FDF7B3
:106CA00073F980F00100C0B207B030BD294620461C
:106CB00017F0AFFAF5E70120F6E71920F4E700BF77
:106CC0008C4900209036002010B1034B1B880380B4
:106CD000024B1878704700BF98550020FD490020EE
:106CE00010B5FFF755FC04F0FFFF17F08DF80020FA
:106CF00018F052FB0BF0D8FB08B116F096FF204CB1
:106D00002378532B12D1032323700023FF2219462B
:106D10000120FDF78FFE0020F8F7E0FF10B1002002
:106D200016F0ABF9BDE810400CF094BA062B01D078
:106D3000212BF0D1012017F0E8F84FF6FE7016F085
:106D400027FD4FF6FF7016F040FD0020FDF758FDBF
:106D50000020FDF799FDFDF7D5FC00F07DFB0DF05F
:106D60002BFE2378212B02D1FDF79CFAD3E70020DC
:106D7000FAF708FF00214FF4004018F0AAF8CAE71C
:106D80008B49002010B50A4C0A48FAF7ADFD23786C
:106D9000062B02D1012017F0B8F82378062B01D07A
:106DA000532B03D1BDE81040FFF79ABF10BD00BFC1
:106DB0008B490020D45300202DE9F84FDFF8CC8018
:106DC00004460E461746FFF7E3FB98F8005015B946
:106DD0000220BDE8F88F212DFAD0DFF8B49099F8A1
:106DE0000030012B01D1A306F2D4274816F0B4FBE2
:106DF0000028EDD114F0200439463046DFF894B075
:106E0000DFF894A005F00F051BD011F080FE012DD6
:106E10008BF80070AAF8006033D1212388F8003085
:106E2000FFF75EFF0020D4E7212388F80030FFF74A
:106E300057FF00214FF6FE70FDF7AEFEFEF756FA43
:106E4000F0E711F063FE012D8BF80070AAF80060E6
:106E5000EAD0062321464FF6FD7088F80030FFF790
:106E6000EFFE40F6020240F2262199F80030064873
:106E7000033B012B88BF1146FAF79AFC002CD1D1B5
:106E8000D7E75323E6E700BFD45300208B49002007
:106E90008C490020FD490020985500202DE9FF4134
:106EA0000F46511CC9B205463846FAF73FFC044666
:106EB000384618F0D5FE0646023012F0EBFA424B87
:106EC00080461B7804F04002022B02D0043B012BC9
:106ED00006D83E4B1B68580205D5A10603D452B311
:106EE00004B0BDE8F08132B3394A1278D11E0129CD
:106EF00017D8384BB3F8E430AB42F1D173781807A8
:106F000014D5304618F06DFFFBF736FB0028E7D0AC
:106F10000122294604F0200004B0BDE8F041FFF74B
:106F20004BBF022ADCD1DF01DAD4E7E716F024FCFC
:106F30004045D5D1ECE7264B1B78013B012BCFD840
:106F40007378D906CCD502A9384618F057FF00202F
:106F500002A908F031FDFF2806460BD0A20601D495
:106F600017F07AF8304608F0D5FC04F0DFFE304622
:106F700018F0E1FA284616F083FEFF280DD0FCF742
:106F8000A3F914F0200608D116F0F6FB28B1334619
:106F90000222284602A905F0FDFF16F0EDFB0028AD
:106FA0009ED1A3069CD402A94FF6FF730222284665
:106FB00011F030FB4FF6FF72034600922846022282
:106FC00002A911F0F4FD8BE78B490020882C0020EA
:106FD0008C4900209036002038B504460D4608F054
:106FE0001BFDFF28034615D00B4A127842B10B4A0D
:106FF00032F81020520403D518F09DFA002038BD55
:10700000184617F029F8204645F04001BDE8384001
:10701000FFF716BE0120F2E78749002070460020E6
:1070200038B50C4B04461B780D46022B01D00220CC
:1070300038BD16F0A1FBA042F9D029462046FFF743
:10704000CBFF0028F4D0204645F04001BDE8384091
:10705000FFF7F6BD8B49002038B5054618F000FE55
:107060000446284618F087FE411CC9B22846FAF7A4
:107070005DFB42060DD563781B070FD5204618F03F
:10708000B0FE0146002008F097FCBDE8384018F03B
:1070900052BA0348BDE83840FFF774BE38BD00BFA0
:1070A000D453002038B54FF6FF75A842044617D0D8
:1070B00016F07FFBA04213D04FF6FD72094B1988E2
:1070C00091420DD9084A1288AA4201D0A24207D1A2
:1070D0001C804FF47A71BDE838400448FAF768BB69
:1070E00038BD00BF7C5500209A550020142C00208C
:1070F00008B50448FAF7F8FB4FF6FF72024B1A8006
:1071000008BD00BF142C00207C550020024A1378D3
:107110000BB1013B137070477A49002008B516F097
:1071200054FB00214FF6FF72054B08461A80FDF70D
:10713000D1FBBDE8084040F6164011F02EBD00BF5F
:107140007C55002008B5FAF7CFFB0A4B1B78023BB1
:10715000032B08D84FF6FE73074A108898424FF663
:10716000FF7301D1138008BD9842FCD0BDE80840F0
:10717000FFF7D4BF8B4900207C55002010B5084B89
:107180001B78042B0AD016F0F7FA002104460846B3
:1071900016F07DFF231A5842584110BD0020FCE72D
:1071A0008C490020F0B5002689B00546CDE905667A
:1071B000ADF81C6018F0DFFD0A230246044629469C
:1071C000009605A8FAF776FA9DF815309DF8147028
:1071D0001F2B27D803A816F0C6FE08220DF11601B2
:1071E00003A819F0F4FA0646E0B9092F1CD1FFF7FD
:1071F000C5FFB8B1154B1B78A3B1154B1A884FF6D4
:10720000FD739A420ED9134C134A23780433DBB230
:1072100023701278013AB3EB820F03DD58B211F0FC
:10722000BFFB267009B0F0BD04F10A01C9B22846BF
:10723000FAF77CFA16F059FF04F10B01C9B228469F
:1072400016F0C2F8FFF72EFFECE700BFD155002083
:107250007C5500207A490020B455002038B5134BE6
:107260001B78033B012B20D9114B4FF6FF711B7884
:10727000ABB1104D2B888B4217D116F09AFA4EF60F
:10728000602104460C48FAF793FA4FF6FE73224643
:107290002B800021BDE83840092016F034BF074A92
:1072A00013888B421CBF0133138038BD8C490020EA
:1072B000D15500207C550020142C0020B24600201F
:1072C00010B5044661B1FF2118F06BFC0021204687
:1072D00018F06DFC15F055FE0146204618F06DFCC7
:1072E0002146BDE810400022014815F01BBF00BF39
:1072F000304700202DE9F0410D461746044618F0AE
:10730000AFFC06782846FAF7B5FD294680462046A8
:1073100018F0DDFB16F030FAA84206D12046012114
:10732000FFF7CEFF0120BDE8F0812846B8F1000F3D
:107330000AD0FAF72DFE50B9144B3A462046BDE864
:10734000F0411978FCF720BE18F054F8F3E706F086
:107350000306012E08D016F00FFA00232246294614
:1073600002F050FF0028D9D1204618F06CFB4305ED
:1073700005D52046BDE8F041002116F0CFBB2046E0
:1073800017F0FBFFB0FA80F04009CCE7B2550020BF
:1073900010B586B0044618F0EEFC104B0246186893
:1073A00019790290D3F805005B7A01328DF8143018
:1073B00000238DF80C1004902146009304A80523A7
:1073C000D2B2FAF777F9052204A902A819F0FFF959
:1073D000B0FA80F0400906B010BD00BFC5660408D1
:1073E00008B50748FAF780FA064B1B78033B012BD8
:1073F00005D8BDE8084000210846F9F7C5B808BD22
:10740000F45300208C49002008B5114816F083F889
:10741000104B1B78012B06D8FF2009F04BFDFCF721
:1074200063FC08F0EBFDFBF7B3FF02F09DF9FFF7FB
:10743000C7F818F0B8FE0CF033FBFCF723FE0BF096
:107440007FFBF4F769FABDE8084003F0C9B900BF53
:10745000D4370020B355002008B5E9F721FCFF28F8
:1074600003D0094B1B78012B06D9002009F022FD1F
:10747000FCF73AFC08F0C2FDFBF78AFF02F074F952
:10748000BDE8084003F0ACB9B3550020064B1878AE
:10749000112806D000F0FD00A0F1410358425841E8
:1074A00070470120704700BF8B4900202DE9F04153
:1074B0000446FCF7C1FB18B100263046BDE8F08158
:1074C0001D4B1B78033B012B09D81C4BB3F8E41070
:1074D0004FF6FF739942EFD0204618F0F8FA184B98
:1074E000022120461A88FCF74FFD06460028E3D00B
:1074F000204618F0B5FB90F807800546043011F0DF
:10750000C9FF074616F038F9414602463846FCF7EF
:10751000ABFBA81C11F0BEFF4FF6FF73984202D1DF
:107520002046FFF7ABFA2B789B07C6D101212046F6
:10753000FFF7C6FEC1E700BF8C490020903600204F
:107540002E4700202DE9F04F002585B00746039512
:1075500018F086FB0646043011F09CFF8046B01CF4
:1075600011F098FF337804464046009308F054FA2F
:1075700082464046FAF77EFC3378BAF1FF0F0CBF23
:1075800083464FF0010B9A070AD116F0F5F84045F3
:1075900014BFD9464FF00109B3791BB90320B8E0F5
:1075A000A946F9E716F0E8F8A04205D116F0E4F88C
:1075B0000446994B1B7836E0984B1B78052BF8D086
:1075C000033B012B03D8964BB3F8E440F1E7204688
:1075D00017F026FF737840B313F00402DFF8388207
:1075E0000BD198F800301A4421463846D2B2FFF742
:1075F00081FE0028D2D000208BE0384618F07DFBB9
:10760000014605463846FAF791F8421C52002946D1
:10761000384602F0FE0216F0BCFD737823F0040336
:10762000737098F800300022DDE75B0726D53846F6
:1076300018F063FB014606463846FAF777F88246AB
:1076400006F101095FFA89F949463846FAF76EF8FA
:10765000DFF8C481BAF1000F01D0FF2805D1002264
:1076600049463846FAF776F8DBE7B11C01EB4001F2
:10767000C9B2384615F0A8FE0446D2E7204603AA50
:1076800002A918F060F80546B9F1000F49D0009B37
:1076900003F0C003802B0ED1FF2320468DF8093064
:1076A0000CF016FAFF281BD00DF109020DF10A01AA
:1076B0000CF00CFC14E0402B33D19DF8083083B360
:1076C000FF2320468DF809300CF002FAFF2807D07E
:1076D0000DF109020DF10A010CF0F8FB2D281BD168
:1076E0003378404603F03F03337017F099FE10B92A
:1076F00016F042F8804642460021204608F09EFFE0
:1077000000283FF44BAFC822072138460BF050FA4F
:10771000012005B0BDE8F08F9DF80930FF2BDFD1C7
:107720002546039838B99DF80820002A62D13A4BC3
:107730002C461B7857E709F081FB039AFF28034684
:10774000127908D1CDE9002040F2BF113548E4F7A5
:10775000E3FCDDE90023B9F1000FE4D002F03002D0
:10776000102A0AD0202ADED1BBF1000F24D05146C6
:10777000184609F093FD0028D5D1DFF8AC9099F8B0
:107780000030012B45D0204611F00BFE28B92A46C7
:1077900021464046F37917F059FFA54212D1039ACA
:1077A000137923F00C0313719DF80830ABB92C4604
:1077B000194B1B78302216E7039B1B7913F00C0F33
:1077C000DBD1B0E799F80030022BE8D0039A1379A7
:1077D00023F00C0343F00403E5E70121204616F0F3
:1077E000C9FA20B920460CF073F9FF280FD00A4BD4
:1077F0001B78DFE70121204616F0BCFA00287FF451
:10780000D8AE20460CF064F9FF287FF4D2AE0220F7
:107810007FE7A542D9E700BF2E4700208C49002012
:1078200090360020D0670408014A002010F0FD03C4
:1078300003BF024A1070184621207047F9550020F6
:1078400038B50D4B04461B780D46033B012B0FD971
:1078500000F108039BB2012B0CD815F08DFF2946CF
:107860000246204608F0EAFE80F00100C0B238BDB2
:107870000120FCE70220FAE78C4900202DE9F041C5
:10788000064610460D4618F076FAA0F11004E7B24D
:1078900056FA84F42146EA1B04F10E0018F0A7FF03
:1078A0002823DFF84480F35598F80030637301F023
:1078B0006DFF611C0246012011F0F2FD082209490A
:1078C000601D18F094FF98F8000017F0C3FB05F155
:1078D0000E0130463B460022C9B202F003F81220E6
:1078E000BDE8F081D7490020864900202DE9F04FFE
:1078F00089B0044618F0B4F90546204618F013F98B
:107900000746281D11F0C6FD8146A81C11F0C2FDD6
:107910008246384695F807B017F082FD2B78039021
:10792000990769D12146042002F0EAF8002863D0C3
:10793000204618F020FA01462046F9F7F7FE8207A4
:107940005AD1204618F017FA01462046F9F7EEFE04
:1079500010F0030304934FD12046FFF719FD0028D0
:107960004AD0204618F0D9FA00F101080646204610
:10797000F9F7D4FC5FFA88F808F10A03834280F231
:10798000A180524A06AB1068516803C3B11CC9B24A
:107990002046F9F7CBFE414605902046F9F7C6FE92
:1079A000059B06F10B0100EB03201FFA80F8C9B21A
:1079B0002046F9F7BBFE049BF21C2146D2B205908B
:1079C000009306A80823F9F775FE204618F0ABF8D7
:1079D0004146059A0DF000F80122404606A901F043
:1079E000A7FB00286ED102200BF0BAFF013003D1B3
:1079F000404606A9E9F772F915F0BEFE48453A4639
:107A0000594608D116F0E4F900285BD109B0BDE869
:107A1000F04F01F083BB484616F0DAF9002851D147
:107A20002B4B1B781BB93946484616F0CCFB3A461F
:107A300059464846FCF718F9002843D0297811F038
:107A4000030102D12046FFF73BFCAB79002B39D074
:107A5000204B1B78033B012B34D96B78DB070DD50A
:107A600050462E7A17F09DFB08B3F30803F01C0371
:107A700026F01F06334343F001032B724FF6FF71CC
:107A8000204618F024F8039BD3B911F030F800F029
:107A90003F0202212046FCF777FA4FF6FF739A4522
:107AA00010D1204609B0BDE8F04FFEF7E7BF06F061
:107AB0001C031C2BE2D0042B04D9043E2E72DDE7FC
:107AC0000022E6E709B0BDE8F08F00BF0C640408AF
:107AD000824900208C49002038B5144D2B78023B98
:107AE000012B20D8124B1B78033B012B01D902201C
:107AF00038BD0CF0D5FA04460028F8D1FEF742FC58
:107B00002B78032B07D12346FF2221460120FCF7C7
:107B100091FF0120ECE721462046F8F735FD0038BB
:107B200018BF0120E4E71720E2E700BF8B490020DF
:107B30008C4900202DE9F04385B004460E461746D7
:107B400017F08BFF0C2820467FD118F089F8092206
:107B50000021F8F77BFC00F110010546C9B2204670
:107B6000F9F7E4FD042857D006D8012815D00228DB
:107B700022D005B0BDE8F0837C28FAD12046F9F781
:107B8000CDFB05462046F9F7ADFB02463046E9B28B
:107B900005B0BDE8F04310F0C2BF46B9132120463E
:107BA00015F012FC05B0BDE8F04315F00EBE05B0AF
:107BB000BDE8F043FCF7A0BD9F4B1B78013B012BB8
:107BC000D7D805F113012046C9B2F9F7AFFD074632
:107BD00096B988B905F111012046C9B215F0F4FB38
:107BE0000546214617F0E5F93A462946102005B02A
:107BF000BDE8F04310F044BF0025082321460DEBFB
:107C0000030015220095F9F755FD284602A907F053
:107C1000D3FE17F090FCACE7884B1B78022BA8D161
:107C200046B9FEF7C5FCC2070AD5FEF757FC002F80
:107C300008BF3F26304605B0BDE8F04310F07BBFDB
:107C4000FEF79CFC0028F0D0F1E718F009F8804618
:107C5000043011F01FFC074608F1020011F01AFC75
:107C60004FF6F773984205460CD8754A13880133CE
:107C70009BB213800BB9734A13801EB1714A1388EB
:107C80000133138098F8009009F00309B9F1010F4E
:107C900040F08380204618F06EF801462046F9F740
:107CA00045FD043809283FF664AF01A353F820F0DE
:107CB000D97C0208737B0208737B0208FD7C0208F2
:107CC000737B0208737B0208737B0208E57C020861
:107CD000737B0208E57C0208204605B0BDE8F0434E
:107CE000FFF7BAB9544B1B78042B7FF442AF002145
:107CF000084605B0BDE8F043F8F746BC4E4B1B788C
:107D0000013B012B3FF635AF404618F06AF80027DB
:107D10004D4B01465B898DF80A70ADF8083000289C
:107D20003FF427AF384607F047FE0546204618F0D7
:107D300022F8421C032321460097D2B202A8F9F789
:107D4000B9FC9DF80A30E6B93C4A1278022A18D1EB
:107D5000BBB9FF2DBDF808400AD03C4A214632F895
:107D60001530284623F4806322F8153017F0C3FB42
:107D7000204617F0C9FC00222146102010F080FE9A
:107D8000F7E6022B3FF4F5AE2BB9304B33F8153044
:107D90005B053FF5EEAE28463BE7B9F1000F7FF4F7
:107DA000E8AE3146204604F0ABF8002E3FF4E1AED9
:107DB0004FF6F7739D423FF6DCAE98F80160284617
:107DC00016F0040620D117F0ECFC044628467CB1DE
:107DD00017F010FB0346F0B90C22009029463846F4
:107DE00016F04FFB0C22002339462846009308E08A
:107DF00017F000FB0346B8B9154A009012782946DF
:107E0000384616F03EFBB4E617F0F4FA034678B9AC
:107E10000B220090F3E706223346294638460096A7
:107E200016F02FFB0622DEE7234600940622E6E743
:107E30004B46CDF80090F9E78C4900208B49002093
:107E4000BC460020BA460020C566040870460020E3
:107E5000F95500202DE9F04F05888BB004462846DF
:107E600017F0FEFE8046043011F014FB074608F1BF
:107E7000020011F00FFB05A90190284617F0BEFF84
:107E8000284617F078FF014606462846F9F74EFCCB
:107E900098F80030029003F00303012B0CBF8246D8
:107EA0004FF0FF0A0FF0FDFFB4F806B0814615F061
:107EB00063FC98F8073000903846039301F066F8A9
:107EC000002838D1019801F061F8002849D1FCF769
:107ED0009DF9A9EB0B0B1FFA8BFB8146F9F746FFC7
:107EE000002844D1FFF7D2FA002840D1A14B1B78DB
:107EF000033B012B42D8BAF1060F00F0BE80BAF165
:107F0000040F00F0BA80FFF7C1FA20B1029B03F022
:107F10000303012B32D0F9F789FE28B9964B1B7861
:107F200003F00F03062B6FD1944B2846B3F8E410EF
:107F300017F0CDFD22E0284617F092FE023011F036
:107F4000A9FA4FF6F773984206D9039B23B928463E
:107F5000FFF71EFA0028B5D1A37823F00F03A37012
:107F600054E0019817F05CFA0028B0D1F4E7A9F1C9
:107F700004095FFA89F9B9F1020FB7D8BAF1010F14
:107F800040F0A280284617F08CFD4FF6FF73984210
:107F90006AD100233146284607AA17F018FB80460D
:107FA0000028D9D042799DF82530934209D9711D16
:107FB0002846C9B2F9F7CEFBA37823F00F030233AA
:107FC000A37010F094FD7E23B0FBF3F202FB1303C9
:107FD00003F58073A3809DF8263013F0180F0BD0A3
:107FE000A378190708D1009BBB4205D0384698F802
:107FF000052005A910F0A7FD9DF82700003818BF3F
:1080000001200BB0BDE8F08F2823A3800020F8E703
:10801000584B1B78033B012B5FD940F6B8339B4587
:108020009AD810F064FDFF238DF81330002300F080
:108030003F00C0F5FA70A08007A90DF113008DF87C
:108040001C30FBF783FE054698F80710384615F0FC
:10805000B3FE002D80D09DF81C20013A032A7BD866
:10806000DFE802F0807A697D4FF6F773019A9A4251
:1080700024D898F80130DA0720D4284617F011FDEB
:1080800015F006FB012808BF3D4BA27809BF1B78FD
:10809000FA2303EB830303EB830302BF9B00FA3352
:1080A0009BB212097FF458AF5B45FFF455AF10F057
:1080B0001EFD00F01F001030A08053E02D4B1B78F8
:1080C000033B012BA9D8D8E74FF6F773019A9A42E0
:1080D0009ED898F80130DB079AD4BAF1020F53D139
:1080E0000123314607AA284617F071FA074615F012
:1080F00043FBBDF82230984236D1002F3FF42CAF1D
:1081000001227B883146284608F01CFC1D4A137862
:108110000133DBB288F8073013707B88BDF81E206E
:108120009A421FBFA37823F00F030233A3704FF4CA
:10813000C873A38016E0009BBB4213D000283FF415
:108140000BAF426801323FF407AFC2789DF813309D
:108150009A42BFF401AF05E0009BBB4202D0A27877
:108160001209EBD101204CE7184617F059F9002805
:10817000C3D182E78C4900208B4900209036002033
:10818000C855002089490020BAF1030F7FF475AF6C
:10819000009BBB427FF471AF711C2846C9B2F9F74E
:1081A000C5FA0C287FF469AFFBF774FB4FF6FF7339
:1081B000984201463FF461AF284617F088FC5CE71F
:1081C0002DE9F3410446008817F04AFD05460430C6
:1081D00011F060F90646A81C11F05CF907460FF093
:1081E00060FE05463046B4F8068000F0CFFE064635
:1081F00048B9384600F0CAFE58B9194AA37812782F
:10820000033A012A0BD8A378002623F00F03A370AA
:1082100021E0384617F004F90028EED1F3E71B09F6
:10822000F1D1A5EB0805ADB2B5F5C86FEBD80DF1EE
:108230000301384601AA019317F085FA9DF803500F
:10824000014645B94FF6FF73984204D001262088B5
:1082500017F03DFCA580304602B0BDE8F08100BFBC
:108260008C4900202DE9F04105460C4617F0F5FB3E
:10827000082802D10120BDE8F081201D11F00AF983
:108280000646284694F8078017F04DFC0746284616
:1082900017F0D9FB010612D5184B1B78042B0ED111
:1082A000174B1B78022B0AD1164BB3F8E4204FF67C
:1082B000FF739A4203D000210846F8F765F9124B84
:1082C0001B78002BD6D1A01C11F0E4F84FF6F77301
:1082D000984202D86378DA070DD523789B070AD134
:1082E0003A464146304615F073FD80F00100C0B2B9
:1082F00000F00100BFE70120FAE700BF8C49002031
:108300008B49002090360020034A00202DE9F04FD1
:108310009BB0044617F0A1FB0546204617F09DFBD5
:10832000082851D110220021204615F032FF2046A6
:10833000F8F7D8FF05462046F8F7F0FFC1B2284607
:1083400015F003FCADF84A408DF8490048B92046C5
:10835000F8F7C8FF01460DF14900FAF735FA8DF834
:10836000480048F20103BDF848209A4202D1204655
:10837000F3F734FE9DF84930402B05D12046F3F742
:108380002DFE1BB0BDE8F08F802B17D015A806F08E
:1083900045FEBDF84A009DF848509DF84960F8F741
:1083A000BDFF0446BDF84A00F8F79CFF3146009037
:1083B000E3B2284615AA10F0E6FBE2E712A80CF09B
:1083C00039FD0028E2D0DCE7204617F099FBB0F534
:1083D000006F40F00081204617F0A5FB0646042DF3
:1083E00040F0FC80204617F02EFB80F40060C0F3C4
:1083F000C02000223146400010F042FB924B1A7818
:10840000022A0DD0FFF742F850B902F0FD03312BDC
:1084100006D0043A012A03D98C4B1B78002BB0D02C
:108420002146022001F06CFB04900028A9D02046D0
:10843000ADF83E4017F014FC0446BDF83E0017F0BE
:1084400072FB0546201D11F025F8A31C8346184633
:10845000029311F01FF810A90746BDF83E0017F06F
:10846000CDFC63780590BDF83E0094F8008007933A
:1084700017F081FC6378064608F0030828460A9343
:10848000F9F7F8FCB8F1010F0CBF032302230C939A
:108490006F4B08BF4FF00B091D80237818BF4FF0BA
:1084A0000A0903F03C03082B0B907FF46AAFBDF878
:1084B0003E00F8F733FFB0427FF663AFB8F1010F2B
:1084C00003D0237898077FF45CAF624BB3F8E430B5
:1084D000AB420DD1604A614BB2F9001093F9003004
:1084E000002900F0A08001EB0313A3EB21131380FC
:1084F000A6F11003DBB206938DF83D3010224846FA
:10850000BDF83E100DF13D0310F0A8F800283FF42F
:1085100038AF079B13F00203089300F00981504B1A
:108520001B78002B3FF42DAFBDF83E90484617F066
:1085300022FC002382464846CDE915331793ADF857
:10854000603017F0F0FA0AF10E01029089B2484645
:1085500017F0E4FB002870D00023524649460093F0
:1085600015A80E23F9F7A6F801200DF1550110F01A
:10857000A5FF9DF86130099003939DF85430282B96
:108580005BD10DF15900F9F7F7FF0D90002854D198
:10859000039816F05FFD0D9B002867D1314B039ABD
:1085A0001B78D31A190648D404F042FD01283CD1A7
:1085B0000FF07CFC2C4E0546346824B104F044FDD9
:1085C0002C1B844239D30023FF2219461846FCF79E
:1085D00031FA356031E04FF6FD7600E74FF6FF7077
:1085E000301A18BF012000223146400010F048FA2E
:1085F0000C2D0DD12146012001F082FA00283FF414
:10860000C0AE214600201BB0BDE8F04FFDF736B8E4
:108610002DB920461BB0BDE8F04FFDF7E1BC042D9D
:108620007FF4AFAEEAE61B0261E704F001FD022829
:1086300003D104F0DFFC0028BAD0002219200299EF
:1086400010F01EFA9DE600BF8B490020034A00206F
:108650004C470020903600201E470020FF49002094
:10866000874900208649002024380020012210215B
:1086700000924846524616F0F8F90028DDD0BD4B6E
:10868000039A1B78934240F0A88002990DF1590299
:1086900012A8F9F7D7FB012112A8F9F74FFC82467F
:1086A00048F2030112A8F9F755FDBAF1000F03D003
:1086B000082112A810F058FE484617F071FB0299E5
:1086C0000DF15900FBF786F9FE288246B5D0FF2848
:1086D0000AD1029815F0D4FAFF28824600F085806E
:1086E0000DF15901FAF78CFFA24B039A1B789342C4
:1086F00000F0A18050460999FBF752F900283FF499
:1087000040AE50460999FBF75DF923789A070FD1DF
:10871000484617F030FB01464846F9F707F800F0E5
:108720000300012804D102980DF15901E8F7D6FAA7
:10873000BDF83E0017F087F9030440F1838020461E
:1087400010F0A8FE40F4007189B2204610F0A4FE9B
:1087500000224FF40041BDF83E0017F065F9DDF846
:1087600010901022BDF83E100C980DF13D030FF053
:1087700075FF00283FF405AE032866D1204610F0AF
:1087800089FE40F4007189B2204610F085FE28462B
:1087900016F046FE002840F0B780DDF81090B8F1E2
:1087A000010F40F0B7800320BDF83E1001F0A8F99A
:1087B000002840F0AF803146BDF83E00F8F7B6FF24
:1087C0000F2801467FF6DDAD4FF6F7739F423FF667
:1087D000D8AD284615F041FDD3E50120039903F0FB
:1087E00051FD00287FF451AF27E7237803F00303FE
:1087F000012B08D1484617F0BEFA01464846F8F763
:1088000095FF082894D05C4B1A785C4B1B789A42F1
:1088100009D20DF159010298FAF780FE029815F07D
:108820002FFA824660E7A01C10F034FE4FF6F77373
:108830009842EED901E75046FBF73CF900283FF497
:1088400059AF5EE74FF000098BE7284616F0E8FDC8
:108850000028A4D0089B002B58D1B9F1000F53D1A8
:10886000B8F1010FBDF83E009DD03146F8F75EFF2C
:108870008246DFF8189199F80030002B55D014F09B
:108880007BFF87427FF47DADB8F1010F40F0868019
:10889000BAF1070F7CD8BAF1050F7FF672AD384BED
:1088A0001B78022B02D0043B012B03D899F800302F
:1088B000002B41D00A9B980640F1BF800B9B002BF8
:1088C00040F0B780284607F0A7F8FF2840F0B180B5
:1088D0005D457FF456AD059B002B00F0A88010ABE2
:1088E00046F204020124ADF85420019321460223EC
:1088F0002846009415AA17F01AFA00283FF441AD53
:10890000214615F00BF93CE5DDF81090284607F0FC
:1089100073FE44E73146BDF83E00F8F707FF089BB9
:10892000824613B9B9F1000FA3D0154B1B78022B67
:1089300002D0043B012BBDD8284600F027FB81461E
:1089400000287FF41EAD14F017FF854230D10D4B87
:108950001B78033B012B27D80B4BB3F8E44014F0F2
:108960000BFF4B4601460D222046CDF8009015F036
:1089700088FD06E58649002085490020C95500206C
:108980008B4900208C490020903600208749002028
:10899000AAF10E03DBB2012B81D9F2E40AF0030342
:1089A000012B7FF4EEAC7AE7012000F08DFBE8E4C8
:1089B000284616F035FD58B914F0FBFE4FF6FF734C
:1089C000984205D009F070FD10B92846FAF74CFD21
:1089D000284616F025FD88B114F0EBFE4FF6FF7324
:1089E00098420BD009F060FD40B9B8F1010F02D1F7
:1089F000BAF1060F02D0284607F062FB059BA3B927
:108A000019460122584600F093FB814600287FF466
:108A1000B8AC204617F0E5F94A460146384600F062
:108A200087FB00283FF446AFABE410A9E9E7059BBC
:108A300056E7637823F0200363704FF6FC739F4280
:108A400075D1B94B1B78033B012B7FF69AACA37908
:108A50000BB1013BA3716378590727D50023584612
:108A600015AA12A9159316F06EFE1598F0B108F02C
:108A7000E5F98146384606F0CFFF159A014613798D
:108A800003F03000102806D003F00C0008281CBFAB
:108A900023F00C031371137903F03303202B05D15A
:108AA000FF2903D00122484608F0C0FB284606F003
:108AB000B3FFFF281EBF00229C4B43F82020079BDA
:108AC00003F001094FF6F7739F4200F20781B9F1F5
:108AD000000F40F0DD802946584615F074FB14F075
:108AE0004BFE874200F00881384616F099FC0028BA
:108AF0004AD0B8F1010F30D1BAF1010F20D14A4666
:108B00003146BDF83E0007F079FF384616F088FC84
:108B1000874B1B78002B6DD1584616F081FC00283E
:108B200065D1384616F07CFC002860D129E44FF668
:108B3000FD739F428BD17C4B1B78042B87D120E4A3
:108B4000384616F06DFC50B3BAF1030F27D1314609
:108B5000BDF83E0015F0CDFC13E4384616F060FC7D
:108B6000384616F047FC00283DD0002339465846C9
:108B7000BDF83E2001F046FBA8B30021BDF83E0041
:108B8000FEF79EFBFFF7FDBB384616F049FC18B117
:108B9000B8F1010FD8D0E3E7B8F1010FE0D1644B91
:108BA0001B78002BB8D0BAF1050F23D114F0E4FDE7
:108BB0008DF8540014F0E0FD000A8DF855000123F3
:108BC000022215A90DF13E00F8F7E2FC00287FF41F
:108BD000D8AB711CBDF83E00C9B2F8F795FD03781B
:108BE0000133037006E0524B1B78002B94D0B8F190
:108BF000010FD8D063785A070CD5BDF83E40204607
:108C000017F07BF8411CC9B22046F8F77DFD0378C8
:108C1000013B0370444B1B78033B012B30D8B8F168
:108C2000010F06D1BAF1050F1FD114F0A5FD834540
:108C300022D1BDF83E00FEF785FC02281CD10021A0
:108C4000584615AA08F046FA30B10379458003F07A
:108C50003C0343F0400303710023364A0093394636
:108C60005846127815F00DFC06E0BDF83E00FEF700
:108C700069FCBAF1030FE0D1002239461C20DFE481
:108C8000BDF83E00FEF75EFCB8F1010FD5D1F0E76C
:108C9000B8F1010F40F0B0800AF1FF330C2B00F265
:108CA0009F8001A252F823F0038D0208038D020871
:108CB0004F8B0208198D0208398D02085D8D02085C
:108CC0007F8D02088F8D0208A58D0208A58D0208F0
:108CD000B18D0208C98D0208D58D0208B8F1010FC7
:108CE00000F09180B9F1000F40F08680BDF83E00A1
:108CF000FEF7FCFDFFF745BBB8F1010F7FF43DAF78
:108D0000CAE7AAF102035A423146BDF83E005A4171
:108D100007F074FEFFF735BB32465846BDF83E10EB
:108D2000FEF7BCF8FFF72DBB8C490020B02A0020CD
:108D3000CF550020F9550020711CBDF83E00C9B286
:108D4000F8F7F4FC0236F6B20246BDF83E3058465B
:108D5000009610A90BF00CF8FFF713BB3B4B1B78E8
:108D6000013B012B3FF60DAB069B01210093002038
:108D70002346BDF83E2015F09BF8FFF702BB01200B
:108D8000069ABDF83E10FCF75BFBFFF7FABABDF898
:108D90003E0006F099FFFFF7F4BABDF83E00FEF77B
:108DA00001FAA3E7BDF83E00FEF7FCF9FFF7E9BAC8
:108DB000264B1B78013B012B3FF6E3AABDF83E0092
:108DC000FDF7DAFCFFF7DDBABDF83E00FDF724FD44
:108DD000FFF7D7BABDF83E000AF0C2F9FFF7D1BAE3
:108DE000334622465046BDF83E1010F0CEFA002819
:108DF0007FF4C7AA5146ECE4237A03F00303012B66
:108E00007FF4BFAA72E70AF1FF330C2B3FF6B9AA31
:108E100001A252F823F000BF038D0208038D02085F
:108E20004F8B0208198D0208398D02085D8D0208EA
:108E30007F8D02088F8D02089B8D02089B8D020892
:108E4000B18D0208C98D0208D58D02088C49002019
:108E500010B50021114814F0D1F90446E8B116F01C
:108E60008BFE0F4B1870204616F08BFE0D4B1870C2
:108E7000204616F08CFE0C4B1870204616F08CFE27
:108E80000A4B186001200FF027F82046FFF73EFA42
:108E9000BDE8104000200FF01FB810BD00470020B3
:108EA000004A0020FF490020FE4900201C38002015
:108EB000014B1860704700BF2038002070B5164E77
:108EC000044633680D46E3B116F0C7FD0C2818D1EF
:108ED000204616F0C5FE092200210446F7F7B6FA2F
:108EE000235C042B0DD10D4B1B78033B012B08D8C1
:108EF0000B4C25B10B4B22781B789A4203D30023ED
:108F00002370002070BD08483168F8F751FC2378C1
:108F1000012001332370F5E7203800208C49002020
:108F2000024A0020F8550020F453002070B50024B8
:108F3000124D2C70E7F750FDE6B2B04212D8104B3C
:108F40001B78013B012B04D800214FF6FF70FBF783
:108F500023FE00220B4B1A700B4B198801B11A80AB
:108F6000012070BD304606F0E7FDC30748BF2B78EF
:108F700004F1010444BF01332B70DBE78449002076
:108F80008C4900207B490020B646002038B50B4BA9
:108F900005461B7873B101335C08094B1888F8F754
:108FA000A1F9002330F81320AA4205D00133DAB228
:108FB000A242F7D3002038BD0120FCE77B49002006
:108FC000B646002030B5054685B008460C4616F07A
:108FD000E8F9FF280CD015F0BCF901220021034666
:108FE000CDE90112009221462A460720FBF78EF9AF
:108FF000284606F011FDFF2804460FD006F09CFD20
:10900000C2070DD5204606F097FD830708D40B4A0A
:1090100032F8143043F4806322F8143005B030BDC8
:1090200015F097F9012200210346CDE901120092C3
:1090300007202A46FBF76AF9F0E700BF70460020D8
:109040004FF6FA72431E9BB2934270B504462AD87B
:10905000FFF79CFF38BB194B1B78042B23D020460D
:1090600014F00EFEFF2801D0FAF72EF9204616F074
:1090700043FB08B107F0F8FE2046114E04F058FA01
:1090800020460FF05EFD31780E4D69B12888F8F763
:1090900029F9054601461E22023017F0A8FB2C8054
:1090A00033781E2B07D970BD2020F8F7E1F928800E
:1090B0000028EBD1F7E702333370F4E78C49002046
:1090C0007B490020B646002037B5134B05461B7878
:1090D000022B1FD114F050FB044614F04DFBFFF798
:1090E000AFFF15F036F914F053FB002014F00DFF1C
:1090F00040F607400FF051FD3DB100230D222146FF
:109100004FF6FD70009315F0BCF903B0BDE8304098
:1091100004F04ABF03B030BD8C490020034B1B78DC
:1091200013B90120FFF7D0BF704700BF824900206C
:10913000F7B504460D46174614F01EFB0646002DF3
:1091400047D04FF6FB739C4243D82046FFF71EFFE3
:1091500030B1A64204D1204B1B78033B012B38D9F8
:109160002046FFF713FF10B1012003B0F0BD2046E9
:10917000F2F778FCC0B1A642F6D00CB3694620469F
:10918000F9F764F90246D8B90821684614F037FAAD
:10919000B0B908226946284617F019FB80B1294664
:1091A000204615F006F9DFE7A642E6D12846F9F792
:1091B000E3F928B90120FFF787FF06F011FFD3E795
:1091C0003FB121462846FAF739FA2146284604F0ED
:1091D000CBF90020C9E700BF8C490020044A13786E
:1091E0002BB1013BDBB213700BB9024A13807047FD
:1091F0007B490020B64600200148F7F799BE00BF22
:10920000B64600202DE9F047804617460D468CB043
:1092100061B903AE00211B4813F07EFF4FF0000937
:109220000446DFF860A01CB920461DE00E46F1E7B9
:109230000022214630462423CDF80090F8F73AFA70
:1092400008224146304617F0C2FAA8B9337C9BB9D0
:109250006FB945B92A4621460A4813F0EEFF0A4A7B
:109260001388013B138001200CB0BDE8F0873B88D8
:10927000B28953405B06ECD52146504613F0A2FF5D
:109280000446D0E73447002032470020024B1888BC
:10929000003818BF012070473247002070B5002504
:1092A0002C460D4B8EB01E88EBB2B34201D30EB0EC
:1092B00070BD09A8E7F7E6FF204605AB01AA09A99A
:1092C0000FF0FEFF28B932210AA815F0BDFA0135CA
:1092D000EAE70134E4B2FAE73247002040232DE9FF
:1092E000F04397B0074611A88946ADF80E30E7F76E
:1092F000C9FF02238DF84430002304AE31463846BE
:1093000004937360F9F7A2F80546002840F08A80BC
:10931000384610F046F8804614F02EFA044600282D
:1093200040F0B08099F80130042B40F0AE80E7F7B0
:109330005FFB022879D1E7F75BFB022840F08180D0
:1093400096E8030003238DF8443012AB83E8030052
:109350009DF85130002143F0060310220DA88DF82E
:10936000513017F05EFA0DA911A80FF01EFEBDF8DE
:10937000463009A943F0040311A8ADF846300FF0B8
:1093800073FE102209F10A0109A817F020FA054618
:10939000002872D1E7F72CFB022806D13146FF20C6
:1093A0000DAA0FF02FFE00286AD134240025E7F71C
:1093B0001FFB022808D19DF851301B0704D430460A
:1093C0000DF10E0115F017FA2146304615F03CFA62
:1093D00010238DF8183004238DF81A3033460022FC
:1093E00003CBCDF81B00CDF81F1006A80B218DF87C
:1093F000195013F07AFE024638B1002D14BF012334
:1094000003233146384603F079F8B8F1000F09D04C
:10941000342C07D106A832463946F8F713FD06A8C2
:109420000FF0A5FF17B0BDE8F08323462146304674
:10943000009411AA01F06EFE00283FF47CAFAD2528
:10944000C6E7E7F7D5FA012891D1114B1B6803F065
:109450008403842B8BD196E8030002238DF84430DB
:109460001023ADF8463012AB83E803009DF851306D
:1094700043F002038DF8513079E73324AD2596E7A8
:10948000052494E72C46A325A2E7AA25A0E700BF60
:10949000882C00202DE9F04336488DB0F8F724FAE7
:1094A0000EF004FD344D2B68C41A4FF47A73B4FBEC
:1094B000F3F4A4B214B10EF0F9FC28602F4F4FF66C
:1094C000FF763B88DFF8B880ADF80A3000233B8098
:1094D00000210DF10A0013F091FE054658B9284B02
:1094E0001B882BB14FF47A7122487143F8F760F969
:1094F0000DB0BDE8F0834FF0000924234A46294609
:10950000CDF8009003A8F8F7D5F8BDF81A30A342BB
:1095100094BFDB1A1B1B9BB2ADF81A30CBB914F009
:109520002BF9BDF8183003F04003184380B218B986
:10953000322103A80FF02DFBBDF818301B0602D511
:1095400008980FF0DEFBB8F80030013BA8F80030B7
:10955000BEE79E4228BF1E4601234A462946009385
:1095600003A82423F8F7A6F84A462946384613F0FC
:10957000D9FDADE7942B0020283800203447002087
:1095800032470020F0B50446304A8DB0106851686B
:1095900001AB03C3A378012B54D1162200210DF196
:1095A0001A0017F03EF9D4F82110D4F81D0003ABCF
:1095B00003C32388190644BF62680892DA050BD5F5
:1095C000221D08AE04F114073546106851680832B0
:1095D00003C5BA422E46F7D1ADF8183013F0040394
:1095E00018BFA3690593E7F727FA0023ADF81A001F
:1095F0008DF81C3014F0C0F8E0B906A903A815F0E6
:10960000FAF80022242103A813F06FFD0446D8B114
:109610000020FFF73FFF002221460D4813F082FD96
:109620000C4A0020138801331380FFF733FF00201A
:109630000DB0F0BD082201A903A817F0C8F8002852
:10964000DFD0DAE70220F3E71920F1E70C64040821
:109650003447002032470020F7B5044600200E466C
:10966000FFF718FF104B1B88A34202D8212003B03C
:10967000F0BD00210D4813F04FFD002501460B4FB2
:109680000029F3D0A54208D10024304624232246E5
:109690000094F8F70FF82046E9E7384613F092FDFA
:1096A00001350146ECE700BF324700203447002077
:1096B0000148F7F73DBC00BF34470020014B188834
:1096C000704700BF3247002030B5154A8DB0516851
:1096D0000546106801AB03C307A8E7F7D3FDDDE932
:1096E0000101032308AC84E803008DF81C309DF8C9
:1096F000293003A943F0020307A88DF829300FF0A1
:1097000054FC10B12D200DB030BD23462868696887
:1097100003C303A907A80FF029FC0028F3D0F1E741
:109720000C64040870B50C4611460E4A2378127872
:10973000064613F0200542EA0302227018BF611D9D
:10974000082217F054F8002D0CBF05200D20D4F886
:109750000130B3602378337303F01803082B08BF7C
:10976000013070BD87490020042307B51A460DEB70
:1097700003010120F8F732F9019B034A1B03136030
:1097800003B05DF804FB00BF782C002010B5064C38
:109790002368C3F30B0313B904200EF0FCFB20680D
:1097A000431C236010BD00BF782C0020014B1868BB
:1097B000704700BF782C002007B50020054B0190B2
:1097C000186004231A460DEB0301F8F707F903B0FC
:1097D0005DF804FB782C00207FB5112306220120C0
:1097E00001A9F8F7FBF8084B9DF814201A70074BF5
:1097F0001B780BB1052B05D10FF082FA012007B0C1
:109800005DF804FB0020FAE7864900208749002024
:109810002DE9F04F0646CBB0884600880121174657
:10982000F7F7EAFD2E4B3A463188ADF8160006A848
:1098300015F09AF80DF1280B5A464146C4193088A4
:1098400015F01FF8E4B208EB0003A34208BF04467A
:1098500005464FF004091CBFA4EB0804E4B22346FC
:109860005A460121CDE900090BEB050ACDF808B0F5
:109870002D1B06A8E8F7B0F8EDB20BEB040300933C
:10988000019523465A464146308815F028F8348819
:1098900039462046F7F74AFF394600F0F8022046DD
:1098A000F7F758FF01213088F7F7A6FD01234A4654
:1098B000514680B10DF11600F7F76AFE012104460A
:1098C000BDF816203088F7F7ABFDB4FA84F04009F4
:1098D0004BB0BDE8F08F3046F7F75AFE0446F4E788
:1098E000D74900202DE9F04FC9B00446884692467A
:1098F000C118224A04A81F46FFF714FF4FF00409BD
:10990000C519EDB208AB0293A5EB0A0BA8EB0A034D
:109910005FFA8BFBA8EB0506DBB2F6B204EB0A029A
:10992000009301215B46CDF8049004A8E8F754F8B1
:1099300006F590730DEB03025A44A2F5807213688A
:1099400008A844F80830E35D324623F00703E355E6
:109950002C44214616F077FF08ABCDE9019308AA05
:1099600000230121009604A8E8F736F83246204685
:1099700008A916F068FF49B0BDE8F08FD74900206C
:10998000F8B5064616F0C9FA811C054689B230467C
:1099900016F0C4F9E8B129463046F7F7C7FE122899
:1099A000074616D80C4B691C1C5CC9B23046F7F749
:1099B000BDFE2C44052FE4B205D1052809D8074B7C
:1099C0001B5C1C44E4B221463046BDE8F84016F06A
:1099D000A5B90020F8BD00BF0A67040804670408A1
:1099E000F8B5054616F0C7F90446284616F038F9CA
:1099F000A11C074689B2284616F090F900283CD0F1
:109A000021462846F7F792FE0646611C2846C9B251
:109A1000F7F78CFE0F2E30D8194B9B5DE118731EA3
:109A200089B2092B0ED8DFE803F009050D0D120DE0
:109A30000D181E1EC40644BF083189B2820601D526
:109A4000083189B22846BDE8F84016F067B97B783E
:109A5000DB0612D501EB4001F3E700F01F0000EB3D
:109A600040000144EDE71F2805D8092E0ABF400039
:109A7000022080B2F5E7C828E4D00020F8BD00BF7E
:109A80001D670408F8B5064616F0EAF80922002119
:109A90000546F6F7DBFC00F1100428460FF0FAFC4F
:109AA000E4B2074621463046F7F740FE0546304609
:109AB000F7F734FCBA05A0EB0403DBB20AD47C2D23
:109AC0000AD0082D0AD8064A505D98428CBF002063
:109AD0000120F8BD1220F8E70320F6E7FF20F4E7A5
:109AE0002E670408014B1878704700BFFA55002014
:109AF000024B00F00100187000207047FA5500205A
:109B000038B5114B04461B7808469BB9012038BD77
:109B1000A24205F101050FD103EBC1035B68984731
:109B20000028F3D11E2022464FF6FF710EF0A8FF49
:109B30000020ECE70025054BE9B213F83120002A9C
:109B4000E6D11446EEE700BFFA550020D4660408BB
:109B5000002313B5ADF80430134B984221D10B8884
:109B6000DA0702D5232002B010BD9B0744BF4FF493
:109B70007F43ADF804300D4B7F221C880DF10600A9
:109B8000022321460EF009FA4FF6FF73BDF80620B6
:109B90009A42E7D12046022201A90EF007FA0020DE
:109BA000E1E72120DFE700BF1FD1BACAD4200408B3
:109BB000002313B50D4903807F2202230446098840
:109BC0000DF106000EF0E9F99DF80630BDF806200B
:109BD0001BB1238843F0010323800020FF2A82BFAA
:109BE000238843F00203238002B010BDD420040870
:109BF00030B10368034A1360436800205360704724
:109C000021207047FB550020034B1B78002B14BF0D
:109C1000442056200E307047874900202DE9F04F30
:109C20008DB0179C06468946CDE90223BDF85870D1
:109C3000D588ADF816103CB9EC0605D500970EF0A6
:109C4000CCFF0DB0BDE8F08FC5F380242B054FEAA3
:109C5000043448BF44F40064A80511D544F08004DE
:109C60000A2E00F26581DFE816F098002F00170039
:109C700037006301630137001000980037009C0033
:109C8000E90548BF44F04004EAE74FF001084FF00F
:109C9000020B4FF0000A14E008A95FFA89F015F0F2
:109CA00041FADDF82500DDF8291006AB03C3A24B0D
:109CB00033F81930ADF816304FF00008C3460DF1F7
:109CC000180A002F5CD125E006AA0DF116015FFAF3
:109CD00089F003F00DFCEFE74FF6F773994540F27A
:109CE000278115F4026F40F02381944B1B78022BDF
:109CF00003D0043B012B00F21D813FBB032E4FF02C
:109D000001080CBF4FF00C0B4FF0080BBA4624F4BF
:109D1000C074A4B28A4B18884FF6FF73984206D0DD
:109D20008849F8F793FB10B124F48054A4B2039B44
:109D300038460093BDF81620534644F4027108F0EB
:109D40001FFDADF82000B0BB19207AE73846F7F7C1
:109D5000E5FA0246FFF758FF032E08BF013882429A
:109D600001DD38206DE7032E4FF001080CBF4FF0E6
:109D70000C0B4FF0080B4FF0000A24F4C074A4B28F
:109D8000029B1B8893B91A46394606200EF07AFCCE
:109D90000028BFD140F6014053E74FF00008C3460A
:109DA00077E74FF001084FF0030B72E700233946C5
:109DB0001A460720EAE74FF6FF73614A1188994275
:109DC0001CD015F04DFF03465D4A04301188039303
:109DD0000FF062FB5C49039B097814F4805FD97132
:109DE0005849574A1FBF086898604868D8604FF6BE
:109DF000FF7313804FF0FF330B604B605946029A9C
:109E000008A808F081FD00289ED0504C2378002B34
:109E10003CD1A7B13846F7F781FA0746BDF82000D4
:109E2000F7F77CFA23780744002B14BF1222002294
:109E3000EB1003F0040317443B44842B91DC15F42E
:109E400000570AD0BDF82040204615F0FCFD40F434
:109E5000806189B2204615F0E1FDA6F10803012BCF
:109E600005D801221021BDF8200015F0DDFD179B5B
:109E7000BDF8204043B32046BDF8161015F027FE6C
:109E8000BDF82030179A00201380DAE6AA06C0D564
:109E90006B0103F020030A2E14BF43F0010363F0AB
:109EA0007E03DBB2B8F1000F08D0002152460091CA
:109EB00008A800F0B7FE0028ABD0C2E61A4651460B
:109EC00008A814F0D5FEF6E7204615F054FF214609
:109ED0000246179B04200EF0D5FB00283FF45AAF32
:109EE0000A2E18D84FF4D963F340DB0713D5072E99
:109EF0000AD00A2E08D0BDF8200014F074F980F0C2
:109F00000100C0B280009CE608A80FF04DFA0028BE
:109F1000F1D0042095E617B125F04005ADB22B46EF
:109F20003146BDF820005FFA89F201F02BFF88E688
:109F3000012086E6162084E64C3E00208B49002056
:109F40009C550020FB5500200E4A00208749002028
:109F5000F7B50F469DF828100446DDE90B061D46AF
:109F6000F1B94FF6FF739C421CBF174B1C804FF09A
:109F700000041CBF154B1A70BDF8240008F05AFDF0
:109F800000232A46CDE90043394606209DF82030BB
:109F9000FFF744FE10B90EB1AB7A337003B0F0BDD9
:109FA00078B14FF6FF739C421FBF074B1C80074BD5
:109FB0001A70002213F099F804460028DCD1192009
:109FC000ECE72120EAE700BF9C5500200E4A002064
:109FD0002DE9F04788469DF82810074616461D468D
:109FE0009DF820A0BDF824900B9839B158B30022F9
:109FF00013F07BF8044610B9192025E00C464FF603
:10A00000FF739D421FBF114B1D80114B83F800A0B1
:10A010004FF6F7739E4208D80E4B4FF6FD761A782E
:10A020004FF6FF73002A18BF1E46484608F002FD8F
:10A0300000233A46CDE9084331464346BDE8F047A0
:10A040000320FFF7EBBD2120BDE8F0879C550020E1
:10A050000E4A0020C24800202DE9F04786B09DF846
:10A0600038600546DDE90FA80C4617469946B6BB91
:10A07000374B1B78022B1DD125BB4FF6F7739C4243
:10A0800014D80026484608F0D5FC00233A46CDE90E
:10A0900000632146FF232846FFF7C0FD38B9B8F119
:10A0A000000F04D0BB7A88F8003000E0012006B031
:10A0B000BDE8F087043B012BDED908460FF071F9AB
:10A0C00010B31DB3022D31D1E6F77AFCA042EDD9D1
:10A0D000204B33F814204FF6FD739A4219E0BAF181
:10A0E000000F32D01A4B1B78022B05D1FFF78CFDE5
:10A0F000B042E6D23820DAE7043B012BF6D9084615
:10A100000FF04FF90028F1D11620D0E74FF6F77382
:10A110009C42CBD8002EB4D031460022504612F0DB
:10A12000E4FF06460028ADD11920C0E7012DBDD1BE
:10A1300004AA0DF10E01E0B203F0DAF9064B1B7828
:10A14000A342B3D9BDF80E20C5E72120AFE700BF79
:10A150008B4900204C3E0020C055002030B5104BEC
:10A1600087B005460C461868596803AA03C2986868
:10A170000C4910609A88DB8852BA23F04003ADF88E
:10A1800012300023CDE90043ADF81020FF230988E9
:10A1900003AA0720ADF80E50FFF740FD07B030BD11
:10A1A000404700204C47002038B50C461146124A63
:10A1B000124D108022682A6062686A60A268AA60F4
:10A1C000E288500616D5EA88520613D561B10022FE
:10A1D000184612F08AFF014650B16088FFF7BEFFB3
:10A1E0000522074B1A7038BD084613F02CF9F2E728
:10A1F0001920F5E70220F6E74C47002040470020F1
:10A200001F4A00202DE9F04F074689B01046154639
:10A210001C468A4615F0AFFD01462846F7F786FA38
:10A220000646284615F01CFD04300FF033F9804631
:10A2300013F0A2FA804550D0B2074ED1DFF8AC80BF
:10A24000284605A9B8F800B015F073FE9DF819303E
:10A25000A8F8007003BBBDF81430EBB9284615F020
:10A26000FFFC02300FF016F94FF6F773984294BFD7
:10A270004FF000094FF0010901230134E4B22A46EE
:10A280003846CDF8009005A9039303F0FBFE039B2D
:10A2900040B901339C421ED20020A8F800B009B09A
:10A2A000BDE8F08F022CF8D1012BF6D10C4A0D4BF2
:10A2B000A3F800A01378591C11700B4A7F3B16F0CD
:10A2C0000C01137007D1BDF81A305B0603D5BDF839
:10A2D0001600FFF743FF0223D1E70020DFE700BFAE
:10A2E000894900209C5500200E4A00204C47002040
:10A2F0002DE9F04F8BB00F46ADF81E0015F0B0FC05
:10A3000000F1020A054650460FF0C4F8BDF81E40A1
:10A310000646204615F02FFD01462046F7F706FABF
:10A32000814600F00308281D0FF0B4F8B54C2080DA
:10A3300013F022FAB0422DD04FF6F7739E4229D87F
:10A340006B78DA0726D4304615F054F830B1012383
:10A350003146BDF81E202088FFF754FF13F00CFA99
:10A36000A84B1B8883420FD1BDF81E40204615F034
:10A3700002FD01462046F7F7D9F910F00C0103D190
:10A38000BDF81E0001F0BCFD00229F4B1A600BB00F
:10A39000BDE8F08F9D49BDF81E0015F0CAFD9C492F
:10A3A000BDF81E0015F02AFD0028994B08BF0023B8
:10A3B000954ABDF81E00136015F0DEFB954B187032
:10A3C000BDF81E0015F0DDFB934B1870BDF81E00A4
:10A3D00015F0E2FB914B186000238DF822305FB33B
:10A3E0008A4BDB889B0627D513F0C6F910B38C4B3C
:10A3F0001B689E071ED4B8F1010F14BF0823182351
:10A400000DF12202009200220DF11E00114600F013
:10A4100009FC88B1B8F1010FA0D1824B1B78112B38
:10A420009CD114F0B5FD002898D140F61D40F9F7F5
:10A43000E7FE93E70823E3E750460FF02BF84FF6CB
:10A44000F773984240F2F280B8F1010F00F0FA8001
:10A45000B8F1020F00F06381B8F1000F7FF47EAF16
:10A460006A4DBDF81E00EB88ADF82400049315F08A
:10A47000F7FBBDF824600746304615F07CFC01462A
:10A480003046F7F753F98DF82300B81C7E780FF0AB
:10A4900001F8074613F070F906F00106B4F80090D1
:10A4A00003906C88002E7FF459AF4FF6F77A42463E
:10A4B000494657458CBF062008200EF0E1FABDF84A
:10A4C00024B0584615F057FC59460246434604202E
:10A4D0000EF0C4F8574583460AD8B5F90620EB8834
:10A4E000002A05DB580603D541462046FFF736FE15
:10A4F000BBF1000F3FF432AF2B88002B58D16B79A2
:10A50000002B55D14FF6F7730DF126019F42BDF890
:10A51000240094BF4FF0000B4FF0010B14F061FECC
:10A52000DFF8E0A000F1FF38BAF800305FFA88F8F1
:10A530000593EB884146BDF826000693F7F7F6F839
:10A54000069B04990190009322465B460598C1F34F
:10A550004011E7F78FFC00283FF400AF4246062089
:10A560002A4BBDF826100EF079F800283FF4F6AE1D
:10A5700048F202036A889A4205D1BDF82410BAF85D
:10A58000000000F0D5FF214D09AA29460DF1230056
:10A590000EF012FF034600287FF4E0AE2104BAF863
:10A5A0000000BDF824207DD52346294614F02EFE58
:10A5B0009DF82330154D03F00C030C2B40F09580D3
:10A5C000288914F0EEFD00283FF4C8AE039B00205C
:10A5D00029894B4514BF0226032602F061FE124B67
:10A5E00018704FF6F7739F42BDF8240000F2958073
:10A5F000A4F13802534253413246044904F0A2FC0C
:10A60000ACE600BF4C470020303800204047002017
:10A61000064A0020004A0020FF4900201C38002084
:10A62000882C00208B4900201E4A0020B8F1020F20
:10A6300075D03E4BB3F90630002B26DAB8F1010F86
:10A640007FF40AAF13F098F8238883423FF486AE74
:10A650000520BDF81E10FFF753FA00283FF47EAE28
:10A66000324AD3885B0607D50023CDE900330A20A0
:10A67000FF232188FFF7D2FA3A469DF8223021883D
:10A68000BDF81E0002F040F968E6BDF81E00F6F7BE
:10A6900045FEA0F11001C9B2284600F073F8002869
:10A6A000CCD05BE60221DFF8948088F800102946C0
:10A6B000CDF800B003F0E6FC132C3FF479AFEB8843
:10A6C0005D043FF575AF1A4B1B78D80704D598F891
:10A6D0000020022A3FF46CAF99077FF53FAE98F84F
:10A6E0000030012B7FF43AAE62E700222B7911484B
:10A6F00000936B791146008802F0FAFD0E4B18703A
:10A700009DF8233003F00C03082B7FF46AAF039B02
:10A710004B4514BF0426052663E701236CE7484632
:10A72000BDF81E20014901F05DFB17E640470020FF
:10A73000C54800204C4700201E4A00200F4A002038
:10A7400010B50021084812F059FD044650B10146E9
:10A750000420FFF7D5F928B12046BDE810400121BB
:10A76000FFF7C6BD10BD00BF30470020034BFF21DF
:10A770001A780348920016F054B800BFC155002063
:10A780002421002070B5451804464FF0FF31AC423B
:10A7900012D1104B10481A7805460023934211DB62
:10A7A0000E4C2078431CB3FBF2F602FB163345F83F
:10A7B0002010237000200CE014F8010BE1F720FAC0
:10A7C0000146E4E750F8044BA14201D00133E5E72C
:10A7D000012070BDC155002024210020104A002016
:10A7E00007B5042301220DEB03011046F7F7F6F835
:10A7F000019B034A1B03136003B05DF804FB00BF19
:10A800002C380020014B1868704700BF2C380020FE
:10A81000014B1868704700BF2C38002010B5064C5B
:10A820002368C3F30B0313B901200DF0B4FB2068B8
:10A83000431C236010BD00BF2C3800202DE9F04FD1
:10A8400093B003930023DDE91C79069399F8003057
:10A8500083460DA804930E461546E6F713FD99F8B6
:10A86000003013F003043FD0039B0DF1250A8DF84F
:10A87000243000220821384612F0C1FE002871D091
:10A88000288815F0EDF999F800301C074CBF04300A
:10A8900002300EF0FFFD07A98046F7F701FB9DF897
:10A8A00024300446980634D5288806F10D0115F0A9
:10A8B00035FAB0B10023721D009338460823298869
:10A8C000D2B2F6F7F7FE99F8003003F01803182B10
:10A8D0004AD1B8F1000F47D0A94BB3F8E430434553
:10A8E00042D040F60A4327E02888711D15F016FA79
:10A8F0000028F6D0009405233246298809A8F6F7E7
:10A90000D9FE9DF824300DF1240A03F018030393B7
:10A91000AFE714BB39464046F7F798FD0028D2D080
:10A9200099F800309907DCD0402322462146404662
:10A9300014F01BFD40F6094399F8002012F00304BF
:10A9400040F0F7802888039315F0EDF82246014681
:10A950001A200EF095F8039BEBE007AB03CB3860B1
:10A960007960B0E74FF6FF780EF009FD044620B19C
:10A9700004213846F7F7BCFA04461E9B002B5AD038
:10A9800009231E990DA88DF834300EF0EFFA209BA4
:10A990000BB1209B0693039B002B40F08E800DA8EB
:10A9A000E6F79CFF99F800309A0700F09880FFF7CF
:10A9B00035FF5146024601200EF072FD99F8003035
:10A9C0009B0710D55946288815F089FA0BF1090321
:10A9D00050FA83F35FFA83FB5946288815F067FA2B
:10A9E00000EB0B06F6B299F8003013F0C20F0AF133
:10A9F00004030DD09DF82420624942F020028DF816
:10AA000024200A68CAF804204A685A600AF10C0334
:10AA1000012209A81B1A009229883246DBB2F6F7F8
:10AA200049FE324659462846FEF7F2FE002800F05D
:10AA3000A48000237DE01F9B5BB19E460DF1340C8A
:10AA4000BEE80F00ACE80F00DEF80030CCF80030B4
:10AA50009DE7049B594603F0200328880493F6F7EA
:10AA600065FE10F0030F0CBF012300230593049B28
:10AA7000059A003B18BF012342EA430300930DAA45
:10AA800006AB38461F9900F045FB049A034682B195
:10AA9000002880D0059B0DAA0093384606AB1F996D
:10AAA00000F038FB034699F8002022F0200289F8D4
:10AAB0000020002B3FF46FAF3EE7039B102B06D125
:10AAC000BDF8363043F00103ADF8363067E7039B3D
:10AAD000182B4FD1BDF8363043F00203F4E70120C4
:10AAE0000DF125010EF0EAFC99F80030824613F0D2
:10AAF000040F288821D1069B1BB3002C35D015F0FC
:10AB000012F80022014616200DF0BAFF84B17FB181
:10AB10004FF6FF7398450BD000230DA91A4638460F
:10AB20000EF079FB394640469DF835200EF03FFC8B
:10AB30000123184613B0BDE8F08F002CDFD1114F70
:10AB400001E0002CDBD100233246009359463B46FE
:10AB500013F08BFF00283FF4C4AE002C3FF469AF24
:10AB6000069A0AF10103136063E71B685345C6D8D0
:10AB70000124E8E740F60A43DBE71923D9E700BFE1
:10AB800090360020D7490020002307B5064A0193DC
:10AB9000136004237F2101200DEB03020DF0F9F96E
:10ABA00003B05DF804FB00BF2C38002037B5054624
:10ABB0000C46F7F733F840B3012D03D0032D15D021
:10ABC000022011E0154B1B68A342F9D8611CF7D095
:10ABD000230B0193114B01221C6004230DEB030195
:10ABE0000020F6F7FBFE002003B030BD0C4B1B68C5
:10ABF000A342E5D8621CE3D0230B0193084B1C60F1
:10AC000004231A460DEB0301EAE7631CD8D0230B9B
:10AC1000012D0193DED0032DF0D0D1E72C38002098
:10AC2000782C00202DE9F04F0446B1B000888DF853
:10AC30002F3016468A463A9F15F09DF80146814608
:10AC4000208815F034F900EB0908208815F065F923
:10AC500000239DF82F505FFA88F815F0010B07903C
:10AC6000ADF8363008D101460DF13602208815F0D6
:10AC70000FF808B1ADF836B016B9CDE90E660EAED4
:10AC8000FEF704FB18B145F020058DF82F50002386
:10AC9000CDE9033302930DF12F03CDE90063224682
:10ACA000534641464846FFF7C9FD0546002800F0D7
:10ACB000B8809DF82F3013F0010B46D123F020030C
:10ACC0008DF82F3012F058FD70B1754A10AB106836
:10ACD00051685D4603C3184600F0EEF90890FEF790
:10ACE000EDFCABB2984239D80FB100233B70BDF8F0
:10ACF0003630CBB101212088F6F77EFB2788054648
:10AD0000002800F0BC8001213846F6F775FBBDF83D
:10AD1000367005463846F6F701FB002300903A46A8
:10AD20001946284612F03DFB0023CDE90333029378
:10AD30000DF12F03CDE900632246534641464846B4
:10AD4000FFF77CFD054600286BD012F015FD0028AA
:10AD500040F0AC80284631B0BDE8F08F18AB14AAA3
:10AD600026A9E8B20EF0ACFA002875D1082210A985
:10AD700027A815F02CFD089B8346002B68D09DF872
:10AD8000A53013F0020F099362D0082212A927A858
:10AD900015F01DFD00285BD1099B590758D50FB14F
:10ADA00001233B7014AB0DF1740C0FCB8CE80F003A
:10ADB000BDF83630CBB101212088F6F71DFBB4F881
:10ADC00000B000284DD001215846F6F715FBBDF81C
:10ADD0003620834610460992F6F7A0FA002319465A
:10ADE000099A0090584612F0DCFA2E4B2246049342
:10ADF000002303931DAB02930DF12F03CDE90063F4
:10AE0000414653464846FFF719FD28BB089B002BD7
:10AE100033D012AA4FF482714FF400501DAB00F0F2
:10AE2000D5F812F0A9FC88B11F4B1B689A070DD406
:10AE3000FEF72CFA50B11A4A18AB1068516803C3D8
:10AE4000002226A918A813F09AFC18BB002581E758
:10AE500027B9BBF1000FA5D0013540E700233B70B7
:10AE6000F7E7BDF836200A9010460992F6F756FA31
:10AE7000DDE9092307990090B4E7089ACAE7BDF80D
:10AE800036B05846F6F74AFA2B4600905A463846EE
:10AE9000079947E726A918A813F0ADFCD0E700BF33
:10AEA0000C640408842C0020882C00209DF82F308E
:10AEB00003F01103102B7FF44DAF3E4B1B78432B57
:10AEC0007FF448AF3C4B1B685B067FF543AF20889F
:10AED00008F1050114F022FF834600283FF43AAF41
:10AEE00041462088F6F722FC344B10F0200F08BFB3
:10AEF0001E4612A800F0E0F80822314612A815F00C
:10AF000066FC002852D0314612A80EF0FFF901234A
:10AF100026AE00933246002314A912A800F0FAF8D6
:10AF200000287FF417AF12AB0DF12F07CDE90360B6
:10AF30000290009322465346414648460197FFF748
:10AF40007DFCA8B3BDF89A30102043F0080318AA7E
:10AF500014A9ADF89A3013F0EFFB00287FF4FAAE95
:10AF600012ABCDE90360CDE9017000932246534650
:10AF700041464846FFF762FC054600287FF4EAAEEA
:10AF800018AB4FF49071002012AA00F01FF84FF098
:10AF90000051002013F09DFFBBF1000F3FF456AFAE
:10AFA0004FF08051002013F094FF4FE78346AEE747
:10AFB00014ABE6E78B490020882C00207637002070
:10AFC000014B1860704700BF842C0020F0B5164676
:10AFD00091B0074609A80D461C4613F074FF3EB118
:10AFE000336845F04005CDF826307368CDF82A3037
:10AFF0001B4B1A6822EA070242EA050119604B045A
:10B000000DD5BDF824200B0A03F4E243C9B222F4A3
:10B01000E3420B4322F07F021343ADF824301A239E
:10B020000822002009A9F6F7D9FCB4B104A8E6F774
:10B0300029F902236A468DF810301546234604F19B
:10B040001006144618685968083303C4B3422246F0
:10B05000F7D1294604A80DF089FF11B0F0BD00BF5B
:10B06000882C002047F2FF10044B196841F48042FD
:10B07000014041F480411A6013F02BBF882C00205E
:10B0800000B589B0FEF7A8FB01A813F01CFF094822
:10B09000BDF804200168130221F0FF0103F4E2036C
:10B0A0000B43D2B2134343F48043036009B05DF80D
:10B0B00004FB00BF882C002010B50C4B0446186818
:10B0C00088B0830706D54FF0FF332360012063600B
:10B0D00008B010BD10F04000FAD001A813F0F3FE44
:10B0E000DDF806302360DDF80A30EFE7882C002019
:10B0F00008B5074B02461B6813F0400305D11846FC
:10B100001946FFF763FF012008BD0020FCE700BFE0
:10B11000882C00202DE9F0479EB080460C461D4645
:10B1200091469DF898A0A2B116463046E6F7AAF8D7
:10B130001AF0020F0FD004B917AC22463146404630
:10B1400001AB0EF09BF80DB100232B601EB0BDE8E3
:10B15000F0870DAEE9E701AB3146404605AA0EF097
:10B160005AF873780AF0010AFF2B26D0002840F025
:10B17000B68054B105AA09AF134603CBBB42206089
:10B1800061601A4604F10804F6D125B17278554B76
:10B1900003EB82032B60BAF1000F01D10020D5E749
:10B1A000BDF80430D906F9D418204FF6FF71727833
:10B1B0000DF066FC40F60E40C8E74B4F3DB112F073
:10B1C000DBFA10B13B689A072BD500232B603B6854
:10B1D00003F03003102B01D0202B24D117A813F03B
:10B1E00072FE082240460DF15E0115F0F0FA20B122
:10B1F0003B6803F04403402B15D0BAF1000F15D182
:10B2000009A813F07EFE02233370002C4CD1B9F153
:10B21000000FC3D012F0B0FA60B3301DFFF74CFF3F
:10B22000BCE7324BD2E740F60A408FE73B68DB03CE
:10B23000E6D509A813F065FE0223337074BBB9F19B
:10B24000000FB1D012F098FAF0B1301DFFF734FFC3
:10B25000AAE73B6803F08403842B2CD009AB0DAF25
:10B260001A4603CABA4220606160134604F108041A
:10B27000F6D105E025463B6803F08403842B28D0F3
:10B28000301DFFF719FF26E03B68012503F084031A
:10B29000F4E73B68012503F08403DDE712F06CFA64
:10B2A0000028F6D00125D9E712F066FA05460028F5
:10B2B000CFD00025D2E712A8E5F7E4FF022312A8B9
:10B2C0008DF84830E6F70AFB224608214046E6F7AB
:10B2D0006FFA10237380002D3FF460AF64E72D20D8
:10B2E00034E700BFF0200020882C0020842C0020B0
:10B2F00049B9084B197849B14EF66023594328B132
:10B300000548F6F755BA41F28831F8E70248F6F7F2
:10B31000EBBA00BFC3480020D42B002070B586B024
:10B32000054612F029FA10B9022006B070BDF6F7F2
:10B330001DFC0028F8D001A8FFF7BEFE0646002835
:10B34000F2D08DB92E4B1C6814F0020406D02D4BA0
:10B350001B78112BE8D12C4BB3F8E4404FF48163F8
:10B360000221ADF80C3023E02846F7F705F9002854
:10B37000DAD1234B1C6814F0020406D0214B1B7851
:10B38000112BD1D1204BB3F8E4400822294601A863
:10B3900015F01DFA0028E1D04FF4027300260A21AF
:10B3A000ADF80C302B68CDF80E306B68CDF812304C
:10B3B000002203A811F099FE024608B91920B4E74B
:10B3C0000F4B196801F03003102B17D0202B14BF3E
:10B3D00001230323490001F004010B43204600210F
:10B3E00001F08CF80028E9D000210120FFF780FF50
:10B3F00016B10122054B1A70002096E70323E9E7F6
:10B40000882C00208B49002090360020054A00201F
:10B4100030B5002585B0CDE90055F6F765FA12F094
:10B42000ABF91E4C60B906F0F1F90D250021084674
:10B430002170FFF75DFF294668460DF0AAFB18E072
:10B4400023784BB3164917480A780078904223D9DD
:10B450000132012B0A700ED12A464FF4A071284602
:10B4600002F006FDC0B2B8B941F288310E48F6F7D5
:10B470009FF905B030BD022B09D1284602A9F6F785
:10B48000E5FF0028EED102A8FFF748FFEAE7032B0B
:10B4900002D101F0E7F9E5E70425C7E7114A0020EA
:10B4A000124A002003560020D42B002070B51B4AFE
:10B4B0001B4D04465168106886B02E7801AB03C35B
:10B4C0001EB10224204606B070BDF6F7A7FB022885
:10B4D000F7D112F051F90028F3D003A800F032FEA2
:10B4E000082201A90DF10E0015F071F9A0B10D4B64
:10B4F00032464FF4A07130461C7002F0B9FC04468D
:10B500000028DFD10123084A41F2883107482B7017
:10B510001370F6F74DF9D5E72324D3E7376704080E
:10B52000114A002003560020124A0020D42B00208C
:10B53000F0B50C4600219BB02B4F0646492207A8C8
:10B54000069115F06EF93B78012B34D19EBB0DF1BD
:10B550000E01204613F045FE0546BDF80E00F5F736
:10B56000DDFE441BE4B2BDF80E1006A823462A46B1
:10B570000096F6F79FF8304604A9F6F767FFD0B9B2
:10B58000CCB19DF81920B2B9BDF8233003F47E4345
:10B59000B3F5285F1ED3B3F5385F0ED31349BDF85A
:10B5A0000E000B6843F400030B6029460DF0DAFE31
:10B5B00018B104233B701BB0F0BD01220C4B04A852
:10B5C0001A70FFF7ABFE41F288310A48F6F7F0F83F
:10B5D0000223EFE711463A70FFF78AFE1E2104A806
:10B5E0000DF0D7FAE7E700BF114A0020882C0020B1
:10B5F000124A0020D42B0020014B1870704700BF66
:10B60000124A0020014B1878704700BF114A0020F1
:10B61000014B1870704700BF114A00202DE9F04F10
:10B620000446408891B00E298846ADF81A0079D0BA
:10B6300094F80890A77914F013FB09A90546BDF802
:10B640001A00E67914F075FCBDF81A0014F0FBF945
:10B65000420542BFBDF82A3043F40053ADF82A300A
:10B66000E379DB0642BFBDF82A3043F48053ADF8DE
:10B670002A30BDF82A30980613D5022F58D10CA9CC
:10B68000207A13F04FFDDDF83500DDF8391007ABF7
:10B6900003C307AA0021042300910DF11A00FFF74C
:10B6A000C1FA0121BDF81A00F5F7A6FE022F824665
:10B6B0004AD1484B33F81950B8F1000F7FD0BDF88C
:10B6C0002A2051067BD54FF6FB739D4277D8424B1B
:10B6D0001B78033B012B04D8404BB3F8E430AB425A
:10B6E0006DD0D30502D5284613F066FFBDF82A3089
:10B6F000D80464D5002F34D1BDF81A0014F0A3F992
:10B70000C10664D548F23403BDF826209A4209D117
:10B71000334E3078FF2805D003222946FBF74CFB37
:10B72000FF23337000232380638011B0BDE8F08FC6
:10B73000012F01BF237A2B4A03EB430302EB830360
:10B7400014BF00229A1CA5E7012F05D10C2303FB8F
:10B7500009F3244AD55AAFE7A81C0DF09BFE054615
:10B76000AAE7284601F0E4FEBDF81A0014F06BF9D0
:10B77000C206C7D4638950460593F5F7CFFD8346CB
:10B780005046F5F7AFFD059B02905FFA8BF04A46F5
:10B79000394601900093404609AB0DF0DEF9B8F14F
:10B7A000000F14BF0B20092016F0030218BF02F18E
:10B7B000FF32294618BFD2B20DF062F9A2E7BDF8F8
:10B7C0001A0014F040F9C3069CD4002FD2D1A94628
:10B7D000D0E700BF4C3E00208C490020903600206E
:10B7E00007560020BC3D002070B500240C26104BED
:10B7F000104D2A78A24205D8C2B9BDE870400E4863
:10B80000F6F772B8598869B9013AD2B2A2422A70E1
:10B81000EFD0121B184603F10C01724314F0E7FF3E
:10B820000346E6E701340C33E4B2E2E770BD00BF43
:10B83000643B0020154A00201454002070B5194BB9
:10B84000194A1D780023DCB2A54200D870BD144609
:10B8500066880133864202F10C02F4D1E379A588AF
:10B8600003F040028DB9CAB123F00403E37114F070
:10B87000F7F9037803F07F03037021880029E5D1ED
:10B88000BDE870400948F5F793BF00216580A180AD
:10B89000002AE9D1BDE87040FFF7A6BF2046FFF7B8
:10B8A000BDFEF7E7154A0020643B00201454002039
:10B8B0002DE9F047044686B040880F46154614F03F
:10B8C000CFF9A3798046082B4FD8DFE803F0052E87
:10B8D000184E4E4E4E4E050002300DF0DBFD002D91
:10B8E0004BD06946F6F7B2FD00283ED1684601F01C
:10B8F000C9FEB0FA80F0400906B0BDE8F08702A9A1
:10B90000207A13F00FFC6B466E46DDF80D00DDF873
:10B910001110304A03C3237A32F813902E4AD05CB8
:10B9200075B1314613F022FCE6E7237A2B4903EB8D
:10B93000430301EB830231F82390907A961CEFE7E2
:10B940004FF6FB7AD14512D9304604F013F84FF682
:10B95000FF739842054612D00146304601F004FEBE
:10B96000554505D9E379DA060BD40020C4E74D46E6
:10B97000294608F102000DF08FFD0120BCE74D467D
:10B98000F0E74FF6FC78454511D103F00C030C2B82
:10B990001BD1D7B130464FF6FD7101F0E5FD40F601
:10B9A00002412046FFF73AFEFFF71EFFDDE74FF6A4
:10B9B000FD739D4209D10023304619461A4602F014
:10B9C00013FB4146304601F0CFFDE37943F00C0311
:10B9D000E371CAE74C3E0020EA480020BC3D00204D
:10B9E00073B5044640880E4614F03AF902300DF063
:10B9F00051FD0DF0D6FC18B1A11C201D0DF0D6FC98
:10BA0000E6B1E5790135EDB2E57115F0400514D0E8
:10BA1000E4F7CAFF0122054600212046FFF748FF50
:10BA200018B1334B1B882B449DB2324B1B78042B2F
:10BA300001BF2F4B1B885B199DB225800022314628
:10BA40002046FFF735FF002831D0608814F008F950
:10BA5000E279294922F00C03E3710B7805460133A2
:10BA6000DBB20B70C371254BA61C1B780BB3E379BB
:10BA700098061ED52249097861B900220123114692
:10BA800030460092FFF7CEF898B1E37943F0030314
:10BA9000E3710CE05906F0D59207EED5002204239D
:10BAA000114630460092FFF7BDF80028E5D002B0FD
:10BAB00070BD30460DF078FC0028F8D16088FBF7A7
:10BAC00041FD50B10128F2D1E37943F00803E3715D
:10BAD0002B7803F07F032B70E9E7E37943F004034D
:10BAE000E3711B06E3D5074B1A78074B1A70DEE7A4
:10BAF000745500208C490020894900208749002086
:10BB000004560020C8480020144A00202DE9F74FB1
:10BB100006460CF0C6F95D4B0546B3F80090188058
:10BB20005B4BA0EB09041B78A4B2A34298BF00238F
:10BB30004FF000084FF6FF7788BF1B1B544A88BFA1
:10BB4000DBB21370DFF85CB1A9EB00030093514B3B
:10BB50005FFA88F2197891420ED80EB1FFF744FED1
:10BB60004FF6FF739F4200F08A8039464A4803B07F
:10BB7000BDE8F04FF5F71CBEBBF80220002A3CD010
:10BB8000464B9BF807201878BBF800A0042818D073
:10BB90000020BAF1000F08BFA2462044504523D22E
:10BBA000BBF80010009B1944ABF80010002E4AD0DF
:10BBB00002F04802482A46D100215846FFF710FFFC
:10BBC00041E00192F6F77EFB30F01003019ADFD1DD
:10BBD000FAF792FC324B019AB3F800C08445D7D9EA
:10BBE000ACEB000080B2D4E702F00C00042807D1CF
:10BBF0000022ABF800200BF10C0B08F10108A6E7BE
:10BC0000510602F0030C02F008000AD508B3BCF19B
:10BC1000030F21D1BEB140F602415846FFF7FEFCAA
:10BC200011E040B3BCF1010F25D11206F2D44FF45C
:10BC3000C862ABF800209BF8072022F0030242F014
:10BC400002028BF80720BBF80020974228BF174656
:10BC5000D1E703208445DDD213060ED50C4B1A78AC
:10BC60000AEB0200844208DA4A44521B0AEB020142
:10BC7000ABF80010E7E70120ECE701219DE706485B
:10BC800003B0BDE8F04FF5F72FBE00BF36470020E8
:10BC9000144A0020154A0020145400208C4900202A
:10BCA00074550020643B00202DE9F04100250C274D
:10BCB0000A4EDFF830803378ECB2A34204D8BDE8F6
:10BCC000F0410748F5F734B907FB0484A01CF5F7E9
:10BCD0002FF9201DF5F72CF90135ECE7154A002066
:10BCE0002C470020643B002070B500240C4D0D4E05
:10BCF0002B78A34208D81B1BDBB22B707BB9BDE8A5
:10BD000070400948F5F7F0BD04EB440040F60241ED
:10BD100006EB80000134FFF781FCE4B2E8E770BD78
:10BD2000154A0020643B0020145400202DE9F04106
:10BD3000002506462F46114CDFF8448098F8002075
:10BD4000EBB29A4203D8BDE8F041FFF74DBD6088E1
:10BD500013F086FF02300DF09DFBB0420AD16088DF
:10BD6000F8F73EF900230E211846628803F0F8F92F
:10BD7000278067800C340135E0E700BF643B00207A
:10BD8000154A0020F8B5144EDFF854E035789EF8D7
:10BD900000E0124F05EB4504AE454FEA840C07EB7B
:10BDA000840416D0002503F4835343EA1323A171BE
:10BDB0002272E371608027F80C50A58006F040FEE7
:10BDC00033786081013328463370FFF79FFE2846A1
:10BDD000F8BD40F60340FBE7154A0020643B002015
:10BDE000BE5500202DE9F04F354B0E461C78174606
:10BDF00085B05CB9B1F90680DFF8CC90DFF8CCA053
:10BE0000DFF8CCB099F80030A34202D805B0BDE805
:10BE1000F08F04EB44050AEB8505A88800B9688813
:10BE200001A914F086F8B27A9DF80E309A4244D1F6
:10BE3000B8F1000F0FDA317A9DF80C203389914266
:10BE400009D8204800780844824236DA521A1B0A80
:10BE50001341D90731D5384614F05FF8BDF80A30E0
:10BE600004469A0602D5F3889B06CFD5EB7903F0FA
:10BE70000C03042B08D16888F8F7B2F800236A880D
:10BE80001946184603F06CF900212846FFF7C6FB57
:10BE9000FFF7AAFC3846F5F741FA844208D22B7A1C
:10BEA00001228BF8003031460023384603F04AF86F
:10BEB000B8F1000FAADA0024A4E70134E4B2A1E744
:10BEC000134A0020BD550020154A0020643B002085
:10BED0001E4A002008B50BF0E4FF074B1B88C01A70
:10BEE00080B2B0F5807F05D9BDE808400021034845
:10BEF000F5F75EBC08BD00BF364700201454002093
:10BF00002DE9F04788B004460D4613F034FF014692
:10BF10002046F5F70BFC10F0030340F0848010F08E
:10BF20000C0F06D12946204608B0BDE8F047FFF7C0
:10BF300085BC204613F087FDC10659D4204613F076
:10BF40001AFF01462046F5F7F1FB0746204613F09D
:10BF500087FE064602300DF09DFA05A98046204670
:10BF600007F00C0796F806A013F0E3FF73780C2F88
:10BF70000CBF03270627012113F0010F204618BF2D
:10BF80000327F5F739FA2B4B81461B78033B012B2E
:10BF90001DD9BAF1010F1AD94FF6F773984502D897
:10BFA000337A1F2B13D9301D0DF074FAF1798246C4
:10BFB00011F002FF06465046F7F764FBDEB17368E6
:10BFC0005A1C04D0834340F6024308BF1D461A4B57
:10BFD0001B88A34212D1B5FA85F04009FAF774FD27
:10BFE000204613F05EFD0022014607200CF048FDBC
:10BFF00008B0BDE8F08740F60245E8E706F020FD0E
:10C0000082464846F5F78AF906464846F5F76AF942
:10C01000F6B20290424639462846CDE900A605AB65
:10C020000CF09BFDDCE7012BE2D110F00C0FDFD10F
:10C0300078E700BF8C4900202C470020002210B573
:10C04000094B1C78094BD1B28C4201D8002010BD9D
:10C05000197A814202D19979022902D00C33013236
:10C06000F1E70120F3E700BF154A0020643B002000
:10C070000146002210B5084B1C78084BD0B2844210
:10C0800001D8002010BD187A884202D19879012881
:10C09000F8D00C330132F1E7154A0020643B002050
:10C0A000002210B40A4B1C780A4BD1B28C4203D840
:10C0B0005DF8044BFFF798BB197A814205D1997955
:10C0C000012902BF0021198059800C330132ECE7AD
:10C0D000154A0020643B0020024B1878003818BF36
:10C0E00001207047154A0020044B1B6813F0300FE5
:10C0F00003D02021302012F0ECBE7047882C0020A5
:10C10000002310B5044608491A4601EA00414FF0E1
:10C110007F60FEF75BFFE30703D50021302012F0BC
:10C12000D8FE002010BD00BF00007207044B5B88E2
:10C1300023F4784323F08D0303800020704700BF71
:10C14000882C002008B500220346C3F80220C3F85B
:10C1500006200B4A02301268D1B212F0200F18BF2D
:10C1600041F010011980930701D4FEF7A5FF054B9C
:10C170001B78023B032B8CBF1720002008BD00BF9B
:10C18000882C00208B49002038B505460C46FDF769
:10C1900023FB98B10E4B187878B10E4B1B681A042C
:10C1A0000FD58CB113F0420F00D17DB103F4407371
:10C1B000B3F5407F0CBF0020232038BD40F6084077
:10C1C000FBE740F60B40F8E72046F6E72320F4E7CC
:10C1D00087490020882C0020F0B504468DB007A8C0
:10C1E0000D461646E5F74EF81022002103A814F07C
:10C1F00018FB5CB1234603AC03F110072246186814
:10C200005968083303C2BB421446F7D1012703A97A
:10C2100086EA070307A88DF81C708DF81D30E5F736
:10C2200009FC80EA070401A8E4B2E5F7FFF8B6B11B
:10C2300001A88DF806500CF026FF64B1002303A975
:10C2400007A88DF81D300CF091FE0C4B1B78432B8A
:10C2500001D1F7F769FB0A4B1D700DB0F0BD01A8C5
:10C260008DF807500CF00FFF002CF6D003A907A89B
:10C270008DF81D700CF07AFEEFE700BF8B490020AF
:10C2800086490020F0B5012593B007460DA80C465D
:10C29000E4F7F8FF05A90DA8ADF834500CF085FEC1
:10C2A00001A8E5F7C3F809A90DA88DF835509DF848
:10C2B00006600CF07AFE0DA89DF80750E5F782FBAA
:10C2C00070BB731BDBB2802B28D91FB1A64225D0CF
:10C2D000A54223D105A90DA80CF048FE03A8E5F757
:10C2E000A5F803A88DF80F600CF0CDFE01222946B9
:10C2F00009A8FFF771FFF7F7CDFB01214FF400709C
:10C3000003F0F8FEFDF752FAB0F1004F01D9FDF746
:10C3100053FA044B18780CF03AFC012013B0F0BD2E
:10C320000020FBE78649002070B50E4614460546FE
:10C330000320FFF76DF946F00402294620460CF071
:10C3400079FE0022014B1A6070BD00BF842C0020D2
:10C35000F0B587B0078805461022002102A814F026
:10C3600060FA3B4B1B78002B6FD1B80557D407F010
:10C370008403842B5CD0374C12F08CFE17F4045FDE
:10C38000276005F102061CD0BA040AD5304605F034
:10C39000F9FB00284AD1236823F4005343F4807347
:10C3A0002360304612F083FE00283ED10CF01AFCC8
:10C3B00018B9236843F480332360236843F02003D3
:10C3C00023602268334642F4004112F0400218BF55
:10C3D00005F1230247F2FF102160FEF7F7FD0DF192
:10C3E0000600FFF7A3FE236813F4805FBDF8063054
:10C3F00022D043F02003ADF80630BDF80600FFF769
:10C400007FFE23689B0506D5012295F8221005F1D1
:10C410001200FFF7E1FE00200F4B186006E005F167
:10C42000120012F044FE0028A1D0292007B0F0BD70
:10C43000B907A0D52320F9E723F02003ADF8063093
:10C44000FDF7BAF9FEF7A0FBD7E70220EEE700BF41
:10C450008B490020882C0020842C002008B5054B37
:10C460001B7833B1FFF740FEBDE808400248FEF7F5
:10C470003FBE08BD87490020D749002010B5154BA5
:10C480001B78D3B1144B1B78033B012B15D900202B
:10C4900013F032F9044698B1E4F7C2FA237913F0A5
:10C4A000300F0AD148B1012803F0CF0206D0811E17
:10C4B0004B424B415B011343237110BD1023FAE73C
:10C4C000F6F7F0FE0028F8D021462046BDE81040DF
:10C4D00004F0B2B9874900208C49002008B511F05A
:10C4E0004BF9054B18B91868C0F3800008BD1868EF
:10C4F000C0F30050FAE700BF882C00202DE9F04778
:10C50000064689461046002188B015469846F5F73C
:10C510000DF9102807460AD8684B0341DB0706D4FB
:10C52000C8F340049DB9002008B0BDE8F087644B13
:10C530001C78002CF6D0FFF7D1FF00280CBF4FF479
:10C54000F0744FF4D074FC4004F00104EAE70023D7
:10C5500018F0010F1A4629464FF005000CBF4FF0A6
:10C56000080A4FF4027A0CF08DF80028DBD0C823BB
:10C570003246009351460023284606F001F9ADF8F3
:10C580000E000028CFD018F0080A4AD14FF6F773F2
:10C59000A7F10F02D2B29E428CBF09230123012AC8
:10C5A00001D843F04003474A8DF810301378591CE6
:10C5B00011708DF81130002C4FD09DF81030052FE0
:10C5C00043F020038DF8103033D03F4B1D78002D01
:10C5D0005AD04FF6F77300259E424FF00F0248D90C
:10C5E000012304A90DF10E00F4F7D2FF00289AD11F
:10C5F000002C4DD1BAF1000133463A4618BF012153
:10C60000BDF80E00CDF800900CF0D5FEADF80E0090
:10C61000002888D018F0040F4DD0314611F0F9FDF4
:10C6200082E749460DF10E0005F06EFA0028ADD103
:10C6300079E70121BDF80E00F4F7DEFE0121F5F7E0
:10C6400075F80123834013F0620F1CD11E4B1B7839
:10C65000E3B14FF6F7731825BEE71B4B25461B7851
:10C660000222002BBCD04FF6F7739E42B8D8052F9C
:10C67000B6D0BAF1000FB3D19DF8103043F04003AB
:10C680008DF81030ACE710250F22A9E71825FBE73D
:10C69000BAF1000F0AD002234A46009029460DF154
:10C6A0000E00FEF7BFFA0028A4D03CE74123524613
:10C6B000CDF800A0F2E711F096FD35E79FFEFEFFF2
:10C6C0008749002088490020794900202DE9DF436F
:10C6D0001E46144B80461B680F469B0791460A9CDA
:10C6E0001BD4204614B10CF04EFEC0B20622CDE998
:10C6F00002403B460020CDE900890B4910F0F9FECD
:10C70000024650B10021002E0CBF0123032308462E
:10C7100004B0BDE8D043FFF7F1BE002004B0BDE88F
:10C72000D08300BF882C00203F6704082DE9F04F1C
:10C730008DB081468A461F4693469DF85C803AB983
:10C7400003A8FEF7B9FCB0BB00200DB0BDE8F08F28
:10C75000154600222321104610F0C7FCADF80A0050
:10C760000028F1D0F4F7BEFD0523044618F0100FA1
:10C7700000F8023B677020D01122002114F051F81C
:10C7800004F11306032F4FF0080237D15946304603
:10C7900014F02DF8C8F3801306F1090533720CF07C
:10C7A000EEFD00283ED000232B706B700123033573
:10C7B00005F8013C36E003ADCBE7012610221699BF
:10C7C00014F015F806FA07F313F0620F02D104F122
:10C7D0001206D7E707A8E4F755FD05A88DF81C60F9
:10C7E000E4F724FE9DF8162018F0200F9DF817306E
:10C7F00008BF134604F11306A374C3E7514630463D
:10C8000013F0F5FF012306F10802121B28460093DE
:10C81000BDF80A100823D2B2F4F74CFF042F06F13A
:10C820001005BCD02D1BE9B20DF10A0010F091FDEE
:10C8300018F0040F0BD0484603F0EEF8FF281FBF96
:10C84000074A32F8103023F4804322F81030434670
:10C8500051464846BDF80A20FFF750FE75E700BF75
:10C860007046002070B5032690B08DF8076010F078
:10C8700083FF18B90224204610B070BDF5F776F991
:10C880000028F7D002AD2846FEF716FC0028F1D0AC
:10C890001B4B1C6814F00204ECD140F20F43194A00
:10C8A000ADF82430136804A8CDF826305368CDF8CD
:10C8B0002A30E4F7E7FC95E8030005AB83E80300C2
:10C8C000062304A88DF81D308DF81060E5F706F8F2
:10C8D00001210DF12E020DF10700E4F769FF224658
:10C8E0001A2109A810F001FC024608B91924C2E770
:10C8F000012329462046FFF701FE0028BBD1F5E7BA
:10C90000882C0020D74900202DE9F04F06460F461D
:10C91000002199B01F2210A803930F9113F081FFFB
:10C92000304613F028FA01463046F4F7FFFE8DF842
:10C930001B00304613F094F99DF81B304578814672
:10C94000C5F340059806304648BF45F0020513F090
:10C95000E4FA04463046F4F7E1FC0023001B5FFADA
:10C9600080FA00935346232B28BF232322463146C7
:10C970000FA8F4F79FFEA04B9DF83C801B789DF814
:10C980003DB0002B39D0FFF7A9FD00280CBF4FF4B4
:10C99000F0734FF4D07323FA08F3D9072DD5AA0703
:10C9A0002BD4B8F1080F22D1BBF1040F22D1FAF732
:10C9B0006DFDF8B92246314605200DF11B030BF041
:10C9C0004DFEB8B1A8F10508B8F10D0F12D8DFE897
:10C9D00018F02D00A601CA01EF01F50111001100A8
:10C9E00011001100FB019D02A902D702D702B8F184
:10C9F000050F09D019B0BDE8F08FB8F1100F0AD1BA
:10CA00007E4B1B78412B02D0FAF740FDD2E7039B07
:10CA1000002BF9D1EEE7FAF739FD0028CAD0B8F1BA
:10CA2000050FC7D0B8F1110FC4D0E3E7BBF1050F74
:10CA3000E0D8304613F077F8059009F102000CF0C9
:10CA400029FD81460DF11E00FFF770FB01239DF8C3
:10CA50003D70BB4013F06203039305D0BDF81E3058
:10CA60009B0701D5AE07C5D510F086FE0028C1D0C2
:10CA7000FAF70CFD08B9002DBCD00DF13E0A504666
:10CA800012F015FB039B0490BBB1032F9DF84EB031
:10CA90001AD10DF14F0410F06FFE814540F018815E
:10CAA000032DA7D19DF856105246003918BF012119
:10CAB0000DF14E000CF0C0FC9CE7032FDDF80CB02C
:10CAC0007BD10DF14E04E6E74D4B1B689C0729D541
:10CAD000FF2208210DF1570010F091FD804608BBA0
:10CAE000034601460DF157020220FEF76FFA10F0DF
:10CAF00043FE81450DF157060DF14F0422D04FF64C
:10CB0000F773994540F2E98000220821204610F091
:10CB100076FD002800F0E180002259465046FFF7DC
:10CB20005BFB67E70DF157060DF14F04304612F03D
:10CB30000CFA002846D010F01FFE814540F0C98055
:10CB40004FF000082046F5F717FD002800F0C180DF
:10CB5000012F59D0042F7FF44DAF12F019FA10B104
:10CB6000032D7FF447AF049B002B7FF443AF324685
:10CB700002215046FFF7D8FB224B1B7863B1FFF729
:10CB800071FEFEF73FFD022806D10120FEF734FDBD
:10CB900001210846FEF7ACFB184B1B78022B1FD176
:10CBA000032130460BF0F5FFFEF72CFD014600286F
:10CBB0007FF420AFFEF79CFB1CE70DF156060DF14C
:10CBC0004E04B3E70D4B1B78432B7FF413AF012FBB
:10CBD0007FF410AF10F0D0FD81457AD1B846B1E7AF
:10CBE000412B7FF407AF064B1B6858057FF502AF5A
:10CBF000F8F7BAFBFEE600BF874900208B4900200A
:10CC0000882C0020054A0020BA4C2378022B22D021
:10CC10002378412B3FF4EEAE049B33B9FAF736FC90
:10CC2000594602465046FFF7D7FAFAF72FFC00287C
:10CC30003FF4E0AE12F0ACF9AF4F98B13B681A0583
:10CC400002D42378432B0DD1AB070BD440F61A4006
:10CC5000F7F7D6FACEE612F09BF90028D8D0A9074C
:10CC6000D6D4C7E6386810F0020002D1059903F067
:10CC7000E3FD2378112B16D13B685C0513D500200A
:10CC8000FEF74CFB044600287FF4B4AE11F00CF91B
:10CC900040F61C40F7F7B4FA21462046FEF728FB81
:10CCA000F7F7BAFAA6E6A80701D5FFF71DFAB8F11B
:10CCB000000F9DD00BF096FF18B94FF4803112F0A1
:10CCC00008F900228D4B30461A6012F035F98FE7D3
:10CCD0000026039B002B7FF412AF4FF6FF73204614
:10CCE00008A9ADF82030F5F78BFB20B1204610F0F5
:10CCF0001EFDADF820004FF6FF73BDF820009842EE
:10CD00003FF478AE049B3246002B0CBF042315235E
:10CD10002146CDE900A33B46FFF708FD6AE610F087
:10CD20002BFD00287FF466AE754B1B78002B3FF47B
:10CD300061AEA90704D4704B1B689A013FF55AAE47
:10CD4000BAF10C0F0DF1450094BF002412AC0CF0A9
:10CD5000A1FB3946024600949DF847000DF13D03C2
:10CD600004F062FC46E60DF13D00F5F705FC28B144
:10CD7000022239460020FAF71FF83BE6614B1B7888
:10CD8000013B012B3FF636AE0DF13D0002F0F2FD06
:10CD90004FF6FF739842044606D10DF13D0010F0A6
:10CDA000C6FCA0423FF426AE0021FAF715F921E6B1
:10CDB0002A4638460FA904F035FD1BE69DF83D10C4
:10CDC0000120FFF75FFA15E64E4B1B78013B012B64
:10CDD0003FF610AEEB077FF50DAE0DF13D0002F012
:10CDE000C9FD4FF6FF7398420546804673D10DF199
:10CDF0003D0010F09CFC4045054607466BD10DF107
:10CE00003D00F6F72FFAB84205463FF4F3AD304641
:10CE1000F4F784FA00220934E4B2071BFFB2394662
:10CE2000104610F062F9ADF81C0000283FF4E2ADA6
:10CE30004FF0010900232A460821CDF8009005F0A3
:10CE40009FFCADF81E0000283FF4D4AD21463046CB
:10CE500013F045F84FF0000A80461622514609A803
:10CE6000CDF820A013F0DDFC43462246314608A849
:10CE7000CDF800A0F4F71EFC4B46424608A90DF180
:10CE80001E00F4F785FB00287FF4B4ADA7EB08077C
:10CE9000FFB2394607A810F05CFA284602F0BCFD44
:10CEA000FF2818BF184A444418BF32F81030E4B2C3
:10CEB0001CBF23F4804322F81030BDF81C00234629
:10CEC00032460021009710F06CFA2946BDF81E008A
:10CED00011F09FF98EE5284602F09EFDFF280746D7
:10CEE00095D0F6F77DFC002891D0384603F0C4F9C0
:10CEF0008DE700BF8B490020882C0020842C002067
:10CF0000874900208C490020704600201E4B1B786A
:10CF1000013B012B3FF66EAD2A4638460FA9FCF7C0
:10CF2000DDF967E5194B1B78022B20D1002F7FF428
:10CF300061AD08A8FEF7C0F800283FF45BAD144BC4
:10CF40001F709DF83D30002B14BF64246524FEF74C
:10CF500059FB032806D138463946FEF7C9F9384649
:10CF6000FEF756FB214608A80BF013FE42E5043BF2
:10CF7000012BDBD938460CF014FA0028D6D139E55C
:10CF800030460CF010FA35E58C4900208B49002022
:10CF9000054A00202DE9F34105460E4617469846FE
:10CFA00011F0F6FF044640B101233A4631462846C7
:10CFB000CDF80080FFF78AFB044611F0E9FF30B19D
:10CFC000FFF78CFA78B10A4B1B689B010BD4002346
:10CFD0003A4631462846CDF80080FFF777FB002C13
:10CFE0000CBF0446012404F0010002B0BDE8F0814A
:10CFF000882C002070B58AB005A8E4F743F9022315
:10D0000001AA15468DF81430084B03F1100614469A
:10D0100018685968083303C4B3422246F7D1294639
:10D0200005A8E4F707FD0AB070BD00BF4567040816
:10D03000014B1878704700BF05560020014B18704F
:10D04000704700BF05560020014B1888704700BF8D
:10D050009E5500204FF6FF732DE9F043994280461C
:10D060000D4685B00BD000274FF6FD791C4EE3F737
:10D07000A7FCFCB2A0420BD84FF6FF701DE0F5F7FD
:10D080007BFA0028EFD005B0BDE8F04310F074BB88
:10D0900036F814304B4517D86946204612F00BF885
:10D0A000082241460DF1050013F091FB4FF6FF7386
:10D0B00060B99D4204D136F8140005B0BDE8F08394
:10D0C00026F8145011F074FF0137D0E79D42FBD0D1
:10D0D00036F81430AB4208BF26F81490F4E700BFCE
:10D0E0004C3E00202DE9FF4706460F4600254FF62F
:10D0F000FD79DFF83C80DFF83CA0E3F761FCECB29F
:10D10000A04202D804B0BDE8F08738F814304B458F
:10D110000CD86946204611F0CEFF082231460DF1A9
:10D12000050013F054FB08B90AF804700135E4E770
:10D130004C3E0020EA480020014B33F810007047B5
:10D140004C3E0020F0B5064600250D4F85B0E3F7B4
:10D1500037FCECB2A04201D805B0F0BD37F814306E
:10D16000B3420BD16946204611F0DCFF9DF8003038
:10D17000022B1CBF4FF6FD7327F814300135E6E78C
:10D180004C3E002030B585B004460D46E3F718FC50
:10D19000A0420FD9084B33F814204FF6FD739A4282
:10D1A00008D86946204611F0BDFF29460DF105005B
:10D1B000FFF750FF05B030BD4C3E002030B585B0C4
:10D1C0000446E3F7FDFBA04219D92046FEF736FFDF
:10D1D0000546B0B96946204611F06DFF9DF8003054
:10D1E0002BB1694620468DF8005011F080FF4FF6B4
:10D1F000FF720020044B23F8142005B030BD282016
:10D20000FBE740F60440F8E74C3E00202DE9F041F2
:10D210000B7805460E461BB9BDE8F041FFF7CEBFBF
:10D22000E3F7CEFBA84231D92846FEF707FF78BBCB
:10D23000374617F8058B4FF6FF713846FFF70AFFA0
:10D240000446384600F01EFAB0FA80F04009B8F102
:10D25000000F15D0B8F1030F15D04FF6FF724FF63F
:10D26000FD73944208BF1C460B4B314623F8154012
:10D270000A4B5855284611F03AFF0020BDE8F081CE
:10D280004FF6FF74F0E74FF6FE74EDE72820F5E760
:10D2900040F60440F2E700BF4C3E0020EA48002080
:10D2A0002DE9FF410D4604464FF6FE780F4F0E0A5A
:10D2B000E3F786FBA04204D8FF24204604B0BDE873
:10D2C000F08137F8143043450CD16946204611F0FF
:10D2D000F2FE9DF80520EBB29A4203D19DF806308C
:10D2E000B342EAD00134E4B2E2E700BF4C3E002092
:10D2F0002DE9F04F0C461746984600254FF6FD7B6A
:10D3000087B09DF840A0DFF85C900190E3F758FBF0
:10D31000EEB2B04201D8FF2616E039F816205A4581
:10D320001ED8304602A911F0C6FE3FB99DF809206B
:10D33000424515D19DF80C20524511D144B939F818
:10D340001620019B9A420BD1304607B0BDE8F08F02
:10D35000082220460DF10D0113F039FA0028F3D010
:10D360000135D3E74C3E002010B5144611F0A3FE62
:10D370002046BDE810400822014913F038BA00BF2A
:10D38000D74900202DE9FF470746154608460822E1
:10D3900024491E4613F01BFA044600283FD14FF6DD
:10D3A000FF7ADFF88490E3F70BFB5FFA84F84045DF
:10D3B0000BD885B338460BF0D9F901250C9B1870B2
:10D3C0000120357004B0BDE8F08739F818305345B6
:10D3D0001FD06946404611F06EFE7A789DF8013004
:10D3E0009A4216D17A88BDF802309A4211D13A7920
:10D3F0009DF804309A420CD108220DF10501781DE8
:10D4000013F0E5F928B9002DD7D140460BF0C4F947
:10D41000D3E70134C7E7FF200BF0BEF9CEE70020C9
:10D42000D0E700BFD74900204C3E0020F0B50025D2
:10D43000154E164F85B0E3F7C3FAECB2A04201D8FF
:10D4400005B0F0BD6946204611F035FE9DF800306C
:10D45000032B06D90023694620468DF8003011F0D1
:10D4600046FE9DF8002062B14FF6FD734FF6FE7147
:10D47000032A08BF0B4626F81430002301353B551C
:10D48000D9E74FF6FF73F6E74C3E0020EA4800204C
:10D49000F8B50E4604464FF6FF770C4B0C4D1B7843
:10D4A00003EB430305EB8305A54202D80024204685
:10D4B000F8BD2388BB4206D008223146A01C13F0D9
:10D4C00086F90028F3D00C34EEE700BFC0550020E9
:10D4D000BC3D0020044BFF211A78044802EB4202B5
:10D4E000920013F09EB900BFC0550020BC3D002043
:10D4F000F8B504460C4B0D461B781046A3420DD9D7
:10D500000C27022117FB04117C43084E08223144EA
:10D5100013F06DF9335B00202B80F8BD00231360FE
:10D5200053604FF6FF73F6E7C0550020BC3D002066
:10D5300038B504464FF6FD75FFF704FE0022084B90
:10D540001878084BD1B2884200D838BD33F80C1C8B
:10D550000132A14208BF23F80C5C0C33F2E700BF94
:10D56000C0550020C83D002070B505460E4608464F
:10D57000FFF7DEFF31462846FFF76CFD29460648D7
:10D58000FFF786FF00B970BD044624F80C6B11F05C
:10D590000FFD29462046F3E7BC3D002010B50822C8
:10D5A00086B02349044613F012F920B906B0BDE84D
:10D5B000104010F0E1B8082220461E4913F007F988
:10D5C00020B91D4BB3F8E40006B010BD00230122C2
:10D5D00021464FF6FF700093FFF78AFEFF2806D022
:10D5E000164B33F810004FF6FB739842ECD903A8A2
:10D5F000FEF7A8FD58B9BDF80C305B0607D5082228
:10D6000021460DF10E0013F0E2F80028DCD021468F
:10D610000B48FFF73DFF40B14FF6FB724FF6FF732B
:10D620000088904288BF1846CEE74FF6FF70CBE7E0
:10D63000D749002076370020903600204C3E00204D
:10D64000BC3D002070B5002204464FF6FB7608462C
:10D650000A4B1D780A4BD1B28D4201D8002009E057
:10D660001988B14207D8A14205D10822991C13F0AC
:10D67000BEF8012070BD0C330132ECE7C05500202C
:10D68000BC3D002037B5014605460E48FFF700FFB8
:10D69000044640B1807A294611F068FD80F001000F
:10D6A000C0B203B030BD03460090012229464FF6B8
:10D6B000FF70FFF71DFEFF2816BF034B2046185CC6
:10D6C000E9E700BFBC3D0020EA4800202DE9F34116
:10D6D000224B04461B780F468342154638D9FEF785
:10D6E000C7FCB8BB4FF6FD739D421D4E0ED004EB38
:10D6F000440326F823504FF6FF739D421FD1204666
:10D70000FEF7CEFC002002B0BDE8F0810DF106016D
:10D710003846F4F775FE4FF6FF72BDF8063038460E
:10D72000934218BF1D460C236343F55206EB0308D2
:10D73000FFF7A8FFB0FA80F0400988F80A000C2330
:10D7400003FB046008223946023013F050F8D9E791
:10D750002820D8E740F60540D5E700BFC055002097
:10D76000BC3D002038B504460D46FFF7BBFC214602
:10D770000448FFF78DFE00B938BD857221460C3094
:10D78000F7E700BFBC3D00200023074A1370074A9B
:10D790001370074A118801B11380064B1A880AB129
:10D7A00000221A80704700BF174A0020164A002046
:10D7B0003C4700203A4700202DE9F04F4C4C98465A
:10D7C000238889B005900F4610469DF848A05BB9A4
:10D7D00052B10FF0D7FD20804FF4FA61454809B0EF
:10D7E000BDE8F04FF3F7E4BFDFF81C91B9F8005043
:10D7F000002D6AD02846F3F791FDC0F34704284670
:10D80000F3F770FDDFF804A10294BAF80030DFF8F6
:10D8100000B10193BBF80030054600930022434657
:10D82000012035490FF065FEADF81E0010B305EB81
:10D8300044080124454512D1E4B9BDF81E50CDB1CC
:10D840002E4B1B782BBB2B4600223946059800F047
:10D8500049FA0023ABF80030AAF800300AE00123AF
:10D8600029461A460DF11E00F3F792FE02350446D2
:10D870000028DFD00023224AA9F800301378013BAA
:10D88000DBB21370002BA7D109B0BDE8F04FFFF752
:10D890007BBF0FF0EBFE01462846F3F747FF0A2156
:10D8A00080462846F3F742FF0646A64202D8FF2CE0
:10D8B000CFD1C8E704F10B012846C9B2F3F736FF10
:10D8C0008045C0D80134E4B2EFE70E4C237823B989
:10D8D00004F0EAFD08B901232370524641460520B1
:10D8E000F5F738FA0028CFD1207009B0BDE8F08FE5
:10D8F0003C4700203454002056670408184A002092
:10D90000174A0020164A00203A470020BA46002055
:10D91000BC46002030B5154D87B02C889CB92346F5
:10D920004FF4A07248F2380103A811F003FD21461C
:10D93000204610F0ACFB22460D4B009403A9FFF7E4
:10D940003BFF07B030BD204612F08AF904300BF0DF
:10D95000A1FD03A90446288812F0EBFA00230093E6
:10D9600020462A8803A900F08DFBEAE73C47002007
:10D9700000F8FF0737B5002001A910F088FB0D4C17
:10D98000014623780C4D7BB10C4B019A187810F0AE
:10D990009DFB2078F7F70EF8002323702B700848C2
:10D9A000F3F7A2FF03B030BD2B78002BF7D0FFF7C1
:10D9B000B1FFF4E71A4A0020174A0020194A002054
:10D9C0003454002008B50548F3F7B2FA0448F3F7D9
:10D9D000AFFABDE808400348F3F7AABA3C47002075
:10D9E0003A470020384700202DE9F04F89B089469A
:10D9F0000446CDE905239DF84870139E30B316F810
:10DA000001ABBAF1000F23D00AF1FF34A400E4B255
:10DA1000314601200BF052FDC00E1BD1DFF844B19E
:10DA2000314601200BF04AFD9BF800503444227926
:10DA3000BDB1002F47D180234846CDE90277CDE91B
:10DA40000077414A059900F04DF93CE08246DFE756
:10DA50005446DDE71B28ECD9314601200BF02EFDA2
:10DA6000E7E7DFF80481FF2A00EA08080BD1424605
:10DA7000E379A179607901EB032189B209B0BDE8AE
:10DA8000F04F10F023BB314909688B070AD5FE2AF5
:10DA90003AD101230135EDB2202D4FEA43030AD1DB
:10DAA000FF250AE029462846079210F0F0FA48457B
:10DAB000BFD1079AEBE79845ECD1254B1B78FF2B9C
:10DAC00004D0AB4204D009B0BDE8F08FFF2DFAD0EE
:10DAD0000020F2F741F9A842F5D029460020F2F7DC
:10DAE00041F90028EFD09BF800306479002BEAD18F
:10DAF000FFF74AFE17484FF41051F3F759FE164B43
:10DB00008BF800501C70DEE7052A92D8BAF1010F9D
:10DB10008FD8B8F1000F8CD0002FD4D17379002B9F
:10DB2000D1D00E49098821B9082B28BF08230C49F8
:10DB30000B70434648461292DDE9051209B0BDE874
:10DB4000F04FFFF739BE00BF56670408882C00204D
:10DB50000656002034540020194A00203C4700207B
:10DB6000174A00201A4A002000F8FF07014B1880CE
:10DB7000FFF7D0BE3A47002037B5184B1B78022B71
:10DB800003D01725284603B030BD00210DF1070052
:10DB9000F4F778F805460028F3D1114B1B78013BC8
:10DBA000012B01D90225EDE7F3F7DAFF0028F9D0C0
:10DBB0000AF09DFF0446F3F7D3FF0A4B4FF47A7146
:10DBC00018700B23B4FBF3F203FB12440A34A4B223
:10DBD00061430548F3F7ECFDD4E700BF8B49002013
:10DBE0008C4900207C490020B42B00202DE9F04313
:10DBF000384B00241E784FF4F813374FA5B0039329
:10DC00003D78ADF81040F6F781FFBDF90E30ADF864
:10DC10001200A342ADF8144006DB304B1C780134EF
:10DC2000E4B21C7044F080048DF82C40A946022414
:10DC30004FF000088DF82D60B14529D30022214610
:10DC40000BA83D708DF82D800FF04FFAE8B1B8F1B8
:10DC5000000F09D000234FF6FC71CDE9000303AAA1
:10DC6000FF230620FBF7DAFFB5422FD20AF03FFF71
:10DC70000B23B0FBF3F24FF47A7102FB13000A306E
:10DC800080B241431648F3F793FD25B0BDE8F08319
:10DC9000484606A902F016FB98B9512C11D804F198
:10DCA00090030DEB0302083406AB013508F10108BF
:10DCB00003CBE4B242F8640C42F8601CEDB25FFAA8
:10DCC00088F809F101095FFA89F9B5E70448F3F723
:10DCD0000BFEDAE77C4900207D4900201C4A002029
:10DCE000B42B00200CB42DE9F04F8BB014AA0E46D3
:10DCF00052F8041B07460992002940F08F80BDF8B6
:10DD00005400ADF82200002800F0A18033794FF6CE
:10DD1000F778002B40F0868047458CBF4FF009080C
:10DD20004FF008084C4B1C78FF2C40F08380B6F96C
:10DD30000230002BA9BF494B347A1C780134A2BFB2
:10DD4000E4B21C7044F08004DFF81CB122460021CC
:10DD5000F3F700FD9BF80030BDF82200002B6CD0DB
:10DD6000DFF808A14FF00009BAF800300793F3F785
:10DD7000D5FA0546BDF82200F3F7B4FAEBB2CDE9C7
:10DD80000193FF23CDE90309009322463346394628
:10DD90000798FCF7DDF84FF6FF7305468BF8009007
:10DDA000AAF80030382D33D13246394640460DF1BD
:10DDB00022030BF0FEFA00284BD04FF6F7739F4278
:10DDC00026D8B6F902307088002B21DA48F2040216
:10DDD0002349244B4FF00008904214BF89469946CE
:10DDE0000FF0CAFC494603468A220120CDF8008084
:10DDF0000FF07FFB814658B122464146F3F7AAFC5B
:10DE0000FF23324639464046CDE90098FBF706FF2E
:10DE100028460BB0BDE8F04F02B0704701200FF06C
:10DE20002EFB6EE7002347458CBF4FF0060898464F
:10DE3000337177E7FF221A7086E7CDE90003324697
:10DE4000FF2339464046FBF7E9FE0546AAE71925B8
:10DE5000DEE70546DCE700BF085600201C4A00202C
:10DE6000676704085C6704081B4A00203E470020DF
:10DE700070B54FF4003300240546164688B0ADF85F
:10DE80001A100DF10F0204A90593ADF81840ADF872
:10DE90001C4004948DF80F400BF062FA9DF80F308F
:10DEA00028460193049B044A009305A93346FFF7D3
:10DEB00019FF08B070BD00BF6067040830B54FF4AB
:10DEC0008035002487B00395BDF82850CDE90012B5
:10DED0008DF81030074A034603A9BDF82C008DF8D1
:10DEE0001140ADF81250ADF81440FFF7FBFE07B03B
:10DEF00030BD00BF35680408B1F1006F2DE9F04373
:10DF000014462CBF392238228BB01D464FF0000337
:10DF1000ADF81E204FF480022CBF4FF00109994646
:10DF2000FF2C0646ADF81C300892ADF824304FEABD
:10DF300011471FFA81F80FD110F0BDF8B9F1000FA9
:10DF400019D1154ACDE9020543463046CDE90074A2
:10DF500007A9FFF7C7FE1AE0FE2C0AD110F0ABF8B4
:10DF60000130C0B210F0C1F8B9F1000F12D00B4A65
:10DF700002E0E8B2F8E70A4ACDE90305012330469A
:10DF8000CDE90174CDF8008007A9FFF7ABFE0BB017
:10DF9000BDE8F083034AD5E76467040833680408E2
:10DFA00063670408346804084FF498124FF08063E4
:10DFB00010B586B0CDE903230023ADF814300FF07F
:10DFC000DBFB0446F6F7A2FD054B01900093054AE2
:10DFD000234603A94FF6FD70FFF784FE06B010BD7F
:10DFE000D74900206A67040830B500244FF48065E3
:10DFF00087B0CDE900128DF81030084A034603A916
:10E000004FF6FD708DF811400394ADF81250ADF845
:10E010001440FFF767FE07B030BD00BF6E6704080D
:10E0200070B515461E464FF498124FF0806386B0C7
:10E03000CDE9032300230122ADF814300D4B044633
:10E040001A700D4B1880084661B1FBF7D1FD2346CD
:10E05000CDE90056094A03A94FF6FD70FFF742FECD
:10E0600006B070BD064B8DF8161019700223ADF87E
:10E070001230ECE71B4A00203E4700206A67040884
:10E08000085600202DE9F04F9BB00E4605460EA91C
:10E090001046CDE90A329DF8907011F0A2F8BDF853
:10E0A00038A080465046F3F739F9B6F902300446F5
:10E0B000002BB6F80690B6F802B004DA0022B14B95
:10E0C0001A70002049E05046F3F728F94045F5D38F
:10E0D000A4EB0804E3B2002F18BF4FF4A079152B6E
:10E0E000099328BF15230024013308F1FF3251465C
:10E0F000DBB2D2B214A80094F3F7DCFA6FEA4B4318
:10E100006FEA5343A0499DF8502008684968ADF86C
:10E1100046300FAB03C3ADF84840ADF84440ADF80E
:10E120004A90ADF84C20BBF1000F24D10DF1510005
:10E13000F4F722FAA0B10FF01FFB5C4606460DF182
:10E14000590A0DF151030A9A9AF80080012A2DD13B
:10E1500057B384F0010404F001001BB0BDE8F08F58
:10E160000DF1510001F006FC4FF6FF74011B4C420B
:10E1700006464C41E3E7BBF1010F40F09280BDF849
:10E1800051600FF0F9FA86420AD030460FA911F01B
:10E190000CF980F00104E4B20DF1530A0FABD2E7A1
:10E1A0007A4B0DF1530ACEE70A9CD4E797B3002CC3
:10E1B0006DD1B8F1010F6AD837D10FF0DDFA0FF049
:10E1C000DBFA224606469AF80170704B00210120C6
:10E1D000CDE9006102976E490FF08BF9ADF83A0076
:10E1E000002854D0002C54D1B8F1010F51D126464B
:10E1F000DFF8B4A19AF800305FFA84F8434538D9C3
:10E20000404601F099FCC20702D5BFB1013FFFB201
:10E210000134EFE7B8F1010F05D1002CCDD08122F8
:10E220009AF80170D2E7002CF9D1B8F1010F94BF30
:10E23000002201229AF80170D201C7E7404601F09E
:10E2400069FB0123ADF8340002220DA90DF13A005B
:10E25000F3F79EF9D8B9BDF83A00F3F75FF88046B6
:10E26000484610F0F4FC08F1010801368045F6B28A
:10E27000CEDBA6B132460C21BDF83A00F3F76AFABC
:10E2800000222846BDF83A3011A9FFF72BFD0120E6
:10E2900063E70C210DF13A000FF05BF8F0E70D2178
:10E2A000F8E70A9B002B7FF40CAF7388342B57D10F
:10E2B000099B092B7FF405AF002F7FF402AF9DF976
:10E2C00059603A46B41008210DF1510004F02004C1
:10E2D0000FF095F9D0B12F4B1B78012B3FF4F1AE25
:10E2E000022B27D12C4B1B6813F0807F25D12A4BA2
:10E2F0001B685B0201D5002E30DA00232846274A2E
:10E3000011A9FFF7EFFC264B1C70DAE60DF1510066
:10E31000F4F732F90028DED10DF1510001F02AFBAB
:10E320004FF6FF73984208D02146F8F755FE034692
:10E3300018B903E0033B012B06D9C8232846174A26
:10E3400011A9FFF7CFFCBCE6164BB3F8E430AB42A3
:10E35000CDD0114B1B6813F0805FC7E78D23EDE72D
:10E36000099BCDE9059204930DF15103CDE9028398
:10E3700031462846CDE9007A0B9B11AA00F074F8CB
:10E380009FE600BF0F4A00200C640408D749002014
:10E39000726704088C490020882C0020DF6704087D
:10E3A0000756002090360020D0550020024B1878E8
:10E3B00040F08000704700BF1C4A002038B50A4B6F
:10E3C00005461C7824B10FF0D7F9B0FA80F464093F
:10E3D000F8F7D4FE08B144F04004E2F703FB44EA46
:10E3E0004020284038BD00BF87490020014B1888D5
:10E3F000704700BFA6550020014B188000207047D1
:10E40000A6550020084B10B504461880F6F77EFB91
:10E4100004F0100400F00403A3421EBF9843034B12
:10E420001870002010BD00BFA45500208A490020AC
:10E430004FF6FF71034602881B798A4217BF0749CE
:10E4400001200A8041881EBF054A00201180FF2B51
:10E450001EBF044A00201370704700BFA255002061
:10E46000A05500201D4A00202DE9F04FB7B00D93B4
:10E47000BDF80431439C0E93BDF8143183460F93CD
:10E480009DF818312046B1F80290884692469DF8D2
:10E4900000519DF8086110930AF0FCFFB9F1110FCB
:10E4A000074600F289800FF067F9B84200F08E80CD
:10E4B000B9F1060F19D14FF6FD739F423ED0DDB979
:10E4C000BC4B1B78033B012B36D9384601F0A4FA2C
:10E4D000FF2814BF8923812300225146CDE9007211
:10E4E0005846B54AFFF7FEFB06E02DB9B9F1030F18
:10E4F00008D8B9F1010F0AD80022B04B1A7037B012
:10E50000BDE8F08FA9F10403022BF5D8D8E7A94B99
:10E510001B78033B012B0DD9384601F07DFAFF280B
:10E5200014BF8923812351465846A54A0097FFF717
:10E53000D9FBE1E78023F6E78023CDE7A14B1B78E9
:10E540005A074BD40FF018F9002703463A4601202A
:10E55000994900970EF0CDFF2379ADF86C000F9329
:10E560000028CCD00E9806EB4309F2F7D7FE5FFAED
:10E5700089F909F105085FFA88F88045BFD241465C
:10E580000E98F3F7D3F8109008EB40080E98F2F7C6
:10E59000C5FE8045B3DADDE90F321343DBB2002B51
:10E5A00040F03182002DAAD1A84642460421BDF890
:10E5B0006C00F3F7CFF878E1824BB9F13A0F1B7892
:10E5C00013D948F23B03994508D016E07D4B1B78E0
:10E5D0005B070DD5A9F10403022B09D8B8F8063062
:10E5E00043F48043A8F8063089E7B9F11B0F1ED821
:10E5F000A9F102039AB2132A5ED9109B3246029304
:10E600000F9B4846CDE900530D995B460AF0B5FED5
:10E610000F287FF474AF0122684B1A70694B1B7886
:10E620009B0740F1F483002D7FF469AFD6E7A9F191
:10E630001C021E2AE1D801A151F822F061EE020865
:10E64000FBE50208FBE502087DEA0208FBE502089B
:10E650005BEB02085BEB0208FBE50208FBE5020846
:10E66000FBE50208FBE50208FBE50208FBE5020802
:10E67000FBE50208FBE50208FBE50208FBE50208F2
:10E68000FBE50208FBE50208FBE50208FBE50208E2
:10E690008BEB02088BEB0208F7ED0208FBE50208A2
:10E6A000FBE5020817EE0208FBE50208B1EE0208DE
:10E6B000C7EE0208D5EE0208132B9ED801A252F82D
:10E6C00023F000BF15E70208DDE70208FBE70208B8
:10E6D000D9E8020845E50208FBE50208FBE5020867
:10E6E000FBE50208FBE50208FBE50208FBE5020882
:10E6F000FBE50208FBE50208FBE50208FBE5020872
:10E70000FBE50208FBE5020815EA0208FBE5020842
:10E710008DEE020800241BAB5A4631460D9800933B
:10E720001DAB1D948DF86C400AF01BFE0FF024F811
:10E73000204B05461B78012B03D0022B14BF02246B
:10E740000124E2F74FF9162894BF0020012044EA83
:10E750004014F6F7DBF91C4B0646B3F80080FBF7D4
:10E7600053FA1A4B07464FF6FF70B3F80090FFF7C5
:10E7700025FE174B9DF86C201988124B1B7813F05F
:10E7800002031CBF134B1B780B921D9ACDE90701A6
:10E79000CDE9093240235146CDE9014358460023D3
:10E7A000CDE90579CDE903680B4A0095FFF79AFAA0
:10E7B000A5E600BF8C4900205C6704080F4A0020D2
:10E7C00067670408C5480020A6550020A255002010
:10E7D000A05500201D4A0020786704080EF0CCFFE9
:10E7E000A24BA34A1B88CDE940030023514658465B
:10E7F00037B0BDE8F04FFFF775BAA4781DA9631EC6
:10E80000DBB2EF2B204610D9F22C0ED00DF0AFFF6B
:10E8100082240EF0B1FF00235146CDE90003954A52
:10E8200023465846FFF75EFA69E60DF0A0FF002880
:10E8300050D00EF0A1FF9DF878209DF87A10049238
:10E84000BDF8762049000392BDF87420C9B2CDE925
:10E8500001429DF8792003465200D2B208320A44A0
:10E8600000920120002284490EF043FE9DF8793089
:10E87000ADF86C008DF8673000283FF440AE0026FC
:10E8800001230DF167011A461BA8F2F781FE054628
:10E8900000287FF434AE9DF86730EAB2934209D87D
:10E8A0009DF87A308DF8673016B1BDF86C3033E0E2
:10E8B0000126E5E7314620460DF09CFF0123ADF827
:10E8C000680002221AA91BA8F2F762FE013500288F
:10E8D000E1D014E683249CE70EF04EFF0446EFF7E8
:10E8E0006DFA234600900022012062490EF001FEDD
:10E8F00000283FF404AE00252C46ADF87400EFF775
:10E900005DFAEEB2B0420DD822460421BDF8740083
:10E91000F2F720FFBDF87430002251465846FFF749
:10E92000E1F9ECE53046EFF72BFAFF288DF86C00A3
:10E930000AD0012301341A461BA91DA8E4B2F2F73C
:10E9400027FE00287FF4DBAD0135D8E71846B4F880
:10E950000290EFF715FAFF288DF8680000F0D182D9
:10E960001DA90DF004FFBDF874304B4507D04FF6DC
:10E97000FF72914540F0C582180400F1C2829DF8F3
:10E9800079301393731DDBB214930F9B1293002302
:10E9900011934FF00009CDF834900EE0149B0E98BF
:10E9A00003EB4101C9B20EF00FFD0023159013993E
:10E9B000DAB28A4218D309F10109129B5FFA89F190
:10E9C0008B42EBD89DF87A301393169B14930D9BD2
:10E9D000002B40F08982119B002B40F09282012392
:10E9E0001193109B1293D4E711999DF86800179327
:10E9F0000DF000FF0D9B159A824208BF01230D9375
:10EA0000179B0133D3E709F106095FFA89F3B8468A
:10EA1000169377E2A61C31463846A57AEDF78AF8B8
:10EA2000012231463846FAF783FB384610F06CFE77
:10EA3000304600F09FFF2288824207D04FF6FF72D7
:10EA4000904203D000F0E8FF10F075FD85F0080457
:10EA5000C4F3C00421463046FEF784FE214630460A
:10EA600037B0BDE8F04F0AF0D1BC00BFA45500207C
:10EA7000596804085C67040885670408AE4B1B7876
:10EA8000033B012B7FF63BAD0EF076FE58453FF47D
:10EA900036AD0AF02CF80B23B0FBF3F24FF47A7189
:10EAA00002FB13000A3080B24143A448F2F780FE13
:10EAB000F3F756F800283FF422AD01230022184650
:10EAC0009F4994F800900EF014FDADF868000028FE
:10EAD0003FF415AD00270136F2B23D463C463E46B6
:10EAE0000DF16C08FBB24B4514D3002C3FF407AD7D
:10EAF00001232A461DA91AA8F2F74AFD00287FF42F
:10EB0000FEAC22460221BDF86800F2F723FEBDF8F4
:10EB1000683001E7082340460E9900960D92F2F7FF
:10EB2000C9FD4146002000F047FFFF280D9A0FD095
:10EB3000844B1B5C0F2B0BD998E8030005F1D8031D
:10EB40006B44643B83E8030008350134EDB2E4B262
:10EB500002F108030137DAB2C4E7002D7FF4CFAC2D
:10EB600019073FF53BAD4B4622465146584604F047
:10EB7000F3F800287FF4C3AC842351465846724A08
:10EB800037B0BDE8F04FFFF7ADB823780F9810937A
:10EB900010F05DF800210646584605F031F9664B45
:10EBA000B9F1310F1B780746A3F103030BD1012BF9
:10EBB00034D9664B1D78664B1B781D441623EDB285
:10EBC0000D93002209E0012B2CD9624B1D780523FF
:10EBD000002D14BF002284220D930024109B0120DD
:10EBE00000935D49234601940EF083FC00283FF416
:10EBF00086ACF61BCDE90E44F3B2DFF86C81574FBB
:10EC00001193ADF86C00E6B2B54210D80E9A02210D
:10EC1000BDF86C00F2F79EFD0F9AC7E4162301259C
:10EC20000D93CEE70523002584220D93D5E7162208
:10EC300000211DA811F0F5FDB9F1320F40D13B794B
:10EC400003F00302032A24D18DF876200E9B0133B2
:10EC5000DBB20E930E9A109B934215D2BDF86C0056
:10EC6000F2F75CFB0D9B1844119B98420CDC0123CE
:10EC70000D9A1DA91BA8F2F78BFC00287FF43FAC6E
:10EC80000F9B0133DBB20F93013408F112080837F0
:10EC9000B9E7B9790029D9D13149C3F3C203CB5CB3
:10ECA0001DA8012A08BF43F0010339888DF876308A
:10ECB0000AF0F2FB79880DF177000AF0EDFBC5E769
:10ECC0001DA80FF050F94FF0FF33CDE91F331F4B54
:10ECD0001B78B34260D998F804306F2BD4D83046F3
:10ECE0001FA9F4F731FE1F4BB8F80020B3F8E43049
:10ECF00092B9003B18BF01235B0143F004038DF878
:10ED0000863002238DF88730B8F802301B0A11468E
:10ED10008DF8893021A8D0E79B1A18BF01235B0129
:10ED200043F005038DF8863002238DF887300F23DA
:10ED30008DF88830E8E700BF8C490020B42B002014
:10ED4000DE670408C9480020DF6704088549002001
:10ED500084490020CE550020DC670408A645002029
:10ED60009167040890360020504300200132D2B24F
:10ED7000561EF6B230461393129200F0DDFEDDE926
:10ED8000122310F0010FF1D065490978611A9942F8
:10ED900005D00133DBB2E9E701220023E8E7614B4C
:10EDA0001FA918783044C0B2F4F7CEFD304600F009
:10EDB000B1FD1290304600F0BFFE10F0010F129A24
:10EDC0000FD116238DF88630574B1B780133DBB2F9
:10EDD0000F2B28BF0F238DF88830544B33F8163093
:10EDE00094E73046129200F0A7FE10F0020F129A3C
:10EDF000E7D11223E6E71A073FF5F0AB23465A4660
:10EE000051460F9804F000F800287FF478AB002DED
:10EE10007FF475ABB0E695B1454B1B78033B012BF6
:10EE20007FF66DAB0EF0A8FC18B9BBF1000F7FF4B4
:10EE300066AB207837B0BDE8F04FF5F7E1BC0EF0D7
:10EE40009BFC20B13A4B1B78033B012B01D880235C
:10EE500093E62B4651465846364AFEF743FFE8E70D
:10EE60000EF08AFCB8427FF44AABA01CF3F784FB97
:10EE700000283FF444AB0EF07FFC04460EF07CFC0F
:10EE80002D4B2E4ACDE940032346AFE420460AF03D
:10EE900001FBFFF793FA00283FF431AB40900023C9
:10EEA00051465846264A37B0BDE8F04FFEF71ABF24
:10EEB000524659460020CDE940540D9B37B0BDE87D
:10EEC000F04FFEF791BD524659460120CDE940541E
:10EED0000D9BF3E72B46514658460D9A409437B0A8
:10EEE000BDE8F04F04F020B801231AA91A461BA868
:10EEF000F2F74EFB00287FF402AB08F101085FFA3D
:10EF000088F80137FBB20D93EEF758FF0D9B98423E
:10EF10003FF61CADB8F1000F3FF444ABFFF745BB23
:10EF200085490020C9550020044A00202E460020B3
:10EF30008C490020DF670408D74900208D6704084A
:10EF4000676704082DE9F04389B004460D4616466C
:10EF500010F0E3FF0DF10A020146204610F098FE82
:10EF6000284F0446DFF8B080002844D101233B70CD
:10EF70002B88BDF80A1033B103460246072009F07A
:10EF80006DFB002837D0204BD8F80010B3F8009064
:10EF9000ADF80C9089B108220DF10E0011F027FC9C
:10EFA0000C211A4B1A481B788DF81630194B1A7819
:10EFB000E3B2934206D3FF230BE0CDF80E10CDF859
:10EFC0001210EDE7013401FB04FC30F80CC0CC4515
:10EFD000EED1BDF80A008DF81730F2F79FF904461C
:10EFE000BDF80A00F2F77EF929460090E3B23046F8
:10EFF00003AA09F0AAFD0023C8F800303B7009B04D
:10F00000BDE8F0831F4A00204C4700201E4A002024
:10F01000B03D0020C055002030380020F8B5144B1A
:10F0200004461D88134B0580196819B10822023067
:10F0300011F0DDFB104B0C201B78104EA372104B0F
:10F0400019780023DAB28A4201D3FF2205E00133A6
:10F0500000FB03F7F75BAF42F4D10A4BE2721B7877
:10F060002373094B1B786373084B1B682361F8BD3E
:10F070004C470020303800201E4A0020B03D0020C0
:10F08000C0550020004A0020FF4900201C38002005
:10F0900073B5ADF806000DF106000EF038F8014624
:10F0A00008B102B070BD0DF106000EF0A7F80446DD
:10F0B000F2F718F9C67A002EEDD1204610F086F945
:10F0C000FF28E8D000F020FD054BD3F80451002DB7
:10F0D000E1D03346224641213046A847DBE700BF56
:10F0E0009036002073B5002200210C2000F06EFD48
:10F0F000002119480EF010F801250446164E84B17F
:10F10000204610F063F9FF2805D1214630460EF065
:10F1100059F80446F3E704220023009500F02AFD85
:10F12000F3E721460D480DF0F7FF012504460B4E8D
:10F130000CB902B070BD204610F048F9FF2804D089
:10F1400008220023009500F015FD214630460EF000
:10F1500039F80446ECE700BF504700205247002032
:10F160002DE9F84F10460E461746994610F086FCDA
:10F17000254A264B0021B0F5006F14BF90469846F3
:10F1800040460DF0C9FF4FF0000A0446DFF880B09A
:10F190000CB9BDE8F88FBC4228D12046F2F7A2F89E
:10F1A000857A80F80BA0013DEDB2857216B13F2E35
:10F1B00000D02DBB07F025FC0546204610F05EFC74
:10F1C000B0F5006F4FF00002214615D10F480EF048
:10F1D00034F8FFF787FF284607F019FCDBF80451E5
:10F1E00025B14B463A4631460020A84721464046C5
:10F1F0000DF0E8FF0446CBE703480EF01EF8EAE7FF
:10F20000FFF770FFF2E700BF524700205047002091
:10F210009036002000232DE9F34706460F464FF6AF
:10F22000FF78284CDFF8A090ADF8063020460DF0AE
:10F230006EFF054648B9294620460DF06DFF82460F
:10F24000F2F750F80389B34217D94C4501D1FFF7C3
:10F2500049FF002120460DF05FFF054607F1FF3A08
:10F260005FFA8AFAD5B94C4516D1BDF80600FFF70A
:10F270000FFF404602B0BDE8F0877B1EDBB2FD2BDE
:10F28000D4D9294620460DF0B9FF2A4651460DF142
:10F2900006000DF047FFC9E74C46C7E7BAF1FD0F7E
:10F2A00009D92846F2F71EF803899B1B9BB29845A3
:10F2B00028BF98460381294620460DF083FF054666
:10F2C000D0E700BF524700205047002008B508F0A3
:10F2D000E8FD0B4AFF2113881080C31A98B2FFF78C
:10F2E00099FF4FF6FF7301469942064803D1BDE8E6
:10F2F0000840F2F7F9BABDE80840F2F759BA00BF82
:10F300005447002054540020174B00282DE9F041A9
:10F31000164D18BF1D460F4628464FF000010CBF82
:10F320004FF008084FF002080DF0F6FE044610B941
:10F330002046BDE8F0812046F1F7D4FFC37A0646A7
:10F3400023B1214628460DF03DFFEFE7204610F09F
:10F35000C4FB42460146384611F039FA0028F0D184
:10F36000B378002BEDD1E3E750470020524700204F
:10F37000014B1860704700BF3438002010B50446B8
:10F380000548F2F7B1FA0023044A1380044A1380B7
:10F39000044B1C8010BD00BF545400205247002075
:10F3A000504700204E47002008B50448F1F7C0FD43
:10F3B000BDE808400248F1F7BBBD00BF524700203E
:10F3C00050470020014B1880704700BF4E47002077
:10F3D0002DE9F3410446884608F063FD324B0746A9
:10F3E00020461E880FF0F2FF0546204610F046FB2F
:10F3F000B0F5006F32D1FF2D06D001230422009317
:10F400002846002300F0B6FBB8F1000F1DD107F02D
:10F41000F8FA2146054625480DF0A2FE284607F0D9
:10F42000F6FA23480EF098F8224BA8B31988711AFF
:10F4300017FA81F086B22046F1F754FF03230681C4
:10F440008372002002B0BDE8F08107F0DAFA0022F2
:10F450002146054615480DF065FEDFE716480DF01C
:10F46000BBFE04281ED8FF2D06D0012308220093DE
:10F470002846002300F07EFBB8F1000F05D107F00D
:10F48000C0FA214605460C48C6E707F0BAFA002242
:10F49000054621460848DEE7314605481F80F2F759
:10F4A00087F9C8E71C20CDE74E47002050470020D1
:10F4B0005454002054470020524700202DE9FF47B4
:10F4C00008460C4610F0BFFA00F48058204610F0B1
:10F4D00040FB0546204610F013FBB0F5404F1BD112
:10F4E000B8F1000F14D029460020FFF70DFF0546A4
:10F4F00070B1F1F7F7FE0023404A8178044600928C
:10F5000018462A460193F1F769F808B90123E37216
:10F51000012004B0BDE8F087284609F0BBFF814612
:10F5200000F07AFAFF28074637D00125A0F120061F
:10F53000C0F12003324925FA03F305FA06F61E430B
:10F540008540D1E900232A433343C1E9002300F079
:10F550009BFA044638B1384600F0EEFA10F00C0F72
:10F5600014BF01240024B8F1000FD1D04FF0000ADD
:10F5700003A90120ADF80C90FFF7C6FE8146F1F714
:10F58000B1FE8046B9F1000F1ED1BAF1000F14D1BF
:10F59000FF2FBDD0002CBBD128E01A4B1B684BB10C
:10F5A00048469847044628B1B8F1000FB0D000256E
:10F5B0002E46DBE7B8F1000F01D10020A9E70025B6
:10F5C00001242E46A246D3E774B100230B4A81786A
:10F5D000009218464A460193F1F700F8002897D1A7
:10F5E000012388F80B3093E7FF2F91D0064BD3E926
:10F5F000001229433243C3E9001289E761F102088E
:10F6000048160020343800204016002038B5044643
:10F6100010F034FA0546204610F05FFAA5F50063B5
:10F620000446014658425841FFF76EFEB0B9B5F5A1
:10F63000006F01D0002038BD204609F02BFF00F0FC
:10F64000EBF9FF28F6D0064B00B21B6833F8100028
:10F6500000F4E260003818BF0120ECE70120EAE77F
:10F66000383800202DE9F7434FF000090746ADF880
:10F67000049000F061FA10F00C0F29D04FF002084E
:10F68000154D2B88A5F80090ADF806300DF1060059
:10F690000DF03DFD044630B1B8F1010F14D04FF02C
:10F6A00001080E4DEDE721460DF106000DF0A6FD17
:10F6B00006460FF08BFEB8422246314614BF28465C
:10F6C00001A80DF02FFDE1E7BDF80400FFF7E0FC15
:10F6D00003B0BDE8F08300BF524700205047002030
:10F6E0002DE9F04FDFF8208185B0D8E900321343CF
:10F6F0007CD105B0BDE8F08F02EA040103EA0700FF
:10F70000014327D022EA040223EA0703C8E90023C1
:10F71000DAE9002302EA040503EA070C55EA0C05BE
:10F720006FEA04006FEA070124D1304600F004FAC2
:10F73000C2070FD5304600F0E7F9DBF81831002B8F
:10F7400045D11D46304600F0E5F8DBF800310BB13D
:10F750002946984724197F4109F10109284B5FFA8E
:10F7600089F61B78B342C4D9D8E9002352EA0301D1
:10F77000C2D1BEE702400B403046CAE9002300F088
:10F78000DBF9C307E6D51F4B30461B6833F816304C
:10F7900003F48873102B10D000F0B6F9DBF81831A1
:10F7A00013BB1D460123102200933046002300F0B6
:10F7B000E1F90020F0F776FEC4E700F0A5F9DBF8E8
:10F7C00018310125002BBDD00122039502E0002550
:10F7D0002A4603950392002130469847039A002A4F
:10F7E000B0D0002DAED1DDE70025EDE74FF00009E8
:10F7F00001244F46DFF814A0DFF814B0AEE700BFD5
:10F8000009560020383800204816002040160020F5
:10F8100090360020F8B50346084613B309B3402AD2
:10F820001FD8114900260B601049002708601049B5
:10F830004FF0FF350A7000210C4604338A4205DC84
:10F840000021520010F0EDFF0020F8BDC3E903676E
:10F8500003F8044C23F8024C1D605D60013118333D
:10F86000ECE72120F1E700BF3C38002038380020C9
:10F8700009560020F0B5144CDDE905672568EDB1A7
:10F88000F0B91248007888421AD901EB41014FEAD9
:10F89000C10C05EBC10415F8311011B92169C90774
:10F8A00010D4002005F80C0062801A6846F00106AA
:10F8B00062605A68C4E90467A260F0BD0220FCE7F8
:10F8C0002120FAE72E20F8E73C38002009560020D6
:10F8D0000E4B30B51A68A2B10D4B1B78834212D97A
:10F8E00000EB400002EBC003C10000240020002513
:10F8F000C3E9044550544FF0FF3258805A609A6073
:10F9000030BD0220FCE72120FAE700BF3C38002090
:10F9100009560020094B1B6863B1094A12788242DC
:10F9200008D900EB400003EBC0031A69D20701D5E8
:10F93000588870474FF6FF70704700BF3C38002072
:10F9400009560020094A0346106870B1084A127827
:10F950009A4209D903EB430300EBC303186910F083
:10F96000010002D0181D7047002070473C3800206D
:10F9700009560020F8B50E4B05461C6834B128B175
:10F9800000260C4B1F78F3B29F4202D84FF6FF704F
:10F9900009E008222946201D10F019FF20B923692B
:10F9A000DB0701D56088F8BD01361834EBE700BFEE
:10F9B0003C38002009560020F8B5154B04461D6858
:10F9C0000E46E5B1134B1F78874218D900EB400370
:10F9D00005EBC30526B92B69DA0712D42046F8BD1A
:10F9E00008223146281D10F0F2FE50B92B69DB07C2
:10F9F000F4D40134E4B2A74205F11805F0D1FF2494
:10FA0000ECE70134E4B2A74205F11805E2D1F6E7CC
:10FA10003C380020095600200A4B01461B6830B5CF
:10FA20002BB1094A14780022D0B2844201D8FF20B9
:10FA300030BD5D888D4202D11D69ED07F8D40132D9
:10FA40001833F1E73C380020095600200C4B1B68A6
:10FA50009BB14FF6F77291420DD80A4A1278824252
:10FA600009D900EB400003EBC0031A69D20704D5A3
:10FA7000002059807047212070470220704700BF46
:10FA80003C380020095600200F4A03461068D0B1C8
:10FA90000E4A12789A4215D919B203EB430300EBD0
:10FAA000C300036913F001000DD0094A126832F84F
:10FAB000112002F4E2622AB913F00C0F14BF0120E6
:10FAC00000207047012070473C3800200956002074
:10FAD000383800200A4A0346106878B1094A12787B
:10FAE0009A420AD903EB430300EBC300036913F006
:10FAF000010003D0C3F3001070470020704700BF1F
:10FB00003C38002009560020094B1B686BB1094A9C
:10FB10001278824209D900EB4000C20003EBC0001A
:10FB20000169C90701D5985C7047FF20704700BF85
:10FB30003C380020095600200C4A0346106890B15A
:10FB40000B4A12789A420DD903EB430300EBC30032
:10FB5000D0E9043213F001004FF0000104D0184640
:10FB60001146704700200146704700BF3C38002016
:10FB70000956002070B51C46124B9DF8106019689C
:10FB8000D1B1114B1B78834218D900EB4000551EB0
:10FB900001EBC0012543D1E9040301D0C5070FD50E
:10FBA0002EB110432343C1E90403002070BD20EAB5
:10FBB000020023EA0403F6E70220F7E72120F5E735
:10FBC0002D20F3E73C38002009560020134BF0B5F8
:10FBD0001B6803B300266FEA000C6FEA010E104C9D
:10FBE0002778F4B2A74201D80020F0BDD3E904453C
:10FBF00014F0010F07D014F0020F04D132B1044306
:10FC00000D43C3E9044501361833EAE70CEA04045E
:10FC10000EEA0505F5E70220E7E700BF3C380020C3
:10FC2000095600200B4B70B51B682BB100240A4A03
:10FC30001678E2B2964201D8002070BDD3E90425BF
:10FC400002400D402A4304F1010403F11803F0D0EF
:10FC50000120F2E73C380020095600202DE9F0474A
:10FC60000026FF27B246164DDFF8588098F800307E
:10FC70005FFA86F94B4502D83846BDE8F0872B7904
:10FC80002F2B0FD928460EF060F82B796C7903F0F2
:10FC9000070304F0030483422CBFE4182418E4B2E1
:10FCA000A24506D95446B946A2464F4612350136FA
:10FCB000DCE7288801F0A6F80028F3D1F4E700BFBC
:10FCC00050430020854900202DE9F04F89B082463D
:10FCD0000FF029FF0290504610F04DF80026411C0D
:10FCE0000546C9B25046F1F721FD3446B346B14648
:10FCF000B04600F01F00023500EB4000EAB27D4F35
:10FD000050FA85F5EDB2AA4276D97B4E3378002BB6
:10FD10006FD0A400B4FBF3F4E4B2042C029808BF43
:10FD20000324F3F7BFFA054600283FD1FFF796FFFB
:10FD3000FF285ED0714B05B2049018780DF0ECFFEF
:10FD400080452CBF04EB08012118B8F1000F14BF47
:10FD500001230223674F05EBC50507EB450553FA61
:10FD600081F3284603930DF0F0FF95F804C06B79FA
:10FD70000CF0070103F0030388422CBF1B185B182B
:10FD8000039ADBB29A4234DA049AB8F1000F04D134
:10FD900019B13378033B5B452BDC104602990DF01B
:10FDA0007CFF05B205EBC50507EB45052B791E0960
:10FDB000B8F1000F7ED0414628460DF0F0FF032138
:10FDC00028460DF0F2FFB9F1000F09D1002E40F0E6
:10FDD000848008F08CFEC0F30B014948F1F7E8FC81
:10FDE0006B79504623F003031C446C710FF030FE16
:10FDF000A87309B0BDE8F08F4ED0424B51461B8826
:10FE000007A8ADF81C304FF000038DF81E3000231A
:10FE1000009303230392F1F74DFC9DF81E30BDF8CB
:10FE20001C101B09039A18BF09F10109CDE904133D
:10FE300018BF5FFA89F903920DF09EFC0499039AAA
:10FE40008842059B03D19DF81E8008F00F082E48BC
:10FE500090F800C014E017F80E0C10F0070003D063
:10FE60000BF1010B5FFA8BFBAA4207D037F812ECBB
:10FE70008E4503D113B108B10134E4B20136F6B2B4
:10FE8000AA4207F112070BD1B4450FD917F80E0C8F
:10FE900010F00700E4D1F1E700234FF6FF71D6E739
:10FEA00037F8120C884201D8B445D4D80332123F37
:10FEB000D2B228E7022E14D95B0707D04146284664
:10FEC0000DF073FFB9F1000F83D089E703212846B5
:10FED0000DF06BFFB9F1000F82D1062E3FF679AF1E
:10FEE0007EE7314628460DF060FF59EA06063FF4EA
:10FEF00070AF75E750430020C9550020004A00202C
:10FF0000F42B002099670408854900202DE9F0436F
:10FF10000823002485B08DF808300646022301210D
:10FF20004FF6FC70CDE9004402AA0FF000FFADF8D7
:10FF30000A00D8B12746DFF8A080DFF8A09099F832
:10FF40000020E3B29A4224D8BDF80A4020460FF0C0
:10FF500012FF411C47F060022046C9B2F1F7FAFBDC
:10FF60000022BDF80A001146F4F70EF808F0BFFDB4
:10FF7000184AC0F30B01137801F55A51013113B13E
:10FF8000013B89081370304605B0BDE8F043F1F736
:10FF90000FBC18F80E5C6F2D17D8404630F8123D94
:10FFA0002D01ADF80C300DF0D0FE05F070052844A1
:10FFB0008DF80E000123032203A90DF10A00F1F7C9
:10FFC000E7FA0028D2D10137FFB2013408F1120854
:10FFD000B5E700BF81490020624300208549002029
:10FFE00010B5054C2046F1F77FFC2046BDE81040D7
:10FFF0000021F1F7DDBB00BFF42B00202DE9F04319
:020000040803EF
:10000000284D87B0F6F76AFA2A7827492748FFF77C
:1000100001FC09212A78264810F003FC0026224F13
:10002000DFF89480DFF894902B78F4B2A34202D8E2
:1000300007B0BDE8F0830B232246182103A807F080
:100040009FFF4FF6F670BDF814209DF81630511E34
:1000500089B2814215D80020C3F3C003DB1840EBFE
:100060000001CDE90031214603ABFFF703FC002876
:10007000DED14FF4805327F8143048F8240029F8D3
:100080001400012322461B210DF10A0007F078FF1E
:10009000BDF80A20064B01361A558022054B1A5529
:1000A000C2E700BFD055002070460020F0100020AD
:1000B000C948002058490020B02A00202E460020C0
:1000C00010B50A4B1C78FFF7A7FCFF280DD0012CB8
:1000D00038BF0124064A230232F8101019B101EB8F
:1000E0001313A3EB111322F8103010BD004A0020A7
:1000F0002E4600202DE9F047002506460F46AA4669
:10010000DFF84490DFF8448099F80030ECB2A34265
:1001100002D85046BDE8F0872046FFF70DFDC20724
:100120000CD52046FFF708FD830707D438F81430B4
:1001300037B133434FF0010A28F814300135E3E7B3
:1001400023EA0603F6E700BFD055002070460020E2
:1001500010B5084B084A1C780023D9B28C4201D84C
:10016000002010BD32F8021B013330EA0101F4D146
:100170000120F6E7D055002070460020F0B50C466F
:100180004FF6F77187B08A4286461D469DF830606B
:1001900002D9002007B0F0BD596818680DF10C0CA9
:1001A000ACE803002A49ADF814200978A142F0D93F
:1001B00000218DF81660B61006F002060191704617
:1001C00021460096FFF756FB0028E2D1214B224A38
:1001D00043F824009DF83830204E1B0222F81430DA
:1001E0004FF4A0432146182026F8143003AA0B230D
:1001F00007F0CFFE9DF83430194A13F0040F17BFF3
:100200000123184B135536F814300BBF1B7843F0FD
:100210000803135526F81430214601231B202244DD
:1002200007F0B7FE0021104B104A1B7828462344E4
:1002300042F8231003F0B2F80D4B1855284603F08E
:10024000D5F80C4A0120137801331370A2E700BFE0
:10025000D0550020B02A00202E46002070460020F5
:10026000C9480020B5550020C9550020E4220020CF
:100270005849002084490020054B1B78834206D949
:100280000021044B044A1B78034442F823107047B2
:10029000D0550020C9550020E4220020074B084A11
:1002A00018780023D9B2884200D8704711880133EA
:1002B00021F4805122F8021BF4E700BFD055002042
:1002C0007046002030B585B004460D46E0F784FB4B
:1002D000A04202D8172005B030BD2046FFF72CFC05
:1002E000C007F7D50B232246182101A807F048FEC6
:1002F0009DF80E2001AB03CB69609107286030D4D4
:1003000012F0080F0CBF042303232B722046FFF7C3
:1003100001FB154B68811B5D20466B73FFF7F4FBF7
:10032000124A2873135D4FF47A7103F00F03AB7315
:10033000135D002013F00F031FBF03F1FF320223F0
:1003400093403C2218BF5343094A08BF0A2352F87E
:100350002420B2FBF1F29A422CBF00239B1A2B619E
:10036000B9E70223D1E700BF58490020C94800205F
:10037000B02A0020F8B5194E0446337883422BD0BA
:10038000FFF7C8FA4FF6FF77B84225D02046347001
:10039000FFF768F92046FFF79BFA0546E0B9104AD7
:1003A0001378013B1370F4F7ADF9294620460FF09E
:1003B000A2F880220B4B204623F814500A4B1A5502
:1003C0000A4B23F814500DF00FF92A463946112034
:1003D00008F056FBFF233370F8BD00BF0A5600201B
:1003E0008449002070460020584900202E460020F5
:1003F0002DE9F04F82460E4615464FF000088BB0AF
:100400001F469DF854309DF850B005934E4B5FFA4F
:1004100088F41B78A34207D84FF6F7739D421AD889
:1004200017F002083ED018E02046FFF773FA0B23BE
:1004300081462246182107A807F0A2FD4FF6FF7358
:100440007EB9994516D14FF6F7729DF82630954240
:1004500003F0EF0311D94FF6FF7528460BB0BDE846
:10046000F08F994506D00822304607A910F0AFF961
:100470000028E8D008F10108C8E79F4207F0020908
:100480002DD0F3F7ADF900285BD1304B304A1B7803
:1004900053FA88F312F8238020460FF04CF8B9F194
:1004A000000FDAD1E0F798FA2A4B1B788342D2D0BA
:1004B00000210846FFF780FAFF280446CBD0059BB1
:1004C0000146CDE901B32A46334650460097FFF76F
:1004D00055FE0028BFD0F4F715F9C14612E02046BA
:1004E000FFF718FAA842CCD1B9F1000FB5D13046C8
:1004F00002F054FF184B5FFA88F803F80800304602
:1005000002F074FF594620460EF0C9FF2046FFF75F
:1005100001FA05460DF030F9002301460122284674
:100520000FF043FEF3F75CF928B9084B084A1B7833
:10053000234442F8239020460BB0BDE8F04FFFF76C
:10054000E9B94FF00008A7E7D0550020C9550020B1
:10055000E42200208449002058490020F8B50026F4
:10056000104F3C78F5B2AC420FD800250E4B64001A
:10057000224629460D481D7010F053F9224629469F
:10058000BDE8F8400A4810F04CB92846FFF76AF871
:10059000002128460EF0AFFF2846FFF799F90136F3
:1005A000DFE700BFD05500208449002070460020BE
:1005B0002E460020024B80211A78024810F031B9F3
:1005C000D05500205849002073B5044616460D4604
:1005D0000EF0C8FF03230020CDE90030054B224672
:1005E00029469B5DFFF704FF001B18BF012002B0E6
:1005F00070BD00BF9C67040838B5FFF70DFAFF28EF
:10060000044614D00A4D35F810301B070FD5094B9E
:10061000094A1B7801461354012302441B2007F0AA
:10062000B8FC35F8143023F0080325F8143038BD31
:1006300070460020B5550020C94800202DE9F04F34
:10064000794B05461B788946022B17468BB004D0A0
:10065000002630460BB0BDE8F08F0EF0E1FE0646F6
:100660000028F5D14FF6F9739D4262D04FF6F8732A
:100670009D4276D02B0A28460DF11E018DF81C30C4
:100680008DF81B50F1F7E2FE002814BFB0464FF082
:100690002008B34614BF06230E23022229463846FB
:1006A000039300F0EBFC01220446039B002840F07A
:1006B000B880DFF880A18DF818209AF8002049460C
:1006C000CDE900008DF81A208DF81D0006AA4FF61E
:1006D000FC708DF819800FF02AFB81460028B7D0F6
:1006E0000DF04AF8B8420FD048460FF0B9FA394633
:1006F000043008F0D1FE384604A90EF056FE70B161
:10070000484604A90FF09AFB484B1B78033B012B8A
:100710002BD84FF6FF7148460DF07BFD06469AF840
:100720000030FF2B0EBF01230133DBB28AF800300B
:100730008FE74FF008084FF0200B3C4B1B78033B32
:10074000012B85D90DF018F8B84281D10DF014F8BD
:10075000FC238DF81B30FF2305468DF81C30062343
:100760009BE74FF01008C346E7E70EF0D6FF804640
:100770000028D4D00DF000F8A8422DD12C4B1A78C7
:1007800052BB03214846F3F7FFFB0028C7D09AF875
:100790000030A8F8007088F80430002388F805308D
:1007A00088F808300CF0E8FFA84202D1204B1B78F3
:1007B00053B10CF0E1FFB84206D12CB1237923F0FC
:1007C000030343F00103237100224FF6FF710C2055
:1007D00008F056F90126A2E75946284608F1070213
:1007E00000F078FC0446002899D0002203214846F6
:1007F000F3F7CAFB0028CAD1237903F00303012BC6
:100800008DD10CF0B9FFA84203D1094B1B78002B06
:1008100085D0237943F0030323714FF6FF732380C0
:100820007DE7164615E700BF8B4900208C49002064
:100830000B560020204A002037B50E4B05461B788A
:100840000C46033B012B11D9E0F7EAF801280FD041
:10085000821E53425341590128460DF1070200F010
:1008600039FC18B1002144800EF03EFF03B030BDCA
:100870001021F1E78C4900202DE9F0438BB0857AF7
:10088000B0F8069004460E4617460CF075FF8145F9
:10089000804605F0400541D1002160880DF06AFADC
:1008A0000246002E44D1082304A9C14501EB0306EA
:1008B0000CBF234902A90868496803C6A2B30221F4
:1008C00000268DF8172001228DF81010217A45F0AE
:1008D00020058DF81210A18808338DF81310090A2D
:1008E0008DF81410E188CDE900268DF81510090A5D
:1008F0008DF816106088314604AA8DF811500FF05B
:1009000016FA054680B161880FF0E1F879003246A9
:10091000284601F0FE01F3F737FB06E0E08802A964
:100920000EF043FD0028B7D100200BB0BDE8F083E6
:100930003068716806AB03C345F010051023B3E7B8
:10094000D74900202DE9F74388461E4607469146C1
:100950000FF086F90021044630460DF00BFA0546EB
:1009600008F107013846C9B2F0F7CEFE7DB1B9F102
:10097000000F02D103781D44EDB2057063781A07A9
:1009800016D569463046F1F761FD024618B10020E0
:1009900003B0BDE8F083082168460CF030FE002863
:1009A000F5D120460FF01DFA082269460FF01FFF0F
:1009B0000CF0E2FE0146201D08F06EFD6378DB06B8
:1009C00003D538460B490FF039FA3146A01C08F020
:1009D00063FD314638460FF07AF8074A1378013341
:1009E000DBB21370E371A3790BB10120D0E70123CF
:1009F000A371FAE7D749002089490020FF232DE998
:100A0000F04F8FB08146164605918DF822301AB30B
:100A100001230BAA0EF0DBFD9DF836500446EF06CD
:100A200025D50027059BBDF8308003F10802494613
:100A3000D2B209A808230097CDE90977F0F73AFE6A
:100A40003A46404609A9F8F773FB002840F08C802D
:100A5000A90627D510220DE013460BAA0EF0B7FD0C
:100A60009DF836500446A80663D5062202E0AA0681
:100A700018D5082200230599BDF832700A44CDE943
:100A8000093349460093D2B209A80823F0F712FEB1
:100A9000384686F0010209A9F8F74AFB002863D11D
:100AA000002E46D0BDF830700CF066FE874249D06B
:100AB00038460EF0B5FC8046002E45D1BDF82EB06C
:100AC000002158460DF056F9BDF82C300390184619
:100AD00006930EF0A5FC06460CF04EFE069B8342E4
:100AE00042D0B64B1B78033B012B3DD915F0400398
:100AF000049339D1039B0BB9002E35D09DF8357086
:100B0000039B05F018051F44FFB2082D8DF83570C2
:100B10006CD120230493002C40F042810EF0FDFDA7
:100B2000054608B3002E40F0B28033460126B24697
:100B300074E0BDF832700CF01FFE8742B8D14FF060
:100B40000108BBE74FF00108002C43D09C4BE27931
:100B5000678803EBC20633F83220BDF832309A4280
:100B600005D04FF6FF7323800FB0BDE8F08FBDF8BE
:100B70002EA0B8F1000F08D0002130460EF0B4FDD1
:100B8000A6F802A00EF014FAEEE7BDF830000EF061
:100B9000B3FD0546414630460EF0A6FDA6F802A07C
:100BA000884E2DB1414628460EF09EFD63886B802D
:100BB0000EF0FEF93378002BD6D03B460022484693
:100BC0000599FFF7BFFE0028CED0394648460DF004
:100BD00020FBC9E70EF0ECF97A4B1B78002BC3D051
:100BE000B8F1000FC0D14FF6FF77E6E7102D01D125
:100BF000049590E7B8F1000F8DD1002C3AD0C24691
:100C00000021BDF832000DF1220200F063FA034624
:100C10000028A9D0002E40F0CB8025460499BDF8CD
:100C200030000DF12302079300F054FA0446002827
:100C30009AD0644A079B1278002A79D0BAF1000F43
:100C400026D102462C466179B9427FD92546A4F8BF
:100C500002B067711446002B00F09F809DF822308F
:100C6000EA799A4200F09980002E40F08F80EB7173
:100C7000002540E00EF051FD044600283FF474AF1B
:100C80004FF0010ABCE7002201261346DBE70126EC
:100C9000B8F1000F1FD107F02AFF7E23B0FBF3F25B
:100CA00002FB130005993A460531C9B25FFA80FA92
:100CB0004846F0F74FFD4FF6FF7148460EF007FF2C
:100CC000039B032B2CD9AAF17E0A022148465FFA26
:100CD0008AF2F3F759F9069BA5F802B02B809DF82C
:100CE00034306F712B7100232B72002E42D19DF88E
:100CF0002230EB710125B8F1000F3FF435AF4846C3
:100D000009A90FF07BF800283FF42EAF2A4609A965
:100D10000BA8FFF7B1FD27E7002625463446BAE7C2
:100D2000039B012B94BF0AF1020A0AF1420ACCE7A5
:100D3000BAF1000FCFD16979B94209D9A5F802B04B
:100D40006F71002B8AD1002E92D024E025461446E4
:100D5000049A002A3FF408AF8F427FF405AF039353
:100D600007F0C5FE83077FF4FFAE039BA5F802B032
:100D70006F7170E7FF23EB71002CBBD00125237945
:100D8000A4F802B023F003032371B4E7FF23EB714F
:100D9000002C3FF46DAF0025F1E7002CD3D167E7BD
:100DA000002E7FF470AFB24625460126534635E744
:100DB000BAF1000FB0D15646524644E78C490020A4
:100DC000A6450020CF55002070B50C4B4FF6FF759F
:100DD0001C78002302460A489C4201D1002005E00D
:100DE0000688964206D1AA4201D10B7070BD867961
:100DF000002EFAD001330830DBB2EDE7CE550020EB
:100E0000A6450020002210B50A4B1C780A4BD1B22F
:100E10008C4201D8002010BD5988814204D1197933
:100E2000890701D1997911B108330132EFE7012027
:100E3000F1E700BFCE550020A645002010B5084BB5
:100E400001461C780023074AD8B2844201D8FF200B
:100E500010BD914203F10103FAD00832F4E700BF5C
:100E6000CE550020A645002038B50446FFF7E6FF22
:100E7000FF28054603D13F210B48DBF74DF94FF61C
:100E8000FF7320462380A37103210EF02DFC074B36
:100E900007481A7800210732D21002FB0500BDE88E
:100EA00038400FF0BEBC00BFA1670408D055002039
:100EB00017490020F8B504460026124D124F3A7823
:100EC000F3B29A4209D800224FF6FF710F4B1D78FA
:100ED0000F4BD0B285420BD8F8BDFF2C02D0AB79B6
:100EE000A34202D12846FFF7BFFF08350136E6E7E7
:100EF000FF2C02D0187AA04201D1198019720A334E
:100F00000132E6E7A6450020CE550020CD55002051
:100F100056450020FF28F8B504462CD0164B1B7808
:100F2000834203D880211548DBF7F6F84FF6FF75AA
:100F3000134A32F8341002EBC4000379A94203F0DB
:100F4000030318D0012B16D100220E4B1F780E4B35
:100F5000D6B2B74203D8BDE8F840FFF785BF1E8878
:100F6000AE4205D093F807C0A44504D0B14202D0E8
:100F70000A330132ECE7F8BDCE550020A167040822
:100F8000A6450020CD550020564500202DE9F74309
:100F900006F090FF324B1B78033B012B21D9314BDC
:100FA0001D88451BADB2E5B118804FF6FF770020D4
:100FB0002D4A13782B44C3F3C81403F07F03137036
:100FC0002A4B2B4A1E78C3B29E420DD800264FF6FC
:100FD000FF77284CDFF8A09099F80020F3B29A42EE
:100FE00016D803B0BDE8F0831388BB420DD0137947
:100FF00099070AD104EB9311022928BF022103F0BB
:101000003F0389B243EA8113137108320130DAE7F2
:1010100034F80A8CB84506D014F8043CAB4205D924
:101020005B1B04F8043C01360A34D5E70CF0A4FB42
:10103000804534F80A3C04F8027C24F80A7C09D084
:1010400018460DF10701FFF7BFFE18B19DF8070024
:10105000FFF760FF14F8030CFFF75CFFE3E700BF46
:101060008C49002056470020214A0020CE55002000
:10107000A645002060450020CD550020F0B5002495
:101080004FF6FF7703461048DFF844C006780F4854
:10109000E5B2AE4201D800200FE005889D4210D194
:1010A0003AB1012A16BFC57905793CF83550A942F5
:1010B00007D1BB4202D114238371F0BD057A002D04
:1010C000FBD00A300134E3E7CD550020564500201F
:1010D000A6450020F8B50D46114607461646FFF70F
:1010E00073FE002836D102464FF6FF7C1E4B1F4C84
:1010F0001978D3B2994206D800231C4C8B4221D1D7
:10110000F8BD0834F5E7B4F800E00132E645F8D15F
:1011100033700123278023710021A17165B1144B25
:1011200045F008051A782571D31DDA103078114B77
:1011300002FB00300FF075FB2379204603F03F03DC
:101140002371DDE722799209022AE1D001330834C4
:10115000DBB2D3E7037904469A071EBF23F00303EB
:1011600043F001030371D7E7CE550020A6450020C8
:10117000D05500201749002073B50DF10701054631
:10118000FFF722FE40B103799A0705D113F030042E
:1011900004D043F00303037102B070BD28460EF083
:1011A000B3FA094B4FF6FF711D7823469DF807608F
:1011B000064AD8B28542EFD9D0790133B04204BF94
:1011C000118011720A32F4E7CD55002056450020F7
:1011D00010B5134B1B7883421DD9124B1B78033B70
:1011E000012B18D9104A04B202EBC0039879A0B9B8
:1011F00032F834200A805A884A801B7903F00302AF
:101200000A719A0952014A71C3F30112C3F38103AF
:101210008A71CB7110BD0120FCE72D20FAE700BFD9
:10122000CE5500208C490020A645002030B50A4B41
:10123000CC081B78094D0733DB1000FB034001236A
:1012400001F007018B402C5CDBB212B11C432C5423
:1012500030BD24EA0304FAE7D055002017490020E6
:1012600070B50B4B04461B78834204D840F24B21E7
:101270000848DAF751FF0025074E3378E8B2834279
:1012800000D870BD00222146FFF7D0FF0135F4E7FA
:10129000D0550020A1670408CE550020FF2810D0AB
:1012A000FF290ED0084BCA081B7801F0070107334D
:1012B000DB1000FB0323054AD05CC84000F00100AE
:1012C00070470020704700BFD0550020174900200C
:1012D0000148EFF72DBE00BF584700202DE9F0432D
:1012E00097B006460F4614460CF046FA20B1022588
:1012F000284617B0BDE8F0833A4B1D6815F002058B
:10130000F5D10DF1340834B940460CF083F998B1A9
:1013100040F61245ECE720460DF0C9FE0028F3D157
:101320002246444602F1100C2346106851680832E8
:1013300003C362451C46F7D14FF0010911A8DFF73E
:10134000A1FF05A911A8ADF8449007F02EFE03A84F
:10135000E0F76CF809A911A89DF80E408DF84590AA
:1013600007F023FE9DF80D209DF80F3072B31B1B74
:10137000DBB2802B2AD81022404609A90FF027FAA9
:101380000028B4D14FF6F7739E4288BF0023164A57
:1013900088BF3B6012788ABF7B6023232123012A08
:1013A0001BD0022A08BF2123CDE90083002201239C
:1013B00039463046FBF7BAF988B14FF6F7739E42CB
:1013C00096D90A4B1A780A4B1A7091E7611C0022D1
:1013D0004046C9B2FAF700FFD4E72323E4E7192512
:1013E00086E700BF882C0020224A0020894900207F
:1013F000234A002013B50CF0BFF990B91E4B1C68AE
:1014000014F002040DD16846E0F710F89DF80230A0
:101410009DF803209B1ADBB2802B02D99DF8013086
:101420001BB90224204602B010BD0CF0A5F9134BE5
:1014300019780CF0C1FCD8B92146FAF723FF09232B
:101440008DF800300E4B22461B78022168468DF83D
:1014500001300BF04AFE024608B91924E2E70123E5
:1014600021464FF6FF70FBF749F80028DAD1F4E780
:1014700040F60C44D6E700BF882C0020234A002009
:10148000864900202DE9F0471E464D4B8CB01B6865
:101490001546074688469DF8509003F0080A0CF060
:1014A0006BF9A8423FD1B9F1000F14D06EB9ADF875
:1014B00006603D4604242246414628460EF0CCF9FB
:1014C00000F001000CB0BDE8F0870023ADF8063055
:1014D0003D4606243AE03846FEF79EFAFF280446C9
:1014E00005D0F2F77DF910B12046FEF7C5FE96B1A2
:1014F0000023ADF80630F7F7C9FE0028E8D006242F
:1015000040460DF1060202A90DF039F9D8B940465E
:10151000F8F7DAF817E0ADF80660F7F7B7FE00283D
:10152000C7D00424ECE73EB3BAF1000F2ED000235D
:101530000B24ADF80630B9F1000F0AD1F7F7A6FE7B
:101540002F460028DCD13D46002EB4D0BAF1000F62
:10155000B1D004F00402414642F0110228460EF0D8
:101560007BF922460646414628460EF075F90028CA
:1015700014BF30460020A3E7BAF1000F14D00124B5
:10158000ADF80660B9F1000F95D1D7E70B242846D6
:1015900002A9F0F75BFF074668B902A807F0D3FE7F
:1015A00020B9ADF80600EDE70124F0E744F00204AD
:1015B000ADF80670E6E70023ADF80630E2E700BFBD
:1015C000882C0020F7B506460F4615460CF0D4F8D7
:1015D00028BB144B1C6814F0020420D14FF6F7739B
:1015E0009E421CD8F4F77AF960B101232A463946A5
:1015F00030460094FFF746FF002808BF1924204614
:1016000003B0F0BD0CF0B8F8A8420CBF06220B22C4
:1016100039460CBF304628460EF01EF9ECE702248E
:10162000EDE700BF882C00202DE9F0471E46744BE3
:101630008CB01B7807460D461446DDF85080002B11
:101640003ED00CF099F830B36E4B1B68980722D44B
:101650004FF6F7739C4233D843463A46314620460C
:10166000FBF798FC0CF088F8854200F0C580304606
:10167000FEF780F9A04203D1FEF7CEF90DF05BFF33
:10168000BA1E534253412946002220460CB0BDE801
:10169000F0470EF08ABDE7B1F91ED1F1000949EB20
:1016A00001094FF6F7739C4216D90321204607F033
:1016B00031FA03233A4631462046009507F077FA7F
:1016C0000CF05AF8A84200F097804FF6FF739C4246
:1016D000CBE74FF00109E4E72B463A463146204676
:1016E00006F098FF2146CDE900082B4632463846E1
:1016F00007F03EFE80460146204607F00BFAB8F19F
:10170000000F61D1B9F1000F12D100233A463146E2
:101710002046009507F04BFA88F001032A4631462F
:101720002046CDF8009003F00103FFF7ABFE99E7E8
:10173000002FEAD003AA9246334B03F1100E9446D1
:10174000186859680833ACE8030073456246F6D15F
:1017500007A8DFF797FD0323306871688DF81C3008
:1017600008AB03C39DF8293007A843F002038DF8A6
:101770002930E0F727F990B13068716808AB03C3EE
:10178000042307A88DF81C30E0F71CF938B10223B8
:1017900007A88DF81C30E0F715F90028B5D151469F
:1017A00007A8E0F747F90028AFD0F4F779F8002848
:1017B000ABD103233A4631462046009507F0F7F9AE
:1017C0000BF0DAFFA84250E743463A46314620463E
:1017D000009507F0ECF9B8F1010F9DD0B8F1020FB8
:1017E0007FF440AF284607A9F0F730FE20B9324613
:1017F000284607A90DF0EBFF0CB0BDE8F08700BF4D
:1018000087490020882C0020B1670408044B1A88FF
:101810000AB100221A8000210846F9F769BD00BF0D
:101820005847002000232DE9F0478EB004460E46AD
:10183000CDE903334F780BF09FFF50B1AE4B1B68DF
:101840009A0706D4092103A807F0A3F90EB0BDE852
:10185000F087204603A9F0F7F9FD0546002840F07F
:101860004481022F3DD0042FECD1DFF7C1F80028CE
:1018700000F01181DFF7BCF8022840F00E8109AEBC
:101880002B462A463146284607F0C5FC012103A80D
:101890009DF8255007F092FD2840FF2800F0218197
:1018A00005AD28460BF0B6FE002840F01C8195E8F7
:1018B0000F0086E80F003A46314603A807F0BAFB4E
:1018C0000246002840F00D81032303A9CDE900530F
:1018D00020463B46FAF72AFF00280CBF13210621B9
:1018E000B1E7854B1B689B07ACD402360822314612
:1018F00082480EF06CFF0028A4D0DFF785F800289E
:1019000000F0C9807E4B7F4D1B78F3B9FFF77EFF57
:101910002988002953D103AF3146384607F064F9CE
:10192000002800F0B68030460DF10A01F0F768FD9E
:1019300038B90DF1240A50460BF06CFE80460028A1
:1019400073D0FFF763FF0F217DE72988B9BB0846F5
:10195000EFF78EFD2880002800F0C98001230822BF
:1019600003A92846EFF714FE314601230822284632
:10197000EFF70EFE01233A4609A92846ADF82440A8
:10198000EFF706FE2888EFF7C9FC294606462046F1
:1019900002F036FA2888EFF7C1FCF6B2864208D189
:1019A000FF238DF82430012328461A4609A9EFF7B2
:1019B000EFFD00210120F9F79BFC0C2143E70846CD
:1019C000EFF790FC07462888EFF78CFC2C88112154
:1019D00000F108082046EFF7A9FE102181462046B5
:1019E000EFF7A4FE0822044603A940460EF0EFFEDE
:1019F00000287ED10822314638460EF0E8FE002845
:101A000077D104EB09244646A4B285E728884FF035
:101A1000010828B11221EFF789FEFF2881461ED167
:101A20003246B9462046402304E03A46B146434692
:101A3000BDF80A0043F00303CDE900A349460323A0
:101A4000FAF774FE00283FF47CAF0721484607F000
:101A5000A0F8B8F1000FD9D0FFF7D8FEF6E60021C4
:101A60000846EFF705FDADF8140048B1204605A97A
:101A700002F0C6F9BDF81400EFF750FC0028CFD1F2
:101A8000142300934A46394620462B8802F070F909
:101A9000C6E7FFF7BBFE1121D5E6DEF7A9FF012857
:101AA00001D00621CFE605AE2A462B4631460095E9
:101AB00003A8F9F72FFB024608B10A21C3E60E4B33
:101AC00020461B6803A95B0003F0040343F00303F3
:101AD000CDE900633B46FAF729FE0028E1D1132146
:101AE000B1E60521AFE61221ADE60B21ABE61021F0
:101AF000A9E60E21A7E600BF882C0020D7490020C8
:101B0000C348002058470020012330B50D4C85B054
:101B100022788DF80430D5188DF805200E228DF826
:101B200006200A682570CDF807204A6801A9CDF87B
:101B30000B200B22EFF72CFDB0FA80F0400905B026
:101B400030BD00BF8849002070B500230C4686B028
:101B500002AE05461A46314620460093F9F7DAFAF6
:101B600058B903232146CDE9006328460423044ADB
:101B7000FAF7DCFD80F00100C0B206B070BD00BF16
:101B8000D7490020142330B518498BB07F22054671
:101B900009880DEB030006F0F3F9BDF81430DA07FD
:101BA00021D413F0060FC3F3410208BFC3F341224F
:101BB0000F4B0DF116019C5C684622460EF043FE69
:101BC000BDF8263004F128026A4402F8283C0234A9
:101BD0001B0A02F8273C69462A46E0B20CF0ACFD2D
:101BE00000200BB030BD2320FBE700BFD22004084B
:101BF000C167040810B58AB0ADF826200022CDE9EF
:101C0000052204920CAA02924FF6FF7201464FF48D
:101C1000947401200192074A039004FB0122DC32F4
:101C200000924CF620010DF126020DF037FE0AB0AD
:101C300010BD00BF9036002000B58BB0ADF8243049
:101C40009DF8303003208DF82630002303900A4998
:101C500009A8CDE90130CDE90533049301F1DC0396
:101C60000093B1F8D83002204CF660410DF016FE1A
:101C70000BB05DF804FB00BF9036002010B54FF6A6
:101C8000FF741E4A8AB0B2F8E400B2F8DA10A0423B
:101C9000ADF82600B2F8D8304FF6FD70ADF824103C
:101CA00018D081424FF0000094BF48F660014CF616
:101CB0006001CDE90500CDE90300CDE9010094BF45
:101CC00009AADC3200920DF1260204200DF0E6FD97
:101CD0000AB010BD81424FF000008CBFDC3209AA6F
:101CE00000928CBF4CF6604148F66041CDE905009A
:101CF000CDE90300CDE90100014AE6E79036002076
:101D00007637002000B50E4B0022B3F8DA308BB0E6
:101D1000ADF824304FF6FF73CDE90522CDE903225B
:101D2000CDE9012209AA00924FF400610DF12602CB
:101D30000720ADF826300DF0B1FD0BB05DF804FBC7
:101D40009036002030B58BB08DF825301B0A8DF809
:101D5000263000230E4991F8D440D1F8D850B1F87C
:101D6000D800CDE9053304930723DC31039308AB96
:101D7000CDE9010300914FF6FF734CF62041082096
:101D800008958DF824400DF089FD0BB030BD00BFE3
:101D90009036002070B54FF6FE76274C1D46B4F8FD
:101DA000DA30B4F8D810B34294F8D800A2B04FEAB1
:101DB000112131D14FF44043DC348DF80B008DF804
:101DC0000C10ADF8083003CC0DF11504CDF80D0062
:101DD000CDF811102270120A6270002211461046CE
:101DE000A270E270ADF806200DF018FFADF8060005
:101DF00080B102A90434621A0123D2B20DF10600A7
:101E0000EFF7C6FBBDF806002A460121EFF708FBF5
:101E1000BDF8060022B070BD4FF400448DF80D30BF
:101E20001B0AADF808408DF80B008DF80C108DF8EA
:101E30000E300DF10F04CDE7903600202DE9F04F64
:101E4000002485B0DFF8E0B0BDF838A01F46BBF82D
:101E5000DA30504600931546BBF8D890ADF80E40E6
:101E6000EFF75CFA5FFA80F83846EFF757FA224648
:101E70002146C6B220460DF0D1FE08EB060216320E
:101E8000ADF80E0023462146D2B20DF10E00EFF759
:101E90007FFBBDF80E00002840D0EFF723FAE222C6
:101EA000034680F813904FEA19290474427480F8AD
:101EB000149008220BF1DC01153001930EF097FC11
:101EC000019B03F11D04BAF1000F08D05046EFF753
:101ED00009FA4246014620460EF0B5FC444447B19B
:101EE0003846EFF7FFF93246014620460EF0ABFCCC
:101EF0003444009B2570A3701B0AE37041232371B7
:101F000000232D0A63710748657001F047FA4FF40A
:101F10007843A071BDF80E00A4F8073005B0BDE805
:101F2000F08F00BFEF4900209036002018B1034B1E
:101F3000002019607047024BFAE700BF40380020CC
:101F4000443800202DE9F8431046174607F0A2FA5E
:101F5000DFF81C810546D8F800302BB9424B1B68CE
:101F600013B90020BDE8F88315F4406905F0400678
:101F70000FD136BBB5F5804F52D24FF48074D8F8EC
:101F80000030002B56D1384B1B68002BE9D00022C3
:101F900062E0F81C07F07EFA4FF6FF73984214BF18
:101FA0000124022486B1052605F44043B3F5004F11
:101FB00044F0080424D0B5F5804F23D244F4807453
:101FC00020E04C460326EFE7B5F5804F4FF00506BD
:101FD000F4D3B9F5406F14BF0220082030443844D0
:101FE00007F058FA214B05F44045B3F8D830834246
:101FF0000CBF44F0080444F00404B5F5004F01D1CF
:1020000044F08004B9F5006F0ED1B81907F042FA18
:10201000164BB3F8DA308342B1D144F01004AEE786
:102020004C4603260220D9E7B9F5406F08BF44F0BB
:102030002004A4E70022D1B233F8110033F91110C3
:102040000029A0DBA04202F10102F4D1012089E7BE
:10205000A04202F10102F9D0D1B233F8110033F9F4
:1020600011100029F4DA7CE7403800209036002077
:10207000443800202DE9F04F104685B016469846AA
:1020800007F008FA5D4F00F00803B7F8D8100446CF
:1020900000F00709F01C02930391B7F8DAB007F0DB
:1020A000F9F906F1050A0546504607F0F3F903462B
:1020B0004FF6FF70854218D00399A1EB050CDCF1B7
:1020C000000545EB0C056D004FF6FF718B420ED1FC
:1020D00045F0040500F0E8F9029B6BB1B9F1000F7F
:1020E00011D0422005B0BDE8F08F0125ECE79B45FB
:1020F00008BF45F00805EDE7B9F1030FF1D8DFE8B7
:1021000009F0021B795D00F0CFF908B9A807E8D5FE
:1021100024F00804A4B2B4F5004F05D0B4F5624F22
:1021200002D0B4F5404FDCD10025294697F8242190
:1021300000200DF073FD3CE0D7F8FC30E3B900213E
:1021400032460846FFF7FEFED8B948F6410224F0B1
:1021500038039BB29342C4D10A2D49D0062DC0D179
:1021600097F8F330023B012BBBD8EDF7BFFD0028F9
:10217000B7D140F6040505E04146304698470028AF
:10218000DDD00825E20648BF45F08005A30648BF1C
:1021900045F4805505F00C03042BC6D1F01D07F063
:1021A00079F997F824313246009341462B460DF0D9
:1021B0000AFD08B30E9B1880002093E7A90705D1FC
:1021C0004FF6FF73B7F8D8209A428AD104F44063DF
:1021D000B3F5006F0AD0B3F5406F82D108225046A4
:1021E00007490EF0F4FA00287FF47BAF0C25C9E70D
:1021F0000425C7E7432075E7192073E790360020D0
:102200006C370020034B1A781AB1FF2A04BF002252
:102210001A707047254A002070B5084C084E237884
:10222000F55C1DB13E210748D9F776FFFF222378E0
:102230002846F2540023237070BD00BF244A0020BA
:10224000254A0020C6670408034B044A1B78D05C6B
:10225000FF3818BF01207047244A0020254A00207B
:102260000023074A07491360074A1360074A1360AF
:10227000074A11600121074A1170074A136070472D
:102280005438002077FC0308503800204C380020D8
:10229000745400200C5600205C3800200E2A70B5C3
:1022A0000C4606461546194603D9FFF7D9FF5020BC
:1022B00070BD012807D10020EDF732FDB0B1FFF766
:1022C000CFFF2120F4E780220021224B1A70224BFD
:1022D0001960224B1B684BB13420EFF7C9F8204B33
:1022E000188018B9FFF7BCFF0120E1E724F0FF6375
:1022F00023F4FF231BB1FFF7B3FF4F20D8E774B9D6
:102300002046EDF729FD0124032510F0800F43B28C
:102310001BBF00F01F039C409C4044F07844002009
:10232000104B24F078441E700F4B10491D70104B59
:102330001C60104B1870104B1A68EEF70DF918B1AD
:10234000FFF78EFF0420B3E79DF810200B4B1A70A7
:10235000AEE700BF264A0020583800204C38002045
:102360005A4700202B4A0020294A0020DD26030876
:102370005C3800202A4A002054380020274A0020D8
:1023800010B5164B187860B1154C2368CBB14FF4DB
:10239000707200201349EEF70DFB2368013B2360A8
:1023A00010BDEDF721FD1049104A91F90040136866
:1023B00084420B4C03F1010313602368B8BF08701B
:1023C00053B90B480BF0C8F80028E9D1BDE810401C
:1023D00001460748EFF7ECB90822DAE72B4A00205C
:1023E0006038002081230308264A00205838002046
:1023F000785400207FB5244B00251A780123234808
:10240000234903FA02F200781A440A60ADF80E502C
:1024100020B3984236D11F4C1F4B20781B680DF11A
:102420000E0198471D4EBDF80E20307092B11C4B26
:1024300029460093284602230195EEF7CFF832781B
:10244000237822B1012A12BF1B230133DBB2237090
:1024500004B070BD013818BF0120F0E778235A435B
:10246000013A0A6008220F49EEF7A4FA0B49094A1B
:102470000978137821B1012912BF1B230133DBB284
:102480001370E5E71846E3E7294A00202B4A0020AD
:10249000603800202A4A0020745400200C56002086
:1024A0001927030881230308054B1B682BB9054B2B
:1024B0001868003818BF012070470120704700BF1E
:1024C000503800204C38002037B505461C46FFF731
:1024D000EBFF68B974B1084B1A60084B0A461C60E0
:1024E0000123294600930323FFF7D8FE03B030BD34
:1024F0004D20FBE72520F9E7483800205038002020
:1025000013B50446FFF7D0FF58B962B1074B1A6004
:1025100001230A46009321460323FFF7BFFE02B0C2
:1025200010BD4D20FBE72520F9E700BF4C38002007
:102530002DE9F0410446DDE906861D469DF8207030
:10254000FFF7B2FF88B99EB1A2B10B4B01201A6010
:102550000A4B0A46C3F80080094B21461E602B46F1
:102560000697BDE8F041FFF799BE4D20BDE8F08128
:102570002520FBE72120F9E774540020543800207F
:10258000503800200148EEF7D3BC00BF5A47002066
:102590002DE9F0410020EDF741FF0F4B0F4C1E6875
:1025A0000F4B20881D680F4B0F4FD3F8008010B1E0
:1025B0003978EEF7CFFE00203870FFF751FEEEF7C6
:1025C000B5FA0EB14046B0471DB12088A847002398
:1025D0002380BDE8F08100BF503800205A4700201A
:1025E0004C3800205C3800202C4A0020F8B52F48D9
:1025F000EFF77AF92E4B187830BBEDF7ADFB2D4F86
:1026000006463B6803B32C4B2C4D1C6824B195F94E
:1026100000301A461946A047294B1B6883B1294C44
:102620002378312B0CD8284B1888EEF75BFE2378E3
:102630005A1C22702A78C25423785A1C2270C6541D
:1026400080232B7000233B60204C23781A2B22D848
:102650001F4A1278012A09D100211E4A156825FA5D
:1026600003F0C007DAB20ED501B122700020EDF7F9
:1026700073FB2178884212D10022174B1A70FFF7A2
:10268000B9FE40B9F8BD0133D8B21A284FF00101A4
:10269000E5D90A442270BDE8F840FFF779BF002071
:1026A000EDF76CFB0028E7D0F5E700BF7854002079
:1026B0002B4A00205838002048380020264A0020A5
:1026C0004C3800202C4A00205A4700202A4A00207B
:1026D0000C5600205C380020284A002008B50B4B1F
:1026E000187880B90221EDF709FB094B1B782BB153
:1026F00000214FF6FF720846EDF7DAFABDE8084010
:102700000448FFF773BF00210846ECE72B4A00207E
:10271000274A00207854002038B5144B0C461D7809
:10272000012D21D181B90846EDF716FB104A05FAB3
:1027300000F013680F4923EA0003136020462A467D
:10274000BDE83840EEF736B90B4A13780133DBB2F7
:10275000022B137004D9BDE838400848FFF746BF84
:10276000FFF748FE0028F6D138BD00BF2B4A0020F5
:102770005C38002081230308284A00207854002078
:102780002DE9F0431E46574B8FB01B780746033B9D
:10279000012B0C4615469DF8588007D8F3F7EEFE3E
:1027A00020B1EFF743FA08B144F400544E4B1B78C4
:1027B00013B924F40074A4B2200509D546B92846FB
:1027C00004A9EFF743FE002846D024F40064A4B225
:1027D000ADF81840ADF81A500AF0CEFF434BADF8F3
:1027E0001C00B8F1000F02D01A78424501D293F8CC
:1027F00000803F4AE105137848BF0DF1210103F144
:102800000103DBB2137058BF08A922058DF81E80A2
:102810008DF81F3006D53368083141F8083C7368DD
:1028200041F8043CE30407D5324A0831136841F803
:10283000083C536841F8043C0DF11808A1EB08006E
:102840005FFA80F900214846EEF712FE064628B9E5
:1028500000200FB0BDE8F08304AEB9E7EEF742FD0B
:1028600041464A460DF0EFFF3046EEF757FD8046F1
:102870003046EEF737FD0023024600934FF6FF7017
:1028800004235FFA88F10DF09EF9ADF80E000028E0
:10289000DED040F201131C421AD14FF6F7739D426D
:1028A00016D8EEF73BFD0DF10E010446284601F067
:1028B000A7FABDF80E00EEF731FDE4B2A04207D949
:1028C000BDF80E000DF0CCF9437843F004034370DB
:1028D000BDF80E003A460121EEF7A2FDBDF80E004C
:1028E000B7E700BF8C49002087490020B75500207A
:1028F00089490020D7490020024B18780130C0B226
:102900001870704789490020F0B50829D58889B02A
:1029100028D00C2926D0AE0424D405F040030B4364
:10292000424C267816B105F0200423432FB2002F25
:10293000B8BF43F08003032920D11223AC068DF8E1
:102940000430937A10D48DF805300DF1060401A9F6
:10295000621A0123D2B2EEF71BFEB0FA80F04009F2
:1029600009B0F0BD0B46DBE732228DF805308DF85B
:102970000420002EE9D00DF11304E8E70C298DF8AE
:1029800004300ABF138953798DF80530548805BF88
:102990001B0A8DF806308DF805300DF1070318BFBE
:1029A0000DF106031C70240A5C70148802399C70B7
:1029B000240ADC70147901291C7111D8917A002F36
:1029C000597131DA022112899971DA71120A03F10F
:1029D00009041A72002EBAD0AB06B8D50534B6E792
:1029E000A9071AD4002F0CDA117A51B1917A5971D2
:1029F0001189127A03F1080492B102229A71D971F5
:102A0000E8E70B4C217801F1010C84F800C09172C9
:102A10009C1D002F5971DDDAEAE7917A9C1DF8E7D9
:102A20000122090A9A71EAE79C1DD3E78749002031
:102A300088490020014B1880704700BF5C47002088
:102A4000014B1888704700BF5C4700202DE9F84310
:102A5000074605F02BFA05461B480AF07DFD1B4B87
:102A600060B31C683C1B2C44A4B20022184BDFF856
:102A700068901B78174D03EB830399F8006005EB12
:102A800043055FFA82F846450AD9AB8805F10A008A
:102A9000A34216D90A23B21A29465A430DF0A7FEBB
:102AA000013689F80060AC80B8F1000F03D13946D7
:102AB0000548EEF77DFE2846BDE8F8833C461D60DC
:102AC000D3E705460132DCE7985400206438002043
:102AD0002D4A00207E4200202E4A00201FB5154AB4
:102AE000154C1378013BDBB213706168206801AAB2
:102AF00003C221891180114A1278D21805D00A2305
:102B000020465A43E1180DF072FE9DF806301B076F
:102B10000DD0BDF80C00FFF799FF03468288ADF891
:102B2000082001AA03CA1288186059601A8104B0EB
:102B300010BD00BF2D4A00207E4200202E4A0020FA
:102B4000002108B5084B09481970094B1970094B49
:102B50001A7802EB820252000DF063FEBDE80840D5
:102B60000548EEF7C1BE00BF2E4A00207E4200207D
:102B70002D4A0020C755002098540020F8B50024A5
:102B8000084D094F094E3B783178E2B20B449A4226
:102B900004F1010400DBF8BD2846EEF7C9F90A3557
:102BA000F1E700BF7E4200202E4A00202D4A00207F
:102BB000F8B516460C4B0D4A1B781278074613449D
:102BC0000B4A0D46127893420CD03046FFF73EFF79
:102BD0000135068107808570044605F062F9E080C2
:102BE0000120F8BD0020FCE72D4A00202E4A0020DD
:102BF000C755002010B5064C207828B10548F5F7D8
:102C0000DFFA10B1034B188810BDFFF767FFF3E739
:102C10002D4A00207E42002008B50A4A034610785B
:102C200060B1094A1088984209D121B993781033CC
:102C300023F00F039370FFF751FF012008BD002020
:102C4000FCE700BF2D4A00207E4200202DE9F74F0F
:102C5000002605F02BF9DFF8F890B24699F80070DD
:102C6000B3463A46DFF8EC801FFA80FEB8F800C0A1
:102C7000344CAEEB0C039BB201932378324D00939E
:102C800003EB830305EB4303ACEB0E0C5FFA86FE0C
:102C9000BE4515D3BAF1000F01D0009B2370BA4294
:102CA0002AD3002F37D00A222378C8F8000002FB6D
:102CB00003532648998803B0BDE8F04FEEF778BD7E
:102CC000B3F804E001998E4512D84FF0010A00993B
:102CD00093F802E001310EF1FF3EC9B2013AA3F8C8
:102CE00004B083F802E00091D2B20A330136CDE796
:102CF000E644A3F804E0F8E789F800204AB10A2284
:102D00002378C8F8000002FB035310489988EEF7B7
:102D10004FFD237813B903B0BDE8F08FFFF76AFFCA
:102D200006460028F5D00CF0BCFE014630460BF0FC
:102D300070FA20B100212888FFF76EFFE9E740F61E
:102D40000241F8E72D4A00207E42002098540020DE
:102D50002E4A0020643800202DE9F04192F80880C6
:102D60001F4608F1FF33DBB2EF2B05460E46144633
:102D700088B00BD982238DF80E30314628469DF855
:102D80000E30204AFAF7AEFF012037E00E22002174
:102D900004A80DF046FDB4F809308DF81180ADF8A7
:102DA0001230E37A03F07F02032A08D0012B24D1EA
:102DB00003238DF81030A389ADF815300EE0032BF6
:102DC00014BF022301238DF81030E368CDF81530CD
:102DD0002369CDF81930237D8DF81430A7F1210136
:102DE0004A420DF10E034A41009321460DF10F03B3
:102DF00004A8FAF7C7FA0028BFD1002008B0BDE840
:102E0000F08100BFDF6704082DE9F04F00241D7832
:102E100095B0CDE902010492234622460120CDE976
:102E2000005440490AF065FBADF81E00F8B1A34616
:102E3000264627460DF120090DF1380ADDF7C0FDC1
:102E40005FFA84F8404516D83A460221BDF81E00C4
:102E5000EEF780FC32460421BDF81E00EEF77AFC46
:102E6000DDE903100022BDF81E30FAF73BFF012018
:102E700015B0BDE8F08F4A4640460AA9FAF774FA41
:102E80009DF8282022B12DB1013DEDB20137FFB2EE
:102E90000134D3E7BBF1000FF8D199E803009DF8A6
:102EA00029308AE803008DF84030BDF82A30032A23
:102EB0008DF841304FEA13238DF8423017BF0323BA
:102EC00001238DF843309DF82C30DDF83110DDF80A
:102ED0002D0014BF8DF84C308DF8433011AB03C377
:102EE00002980CBF4FF00E084FF015080BF0AFFE24
:102EF0000590BDF81E00EEF711FA059900EB0803E6
:102F000099420BDB0123424651460DF11E00EEF7BC
:102F10003FFB0028ABD10136F6B2B7E74FF0010B0B
:102F2000B4E700BFDC6704082DE9F04FDFF8D89064
:102F300087B00746109BB9F8000088461D7898B9FD
:102F40000024CDE901442C4B0094224601201B783B
:102F50002A490AF0CEFA0346ADF81600002241468F
:102F60003846FAF7BFFE3EE0EEF7D8F9C0F3C706E1
:102F7000002EE5D0B54239D2DFF87CB0741BE4B244
:102F8000082C28BF0824CDE902540196B9F8003076
:102F90000022FF3B18BF012300939BF80030184923
:102FA00001200AF0A6FA4FEAC40A0AF10701ADF8B7
:102FB0001600C9B20DF116000AF0CBF9CDF800A049
:102FC000EB000721B9F80020BDF816002C440AF0E8
:102FD000E8F9E5B2002241463846BDF81630FAF766
:102FE00081FEAE42CAD807B0BDE8F08F8F220549F6
:102FF00001200AF07EFAAEE7334A0020DB670408BE
:10300000DA670408DF670408604700202DE9F04311
:10301000037805460E46144685B0B3B9144F90F8B0
:1030200001803B7890F80290434501D000F08CFA83
:10303000B9F1010F87F8008007D16F790025A84604
:103040000634E4B2EBB29F4202D805B0BDE8F0838B
:10305000082322460DEB03003146CDF80080EEF741
:1030600029FB083402A800F05BFA0135E4B2E9E775
:10307000334A00207FB5154B15461B780126033BCC
:10308000012B98BF124B8DF8090098BF1D780D23B6
:103090000DF10B000C468DF808308DF80A6006F033
:1030A000FBF900233146CDE900632046062302AA3E
:1030B0008DF80D500CF03BFE30B121460BF0A9F815
:1030C0007040C0B204B070BD1920FBE78C490020ED
:1030D0002F4A0020034B03220120B3F8E410FFF72E
:1030E000C9BF00BF9036002010B50B4B04461B78BB
:1030F000033B012B03D98C210848D9F70DF8084B65
:1031000093F9D630A34204DB6FF00E03A342B8BF9D
:103110002346044A137010BD8C490020E16704085F
:10312000903600200D56002008B5094B1B78033B54
:10313000012B03D9A4210748D8F7EEFF064B93F9DA
:10314000000010F1800F04BF044B93F9D60008BDB6
:103150008C490020E16704080D56002090360020BD
:103160002DE9F04F85B005460CF0DDFC07462846FA
:103170000CF001FE411C0446C9B22846EEF7D6FA0F
:10318000A11CC9B281462846EEF7D0FA033400EB01
:103190004000E6B250FA84F42846EEF7BFF8E4B2F5
:1031A00084424BD8DFF8A8B0A6420ED3B9F1010F84
:1031B00044D139460220234B1A78C2F1B302D2B26D
:1031C00005B0BDE8F04FFFF755BF1F4B32461B88D7
:1031D0002946ADF80C30002303A88DF80E3000937B
:1031E0000323EEF767FABDF80CA09DF80E800AF0F5
:1031F000C3FA504510D1154B1B78033B012B0ED859
:10320000FFF792FF404440B2FFF76EFF0D4B1B7873
:10321000C3F1B3038BF800300336F6B2C4E7384687
:10322000FCF7FAFB00F03CF982463846FCF7F4FB69
:1032300008EB0A0149B200F049F9EDE705B0BDE835
:10324000F08F00BFFF490020F66704088C4900207A
:103250002F4A00208022014B1A7070470D56002023
:1032600008B50748EEF740FB0649074A0B780BB94B
:10327000137823B100231370044A0B70138008BD28
:10328000B8540020324A0020314A00205E47002016
:1032900008B50448EDF74CFEBDE808400248EDF7DC
:1032A00047BE00BF5E470020604700202DE9F8437D
:1032B000294B074693F9D6608E4204DB6FF00E0669
:1032C0008E42B8BF0E46254D2C88BCB92146202021
:1032D000EEF7CEF8288010B90020BDE8F883202151
:1032E00028460AF036F8E1B2FF2228880134EEF7CA
:1032F00031FA202CF7D10022194B1A70DFF86090B8
:1033000099F800100229E7D84FF0000801EBC1013D
:10331000CCB204EB080117F808202888C9B208F1DC
:103320000108EEF717FAB8F1080FF2D104F108011D
:1033300001242888F2B2C9B2EEF70CFA99F80030ED
:103340000848013389F80030074B47F2E8611C70E8
:10335000EEF72EFA2046C0E7903600205E470020A8
:10336000314A0020B8540020324A002038B5084BBA
:1033700004461B78074D1BB9287808B9206038BD72
:10338000054B00211888EEF7BFF920602878F6E792
:10339000324A0020314A00205E4700202DE9F341E7
:1033A000064601A8FFF7E2FF38B100240D4BDDF817
:1033B00004801F78E3B29F4205D80B4B93F9D600E7
:1033C00002B0BDE8F08104EBC40545440822314653
:1033D00028460DF0FCF901340028EBD195F90800DE
:1033E000EEE700BF314A0020903600202DE9F04F73
:1033F00085B0814603A8FFF7B9FF002844D105B086
:10340000BDE8F08FA8EB050505EBC5052A4630465B
:1034100006F109010DF0EBF94FF0FF3372191C446E
:10342000735187F800A053601372E4B20134E4B220
:1034300097F80080A0451CD9039B04EBC40B03EB59
:103440000B0608224946304601930DF0C0F90028CA
:10345000ECD1651C08F1FF3AA845019B5FFA8AFA96
:10346000D0D14FF0FF3287F800A043F80B207260F4
:1034700032723B78002BC2D1054A06481370064AC7
:103480001380EEF731FABAE70024044FD0E700BF0B
:10349000324A0020B85400205E470020314A002004
:1034A000FF2810B5044608D0FCF746FBC30704D537
:1034B000044B185710F1800F02D1034B93F9D6003B
:1034C00010BD00BF5849002090360020FF2838B5B5
:1034D00004460D461AD0FCF72FFBC30716D50C4B3C
:1034E00093F9D630AB4204DB6FF00E03AB42B8BFAA
:1034F0002B46084A084913550878084A18B992F922
:103500000000984202DA00201370087038BD00BF36
:1035100090360020584900200E560020304A0020E6
:1035200010B5084C0146228822B9082109F0DDFDBA
:10353000208010BD2046BDE8104001230822EEF790
:1035400027B800BF604700200022014B1A80704757
:1035500060470020F8B50F4D07462B88C3B90120FE
:10356000F8BDE10001F0F8012888EEF7CDF8082257
:1035700039460DF02CF901360028F0D02888EDF7F7
:10358000CDFEF4B2C0F3CF039C42EAD30020E7E7BC
:103590000026F3E7604700202DE9F04F0229054699
:1035A000144687B04CD019B9012007B0BDE8F08FA0
:1035B0000CF0CFFA074604F11E092388012B51D1E4
:1035C000E17828460331C9B2EEF7B0F8E178064653
:1035D00002312846C9B2EEF7A9F841F6016300EBC3
:1035E000062080B2984223D194F803A028460AF11D
:1035F0000201C9B2EEF79AF80AF1030610F0010FC2
:103600008046F6B218D118F0020F1BD118F0040F43
:103610000ED02379B34213D331462846EEF786F80D
:1036200064280DD105F063FA00F07F00642807D804
:1036300006344C45C1D1B7E7F0F74AFE0028E2D185
:103640000020B2E72379B342FAD331462846EEF799
:103650006DF8384B0AF1040A1B785FFA8AF6834248
:10366000D4D2EDE7022BE3D1E17828460231C9B28A
:10367000EEF75CF81B28DBD1E17828460331C9B2AC
:10368000EEF754F81928D3D1E17828460431C9B2AD
:10369000EEF74CF84A28CBD14FF0050B4FF000085D
:1036A000DFF894A0E178284601315944C9B2EEF719
:1036B0003DF8E178064659442846C9B2EEF736F897
:1036C00000EB0626B3B20A2B06F03F061FD102A874
:1036D000CDE904880AF047FCE278294602325A44D0
:1036E000D2B204A80823CDF80080EDF7E3FF08224A
:1036F00004A90DEB02000DF06AF80028A0D10236F3
:1037000023795E445FFA86FB5B45CBD890E7412B7B
:10371000F5D1E178284602315944C9B2EEF706F8EE
:103720009AF80030C3F1B303C11849B23846FFF725
:10373000BDFDE4E7004A0020FF4900202DE9F74FD6
:1037400081460C4692461E46EDF7E8FD83461CB9BD
:10375000B5214148D8F7E0FC4846EDF7DFFD1128D8
:1037600003D8002003B0BDE8F08F48460CF078FA8B
:10377000054605F08FFE0922074600212846ECF792
:1037800065FE00250AEB4A028046002120465200D1
:103790000DF047F8BB053570E3D5012208F110089C
:1037A0005FFA8BFB5FFA88F80634554505D0377809
:1037B0004744FFB2791C594501DB0220D2E7C9B268
:1037C00048460192EDF7B2FF394600904846EDF7C2
:1037D000ADFF009B96F800C000EB032398B21BB22C
:1037E000002BACBF4FF0000E4FF0010E0CF1020C9D
:1037F000ACBF00F07F01C1B25FFA8CFCACBFC00966
:10380000C0F3C32086F800C0019A04F8021C24F813
:10381000060C04F804EC2DB16FEA030C4FEADC7CD3
:103820009445CAD1CA199345C7DB002B04F8037C21
:103830000BDB7E280BD07F280BD00122337801359B
:1038400019443170EDB20634AFE70F2801D00022E1
:10385000F4E7012086E700BFFA67040838B505469B
:103860000D4B0E481C88EDF78FFF012D0CD10C4B32
:103870001C88FA21614358B1884209D28408012C7E
:10388000204638BF012038BD022D08BF0224F0E7D2
:103890000248EDF78DFFF2E77A420020542B00201A
:1038A00078420020012208B5054B06481A70002115
:1038B000EDF77EFFBDE808400020FFF7CFBF00BF57
:1038C0000B490020542B00201E4B73B51A8802F1BF
:1038D00008039BB2012B02D81B4B1B7823B902B003
:1038E000BDE87040EEF700B80024184B184D1C706E
:1038F000184B1C702B787BB14FF6FC73164E00935F
:1039000022462346214630880BF01CFD4FF6FD73FE
:103910002C70338001200FE0104B10461978F3F71C
:103920008FFF0028F6D10C4B1A884FF6FD739A4290
:10393000F0D0012302202B7002B0BDE87040FFF7E9
:103940008DBF00BF7C4200200B4900200E490020A3
:103950000C4900200D490020764200200F4900202C
:10396000012808B50AD002280CD020B9084B1870DD
:103970000848EDF7B9FF4FF0FF3008BDBDE808403B
:10398000FFF790BF0020BDE80840FFF767BF00BF0A
:103990000B490020542B002002280FD840F6024388
:1039A00099420BD1064A13780133DBB21370054AF2
:1039B00012789A4202D80220FFF7D2BF704700BFA8
:1039C0000D4900201049002038B5A0F61343012B03
:1039D00004460D4615D80E4A13780133DBB2137036
:1039E0000C4A12789A420CD84FF6FD720A4B00200E
:1039F0001988914201BF00221D80084B1A70FFF701
:103A00002DFF29462046BDE8384005F0A2B800BF8A
:103A10000E49002011490020764200200C49002068
:103A2000F8B5174F174EB7F800C03588AC4525D804
:103A300001F10805ADB2012D20D8134D92009B0075
:103A400029803A8033809DF81820104B1A709DF819
:103A50001C200F4B1A709DF820200E4B1A7000226C
:103A60000D4B1A704FF6FD720C4B1A8018B1FFF710
:103A700019FF0020F8BDFFF773FFFAE70220F9E70E
:103A80007A420020784200207C4200201149002028
:103A9000104900200F4900200C49002076420020E8
:103AA00000234FF6FD71054A1370054A1370054A4D
:103AB0001180054A1370054A137070470E490020A3
:103AC0000D490020764200200C4900200B490020BF
:103AD00030B5094B02461B7833B1084B084C1978B6
:103AE0000023D8B2884201D3FF2004E0013334F828
:103AF00023509542F5D130BDC35500201349002015
:103B00008A3E00200022FF21044B05481A70054B15
:103B10001970054B1A7892000CF083BE13490020EF
:103B20008E3E002012490020C3550020F7B58DF8C5
:103B300007100DF10701044604F0C6FD234B1D7864
:103B4000002D41D02046FFF7C3FF214EFF283178DA
:103B5000204B05D1204A107885422DD9451C15707F
:103B6000884219D01C4A1B4D92F800C00022D7B2DF
:103B7000BC450CD92F4697F803E00132864505F184
:103B80000405F4D102B203EB8202D278FA7002B2D9
:103B900003EB8202D170307002B203EB820123F892
:103BA0002240FF228A709DF80720FF2A02D003EBF3
:103BB0008203987003B0F0BD0A46104603EB820200
:103BC000D278FF2AF9D1CBE7FF20F3E7C3550020D5
:103BD000124900208E3E0020134900202DE9F843B1
:103BE000FFF776FFFF28044669D04FF6FF72354F86
:103BF00003B2DFF8DC80344E27F8232098F8005019
:103C0000A54202D10020BDE8F883337820B28100BC
:103C1000A34207EB800090F803E010D00023294A6C
:103C20005FFA83F94D45944606D99CF80390013319
:103C3000A14502F10402F3D18CF803E001E086F81B
:103C400000E0013DEDB22A1BD2B2043192003944AA
:103C50000CF0CDFD88F800503378FF2B04D0A34240
:103C600024BF03F1FF33337000214FF6FF70154B73
:103C7000CAB2AA420CD300234FF6FF71134ADCB23A
:103C8000AC42BBD2013332F823008842F7D1B5E70A
:103C90009A78A2420BD11880DA78FF2A04D0A24287
:103CA00024BF02F1FF32DA7001310433E0E7FF2A6A
:103CB000F2D0A24224BF02F1FF329A70ECE72D202D
:103CC000A1E700BF8E3E0020124900208A3E00205E
:103CD00013490020F8B51C4B05461B78084673B302
:103CE000FFF7F6FEFF28044629D02846FFF7F0FE2E
:103CF000FF2806D0154B164E1A780023D9B29142F0
:103D000018D3FF212846FFF711FFFF28014616D0E0
:103D10000546104F23B207EB830237F8230096784D
:103D2000FFF704FFA84208BFFF25FF2E214608D158
:103D30002846F8BD013316F823108142DED1FF2555
:103D4000F6E73446E6E700BFC355002013490020DC
:103D50008C3E00208E3E0020014B1878704700BF3B
:103D600013490020014B1878704700BFC35500204D
:103D70002DE9F04180460E461F46002386B001A87B
:103D800014469DF830508DF80330FBF747F9ADF835
:103D900004802EB13368CDF806307368CDF80A3050
:103DA0003846EDF79FFA0DF103034219214601A8A9
:103DB00004F0DDFE9DF8033093B931464046DCF750
:103DC0008DFF0E4B1B785BB10B2C09D8FF214046B1
:103DD000FFF7ACFE064605EB4404E4B2A54202D16F
:103DE00006B0BDE8F0812946384609F0EDFA3146C3
:103DF000FFF79CFE02350646EDB2EFE7C355002003
:103E000000232DE9F3470DF107028DF80730044632
:103E10000E4604F04BFC9DF80730054663B920467A
:103E2000FFF756FE04465EB13088EDF777FA5FFA89
:103E300080F8FF2C44D10025284602B0BDE8F08769
:103E4000B046F6E701320C2AF5D02DB207EB850516
:103E5000AD78FF2DF6D112F0FF0AECD04FEA4A05FB
:103E60000235EDB2002EE7D008EB05013046C9B2AD
:103E700009F06FFA0028DED1524641463088EDF74E
:103E800069FC0AF1FF3208F1010108F102093088EA
:103E9000D2B2C9B25FFA89F9EDF75CFC24B207EB44
:103EA0008404A478FF2CC7D023B2494637F82320D6
:103EB000308809F1020909F097FA5FFA89F9EDE70C
:103EC00025460022004FC0E78E3E0020FF2818BF85
:103ED000064B10B51BBF03EB800433F820302D20B8
:103EE0000B801EBFA3780020137010BD8E3E0020F3
:103EF00008B5FFF7EDFDFF2803460AD1002008BDF5
:103F00000230C0B21BB202EB83039B78FF2BF7D1C8
:103F1000F5E70220004AF5E78E3E0020037810B551
:103F200004466BB94378082B0AD1084B1B88562BE3
:103F300007D100F077FD2072002363600123237016
:103F400010BD007A00F074FDF6E700BFF0460020D7
:103F500003788BB943782F2B0FD0302B0CD1084B23
:103F6000084A1288522A0BBF1B78028903811A70F3
:103F700000234360012303707047034BF0E700BF49
:103F8000B1550020F0460020C048002070B51F4BFE
:103F90001F4C198003880546238183781646E372F7
:103FA00009F056FB0822A072291D20460CF01FFCC8
:103FB0006B7B2374174B63610323237346B1EDF7C7
:103FC0002DFE10B11620EDF7DDFD4FF4FA610EE085
:103FD0000CF08BFBC30705D404224FF6FD7130466D
:103FE000F2F7EAFEEDF71AFE58B94FF4FA71032220
:103FF000094B0A481A700A4B1E70BDE87040EDF775
:10400000D7BB1620EDF7BEFDEFE700BFA855002097
:104010009C38002000F8FF074C4A0020F85400208C
:104020004A4A002038B50A4D0A48EDF75DFC2A7867
:10403000094CFF2A04D0217811B9084609F005FE81
:10404000FF232B700023054A2370137038BD00BF77
:104050000F560020D8540020364A0020354A002050
:1040600008B50C4A0B46117811B90B4A10809370B1
:10407000094A002001F0B2FA084B002219880648CC
:10408000FFF784FF0120EDF77DFD034804F09DFD5F
:10409000012008BD484A00206838002064470020FD
:1040A000024B1878003818BF012070474C4A002096
:1040B00010B5074C2378062B05D1152803D1002312
:1040C0002370F9F771FF2078003818BF012010BD68
:1040D0004C4A0020024B1878031F58425841704741
:1040E0004C4A00202DE9F041294B80461B780D46B3
:1040F00013F00F0786B049D190F82830022B45D134
:10410000061D01233146821C0CF057F90446C8BB3A
:10411000B8F8260000F083000CF0F3FA98F8282095
:104120001C4BD8F804001A706B46D8F80810CDE97B
:10413000034403C3B8F800302046ADF8083098F8BF
:10414000023041F606318DF80B3003238DF80C3028
:10415000114B8DF80A5005930AF0BBFEB8F82410F5
:104160006B46002908BF4FF44171012098F82820C0
:10417000F0F70AFF04463846EBF7B0FD10B13846B9
:1041800008F07BFF204606B0BDE8F0810224F9E785
:104190008B4900204B4A002000F8FF07024B18789B
:1041A000431E5842584170474C4A0020024B187831
:1041B00008B9024B187870474B4A00208C49002000
:1041C0007FB51023072202A90120EDF707FC9DF817
:1041D0000B00F0F717FC172004F0DFFC00210DF1B5
:1041E0000700EDF74FFD172805D10020EDF7CAFCB9
:1041F00007B05DF804FBFFF7D9FF022808D9054B8B
:10420000B3F8E4204FF6FF739A4201D10320EDE7A3
:104210000220EBE790360020014B1870704700BF7A
:104220004B4A00202DE9F84F324BDFF8D8809346F7
:104230001A7898F8003005460C4602F00F020BB1D0
:10424000062B55D14223D340D90751D42A4F97F892
:1042500000A00CF04AFAC20707D5FFF7A7FF012814
:1042600003D048F6990009F0B0FA0CF03EFA830743
:1042700004D540F0100080B20CF043FA0DB91F4B8A
:104280001D681F4E337833B900F088FC284600F0D3
:1042900049FC0123337009F0DBF9DFF86C9089F8F1
:1042A0000000204609F0B9F9044620B1002333701C
:1042B0002046BDE8F88F0BF1FF33032B17D80123FD
:1042C000042229460A2087F800B088F80030EEF76B
:1042D00041FD04460028EBD0002599F9000088F83C
:1042E000005009F09AF987F800A03570E0E73070C7
:1042F0000224DDE78B4900204B4A0020983800203B
:10430000494A00204C4A0020374A00200022014B35
:104310001A707047494A002070B5044620B91A48FF
:10432000FFF780FE002003E0184B1B780BB1022042
:1043300070BD174E3378002BF9D1134809F00CF9F2
:10434000B8B9114809F008F9054648B9014609F01D
:104350008DFC104B022218702946284609F075FC86
:10436000631C0CD021460848EDF722FA0023337075
:10437000D8E70548EDF708FAA042E2D3D7E70248AC
:10438000EDF7B2FA0123F2E7D8540020364A0020B4
:10439000354A00200F560020014B1870704700BFAF
:1043A000364A002008B5054809F0D6F820B9044B74
:1043B000187800F0010008BD0120FAE7D854002069
:1043C000354A002030B5414C41488BB0EDF78CFAAE
:1043D0002378032B5DD1FFF7E9FE02289CBF06235B
:1043E00023703C4B1D78002D40D03B4B186810F0DB
:1043F00002000EBF41F6043141F6063100200AF0FA
:1044000068FD0025354B1D70354B1988FFF7CEFE32
:10441000344B02462846F0F7B7FD002846D1324D0E
:104420000CF063F92B78002B0CBF4FF0FF336FF4C7
:104430008073184020F0010080B20CF062F9012373
:104440002B70FFF7B3FE022806D94FF4FA6120481B
:10445000EDF7AEF9072323700020EBF73FFC98B38C
:1044600000200BB0BDE8304008F007BEF2F7F4FFC3
:10447000294601221D48F7F7AFFE68460CF04FF9B8
:104480002A4641F6063140200DF11503F6F79EFD50
:10449000B7E7072B07D10023FF221946012023701D
:1044A000F0F7C8FAD8E7043B012BD5D8104B1B789E
:1044B0002BB101200BF0D5FF00220D4B1A70002309
:1044C0002370FFF77DFEC7E70BB030BD4C4A0020DC
:1044D000F85400204A4A0020882C00208B490020F4
:1044E000A85500209C38002010560020384A002093
:1044F000344A00202DE9F047034605466D4F8EB043
:104500003E7803AA06F00F0600F1280C144618683E
:104510005968083303C463452246F7D11868206000
:104520004224F44014F0010440F0C180DFF8988187
:1045300098F80060002E40F0BA8095F82830013BD2
:10454000032B00F2B4800CF0D0F8C20749D501214A
:104550003046F7F719FE044600286FD101F002F942
:104560004FF6FF710120544AF0F716FCEB8CDB0785
:1045700033D52C1D32460821204609F040F860BB97
:104580006868A96804AB03C32B88ADF80C3000231E
:104590008DF81930AB788DF80E300BF06AFF0128DA
:1045A000044608D10CF0A1F810F0010070D041F2DF
:1045B0008830FFF7B1FE304603A900F071FF0446D2
:1045C00000286AD101233B70042341F288313B4823
:1045D00088F80030EDF7ECF830E00023CDE9043343
:1045E000D3E709F0E6F8824609F065FD0DF104090C
:1045F0000646484609F0B7FC08224846291D0CF03B
:10460000E6F8A8BB6A7BB31A002BB8BF5B42C82B85
:10461000134617DDB24228BF3346DBB29E421DD09F
:10462000FFF7C4FD022811D909F0A6F801220146BE
:104630002846FFF7ABFC0022214B1A7020460EB033
:10464000BDE8F087B24238BF3346E6E7104609F0CE
:104650004CFDA878F0F7D6F90524EFE7B242FBD07D
:1046600009F004F831460246284600F0EBFFF3E774
:1046700004AB99E8030083E8030095F828308DF82F
:104680001960022B14BF02260126ADF80CA081E7A9
:104690000BF0E7FE0B4B1C708DE70A4D2B78002BBF
:1046A000CCD001200BF0DDFE00232B70C6E70224E6
:1046B000C4E700BF8B4900201B680408F8540020A1
:1046C00010560020344A00204C4A0020F7B50F4F06
:1046D00004463B780D46012B164614D10020EBF71B
:1046E0003BFB2B46CDE9000622460020084908F096
:1046F00000FF084B188030B102233B7003B0BDE8C7
:10470000F04009F092BA03B0F0BD00BF4C4A00205F
:1047100015680408624700202DE9FF411E4E002461
:104720003378012B0CD11D4B347093F9000008F045
:1047300074FF204604F047FA012004B0BDE8F08180
:10474000022B26D1164D012004F03DFA08212888BD
:10475000CDE9024408F056FE0D2107462888ECF703
:10476000E5FF082380460094224629880DEB0300CC
:10477000ECF7A0FF094B2C8093F9000008F04DFFE7
:1047800001223846C8F3C01302A900F03DFA347084
:10479000D2E72046D1E700BF4C4A0020374A00202C
:1047A00062470020F0B51E465F4B0C461B7805465D
:1047B000D90717468DB006D422462946012000F0BD
:1047C0000DFF0DB0F0BD5A0703D40BF08EFFC307E9
:1047D000F2D500210DF10F00EDF754FA18B99DF84C
:1047E0000F30012BE8D0FFF7E1FC022D5BD002284F
:1047F000E7D8208B0BF003FFFF28DDD032460020E6
:1048000008AB04F1100100F045FF0028D4D13B466D
:1048100004AA07F1080C164618685968083303C63D
:1048200063453246F7D1186830609B88B380BDF885
:104830001630BDF818209A4238BF0023BDF8142066
:104840003CBFADF81630ADF81830BDF812309A42C2
:1048500038BF0023BDF81C203CBFADF81230ADF8C6
:104860001430BDF81A30BDF814109A423EBF002330
:10487000ADF81C30ADF81A30BDF81C30BDF816206C
:104880000093BDF81200BDF81A300BF001FF0028AC
:1048900092D1A67875B94EB9244B1E6804216018D0
:1048A00004F027F909E00228A3D88AE7012303FAD4
:1048B00006F6F3E7012303FA06F623461C4A04F141
:1048C000280E9446186859680833ACE8030073450D
:1048D0006246F6D11868174BCCF800003A881D7074
:1048E000154B164F1A800DF1300C08AB1A4603CA4F
:1048F000624538607960134607F10807F6D12DB993
:10490000032130460E4AEEF7F9F85AE70023204615
:10491000A21C211D0BF051FD00287FF44DAFA178A2
:104920002088FFF79DFB4CE7C14800209838002005
:1049300068380020484A002064470020384A002098
:1049400061400308F0B51A4F1C463B780546042B1E
:10495000164685B029D11748ECF7C6FF00233B70F7
:1049600025B105B0BDE8F040FFF72ABC08F004FF10
:10497000054696B11023072269460120EDF72EF86F
:1049800002AB03CB9DF803306060A370BDF800302C
:10499000A160238009F08FFB607301222946204625
:1049A00005B0BDE8F040FFF7F1BA05B0F0BD00BFBB
:1049B0004C4A0020F854002008B50BF096FE20F475
:1049C000987080B240F001000BF09BFE0022014B7A
:1049D0001A7008BD4C4A002010B50446FFF7E6FBEC
:1049E000022811D8094B1B7873B18C420CD1930764
:1049F0000AD52046EEF756FC30B1017921B9BDE861
:104A000010400348ECF7D4BE10BD00BF844900201D
:104A1000F42B0020014B024A1A607047E437002053
:104A200068680408014B1878704700BFC14800202F
:104A3000014B187000207047C1480020014B1868D6
:104A4000704700BF98380020014B1868704700BFBE
:104A500094380020014B1860704700BF9838002040
:104A6000014B1860704700BF943800200148ECF7F4
:104A70005FBA00BF6247002008B503F017FA00F5DF
:104A8000FA50012838BF0120014B186008BD00BF53
:104A9000B438002030B500290CBF03240B2489B0A2
:104AA000DAB111490A78551C0D70112142F08002CB
:104AB0000C9DCDE90412CDE906354CF25E024FF4AF
:104AC0008053CDE902320B23002200930E21074BC5
:104AD000019408F0FFFC09B030BD054A1921127895
:104AE00042F08002E4E700BF584A0020236804082F
:104AF000574A002073B500252C46094E3378E8B29A
:104B0000834202D8204602B070BDE9F739F9694600
:104B100007F02DFE08B10134E4B20135EEE700BF25
:104B2000C149002008B520B908F0A0FD012303FA0F
:104B300000F003050FD40C231B2B08D020FA03F13F
:104B4000C90703F1010208D5DBB2054A137005223B
:104B5000044B1A7008BD0B23F7E71346ECE700BFC0
:104B6000564A0020554A002073B50A4E0446336861
:104B7000094D834208D00023022101A8019303F0CC
:104B8000B8FF019B34602B60FFF776FF286802B006
:104B900070BD00BFBC380020C0380020002313B512
:104BA000022101A8054C019303F0A3FF019B2360A0
:104BB000FFF762FF206802B010BD00BFB8380020C8
:104BC000012210B50E4B86B01B681146009302A857
:104BD0000023FFF75FFF0BF0A8FC04460BF085FDF8
:104BE000084BCDE900400E22102102A808F072FC0B
:104BF0000022102102A808F078FA06B010BD00BF0C
:104C0000B8380020DE6704082DE9F04FA5B01E4635
:104C100093460D91804608F0AFFD0DF1480A5146CC
:104C200007460020EDF72EF881460BF05EFD40EAC6
:104C3000C615FFF75FFFB9F1170F0446ADB217D1E4
:104C400008F014FD4FF6FD798DF85300012114A8EA
:104C500003F04FFFBDF85030013B9BB24B45F5D8F8
:104C60000421504603F045FFBDF8500008F0ADFDAB
:104C7000BBF1000F01D045F03005EB0748BF002322
:104C80004FF0000248BF8DF8583011464FF0010335
:104C9000CDF8008018A848BF4FF6FF77FFF7FAFE5F
:104CA0000BF0CCFC83460BF040FC0F900BF09AFC11
:104CB0000E904046FFF758FFDFF89C800E9A98F858
:104CC00000100F9BCDE90A41BDF85010CDE902520A
:104CD00008919DF85310CDE900B307919DF8581045
:104CE0000490CDE905A10E222721194B099718A898
:104CF00008F0F0FB012C28D10020E9F741F810A9B9
:104D0000054607F034FD18B9204625B0BDE8F08F00
:104D1000C6B1BDF8403098F800202E2104929DF8CD
:104D2000442000950392BDF8422018A8CDE9013235
:104D30002722084B08F0CEFB2E210D9A18A80BF065
:104D400004FCE2E74CF25E03E5E72721F5E700BF4C
:104D50002C68040833680408C04800202DE9F04F8F
:104D60002E4BA3B006461446B3F800800F46FFF75B
:104D7000C1FE002205461146032300960DA8FFF749
:104D800089FECDE900540E225121254B0DA808F0D3
:104D9000A1FB11250026DFF89090DFF890A0DFF846
:104DA00090B008F0800899F80030A34201D9042E91
:104DB00009D13A4629460DA88DF844600BF0C5FB91
:104DC00023B0BDE8F08F2046E8F7DAFF0BA9099081
:104DD00007F0CDFC0134E0B1099BB8F1000F1AD007
:104DE000BDF82C2006949AF800100DA805919DF8A6
:104DF0003010CDE900B30491BDF82E10094BCDE978
:104E000002212A46512108F065FB01361035F6B221
:104E1000EDB2E4B2C7E74CF25E02E3E7664700207A
:104E2000DE67040839680408C1490020C048002032
:104E3000D749002000232DE9F04FDFF8749399B093
:104E400099F80070064617F00107CDE90233B0F873
:104E500002B000F098810378032B00F29481CD4BCF
:104E60001B78002B40F0838133780DF10808012B6B
:104E70008CBF172411240023A4F108025946404690
:104E80000093D2B20823E51DECF714FC43462A46F2
:104E90005946092003F0E2FB002800F074815846CF
:104EA000ECF73CFA04F10D03834280F26C81214659
:104EB000708808F089FA8246A11C7088ECF736FCED
:104EC000BAF10B0F40F08E8120F00C03032B40F061
:104ED0008981337800F00C00012B00F256810828FC
:104EE00040F051817088E11C08F06EFAB0F5805FE7
:104EF00040F078817088611D08F066FA4CF25E031C
:104F0000984240F06F8129467088ECF70FFC04F15D
:104F1000090182467088ECF709FC1628054600F264
:104F20006181BAF1000F40F04781C10740F149812A
:104F3000708804F10A0108F065FA8146002800F043
:104F40002281002D00F05081934B1B68834204D0D6
:104F5000924B1B68834240F01681DFF858A2DAF8C2
:104F60000030002B00F00F8102F0A0FFDAF80030D3
:104F7000C01AB0F1004F40F20681FFF77DFDEB1E35
:104F8000DBB20C2B40F24381162D00F240810F2D35
:104F900040F22A81A5F10C0A5FFA8AFA7088ECF7D0
:104FA000BDF97F4B13F80A302344984200F0338157
:104FB000012D40F0E8807088ECF7B0F904F12E0381
:104FC000984240F0E080584604F10801ECF7AEFB4F
:104FD000744B04F10E0A18702C2200210DA875885C
:104FE0000BF01FFC98E80300002614AB83E80300D5
:104FF00002230DF1100BCDE906668BE80300514644
:1050000028468DF84030CDF84490ECF78FFB04F142
:105010000F018DF85F002846ECF788FB04F11001C2
:105020008DF85C002846ECF781FB04F11101ADF826
:105030005A00284608F0C8F904F11301ADF84C00F5
:10504000284608F0DFF904F11702082329461290D8
:1050500000960EA8ECF72EFB04F11F012846ECF792
:1050600065FB04F120018DF841002846ECF75EFB5A
:1050700004F121018DF83600284608F0A5F904F165
:105080002301ADF83400284608F09EF904F125010B
:10509000ADF858002846ECF749FB04F126018DF8DD
:1050A0005D002846ECF742FB32468DF85E00082191
:1050B0000EA808F0A4FA002800F005813046EAF7AF
:1050C0004BFE8DF836009DF85C2002F00303012BA7
:1050D00000F00A81022B00F00181002B53D1BDF8B2
:1050E0004C008DF85C700BF08AFAFF284BD09DF8CD
:1050F0005D30012B29D12846ECF710F904F1270681
:10510000801B06283FDD31462846ECF70FFB04F1F3
:1051100028018DF81800284608F056F904F12A01F4
:10512000ADF81A00284608F04FF904F12C01ADF84B
:105130001C002846ECF7FAFA04F12D018DF81E0048
:105140002846ECF7F3FA8DF81F009DF85D4008A89B
:10515000651E18BF0125F9F761FF012C0CBF5A46E7
:105160000022294608AB0DA803F02BFD0BE00E4BE7
:1051700093F900400D4B93F900500BF05FFA28446F
:105180008442BFF671AE012042E000283FF4AAAE8F
:10519000F9E700BFB0550020BC380020B838002027
:1051A0005D680408574A0020FF490020B1550020DF
:1051B000C1480020B4380020BAF1110F09D1C2074C
:1051C0000DD4072D3FF4B4AE99F800309807DAD526
:1051D000AEE6BAF1190F02D1C3073FF5A9AE072D0C
:1051E0003FF4A6AEFF25A3E6AA46D7E6A5F1100335
:1051F000DBB2062B0BD80123AB4013F4281240F08E
:10520000118113F4A81F7BD1162D00F02C810020F2
:1052100019B0BDE8F08F05F0FD03112B01D0152D5D
:105220000FD1974A1378FF2BADD00133AB42AAD1EF
:10523000FF2340461370934908220BF0C8FA002858
:10524000A1D1584604F10801ECF770FA8E4B022DFB
:1052500004F10E0A187049D0C8D8002D7FF4BCAEF6
:1052600004F10F017088ECF761FA884B884C1B68D9
:1052700020804B4587D0C10685D5864B93F90060C9
:10528000854B93F900700BF0D9F9384486423FF70B
:105290007AAFFEF783FF68B10BF027FAC2077FF5FC
:1052A00072AF2288D3073FF56EAF49464046FFF7FD
:1052B0000DFA68E723882A4641464846C3F3C013DF
:1052C000FFF7A2FC5FE79DF83630002B3FF45BAFA1
:1052D000BDF83430002B7FF4F6AE54E712F0040F23
:1052E0000CBF04270327FAE60227F8E65146708828
:1052F000ECF71CFA414602464846FFF72FFD42E70D
:10530000102D00F08680122D18BF02277588002608
:105310002C2200210DA80BF084FA524608232946BE
:1053200000960EA8ECF7C6F904F116012846ECF732
:10533000FDF9009682461023294604F1170208A8B9
:10534000ECF7B8F904F127063FB131462846ECF7EF
:10535000EDF904F128068DF8410031462846ECF7B6
:10536000E5F9711C8DF83600284608F02DF8F11C7F
:10537000ADF83400284608F027F8711DADF810008C
:10538000284608F021F8F11DADF81600284608F06F
:105390001BF806F10901ADF81800284608F014F8CA
:1053A00006F10B01ADF81200284608F00DF806F1E1
:1053B0000D01ADF81400284608F006F806F10F01BB
:1053C000ADF81A00284607F0FFFF14ACADF81C003A
:1053D0000FBB294620460823009706F11102ECF77F
:1053E00069F9284606F1190107F0EEFF012303FAD7
:1053F0000AF3ADF84C30294BADF858001B6838461D
:10540000129304AA08AB0DA9CDF84490FFF7CAF98E
:10541000B9E617467AE798E8030084E803004FF6F8
:10542000FF70E3E77688112D5146304610D1ECF736
:105430007DF90DAA054604F10F0130460BF0AFF8D7
:1054400000273A46414628460DABFFF77BFA9AE61D
:10545000132D03D1ECF76AF90546F2E7ECF766F98C
:1054600002270546EDE7514670880DAA0BF097F824
:1054700008F082F901460DA80AF0FEFF83E600BF9E
:10548000115600204D4A0020574A0020BC38002009
:1054900066470020B1550020FF490020C038002099
:1054A0002DE9F0410546C88CA8B00C460AAA91F82F
:1054B0002A10C0F3400000F069F928B9012212A9AE
:1054C00017A809F088FD20B10125284628B0BDE8BD
:1054D000F081208B0BF093F8FF280646F4D00DF1F5
:1054E00038084346012017AA04F1100100F0D2F851
:1054F0000028E9D1002D5FD0012D0CBF1227142701
:10550000236901220021009317A83B46FFF7C2FA46
:10551000231D00930E224221CDE90168294B17A8D3
:1055200007F0D8FF002D49D02822637B8DF8833007
:10553000BDF8343042210893BDF8323017A80793E4
:10554000BDF82C300693BDF82A300593BDF83030F5
:105550000493BDF82E300393BDF8283002932388BE
:105560000193A3780093184B07F0B4FF45BB08F0F4
:1055700003F9164B4221019000933822144B17A8CF
:1055800007F0A8FF422104F11C06324617A80AF0D2
:10559000DCFF054668B912A8F9F740FD12A90AA870
:1055A00003F00DFB0B4B0C4A1F70E3691360236A79
:1055B0005360FFF761FA88E71027A1E72722B7E7D2
:1055C0003921E0E74168040845680408D74900200C
:1055D0004F680408115600204D4A002070B50D4652
:1055E0000646116AD0698EB005AB144603C31DB3DD
:1055F000012D0CBF13231523226907A80092002256
:105600001146FFF747FA8DF82A60BDB923880434A4
:10561000039314F8023C1B210293637A0F22019337
:105620000094074B07A807F055FF1B2105AA07A800
:105630000AF08BFF0EB070BD1123DDE70F21F5E7F7
:105640005268040870B504460D46164690B0216AAB
:10565000C06907AB03C3236909A80093012216237D
:105660000021FFF717FAA38C0E22049334F8043BB1
:105670001C21CDE90263CDE90045054B09A807F0DF
:1056800029FF1C2107AA09A80AF05FFF10B070BD0E
:10569000576804082DE9F04306468FB008890D4687
:1056A000174698460AF0ABFFFF2856D00F2809ACE2
:1056B00001D0042835D12A686B6812BA1BBA20467B
:1056C000CDE90522CDE90733DBF7DCFD052305AD88
:1056D00020468DF82430DCF701F92A4629460120BE
:1056E000DCF792F995E80F000DF1040C8CE80F003F
:1056F0002046DBF7C7FD092320468DF82430DBF771
:10570000CDFD01A9204603F031FC2046DCF7E6F888
:10571000424639463046DCF777F900200FB0BDE845
:10572000F0830028E4D1A6462B686A680C4D93FAF2
:1057300083FC12BA05F110097346286869680835B8
:1057400003C34D459E46F7D1CDF828C00C9201AD5C
:1057500094E80F0085E80F00CAE72120DEE700BFCC
:105760007268040807B5084B4FF6F7711A784FF6C0
:10577000FF630093531C003A18BF012202200AF075
:1057800087FF03B05DF804FBC048002070B586B009
:105790000DF116030093064605AB0D46144604A909
:1057A0000DF112020DF10E000AF054FFBDF80E309B
:1057B000FBB908F0CEFD208015B1BDF8142022BB46
:1057C00000232381E380BDF80E0006B158BB0023FF
:1057D0006380A3806381A381BDF81630BDF81220D9
:1057E0000093BDF81010BDF814300AF051FF0020EE
:1057F00004E0BDF810209A4202D1012006B070BD2D
:1058000023800133ADF80E30D6E7BDF816309B1A71
:105810000133AB42F1DB1544ADB26B1EE280238154
:10582000ADF81450CFE71D4A5188E1B19388D3B148
:105830006180A380518911B3938903B36181A381EE
:10584000BDF810308342D8DDA28863889A42D4DD47
:10585000BDF81620BDF814309A42CEDDA2896389C6
:105860009A42B9DCC9E7BDF810100B18013BC3F32D
:105870004F036380013BA180ADF81030DAE7BDF83B
:105880001620BDF81430A2811344013BC3F34F032B
:105890006381013BADF81630D2E700BF68470020B6
:1058A00081F0004102E000BF83F0004330B54FEAD1
:1058B00041044FEA430594EA050F08BF90EA020F3E
:1058C0001FBF54EA000C55EA020C7FEA645C7FEAD1
:1058D000655C00F0E2804FEA5454D4EB5555B8BFF4
:1058E0006D420CDD2C4480EA020281EA030382EA65
:1058F000000083EA010180EA020281EA0303362DF7
:1059000088BF30BD11F0004F4FEA01314FF4801CC9
:105910004CEA113102D0404261EB410113F0004FDB
:105920004FEA03334CEA133302D0524263EB430392
:1059300094EA050F00F0A780A4F10104D5F1200E30
:105940000DDB02FA0EFC22FA05F2801841F100018B
:1059500003FA0EF2801843FA05F359410EE0A5F15F
:1059600020050EF1200E012A03FA0EFC28BF4CF090
:10597000020C43FA05F3C01851EBE37101F0004546
:1059800007D54FF0000EDCF1000C7EEB00006EEB53
:105990000101B1F5801F1BD3B1F5001F0CD34908DD
:1059A0005FEA30004FEA3C0C04F101044FEA445234
:1059B00012F5800F80F09A80BCF1004F08BF5FEABB
:1059C000500C50F1000041EB045141EA050130BD9B
:1059D0005FEA4C0C404141EB0101013C28BFB1F5AD
:1059E000801FE9D291F0000F04BF01460020B1FAF8
:1059F00081F308BF2033A3F10B03B3F120020CDACB
:105A00000C3208DD02F1140CC2F10C0201FA0CF0A8
:105A100021FA02F10CE002F11402D8BFC2F1200C0D
:105A200001FA02F120FA0CFCDCBF41EA0C019040C3
:105A3000E41AA2BF01EB0451294330BD6FEA04040C
:105A40001F3C1CDA0C340EDC04F11404C4F12002F7
:105A500020FA04F001FA02F340EA030021FA04F309
:105A600045EA030130BDC4F10C04C4F1200220FA60
:105A700002F001FA04F340EA0300294630BD21FA9E
:105A800004F0294630BD94F0000F83F4801306BF64
:105A900081F480110134013D4EE77FEA645C18BF58
:105AA0007FEA655C29D094EA050F08BF90EA020FEF
:105AB00005D054EA000C04BF1946104630BD91EAE7
:105AC000030F1EBF0021002030BD5FEA545C05D1EA
:105AD0004000494128BF41F0004130BD14F5800429
:105AE0003CBF01F5801130BD01F0004545F0FE419D
:105AF00041F470014FF0000030BD7FEA645C1ABFD2
:105B0000194610467FEA655C1CBF0B46024650EA08
:105B1000013406BF52EA033591EA030F41F4002134
:105B200030BD00BF90F0000F04BF0021704730B5BA
:105B30004FF4806404F132044FF000054FF000018F
:105B400050E700BF90F0000F04BF0021704730B550
:105B50004FF4806404F1320410F0004548BF404225
:105B60004FF000013EE700BF42004FEAE2014FEA7A
:105B700031014FEA02701FBF12F07F4393F07F4F55
:105B800081F06051704732F07F4208BF704793F058
:105B90007F4F04BF41F40021704730B54FF460746B
:105BA00001F0004521F000411CE700BF50EA01026E
:105BB00008BF704730B54FF000050AE050EA010217
:105BC00008BF704730B511F0004502D5404261EB87
:105BD00041014FF4806404F132045FEA915C3FF4C8
:105BE000D8AE4FF003025FEADC0C18BF03325FEA65
:105BF000DC0C18BF033202EBDC02C2F1200300FA16
:105C000003FC20FA02F001FA03FE40EA0E0021FA3A
:105C100002F11444BDE600BF70B54FF0FF0C4CF428
:105C2000E06C1CEA11541DBF1CEA135594EA0C0FDA
:105C300095EA0C0F00F0DEF82C4481EA030621EA15
:105C40004C5123EA4C5350EA013518BF52EA033550
:105C500041F4801143F4801338D0A0FB02CE4FF002
:105C60000005E1FB02E506F00042E0FB03E54FF032
:105C70000006E1FB03569CF0000F18BF4EF0010E2A
:105C8000A4F1FF04B6F5007F64F5407404D25FEA26
:105C90004E0E6D4146EB060642EAC62141EA5551D9
:105CA0004FEAC52040EA5E504FEACE2EB4F1FD0C1B
:105CB00088BFBCF5E06F1ED8BEF1004F08BF5FEA99
:105CC000500E50F1000041EB045170BD06F000464B
:105CD00046EA010140EA020081EA0301B4EB5C04F8
:105CE000C2BFD4EB0C0541EA045170BD41F48011F0
:105CF0004FF0000E013C00F3AB8014F1360FDEBF15
:105D0000002001F0004170BDC4F10004203C35DAF0
:105D10000C341BDC04F11404C4F1200500FA05F373
:105D200020FA04F001FA05F240EA020001F0004214
:105D300021F0004110EBD37021FA04F642EB06018A
:105D40005EEA430E08BF20EAD37070BDC4F10C04B4
:105D5000C4F1200500FA04F320FA05F001FA04F278
:105D600040EA020001F0004110EBD37041F1000164
:105D70005EEA430E08BF20EAD37070BDC4F120056F
:105D800000FA05F24EEA020E20FA04F301FA05F2D7
:105D900043EA020321FA04F001F0004121FA04F27F
:105DA00020EA020000EBD3705EEA430E08BF20EA4F
:105DB000D37070BD94F0000F0FD101F00046400089
:105DC00041EB010111F4801F08BF013CF7D041EA0B
:105DD000060195F0000F18BF704703F0004652000F
:105DE00043EB030313F4801F08BF013DF7D043EAE0
:105DF0000603704794EA0C0F0CEA135518BF95EA96
:105E00000C0F0CD050EA410618BF52EA4306D1D11C
:105E100081EA030101F000414FF0000070BD50EA3B
:105E2000410606BF1046194652EA430619D094EAC5
:105E30000C0F02D150EA013613D195EA0C0F05D1AF
:105E400052EA03361CBF104619460AD181EA030103
:105E500001F0004141F0FE4141F470014FF00000BB
:105E600070BD41F0FE4141F4780170BD70B54FF056
:105E7000FF0C4CF4E06C1CEA11541DBF1CEA1355D6
:105E800094EA0C0F95EA0C0F00F0A7F8A4EB0504B8
:105E900081EA030E52EA03354FEA013100F08880AF
:105EA0004FEA03334FF0805545EA131343EA126378
:105EB0004FEA022245EA111545EA10654FEA00262D
:105EC0000EF000419D4208BF964244F1FD0404F5E6
:105ED000407402D25B084FEA3202B61A65EB030542
:105EE0005B084FEA32024FF480104FF4002CB6EBFF
:105EF000020E75EB030E22BFB61A754640EA0C007F
:105F00005B084FEA3202B6EB020E75EB030E22BFBE
:105F1000B61A754640EA5C005B084FEA3202B6EBFF
:105F2000020E75EB030E22BFB61A754640EA9C00BE
:105F30005B084FEA3202B6EB020E75EB030E22BF8E
:105F4000B61A754640EADC0055EA060E18D04FEA4C
:105F5000051545EA16754FEA06164FEAC30343EAEC
:105F600052734FEAC2025FEA1C1CC0D111F4801FB9
:105F70000BD141EA00014FF000004FF0004CB6E7B2
:105F800011F4801F04BF01430020B4F1FD0C88BF51
:105F9000BCF5E06F3FF6AFAEB5EB030C04BFB6EB5C
:105FA000020C5FEA500C50F1000041EB045170BD4F
:105FB0000EF0004E4EEA113114EB5C04C2BFD4EB7C
:105FC0000C0541EA045170BD41F480114FF0000E00
:105FD000013C90E645EA060E8DE60CEA135594EA7C
:105FE0000C0F08BF95EA0C0F3FF43BAF94EA0C0F7F
:105FF0000AD150EA01347FF434AF95EA0C0F7FF4F4
:1060000025AF104619462CE795EA0C0F06D152EA47
:1060100003353FF4FDAE1046194622E750EA41062B
:1060200018BF52EA43067FF4C5AE50EA41047FF43C
:106030000DAF52EA43057FF4EBAE12E74FF0FF3CA1
:1060400006E000BF4FF0010C02E000BF4FF0010C72
:106050004DF804CD4FEA410C7FEA6C5C4FEA430CEB
:1060600018BF7FEA6C5C1BD001B050EA410C0CBF3A
:1060700052EA430C91EA030F02BF90EA020F00209C
:10608000704710F1000F91EA030F58BF994208BF03
:1060900090422CBFD8176FEAE37040F001007047C0
:1060A0004FEA410C7FEA6C5C02D150EA013C07D117
:1060B0004FEA430C7FEA6C5CD6D152EA033CD3D062
:1060C0005DF8040B704700BF8446104662468C465C
:1060D0001946634600E000BF01B5FFF7B7FF00288F
:1060E00048BF10F1000F01BD4DF808EDFFF7F4FFB8
:1060F0000CBF012000205DF808FB00BF4DF808ED43
:10610000FFF7EAFF34BF012000205DF808FB00BF65
:106110004DF808EDFFF7E0FF94BF012000205DF887
:1061200008FB00BF4DF808EDFFF7CEFF94BF01203C
:1061300000205DF808FB00BF4DF808EDFFF7C4FF35
:1061400034BF012000205DF808FB00BF4FEA410288
:1061500012F5001215D211D56FF47873B3EB6252B9
:1061600012D94FEAC12343F0004343EA505311F0E0
:10617000004F23FA02F018BF404270474FF0000072
:10618000704750EA013005D111F0004008BF6FF0B0
:10619000004070474FF00000704700BF4A0011D226
:1061A00012F5001211D20DD56FF47873B3EB625271
:1061B0000ED44FEAC12343F0004343EA505323FA7D
:1061C00002F070474FF00000704750EA013002D1F2
:1061D0004FF0FF3070474FF00000704753B94AB995
:1061E000002908BF00281CBF4FF0FF314FF0FF30DF
:1061F00000F082B9ADF1080C6DE904CE00F006F8AC
:10620000DDF804E0DDE9022304B070472DE9F04F2A
:10621000099D0C46002B4DD18A420F468446964676
:10622000B2FA82F360D94BB102FA03FEC3F1200245
:106230009F4000FA03FC20FA02F217434FEA1E4681
:106240001FFA8EF44FEA1C42B7FBF6F106FB1177FA
:1062500001FB04F042EA0742904208D91EEB020219
:1062600001F1FF3702D2904200F231813946121A11
:106270001FFA8CFCB2FBF6F006FB102200FB04F4C4
:106280004CEA024C644508D91EEB0C0C00F1FF32BD
:1062900002D2644500F21E81104640EA0140ACEB98
:1062A000040C002125B12CFA03F30022C5E90032C9
:1062B000BDE8F08F8B4205D90DB1C5E90001002181
:1062C0000846F5E7B3FA83F100294DD1A342C0F0A7
:1062D000F380904280F0F080064623460846002D69
:1062E000E6D0C5E90063E3E7002B40F0A3808A1AFB
:1062F0004FEA1E471FFA8EF60121B2FBF7F407FBA7
:1063000014204FEA1C4242EA004206FB04F090428D
:106310000FD91EEB020204F1FF382CBF4FF0010928
:106320004FF00009904203D9B9F1000F00F0CC8082
:106330004446121A1FFA8CFCB2FBF7F007FB10223E
:1063400000FB06F64CEA024C664508D91EEB0C0C25
:1063500000F1FF3202D2664500F2B3801046ACEB8A
:10636000060C40EA04409DE7C1F120068B4004FA88
:1063700001FE22FA06F720FA06FCF4408A401F4389
:106380004EEA0C0300FA01FE4FEA17484FEA1349A0
:106390001FFA87FCB4FBF8F008FB104449EA0444F8
:1063A00000FB0CF9A1450ED93C1900F1FF3A2CBFB6
:1063B0004FF0010B4FF0000BA14503D9BBF1000FCB
:1063C00000F08B805046A4EB09041FFA83F9B4FB5C
:1063D000F8F308FB134403FB0CFC49EA0444A4450E
:1063E00006D93C1903F1FF3801D2A4457BD84346B6
:1063F00043EA0040A4EB0C04A0FB02984445CC46C1
:10640000434602D306D1CE4504D20138B9EB020C83
:1064100068EB0703002D6CD0BEEB0C0264EB0304A9
:1064200022FA01F304FA06F6CC4000211E43C5E926
:1064300000643DE702FA03FEC3F1200104FA03F20F
:1064400000FA03FCCC404FEA1E4720FA01F11FFA84
:106450008EF6B4FBF7F00A4307FB1044110C41EA37
:10646000044100FB06F48C420ED91EEB010100F141
:10647000FF382CBF4FF001094FF000098C4202D9C0
:10648000B9F1000F2CD04046091B92B2B1FBF7F4D2
:1064900007FB141142EA014204FB06F1914207D9BD
:1064A0001EEB020204F1FF3801D291421ED844468D
:1064B000521A44EA004120E7861A64EB03030120E4
:1064C0000DE7F44402384AE7023C724431E70239EE
:1064D0007244CCE6F4440238DFE602383C4472E70A
:1064E00002387144D0E7023B3C4481E7023C7244ED
:1064F000DEE72946DCE600BF704700BF08B5064B63
:10650000044613B10021AFF30080044B1B6803B1B4
:106510009847204600F085FA00000000FC39002072
:10652000024B0146186801F0F7BD00BF1855002066
:1065300070B50D4D00260D4C641BA410A64209D168
:106540000B4D00260B4C0AF09BF9641BA410A642CD
:1065500005D170BD55F8043B01369847EEE755F874
:10656000043B01369847F2E71456002014560020E9
:10657000145600201856002002F015BB704708B5CD
:1065800001F090FE01F09BFED7F746FAFAE770475C
:1065900008B5D4F7B9FDD0F711FC01F017FAD4F71C
:1065A00087FC01F0A6F901F013FA04F02CF9D6F7F4
:1065B00029FED0F7F7FBD0F7F1FED5F7A3FAD1F714
:1065C0005BFABDE80840D7F733B908B5D0F77EFFCE
:1065D000BDE80840D0F7F8BB08B5D3F725F900F0BF
:1065E000B5FBD3F72DF9E5F77DF8DAF715F8DAF70B
:1065F00027F8DAF77DF806F062F9BDE80840DAF727
:10660000FFBD70477047704708B501F07BFF01F090
:1066100089FFBDE80840E7F759BC704708B5D4F7D3
:1066200011FED0F795FBBDE80840D5F7A9B808B52D
:1066300000F022F9D7F714FED4F750FC00F07CFEEE
:10664000DCF74AFABDE80840FFF7E8BFD0F78EBB99
:10665000012070470120704738B501F033FC044633
:1066600001F0D8FC051E18BF2546DAF793F8041E82
:1066700018BF2C46FFF7ECFF002818BF204638BD96
:1066800038B5D7F7EFFA0446D0F776FB04281ED0CA
:1066900002284FF0000508BF012401F015FC042872
:1066A00017D0022808BF012401F068FF042812D087
:1066B000022808BF0124FFF7CDFF04280DD00228CF
:1066C00008BF0124002D18BF0024204638BD012535
:1066D000E3E70125E8E70125EDE70024F5E7FF20E2
:1066E000704708B5FFF7FBFF002008BD70477047F3
:1066F0007047704710B50446E7F726FD2046E6F7D9
:106700002FFF2046BDE8104005F081BD05F0B7BE63
:1067100010B50446E7F720FE2046E6F787FF20463F
:10672000BDE8104005F0A3BD10B50446E7F740FCF6
:106730002046E7F7C7F82046E6F7B2FD2046E6F721
:1067400075FD2046BDE81040FDF7E8BBFFF7ECBF44
:1067500010B50446E7F75AFC204609F0C0FC204675
:10676000E7F7E0F82046E6F7D7FD2046E6F776FDA6
:106770002046BDE81040FDF7EBBB10B50446E7F737
:1067800089FC204609F0BBFC2046E7F719F92046B2
:10679000E6F7E8FD2046E6F761FD2046BDE810403B
:1067A000FDF7D6BBE6F7FEBBE7F792B97047E8F70F
:1067B00051BB7047704709F0BBBC704709F0BCBCC7
:1067C000E8F70CBB06F0DFB805F0A8BE05F0CFBEB9
:1067D00006F0EBB810B49DF8044001945DF8044B4A
:1067E00005F0DABE70477047E7F70CBBE7F734BB3C
:1067F000E7F726BA05F00BBF05F021BF09F09DBCF5
:1068000005F0F3BEE8F704BB06F0E3B805F04ABFB5
:1068100005F054BD05F060BD05F05DBF05F07DBF1E
:1068200009F021BD09F05ABD09F06ABD09F09ABD11
:1068300005F019BF05F095BA7047704770472DE90C
:10684000F0419DF818409DF81C509DF820609DF87F
:1068500024709DF82CC09DF834E09DF83880CDE977
:106860000867CDE90DE8CDE90645CDF82CC0BDE8B7
:10687000F04105F0FEB970470F20704770B5002554
:1068800006462C46052C20D8DFE804F003070B0F42
:1068900013175B210820D0F77FFE0C210820D0F7CA
:1068A0007BFED1210820D0F777FE80210820D0F789
:1068B00073FE00210820D0F76FFE6C1C2946E4B25D
:1068C00008202546D0F768FE0624A4F10E03012B0C
:1068D00005D85A210820D0F75FFE0134D2E7102CEA
:1068E00005D1BDE870405D210820D0F755BEB31F2B
:1068F000195DEFE7012307B520F07F4040EA817082
:10690000019068468DF80030FFF7B8FF03B05DF8DE
:1069100004FBFEE710B53AB1002350F8234041F8DC
:10692000234001339A42F8D110BD002070474FF444
:10693000004070474FF47A7070474FF000530020CA
:106940001B6882B09AB262F30F001B0C63F31F4006
:1069500002B070477FB54FF000639E6A044606F1AF
:106960007843B3F5C04F0D460ED2002301A8039320
:10697000D0F7E4FB039B5B0506D529462046336C24
:1069800004B0BDE87040184704B070BD1FB54FF0AB
:1069900000639B6A03F17842B2F5C04F04D340F222
:1069A000011005B05DF804FB1B6B03F17843B3F5F0
:1069B000C04FF4D201238DF80430002301A8CDE9A3
:1069C0000233D0F7BBFB039BDB03E8D5029B1A0E17
:1069D000E5D0012A03D1C3F307430A2BDFD94FF0D7
:1069E00000639B6A1B6B1B6C9847DAE7EFF3108020
:1069F00072B6704700B962B67047302383F31188CE
:106A00007047EFF31180302383F31188704780F3D0
:106A10001188704700230360704703680B600160B2
:106A20007047FEE74FF060420123D2F8001E83401A
:106A30000B430020C2F8003E70474FF06041012236
:106A4000D1F8003E824023EA02030020C1F8003E54
:106A5000704710B588B004460E98009207900D98C4
:106A6000224606909DF8300005900B9804909DF802
:106A7000280003900020CDE901300B460121D0F71A
:106A8000ADFD08B010BD704713B5044601A8D2F79C
:106A900003FC9DF8063023804FF480736380D2F7A7
:106AA00021FC6060002002B010BDD2F7ADBB08B57C
:106AB000D2F79AFB002008BD10B5044644EA010352
:106AC00013F00303084609D1934201D1002010BD01
:106AD00054F8231040F823100133F5E721469200C3
:106AE00009F0B1FEF2E7704770B5054614460E4650
:106AF000FFF77CFF2B685C4034405C402C60BDE8B5
:106B00007040FFF777BF08B5D0F7B2FABDE808408C
:106B10000021D1F7C5BA0029CCBF01210021D1F74E
:106B2000BFBA02214FF42070D1F724BF38B5044614
:106B3000D0F78CFA0546D0F7F7FFC0F102012846DE
:106B4000FFF7E9FF01210020D2F738F90CB1D1F7A6
:106B500093FFBDE83840D1F7E9BB704770477047F5
:106B60007047704770B5054614460E46FFF73EFF66
:106B70002B685C4034405C402C60BDE87040FFF7FF
:106B800039BF70470346142B084604D00AD8012B9E
:106B900008D0122B06D1022803D0032808BF0120F9
:106BA0007047002070473AB122F0030202F1A04280
:106BB00002F5603209B9106070470002FBE74FF040
:106BC00050234FF400321A67704738B50546144613
:106BD00021B94FF42070D1F7A9FA014601396400B8
:106BE000B1FBF4F10902E96138BD012200F58053DF
:106BF0005A60CB43934003F00A034361416111B9EA
:106C000000F500504260704783695A06FCD5C163A5
:106C100083699B06FCD5406AC0B2704783695B06F6
:106C2000FCD5C16370474369002B0FDB51B9436A40
:106C3000DA07FCD4012200F500535A6043689B0731
:106C4000FCD47047012300F58050436070474368CF
:106C500010B5DA0704460AD5FFF7D3FE636ADB07EF
:106C60005CBF0123E360BDE81040FFF7D0BE10BD5C
:106C700038B5436805460C464BB16B6A002BFCD116
:106C8000012205F500535A606B689B07FCD46378BA
:106C9000E2785B0143EA4203A27828461343227953
:106CA000217843EA8203627943EAC203A27943EA84
:106CB0000213E27943EA4223227A43EA8223627B87
:106CC00043EA0223E27A43EA0263227B43EA027345
:106CD000A27A43EA0243AB60FFF7A5FF637A0BB1E8
:106CE00000232B6238BD436813B1436A002BFAD1ED
:106CF0007047002070470F2070470F20704700201A
:106D000070470F207047002070470F207047002009
:106D100070470F207047002814BF0F2000207047D5
:106D2000002070470020704700207047002814BFE3
:106D30000F20002070470120704701207047012874
:106D400014BF0F20002070470F207047DEF73ABBBA
:106D50004FF0FF3004F0D9BA00207047B0F5802F13
:106D600022D010D8B0F5003F20D007D818B3B0F526
:106D7000803F08BF482018BF01207047B0F5403F52
:106D800008BF2C20F7E7B0F5302F11D007D8B0F5A9
:106D9000E02F0FD0B0F5202F08BF1020EBE7B0F5A3
:106DA0007F0F08BF0620E6E74B2070472A20704778
:106DB000112070472120704708B528B120220021FA
:106DC00009F02FFD002008BD2120FCE708B1FFF7E6
:106DD000F3BF2120704708B9212070470029FBD05C
:106DE000036813F0704209D1C3F30E030B601BB9A3
:106DF0004368002BF0D00B6000207047B2F1004FC9
:106E000007D18268D2040ED5C369002BE4D01B6879
:106E1000ECE7B2F1204FF4D0B2F1304FF1D0B2F143
:106E2000404FEED0D8E703F07F03DFE737B50C46DD
:106E3000054610B9212003B030BD0029FAD0002347
:106E400001A90193FFF7C7FF0028F4D1296811F0C9
:106E5000704102D1019B2360EDE7AA68B1F1004FB8
:106E6000C2F38033C2F34035C2F3003207D10621AA
:106E700003EB450301FB0233019A5343EBE7B1F106
:106E8000204F04D12B4402EB82021344F4E7B1F10A
:106E9000304F02D0B1F1404FCCD12B44ECE72DE97B
:106EA000F3470D4690469A460446F0B1E9B10668AC
:106EB0000F6806F07049BE422AD0B9F1004F11D1D7
:106EC00086EA0703B3F1805F13D3BAF1000F36D11E
:106ED000B8F1000F1FD0A368AA68534013F4E04F25
:106EE00019D002E0B9F1404FEAD0212002B0BDE84C
:106EF000F0870023204601A90193FFF76CFF0028CB
:106F0000F3D1019AC2F30E0216431743BE42ECD1ED
:106F1000B9F1000FD9DB0023694620460093FFF743
:106F20005AFF0028E2D1019001A92846FFF753FF3C
:106F30000028DBD1DDE900239A42D7D0D5E7AA6843
:106F4000B8F1000F03D0A3685340D904CDD4930403
:106F5000E1D4CAE72DE9F7430C46054648B141B1F3
:106F600000230B60036803F070430B60C268032AC0
:106F700003D9212003B0BDE8F083012A50D812B113
:106F800043F000632360AA68EB68900102F040714F
:106F900049D5B1F1407F49D0002BEAD04FF00072C3
:106FA000236823F0407313432360EA68022A07D161
:106FB0002A69032ADDD823F47F0343EA02432360CE
:106FC000EB68032B03D12B69F62BD2D9A370AB68E6
:106FD000190442BF236843F400432360EB68032B8A
:106FE00009D023682A6823F4FF4323F07F03C2F308
:106FF0000E02134323602A68AB68002A03F480560C
:1070000003F4806826DA5A0403F400511AD40029E4
:107010006BD1002EADD0236843F480532360A8E7E2
:1070200043F08063AEE7B1F1407F04D1002BA0D0E4
:107030004FF04072B4E702F08072002BB0D1002A0A
:10704000AED096E7226842F48040206000294CD1FF
:10705000002E53D12A6802F0704202F10042B2F1D0
:10706000804F06D2B8F1000F03D0226842F480624C
:107070002260D5F8009019F0704742D500232846C9
:1070800001A90193FFF7A7FE00287FF473AF09F071
:107090005049B9F1004F06D0B7F1304F03D0B7F1E6
:1070A000404F7FF466AF019B2268013B03F07F03F2
:1070B00022F07F0213432360AEB1EA69002A3FF455
:1070C00058AFB7F1004F3BD1117F00293AD0B8F14A
:1070D000000F08D043F400732360537F1BB1236873
:1070E00043F480732360002044E722681EB942F411
:1070F00000522260AEE742F44052FAE742F4A04266
:10710000F7E713F4C8437FF434AF284601A901938D
:10711000FFF761FE00287FF42DAF002F7FF429AF29
:107120002368019A23F4FF4323F07F03C2F30E0286
:1071300013432360002ED6D0EB69002B3FF419AF28
:107140000F2017E7537F002BCDD0B8F1000FC6D129
:10715000C9E773B50C46054610B9212002B070BDD1
:107160000029FAD00123C6684B609E4215D800233F
:1071700001A90193FFF75AFE0028EFD1019B06B148
:107180001C336A699A4206D32A6943F0005322608D
:107190000020A360E2E71D20E0E7023E012EDCD8DC
:1071A0000023F5E770B50E46154604468AB0002860
:1071B0003ED000293CD0002A3AD0002301222946A3
:1071C0003046FFF76CFE88BBF3688BBBEB68013B76
:1071D000012B2DD84FF08073A060C4E90030E0612E
:1071E00007A92846FFF7B6FE00BB2046079900F026
:1071F0007DF8304601A9FFF7ACFFB8B9204601A9D8
:1072000000F060F8284604A9D2F776FE70B920464F
:1072100000F058F8284607A9FFF79BFF30B9204631
:1072200007A900F059F82046D2F722FB0AB070BD3A
:107230002120FBE770B50D46164604468AB00028AB
:107240003ED000293CD0002A3AD00023012231460A
:107250002846FFF724FE88BBF3688BBBEB68013B35
:10726000012B2DD84FF08173A060C4E90030E0619C
:1072700007A92846FFF76EFE00BB2046079900F0DD
:1072800035F8284601A9D2F737FEB8B9204600F0F4
:1072900019F8284604A9FFF75CFF78B9204604A92D
:1072A00000F010F8304607A9FFF753FF30B9204629
:1072B00007A900F011F82046D2F7DAFA0AB070BD3B
:1072C0002120FBE7436813B9416070475B685A6847
:1072D000012AFBD159607047836813B981607047F8
:1072E0005B685A68012AFBD159607047C369032B58
:1072F0009FBF00EB83020133D160C3617047C36954
:10730000042B14D84FF09842116CC902FCD50433F9
:107310009B0013650168103B11604168116050F8D3
:10732000081F11604FF098420344984200D1704703
:1073300050F8041F1160F8E7FFF70EBDA0F500300C
:10734000B0F5003F2CBF00200120704770B5064605
:107350000D4614468CB0CAB11022002108A809F0CD
:1073600060FA002207AB029305AB019306AB0093D2
:107370003046294608ABCDE90522D2F715FE18B9EB
:10738000099B6360059B23600CB070BD6FF08600A5
:10739000FAE72DE9F0410F46002186B0B8420646D3
:1073A000039132D004AAFFF7D1FF044648BBDDF8B1
:1073B00010800120414600F0A5FE054638B303AB1E
:1073C000CDE900032246214643463046D2F76CFF02
:1073D000044670B9059B2146009338462B46039A14
:1073E000D2F7F6FE044620B921463046D2F7B2FF66
:1073F000044600212846039A09F013FA284600F0B3
:1074000063FE204606B0BDE8F0810C46F9E76FF058
:107410008C04F6E708B5FFF79FFC002814BF6FF057
:107420009200002008BDFFF7F5BFF0B51C46002311
:1074300089B023600F461646FFF78EFC70B9684688
:10744000FFF7BAFC054648B9324639466846D2F7D6
:10745000E9FC10B9266009B0F0BD25606FF092001C
:10746000F9E7F0B58FB0DDE91947DDE91B56A54214
:1074700022D94FF0000C2D1BCDE906740A95059416
:107480003D19189CCDF834C00494179C0DF1340CB0
:107490000394169CCDE908650294159CCDF82CC088
:1074A0000194149C0094D2F7DDFF18B933680D9A4B
:1074B000134433600FB0F0BD6FF08900FAE72DE997
:1074C000F04790B08946DDE91C8792461C46064687
:1074D000002851D0038803F4E042B2F5005F39D1AF
:1074E000C3F30222042A35D184F0AA6383F48073A3
:1074F00033F47E1337D084F0AA6383F4007333F43B
:107500007E1330D0B8F1000F36D000250CAB7F1BB6
:107510002A46184608EB070109F095F91B9B209AAB
:1075200003931A9B0A9202931F9A199B0992019343
:107530001E9A189BCDE90752CDE90570009352467B
:10754000234649463046CDF81080D3F74BF810B0AB
:10755000BDE8F08742F204029342D3D184F00523C0
:1075600083F48013CBE7C4F30545BD4204D8B8F1DA
:10757000000F01D0102DC9D96FF08600E7E720F089
:107580000803102B05D0202814BF6FF086000020C0
:1075900070470020704710B50024436814601B0A30
:1075A00004D0012B10D06FF0850010BD038823F0AC
:1075B000FF00B0F5824F04D1413BDBB2012B88BF05
:1075C000013100201160F0E72C31FAE7F8B51346DD
:1075D00042880C460732072A4FEAD20101D0A14265
:1075E00045D146680588C76820221846002109F061
:1075F00018F9360A034626B1012E10D06FF08B0021
:10760000F8BDA4B341F20102954205D0B5F5885FFB
:1076100002D0B5F5905F19D15C600020F0E7C6603C
:107620002CB341F2010295420AD15C60B90707F020
:1076300001020ED4002AF0D14FF080729A60ECE77C
:10764000B5F5885FF1D0B5F5905FEED0B5F5105F78
:1076500002D06FF08500D3E7182C03D0202C01D086
:10766000102C04D1C3E90044002ED6D0DEE76FF021
:107670008600C5E7406810B5000A029C04D00128C6
:1076800007D06FF08B0010BD934209D96FF08C00CA
:10769000F9E703F12C009042F8D8103103F11C02F5
:1076A0000020C4E90412EEE72B2A03460AD901227E
:1076B00000200A8048801A684A605A689B688A607D
:1076C000CB6070476FF0890070472DE9F04F9BB099
:1076D0001F46DDE924BA894615460646269B002842
:1076E00066D0002F64D0BBF1000F61D000295FD0BD
:1076F000002A5DD0BAF1000F5AD0002B58D00021DB
:10770000D2000DF10808CAF8001040461A60202285
:1077100009F087F8424629463046FFF757FF0446EE
:1077200028BBC6460DF1280CBEE80F00ACE80F00E0
:107730009EE80F008CE80F00EB1C214623F00303AA
:10774000202212A8CDE90D490F9309F06AF82B46C3
:107750005A4639463046CDF80080FFF78BFF044685
:1077600028B912A8FFF728FB28B16FF09204204631
:107770001BB0BDE8F08F02AA0AA912A8FFF712FDFC
:1077800098B95A46394602A8FFF78EFF04460028EA
:10779000EDD1524629463046FFF7FDFE044612A8B9
:1077A000FFF714FB0028E2D0DFE76FF09204F6E762
:1077B0006FF08604DBE710B586B005AC0294099C37
:1077C0000194089C0094FFF780FF06B010BD2DE9DE
:1077D000F04F9BB00C46DDE9249A15469846834647
:1077E00000286AD0002968D0002A66D0002B64D017
:1077F000B9F1000F61D0BAF1000F5ED0C76817F081
:1078000001075DD02022002102A809F00AF82146D4
:107810002A46584602ABD3F74FF9044640BB0AAD9F
:1078200002AE0FCE0FC596E80F0085E80F0001A944
:107830000AA8BBF800500194FFF7F8FA25F0FF03FF
:10784000B3F5824F014617D1413DEDB2012D13D959
:10785000042309F1FF3908F8013B0023CDE90D3875
:1078600009F1030323F003030F9339B16FF092047E
:1078700020461BB0BDE8F08F0027EEE7019B4B458B
:1078800021D8202212A808F0CCFF12A8FFF794FA02
:107890000028EBD10AAA02A912A8FFF7CBFC48B92D
:1078A000019B3B44CAF8003012A8FFF78FFA00286A
:1078B000DED0DBE76FF09204F6E76FF08604D7E7DF
:1078C0006FF08404D4E76FF08904D1E76FF085008E
:1078D0007047FFF7C6BDFFF7F2BDD2F71DBFD3F764
:1078E00021B8FFF7BEBDFFF7EABDD2F715BFD3F74A
:1078F00019B800F00BB809B100F00AB8222070479F
:107900000121D3F7B5B90021D3F7B2B900207047F0
:1079100070B506460D46FFF774F804461F2E52D880
:10792000DFE806F01019511E212451272A512D514C
:1079300030335136393C513F5142515151514551EB
:1079400048514B4ECFF768FB002628602046FFF7D2
:107950005EF8304670BD4FF4C070D0F7E7FBF3E738
:107960004FF42070F9E74FF44070F6E74FF4607081
:10797000F3E74FF40070F0E74FF48060EDE74FF469
:107980004060EAE74FF4C060E7E74FF4F060E4E7F7
:107990004FF4B060E1E74FF4D060DEE74FF41060E1
:1079A000DBE74FF4E060D8E74FF4A060D5E74FF491
:1079B0002860D2E74FF48070CFE74FF42060CCE727
:1079C0004FF44860C9E700202126BEE7D3F770B91D
:1079D000D3F72CBBD3F768BB70B50C46154610B96E
:1079E000D3F710FC38B143682BB12A462146BDE8D5
:1079F000704000681847232070BDF7B50D46164645
:107A00001C4648B103B901AC87685FB123463246D2
:107A100029460068B84706E0D3F7F4FB04B901AC87
:107A20000028F1D1232003B0F0BD07B501228DF865
:107A300007100DF10701FFF7CFFF03B05DF804FB5E
:107A40000B4601461846FFF7F0BF00230122FFF75F
:107A5000D4BF0EB403B503AA52F8041B0192D3F7A6
:107A6000DDFB02B05DF804EB03B070474FF06042FD
:107A7000D2F8803E1B02FBD470472DE9F84F0F4629
:107A800015461E46002402F104089DF828B002F1B4
:107A900009094FEA132A5FFA88F84C4502D30020FF
:107AA000BDE8F88F052C12D8DFE804F01E09030B9F
:107AB0000D0FD1210820CFF76FFD0134EDE74146CE
:107AC000F8E7F1B2F6E75146F4E75946F2E7AB1DA5
:107AD000A3420BD0EB1DA34208D005F10803A3423B
:107AE00006D0BB1F195DE5E75B21E3E75A21E1E71B
:107AF0005D21DFE7034670B190F8382090F83C0034
:107B00002AB1022803D1012283F83C2070470428BF
:107B10004FF00102F8D00120704780F82C10704718
:107B200090F82C00704790F8390070473022037AA3
:107B3000534303F1A04303F58023D96ED0E9032317
:107B40001344994214BF08461046704770B5044666
:107B50000568D3F757FB844202D10020D3F746FBD8
:107B600095F93600D3F720FB95F93600D3F7FCFAE8
:107B700095F93700D3F718FB95F93700D3F7F4FAE6
:107B8000287ACFF7D5FE287ACFF738FECFF714FE44
:107B900000232846C4E90033C4E90433A360AB6A78
:107BA000BDE870401847F8B504460D4690F83930E6
:107BB00081B173B990F83A60FEF718FF05460121CC
:107BC0003046D5F773FE2846FEF714FF012384F8EC
:107BD0003930F8BD002BFCD090F83A70FEF706FF64
:107BE000064629463846D5F761FE3046FEF702FFC5
:107BF00084F83950EDE72DE9F843044616460D4662
:107C000090F82C80FEF7FDFE94F8382003469AB1D8
:107C1000FEF7FDFE94F83B90FEF7E8FE07460121D3
:107C20004846D5F743FE3846FEF7E4FEFEF7E9FE88
:107C30000022034684F838201846FEF7E8FE2E445A
:107C4000B54204D101212046236A98473DE094F8CB
:107C50002D302BB3FEF7D5FE237E0746EBB1204631
:107C6000FFF764FFE1680138884238BF2069D4F823
:107C700030C03CBF00F1FF30401803469C450BD09C
:107C800013F80129112A01D0132A21D1A2F11103DD
:107C90005A425A4184F8342020633846FEF7B7FE32
:107CA00094F83430002BCBD0B8F1000F06D02B78ED
:107CB0000A2B03D10D212046E36998472046E3694A
:107CC00015F8011B98470028BAD00020BDE8F883BA
:107CD000994282BF236903F1FF335B18CEE7F8B501
:107CE00090F83830044603F0FF06A3B93146036A22
:107CF0009847012384F8383094F83B70FEF776FEFD
:107D0000054631463846D5F7D1FD2846FEF772FEC6
:107D1000022384F83C30F8BD026CD36C43F00403BA
:107D2000D364704710B50446026C93695906FCD5BC
:107D3000002394F849101A4694F84800D1F74AF9FC
:107D4000002394F84B101A4694F84A00D1F742F9F0
:107D500094F85030DA0707D5002394F84D101A46EE
:107D600094F84C00D1F736F994F850309B0707D5BA
:107D7000002394F84F101A4694F84E00D1F72AF9D0
:107D8000206C0021C36C23F00103C364C36C23F097
:107D90000403C364FEF729FF606C0021D0F7ACF93F
:107DA000002010BD08B5006CFEF738FF002008BDAC
:107DB000036CDA6C19B142F00102DA64704722F008
:107DC0000102DA64012203F500539A64704738B562
:107DD0000468206C856C15F001050BD0012200F5BC
:107DE00000539A6483699B060FD52046BDE838404E
:107DF000FFF775BF042384F83C30237E33B9C36C8E
:107E000023F00403C3640123237638BD637E1BB3D0
:107E100094F82D3003B3132184F83550FEF7FEFE9D
:107E2000236CDA6C42F00402DA645B6ADBB2112B79
:107E30000DD1012384F834303022237A534303F1E7
:107E4000A04303F58023DB6E013B2363DDE7132BA7
:107E5000DBD184F83450EFE7C36C23F00403C36430
:107E6000D3E710B508201C4602F0BFFC00282060B4
:107E70000CBF1B20002010BD002808BF42200A4470
:107E8000914200D1704711F8013B434001F8013C99
:107E900000F00103C0F34700002BF1D080F0B800E0
:107EA000EEE708B5D3F710FE80B208BD08B5D3F7EA
:107EB0000BFE08BD08B5FFF7F9FFFA23B0FBF3F09E
:107EC00080B208BD012070470420704740F2016075
:107ED00000F046B8704770477047032000F05BB869
:107EE0000120704710B50C46D3F746FE08B1006874
:107EF00008B9012010BD2146FFF7A7FD0028F9D0E1
:107F00001B28F6D1F6E710B50C46D3F735FE40B185
:107F1000006830B12146FFF788FD003818BF012006
:107F200010BD0120FCE701464FF0FF3003F0B3B96C
:107F300008B54FF0FF3003F0B0F980B208BD49BA80
:107F400089B280EA0103C3F303125340180380B2DD
:107F500058405B0103F4FF535840704742DE7047BE
:107F600010B50446FEF749FD4FF000534FF20F02E3
:107F70001C805A80BFF35F8FBDE81040D3F7E2B892
:107F800010B404460846114622465DF8044BD6F765
:107F9000ABBDD6F7E9BDD6F727BE10B404460846F8
:107FA000114622465DF8044BD6F73CBED6F7CABE52
:107FB000F8B5002706463D463046E9F7AFF9854259
:107FC00000D3F8BD3046E9F7A9F9441BE4B2202CF0
:107FD0002946304628BF2024E9F796FB2246014671
:107FE0003846FFF749FF2C440746E5B2E4E701466F
:107FF0000120FFF788BF10B5014604460120FFF7B6
:1080000071FF18B11B2803D018232370002010BD66
:108010002720FCE700207047104430B5054602B920
:1080200030BD01F00F030A2B34BF30243724013A4E
:108030002344090905F8013DD2B2F0E770B50446C2
:108040004518073549420D40A5F10806304600F0B5
:1080500066F8A188331BC3F3CF036288194489B241
:10806000D21A25F8041C25F8062CA28882B1A4EBAC
:10807000C202D180518819445180E2887AB1D31A62
:108080009BB204EBC20425F8023CA380304670BDCD
:1080900015F8082C42F0020205F8082CEDE725F847
:1080A000022CF3E707B500224FF0FF3101AB01923C
:1080B000D5F7D0F8019803B05DF804FB13460A46E3
:1080C0004FF0FF31D5F7C6B8D5F7C2B970B50D4638
:1080D0001E46114693B1002333608DB180B14543F4
:1080E00032462846FFF7EAFF044628B9306818B13F
:1080F0002A46214608F095FB204670BD2224FBE766
:108100002124F9E707B5002201AB0192FFF7DEFF5A
:10811000019803B05DF804FB0846FFF7C3BF0023D6
:10812000038043808380C380704710B5FEF75EFCF8
:108130000446D5F725FB2046BDE81040FEF75ABCA3
:10814000D5F7A8BF4FF4C870D5F756BC70470023C9
:1081500007B5684600938DF80430D0F7E5FD03B00D
:108160005DF804FB2DE9FF410D4616461F46044607
:10817000A8B14FF00008C0F81C80D6F7ABF8BDF8E6
:108180002C30424602939DF828302946CDE90073F1
:1081900020463346D5F7F8FF04B0BDE8F081222031
:1081A000FAE7F0B51F46002387B00D461646044691
:1081B0008DF81730A8B1C3610DF11701D6F7BCF8DF
:1081C0009DF817207AB9BDF83430294602939DF8FE
:1081D00030302046CDE900733346D5F7D5FF07B0E0
:1081E000F0BD2220FBE70320F9E738B5FEF709FCD4
:1081F0000546D6F7AFFA04462846FEF708FC2046A7
:1082000038BD00F03AB800F049B800210846D1F76F
:10821000F5B900F00101830748BF41F002010020D9
:10822000D1F7D2B910B504460020D1F7DFF9012CFF
:1082300004D0022C05D1C0F3400010BD00F00100B5
:10824000FBE70020F9E738B5FEF7DBFB044600202A
:10825000D1F7CCF9830700F0010548BF45F00205CE
:1082600000F003010020D1F7BBF92846D6F760F9EA
:108270002046BDE83840FEF7CABB002008B5D1F75C
:10828000B5F910F0080008D000200821D1F7A8F9AE
:10829000BDE808400020D1F7CFB908BD0421002077
:1082A000D1F79EB908B5FEF773F9FEF78EF9FEF720
:1082B000BEF9FEF791F9BDE80840FEF7A2B908B58E
:1082C000FEF7A0F9FEF79FF9FEF79EF9BDE808401A
:1082D000FEF7A3B970472DE9F34112F001050446FA
:1082E000884622D110F0030525D12F465208BA4204
:1082F00009D1D0F779FF0026B74204EB860008D1F8
:10830000D0F782FF11E054F8273001330CD1013748
:10831000EDE7042258F826300DEB0201019308F036
:10832000BBFA30B1D0F770FF3D25284602B0BDE85A
:10833000F0810136E0E70125F7E71FB52A38062866
:1083400069D8DFE800F0040B2C4D52575E0006F0B0
:10835000F8FE04F060FB012004B010BDE6F788FDD4
:108360000446E6F785FD8DF80000E6F781FD8DF8FF
:10837000010004F046FBADF80200E6F779FD0DF1CF
:1083800005018DF804000820E6F77AFDE6F770FD98
:1083900069468DF80D00204603F01DFFD9E7E6F78A
:1083A00067FD694606F0BEFE04F035FB9DF800004F
:1083B000E6F77CFD9DF80100E6F778FDBDF80200C8
:1083C00004F015FB9DF80400E6F770FD08200DF1A0
:1083D0000501E6F77BFD9DF80D00E6F767FDBAE7BE
:1083E000E6F746FD03F0F9FEB3E7E6F741FDF3F7E4
:1083F00025FEF2E7E6F73CFDF4F79EFE04F0F7FAFF
:10840000A9E7E6F735FD044604F0FBFA01462046ED
:10841000F4F7B8FE9FE700209EE770B574288CB093
:1084200027D006D86F2827D0732817D000200CB08B
:1084300070BDA8283BD0A928F8D104F0E2FA044680
:1084400002A90820E6F71CFD07A91020E6F718FD91
:10845000204607AA02A907F0F3F906E0102007A9B1
:10846000E6F70EFD07A807F0EDF904F0D4FA0120B5
:10847000DDE7F8F7BFFFF8E702A804F09EFBE6F798
:10848000F7FC0446E6F7F4FC0546E6F707FD07AE01
:10849000211E03462A4618BF0121009602A803F0B8
:1084A0009FFE04F0B8FA304604F07CFBDFE704F0EE
:1084B000A8FA044602A90820E6F7E2FC07A908206A
:1084C000E6F7DEFC204607AA02A907F080F9CCE710
:1084D000002070474FF6FF707047FF207047002064
:1084E0007047022004F097BA0020704708B50E20AC
:1084F00004F091FA012008BD002070477047D4F7BE
:10850000DDB8704708B5D3F7D1FFBDE80840E9F7FB
:1085100029BF7047704708B5FFF7FBFFFFF7FAFF69
:1085200008BD704708B5D3F7C1FFFFF7FAFFFEF7A4
:10853000E0F8BDE80840D8F77DB8002070479DF806
:10854000040070470020704700207047704738B51E
:108550000546FEF74BFA044601212846D5F7A6F951
:108560002046BDE83840FEF745BA0120704708B5FF
:10857000E6F7D6FBB0FA80F0400908BD08B5D8F799
:1085800009F900280CBF0420012008BD082808D8DC
:108590004FF48B73C34013F0010F14BF0020212050
:1085A000704721207047012070470120704700204C
:1085B000704708B5022004F02EFABDE808400020FC
:1085C000E6F774BC022004F026BA70472DE9F341A7
:1085D00004460D4616461F46DDF82080CDF8008083
:1085E000FEF7E2F83B46324629462046CDF80080A9
:1085F000FFF7EBFF02B0BDE8F0811FB5089C0294C5
:108600009DF81C400194BDF818400094E5F7BEFAAF
:1086100004B010BD08B5E4F7D1FE08BD70472DE9E0
:10862000F34116461F4604460D46BDF82080CDF89E
:108630000080FEF7BBF833464246294620460097A5
:10864000FFF7ECFF02B0BDE8F081704708B5FEF718
:10865000AEF8FFF7FAFF08BD012070472DE9F041A1
:1086600005460E4617469846FFF7F6FF0446434672
:1086700028463A463146FEF79CF82046BDE8F08190
:10868000012070472DE9F04105460E4617469846F1
:10869000FFF7F6FF0446434628463A463146FEF7C2
:1086A00089F82046BDE8F081FEF785B8F8B50546A3
:1086B0000E46174607F03EFD04463A462846314628
:1086C000FEF77BF82046F8BDFEF778B8704710B586
:1086D0000446FEF775F82046FFF7F8FF10BD704717
:1086E00038B504460D46FEF76DF829462046FFF7DB
:1086F000F6FF38BD704770B504460D461646FEF7C6
:1087000063F8324629462046FFF7F4FF70BD7047F4
:1087100038B504460D46FEF759F829462046FFF7BE
:10872000F6FF38BD704738B504460D46FEF750F8E1
:1087300029462046FFF7F6FF38BD70472DE9F34183
:1087400004460D4616461F469DF82080CDF8008051
:10875000FEF740F83B46324629462046CDF80080D9
:10876000FFF7EBFF02B0BDE8F081704738B5054672
:10877000E4F7C2FC04460146284600F0CEF9204644
:1087800038BD38B504460D46FEF72CF8294620467C
:10879000FFF7EBFF38BD704738B50546E4F71AFD23
:1087A00004460146284600F0B6F9204638BD38B5E3
:1087B00004460D46FEF717F829462046FFF7EBFF63
:1087C00038BD704710B50446FEF70EF82046FFF797
:1087D000F8FF10BD704738B504460D46FEF706F8A1
:1087E00029462046FFF7F6FF38BD704770B50446AE
:1087F0000D461646FDF7FCFF324629462046FFF798
:10880000F4FF70BD704738B504460D46FDF7F2FF22
:1088100029462046FFF7F6FF38BD704738B50446B5
:108820000D46FDF7E9FF29462046FFF7F6FF38BD64
:10883000704770B504460D461646FDF7DFFF324619
:1088400029462046FFF7F4FF70BD704710B5044677
:10885000FDF7D6FF2046FFF7F8FF10BD704710B5B3
:108860000446FDF7CFFF2046FFF7F8FF10BD704725
:1088700010B50446FDF7C8FF2046FFF7F8FF10BD0E
:10888000704770B504460D461646FDF7BFFF3246E9
:1088900029462046FFF7F4FF70BD704710B5044627
:1088A000FDF7B6FF2046FFF7F8FF10BD704738B55B
:1088B00004460D46FDF7AEFF29462046FFF7F6FFBA
:1088C00038BD7047F8B504460D4616461F46FDF7FD
:1088D000A3FF3B46324629462046FFF7F2FFF8BD8C
:1088E000704770B504460D461646FDF797FF3246B1
:1088F00029462046FFF7F4FF70BD7047F8B50646DD
:108900000C4617461D46FDF78BFF3B46324629466F
:108910002046FFF7F2FFF8BD704710B50446FDF79B
:1089200081FF2046FFF7F8FF10BD704738B50446B9
:108930000D46FDF779FF29462046FFF7F6FF38BDC3
:10894000704710B50446FDF771FF2046FFF7F8FFAA
:1089500010BD70472DE9F34104460D4616461F46EB
:10896000DDF82080CDF80080FDF762FF3B463246FF
:1089700029462046CDF80080FFF7EBFF02B0BDE8A6
:10898000F081704738B504460D46FDF753FF294680
:108990002046FFF7F6FF38BD0E2070470E207047C7
:1089A00038B50446FFF7FAFF05462046FDF744FFB9
:1089B0002046FFF7F1FF284638BD704710B5044642
:1089C000FDF73BFF2046FFF7F8FF10BD0020704782
:1089D0000020704738B50446FFF7FAFF05462046E9
:1089E000FDF72CFF2046FFF7F1FF284638BD704702
:1089F0002DE9F04F8FB09DF880B0219C9DF87490C8
:108A0000CDE908B41E9C9DF860509DF864609DF807
:108A100068709DF86C80CDE905941C9C9DF87CA045
:108A2000CDE90384CDE901670095CDE90C23CDE9BB
:108A30000A01CDF81CA0FDF702FFDDE90A01219B28
:108A4000CDE90167CDE908B31E9BCDF81CA0CDE9A7
:108A500005931C9B0095CDE90383DDE90C23FFF70B
:108A6000C6FF0FB0BDE8F08F08B5FDF704FFFDF7B6
:108A700083FD08BD0020704702207047002070472A
:108A800030B589B00446ADF806108DF81020E9F72E
:108A90003DF805462046E9F749F803469DB1BDF883
:108AA0000600ABB904F0F4FDFF2808BF00200DF16B
:108AB0000F038DF80F0005932046DDE90412D7F768
:108AC000ABFE09B030BD0028F6D00DF10603F2E789
:108AD00004F0DEFDFF2808BF0020BDF806308DF849
:108AE0000F00ADF81A308DF8180006ABE3E7D3F7A6
:108AF00071BC08B5E7F716FC002840F6124018BF15
:108B0000002008BD012070477047704770477047CC
:108B1000704770477047FFF74ABEFFF732BEFFF756
:108B2000E0BEFFF7CFBE10B49DF8044001945DF89D
:108B3000044BFFF703BEFFF745BEFFF74CBEE9F756
:108B4000C1BBFFF783BEFFF751BEFFF73FBDFFF785
:108B500065BEFFF758BEFFF76CBE30B4BDF80840E5
:108B60009DF80C50CDE9024530BCFFF746BDFFF73C
:108B70009BBDFFF7B5BDFFF7BEBDFFF71FBFFFF7FA
:108B8000C7BDFFF7D0BDFFF7E5BEFFF77ABEFFF721
:108B900085BEFFF78CBEFFF767BFFFF798BDFFF7F5
:108BA0005EBE04F0F1B9E7F769BBE9F749B810B464
:108BB000BDF8044001945DF8044BFFF730BDFFF7AA
:108BC000B5BEFFF79BBEFFF7A8BEFFF7BABE0020F9
:108BD000704770470020704770470E207047012093
:108BE0007047704701207047012070470E20704782
:108BF00037B5427B0446D0070D4605D56078F0F7BF
:108C00002BFDC8B103B030BD930731D5C2F380034B
:108C100010074FEA8313ADF806300DF1060248BF86
:108C200043F4806304F1040048BFADF8063005F05A
:108C3000A0FD08B92D20E5E708222946201D07F0F0
:108C4000D6FD2B7C00202373AB89590642BF627B83
:108C500042F0040262735A0542BF627B42F008028E
:108C600062731B0742BF637B43F002036373C9E770
:108C70000120C7E77FB5102201AB02A9019200F0E5
:108C8000AEFC50B902A806F012FA80F00100C0B2A2
:108C900000F0010007B05DF804FB0020F8E730B5F4
:108CA000427B044612F001058BB015D0002128222A
:108CB000684607F0B6FD69466078D8F777FF48B98F
:108CC000DDF81D306360DDF82130A360637B43F085
:108CD000020363730BB030BD930701D42D20F9E775
:108CE000D200012102F080020430D8F7ABFFFF2848
:108CF0006070F3D0637B284643F001036373E9E7B8
:108D0000704708B500F07DFC003818BF012008BD91
:108D100007B50378072B0FD1407800F5403000F5F8
:108D20000070102201AB019200F059FC003818BF0E
:108D3000012003B05DF804FB082B05D1407800F555
:108D4000403000F54070ECE72620F2E730B50378BC
:108D50000446072B0D4687B019D1437803F5403000
:108D600000F50070059000F04CFC1023CDE9015394
:108D7000012300934FF4105140F20133226905A8FA
:108D800000F002FC003818BF012007B030BD082BEE
:108D900005D1437803F5403000F54070E2E7262026
:108DA000F3E773B505460E46FFF779FF0446E0B9D1
:108DB0006B7B9B070ED46878102200F5403031465B
:108DC00001AB00F5807000F00AFC50B10124204690
:108DD00002B070BD02460821281D04F010FC0028D6
:108DE000E9D0304605F017FFF1E72D24EFE738B55D
:108DF000427B0446930707D5D200012102F080028E
:108E00000430D8F71FFF60706178FF2902D12D254B
:108E1000284638BD00220120D8F788FF05460028E3
:108E2000F5D1607800F5403000F5807000F0E9FB86
:108E3000EEE7102310B590B0CDE9011300230093A5
:108E40004FF410510269044640F2013305A800F0C6
:108E50009BFB014648BB25220DF11B0007F0E1FCFE
:108E60006368627BCDF83530A36812F0040FCDF84B
:108E70003930059B06A807934FF001038DF81A308F
:108E80000CBF8023C023110748BF43F48063ADF8B3
:108E90001830930742BFBDF8183043F00803ADF80F
:108EA0001830F0F76FFB10B010BD0120FBE710B5D4
:108EB0008AB00C4601A9FFF79BFE40B96B46102211
:108EC0002146069800F08BFB003818BF01200AB03D
:108ED00010BD10B58AB024220446002101A807F075
:108EE000A0FC0023ADF80230637B590744BF402249
:108EF000ADF802201A0742BFBDF8022042F480629A
:108F0000ADF80220DB071CD5607801A9F0F7A4FBBF
:108F100010B12D200AB010BD01AB03CB637B6060A4
:108F200043F00203A160637304A9201D05F023FC34
:108F30000028EED0069800F064FB003818BF01202E
:108F4000E8E70DF1020201A9201D05F012FC00283E
:108F5000EAD1DEE710F1870F06D030B110F1950F9E
:108F60000CBF2C200120704721207047D8B1D1B10F
:108F70004388C3B90378013B082B14D8DFE803F01A
:108F80000507090B0D0D0F0F1100D8F7E1B9D8F740
:108F900073BAFFF74EBFD8F723BBD8F7E5BAFFF790
:108FA000D5BED8F7D9BB2120704738B50D4639B3A7
:108FB00030B30378013B082B20D8DFE803F0050D20
:108FC0001013161619191C00D8F71CFA0446284667
:108FD00005F021FE204638BDD8F786FAF6E7FFF700
:108FE00066FFF3E7FFF7DDFEF0E7D8F7A9FAEDE754
:108FF000FFF78EFEEAE7D8F7CBFBE7E72124E6E7A9
:109000002124E7E770B586B0064601A80C46154650
:10901000D8F738F904238DF804301CB12068616852
:1090200002AB03C3294601A88DF80560FFF79EFF38
:1090300006B070BD70B586B0044601A80D46164650
:10904000D8F720F90323206861688DF8043002AB5B
:109050008DF8116003C3294601A8FFF787FF06B00A
:1090600070BD0022FFF7E6BF30B585B00D466946FA
:109070000446FFF79AFF20B92A4621466846D8F7EA
:10908000DDFB05B030BD10B5044686B011230622C5
:10909000012001A9E8F7A2FCA3789DF814209A42C8
:1090A00007D08DF8143006221123002001A9E8F71B
:1090B00095FC11230222012001A9E8F78FFCE37837
:1090C0009DF814209A4207D08DF814300222112303
:1090D000002001A9E8F782FC06B010BD30B5437B43
:1090E000044613F001020D468BB007D0407801A969
:1090F000F0F7B2FA70B12D200BB030BD9B07FAD556
:10910000ADF8022001A90DF10202043005F031FB97
:109110000028F0D000210E22A81C07F082FBBDF829
:1091200010302B80039BAB60BDF81230AB819DF8F3
:109130001430237301AB03CB6060A1600020DBE738
:1091400070B5437B0446DB070E468AB003D42D2559
:1091500028460AB070BD69464078D8F727FD054615
:109160000028F4D1DDF81D300E226360DDF82130D7
:109170000146A360637BB01C43F00203637307F0F6
:1091800050FBBDF80030069A43F004033380059B82
:10919000B2607360DCE70B4610B504461022002174
:1091A000184607F03EFB2278032A09D0042A0DD086
:1091B000022A11D101462046BDE81040D8F79ABCDA
:1091C00001462046BDE81040FFF788BF0146204613
:1091D000BDE81040FFF7B4BF262010BDF8B5074624
:1091E00008460C4616461D46D8F74CF80423237053
:1091F000637B314643F00103204667706373FFF7DA
:10920000D4FE08B12D20F8BD29462046FFF7C3FF44
:109210000028F8D0F6E7F8B5054608460C461F4684
:109220001646D8F72FF80423237025B108222946C3
:10923000E01807F0DCFA637B43F0020363734EB976
:10924000324601212846D8F7FDFCFF28607007D17F
:109250002D20F8BD31462046FFF7A7FE0028F7D1A4
:10926000637B43F0010363730DB90020F1E7002F26
:10927000FBD039462046FFF78EFFF6E7F8B50C46DF
:109280000746084616461D46D7F7FCFF032320462F
:10929000394600F8043B082207F0A9FA637B3146FF
:1092A00043F0020320466373FFF77FFE08B12D20D1
:1092B000F8BD29462046FFF76EFF0028F8D0F6E7F4
:1092C000F8B5074608460C4616461D46D7F7DAFF9E
:1092D00003232370637B314643F00103204667700C
:1092E0006373FFF762FE08B12D20F8BD29462046C2
:1092F000FFF751FF0028F8D0F6E70120704718B1BA
:1093000080220121D8F79EBCFF20704730B589B07C
:109310000D46FFF7F4FFFF28044612D0192302463A
:10932000194601A8FEF72CFE2868696801AB03C343
:1093300019232146184601AAFEF72BFE002009B08A
:1093400030BD2D20FBE7002307B51A4619460093D0
:10935000F1F7E0FEB0FA80F0400903B05DF804FBDD
:10936000704770470020704770470F207047704764
:109370009DF8000070470F2070470F2070470020B5
:1093800070470F207047002070470020704784B05E
:109390008DE80F00002004B0704700207047704730
:1093A00070470020704770470020704770470020CA
:1093B00070470120704770470020704700B58FB09C
:1093C00061B105AB01AA09A9FFF725FF20B99DF8F6
:1093D00025000FB05DF804FBFF20FAE70220F8E754
:1093E00010B586B0044601A8D7F74CFF04238DF8CA
:1093F0000430012301A88DF805408DF81130D8F70D
:109400006BF9002818BF212006B010BD002310B54D
:1094100086B00C461A4601A9FFF7FDFE9DF805002F
:10942000FF2807D0002C0DBF0422002204210021B8
:10943000D8F7E6FC06B010BD30B587B0044601A8E9
:109440001546D7F71FFF4FF6047320686168ADF823
:10945000043002AB03C3294601A8FFF787FD054688
:1094600030B105212046FFF794FB002007B030BD46
:109470009DF80500FF28F8D002222946D8F7C0FC45
:1094800001212046FFF785FB28462946F1F730FFEA
:109490000120EBE7008870470170090A41707047AE
:1094A00010B50024E3B210B9C3F10303DBB20134F9
:1094B000042CCA544FEA1222F4D110BD10B50B7817
:1094C0004C788A78C97828B910462246044608465E
:1094D0001946034642EA012043EA042343EA0040D6
:1094E00010BD2DE9F84FDDF8289016469A468046C3
:1094F0000C469DF82CB00C9FCFF7E0FE431F5D4259
:109500005D41B6F5885F2AD1BBF1000F04D1C4F8E4
:1095100004B00023A36009E0BBF1010F08BFD8F835
:1095200000304BEA052508BFA360656019F4805F31
:1095300018BF49F4806919F4005FE36918BF49F462
:109540000069C4E9039AC3B926804FF6F8724FF652
:10955000FF73974288BF1F466780BDE8F88FBBF155
:10956000010F08BFD8F800304BEA05256560EDB261
:1095700008BFA360002DD9D1CBE7002331461A469E
:10958000204600F070FDE0E72DE9F04304468FB07F
:109590000D46DDE9178916460021242205A81F463D
:1095A00007F03FF9C4B1B8F1000F15D04FEAC90375
:1095B00002939DF858302A462046CDE9007305A94C
:1095C0003346FFF78EFF23464A46414605A800F082
:1095D000BFFA0FB0BDE8F0836FF08600F9E710B472
:1095E00021B11BB15DF8044B00F06EBA6FF086003C
:1095F0005DF8044B704709B100F01BBA6FF08600AC
:10960000704700F002BA10B51C46002386B00593DF
:109610004AB144B105AB02931023CDE90043D9F719
:1096200083F906B010BD6FF08600FAE710B51C464E
:10963000002386B005934AB144B105AB02931023D1
:10964000CDE90043D9F79CF806B010BD6FF0860055
:10965000FAE72DE9F04F9B468BB09DF85040179BE1
:109660000746884618465946924622469DF8589025
:109670009DF8545007F0BBF803464FEA094101F446
:109680007C1141F0A8612E1B09AA41F480710BEBFB
:10969000040006EB090C23440692BAF1000F16D021
:1096A000CDE9043CCDE902060D2342463846CDE91A
:1096B00000B400F08EFB10F1950F04D16FF0940010
:1096C0000BB0BDE8F08FB8B16FF08600F8E7CDE9D8
:1096D0000436CDE9020C0D2342463846CDE900B4EC
:1096E00000F007FC10F1950FE8D00028ECD1099BA1
:1096F000B342E9D10020E3E7099B4D442D1B9D4275
:10970000F7E710B5044608B1D8F728FC2046BDE8B5
:109710001040FEF7D9BC00F4E040B0F5805F04D003
:10972000A0F500535842584170470120704738B5A2
:10973000037904460D463BB9A368022120462B60FD
:1097400000F08BFD38B938BDD0E9091200F01BFEDE
:109750000028F1D0F7E700232B60F4E700232DE980
:10976000F341D0E9016804460F46304611461360C4
:1097700000F0DAFD054688B9304600F0D7FD054611
:1097800060B9F6B276B9B8F1000F05D1E36823F4F9
:109790007F4323F0030363B16FF08605284602B0D0
:1097A000BDE8F0810146A06800F046FD0028EDD13B
:1097B000F2E74FF6F87362889A421ED8238B012B8A
:1097C000EAD8394601A8D9F7F3F905460028E5D1CA
:1097D0000FCC3F683E460FC694E807003B7986E809
:1097E00007000BB9019BBB603B8B012123F00103F8
:1097F00038463B8300F031FDD0E76FF08505CDE7BB
:1098000041F2052398421AD8B0F5905F09D241F28F
:10981000010398420CD0B0F5885F09D06FF0850045
:1098200070472923A0F5905080B2C340DB07F5D5DF
:1098300011F0070F0CBF00206FF086007047B0F5E5
:10984000105FEBD121F04003802B06D0B1F5807F73
:109850000CBF00206FF0860070470020704770B585
:10986000446A05460E463CB90120FEF74BFC68628F
:1098700028B12046AE6270BD6FF08A00FBE76FF042
:109880008C00F8E7F8B50F46114606461546FFF777
:10989000E6FF044620B92A463946706A06F0D3FF2F
:1098A0002046F8BD2DE9F041089D88461F460488F2
:1098B00002B32046FFF72FFFE0B12B680BB9D300AE
:1098C0002B6020462968FFF79BFF044678B9CE1D20
:1098D000B2EBD60F11D1069B9A4211D841463846B9
:1098E00006F0B1FF2B68079A0733DB0813602046A8
:1098F000BDE8F0816FF08504F9E76FF08604F6E7C4
:109900006FF08904F3E72DE9F04F456885B02D0A23
:109910000446DDE90E67894692469B46DDF84080A5
:1099200006D0012D18D06FF0860005B0BDE8F08F8D
:10993000CDE901780096FDF7C9FF10F1860FF4D14B
:109940005B46524649462046CDE90F780E9605B053
:10995000BDE8F04FFFF7A6BFCDE90F780E9605B032
:10996000BDE8F04FFDF7B1BE10B50446406A10B136
:10997000A16AFFF7C6FE0020C4E9090010BD38B592
:109980000546FFF7F1FF95F820300446043B012B14
:109990000CD8EB69002B0CBF04466FF096042C2208
:1099A0000021284606F03DFF204638BD6FF09604A2
:1099B000F5E710B5044638B1042100F04EFC20460E
:1099C000BDE81040FFF7DBBF10BD38B590F8203080
:1099D0000546052B16D10479FF2C07D1FFF7CFFFE1
:1099E000041E08BF6FF08404204638BD1CB1806897
:1099F00000F0AEFC04462846FFF7C1FF002818BF60
:109A00000446F1E76FF08804EEE707B558B101228C
:109A100001A9D9F709F930B9019800F056FC28B12D
:109A20000198FFF7D2FF03B05DF804FB6FF09900D7
:109A3000F9E7F7B5044608460E4600F008FB002398
:109A400020461A4601A9D8F72BFE78B9019F344663
:109A50003D460FCD0FC495E8070084E80700338B1F
:109A6000384603F00103338300F034FC03B0F0BD4B
:109A700070B5144602881D461046049EFFF74BFE43
:109A800068B944F2010322F44050984207D002F42E
:109A90004F42B2F5824F02D0B2F5844F0ED1B4429C
:109AA0000FD82246284606F0CEFE0021321B281988
:109AB00006F0B7FE0020059B1C6070BD6FF08500AE
:109AC000FBE76FF08900F8E72DE9F04188461F4673
:109AD00016468CB0002A38D0002301223B6002A930
:109AE000D8F7DEFD0446B8B9DDF808C003AC65461A
:109AF000CDE90A000FCD0FC495E80700049B84E868
:109B00000700DCE909121B0A0AD0012B16D06046B7
:109B100000F0E0FB6FF0860420460CB0BDE8F08159
:109B20004346CDE9006703A8FFF7A2FF0446029869
:109B300000F0D0FB002C08BF0446EDE74346CDE91A
:109B4000006703A8FDF743FEF0E76FF08904E3E741
:109B50002DE9F0411F46002388B005468846164689
:109B6000CDE9043307923B60002A61D0B2F1005F77
:109B700061D205AA04A9FFF7F1FD0446A0B9049B30
:109B80005A6AAAB1049B41465A882846069206AAF8
:109B9000029203F1280201929A6A00925B6A3246AD
:109BA000FFF7B1FE0446E8B10498FFF702FF35E085
:109BB0006B681B0A07D107990498FFF750FE04460B
:109BC0000028DFD0F0E7012B03D007926FF0860466
:109BD000EAE7284607A9079600F065FA0446002838
:109BE000E9D0E1E70498069B4288DAB943804FF652
:109BF000F872934219D82B8813B102889A42E5D1A2
:109C00002B6A002BE2D16B8813B142889A42DDD1D6
:109C10003946FFF78CFD04460028C5D1204608B020
:109C2000BDE8F0819A42D1D1E1E76FF08504BBE74E
:109C30006FF08604F2E76FF08504EFE72DE9F04F4F
:109C40000E464FF0000C8646154693B009AC0F4601
:109C50000FCE0FC40FCE0FC4336862462360704628
:109C60006346C5F800C005A9CDE905CCCDE907CC10
:109C7000D8F716FD044658B9059B9868FDF75EFBBA
:109C8000059C064670B9E3689B070BD46FF084040B
:109C90000698FFF78EFE059800F01CFB204613B0D7
:109CA000BDE8F08F3B882BB122889A4202D06FF03A
:109CB0008604EDE73B6A002BF9D17A8863880AB104
:109CC0009A42F4D1ADF82630DDF834A02388D4F8D8
:109CD000109051464A461846ADF824300393D8F701
:109CE00069F90746DDF838B0D4F81480039B424682
:109CF00059461846D8F75EF92FB9BAF1000F02D0CD
:109D0000B9F1000FD3D128B9BBF1000F02D0B8F1DF
:109D1000000FCCD1E2680C9B0E90134006A907AA55
:109D200009A8CDE90C37FFF719FD04460028AFD18B
:109D3000002E3FD1069B5A68059B5B681B0AB3EB5C
:109D4000122F02D06FF08504A2E70A9B1B0A39D0BC
:109D500008A909A800F0A7F90446002898D1089995
:109D60000698FFF77CFD0446002891D1DDE9053017
:109D70005A68120AE6D1D3E909120A9C436A240AF6
:109D8000012C50F8286F92D1CDE9006009A8FDF7A9
:109D900012FD044600287FF47BAF29460698FFF7A2
:109DA000C6FC044600287FF473AF059800F092FAD1
:109DB000044673E70A9B1B0ACAD1059B5B681B0A12
:109DC0007FF464AF059B0698D3E90912FFF75AFDAB
:109DD000DFE72DE9F04F1E46002397B0DDF898A08D
:109DE0008346DDE924970846CAF800300D469046C0
:109DF000D8F704FC0446002862D12B464FF4807249
:109E000058460CA9D8F74CFC0446002858D1DDF878
:109E100030B00DACDC46CDE91400BCE80F000FC437
:109E20009CE8070084E8070031462846D8F7D4FBB1
:109E30000446002841D1DBE9091B0E9B1B0A0BD00D
:109E4000012B41D06FF08604002F36D03A46002116
:109E5000484606F0E6FC30E0239B5A460593229BD9
:109E6000CDE9077A0493219BCDF818900393209BAA
:109E7000CDF80080CDE901630DA82B460B91FDF7CD
:109E800030FD10F1860F04460B9914D1239B5A46DE
:109E90000593229BCDE9077A0493219BCDF8189076
:109EA0000393209BCDF80080CDE901630DA82B46DC
:109EB00000F0AFF80446002CC6D10C9800F00AFA66
:109EC000204617B0BDE8F08F239B5A460593229B8E
:109ED000CDE9077A0493219BCDF818900393209B3A
:109EE000CDF80080CDE901630DA82B46FDF7F1FC0C
:109EF000E0E72DE9F04F1E46002397B0DDF898A06B
:109F00008346DDE924970846CAF800300D4690469E
:109F1000D8F774FB0446002862D12B464FF4007238
:109F200058460CA9D8F7BCFB0446002858D1DDF8E8
:109F300030B00DACDC46CDE91400BCE80F000FC416
:109F40009CE8070084E8070031462846D8F744FB20
:109F50000446002841D1DBE9091B0E9B1B0A0BD0EC
:109F6000012B41D06FF08604002F36D03A460021F5
:109F7000484606F056FC30E0239B5A460593229B48
:109F8000CDE9077A0493219BCDF818900393209B89
:109F9000CDF80080CDE901630DA82B460B91FDF7AC
:109FA000A2FC10F1860F04460B9914D1239B5A464C
:109FB0000593229BCDE9077A0493219BCDF8189055
:109FC0000393209BCDF80080CDE901630DA82B46BB
:109FD00000F02DF80446002CC6D10C9800F07AF958
:109FE000204617B0BDE8F08F239B5A460593229B6D
:109FF000CDE9077A0493219BCDF818900393209B19
:10A00000CDF80080CDE901630DA82B46FDF763FC78
:10A01000E0E707B5014618464A880DF107030988AD
:10A0200000F013F86FF0850003B05DF804FB07B58E
:10A03000014618464A880DF10703098800F005F823
:10A040006FF0850003B05DF804FB0020704710B589
:10A050000446C069FEF738F82046BDE810402422C7
:10A06000002106F0DEBB2DE9F04105460F46904683
:10A070001C469BB119460120FEF744F8064678B10C
:10A080002246414606F0DFFBE86908B1FEF71CF8FE
:10A090000020C5E907642F80BDE8F0811E46F3E784
:10A0A0006FF08C00F8E7426870B5120A05884388A3
:10A0B00006D0012A56D000236FF086000B6022E004
:10A0C00005F4E042B2F5805F02D0B2F5005F05D141
:10A0D0000733DB0840D16FF0850014E005F44F42F0
:10A0E000B2F5844F03D10733DB080AD1F3E747F217
:10A0F0000102954208D15B080133DB0803EBC3037F
:10A100003B3300200B6070BD44F20102954202D146
:10A11000DB081033F5E747F20202954204D1DB0871
:10A1200003EB43035A33ECE744F20202954204D1B5
:10A13000DB0803EB43034A33E3E725F0FF05B5F5FE
:10A14000E24FD0D0B5F5824FC5D10733DB085B00B5
:10A150000133012BD5D1BEE725F0FF05B5F5824FC0
:10A16000CFD1F6E705F4E046DC1DB6F5805F25F0BB
:10A17000FF024FEAD40002D0B6F5005F06D10028F6
:10A180004AD0B2F5824F07D1034640E005F44F466E
:10A19000B6F5844F02D190B3C31C32E047F20106FA
:10A1A000B5420DD15B080133DB0803EBC3033B333E
:10A1B0000333800723F0030335D1072C23D132E08A
:10A1C00044F20106B54202D1DB081033F0E747F252
:10A1D0000206B54204D1DB0803EB43035A33E7E739
:10A1E00044F20206B54204D1DB0803EB43034A33D1
:10A1F000DEE7B2F5E24FCED0B2F5824F05D00B6864
:10A20000033323F003032C337BE743000133012B9B
:10A2100000D10B68013BCBE7B2F5824F0B6806D04B
:10A22000033323F00303B2F5824FECD102E0023393
:10A2300023F003030433E6E703466FF04042084689
:10A24000591E914207D338B103F1404393428CBF6A
:10A250000020012070470120704790F82030052B26
:10A2600011D8DFE803F0030B16141F214B1E012B3E
:10A2700009D9042907D06FF087007047022902D05E
:10A280000B1F012B0BD880F82010002070470229EB
:10A2900002D0CB1E022BF5E7C369002BF3D06FF081
:10A2A000880070470529EED00029ECD0F7E710B5FB
:10A2B00003210446FFF7D1FF30B9E3695A1C0EBFF2
:10A2C0006FF096000133E36110BDC069B0FA80F011
:10A2D0004009704708B90020704790F82020032AF1
:10A2E00008D1C269EAB1013AC261002AF3D1022160
:10A2F000FFF7B3BF052A09D0042A0FD1C26982B182
:10A30000013AC261002AE6D1FFF739BBC26942B106
:10A31000013AC261002ADED1FFF757BB6FF0880017
:10A3200070476FF09600704700207047C0B2FF285A
:10A330000CBF6FF086000020704707B500216A4609
:10A34000FDF704F88C3018BF012003B05DF804FB62
:10A3500013B500216A460446FCF7F8FF8C3002D1A1
:10A36000002002B010BD00212046CFF7F3FF0146C8
:10A3700010B16FF09800F4E76A462046FCF7E6FF5C
:10A380008C30EDD0F5E72DE9FF41074614468846AD
:10A3900000293FD0002A3DD0B2F5005F3DD202F146
:10A3A000240631460120FDF7ADFE0546C0B3034645
:10A3B0003A4621464046D8F7B1FCBF6800243846EB
:10A3C000FFF7BBFF01281FD021462B4632463846F7
:10A3D0000094CFF7FDFE0146C8B9384602AAFCF743
:10A3E000B5FF044620B9029B9E4205D06FF0980449
:10A3F00038460021CFF7AEFF31462846FFF781F9F6
:10A40000204604B0BDE8F0816FF08A04F4E76FF0F5
:10A410009804F1E76FF08604F2E76FF08D04EFE740
:10A420006FF08C04ECE7FFF76CB92DE9F047D0F83A
:10A4300008A086B08146884617465046002104AAE7
:10A44000FCF784FF044610BB049E01203146FDF753
:10A4500059FE0546002837D02146504604AA0394E9
:10A46000FCF774FF044670B903AB02462146CDE900
:10A47000005350463346CFF717FF039B04469E42D6
:10A4800009D06FF0980431462846FFF73AF9204684
:10A4900006B0BDE8F0870028F5D13B46424631467C
:10A4A0002846CDF80090D8F757FC04460028EAD19A
:10A4B000D8F800302BB13B68002B08BF6FF0910437
:10A4C000E1E76FF09104DEE76FF08C04DFE770479F
:10A4D0002DE9F84F9846DDE90B490D9B15469A0783
:10A4E00006460F4623D02A460A9B03EB040A14446F
:10A4F000A24220D10D9B9B0705D5A2EB050AD145B1
:10A5000005EB0A0420D82046BDE8F88F43463946BB
:10A510002020B0470AF1010ACA450AEB0B02F5D325
:10A52000A9EB04024C4588BF00222A44DCE7A2467E
:10A53000A5EB040BF0E702F1010B434639461AF88C
:10A54000010DB0475A46D3E74346224639462020FC
:10A55000B0470AF1010AD2E72DE9F0479E46DDE94E
:10A560000D3CDDE90874DDE90B651CF0020F9DF878
:10A5700028801FD10CF001094BB1B9F1000F06D0B2
:10A58000B8F1000F02D11CF00C0F00D0013B4FF0CE
:10A59000300A02E007F804A00134A54201D9202CBA
:10A5A000F8D1B9F1000F05D04FF03009A34201D91D
:10A5B000202C1BD11CF0100F15D01CF4806F32D151
:10A5C000C4B1AC4201D09C422DD1651E12D0102ED8
:10A5D0003FD11CF0200FA4F1020456D178263E553D
:10A5E00030266C1C7E55202C29D00DE007F80490F5
:10A5F0000134DBE7102E10D11CF0200F2FD178246E
:10A600003C7030247C700224B8F1000F31D02D252D
:10A610003D55013414E06224F2E7022EFBD03024D1
:10A620003C700124F0E7102E1BD11CF0200F2AD122
:10A63000202C04D07826651C3E55202DD0D1202416
:10A64000CDE90A3CCDE908747346BDE8F047FFF751
:10A650003FBF022EC4D162247C550135EDE758245A
:10A66000CEE7022E03D1202CE9D02546F3E725467C
:10A67000E3E71CF0040F01D02B25C9E71CF0080FFD
:10A68000DED02025C4E7202CD9D05826651CD3E77E
:10A690002DE9F04391B0189D1A9F1D9E2DB926F00B
:10A6A000100416F4806F264622D116F0200F14BF36
:10A6B0004FF0410E4FF0610EAC4600250DF1200821
:10A6C000AEF10A0EBCFBF7F907FB19C95FFA89F472
:10A6D000B9F1090F94BF30347444E4B2BC4508F8B2
:10A6E000014B05F10105BCFBF7F401D3202D10D17E
:10A6F0001C9C069605941B9CCDE903749DF8644050
:10A70000CDE9015408AC0094FFF726FF11B0BDE875
:10A71000F083A446D6E72DE9F04F95B0CDE90A23A2
:10A72000DDE91E76DDE9229B57EA0603CDE9080143
:10A73000269C05D124F0100314F4806F1C4637D1F9
:10A7400014F0200F14BF4123612300250DF1300ABE
:10A75000A3F10A0831464A465B463846FBF73EFD00
:10A76000D2B2092A94BF303242444F45D2B276EB7E
:10A770000B0605F101050AF8012B01D3202D14D198
:10A78000259B06940593249BDDE90801CDE90393FD
:10A790009DF88030CDE901530CAB0093DDE90A232D
:10A7A000FFF7DAFE15B0BDE8F08F07460E46D1E799
:10A7B0000025E5E708B100F014B8704710B1D1E901
:10A7C00000311847704738B5441E14F8015F25B9A9
:10A7D0000A2000F006F8284638BD284600F001F8A7
:10A7E000F3E701460020FDF720B910B50B46EFF363
:10A7F00011844FF0200181F311881946D8F7ECFD40
:10A8000084F3118810BDD8F7B1BD4369406CDA1CE0
:10A810001438B2FBF0F203EBC203CA1D0333B2FBE0
:10A82000F0F2B3FBF0F30132023301EBC20100FBA3
:10A830000310704738B5446905462146FFF7E5FF28
:10A840006A6CE31D143AB3FBF2F3013304EBC30467
:10A85000204438BD73B506460D460024F36B012233
:10A8600001A928195B699847019B013309D1043478
:10A87000736C62195B426A401A42EFD0204602B004
:10A8800070BD0024FAE770B505460C46CDF73EF9D9
:10A89000EB6B2046DB68BDE87040184770B50025BB
:10A8A00086B004460562E369AB4202D8206A06B06E
:10A8B00070BD666C0522206801A9E36B06FB0500EC
:10A8C0005B69984701A800F010FC00F033FC10B160
:10A8D000236A013323620135E5E738B50446456C48
:10A8E000006804F1400305FB0101E06B00F02FFC60
:10A8F00005462046FFF7D2FF284638BDF0B505468D
:10A9000087B00026EC69013CB44203D80C462046CF
:10A9100007B0F0BD01B14C1E6F6C0522286801A97B
:10A92000EB6B07FB04005B69984701A800F0DDFBB7
:10A9300000F000FC0028EAD101362146E2E7F0B53C
:10A94000044687B0466C0D4600680522E36B01A9FA
:10A9500006FB05005B69984701A800F0C6FB00F004
:10A96000E9FB20B101A800F097FB07B0F0BD294634
:10A970002046FFF7C3FF676C0646E36B206805229D
:10A980005B6901A907FB0600984701A800F084FB5A
:10A99000431CEAD0B54238BF0130E6E72DE9F04369
:10A9A000D0F824804FF6FF7987B004460E46C8459C
:10A9B00014BF454600250027E369BB4202D807B013
:10A9C000BDE8F083E26B01A92368606CD2F814C083
:10A9D000052200FB0530E04701A800F086FB0228B5
:10A9E00006D0C8450CD1721C29462046FFF775FFDA
:10A9F0000135E3690137B5FBF3F203FB1255DBE7E1
:10AA000029462046FFF79BFFB0F1FF3F14BF0246E7
:10AA100032460132E8E70368F0B5CC1A436C87B0E0
:10AA200006460025B4FBF3F4F36937685A1E706CD0
:10AA3000954208D3706C336800FB043007B0BDE862
:10AA4000F04000F082BB013401A9B4FBF3F203FB38
:10AA50001244F36B05225B6900FB0470984701A860
:10AA600000F043FB00F066FB0028E3D10135DBE793
:10AA700010B423F003049B07436C2244C3F100038A
:10AA80000A4418BF043282EA0104234203D05DF86D
:10AA9000044BFFF7C0BF10465DF8044B70472DE92B
:10AAA000F041D0E90A3686B004469E4228D1C369F7
:10AAB0001422456802FB1355284606B0BDE8F08114
:10AAC000206801A9676C331AE26BB3FBF7F3D2F885
:10AAD000148007FB03000522C04701A800F005FB16
:10AAE000012804D0636C1D44013B3340ED1A31460C
:10AAF0002046FFF790FF0646A36AB342E0D1DBE7AA
:10AB00000025F9E7F0B5002587B004462E46E36935
:10AB1000B34202D8284607B0F0BD636C052227680F
:10AB200001A903FB0677E36B38465B69984701A8E8
:10AB300000F0DBFA00F0FEFA58B1384600F005FBF1
:10AB400001462046FFF786FE636C143B834208BF34
:10AB500001350136DBE708B508301346D1E90012AC
:10AB6000DAF7E4F8012008BD13B50C460021217680
:10AB70000093134661682246D8F7ACFC18B1E37D18
:10AB800003B1A07EA075A07D02B010BD73B500F129
:10AB9000080516460C460DF107020968284600F024
:10ABA000A1F9032E06D16368834203D121682846A8
:10ABB00000F07FF9012002B070BDD01E009B424220
:10ABC0004241187E824211D11A688A420ED85A68D0
:10ABD0008A420BD35A6901325A61D3E90302824295
:10ABE0003FBF986840F8221001321A610120704777
:10ABF000032A10B5029C07D1A26A5340626C5242EC
:10AC0000134201D100F055F9012010BD08B5C36809
:10AC100000209847BDE80840CCF780BF012870B5F8
:10AC200014BF04200220002442431C70CC7D101D60
:10AC300002F002024CB91AB1012220F003001A708E
:10AC400000F108034868184470BD1AB1012220F0D1
:10AC500003001A700C7E002301F12005DAB2944241
:10AC600001D80020F0E735F833205E1C824206D977
:10AC700001EBC30300F10802D8691044E4E7801A2D
:10AC80003346EBE773B590F8426005461C460DF17C
:10AC900003033046FFF7C2FFEB6B012E5B690DD15A
:10ACA000324601A998479DF8033013B1BDF806302C
:10ACB0000193BDF80430236002B070BD012221462B
:10ACC00002B0BDE870401847F0B50546002487B0D3
:10ACD0004868EB6B27460E4601225B6902A90830E3
:10ACE0000294984795F84230012B40F08480632C01
:10ACF00002D9029807B0F0BD612C08D805AB2246F6
:10AD000031462846FFF7BEFF9DF814301BB305AB54
:10AD10002246314628468DF81070FFF7B3FF95F8AC
:10AD20004230012B059B55D14FF6FF72934200F044
:10AD30009680082205A904A800F05EF9059B9DF8FD
:10AD40001010C3F30722914240F08980DBB2029ACF
:10AD50001A44029283E095F84230012B30D103ABC4
:10AD6000224631462846FFF78DFF04AB621C314670
:10AD70002846FFF787FF05ABA21C31462846FFF7A0
:10AD800081FF102208230DF107000DEB02018DF861
:10AD9000073000F031F9102205A90DF1070000F08D
:10ADA0002BF9039BDAB2002A52D19DF80720B2EBAF
:10ADB000132F4DD1DDE9043203EB0243029347E048
:10ADC000302C2BD944E09DF80720B2EB134F3FD134
:10ADD000049BF3E7013342D0102205A90DEB0200DA
:10ADE00000F00AF9059B9DF81010C3F30742914249
:10ADF00035D19BB2ABE7312C3FF67BAF87D005ABAB
:10AE0000224631462846FFF73DFFBDF81430002B9F
:10AE10007FF47DAF95F84230012BA0D003AB2246E2
:10AE200031462846FFF72EFF04AB621C3146284608
:10AE3000FFF728FF102320220DF107000DEB03017F
:10AE40008DF8073000F0D8F8039B9AB2002ABAD0E8
:10AE500095F84230012B14BF012302231C44013416
:10AE600040E713B500240194049C0094D8F7C6FE73
:10AE700002B010BD13B501240194049C0094D8F7CE
:10AE8000BDFE02B010BD30B5002344684FF0FF3264
:10AE90009C4202D10023037230BD016801EBC3055F
:10AEA00041F8332001336A60F2E7C0E90012FFF78E
:10AEB000EABFF0B5002345689D4210D00468DF006A
:10AEC00054F8332004EBC306B2F1FF3F08D0C2F3BD
:10AED0001302914204D14FF0FF33E3517360F0BD90
:10AEE0000133E9E7F0B5002345689D4202D14FF0F8
:10AEF000FF300EE00468DE0054F83340671C09D0D0
:10AF0000C4F31307B94205D1240D14700368334408
:10AF10005868F0BD0133E8E713B500230446014645
:10AF20001B220DF107008DF8073000F065F822684C
:10AF30009DF80730B3EBD26F0CBF0120002002B0A8
:10AF400010BD13B500230446014620220DF1070071
:10AF50008DF8073000F050F80DF107001A22211D7E
:10AF600000F04AF862689DF80730B3EB926F0CBFAF
:10AF70000120002002B010BD0068431C5842584117
:10AF80007047006810F07E0F0CBFC0F3C160002056
:10AF900070470068C0F3D3107047006800F07F006E
:10AFA00001288CBF002001207047036813F07E0F3A
:10AFB00014BF042008207047036813F07E0F03D1EC
:10AFC000406820F07C40704713F078001CBF03F00D
:10AFD0007F03D81F7047006800F07F007047032888
:10AFE00009D0022803D1C1F10201C8B2704700297B
:10AFF0000CBF0720002070471F2A0B689EBF4FF030
:10B00000FF3191408B43590801F055315B1A03F031
:10B0100033319B0803F033330B44017803EB1313F4
:10B020000A444FF0013103F00F334B43A2EB13629C
:10B030000270704737B501F10C0405464369694653
:10B04000012220469847BDF80030012201A9019352
:10B050002046AB69984703B030BD37B501F10C0409
:10B06000436901226946054620469847009B4FF6F2
:10B07000FF7299B291420DD11B0C012201A9204609
:10B080001B0443F4254343F0A5030193AB699847A0
:10B0900003B030BD0020FBE737B5044600251B2276
:10B0A000011D0DF107008DF80750FFF7A5FF60683F
:10B0B0009DF80720B2EBD06F03D120F0784003B0A9
:10B0C00030BD0DF107001B2204F108018DF8075077
:10B0D000FFF792FFA0689DF80730B3EBD06F01D166
:10B0E000C043EAE74FF0FF30E9E703684BF29A22EA
:10B0F000B2EB134F10B5044613D19BB2012B13D101
:10B10000FFF7CAFF01300CD0E0684FF6FF72B2EBD8
:10B11000104F4FEA104309D180B2C01A18BF012066
:10B1200010BD2368013303D00420F9E70220F7E7BC
:10B130000320F5E701288CBF002001207047033869
:10B1400001288CBF002001207047143070472DE982
:10B15000F04105469846036908460E46174698474B
:10B16000044638B943463A4631462846D9F7BAFE2E
:10B17000044618B131462846FFF75CFF2046BDE87B
:10B18000F081DAF707BD38B504460D46E0F786F9D9
:10B1900028B929462046BDE83840DAF7C3BC38BD97
:10B1A000DBF706BEDEF7A6BA70B516460C46FBF70F
:10B1B0001DFC314605462046DDF776FF044628464D
:10B1C000FBF718FC204670BD00F0F6B838B5044611
:10B1D00048880D4600F083FAD4F8D4302BB92946BC
:10B1E0002046BDE83840DAF7A7BE022038BD00F09F
:10B1F00078BA00F00EB973B5044600200D4600F091
:10B200006EFAD4F8D46069462046FFF7F2FF5EB9C3
:10B210009DF800102A462046CEF726FA0146204621
:10B22000DAF720FF02B070BD002329461A462046F7
:10B23000B047F7E7DAF7E2BADCF792BE38B5054671
:10B240000C46FBF7D3FB6B6B1C402B6B23432B6330
:10B25000FBF7D0FB211E18BF01210020490238BD99
:10B2600038B504460D46FBF7C1FB636B1D40236BED
:10B2700023EA05052563FBF7BDFB284638BD006BB7
:10B28000704710B504460121FFF7EAFF2046BDE8EC
:10B290001040DEF759BADBF737BA00F04FB938B5CE
:10B2A00004460D464FF48811FFF7DAFF2946204681
:10B2B000BDE83840DCF732B80846DCF74BBF00F099
:10B2C0001CBADDF753B90847022A01D800F074B957
:10B2D00001207047022A01D800F07FB90120704791
:10B2E000022A01D800F08BB901207047DBF7DCBEE1
:10B2F0000846DBF7F9BEDBF741BF002070470020AE
:10B30000704702210120D9F769BF013001D1DDF773
:10B31000C1BB012070477047836B03F06003402B73
:10B320000DD0602B03D0203B58425841704749B1A3
:10B330000B68012B06D9486940F00100704740F2C4
:10B340000110704700207047F0B514461E460F46A6
:10B3500087B019B90024204607B0F0BD002AF9D003
:10B360000028F7D001A9DCF7B9FA0028F2D0BDF81F
:10B370000630A2199A42BDF80850C4BF9B1B9CB26C
:10B38000B54212D90399AD1BADB23144A542039128
:10B39000ADF808500DD22A46384605F054FA049903
:10B3A000621B781905F04FFAD5E70499761B3144F2
:10B3B000049122463846F5E70846DDF7E3BD022052
:10B3C000DDF7BEB8D0F8C8304BB11A68022A06D9EA
:10B3D00093F8250028B11B6AB3FBF0F0704700F02A
:10B3E000ECBA7047D0F8C8207AB11368022B0CD998
:10B3F000536A13F47F4FC3F3072106D0126ADBB2FE
:10B4000053438B42B3FBF1F201D200F0DABA10469B
:10B4100070470346D0F810010860B3F814310020DB
:10B420008B80704790F810310C2B14BF007EFF20EA
:10B43000704738B50C464FF400610546DFF7A0FDB4
:10B4400070B17CB195F8FE3073B94FF480724FF44F
:10B4500080712846DFF780FD003818BF012038BD15
:10B460002202F4E72246F2E70020F8E74FF4807169
:10B47000DFF786BD08B54A024FF40071DFF76CFDB7
:10B48000002008BD08B58A024FF48061DFF764FD33
:10B49000002008BD4FF40071DFF772BD084610B5FB
:10B4A00010F0030411461BD13F2B15D9B3FA83F3D7
:10B4B000C3F11902D2B2062A01D8192B0ED0062ADE
:10B4C00028BF06220124931DDBB29C40A4B2A142F6
:10B4D00028BF2146DBF788FF204610BD2246F1E752
:10B4E0000024F9E7084611F0030110B518D11388BC
:10B4F0003F2B15D9B3FA83F3C3F11904E4B2062C38
:10B5000001D8192B03D0062C214628BF0621012380
:10B510008C1DE4B2A3401380DBF786FF002010BD32
:10B520000120FCE710B5144608460121DDF7BEFBFB
:10B530002046BDE810400121DDF7B8BBCDF732B998
:10B54000F8B504460E461746FBF750FA3A4605464C
:10B550003146204600F082F904462846FBF74AFAB5
:10B560002046F8BD0220704703207047DCF7E0BF9B
:10B5700010B5DBF767FA044608B9DEF73FFE204650
:10B5800010BD70B504460E46154600F0ADF83146C4
:10B590002046DFF7BBFF00F0A7F829462046DAF780
:10B5A000B3F900224FF400312046DFF7D5FC00202C
:10B5B00070BD8021DFF7E4BC7FB5531C05AAADF850
:10B5C0001410029202210022DBB2CDE900211146C3
:10B5D000DFF7E0FC07B05DF804FB7FB5531C05AA5C
:10B5E000ADF81410029204210222DBB2CDE9002151
:10B5F00000220121DFF7CEFC07B05DF804FB1FB588
:10B60000531C029100220821CDE900210122DBB266
:10B610001146DFF7BFFC05B05DF804FB38B5054601
:10B62000DAF76CF904462846DAF746F9072811D10B
:10B63000D5F8C43024F47F41DB6921F0080103B15F
:10B640005B7841EA032141F020012846BDE83840FB
:10B65000DAF75AB924F02001F7E770472DE9F74FE0
:10B6600001251C469DF830300646019303681746B5
:10B6700003F0070306339D4005F1FF380B46A1B1E7
:10B68000416804EA080BA5EB0B0A41F0005952454A
:10B6900009EB0B0114D95246184605F0D4F8494677
:10B6A0007A1B5A44504405F0CEF8019B2BB13C4420
:10B6B00048EA050804EA0804F46003B0BDE8F08F26
:10B6C0001846F0E737B5002514460095FFF7C6FF8A
:10B6D000204603B030BDDBF745BB0020704700209B
:10B6E0007047002070477047704710F0FD0F14BF7F
:10B6F0004FF0FF300020C0B2704708B5DDF780F88A
:10B70000BDE80840DDF7A4B838B50446FFF7F5FFFB
:10B710000546FFF7F2FF431BA342FAD338BD38B505
:10B720000D460446DDF76CF835B1844200D9013985
:10B73000204601F0030138BD844238BF0131F7E7EC
:10B7400008B50121FFF7EBFFBDE80840DDF780B841
:10B7500008B521B1920005F076F8002008BD01205F
:10B76000FCE700F06F43B3F1804F02D0B3F1204FFC
:10B7700002D120F07040704700F06043B3F1204FD9
:10B7800008BF20F0805070470B0CB3F5384FF7B569
:10B7900006460D468FB216D04BF60102934214D0E6
:10B7A0004BF60202934212D0B3F5304F14BF04247B
:10B7B0000324D6F8C4300BB1196851B9D6F8C0309B
:10B7C0009BB928680FE00024F3E70124F1E7022485
:10B7D000EFE7234668463A46DDF7A8F89DF80430BF
:10B7E0000098002BEAD103B0F0BD19680029E8D019
:10B7F000234668463A46DDF799F89DF804300098EC
:10B80000002BDED1EFE700F03003202B10B513D171
:10B8100010F4E02FC0F302440AD0C0F3C423B3FBFA
:10B82000F4F410F4C01F18BF6400052C0ED864088F
:10B83000DDF718FB604310BD6FF01204C0F38213F4
:10B840001C4104F00104C4F10204F1E70424EFE711
:10B850000020DDF70BBC0120DDF708BCF7B505467D
:10B860000F4668461146DDF7ABFC064698B197B126
:10B87000DDE900311B0A43EA0163A5FB0343090A22
:10B8800005FB0135DDF704FA002302462946204670
:10B89000FAF7A4FC3860304603B0F0BD03207047CF
:10B8A0007047DEF7B7BEDEF7B5BEDEF7B3BEDEF734
:10B8B000B1BEDEF7AFBE00228A4202D14FF0FF30A8
:10B8C000704750F8223093FAA3F30BB90132F3E733
:10B8D000B3FA83F000EB421070470220704700205B
:10B8E00070470120704700207047002070470120FA
:10B8F000704700207047DBF7F3BA08461146012273
:10B9000000F04CB870B505460C4611461A46DFF7F4
:10B91000B7FB06682B462046B446BDE8704060473A
:10B9200010B5DFF7ADFBBDE8104083681847FFF79F
:10B930001FBEDBF78BB9FFF726BCDDF7BBBA494268
:10B94000FFF7FBBF70B504460D4616464FF488114D
:10B95000FFF786FC324629462046BDE87040DBF7FB
:10B96000B5BC7047431E012B03D9031F58425841F1
:10B97000704701207047FFF7B0BE4FF4CC72002132
:10B9800004F04FBF10B504460021FFF709FC204624
:10B99000BDE81040DAF70EBFD9F796BF10B50C46D8
:10B9A0001146D9F7B7FFDBF79BFA012801D1002038
:10B9B00010BD002CF7D10420FAE7DAF72BBAFFF715
:10B9C00001BDDAF72DBAFFF70DBD70B500232425B0
:10B9D000D0F8C000C4689C4201D1012070BD8268CB
:10B9E00005FB0322D6898E4202D8128A8A4201D2EE
:10B9F0000133F0E70020F1E7808B70470A7838B513
:10BA000005461046FFF7AEFF60B14C782046FFF7C1
:10BA1000A9FF38B12243530704D42846BDE8384073
:10BA2000DAF71EBA012038BD10B504460878FFF7D2
:10BA300099FF58B14A781046FFF794FF30B1042AB5
:10BA400004D02046BDE81040DAF740BA012010BD0E
:10BA5000D9F7E0BEDAF7C0BD73B50D7806460C46DF
:10BA600035B304238DF804302379304601A98DF8CD
:10BA70000530FFF7D9FF0546B8B92278A37952BB44
:10BA80008DF80430E379304601A98DF80530FFF7D1
:10BA9000B5FF054648B923783BB161883046DAF7EF
:10BAA00031FC01213046FFF7C4FC284602B070BDCE
:10BAB0002946FFF7BEFC29463046FFF7DBFC294646
:10BAC0003046FFF7DFFC2378002BCAD123798DF8AD
:10BAD00004306379C9E702228DF80420D3E7FFF729
:10BAE000C9BCFFF7D7BCFFF7D9BCFFF7FBBC0846C2
:10BAF0001146DBF7F3BEC0F8D01000207047DAF72C
:10BB000039BC70B5144605460E4686B01222002197
:10BB10000DF1060004F085FE23686946284600936F
:10BB2000ADF80460DAF726FD009B236006B070BD17
:10BB3000084611461A46BDF80030FFF705BC002044
:10BB400070472DE9F0410E46A2B0144602A98022AA
:10BB5000DFF748FDD6B30025013E16F8013FABB331
:10BB6000A3F13002092A07D805EB850503EB45034D
:10BB7000303B03F0FF05F0E7622B4AD017D8462B85
:10BB80003CD006D8422B2ED0442B24D08DF8043044
:10BB90002FE0572BFAD154F8042B012001A9FDF70F
:10BBA0007FFC022201A90020DFF746FDD5E76C2BC0
:10BBB00021D0702B01D0662BE8D154F8041B2A4603
:10BBC0000020DFF739FD05460028C6D0DFF722FD4B
:10BBD00022B0BDE8F08154F8042B012001A9FDF743
:10BBE0005FFC0422DEE7012054F8042B01A9FDF7D5
:10BBF00057FC0122D6E714F8045BAEE7002554F8A1
:10BC0000041B4B5D0BB9EDB2D9E70135FF2DF8D11F
:10BC1000D5E734F8048BB8F1000F9ED04046E5F725
:10BC200061FB07464046E5F779FB3946C2B2002082
:10BC3000DFF702FD002890D0C8E70EB403B503AAD1
:10BC400052F8041B0192FFF77CFF02B05DF804EB91
:10BC500003B07047DFF7F0BC0EB403B503AA52F887
:10BC6000041B0192FFF76DFF02B05DF804EB03B017
:10BC700070472DE9F04F97B09DF89C50299E0A958A
:10BC80009DF8A0509DF89470CDE908560A9E9DF845
:10BC900080B00796269E9DF884A0CDE905769DF894
:10BCA00088909DF88C80249ECDE901A9CDE903867A
:10BCB000CDF800B01C46CDE90B010D92FCF742FC1B
:10BCC000002842D1C5210EA8FDF7E6FB0B9B8DF89D
:10BCD0003A300C9B8DF83B300D9B8DF83C30237A2D
:10BCE0008DF83D30A3BB012022680DF13E01FDF728
:10BCF000D7FB012022680DF14201FDF7D1FB637AE9
:10BD00000120249A0DF14B018DF846308DF847B093
:10BD10008DF848A08DF849908DF84A80FDF7C0FB5A
:10BD20000120269A14A98DF84F70FDF7B9FB0A9BE4
:10BD30001E218DF854300023299ACDE900330EA836
:10BD40002B468DF85550E2F7F5FF17B0BDE8F08FA0
:10BD5000022B01BF2368CDF83E306368CDF8423036
:10BD6000CDE737B505460C46FCF7EEFB78B9C721A1
:10BD70006846FDF791FB01200DF102012A46FDF70F
:10BD80008FFB072168468DF8064000F0F2FD03B0F6
:10BD900030BD2DE9F34106460F4615460AB90DF1AF
:10BDA000070501213046E5F727FB20B13046012188
:10BDB000E5F722FB064600213046297001F004FB1E
:10BDC00010F0400F2B7802D1B0F5804F0CD2042F29
:10BDD00014D10333D9B2297010F4406F00F0F2800F
:10BDE000304601F0F1FA17E00124991CC9B2012F85
:10BDF000297005D13046E5F799FC0DE00024F4E701
:10BE0000D91CC9B2022F297000F44062E4D032B9C3
:10BE1000032F12D14FF0FF3002B0BDE8F081591D61
:10BE2000C9B2032F297003D1B2F5006FD8D0F1E762
:10BE3000B2F5006F05D107332B70042F06D1297896
:10BE4000CEE7B2F5406FF8D10D33F5E714B12B789A
:10BE500002332B70052F00F4404003D1B0F5004FA2
:10BE6000D8D1ECE7B0F5004F2B7810D102332B700E
:10BE70000D2F2C7810D030462978E5F757FC0306B3
:10BE800011D4062F804615D02978013119E0B0F57C
:10BE9000404FEDD10833EAE73046E5F73FFA8442F8
:10BEA000E9DB0020B8E73046297801F08DFA062F4B
:10BEB000804601D14046AFE710F0800F2978E4D0EA
:10BEC0000231C9B20D2F297022D13046E5F726FA8A
:10BED0002B788342E5D208F03C020C2AE1D140F2F3
:10BEE000037218EA020F2FD104332B7008F4E063B9
:10BEF000B3F5007F08BF2B7808F4805804BF0133E6
:10BF00002B70092F2BD1B8F1000F83D0297807E0CF
:10BF100040F20373072F08EA030307D1002BC0D1B7
:10BF2000304602B0BDE8F04101F06CBA13B92B788D
:10BF300004332B70082FD9D108F4E060B0F5007FEE
:10BF40007FF468AF297855E708F4E062B2F5007F26
:10BF500008F4805804BF01332B701FFA88F8B8F139
:10BF6000000F02D02B7804332B700A2FEAD00D2F4C
:10BF70000DD13046E5F7D2F92C78A04291D90134A1
:10BF8000E4B22C70B8F1000F13D1012044E72B78F4
:10BF90000B2F03F101032B703FF43CAFB8F1000FFE
:10BFA0003FF438AF3046E5F7B9F9011FC9B229703F
:10BFB000B6E73046E5F7B2F903348442ACBF00205F
:10BFC000012029E7FF232B7024E700280CBF8121E3
:10BFD000012100B5137A8FB0022B8DF8041020D107
:10BFE0000C238DF80530FF238DF807308DF80830CD
:10BFF000136805A9CDF809305368CDF80D308C23AE
:10C000008DF8113082238DF81230537A8DF8133069
:10C0100001A8091A002289B201F067F80FB05DF893
:10C0200004FB08218DF80510EBB91368FF228DF889
:10C03000072023B96FF0724303A90293E8E76FF07A
:10C04000E642029280228DF80C201A0A8DF80D30FB
:10C050008DF80E201A0C1B0E8DF80F208DF8103065
:10C060000DF11101D4E70DF10701D1E7024600B54A
:10C0700089B05168006804AB03C390680DF10A02EF
:10C080001860002303A81946DFF766FBA0B1E5F7A7
:10C0900029F90022BDF80A10143001F026F840B149
:10C0A000009000219DF81C309DF80D0004AADFF7D8
:10C0B0008DFC03A8DFF7AAFB09B05DF804FB70B59F
:10C0C00006460D461068516886B002AC03C49068FD
:10C0D0002060CEB101228DF814309DF830308DF8FB
:10C0E00004208DF81530BDF834309DF828200B99C8
:10C0F00001A88DF80550ADF81630DFF7C7FBB0FA90
:10C1000080F0400906B070BD01A8DFF77FFB80F02A
:10C110000100C0B2F6E738B5037A05460C463BB9D4
:10C120000A7AEAB900680B68C31A5842584138BD08
:10C13000022B15D10B7A022B12D1082204F047FBF7
:10C1400070B96B7A607A83420CD0013BDBB2FD2B75
:10C1500008D80138C0B2FD2894BF00200120E6E7CE
:10C160000020E4E70120E2E7036898B218B14FF637
:10C17000F8729A4312D1B0EB134F80EA134205D004
:10C180004FF6F87022F00701814204D19BB223B12F
:10C19000083A90B27047104670470720704738B58C
:10C1A00005460C46E0F748FF90B96CB1FCF762FC1D
:10C1B000214660732846F1F729F8044610B928464D
:10C1C000E0F762FF204638BD2846F0F7F7FFF4E7B6
:10C1D00040F60444F6E7FFF7E2BF0021FFF7DFBFB8
:10C1E00070B50E4605461146049C1A4666B102F02B
:10C1F00041FA064635B12CB1A5421FBF0FCD0FC481
:10C200002B682360304670BD02F0CCF9F1E70023C3
:10C2100013B5ADF806300378044603BB022202745E
:10C22000027A102A09D03B2A1BD00A2A0FD1436078
:10C230000DF10600EFF77AFF07E001A8EDF7B8FC73
:10C24000BDF804306060ADF8063001232370237818
:10C250002BB1BDF8061004F11100FDF71DF902B075
:10C2600010BD4360D4F7E8FBADF80600EDE737B545
:10C2700005780446ADB9037A102B14D100F11101F1
:10C280000120FDF71BF9054604F11500FDF702F941
:10C2900001A9ADF804002846EDF75AFC01236060BF
:10C2A000237003B030BD3B2BFBD11130FDF7F2F80A
:10C2B000D4F7C8FB012365602370F2E713B5044689
:10C2C0006E2101A8FDF7E8F8032101A88DF80640CA
:10C2D00000F04FFB02B010BD30B504460D4685B0EE
:10C2E00001A89B21FDF7D8F823680B21CDF8063073
:10C2F000636801A8CDF80A308DF80E5000F039FBC4
:10C3000005B030BD10B586B00A9C00920494099C1B
:10C310004FF6FF7203949DF82040CDE901340023CD
:10C32000E1F7C4F806B010BD70B404469DF8105093
:10C330009DF814609DF80C00CDE904560393134654
:10C34000224670BCE1F7B2B870B404469DF81050B4
:10C350009DF814600846CDE9045611461A469DF82A
:10C360000C30039470BCE1F7A1B810B40446084641
:10C3700021465DF8044BE6F77DBEE7F705BAE7F71F
:10C380000FBAF7F7A3BDF7F7EDBCF7F7E5BC2DE95A
:10C39000F843089C0D4690460999224607461E46DA
:10C3A000DDF82890F1F7A4F82046F1F76BF9B0FA20
:10C3B00080F4640942462946384689F80040F1F77E
:10C3C00085F928B931462846BDE8F843F1F7CAB9DE
:10C3D000BDE8F88338B505460C46D4F7D9FAA8422B
:10C3E0000CD9D4F7D1FA30F8252000EB85030020D2
:10C3F00022809A78A270DB78E37038BD0220FCE7D7
:10C4000038B504460D46D4F7C3FAA0420BD9D4F789
:10C41000BBFA2A8800EB840320F824200020AA78A5
:10C42000D8709A7038BD0220FCE7E5F72BBC38B510
:10C430000C460546E5F790FB08220146284604F025
:10C44000D6F9E5F783FB2080BDE83840E5F788BBE7
:10C45000E8F7F0BAF5F7B6B8F7F782BA70B5A2B058
:10C460000E4601A9054601F0BDF8044620B9324642
:10C47000284601A900F007FD204622B070BD0378D0
:10C4800013B50446B3B9012243600270007A9042AA
:10C4900012D002281CD008BB217B0DF1060200F04F
:10C4A0008BF90223BDF806106060237404F11100BB
:10C4B000FCF7F2FF02B010BD03230DF10600237458
:10C4C000EAF702FCBDF80610607404F11200EFE711
:10C4D000A0892274F7F70CFD6074EBE72370E9E79D
:10C4E00070B506460C46054636F8021B2046FCF79A
:10C4F000D3FF31460822A01C04F079F9AB7A04F18D
:10C500000E01A372EB7A0120E3722B7B23736B7B0A
:10C5100063732A69BDE87040FCF7C2BFF0B50446FA
:10C52000274615460E4687B001A81B21FCF7B4FF2D
:10C53000A37837F8041B0DF107008DF80630FCF7DF
:10C54000ABFF63681221CDF809307B6801A8CDF8F4
:10C550000D30E3788DF814608DF81130A3898DF8D3
:10C560001550ADF8123000F004FA07B0F0BD37B541
:10C570000C4605461C216846FCF78EFF22460DF14D
:10C58000030101208DF80250FCF78AFF072168465D
:10C5900000F0EFF903B030BD30B504460D468BB066
:10C5A000FCF76CFAFCF768FA05A92046F3F78AFE57
:10C5B00001A82321FCF770FFBDF81E1002A88DF81A
:10C5C00006408DF80750FCF767FF05AB03CB9DF8DD
:10C5D0001C30CDF80A00CDF80E1001A80F218DF8FF
:10C5E000123000F0C6F90BB030BD13B504467C2103
:10C5F00001A8FCF751FF21460DF10600FCF74CFFA6
:10C6000004210DEB010000F0B4F902B010BD37B504
:10C6100005460C4668468021FCF73EFF2A460DF190
:10C6200002010120FCF73CFF21460DF10600FCF75A
:10C6300033FF0821684600F09CF903B030BD37B5E0
:10C640000C460546C4216846FCF726FF21460DF13D
:10C6500003008DF80250FCF71FFF0521684600F02B
:10C6600088F903B030BDF0B5154607460E4689B0CF
:10C6700002A846211C46FCF70FFF284603A98DF8A7
:10C680000A708DF80B60FFF72BFF00231721CDE90F
:10C6900000330E9A234602A88DF81E40E2F74AFBAB
:10C6A00009B0F0BD7FB5164605460C4602A8982194
:10C6B000FCF7F2FE32460DF10A010120FCF7F0FE14
:10C6C00000232246CDE9003306212B4602A8E2F7DB
:10C6D00031FB04B070BDF0B505460F468BB002A823
:10C6E000922114461E46FCF7D7FE2B683846CDF83B
:10C6F0000A306B680DF11201CDF80E30FFF7F0FE35
:10C7000000233246CDE900331D21234602A88DF8CF
:10C710002440E2F70FFB0BB0F0BD7FB506460C4698
:10C7200002A893211546FCF7B7FE32460DF10A0127
:10C730000120FCF7B5FE00232A46CDE9003307218E
:10C74000234602A88DF80E40E2F7F4FA04B070BD5B
:10C75000EBF76CB870B49DF80C409DF810509DF844
:10C7600014600394CDE9045670BCF7F759B938B595
:10C7700005460C46FCF782F92B46024601210020B3
:10C78000E1F780FA28B921462846BDE83840FBF792
:10C790009FBEE4F7A7FD05460130FCF77BFE208035
:10C7A000E81CFCF777FE60806B7901202371AB7980
:10C7B0006371EB79A37138BD0B46002170B5064655
:10C7C00014460846FF22E1F75DFA054680B1E4F71A
:10C7D000A5FD411EC9B22846E4F796FF2EB1238875
:10C7E00003F007030370002070BD03782380FAE78D
:10C7F0003620F9E7F8B507460E461546FCF73EF930
:10C800003B46024601210020E1F73CFA044630B9DC
:10C810002A4631463846BDE8F840FBF75BBEE4F7F0
:10C8200061FD012E14BF08218179204602BF490015
:10C830000831C9B201EB450101F0FE01BDE8F84045
:10C8400000F0C2BD2DE9F743884669460746154604
:10C85000FFF78DFF044620B90024204603B0BDE851
:10C86000F0830026012D0CBF9DF806909DF80590E1
:10C87000F2B29145F0D929463846FFF7BBFF404553
:10C8800006F10106F4D1E8E738B5002204460D466A
:10C89000FFF7D8FF30B929462046BDE838400122CD
:10C8A000FFF7D0BF38BD0020E1F794BA0120E1F7CF
:10C8B00091BA0220E1F78EBA0320E1F78BBA08B5EE
:10C8C0000020FBF71CFEBDE80840D3F7F1BD1FB503
:10C8D00001238DF80430002301A8CDE90233CAF703
:10C8E0002DFC0298C0F30343C0F303621B0243EA2A
:10C8F0000233C0B2184305B05DF804FB0020704756
:10C90000704710B4044669B1022A07D0032A07D041
:10C91000012A07D15DF8044BE4F74ABF0902F9E7A1
:10C920000904F7E720465DF8044BE4F7DDBF00207B
:10C93000E2F7DCB90120E2F7D9B970B506460C463A
:10C94000154600F009FE70B13046E4F71DFFB0F562
:10C95000803F09D3B0F1807F4FEA102306D3032331
:10C96000000C2B70208070BD0123FAE718460223CB
:10C97000F7E7002307B51A46CDE90033E2F7DAF905
:10C9800003B05DF804FB37B505460C4601A8482105
:10C99000FCF782FD04210DEB01008DF806508DF8A7
:10C9A0000740FFF7E6FF03B030BD37B505460C463C
:10C9B0006846D221FCF770FD29460DF10200FCF714
:10C9C0006BFD052168468DF80440FFF7D2FF03B0E8
:10C9D00030BD13B50446F22101A8FCF75DFD03212B
:10C9E00001A88DF80640FFF7C4FF02B010BD10B5D6
:10C9F0000446C0B2E2F75AFA200ABDE81040E2F756
:10CA000055BA10B5E2F734FA0446E2F731FA04EB0E
:10CA1000002080B210BD10B5044680B2FFF7E7FFDA
:10CA2000200CBDE81040FFF7E2BF10B5FFF7E9FFAB
:10CA30000446FFF7E6FF04EB004010BD38B500F1F7
:10CA40000C0400F1240514F80C0CE2F72FFA14F88A
:10CA50000C3C013B012B0CD934F8020CFFF7C7FF4B
:10CA60000820A4F10A01E2F731FA0C34AC42EAD111
:10CA700038BD34F8080CFFF7BAFF34F80A0CFFF79A
:10CA8000B6FF34F8080CFFF7B2FF34F80A0CFFF7D2
:10CA9000AEFF34F8080CFFF7AAFFE6E7014610B531
:10CAA00004460820E2F7ECF9FFF7ABFF2081E2F73C
:10CAB000DFF9A072E2F7DCF9E072E2F7D9F920734E
:10CAC000FFF79FFFE081E2F7D3F92074FFF7ADFF96
:10CAD000606110BD10B50446FFF793FF2080FFF79B
:10CAE00090FF6080E2F7C4F92071E2F7C1F960714C
:10CAF000FFF787FFE080FFF784FF2081E2F7B8F9B6
:10CB0000A07210BD10B504460088FFF770FFA07832
:10CB1000BDE81040E2F7CAB910B50446FFF771FF4F
:10CB20002080E2F7A5F9A07010BD10B5044600788A
:10CB3000E2F7BCF96088BDE81040FFF758BF014636
:10CB400010B504460820E2F79BF9E2F791F920724C
:10CB5000FFF757FF6081E2F78BF92073E2F788F95E
:10CB60006073E2F785F9A073FFF75FFF206110BDE6
:10CB700010B50446E2F77CF9A070FFF742FF2146AA
:10CB800021F8040B0820E2F77BF9E2F771F900388D
:10CB900018BF0120E070E2F76BF92073E2F768F943
:10CBA000607310BD10B5044601461020E2F78EF9FF
:10CBB0002069BDE81040FFF72EBF014610B50446BE
:10CBC0001020E2F75DF9FFF730FF206110BD10B5CE
:10CBD0000446FFF716FF208010BD10B50446FFF78E
:10CBE00024FF2060FFF721FF6060FFF70AFF20812C
:10CBF00010BD10B50446FFF7BBFF04F11000FFF7AE
:10CC0000ECFF04F11C010820E2F73AF9FFF7F9FE06
:10CC1000A084FFF7F6FEE084E2F72AF984F8280002
:10CC2000E2F726F984F82900E2F722F984F82A00CD
:10CC3000E2F71EF984F82B0010BD10B50446006819
:10CC4000FFF7E9FEA088FFF7D2FEE088FFF7CFFEEE
:10CC50002089FFF7CCFE6089FFF7C9FEA089FFF7A6
:10CC6000C6FEA07BBDE81040E2F720B910B504462F
:10CC7000FFF7DBFE2060FFF7C4FEA080FFF7C1FED8
:10CC8000E080FFF7BEFE2081FFF7BBFE6081FFF76B
:10CC9000B8FEA081E2F7ECF8A07310BD10B5044611
:10CCA0000068FFF7B8FE2079E2F700F9611D102057
:10CCB000E2F70CF904F115011020BDE81040E2F78D
:10CCC00005B910B50446007AE2F7F0F8237A53B9B3
:10CCD0002068FFF7A0FE2068FFF79DFE607ABDE8A0
:10CCE0001040E2F7E3B8022BF8D121460820E2F722
:10CCF000EDF8F3E710B50446E2F7BAF8207248B948
:10CD0000FFF793FE2060FFF790FE2060E2F7B0F897
:10CD1000607210BD0228F9D121460820E2F7B0F870
:10CD2000F4E738B5841C00F11A05E2F7A1F804F81D
:10CD3000020C013801280AD9FFF763FE2146208141
:10CD40000820E2F79DF80C34AC42EED138BDFFF775
:10CD500058FE6080FFF755FE2080FFF752FEFFF778
:10CD600050FEFFF74EFEEEE710B504460078E2F7FE
:10CD70009DF86068FFF74FFE04F10800FFF7A1FF80
:10CD8000A08AFFF734FEA07DE2F790F8A069FFF7D4
:10CD900042FE04F11C011020E2F798F804F12C0087
:10CDA000FFF74CFE94F84400E2F780F894F8450051
:10CDB000BDE81040E2F77AB810B50446E2F758F83B
:10CDC0002070FFF71EFE6080201DFFF793FFE2F743
:10CDD0004FF8207404F11200FFF7A3FFFFF711FED4
:10CDE0006085E2F745F884F82C00E2F741F884F812
:10CDF0002D00FFF71AFE04F1340120631020BDE876
:10CE00001040E2F73DB810B504460078E2F74EF85E
:10CE10006088FFF7ECFD201DFFF753FF207CE2F751
:10CE200045F804F11200FFF709FE608DFFF7DFFD02
:10CE300094F82C00E2F73AF894F82D00E2F736F86F
:10CE4000206BFFF7E8FD04F134011020BDE810402D
:10CE5000E2F73CB810B504460088FFF7C8FD6088CB
:10CE6000FFF7C5FDA088BDE81040FFF7C0BD10B5B5
:10CE70000446FFF7C6FD2080FFF7C3FD6080FFF783
:10CE8000C0FDA08010BD002310B502F8010BDCB27C
:10CE9000A04202F1040201F1040100D810BD31F8F2
:10CEA000044C013302F8044C31F8044C240A02F813
:10CEB000034C31F8024C02F8024C31F8024C240ABF
:10CEC00002F8014CE3E710B504460078E1F7EEFF05
:10CED0006078E1F7EBFF6088FFF789FD211D0820EE
:10CEE000E1F7F4FF207BE1F7E1FF607BE1F7DEFF94
:10CEF0002069BDE81040FFF78EBD10B50446E1F78C
:10CF0000B7FF2070E1F7B4FF6070FFF77AFD211DD5
:10CF100060800820E1F7B4FFE1F7AAFF2073E1F792
:10CF2000A7FF6073FFF781FD206110BD10B50446B7
:10CF30000088FFF75CFD6068FFF76DFDA068FFF7F4
:10CF40006AFDA089BDE81040FFF751BD10B5044649
:10CF5000E2F7BEF821460020E3F78EFBBDE8104063
:10CF6000002000F06CB8704708B5E4F709FB80F0CA
:10CF70000100C0B208BD08B5E4F7F2FA0028FBD101
:10CF800008BDFEF79CB970470020704770B5144685
:10CF900081F0010519B90D2A07D1FF2018E00D2AEB
:10CFA00003D100780538C0B212E00844FCF772FAE9
:10CFB000C5F1040110F440660246C9B209D1042C3F
:10CFC000084605D0052C16D112F0400F18BF0846B0
:10CFD00070BDC5F10603042CD8B2F9D0B6F5006FC8
:10CFE00003D1C5F10805E8B2ECE7B6F5406FE9D129
:10CFF000C5F10E05F7E712F4404107D1062CE7D042
:10D00000072CE5D0082C13D10130CCE755065CBFC6
:10D01000831CD8B2062CDBD0B1F5004F02D1831CA3
:10D02000D8B2EDE7B1F5404FEAD100F10803F7E7D8
:10D03000130744BF0530C0B20C2CC9D9ADE700209E
:10D04000E3F730BA70B51D469DF810300C46002B42
:10D0500010460A4614BF08218821059E02F0DEFD15
:10D06000024640B100202B462146CDE90460BDE8D0
:10D070007040E3F7B3BA012070BD08B5E3F7CEFC0A
:10D08000002008BD4088C0F30C0003308008400039
:10D090000430704708B520B1E3F738FF00F0010015
:10D0A00008BD0120FAE708B5E3F776FEBDE80840C1
:10D0B000FFF7F0BFF8B506460D460A2000211746D7
:10D0C000E4F7D6F90446E3F767FE60B10388078109
:10D0D0006FEA43436FEA5343C0F80A600380C0F825
:10D0E0000E502046F8BD0446FBE770B50E460546D7
:10D0F00011463046E4F7BCF9044635B128B1E4F7EF
:10D10000F1F83246294603F072FB204670BD0088D4
:10D11000B0FA80F040097047008810B1C9B2E4F756
:10D120006BB970472DE9F041B0F8008006460C4617
:10D13000D5B2B8F1000F11D029464046E4F75CF9AA
:10D140002246074629464046E4F76AF93A46294608
:10D150002046E4F765F93480BDE8F0810F46F5E735
:10D1600038B5058800220446FFF7DCFF05B12580AD
:10D1700038BDF8B507460D46008800211646E4F78D
:10D180003BF9B042044605D129463846BDE8F8408F
:10D19000FFF7E6BF00212046E4F72EF9B04205D0A4
:10D1A00020460021E4F728F90446F3E72A46204602
:10D1B0000021E4F735F932462846BDE8F840002161
:10D1C000E4F72EB903461B8808468B4202D00021A3
:10D1D000E4F712B90020704738B5044638B1002191
:10D1E000FFF79AFF002301465D1C09B998B238BDCC
:10D1F0002046FFF7E7FF2B460146F5E7F8B505881F
:10D2000007467DB1CCB221462846E4F7F5F88542C1
:10D21000064609D100233B80002221463046E4F730
:10D22000FFF835462846F8BD2146E4F7E5F82146E3
:10D2300002462846E4F7F4F8EEE72DE9F0470788C0
:10D240008246884614465FB33846E4F767F83D46A1
:10D250000646E4B221462846E4F7CEF8404581462A
:10D2600016D12146E4F7C8F8214602462846E4F7DD
:10D27000D7F8474504D1454508BF0025AAF8005016
:10D28000002221464046E4F7CBF83046BDE8F0875F
:10D290008742FAD0E4F742F830444D4686B2D9E7E7
:10D2A0003E46F2E72DE9F04780460F460646002449
:10D2B00002F1FF39BC4202D219F8015F25B9A6EB91
:10D2C0000800C0B2BDE8F0879A46A5F13102012AF4
:10D2D0005AF8041B10D83246322D02F8011B06D131
:10D2E0000134E4B2A74232D30912B21C7170013486
:10D2F00053461646E4B2DDE7342D0CD10334BC426C
:10D30000DDDA0B0A317073700B0C090EB370321D2D
:10D31000F170E4B2EBE7A5F13302062A0DD8303DF7
:10D32000EDB22B19BB42CADA2A463046013C03F063
:10D330005EFA55FA84F47219EBE7A5F14102062A68
:10D3400001D8373DECE71D7903F1080AE9E71646F5
:10D35000B5E770B5054600880C46E3F7DFFF844269
:10D3600028880AD9E3F7DAFF0023221A194628464B
:10D37000BDE87040D2B2E4F70BB92146E3F7EAFF0B
:10D38000002070BD38B50546E3F7ACFF04462846DB
:10D39000E3F7C4FF002201462046BDE83840FFF70E
:10D3A000A4BEF8B516460C461D46BDF81870E3F746
:10D3B00099FF04443046E3F795FF3A464119204669
:10D3C000BDE8F84003F013BA70B50C460131C9B29C
:10D3D0000646E4F7ABF9214605463046E4F7A6F9E0
:10D3E00000EB052080B270BD1FB50123ADF80C2005
:10D3F00000930A460223014603A8E4F75BF905B04F
:10D400005DF804FB2DE9F0410C460131C9B2064636
:10D41000E4F78CF9214607463046E4F787F9E11C2A
:10D420000546C9B23046E4F781F9A11C8046C9B26D
:10D430003046E4F77BF905EB072500EB082005EB08
:10D440000040BDE8F0810FB437B5069D0021A8B2B9
:10D45000E4F70EF80446E3F745FF2CB1002207ABD2
:10D460000193D1B28D4205D8204603B0BDE83040CB
:10D4700004B0704753F8041B81540132F1E7F7B54B
:10D4800004460E46402000211746E3F7F1FFADF8B1
:10D490000600E3F727FF0546BDF8060068B13B46E6
:10D4A000324640212819FFF7FDFE2118C9B20DF1BF
:10D4B0000600FFF74EFFBDF8060003B0F0BD10B444
:10D4C0001446091B1A462044019BC9B25DF8044B5F
:10D4D000FFF7E8BE08B410B585B007AC54F8043BBC
:10D4E00000940394FFF7EBFF05B0BDE8104001B0D6
:10D4F00070470EB403B503AA52F8041B0192FFF75C
:10D50000BEFF02B05DF804EB03B0704700220123B8
:10D51000C0E900237047F8B5044601270026F9F753
:10D5200070FA23683BB9F9F772FA00226368012B9D
:10D530000ED16360F8BD1D691F612660F9F767FAB7
:10D54000012DF2D02B462D691E61012DFAD1E6E79F
:10D5500019691A610B46EAE70069003818BF012013
:10D560007047036823B94068012803D0E4F70CB979
:10D57000002070474FF0FF307047F8B50546FAF7C6
:10D5800095FC012306460027A8602B73F9F739FAAA
:10D590002B6802467BB11C692169A1420CBF2F6038
:10D5A000196127611046F9F732FA012C08D020469C
:10D5B00063689847EAE76C68012C04D1F9F727FA09
:10D5C00000232B73F8BD6169711AB1F1004FF5D8D2
:10D5D000216969602361E5E70220704702207047F6
:10D5E00002207047022070477047022070470220D7
:10D5F00070470220704702207047002070470144A6
:10D60000884201D10120704710F8013B9342F7D0C6
:10D61000002070470821FBF76CBA70B5014606463A
:10D6200092B00020E2F77CFB044670B9FBF722FAC7
:10D63000054601466A462046E2F72AFF6A46294621
:10D6400020468DF80260E3F737FA204612B070BD2D
:10D6500000B593B0FBF70EFA6A4601460020E2F7E8
:10D6600017FF9DF9020013B05DF804FB00B593B0FD
:10D67000FBF700FA6A4601460020E2F709FF9DF831
:10D68000000013B05DF804FBE2F7BCBE0120704758
:10D690000020704707B56846E2F7E0FA9DF80300FE
:10D6A00003B05DF804FBF8B506460D46E4F76CFBE5
:10D6B0000328044621D02846E4F766FB03280746E2
:10D6C0001BD010F0020318D1A0070DD5F90716D40E
:10D6D00001233C43E20704D431892A89914218BFCF
:10D6E000002303F00100F8BD08222946304603F06C
:10D6F0006EF8B0FA80F35B09EBE70020F3E7184619
:10D70000F1E770B50D4600210646FFF705FD04461A
:10D7100030B1E3F7E7FD01462846FFF7C4FF08B143
:10D72000204670BD21463046FFF74CFDEFE77FB540
:10D730004FF6FF7101AAE4F713FC20B1BDF80C000D
:10D7400007B05DF804FB4FF6FF70F9E708B5FFF787
:10D75000D8FF003818BF012008BD08B51046E5F70E
:10D76000DDFEBDE80840E5F7BDBF70477047704774
:10D770007047704770477047002100B593B06A4604
:10D780000846E2F785FEBDF8060013B05DF804FB1D
:10D79000002110B592B004466A460846E2F778FECA
:10D7A00000216A460846ADF80640E3F785F912B055
:10D7B00010BD002100B593B06A460846E2F768FE46
:10D7C000BDF8040013B05DF804FB002110B592B061
:10D7D00004466A460846E2F75BFE00216A460846B0
:10D7E000ADF80440E3F768F912B010BD704710B50A
:10D7F000002486B00494BDF82C4003949DF8284082
:10D800000294099C0194BDF820400094E4F7C0FE06
:10D8100006B010BDF0B587B09DF83C40BDF8407033
:10D82000BDF844C0029405460E9C084611461A46AF
:10D83000BDF83430CDE9037CCDE90034BDF830309B
:10D840009DF84860E4F7A4FE044670B10146002349
:10D8500010220120FAF716FF40B132462146284631
:10D8600007B0BDE8F040E4F7FFBE192007B0F0BDF7
:10D8700010B588B09DF83C40069400240594BDF88E
:10D88000384004949DF8344003940C9C0294BDF8F5
:10D890002C400194BDF828400094FFF7BBFF08B06E
:10D8A00010BD70B50646E4F7A9FE04463046E8F719
:10D8B00083F92246034600213046F4F76BFA054609
:10D8C000C0B102F0CDF904462846E3F70BFDE21D96
:10D8D000121A002329460820D2B2FAF7D3FE0138E3
:10D8E000C0B2012806D829463046BDE87040012262
:10D8F000E4F7BABE70BD134610B50A4600210446CF
:10D90000F4F720FA014628B12046BDE81040022273
:10D91000E4F7AABE012010BD07B5009313460A46DE
:10D920000021F4F789F928B1002103B05DF804EB78
:10D93000F1F74EBD012003B05DF804FBF0B50E46D3
:10D94000114646F6655289B0ADF81820044600220B
:10D950001846FFF7CAFB054658B306AFC4B1FFF738
:10D9600028FF02224FF6FF734FF44841CDE90172C0
:10D97000009003957C2007AAADF81C30FFF737FF15
:10D980000146C0B100221046E4F76EFE09B0F0BDBA
:10D99000FFF70FFF0223CDE90004CDE902734CF637
:10D9A000604233467C212046CDE90454FFF760FFF6
:10D9B000ECE71920EAE70120E8E72DE9F04F85B010
:10D9C0000C469146804602F048F80546671C3846EA
:10D9D000FBF760FD042D40F08A80404602F040F9DC
:10D9E0000378092203F00303012B4FF001012046C5
:10D9F00014BF4FF0020B4FF0030BE2F727FD092293
:10DA0000002105462046E2F721FD21788DF80F0020
:10DA100001390022204689B2FFF767FB04EB090AAF
:10DA20000646D0B12A4601460DF10F035846FAF7D3
:10DA300029FE0228054626D13046E3F76FFC002375
:10DA4000C0B22070013800930122C3B2314638467B
:10DA5000E3F730FE237801332370404601F0F3FFF3
:10DA6000020424D49AF8013021789B071FD501398C
:10DA7000A1EB090142465046C9B2E9F7FFFE2378FF
:10DA80001844207013E020B92070284605B0BDE886
:10DA9000F08F032809D15046FBF7FCFC20F40071FD
:10DAA00089B25046FBF7F8FCD7E70428D5D1012509
:10DAB000002220462178FFF718FB06460028E4D014
:10DAC0000023014601221846FAF7DCFD022819D18D
:10DAD0003046E3F723FC0023C0B2207001380093E6
:10DAE0000122C3B231463846E3F7E4FDCDE780F0CA
:10DAF000800520F0800081B23846C5F3C015FBF7E1
:10DB0000CBFCD5E70028C0D12070BEE708B50020C7
:10DB1000FFF72AFA80F00100C0B208BD0A4608B536
:10DB200001460020E4F7A0FDB0FA80F0400908BDEE
:10DB30000020E3F703B900210846E2F741BD0020C9
:10DB4000FFF719BA0020E2F7C9B870B50446FBF731
:10DB5000A1FC0422002106462046E2F777FC20447F
:10DB6000FBF798FC0322054600212046E2F76EFCF5
:10DB70002044FBF78FFC4FF6FF730540ADB29D428A
:10DB800014D1F30712D5062200212046E2F75EFCED
:10DB90002044FBF77FFC0446E4F70AFE844214BFEE
:10DBA00002240624E4F7F8FD204070BD2046FAF771
:10DBB00011FFC400E4B2F5E708B5FFF7C6FF00386F
:10DBC00018BF012008BD01207047012070470022C6
:10DBD0001A210320E7F7B4BAF6F79EBD10B5044644
:10DBE000F6F72CFF08B9F6F72FFF03050FD40C2327
:10DBF0001B2B01D1002009E020FA03F1C90703F132
:10DC0000010206D5DBB2E31A5842584110BD0B237E
:10DC1000F9E71346ECE710B50C46098819B9084630
:10DC2000F4F770F82080012010BD08B5F4F7B0FCBF
:10DC3000002008BD0022E4F761BF08B5104600F0DF
:10DC40002DFBBDE80840FAF766BC70B504460D46EA
:10DC5000164692B06A46E2F71BFC6A462946204601
:10DC60008DF81F60E2F728FF12B070BD00B593B0C9
:10DC70006A46E2F70DFC9DF81F0013B05DF804FB47
:10DC800007B50DF10701E5F70BFA20B19DF8070084
:10DC900003B05DF804FBFF20FAE710B50C46E5F78A
:10DCA00013FB2046BDE81040E5F716BA0129F8B588
:10DCB00005460C461DD003291ED0052920D0072972
:10DCC00022D00026002400270120E2F703FB304485
:10DCD00085421DDA0320E2F7FDFA2044854219DA75
:10DCE0000520E2F7F7FA38448542B4BF0720052043
:10DCF000F8BD6FF00406E5E76FF004040526E2E7DF
:10DD000000266FF00407DFE7002405272646DBE73F
:10DD10000120EDE70320EBE738B505460024204657
:10DD2000E2F7D8FA0134A842E4B202D9062CF6D1BF
:10DD30000724204638BD38B14379490023F00C034D
:10DD400001F00C010B434371704710B5044678B1E4
:10DD500041794088490801F006010131000AFFF7C6
:10DD6000A5FF024601462046FFF7E5FF104610BD1D
:10DD70000722FBE738B50D46E5F794FA044608B9E3
:10DD8000002038BDFFF7E1FF002DFAD1237913F011
:10DD90000703F5D0984238BF1846C0B2F1E70379BF
:10DDA00023F00703194301717047037903F00F0350
:10DDB00043EA0113037170470022E5F7E1BE002139
:10DDC000012208B5E5F7DCFE401A18BF012008BDA6
:10DDD00038B51546FFF7F0FF04462846FFF750FF19
:10DDE00084B1FF2804D0626822FA00F3DB0701D572
:10DDF000012038BD0123834013436360E37801337E
:10DE0000E370F5E72046F4E7E6F73CB90146102356
:10DE100007220120E3F7E2BD10B5E3F763FA00F152
:10DE200010042046FBF736FB20F4007189B220462F
:10DE3000BDE81040FBF730BB2DE9FF4115460191CD
:10DE400001218DF80D301B0A8DF80E309DF82C3015
:10DE50008DF80C008DF80F3028460423009103AA9A
:10DE60009DF828809DF830709DF8346001F05FFFC8
:10DE7000044670B1294601F02AFEB8F1000F02D124
:10DE80002046FFF7C9FF2FB146B931462046F1F7CA
:10DE90009FFA0024204604B0BDE8F081002220460D
:10DEA0001146E6F771F8F4E74FF47A70E6F7C4B973
:10DEB000F0B5064687B010461C460F46154601F0E1
:10DEC000CFFE9DF83030184443789CB16178012230
:10DED00011F0020F0CBF032100210020CDE9014207
:10DEE000CDE903100722394630460095E6F74CFA93
:10DEF00007B0F0BD22462146EFE708B5E3F7F4FC92
:10DF0000BDE808400020E6F77BBC1FB50446684624
:10DF1000FFF77CFF54B100238DF805301023072252
:10DF200069460020E3F75AFD04B010BDFFF724FC5A
:10DF3000ADF80600FFF73DFCADF80000EEE708B5D0
:10DF4000FFF7E3FF002008BD00B58BB06846FFF780
:10DF50005DFF009BBDF8060004A90693E6F7F6F8FE
:10DF60000BB05DF804FB1FB504466846FFF74EFF93
:10DF700002AB03CB2060616004B010BD1FB5062367
:10DF800004468DF80C30E6F7C1FD00238DF80D0036
:10DF9000CDE9003301210223204603AA01F0C7FE88
:10DFA00004B010BD70B50C4605460120E7F740FDF2
:10DFB000237B4BB1FFF7E0FB014623462A46BDE831
:10DFC00070400120E6F7E0BF4FF6FE71F5E71FB5A0
:10DFD0000A2301201A4601A9E3F700FD4FF6FF735B
:10DFE000BDF80C209A420AD00822FF2101A8FFF7B1
:10DFF00006FB80F00100C0B205B05DF804FB002014
:10E00000FAE7F8B50E46074601F02AFE0546FBF78B
:10E0100041FA00F44040B0F5404F14BF0022062200
:10E0200002F10A03EB5C0B325C0004F00E045B08A7
:10E03000144403F0380338461C4401F016FE8442B1
:10E0400008D2001BC2B20F2A28BF0F22304629195E
:10E0500002F0F9FB2046F8BD13B5F1F75BFC694609
:10E06000044601F0A2F958B1FFF786FB40B1E3F78F
:10E070007DFD28B10023022269462046EEF78AFF83
:10E0800002B010BDFF224FF6FF71E8F795BE37B51D
:10E0900005460C460823092269460120E3F79EFC49
:10E0A00015B19DF806302B700CB1009B2360BDF8B4
:10E0B000040003B030BD07B500210DF10700FFF7E4
:10E0C000E6FF9DF8070003B05DF804FB07B50823E1
:10E0D0008DF80600ADF80410009269460922002070
:10E0E000E3F77CFC03B05DF804FB13B5044601A91B
:10E0F0000020FFF7CCFF019A01462046FFF7E6FF1C
:10E10000204602B010BDF0B50F46002187B004468E
:10E1100008461646FFF7BBFF012305460DF10A002E
:10E120008DF808408DF80930FFF71DFF092C1DD12F
:10E1300031460DF11200FBF7AFF905AB002102AA41
:10E140009B1A2846CDE90011DBB2642101F0EFFDF6
:10E150000546E0B1092C15D1E9F710F8044688B15D
:10E160002846E9F71FF8204607B0F0BD31460DF10B
:10E1700013008DF812704FF6FF75FBF78DF90DF156
:10E180001503DBE7284600F02EF80446EBE70446CB
:10E19000E9E77FB50D461646ADF80E00E3F7BEF889
:10E1A000841BE4B2BDF80E20631B9BB210462946C7
:10E1B00000937319FFF7F5F821460DF10E00FFF7F4
:10E1C000C8F804B070BD38B504460D4601F028F912
:10E1D00040B1AC4206D02046F1F71EFCBDE8384005
:10E1E00001F0A9B938BD10B5044601F039FD02307F
:10E1F000FBF750F94FF6F7739842204603D9BDE874
:10E200001040E9F753B9E9F79DF9B0FA80F04009F9
:10E2100010BD0022E9F76EB870B5054601F020FD8B
:10E220000646284601F0A7FD01462846E3F77EFA98
:10E230000446284601F035FC4FF6F773984208D89B
:10E24000337803F00303012B05D1A31E5842584134
:10E2500070BD0120FCE70020FAE741F2033330B53E
:10E2600085B00D46ADF808300446FFF785FA8DF805
:10E270000A00FFF781FA0021000A8DF80B00052340
:10E280002046CDE9001102AA8DF80C5001F04FFD97
:10E2900010B12146FFF7BDFF05B030BD70B5044693
:10E2A0000D46D9B13F294FF0000600D13546204632
:10E2B00001F0D3FB082813D101212046E3F79CF895
:10E2C0000646E3F72BF804463046E3F70BF82A46F8
:10E2D0000146E0B2BDE87040FAF757BC0126E6E718
:10E2E000204601F0BAFB024630B9BDE870404FF657
:10E2F000FF710120FAF7C4BB204601F0BFFBB0F567
:10E30000006F0ED1204601F0CCFB4FF6FF73984210
:10E31000014617D0002D0CBF032005200022FAF77C
:10E32000AFFB29462046E5F7EDFE68B929462046B1
:10E33000EAF7C4FD40B9324629462046BDE87040A0
:10E34000E9F7F8BB0120E9E770BD01460320ECF7CF
:10E350002DBC37B54FF6F675FAF7C9FB431E9BB2D5
:10E36000AB420446F8D8E4F79DFF0028F4D1694693
:10E370002046E4F76BF80028EED0204601F0D3F9F0
:10E380000028E9D12046FFF71AFD0028E4D12046F5
:10E39000EAF7FCFD0028DFD1204601F041F8002813
:10E3A000DAD12046DDF75EFB0028D5D1204603B048
:10E3B00030BD73B504460E46EAF7E8FD054688B958
:10E3C0002046EAF73DFE21462B460D224FF6FD7012
:10E3D000009500F056F83146204602B0BDE8704086
:10E3E000EAF7F0BD02B070BD37B5054614460C29FA
:10E3F00014D8DFE801F02C132C1313130713131395
:10E40000132424006946E4F721F818B9012168466D
:10E41000EFF7A8F941202946F5F7D6FAD4B12046FE
:10E4200001F01EFC0230FBF735F84FF6F773984207
:10E4300010D9204603B0BDE83040E9F757BA40F69E
:10E44000144040F613430B2908BF1846E3E7F2F7E0
:10E4500093FEE3E703B030BD1FB503460846032132
:10E460008DF80D308DF80C1001230021ADF80E2031
:10E47000CDE9003103AA042301F059FC05B05DF891
:10E4800004FB2DE9F34106460F4614461D469DF850
:10E490002080FFF771F9B04207D1002221463846AB
:10E4A00002B0BDE8F041FFF79FBF3A463146204633
:10E4B000FFF7D2FFADF8060060B10D2C05D10022A8
:10E4C0004FF6FF712820FAF7DBFA35B9BDF80600E0
:10E4D000FFF789FE02B0BDE8F081012342462946DC
:10E4E0000DF10600E3F754F8BDF80630002BEDD12E
:10E4F000F0E7F7B50C46054601F0B2FB611CC9B266
:10E5000006462846E3F712F9A11C0746C9B2284679
:10E51000FEF75AFF014604463846FAF718FB0D2F5E
:10E5200034D12046EAF732FD78B1301DFAF7B2FF58
:10E5300004462846F67901F0F6FA314602462046AE
:10E5400003B0BDE8F040FFF743BCB01CFAF7A2FFF0
:10E550004FF6F773984202D92846E9F7C7F92046E3
:10E56000EAF76EFDFFF708F9A04205D1002003B0DD
:10E57000BDE8F040EAF7A8BD6B46B068F16803C398
:10E5800069462046EAF71EFD03B0F0BD2A4639462B
:10E59000204603B0BDE8F040FFF726BF142200215B
:10E5A00002F03FB92DE9F04F11F00F0704460E4677
:10E5B00015468FB05CD10120D2F7BCFE09A8D2F776
:10E5C00061FE092309A88DF82430D2F767FE09A857
:10E5D000D3F784F901A909A8FAF7E7FC26F00F0898
:10E5E000A84404F1100904F10F0A454511D123692B
:10E5F00001A93344236109A8FAF7B8FC0020D2F737
:10E6000099FEB6F1005F28BF272738460FB0BDE856
:10E61000F08F05AA23469646944618685968083331
:10E62000ACE803004B456246F6D12B46224605F185
:10E63000100B53F8041B5B4542F8041BF9D17146DB
:10E6400009A8FAF793FC09A8D3F748F9224621460E
:10E650000120D3F7D9F9013D631E13F8012F15F8F6
:10E66000011F534582EA01021A70F6D15D46BCE7EC
:10E670000227CAE7F0B5174685B005460C461022BA
:10E680000021684602F0CDF8BFB3C4B30F2C04F0EC
:10E690000F0608D924F00F043A4621462846FFF712
:10E6A00081FF40BB274432463946684602F0CBF82A
:10E6B00080222F6906F1100337446B44B7F5005FE1
:10E6C00003F8102C2F61C6F110061AD3062E1FDD99
:10E6D000FB001A0E8DF80A201A0C5BBA8DF80B207D
:10E6E000ADF80C306A4610212846FFF75BFF00208A
:10E6F0002B69103B2B6105B0F0BD3E46D8E726469E
:10E70000D6E7022E04DDFB005BBAADF80E30E9E778
:10E710006A4610212846FFF745FF2B691022A3F116
:10E720001004002168462C6102F07BF8B7F5005F09
:10E730004FEAC403CDD2E7E770B50E46054686B072
:10E7400001A81446FFF72AFF3246294601A8FFF721
:10E7500091FF2246054601AB05AE1C4603CCB442F0
:10E7600010605160234602F10802F6D1284606B037
:10E7700070BDEAF747BD0A460021EAF743BDF0B590
:10E780008BB00C4601A9EAF73DFD054680B3252272
:10E790000021E01C02F045F80123A3700E23BDF810
:10E7A00010702380FA0510D523464FF4877206AE09
:10E7B00023F8042B0DF1280C324603CA6245186079
:10E7C0005960164603F10803F6D13B0605D52388A8
:10E7D00043F080032380069B636001AB03CB039B64
:10E7E000C4F81D00C4F82110A361ECF711F86061B2
:10E7F00028460BB0F0BD30B505460C4687B001A8E1
:10E80000D2F740FD2868696802AB03C39DF8113058
:10E8100043F002028DF8112074B12288510644BFE2
:10E8200043F006038DF81130530542BF9DF81130B7
:10E8300043F008038DF8113001A8FAF74AFBB0FA4B
:10E8400080F0400907B030BD70B58AB00D46002297
:10E8500001A90446EAF7D6FC88B1204604A9FFF7CF
:10E86000CAFF60B1BDF81060FEF786FF38B97206C6
:10E8700001D5730503D529462046FAF78AF90AB06F
:10E8800070BD2DE9F3410F4605461646E2F746FDF9
:10E890004FF00008C41BE4B22946304623463A46EE
:10E8A000CDF80080E2F706FF01212846E2F7A4FD3B
:10E8B00088B101212846E2F79FFD0746E2F72EFDC9
:10E8C000C5B22B46301942463946CDF80080E2F7F2
:10E8D000F1FE2544ECB2204602B0BDE8F0812DE9FE
:10E8E000F74F0C9E8946054693461C4601279DF826
:10E8F0003480E2F713FD23464A46294682460097B4
:10E900005846E2F7D7FE39462846E2F775FD4C44F3
:10E9100028B339462846E2F76FFD5FFA8AFA544574
:10E92000814611DAE4B2AAEB040B5FFA8BFB2246B4
:10E9300030465B4629460097E2F7BCFE4444A4EB10
:10E940000A045E4404F0FF08012300220C934946A8
:10E950004346304603B0BDE8F04FE2F7ABBE434656
:10E9600029460C97E2B2F4E72DE9F041002686B083
:10E97000074608460C4615469846CDE902660496B9
:10E980008DF81460E2F7CAFC411BCBB20D2B28BFF7
:10E990000D232A462146009602A8E2F78BFE424646
:10E9A00002A93846EAF7BEFE0646294620469DF8EB
:10E9B0000820E2F7CFFE304606B0BDE8F0812DE931
:10E9C000F04F0F461546ADF5057D0DF11008814657
:10E9D0004246294638469A46FFF753FF041FE4B2E1
:10E9E000F82C04D900200DF5057DBDE8F08F5545C4
:10E9F000F8D8B9F1000F36D0AAEB0506F6B2B4424A
:10EA00000ED904230193A5EB0A032344DBB208EBE0
:10EA100006020093012100238E980292D2F7DCFFB8
:10EA20004FF0040B0DF5887A334642460121CDE9BB
:10EA3000004B8E98CDF808A0D2F7CEFF5A468F999A
:10EA40000AEB040001F0C3FE03460028CAD1B9F165
:10EA5000000F06D0024629463846CDE90084FFF76C
:10EA60003EFF0120BFE72646DAE72DE9F04F0E46CC
:10EA7000CBB00121054617461C46E2F7BDFC2346F4
:10EA80003A462946814606A8FFF76EFF0DF1280A8F
:10EA900000EB070B5246314628465FFA8BFBFFF727
:10EAA000F0FEB34503D200204BB0BDE8F08FABEBD6
:10EAB00006085FFA88F808F104039842F3DB331F75
:10EAC00018440423C4B20193A31BDBB20093524643
:10EAD00043460021CDF808A006A8D2F77DFF002804
:10EAE000E1D1A4EB0B040AEB0803E4B2524628463A
:10EAF0003146009301944346FFF7F1FE394628461C
:10EB0000E2F714FE394600F0F8022846E2F722FE4A
:10EB100001212846E2F770FC002818BF4D46284620
:10EB2000ADF81650E2F7FAFB011FC9B20DF116005D
:10EB3000FEF70FFC0120B7E72DE9F041044601F094
:10EB40001AF9411C074689B2204601F0E7F890B354
:10EB500039462046E2F7EAFD00F00C03042B054697
:10EB600029D000F00308B8F1020F00D11BBB2846E2
:10EB700001F083F92B060744BEB216D5711C20465E
:10EB800089B201F0CBF8B0B1F9B22046E2F7CEFD80
:10EB9000B8F1010F014600F003030CD0032B0AD09B
:10EBA000284601F079F9304486B231462046BDE866
:10EBB000F04101F0B3B80020BDE8F081F8B5064699
:10EBC00001F09BF805460446304601F049F84378C9
:10EBD0005B0718D5AC1CA4B22146304601F09EF864
:10EBE000B8B129463046E2F7A1FD0746691C304618
:10EBF000C9B2E2F79BFD1FB1874201D8FF2808D1B7
:10EC000004EB4704A4B221463046BDE8F84001F0C9
:10EC100085B80020F8BD13B5044601A8EAF7C8FF7F
:10EC2000BDF80430DA0710D49B0707D41022002166
:10EC3000204602B0BDE8104001F0F3BD2246214657
:10EC40001020FFF779FD0028F0D102B010BD024678
:10EC500008B5EAF7D9FF510544BF0838C0B213051B
:10EC600044BF0838C0B208BD01460120EBF79EBF83
:10EC7000F0B5D30705460C468BB04AD5008801F0A5
:10EC80007AF800230646029314B9CDE9034403AC95
:10EC9000002208212046FEF7B2FCA8B1288800F027
:10ECA000DFFF0230FAF7F6FB21460746E3F7CEFB1B
:10ECB00050B1002240231146384600F056FB40F682
:10ECC000094528460BB0F0BD31462888E2F72EFDF5
:10ECD00010F0030F0CBF01260026EAF7D7FA46EA28
:10ECE0004000C0B200900021204602AB05AAECF71C
:10ECF00011FA0546EAF7CAFA0028E2D0002DE0D062
:10ED000000212046009602AB05AAECF703FA05465F
:10ED1000D7E740F60A45D4E72DE9F04F1D4600231A
:10ED20008BB00C4617460646ADF8243010B1A1F161
:10ED30000904E4B2002221463846FEF7D6F9ADF8C0
:10ED40002600002800F0BB800021E2F7EFFC8306DC
:10ED500040F1B7800020E2F7E1FA80460020E2F7B8
:10ED6000C1FA0023024600934FF6FF7004235FFAB6
:10ED700088F100F028FFADF82400002800F09B8007
:10ED80000EB10534E4B204F11001C9B209A8FEF7CE
:10ED9000E0FA044600284FD103461021BDF8262092
:10EDA000BDF824000095FEF7FCFABDF82620002EE1
:10EDB000104614BF4FF0050B4FF0000BBDF824A018
:10EDC0000792E2F7ABFA05F11009401BCB4480B281
:10EDD0002B465946079A00905046FEF7E2FA0DF18D
:10EDE00023030193149BC8465FFA89F9CDE90344D4
:10EDF0000294009349462346102009AA8DF8236007
:10EE0000EBF71CFD0446B8B9BDF824002EB3E2F7B9
:10EE100085FAA0F11005EDB229460DF12600FEF7A6
:10EE200098FA002849D110232146BDF82420BDF8C6
:10EE300026000095FEF7B5FABDF826504DB12846DC
:10EE4000E2F76CFA0022C3B2294638460092E2F794
:10EE500031FC20460BB0BDE8F08F4946E2F766FC76
:10EE600010F0200FBDF8240014BF4FF00D094FF033
:10EE70000509E2F753FAC5F1F0060644A6EB0906C8
:10EE80002146BDF82420BDF82600F6B210230095D7
:10EE9000FEF787FA2946BDF82600BDF82420009623
:10EEA00009EB0803FEF77DFAA919C9B20DF1260096
:10EEB000FEF74FFAC0E71924BEE70446BCE7192461
:10EEC000C7E70224C5E701461A2308220120E2F71A
:10EED00085BD00231A46ECF779B838B50022044600
:10EEE0000D46FEF78CFB50B9FF2229462046FEF75F
:10EEF00086FB80F00100C0B200F0010038BD0020A8
:10EF0000FAE730B58BB005AD04462846D2F7BAF91A
:10EF10000223284601A98DF81430FAF746F8234653
:10EF200001AA144603CCAC4218605960224603F192
:10EF30000803F6D10BB030BD08B5002302461946D0
:10EF40001846ECF743F8012008BD37B5044668467B
:10EF5000ECF7B2F8054648B108222146684601F0B0
:10EF600036FCB0FA80F0400903B030BDFF22082122
:10EF70002046FEF744FB034628B106212846FFF74A
:10EF8000A8FF0120F0E722460146ECF71FF8F8E75A
:10EF900007B56846ECF790F810B16846FAF7D3F970
:10EFA00000F0010003B05DF804FB0120ECF7AEBDFA
:10EFB000704737B50446084600F08FFD0546FEF75A
:10EFC000DBFB00230146009322462B460120F2F78B
:10EFD0002BFB03B030BD2DE9F04114464FF0010882
:10EFE00094B006460FA80F46D2F74CF901A88DF849
:10EFF0003C800BADD2F71AFAF4B1002329460FA8D2
:10F0000003AC8DF83D30F9F7D0FF95E80F0084E8A8
:10F010000F009DF80650334604F11006224603CA3D
:10F02000B24218605960144603F10803F6D100207B
:10F030003D7014B0BDE8F08129460FA807AC8DF8EB
:10F040003D80F9F7B2FF95E80F009DF8075084E87E
:10F050000F00E0E730B50124054689B003A8D2F7D8
:10F0600011F901A88DF80C40D2F7E0F99DF80620BF
:10F070009DF80730AA4209D0AB4209D103A88DF808
:10F080000D40D2F72BFC012009B030BD0024F5E77C
:10F090000020F9E7002208B511461046EDF79CF86C
:10F0A000BDE8084000214FF6FF70FFF712BF0022B5
:10F0B0001021FEF7A4BA7FB50D4602460D23172195
:10F0C0006846F8F75DFF6B462A4602AE1C4603CC45
:10F0D000B44210605160234602F10802F6D1206864
:10F0E00010602379137100236B7304B070BDF0B509
:10F0F00085B06C4606460B46224601F108072546B8
:10F1000018685968083303C5BB422C46F7D1186804
:10F11000314628601B7917202B710D23F8F739FF32
:10F1200005B0F0BD38B504460D46D1F749FCA04204
:10F1300005D920462946FFF7BEFF002038BD28200C
:10F14000FCE730B5002485B08DF80040D1F738FCDD
:10F15000E5B2A84204D8EEF769F9002005B030BD49
:10F1600069462846FFF7C3FF0134EFE738B5044688
:10F170000020F0F721FCFF2805460FD0F0F7DCFC5B
:10F1800010F0010009D02846F0F7D6FC400840EA0C
:10F19000C17080F0010000F0010038BD04F00100F2
:10F1A000FBE70146F8B506460020EEF779F8FF28A0
:10F1B00001D00120F8BDD1F7E7FB00240546871CEC
:10F1C000D1F7E6FBE3B2984201D80020F2E735F828
:10F1D0002430B34203D117F82430002BE9D1013495
:10F1E000EEE738B50D4601210446E2F705F930B1E6
:10F1F00001212046E2F700F92880012038BD204691
:10F200002C8000F08AFE0130C0B2F7E72DE9F0470C
:10F2100088B00746894610460DF10A011D46904602
:10F22000FFF7DFFF4FF0000ABDF80A6004463046E2
:10F23000CDE905AACDF81BA0E2F770F8031BDBB2FD
:10F240000B2B28BF0B2322463146CDF800A005A882
:10F25000E2F730FA48F21F039D4243D00BD885F401
:10F260000043012B15D923464246494628460097BC
:10F27000FAF781F833E048F23A039D42F3D1FEF702
:10F280007BFAB8422BD02246414605A8F3F7BEFED2
:10F2900025E09DF8143013BBBDF81D40DDF81500C6
:10F2A000DDF8191003AB03C3204603A9D1F716FDFF
:10F2B0000122204603A9E9F73BFFA74206460ED0EC
:10F2C000012103A8EEF74EFA48F201039D4206D150
:10F2D0002EB9334632463946204600F066FF08B064
:10F2E000BDE8F0879DF81450002DF8D1A8460234EF
:10F2F0009DF81570E4B2EBB2BB42F0D2224608236F
:10F30000314603A8CDF80080CDE90388E2F7D2F9B1
:10F3100003A8F0F72FFBF0F77FFB083400F00BF9A0
:10F320000135E4B2E7E708B5E2F7DEFABDE80840E8
:10F33000EEF75CBC10B50024418084800480C2805C
:10F34000038110BD13B5BDF81040CDE90034002392
:10F35000EEF7B4FD02B010BD13B5BDF8104001903A
:10F360000094EEF7ABFD02B010BD07B5009301238A
:10F37000FFF7F2FF03B05DF804FB0121F0F728B8B6
:10F3800008B500F00EF8FF2804D0F0F7D5FBC0F365
:10F39000C00008BD0120FCE701464FF6FF70EFF703
:10F3A00039BF01460020F0F707BB10B50C46F0F757
:10F3B00033FBFF2808D0F0F7C5FA20B103682360BB
:10F3C00043680120636010BD0020FCE710B50446CF
:10F3D00000F054FBB0F5006F204605D100F061FB52
:10F3E000BDE81040F0F718BB00F077FBBDE8104017
:10F3F000FFF7D7BF08B5F0F70FFBFF280CD0F0F7E9
:10F400009BFB10F0010309D0400840EAC17080F076
:10F41000010000F0010008BD0020FCE71846FAE7F3
:10F4200008B5F0F7F9FAFF3818BF012008BD08B594
:10F43000F0F7D6FD002008BD30B585B005460C4676
:10F44000D1F7CAFAA8421CD92068616801AB03C38E
:10F450006389ADF80C30237A022B10D0DA1E5342A8
:10F460005341DA0000231A4318208DF80E200B2395
:10F47000294601AAF8F78DFD002005B030BD002215
:10F48000F1E72720F9E71FB502460B2301A8182151
:10F49000F8F776FD9DF80E0005B05DF804FB30B579
:10F4A00089B001F0010503A90446F0F70BFF9DB1F7
:10F4B00090B92046F0F740FB10F0010109D020463A
:10F4C000F0F73AFB430843EAC17383F0010303F00A
:10F4D000010103A8EEF746F92046F1F7C1FE9DF8B9
:10F4E0001430294600932046BDF8162003ABF9F7E7
:10F4F0001AFB09B030BD30B585B00C460546F0F7B3
:10F5000009FAA04215D04FF6F7739C4211D80B238D
:10F510002A46182101A8F8F733FD294618200B23A5
:10F5200001AAADF80C40F8F734FD21462846F0F763
:10F530008DFA05B030BD10B50446D1F74DFAA042A2
:10F540000FD92046F0F7E6F94FF6FF73984208D03E
:10F5500020460021FFF7A3FF2046BDE81040F0F74A
:10F5600009BF10BD4FF6FF73984210B50C4605D089
:10F57000FEF786FBFF2801D0E3F7A6FE34B1204654
:10F58000BDE810404FF6FF71E3F7A2BF10BD38B5DC
:10F59000014605460020F0F70FFA04464FF6FF71CA
:10F5A0002846E3F795FFFF2C04D02046F0F7E2FE53
:10F5B000002038BD0120FCE710B50446FEF7DCF85A
:10F5C000002102462046BDE81040F1F737B82DE98A
:10F5D000F04114460F460546984600F041FB0646AA
:10F5E0000430F9F757FF2080284600F09CFA60802D
:10F5F000B379791CE372C9B22846E2F797F8B91CCF
:10F60000A072C9B22846E2F791F8FE1C2072F6B249
:10F61000B8F1000F18D031462846FDF7D5FE053762
:10F62000FEB23146A0802846FDF7CEFEB11CE08038
:10F63000C9B22846E2F77AF86072217AA0880122DE
:10F64000BDE8F041F1F71ABD2088EAE72DE9F04165
:10F6500086B090461E4604460D46FEF78DF84FF6DE
:10F66000F7739845074632D80523A0428DF80C3031
:10F670004FF0010214BF012300234FF0000118BF17
:10F680008DF80D30CDE9002114BFADF80E008DF8D6
:10F690000D30284614BF0423022303AA00F047FBC1
:10F6A0000546A0B1A7421AD000F0DAFA0746214673
:10F6B0000430803EF9F7F0FE2046FE7104A9FFF702
:10F6C00074FE40B9204604A9E2F7EAFB18B900200D
:10F6D00006B0BDE8F081284604A900F0AFFB414622
:10F6E0002846FEF796FDF3E7037923F00303194359
:10F6F00001F03F010171704707B50DF10701F1F706
:10F7000063FB03B05DF804FB08B5FFF7F5FF18B124
:10F71000BDE80840F1F7A8BB08BD00224FF6FF7016
:10F720001146F1F7ABBC10B50446FFF7E5FF024602
:10F7300038B901462046F1F7A1FC003818BF012076
:10F7400010BD0120FCE7F8B5174604460E46FFF74A
:10F75000D3FF0546386068B1037903F003033370C3
:10F7600023B93A68137903F03F0313713B685C884F
:10F770002046F8BD01462046FEF7FCFA074628B1B0
:10F78000E4F70EF8874201D83570F1E7314620469C
:10F79000F9F7EBFD0028EBD003234FF6FF7433702D
:10F7A000E6E707B501AA0DF10301FFF7CCFF9DF8CD
:10F7B000033053B9019828B1037913F0300F14BF07
:10F7C0000120002003B05DF804FB0020FAE72DE9DA
:10F7D000FF410646104688461546F0F7CBF8074627
:10F7E000FDF7CAFF044648BB4FF6FF739E4225D083
:10F7F0009F4206D00146384604B0BDE8F041E7F725
:10F80000EBBB07238DF804302B680246CDF805309A
:10F810006B68092101A8CDF80930FDF766FC0246A6
:10F8200018B9192004B0BDE8F081012341463046E3
:10F83000ECF764FE0028F4D02046F3E70220F1E75D
:10F84000F1F74CBD07B5024669464FF6FF70F1F778
:10F8500045FD03B05DF804FB2DE9F04390460F46EB
:10F8600006464FF0010991B00BA803ADD1F70AFD90
:10F8700007AC29460BA8ADF82C90F9F796FB95E854
:10F880000F0084E80F004B46002239463046CDE990
:10F890000048ECF74BFF11B0BDE8F0832DE9F04FC5
:10F8A000002785B081460C467E2039469846BDF833
:10F8B0003CB09DF844A0BDF84C500192ADF80E70DC
:10F8C000E1F7D6FD0646002800F08980E1F70AFD41
:10F8D00039467E2200F0A5FF3046E1F703FD009097
:10F8E0003046E1F7FFFCB9F1FF0F0CBF274644F0AB
:10F8F00003073B0A14F440620770437074D14FF061
:10F900000808C31C18464246019900F070FF0346E0
:10F9100004F44044434484B1790606D419464FEABE
:10F920001B2201F802BB5A700B46B4F5004F6BD096
:10F93000A4F5404254425441E400224618460E9930
:10F9400000F055FF009A03462044A0EB02085FFA3E
:10F9500088F89DB14FF47C521A53841C2846E1F775
:10F96000C1FC83462846E1F7D9FCC5B22A46594670
:10F97000204600F068FF60190235EDB2B9F1FF0FC3
:10F9800044D05246109900F8019B00F05CFF08F14A
:10F9900001015AFA81F129443046E1F7DBFC0C21E0
:10F9A0000022FF0007F080071046394300F036F9C7
:10F9B000ADF80E003046E1F795FC04463046E1F71D
:10F9C000ADFC2146C2B201230DF10E00E1F7E0FDCE
:10F9D0000121BDF84820BDF80E00E1F721FDBDF87A
:10F9E0000E0005B0BDE8F08FB2F5006F80F803801F
:10F9F0004FEA182880F8048000F1050314BF4FF087
:10FA000008084FF002087DE7022496E708EB0A0198
:10FA100029443046E1F79EFC0821C1E710B50C46A9
:10FA2000E1F760FC048010BD38B50C461546E1F7DF
:10FA300059FC03881DB11C43A1B2018038BD23EAE3
:10FA4000040189B2F9E708B5E1F74CFC008808BD6C
:10FA500008B5E1F747FCC07808BD08B5E1F742FCFE
:10FA6000008800F00C0008BD08B5E1F73BFC0088F9
:10FA700000F00C00031F5842584108BD38B5054638
:10FA8000E1F730FC04462846FFF7EEFF30B904F1F9
:10FA90001000F9F7FFFC00F4406038BD4FF400603F
:10FAA000FBE738B50546E1F71DFC04462846FFF79D
:10FAB000DBFF014648B9103420460422E0F7C6FCBB
:10FAC0002044BDE83840F9F7E5BCA08838BD10B542
:10FAD0000C46E1F707FC848010BD38B50546E1F718
:10FAE00001FC04462846FFF7BFFF014608B1201D70
:10FAF00038BD103404222046E0F7A8FC2044F7E784
:10FB000038B50546E1F7EEFB04462846FFF7ACFFA3
:10FB100030B904F11000F9F7BDFC00F4404038BDE5
:10FB20004FF40060FBE738B50546E1F7DBFB044620
:10FB30002846FFF799FF014648B9103420460622AF
:10FB4000E0F784FC2044BDE83840F9F7A3BCA08866
:10FB500038BD38B50546E1F7C5FB04462846FFF732
:10FB600083FF014608B1201D38BD1034062220460F
:10FB7000E0F76CFC2044F7E708B5E1F7B3FB007A47
:10FB800008BD08B5E1F7AEFB90F9090008BD08B55E
:10FB9000E1F7A8FB807A08BD08B5E1F7A3FBC068D0
:10FBA00008BD10B50C46E1F79DFB047210BD10B501
:10FBB0000C46E1F797FB447210BD10B50C46E1F717
:10FBC00091FBC46010BD2DE9F8430F46804600212B
:10FBD00007F1100016469946E1F74AFC0446D0B1F9
:10FBE000E1F780FB05462046E1F798FB002102463D
:10FBF000284600F016FE00232046AB7049F00401B1
:10FC0000FFF70CFFA5F804802EB13A46314605F106
:10FC1000100000F018FE2046BDE8F883F8B5054650
:10FC20000F4610200021E1F723FC0446B0B1E1F7B4
:10FC300059FB06462046E1F771FB0021024630469B
:10FC400000F0EFFD002339462046B370FFF7E6FED3
:10FC500025B12A4601212046E1F7E2FB2046F8BD06
:10FC600008B5E1F73FFB103008BD08B5E1F756FBDA
:10FC70001038C0B208BD10B50C46098821B9084635
:10FC8000F2F740F8208008B1012010BD0220FCE707
:10FC90002DE9F7430F46012181461646E1F7ACFBFB
:10FCA000054658B1FDF76EFB308088B92846E1F76C
:10FCB00035FB68B1192003B0BDE8F0834846E1F791
:10FCC0002DFBFF2FA0EB0704E4B214D014B934804D
:10FCD0000020F0E72A4621462846FDF706FA80462E
:10FCE0000028E7D03B464A4629460094FDF759FBD9
:10FCF000A6F80080ECE70120DDE708B5FFF7B0FFCC
:10FD0000437803F001001A074CBF10300830DB06BF
:10FD100044BF0830C0B21030C0B208BD10B50C46A8
:10FD2000E1F7FCFAA04234BF0020012010BD7FB5EE
:10FD300014460091024641F2092141F609209DF83E
:10FD400020601D46002E18BF0146099B0020F2F7D7
:10FD500017FDADF80E0010B9002004B070BD0123EE
:10FD60002A4621460DF10E00E1F712FC0028F3D1DE
:10FD7000BDF80E00F1E738B50546FFF7BEFF0446B3
:10FD80002846FFF76DFF43785B0707D521462846D5
:10FD9000E1F7CCFC013004EB4004E4B2204638BD6E
:10FDA00030B585B0ADF80E00E1F7B8FA0446BDF8FD
:10FDB0000E00FFF7E0FF00F10E03DBB2E5B2BDF885
:10FDC0000E20ED1AADB2014600951046FDF7E9FA96
:10FDD000A4F10E01C9B20DF10E00FDF7BAFA05B09B
:10FDE00030BD4278034612F0080006D0D20702D494
:10FDF00003F10800704703F10900704737B5054665
:10FE00000C46FFF72DFF437813F0100212D09CB17F
:10FE100003F001021B074FF0000320460093294620
:10FE20004FF0080354BF18322032E1F743FC0120A1
:10FE300003B030BD1046FBE72046F9E773B5054631
:10FE40000C46FFF70DFF437813F0100211D094B168
:10FE5000012603F001021B0720464FF00803294644
:10FE600054BF183220320096E1F724FC304602B02D
:10FE700070BD1046FBE72046F9E700F00303012BB5
:10FE800008D0C30606D400F00C000C2814BF0820CC
:10FE90000920704702207047034611F0030005D087
:10FEA00003F00303022B14BF022003207047F8B5B0
:10FEB00007460D46E1F73AFC0646FFF7DEFF33063C
:10FEC00004460AD52918C9B23846E1F72FFC014685
:10FED0003046FFF7E1FF0444E4B22046F8BD70B5B8
:10FEE00006460D46FFF7E3FF294604463046E1F794
:10FEF0001DFC82060FD529193046C9B2E1F716FC60
:10FF000000F01803082B14BF05340634E4B283064E
:10FF100044BF0834E4B2204670BD38B50546FFF74B
:10FF20002AFF044601462846FFF7D9FF2044C0B205
:10FF300038BD2DE9F04387B005460C46FFF790FE2B
:10FF40008046F9F7A7FA07462846FFF714FF06464A
:10FF500001462846FFF7ABFF0022034600922946E0
:10FF6000324602A8E1F7A6FB9DF8086006F00C03F4
:10FF70000C2B06F003090BD0B9F1010F59D0F10693
:10FF800057D49DF809300DF10A050020637107E090
:10FF9000FF230DF109006371F9F77CFA0DF10B05F0
:10FFA000208198F80130DA0704D508F10200F9F74A
:10FFB00071FA2081B9F1010F5FFA89F83DD0F3069B
:10FFC0003BD42846F9F766FA6080A81CF9F762FA74
:10FFD000053515F8013C208023712B78B006A372FB
:10FFE00006F0400348BF43F02003390627D543F409
:10FFF0000073F80448BF43F48063390548BF43F4F5
:020000040804EE
:1000000000633206E38011D56A7812F003020DD046
:100010006FEA43436FEA5343A978B8F1020FE380D4
:100020000B4611D1EB7841EA0321218107B0BDE8ED
:10003000F083FF230DF10905A7E7FF23CCE77A063C
:1000400048BF43F48073D4E7012A04BF0B029BB27C
:100050002381EBE7EFF75EBCEFF7DEBC73B5054637
:10006000E5F704FE06462846E5F7A6FD04463EB33E
:1000700030B32846E2F7C2FA009602462346002132
:100080002846F1F7DBFE0646D0B1FFF7E9FD04464E
:100090003046E1F727F904F10D02121A0023314628
:1000A0000820D2B2F8F7EEFA0138C0B2012807D81A
:1000B00001223146284602B0BDE87040E2F7D4BACA
:1000C00002B070BD00B589B00B4605226946F3F752
:1000D00035FB023818BF012009B05DF804FB037836
:1000E00010B5044643B901220270427843601A2ACF
:1000F00003D1D0F7ADFC208110BD0370FCE738B50B
:100100000378044663B901220270427843601A2AD8
:100110000CD10589D0F79CFC854202D9212363606C
:1001200038BD207ABDE83840D0F798BC0370F7E7B7
:10013000F8F711BD002070477047F0B505462F460F
:1001400087B00C4602A859211646F9F7A5F937F8E9
:10015000021B0DF10A00F9F79FF90022D5F8020001
:10016000796803AB03C3AB890F21ADF8143063008A
:10017000CDE9002203F0FE03324602A88DF81640B6
:10018000DEF7D8FD07B0F0BD002108B50846E1F75D
:100190006FF900280CBF1920002008BDF3F782BBBF
:1001A0000020F3F7DDBBF3F7ADBC0BB1F3F716BDE1
:1001B0000AB9F3F78FBDFF21F3F7B8BC70B5054658
:1001C000837808462E460C4600F8013B36F8041B9F
:1001D000F9F762F908223146E01C00F008FBEB78E1
:1001E0000120E3722B7B04F10E0123736B7B63739D
:1001F0002A69F9F755F96A69012004F11201F9F742
:100200004FF9298B04F11600F9F746F9082205F198
:100210001C0104F1180000F0EAFAA98C04F1200096
:10022000F9F73AF9E98C04F12200F9F735F995F874
:10023000283084F8243095F8293084F8253095F852
:100240002A3084F8263095F82B3084F8273070BD9A
:100250000B4611461BB1012B03D021207047F3F749
:1002600041BFF4F747B9F0B507460D4695B00021F8
:10027000144601A84C221E4600F0D3FAB62101A86C
:10028000F9F70AF938460DF10601FFF797FF0DBBA4
:1002900023686189CDF82F3063680EA8CDF833301C
:1002A000237A8DF82E508DF83730F9F7F5F8A189BB
:1002B0000DF13A00F9F7F0F8E389ADF83C3030463B
:1002C0000DF13E01FCF70CF94C2101A8FCF751FBA4
:1002D00015B0F0BD01238DF82E30F0E713B50446BC
:1002E000B7216846F9F7D8F822460DF1020101203E
:1002F000F9F7D6F806216846FCF73BFB02B010BDC3
:1003000030B504460D468BB001A8B821F9F7C4F802
:1003100021880DF10600F9F7BFF8618802A8F9F706
:10032000BBF8A1880DF10A00F9F7B6F8E18803A837
:10033000F9F7B2F821890DF10E00F9F7ADF86189EE
:1003400004A8F9F7A9F8A1890DF11200F9F7A4F8AA
:10035000284605A9FCF7C4F8222101A8FCF709FBEF
:100360000BB030BD10B504468CB001A8BB21F9F725
:1003700093F820460DF10601FFF720FF2A2101A87E
:10038000FCF7F7FA0CB010BD70B51646FF22044614
:100390000D46FDF734F9024610B146B9022070BD92
:1003A00029462046FDF72BF90028F6D1F7E720462D
:1003B0006908BDE87040F8F79CBB70B50646144666
:1003C00008461A4608211D46FFF7DEFFA0B92A4657
:1003D00002213046FFF7D8FF70B92278531EDBB2F6
:1003E000FD2B0AD80120904020F0FF6020F4FF2070
:1003F000003818BF0120400070BD19232370FBE7AF
:1004000008B500F0AEF9002008BD002230B58DB06F
:100410000346CDF826200846CDF82A20ADF82E2038
:1004200041F6063200F12504ADF8042001F1150271
:100430000DF1060152F8045BA24241F8045BF9D1C8
:100440000DF1160203F1100153F8044B8B4242F8F0
:10045000044BF9D100F085F901A8EBF779FF0DB055
:1004600030BD0021002814BF012202220846FDF7FA
:10047000ECBB0020E0F7B6BA37B504466846FDF796
:1004800072FD08226946201D00F0A1F9D0B9258827
:10049000FDF78FF9854215D1FDF70DFE0246607B11
:1004A000131A002BB8BF5B42C82B13460CDD8242E7
:1004B00028BF0346DBB29A4204D0FDF716FEA078AF
:1004C000E4F7A0FA03B030BD824238BF0346F1E73B
:1004D00010237F221C21F7F753BD28237F221D21E3
:1004E000F7F74EBD10B50C46FFF7F2FF2046BDE80A
:1004F0001040FFF7F2BF024610237F211C20F7F7C0
:1005000048BD08B500F0F1F880F48070C0F3002019
:1005100008BD10B5044600F0E8F820F002002043C2
:1005200080B2BDE8104000F0ECB808B5F3F73EFE2D
:10053000012806D0022806D0032814BF0220062076
:1005400008BD0420FCE70520FAE730B5154689B060
:100550000022FCF7CAFD0446E0B101460023072251
:100560000920F8F78FF8B8B1FDF723F9034600200A
:100570000122CDE901304FF6FF73CDE9050200936A
:100580004CF621422B46FF21CDE90304FDF742F949
:1005900009B030BD1920FBE740F60140F8E773B51C
:1005A000002315460C4606460A46009301460823DA
:1005B000281DE1F77FF804F108013046C9B2E1F7E0
:1005C000B5F804F109016873C9B23046E1F7AEF835
:1005D00004F10A01A870C9B23046FCF7F5FE288084
:1005E00002B070BD00B58BB0684600F098F80120ED
:1005F0009DF80430984080B20BB05DF804FB10B554
:100600000446FFF7EFFF2040C30B0DD10E235A1C09
:1006100001D1FF2007E020FA03F1C90703F1FF32FF
:1006200004D558B2C0B210BD0F20FBE71346EEE769
:10063000024610237F211C20F7F7ABBC1FB5102307
:1006400068467F221C21F7F79BFC9DF80E0005B041
:100650005DF804FBF0B507460E46154685B01C460E
:100660007F2210231C216846F7F78AFCBDF804306E
:10067000BDF80C203B80BDF806303380BDF8083053
:100680002B80BDF80A3023800A9B1A8005B0F0BD8C
:100690002DE9FF410E4615461C460746BDF8288049
:1006A00018B14FF6F77399421DD8B5F57F4F1AD29E
:1006B00014B1B8F57F4F16D210237F221C21684653
:1006C000F7F75EFC6846ADF80470ADF80660ADF86B
:1006D0000850ADF80A40ADF80C80FFF7A9FF0020E4
:1006E00004B0BDE8F0810120FAE71FB51023684689
:1006F0007F221C21F7F744FCBDF8000005B05DF82F
:1007000004FB1FB5044610237F221C216846F7F71F
:1007100037FC68460094FFF78BFF04B010BD10B59E
:1007200090B004467F221D2106A82823F7F728FC55
:10073000002323609DF81C3001A82371D0F7A2FD8F
:10074000052301A8E1188DF80430F8F72EFC0623E4
:1007500004F1150101A88DF80430F8F726FC10B05B
:1007600010BD002310B590B00693037906AA044685
:100770007F218DF81C301D202823F7F70AFC01A8E3
:10078000D0F780FD01A8D0F789FD052301A8E11865
:100790008DF80430F8F7EAFB062304F1150101A8EF
:1007A0008DF80430F8F7E2FB10B010BD1FB57F22C2
:1007B0001C2168461023F7F7E3FB009B684643F4CF
:1007C00080730093FFF734FF05B05DF804FB013937
:1007D000024410B5904201D1002005E0037811F8E1
:1007E000014FA34201D0181B10BD0130F2E788422F
:1007F00010B501EB020402D98442234607D8431EF8
:10080000A14208D011F8012B03F8012FF8E70244A8
:1008100001468A4200D110BD13F8014D02F8014D86
:10082000F7E702440346934200D1704703F8011BE7
:10083000F9E710F8012B11F8013B012A28BF9A4271
:10084000F7D0D01A70470A44431E914200D1704736
:1008500010B511F8014B914203F8014FF9D110BDC9
:10086000431C08BF0020D5F753B90000000000006A
:100870000000000000000000000000000000000078
:10088000F8B500BFF8BC08BC9E467047F8B500BF7D
:10089000F8BC08BC9E4670475FF800F0914B002002
:1008A0005FF800F0ED4A00200300000076636F6DF2
:1008B00000000000050000000000000000C2010070
:1008C0000005000000100000000000000000000013
:1008D000050000000000000040420F00050100007C
:1008E00000000000000000000000000013B779FACB
:1008F000C925DDB7ADF3CFE0F1B614B801020000B1
:1009000000000000FFFFFFFF0100000001000000E9
:1009100000000000000000000000000000000000D7
:1009200000000000000000000000000000000000C7
:100930000000000000000000000000001E00000396
:10094000AF6A0308AB6A0308896A0308876A030869
:10095000C97A0008B96A03088D7A00082C000000E3
:100960000203000000000000000000000000000082
:100970000000070008000000000000000000000068
:10098000000102040500000000000000000000005B
:100990000000060405030002010000000009005ADF
:1009A000EC0904080100000FCC0904080000000055
:1009B000000000000009005AEC0904080100000FC3
:1009C000CC090408000000000000000004FF6BFFD9
:1009D0009FFFBBFFCCFFD8FFE0FFE6FFEAFFEEFF83
:1009E000F1FFF3FFF5FFF7FFF8FFF9FF6400D4FE16
:1009F000FF006400160000005A00A8071439FEFF2B
:100A00002400370201E1FFFF16002001111B000046
:100A10001000C000992600000B0086007828000016
:100A2000080059008A2500000600450075220000D4
:100A30000400120012140000800B040800000000E3
:100A4000500A04080100000000000000C017530213
:100A5000740A04084063598F404B4C000B000B0094
:100A60001A00FF7F6450002000000000880F040877
:100A700000000000FC4F0103380F040820C00110E3
:100A800000F8070020C001301402280124C0011022
:100A9000FF00000024C001300043000044C00100FA
:100AA0002E02000068C00200D1B60200C00600009D
:100AB000D0C00100000000004C40030120F91304E5
:100AC0000700620038700000604002010068010FFA
:100AD00040B8244080400101236300008C400201A3
:100AE00000800060BE0A000020410101590B000097
:100AF0003841010190200AF05C410101001E000014
:100B00006C410B0100140CC0141A21282E343B42F6
:100B1000495043557698BA0C237300000101000038
:100B20001721286414171A002004C87DA1203A094F
:100B3000A8410101290000003C4201010000000021
:100B4000804202010000000081000000A042030179
:100B5000FFFF0000FF030000FFFF0000B44201019F
:100B6000000000003043030140002001A00000000D
:100B7000085000014C43010145C1872FFFFFFFFFD3
:100B80000C400200018014007F4000002040020061
:100B900000000000000000003040070000000000DE
:100BA0000000000000000000000000000000000045
:100BB00000400000A00700035040010000000000BA
:100BC0005C4002000000000000000000A84001009E
:100BD00007000000BC40040000000000000000000E
:100BE0000000000000000000084104000040000078
:100BF000FF4C000000410000FF4D000028C007002E
:100C0000EC80B30343754051A00F00F80040000092
:100C1000A8AA0700000000000000000054C0050062
:100C2000513130000E000DE62A000000080B0C0DBB
:100C30000D00000070C00900BA1000000004200080
:100C4000041880000B3C2001187C10022FFCE006E9
:100C50007F0000000000000000000000A8C00500A8
:100C6000BD4B721511A3180510325476980A000076
:100C700000000000CCC0010001000000D4C0020050
:100C800001000A000100280008000101040700001B
:100C9000180001010000000020000101088400008C
:100CA00040400301000000000000000010000000B0
:100CB00058400201000000000000000368400601E7
:100CC0004902F0004108000002000000B0070800DF
:100CD000A700000000000000844002019BC34A748A
:100CE000F0030F00944010010101103050707F7F1D
:100CF00000000000000000000000000000000000F4
:100D000000000000000000000000000000000000E3
:100D100000000000000000000000000000000000D3
:100D20000000000000000000E0400101000200009F
:100D300010410201331E0500000000001C410101AA
:100D40000090C28B24410501FF0483078813C83A31
:100D5000FF06660CFF0483078813FF033C4106016E
:100D6000F854520000000000B75635120000005041
:100D7000803B00000000000058410101000000001D
:100D8000644102010C010000E853FA00A441010192
:100D900000000000B041020100000000000020003F
:100DA000BC4103010000000000003C006990060007
:100DB000D041030100000000D0000000000002004C
:100DC000E041160100000000DE635E36BF6F0700E1
:100DD0006FEA1600E530CE00B2B9D90E4B84940408
:100DE0005A1FA924DE635E36BF6F07006FEA160044
:100DF000E530CE00B2B9D90E4B8494045A1FA92411
:100E000000000000000000002C00000007EE753616
:100E10006018004000000000000000004442030190
:100E200014000000000000000800000468420101F6
:100E300000000000984202013F000002FFFF000096
:100E40003C4304011F1F1F1F1F1F1F1B18151311D9
:100E5000100E0D0C504302010000000000000000C5
:100E6000108001010300000038800201F1471000EA
:100E7000010000009C800301EB4002007078030039
:100E8000D5C00000A8800111F0010000A880013148
:100E90000542CB01AC800111F0010000AC800131B2
:100EA00005228D00B080020100030002370000011E
:100EB0009C000102000C0004D8000302050040AAB7
:100EC00088010000C0000000EC000112E00F0000EB
:100ED000EC0001320C205111F00001022B01000046
:100EE0001001011200FF0F00100101320200003159
:100EF0005001011200C0010050010132C100A200E6
:100F00007401010269811B0C7801011200001C00B0
:100F1000780101321004E0CF80010112790700004E
:100F20008001013202000000840102020000000082
:100F300050000000FFFFFFFF100000006666660023
:100F400000000000EC0F0408E00F0408000000009F
:100F500000000000005A620280841E000420F60097
:100F6000F1475002000000008A0F04080000000052
:100F7000000000000000000061841E00000000006E
:100F80000000000000000000050002000000C01783
:100F9000530206140000802FA60405380000A008A4
:100FA00000000000580901040706100A01040707A1
:100FB000C80A00040807800B00040808380C000465
:100FC00009086108000000008A0800000000C70945
:100FD000010404032C0B01040404920C0104050415
:100FE000ED170000ED170000F4010000193F0106A5
:100FF0000410010000010106001027000009000094
:101000000000000000000000380A04080000000092
:1010100000000000012600000400000000000000A5
:1010200000010000000000000B0000000C000000A8
:10103000030000000000202000000000030000006A
:101040003C3C3C00000000000000000000000000EC
:1010500001031001010903000D0000000900000058
:101060001E0000001B0000001A00000000800A5053
:1010700013000000601004086465627567007369FE
:101080006C6162737675617274646F776E007675E9
:1010900061727400433A2F55736572732F3637307F
:1010A0003236313931372F776F726B537061636528
:1010B0002F50726F6772616D2F53696D706C696329
:1010C00069747953747564696F2F73646B732F73CC
:1010D000646B2D323032342E362E302F706C6174AA
:1010E000666F726D2F736572766963652F6C6567C5
:1010F0006163795F68616C2F7372632F62617365DE
:101100002D7265706C6163656D656E742E63002C65
:1011100020002573203D2025346C780052657365CE
:10112000742063617573653A205761746368646FF6
:101130006720657870697265642C206E6F20726517
:101140006C6961626C6520657874726120696E6695
:101150006F726D6174696F6E0A00526573657420F9
:1011600063617573653A205761746368646F6720C3
:10117000636175676874207769746820656E68615B
:101180006E63656420696E666F0A00496E737472DF
:10119000756374696F6E20616464726573733A205D
:1011A00025346C780A005265736574206361757329
:1011B000653A204173736572742025733A256C6417
:1011C0000A0052657365742063617573653A20483F
:1011D000617264204661756C740A00484653522E51
:1011E0005645435454424C3A206572726F722072D5
:1011F000656164696E6720766563746F72207461DF
:10120000626C6520666F7220616E20657863657020
:1012100074696F6E0A00484653522E464F5243453A
:10122000443A20636F6E666967757261626C65200F
:101230006661756C7420636F756C64206E6F7420CA
:1012400061637469766174650A00484653522E449E
:10125000454255474556543A206661756C74207274
:10126000656C6174656420746F20646562756720C5
:101270002D20652E672E2C20657865637574656456
:1012800020424B50540A00526573657420636175A7
:1012900073653A204D656D6F7279204D616E61679F
:1012A000656D656E74204661756C740A00496C6CDE
:1012B0006567616C20616363657373206164647248
:1012C0006573733A2025346C780A00434653522ED6
:1012D00025730A0052657365742063617573653AFE
:1012E00020427573204661756C740A004164647213
:1012F000657373206973206F6620616E20696E7359
:101300007472756374696F6E2061667465722062B1
:101310007573206661756C74206F63637572726596
:10132000642C206E6F74207468652063617573652A
:101330002E0A00434653522E286E6F6E6529206C8C
:101340006F6164206F722073746F72652061742006
:10135000616E20696C6C6567616C206164647265A4
:1013600073730A0052657365742063617573653A1F
:10137000205573616765204661756C740A0052657B
:101380007365742063617573653A2044656275679F
:10139000204D6F6E69746F72204661756C740A001F
:1013A00070726F63657373006D61696E005468726B
:1013B0006561640048616E646C6572002573206D20
:1013C0006F6465207573696E67202573207374617F
:1013D000636B202825346C7820746F2025346C785A
:1013E000292C205350203D2025346C780A00257587
:1013F00020627974657320757365642028257525CE
:10140000252920696E20257320737461636B202861
:101410006F7574206F66202575206279746573205E
:10142000746F74616C290A005350206973206F75C2
:10143000747369646520257320737461636B207213
:10144000616E6765210A004E6F20696E7465727265
:1014500075707473206163746976650A00496E74EF
:101460006572727570747320616374697665202883
:101470006F72207072652D656D7074656420616E89
:101480006420737461636B6564293A0A00202575D2
:10149000000D0A5B4153534552543A25733A256473
:1014A0005D0D0A00554E4B00474F200042544C0042
:1014B000474F3200474F3300474F3400474F350006
:1014C000474F3600474F3700474F3800474F3900E6
:1014D000474F4100474F4200474F4300474F4400AA
:1014E000474F4500474F46004A4D50004244520086
:1014F0005550520042544D004D534D0046544C003F
:10150000554E4B00474F200042544C00424144008E
:1015100046544C00465243004F54410044534C0043
:101520004241500055504700544D4500464155003A
:10153000545A4600554E4B0050494E00454D34001C
:10154000554E4B0048562000554E4B004558500014
:101550004C574D00554E4B005242540044534C00E2
:10156000454D3400554E4B0041535400554E4B00F1
:1015700056465900494E4800554E4B004C434B00CF
:1015800058544C004F424600554E4B0048524400C0
:101590004D454D00425553005553470044424700C6
:1015A000444D410056435400554E4B0055502000C9
:1015B0005250200041503000415031004150200035
:1015C0004450200044454300A4140408A81404080F
:1015D00000150408341504084015040848150408CB
:1015E00054150408641504086C15040878150408DB
:1015F00088150408A8150408554E4B0046494200BA
:1016000042544C004558540050575200574447002C
:101610002053570043525300465348004241440070
:10162000464C540042524F000104010303060105D9
:10163000010501090600060B0000070B050B000061
:101640000000000000000000523000523100523211
:1016500000523300523400523500523600523700E7
:10166000523800523900523130005231310052317B
:101670003200523133284C5229004D535000505300
:10168000500050430078505352004D535020757312
:101690006564005053502075736564004353544192
:1016A000434B20626F74746F6D0049435352005373
:1016B0004843535200494E545F41435449564530C4
:1016C00000494E545F414354495645310043465307
:1016D0005200484653520044465352004D4D415229
:1016E0002F42464152004146535200526574300029
:1016F0005265743100526574320052657433005281
:10170000657434005265743500446174300044617E
:10171000743100004941434356494F4C3A206174AB
:1017200074656D7074656420696E7374727563742A
:10173000696F6E2066657463682066726F6D2061E4
:10174000206E6F2D657865637574652061646472C1
:10175000657373004441434356494F4C3A206174CA
:1017600074656D70746564206C6F6164206F7220A5
:1017700073746F726520617420616E20696C6C6592
:1017800067616C2061646472657373004D554E53DC
:10179000544B4552523A20756E737461636B2066E8
:1017A000726F6D20657863657074696F6E20726505
:1017B0007475726E2063617573656420616363651F
:1017C00073732076696F6C6174696F6E004D53544A
:1017D0004B4552523A20737461636B696E672066A1
:1017E000726F6D20657863657074696F6E206361D8
:1017F00075736564206163636573732076696F6CCC
:101800006174696F6E004D4D415256414C49443AE6
:10181000204D4D415220636F6E7461696E73207666
:10182000616C6964206661756C74206164647265C2
:10183000737300494255534552523A20696E73748E
:1018400072756374696F6E20707265666574636823
:101850002063617573656420627573206661756CC1
:1018600074005052454349534552523A20707265B4
:1018700063697365206461746120627573206661B9
:10188000756C7400494D5052454349534552523A84
:1018900020696D707265636973652064617461208D
:1018A000627573206661756C7400554E53544B45D8
:1018B00052523A20756E737461636B696E67206F64
:1018C0006E20657863657074696F6E2072657475DB
:1018D000726E206361757365642064617461206257
:1018E0007573206661756C740053544B4552523ABF
:1018F00020737461636B696E67206F6E2065786317
:10190000657074696F6E20656E747279206361759D
:10191000736564206461746120627573206661750B
:101920006C74004246415256414C49443A2042466A
:10193000415220636F6E7461696E732076616C69C9
:1019400064206661756C74206164647265737300F1
:10195000554E444546494E5354523A207472696577
:101960006420746F206578656375746520616E20EE
:10197000756E646566696E656420696E73747275F0
:101980006374696F6E00494E5653544154453A2072
:10199000696E76616C69642045505352202D206534
:1019A0002E672E2C20747269656420746F20737703
:1019B0006974636820746F2041524D206D6F6465B7
:1019C00000494E5650433A20657863657074696FDC
:1019D0006E2072657475726E20696E7465677269C7
:1019E000747920636865636B73206661696C6564F4
:1019F000004E4F43503A20617474656D7074656495
:101A000020746F2065786563757465206120636F4D
:101A100070726F636573736F7220696E7374727521
:101A20006374696F6E00554E414C49474E45443AC8
:101A300020617474656D7074656420616E20756ECC
:101A4000616C69676E6564206D656D6F7279206188
:101A500063636573730044495642595A45524F3A7D
:101A600020617474656D7074656420746F2065788E
:101A700065637574652053444956206F7220554440
:101A8000495620776974682064697669736F72209B
:101A90006F66203000000000141704085417040873
:101AA000A31404088C170408CD170408A314040811
:101AB000A31404080618040833180408621804085C
:101AC00084180408AA180408E9180408A3140408D0
:101AD000A3140408231904085019040886190408DB
:101AE000C1190408F1190408A3140408A314040874
:101AF000A3140408A3140408261A0408561A040898
:101B0000040008070A0042426C6600424242424218
:101B100000433A2F55736572732F363730323631A2
:101B20003931372F776F726B53706163652F507245
:101B30006F6772616D2F53696D706C696369747939
:101B400053747564696F2F73646B732F73646B2D9B
:101B5000323032342E362E302F706C6174666F72D4
:101B60006D2F736572766963652F6C656761637944
:101B70005F6E63705F6173682F7372632F61736848
:101B80002D6E63702E6300424242620000CA9A3B8F
:101B900000E1F5058096980040420F00A086010004
:101BA00010270000E8030000640000000A000000A5
:101BB00001041040981E0408941E0408801E0408A6
:101BC0007C1E0408781E0408741E0408621E0408A3
:101BD000521E0408381E0408301E0408261E04087D
:101BE000241E04080C1E0408091E0408011E040813
:101BF000F01D0408E01D0408CE1D0408B41D0408EF
:101C0000AC1D0408A01D04089C1D04089A1D0408AE
:101C10008D1D0408821D0408691D04080D1D04089B
:101C20000C1D0408FC1C0408D41C0408C01C040877
:101C30008C1C0408881C0408581C0408541C040844
:101C4000491C0408481C04080F00000000000000A4
:101C50000000000000000000FF00FFFFFFFFFFFF8B
:101C6000FFFFFFFFFFFFFFFFFFFFFFFFFFFFFFFF84
:101C7000FFFFFFFFFFFFFFFFFFFFFFFFFFFFFFFF74
:101C8000FFFF0000FF00FF0000000000FF00000059
:101C9000FFFFFFFFFFFFFFFFFFFFFFFFFFFFFFFF54
:101CA000FFFFFFFFFFFFFFFFFFFFFFFFFFFFFFFF44
:101CB000FFFFFFFFFFFFFFFFFFFFFFFFFFFFFFFF34
:101CC000FFFFFFFFFFFFFFFFFFFFFFFFFFFFFFFF24
:101CD000FF00000000000000000000000000000005
:101CE00000000000000000000000000000000000F4
:101CF00000000000000000000000000001000000E3
:101D00000000000000000000000000000F000000C4
:101D100000000000000000000000000000000000C3
:101D200000000000000000000000000000000000B3
:101D300000000000000000000000000000000000A3
:101D40000000000000000000000000000000000093
:101D50000000000000000000000000000000000083
:101D60000000000000000000000000000000000073
:101D70000000000000000000000000000000000063
:101D80000000000000000000000000000000000053
:101D90000000000000000000000000000000000043
:101DA000FFFFFFFFFFFFFFFFFFFF0000000000003D
:101DB0000000000000000000000000000000000023
:101DC0000000000000000000000000000000000013
:101DD0000000000000000000000000000000000003
:101DE00000000000000000000000000000000000F3
:101DF00000000000000000000000000000000000E3
:101E000000FFFFFFFFFFFFFFFF9C0000FF0000003F
:101E100000000000000000000000000000000000C2
:101E2000800000000000FFFFFFFFFFFFFFFFFFFF3C
:101E300000000000FFFF00000000000000000000A4
:101E40000000000000000000000000000000000092
:101E50000000FFFFFF000000000000000000000085
:101E60000000000000000000000000000000000072
:101E70000000000000000000000000000000000062
:101E80000000000000000000000000000000000052
:101E90000000000000000000FC030101010101013D
:101EA0000101010101010101010000000000000128
:101EB0000020200C002001010105000000000002AC
:101EC000041104040211101A080A02180108111062
:101ED000111A080A04020D0B195C011028123404AF
:101EE00030040B01000000000000000000000000B2
:101EF00000000001010101010100010101010101D6
:101F000000000001010101010100010001010000C8
:101F100000000000000000000000000000000100C0
:101F200000000000000000000000000000000000B1
:101F300001FF010023E1010075E4010063E20100FB
:101F400063E5010062E1010079EB010064EE01004C
:101F500024E1010025E1010026E1010027E1010063
:101F600028E1010029E101002AE10100000001004F
:101F70008000010000010100800101000002010059
:101F80008002010020E201000003010000050100C1
:101F90008005010000060100800601000007010025
:101FA00001E5010002E5010058E2010080030100A3
:101FB0008004010000040100800701000008010006
:101FC00080080100433A2F55736572732F363730FE
:101FD0003236313931372F776F726B5370616365E9
:101FE0002F50726F6772616D2F53696D706C6963EA
:101FF00069747953747564696F2F73646B732F738D
:10200000646B2D323032342E362E302F706C61746A
:10201000666F726D2F736572766963652F746F6B6F
:10202000656E5F6D616E616765722F7372632F738A
:102030006C5F746F6B656E5F6D616E616765722E4C
:102040006300433A2F55736572732F36373032363B
:10205000313931372F776F726B53706163652F5051
:10206000726F6772616D2F53696D706C696369740B
:102070007953747564696F2F73646B732F73646B1A
:102080002D323032342E362E302F706C6174666FE4
:10209000726D2F736572766963652F746F6B656EF1
:1020A0005F6D616E616765722F7372632F736C5F12
:1020B000746F6B656E5F6D616E756661637475726A
:1020C000696E672E6300FFFFFFFFFFFFFFFF34B65F
:1020D0002C337032603204320011681064103810F2
:1020E00034103010201010100C100210496E69745A
:1020F0003A2064656661756C7420434341206D6FBE
:1021000064652073657420746F2025643A203078EC
:10211000255800433A2F55736572732F3637303286
:1021200036313931372F776F726B53706163652F9A
:1021300050726F6772616D2F53696D706C6963695E
:10214000747953747564696F2F73646B732F736440
:102150006B2D323032342E362E302F70726F746FFA
:10216000636F6C2F7A69676265652F6170702F6687
:1021700072616D65776F726B2F636F6D6D6F6E2F10
:10218000736C5F7A69676265655F73797374656D97
:102190005F636F6D6D6F6E2E6300526573657420A3
:1021A000696E666F3A2030782578202825732900DB
:1021B000457874656E646564205265736574206942
:1021C0006E666F3A20307825325820282573290012
:1021D000433A2F55736572732F36373032363139A3
:1021E00031372F776F726B53706163652F50726F49
:1021F0006772616D2F53696D706C6963697479538F
:10220000747564696F2F73646B732F73646B2D32F5
:102210003032342E362E302F70726F746F636F6CC5
:102220002F7A69676265652F6170702F6672616DC4
:1022300065776F726B2F636F6D6D6F6E2F7A696745
:102240006265655F737461636B5F736C6565702E47
:1022500063000D00433A2F55736572732F36373084
:102260003236313931372F776F726B537061636556
:102270002F50726F6772616D2F53696D706C696357
:1022800069747953747564696F2F73646B732F73FA
:10229000646B2D323032342E362E302F70726F74C4
:1022A0006F636F6C2F7A69676265652F7374616302
:1022B0006B2F636F6E6669672F736C5F7A696762F5
:1022C00065655F636F6E66696775726174696F6E6D
:1022D0002E6300000020000002010A0006000A0030
:1022E00026002A0000800000000000000000537556
:1022F000636365737366756C6C79206D6967726171
:10230000746564202564206B65797320746F205098
:1023100053412E0A004661696C656420746F206D1C
:10232000696772617465202564206B657973202864
:102330007768696368206D617920616C736F2062D2
:102340006520696E76616C6964292E0A00FFFFFFC3
:10235000FFFFFFFFFFFFFFFFFFFFFFFFFF01010286
:102360000305080D1522375990E900F0E1D2C3B4F6
:10237000A5968778695A4B3C2D1E0F00433A2F557E
:10238000736572732F3637303236313931372F77E4
:102390006F726B53706163652F50726F6772616DFE
:1023A0002F53696D706C69636974795374756469CE
:1023B0006F2F73646B732F73646B2D323032342E36
:1023C000362E302F70726F746F636F6C2F7A69675F
:1023D0006265652F737461636B2F7A6967626565E7
:1023E0002F6170732D6B6579732D66756C6C2E6320
:1023F0000080000000000000000022002B002100EF
:10240000141400001C2030401C2000001C20304010
:10241000505341004B455900666E692B00666E694A
:10242000006E616E00666E692D0000000000000005
:10243000000000000000F03F000000000000244009
:1024400000000000000059400000000000408F40E4
:10245000000000000088C34000000000006AF8404F
:102460000000000080842E4100000000D012634173
:102470000000000084D797410000000065CDCD41E9
:102480005465726D696E616C0000000000000054BC
:1024900054522052454747455300020203000000B2
:1024A0000000020800000000FFFFFFFFFFFFFFFF2A
:1024B000FFFFFFFF00000000000000000000000020
:1024C000000000000000000000000000A00000006C
:1024D0006552010850000000DD51010800000001B4
:1024E00000000101000101010001000001020203DE
:1024F00000000000000000000203030303040404C2
:1025000004050500000000010101010202020203AE
:102510000303030304040404040000000101010197
:102520000707080803030305040404050505060658
:10253000060707070803020204040403040505064E
:102540000606060707070202020303030304040446
:10255000040505050505060606060102020202033A
:102560000303030304040404040505050506060625
:102570000C0C0C0C0B0B0B0B0B0B0B0B0B0B0B0BA7
:102580000B0B0B0B0B0B0C0C0C0C0C0C0C0C0C0C91
:102590000B0B0B0B0B0B0B0B0201010101000005D8
:1025A00005050504040404030303030202020201F7
:1025B00001010101050505050404040403030303E7
:1025C0000707080808080909090A0A050505060693
:1025D0000607070708080808090909090505050687
:1025E0000606060707070808C7BFBEBEBEB5B5B4D6
:1025F000B4ABABDCDCDBDBD2D2D1D1C8C8C8C7BF3F
:10260000BEBEBEBDB5B5B4B4B4DCDBDBD2D2D2D174
:102610001B1B16162E2D2D2A29292925242420207E
:102620001F1B1B1B162E2D2D2A2A29292524242069
:1026300020201F1B1B1B2D2DBEB5B5B4B4ABABABFF
:10264000AAA2A1A1A1A099999898C7BFBEBEBDB5E5
:10265000B5B4B4B4ABABABAAAAA2A1A1A199999904
:10266000000000000303030303020202020202024D
:102670000303020202020101010101010000000046
:102680000303030303020202D3CACAC9C9C0C0F2CA
:10269000F2F1F1E8E8E7E7DEDEDDDDD4D4D3D3CA3A
:1026A000CAC9C9C9F2F2F1F1E8E8E7E7DEDEDDDD2B
:1026B00022221D1D1D1D18181813132C2C2C272722
:1026C000272222221D1D1D1D181818182C2C2C27FE
:1026D0002727272222221D1DFFFFFFFFFFFFFFFFED
:1026E000FFFFFFFFFFFFFFFFC8C8C8C8C8C8C8C8B2
:1026F000C8C8C8C8030404080808080800B801B816
:1027000002B800B00304040808050000000000003F
:1027100000000000000000000000000004000800AD
:102720007C0031003B001B00C03800008803000023
:10273000483C000018000000143E000004000000A7
:10274000C8330000F8040000603C000004000000F2
:10275000103E00000300000000000000C83300002D
:10276000183E000000000000183E00003700000086
:102770000739000023390000EB390000D73A000088
:10278000F53A00005D3B0000C93300000000000086
:102790000006800F7047954909684143880B7047D0
:1027A000934800680104C80F704730B50020844981
:1027B0000A6800238F4C521C6568AA4200D3226825
:1027C0001578AD06AD0E9D40054328009B1D1E2BC0
:1027D000F1D30A6030BD86480168090408D58649EE
:1027E0000A68774B1A604A68C26188688349086042
:1027F000704780B5FCF78AFF012081490870814845
:102800000068022808D280480068F02109050140CC
:10281000C02080048142F2D07C480068C01C7C4902
:1028200001437C48016001BD7B487A490860002073
:102830007A49086080218902794A116079490860E3
:102840006F4908707047F3B583B01700C006000EDB
:102850000090103891282ED2FFF7A2FF00282AD02E
:102860000025714C01260398FFF792FF002802D043
:10287000022803D003E02068304000D001250197F2
:10288000049F934E0C20205E38180E21615E401884
:10289000FFF781FF01994018306000983818FFF762
:1028A0007AFF019940187060C02080018949086052
:1028B00028038949086005B0F0BDF8B5874C574A30
:1028C00004250221504BA068284204D0107D8006C8
:1028D000C50F6D0024E0084024D01069042807D2F9
:1028E0001868F02636050640C02080048642F4D0E1
:1028F000107D0007000F072814D1507D022811DD3C
:10290000907D8006800E02280CDBD07D009028424E
:1029100008D0C00700D50A250098084200D0AD1D98
:10292000002D04D1FFF780FF00202061F1BD681C5D
:102930001669864207D21F68F02636053E40C0273A
:10294000BF04BE42F4D06648405D2061C300F82554
:102950001D4001D04B061360624B1E68012E00D152
:102960006D0055602268002A1CD12A4A156820266D
:10297000A65F3603AD05AD0D35431560294A012527
:1029800015609160810909D11968002901D11821C8
:1029900000E01A21625E0021FFF755FF207A000750
:1029A00000D42560F1BD16480078002800D170479A
:1029B00080B5FFF739FF46484B490160416001BDD2
:1029C000143E00000620494908600020484908607C
:1029D000F020000147490860802040004649086017
:1029E0003B4841490160416070470000A43E00003F
:1029F000C04101A87C3E0000843E00005C4201A86A
:102A00004E3E0000D44000A80C0002A8204000A8C0
:102A100000F0FF3FB84101A8FFF3FF3FC44000A80A
:102A2000106001A8044003A8A03E000070B5040097
:102A3000A00310D52B480068002803D11620FEF70C
:102A40003AFA02E00C20FEF7BDFC08202B49086092
:102A5000C0032B4908602B4D286800040CD5FCF7F7
:102A600055FE0600FFF7A1FEE861FFF79EFE26492E
:102A700008603000FCF753FEA00727D58020C00275
:102A80001F490860FCF765FE00281FD01F4A106828
:102A9000C0B2002802D006211D4B1960810915D053
:102AA0001C490B68012BFBD949680905090D091D53
:102AB000C9000C4B1B68012B00D14908002B01D128
:102AC000182300E01A23D25EFFF7BDFE70BD0000A0
:102AD000C84101A8C06101A8C05101A8983E0000EA
:102AE000D84000A86C3F0000FFFF0300006401A86D
:102AF000504000A80C6000A80C5000A8846000A8FA
:102B0000106001A8C04101A85C4201A89C3E0000E1
:102B1000005401A81C4000A870B50822804B1A6020
:102B2000804B1B68DC0302D50020088070BD0C8838
:102B30000019401E00787C4DA870641C0C8045076D
:102B40006D0F052D05D8794E3668F60603D5022D92
:102B50000DD0032070BD9604AE401E4001D1082068
:102B600070BD052D03D1104201D1641E0C80AA480E
:102B70004860002070BDF3B582B008886C490978C0
:102B8000491CC9B2814204D202990918491E097828
:102B900000E00021644A517093785B075B0F01935A
:102BA0003023019C052C28D1194232D19478E508B4
:102BB0001E242C40CD0702D5250001242C430125DD
:102BC000A14EE6402E4072D0019FA04EE641402427
:102BD00026403E434C0602D53400202626439478F6
:102BE00089080D40A7080C2139402943C0252540FC
:102BF0000D4320212943967051704A490C6855783D
:102C0000022123262E4008D0660302D52B40202B1C
:102C100001D0052082E0424B196093789B0601D4D5
:102C2000202203E09278120702D540223C4B1A6022
:102C30003D4A92786B461A70C022854B1E680E4042
:102C400001D1154212D06E46377827263E40232EFA
:102C500003D1E60207D4012606E0252E03D0212E5B
:102C600004D1260302D504262D4F3E601B6819406F
:102C70002026019F002F1CD11E4027D02A4B5B78B5
:102C80001A40402A13D00C221A40042A0FD02A07D7
:102C90003BD40122002902D0E100CB0F5A40694603
:102CA0000978CB07DB0F1A422FD021012AD4072045
:102CB00034E0022FE2D11E4008D00029DED1CC231F
:102CC0002B4003D16B461B785B0601D5032025E022
:102CD000A30311D59C4E73691B051B0D5B1C366845
:102CE000F60205D5994E36683607B60F9B1B5B1E5C
:102CF0009BB2052B04D1C1E7029B1B78052BBDD0ED
:102D000006200BE08021064A1160E90702D4401C2E
:102D100003990880AB4803994860002004B0F0BDD7
:102D20004C1002A8BC3E0000103E0000480002A863
:102D30002C3E0000F2B586494978CA0705D4009AAE
:102D400012888018401E037800E000239E4A106815
:102D500002249E4D2E68F60611D512695340DBB24F
:102D6000002B03D16E68D30973402340002B03D09E
:102D7000020204D40A20F2BDE206954E3260744A83
:102D80001E02C0230B403343914E336093785E079D
:102D9000760F022E06D16D682C4003D100200099D9
:102DA0000880F2BDA0250D409E08102737402F4314
:102DB0003D090E0702D42E0010253543CC240C40CB
:102DC0001A262E400A2E04D1CC2C02D02E00FD252E
:102DD0003540804EEE40F60705D4000416D5412B51
:102DE00010D1082912D17C48E8401121014021432B
:102DF0002020084310700D210140009808D000F0F9
:102E0000A9F8F2BD0B2B01D10029ECD00720F2BDAF
:102E100000F020F8F2BD00002734000038B50C00A7
:102E20006E490B781A0953399500491925881B07F3
:102E30001B0FEB1A9A1A8018FEF76EFD010002D1E3
:102E4000200000F007F832BDF300A3E398144068B7
:102E50004C0002A8F8B50400614805683C4F38787A
:102E6000D026304202D00D21014005D008205D4916
:102E70000860EF20FEF70EFD39782000314204D0C3
:102E80000909397000F066F8F2BD052129401FD00C
:102E900002884D49CA60544BEC0705D5521C02808C
:102EA000690607D4514B05E043242C40422C03D142
:102EB000521C028043600DE010224A4B1A604C4ABB
:102EC00009688B00DB0F1901116380210903116070
:102ED000002101800020F2BD0A888018401E007881
:102EE000830601D4121D0A801822024004D00888EB
:102EF00052088018C01E088039480068C00702D5F3
:102F00000888401C08803948486000207047344ACF
:102F10001368DB0708D51268920705D40A88801861
:102F2000401E007804280CD110202E4A1060304832
:102F3000254A12689300DB0F1A01026380221203F4
:102F400002600020088070470C4000A8080001A81B
:102F5000103E000031B581B02649002000900822C3
:102F6000254B1D7802230C24254202D1002223493F
:102F700003E02C40082C00D10222EC0703D50C0002
:102F80001E21614000931D4207D0154909680906BA
:102F900001D51B4901E00021C943019B194C216067
:102FA0001949FF248C70009C15012543CD700870D1
:102FB000188800994018801818801448586000201C
:102FC00036BD0000E5350000BC3E0000480002A808
:102FD000481002A80D0F0C0D07170850473F0000BE
:102FE0004C0002A84C2002A889370000BF3700001F
:102FF0001C1002A8DE1B2501103E000020841000DA
:1030000000FCFF01F03E0000443F0000CD36000010
:10301000103E000095330000AD330000AD330000DA
:10302000AD330000AD330000AD3300000000000000
:10303000000000000000000000000000AD330000B0
:10304000AD330000AD330000C12A0000AD330000F5
:10305000052C0000152C0000472D0000A92D0000B4
:10306000312E0000BD2F00005D2E000069300000F1
:10307000B92E00000D2F0000812F0000E531000067
:10308000E9320000D72B0000DF27000059230000A1
:10309000AD33000099280000AD33000091290000F5
:1030A00059290000AD330000AD330000D9290000DC
:1030B000AD330000AD330000AD330000AD33000090
:1030C000AD330000AD330000D5110000C111000088
:1030D000000000000004000802140218032400008D
:1030E00049488068000200D4704780B58020800283
:1030F000AB490860CF2000F05DFA01BDF8B5894802
:103100000068894C802292032260884E316809054C
:103110001DD5110BA023034001D0216017E0024010
:103120003FD18027824A1760824A1760084038D012
:10313000354D287A400705D501207F4908600002F7
:103140007E4908602878002801D0062801DB00208D
:10315000F2BD00F07BFB716889684E68297805290B
:1031600007D1B905A1606E60B668CC218901734AA8
:10317000116000F074FB012E00DA0226BC208005ED
:1031800088490860942080058749086068480021C4
:10319000C94301647142416484490F604021016068
:1031A000D5E783480160FFF79BFF0120F2BD5D4832
:1031B0000168890504D5C06E0004000F022801D003
:1031C000002070470120704738B5802458480460BB
:1031D00000F03CFB05007748006800F07DF928000E
:1031E00000F03DFBFFF77CFF0748007A000705D59C
:1031F000A0004D49086000F029FC31BD60036C4916
:103200000860B248046031BD183E0000FEB50500FC
:10321000CC20800168494860012668480660FFF7B5
:10322000C6FF00287DD0664C2078002879D0310276
:103230000195052802D02A460A4072D1CC27BF0149
:103240005D4A1760924A126881231B02134001D025
:10325000032301E053075B0F022805D1022B5ED345
:10326000080136490860F7BD4D01032804D1022B3F
:1032700055D932480560F7BD042802D111404ED01F
:10328000F7BD05284BD10198002848D0C005C10FD3
:10329000684641700198C004C10F6846017000F093
:1032A000D5FA0290606869464978002903D006681B
:1032B0008021204A11602C0485496A461278002A30
:1032C0000CD0C2680B68D21A824B1B68234001D015
:1032D000066800E04668964200DD160068464078C1
:1032E0006A461278024308D008684242B01E824201
:1032F00002DA7042886000E00026029800F0AFFA1F
:103300000198800501D59D4804600198054001D0D1
:103310009B480460002E02D008480760F7BDFFF705
:1033200053FFF7BD440002A8442002A8BC3E0000A1
:103330000CC001A890E001A8C4D000A8145001A8B6
:1033400038B580248F48046001201C4908601C4D5A
:103350002878052802D060008B490860FFF727FF16
:10336000002812D013480068000A80214140A86854
:10337000000EC9B2814208D2454800684007400F9C
:10338000022802D2FFF720FF31BD80480168C02229
:103390000A4002D1C06F204001D00448046031BD12
:1033A0001C1002A808E001A808D001A894D001A828
:1033B000441002A818C000A8106001A8C4E000A82A
:1033C000183E0000F1B582B00F00A020384003D0B5
:1033D000802080006E4958E000F038FA0190FB2010
:1033E00080010468F80202D5A0680069029000F02C
:1033F00098FB80210903606800F07CF926780020A2
:10340000761C6178B14200D20026182171436518FC
:103410000C3529780829F3DA2670A56029785D4AE9
:103420001170B90510D500F011FAFB218901096866
:103430008968C968009100F012FAF80203D4009874
:103440000321884300900098524988600127384042
:1034500003D100F083FC01F0B7F8F904686900F0CB
:1034600049F93C2000F0A6F8F0B200F0A3F860881B
:10347000494901406180019800F0F1F9380544495B
:103480000860464807603802454908600298FEBD5A
:10349000184001A810B543480068800501D4FE20FB
:1034A00010BDC02080034049086000F0CFF9FB2127
:1034B000890109688A78D20702D589688C7800E08A
:1034C0000C7800F0CCF9200010BD0000100002A81C
:1034D00048C001A84C0002A8FB21890109688A683C
:1034E0008B78DB0704D5927818235A438A180C325C
:1034F00090607047F1B582B02C4F3C680026200FD9
:10350000000702D1E00102902AE001F05DF800F02E
:103510009DF9019080210903606800F0EBF825789F
:103520006D1C6078A84200D20025E80020180C30FD
:10353000009000680290802109030098406800F024
:10354000D9F83D2000F036F8E8B200F033F82570E5
:103550000098A060019800F082F902A801F090F8AC
:1035600013480068800407D5F86901F0AAFD0299A4
:103570000818029000D502960298FEBD4C1002A8D1
:103580004C2002A894E001A8146001A814C001A86E
:10359000442002A8183E0000FEFF0000C0E000A882
:1035A000106001A8440002A8441002A8C43E000014
:1035B000FC0302A844490968002901D54349086071
:1035C0007047F3B581B0424FB968424C4A004CD5C0
:1035D0000125090100D5212501003F4A10685668E0
:1035E00022689206920E94463A6893008022134015
:1035F00062461343802252001A4300920A0023D0ED
:10360000890601D5012008E0F021014007D1694673
:10361000097A0C220A4002D0022000F03FF82F491C
:10362000096809040AD53968090701D5022605E0A9
:103630003968490301D5002600E003264835009A81
:1036400027490968890003E0009A2549896B09091F
:103650004023194011439A00002E02D016432666DB
:1036600008352166024322662566E06D4407640F33
:1036700000F0D6F8A0070BD0052C09D0B8680004DC
:1036800006D400F0E3F80221164A116000F0E7F8D2
:1036900000F0CFF8002000F001F8F7BD0E490A68ED
:1036A000F0239A43000110430860C0B270478020A5
:1036B000C0020D490968890701D10C4900E00C4995
:1036C0000860704700000000500002A8884000A871
:1036D000480002A8284000A8683F0000684101A8EF
:1036E000184001A8D4D40350844000A8486000A822
:1036F000485000A880B56D4A116001F00DFDFFF73C
:10370000D6FF01BDFEB56A4D2878000604D5287F96
:10371000002801D0182400E0462400F097F8029019
:103720006448C0684005C20DD52A01D2D52204E004
:10373000D1204000824200D90200100001005E4BFF
:1037400001932B6B5B011DD55C4B00931D1D5C4EE3
:10375000367806277E43AA530025019B1B7CEB404D
:10376000DB070CD5009B06266E439B199B888FB206
:10377000BB4200D2190086B29E4200D218006D1CD6
:10378000022DEAD389B2091909044E4B0B40001BE4
:10379000C005C00D184347490860C02000064A49CB
:1037A00008604548017D00290CD04849D52A02D936
:1037B0008023DB050B60D1235B009A4202D2802379
:1037C0001B060B600021424B19604188002900D183
:1037D0000280029800F043F800F04CFDF7BD80B580
:1037E0003C483D4908603D48C1680902090A192260
:1037F0005143416005210160FFF784FF01BD80B5A1
:103800002B480178090604D5007F002801D0FFF776
:1038100079FF32480068C00301D5FFF773FF01BD8F
:103820008020C002214908602D4800684007FBD471
:1038300070478020C0022B490860704701E02A4988
:1038400008602A4909680140F9D170472848006892
:103850002021284A11601021274A11607047302129
:10386000014002D1102023490860704720480068B9
:1038700030210140102901D10120704700207047FC
:103880001E4801210160C160704701201C49086089
:1038900070471C4800780621014001D10020704784
:1038A0001948006802288041C00F7047441002A8E0
:1038B000BC3E00007C400050743F00003C3E0000D5
:1038C000383E00000000FF01A0600050A4500050EE
:1038D00018E000E07F1A0601540002A810E000E0A2
:1038E000440002A8442002A8282002A8280002A818
:1038F000600002A8602002A8601002A8789001A8C9
:1039000084A001A8A03E00006C3F0000F8B55A4812
:1039100080214902C1610221584A51600021584A60
:103920001160584A11800321544A1160022101603C
:10393000202055490860802054490860CC2080012F
:10394000534908600124534804604D48806F00903B
:103950000F26070B374050480068C505ED0D103D98
:10396000C0202843C0B2FFF725FE4C480068C005C0
:103970000AD5092F08D0FFF78CFF002802D048484D
:103980000068804701F01CFA009806400096454800
:1039900006680098032803D0022806D1032F38D0E8
:1039A00000F060FA0098032803D0062F31D1062DCD
:1039B0002FD03D480068C00B204001D001F0D4FC5E
:1039C0003A480068000108D5052D06D10125384880
:1039D00004606005FFF732FF00E000253100380089
:1039E00000F072FA0600002D06D000F001FC31480C
:1039F000046002203049086060052E49486580094E
:103A00002E490860FFF745FF002802D02C480068C7
:103A100080471A4821040162002F08D10221416029
:103A2000002017490861C020C000194948643000CF
:103A3000F2BD80B5FFF7F4FE22480078800602D47C
:103A4000022021490860FFF7F4FE01BD02201F4952
:103A500008607047802000061D49096801400AD0AF
:103A6000C10D1C4A1278920701D51B4A00E01B4A7F
:103A700011601B49086070472C1002A8282002A87A
:103A8000380002A8483E000094E001A80CC001A83C
:103A9000146001A8C4E000A804ED00E0B80002A88A
:103AA000583C0000B44000A800E200E0EC3E0000FA
:103AB000645000A8646000A82C4000A880E200E0E8
:103AC000543C0000BC3E0000081002A8082002A8D8
:103AD000440002A8683E0000FC1302A8FC2302A8D0
:103AE000442002A859480068800700D4704770B588
:103AF000574801210422BB4B0C02E025ED008668EB
:103B00002E4002D01C601A6119610068054002D085
:103B10001C609A60996070BDBF480121816001609E
:103B2000704710B5012087498A680240FCD1BB4A22
:103B3000042313610C680440FCD193600002106000
:103B400010BD814908680122104200D1704710B5AC
:103B5000E023DB000340FF24A41CA34204D3C04B9A
:103B60001B689B0600D54868024001D000F044F96C
:103B700010BDFEB50700754E30683F21884374497B
:103B8000097801433160FFF7DCFF724C72488021F5
:103B900049030825944A1268D20504D565600322BA
:103BA000B262016006E0C822B26206228F4B1A6040
:103BB0008F4A116000978909C160009800688D4F95
:103BC000B968814201D2019100E001900199401A47
:103BD000009908600121009800F0CAFB06000098D7
:103BE00000680199401800990860FFF77BFF8C4836
:103BF00000683860300013D1002060627A480168A4
:103C0000C90501D4102161620068284001D02560F7
:103C100000E0656095480068400001D56802606278
:103C20003000FEBD7F48017809060DD5007F0028D1
:103C30000AD08B484168C90606D40068A02101401B
:103C4000481E8041C00F704700207047500002A8F6
:103C5000900102A880B5FFF7E5FF002803D00021FE
:103C6000042001F01FFC01BDF1B581488149C86005
:103C7000EE20C0040860804880490860FFF7D2FF4A
:103C8000002803D00021042001F00CFC7C4C802093
:103C9000C001206008277B48876501257548456479
:103CA0001D2078498862784E9B204000B061072033
:103CB00001F028FC0220734988624B490A68D20649
:103CC00003D57049714A0A6008E00F22096839403B
:103CD00002D03100103101E0310014310A606C492A
:103CE0000968002900D4B761E32109013160C021CE
:103CF000C900684A1268F823DB01134001D1F16260
:103D000001E05C4A9165216C294008D0616BC907CC
:103D100005D461490968084001D101F0FBFB00208E
:103D2000C0435E490860606B054001D1FFF7DAFED1
:103D3000009801F0D5FB606B8001FCD4606A5849A3
:103D40000860F1BD940102A8783F00002C8001A812
:103D50004A3E0000601102A8981002A870B53148D0
:103D60000178090606D5007F002803D00021052030
:103D700001F098FB4B4801683F2291434A4A127870
:103D80000A4302603E4849490122436B134001D176
:103D90000A638A62972252000A6010220A60444A2B
:103DA000E3231B019366434BCB610021424B196017
:103DB00080235B00072408210B4D2E680E4005D0A0
:103DC00094672C68234006D1916704E0D4672C687F
:103DD000234000D1D16703231360116309030160FD
:103DE00070BD0000881102A8FC0302A80C9001A875
:103DF000982002A8A03F0000F02109012F4A11607D
:103E000001402F4801602020A5490860A5490968A4
:103E10000840A54908607047902102A8882102A89F
:103E2000340002A8BC3E0000A048A14982680A40B4
:103E300002D1C268114001D00F4901601248082127
:103E40009C4A13680B4000D081611178C90602D5E5
:103E50008C2109010160142097490860C9E1000024
:103E6000440002A80448054908607047EC0002A815
:103E7000000FFF00242102A801200000706201A8A9
:103E8000100002A8C01002A8501102A8BD03000033
:103E900028C000A8A88001A8203E0000B46000A8A7
:103EA0009C3F00002C8001A84B3E0000682102A826
:103EB000E82002A810100000C00002A8586001A865
:103EC000585001A870470000F8B586B005000C00F6
:103ED0007A480068400102D5200040240443784815
:103EE000C66AFFF7B3FC0590B00503D575480068B6
:103EF000FFF7F2FA0020009001227006C00F019037
:103F00007148866800218160B82149006F4B1960B3
:103F10006308B82119400078F0230340402B02D1F8
:103F20000800402101430D2D02D130000426064334
:103F3000700704D508001421014310208443A748CA
:103F4000036820003400DB0506D580235B009F4D0D
:103F50002B600B0001211943A14D019B002B11D1B6
:103F60000C230B40082B0DD00B00554EB66BF706FB
:103F700001D41027BB43B60601D42026B343B12693
:103F80001E4042D0130042D0AB6DDB04DB0C792B1A
:103F900007D3802106224A4B1A604A02984B1A60C6
:103FA000002281230B4035D00823019E002E00D132
:103FB0002B622600082434431023984304230293E1
:103FC0001B05904E33605B088F4E336013001ED08C
:103FD000029B062B24D3394BDE6CF60620D5314EDE
:103FE0003668360E00965B699BB22E4EF66B36062F
:103FF00003D01E0080235B0133432B611B122B6116
:10400000764B1B68DE059ED40AE008222A620390E4
:10401000049132E08FA34E06F60E9B5D0293D5E726
:1040200003900491029826490B6B1E4A12682E6871
:104030006F46BE8028261E400643980CC0013043C0
:104040001E001B0E334010263340034390004022D5
:104050001040184301AA9070486B000A01A9C8706B
:10406000FFF718FA01A908710098487167480068BD
:10407000C8800198E8660298E8660598FFF7EFFBAC
:1040800008200399490601D55E49886060490860A7
:10409000E1B20498C0B2FFF794FA039807B0F0BDFC
:1040A000482002A8184001A8481002A8704201A8A0
:1040B00000800080F84F0000703F0000084000A81A
:1040C000180002A81CC000A8683F0000B46000A847
:1040D000F8B5504F504C0F25012650495048806B81
:1040E000C00621D5012008704E4800684E490A6874
:1040F000824204D289695118491C081A00E0101A3A
:10410000616F401801285FDB01F05CFD47490968D9
:10411000090B0D40022D55D17105454A1160102142
:1041200039643F490E604DE03D48006CC00026D523
:1041300040480068E0218905014045D03B4C3E489D
:104140000068C00504D42068000B28400228F5D080
:104150003A480668FFF77AFB3949F2B20A6032043E
:10416000120E0A603202120E0A60320E0A60FFF767
:1041700076FB2068000B28400228DFD0F1BD3148D3
:104180000068002820D001220A7001F0A9F9002857
:104190001AD101F017FD25490968090B0D40022DC0
:1041A00010D102212278D20705D5274A12680A4089
:1041B00001D01B4A1660CA031D4B1A6039600021EA
:1041C000204A116001F002FDF1BD00001C2100AA8F
:1041D000802080041D490860704700001C0100AA6F
:1041E000540000AA8020400418490860704700006D
:1041F00000BF17480168490701D0FF21416170479E
:10420000141100AA441002A84C5001A8448001A82F
:10421000845000A8082002A8683E00004D3E00001F
:10422000100002A81CC101A820C001A8B00002A86B
:104230001C1002A84C4001A8084000A8904000A80B
:10424000640000AA243E0000EC3E00003C2002A8CE
:104250000C4000A803010706030107060501060636
:104260000501060603020706030207060502060605
:10427000050206067047FF2807D0032805D23049FB
:104280000978C140C807C00F704700207047000080
:10429000F8B58020000200902A48038808202A49A7
:1042A00008600A2201200124944000990C43274908
:1042B00029A5AD5C25438D60F025254E3560224D46
:1042C00028A6B65C022737432F6004262E601D4DBA
:1042D000204E3668064008D12E88F61AB6B2012E56
:1042E00003D88E6C3603F3D401E00220F2BD8D6C4E
:1042F000CE6C6D036D0BAE4200D20094521ED2D52F
:104300000822134B1A60009A8A60AB4A1268520165
:1043100013D5AA4B5A78541C012525405D70140012
:1043200006256C431C190968A1800099E1801A7068
:1043300003490B789040184308700020F2BD00003C
:10434000843F0000483E0000889001A8448001A8F6
:1043500088A001A8140002A80000000101020408BE
:10436000102020005050504040404030202020007D
:10437000F1B582B0924C93484068C00516D5606A8A
:10438000E021C9000840884210D1AA48006E00040C
:10439000000FA9490A68D20601D5072804D0096888
:1043A000C90603D40B2801D10020FEBDFFF7B4FBE2
:1043B000A2484069400101D401251CE0A048826B5D
:1043C00000207E49C3B206256B43CB189B8895B26B
:1043D000AB4204D0401CC3B2022BF3D3FF200870C1
:1043E000012596484069400105D50878FFF743FF4D
:1043F000002800D0002593485421405C000608D5D1
:104400008E480078002804D08C484078002800D1DD
:104410000125E06901906B480068E0618A4E0298CE
:104420000068316D4718012F16DB00F0FEFD30608B
:10443000C001381A01280FDBFFF773FB00F0C4F846
:1044400002980068316D401801F04AF8010003D06D
:104450000021029A116010E07C4FC020C00038603B
:104460002068072832D005210840052808D021609F
:104470000C2001F047F8010002D00199E161FEBD76
:10448000734EFF207A3070620420B062FFF749FB60
:1044900002203060E020C0046E4948608020800423
:1044A000786002203860012001F02CF88020800024
:1044B0007062022001F026F88020C000706208209F
:1044C000B062022001F01EF80220B062624EE020CD
:1044D0004000F061614F5B480078C00704D5802040
:1044E0000006386040083060042001F00BF869468F
:1044F00008706846007800284DD1022055490860B0
:1045000080027064C001706410204D490860012071
:10451000B0674C4E47480068400621D44748406980
:10452000400113D5254800786946487068464078B0
:10453000FFF7A1FE002809D02048694649780622E5
:1045400051434018C0883E49086409E00120307496
:10455000FFF79EFE694608706846007800281AD169
:104560000120374908600020C867022000F0CAFF18
:104570004020F861C030F8613078C00705D5C02010
:10458000000638602E48006C7082022000F0BAFFEE
:104590008120C0027864002D01D0FFF730F9E06976
:1045A000E0214903014001982D4A02400A43E2619B
:1045B00068460078FEBD0000EC3E0000383E00007A
:1045C0005C0102A8F80302A870B5FFF7A5FAFFF78F
:1045D000A8FA244C24480068C00509D5E06F000BF8
:1045E0000F210F220240072A23D001400B2920D09F
:1045F0000225134805601D4E0820B062C00170629C
:10460000012000F07FFF2802706235600620B06252
:1046100017487062E0204000164908600D480560A8
:104620000021154A1160C021C900016020681349AA
:10463000086070BD500002A8B04301A8D83E000039
:104640000C8001A8683E00008C3F0000981002A872
:104650005C1102A8982002A8109001A810A001A83F
:10466000FFFFE3FF340002A8FC0302A85C2102A8BC
:10467000F96100002CA001A85C0102A8943F000091
:1046800070B52249C022D200214B1B68F824E401F6
:104690001C4001D18A6101E01E4B1A601E4A802332
:1046A0005B001E4C25681D4003D008250D600321CA
:1046B00001E0AC214900916421680B4001D10A213D
:1046C0001160060016488021490301608909C16014
:1046D000144C6069AF21C90145183068854200D388
:1046E0000500401B306000213000FFF741FE3168BB
:1046F000491931600C490968216070BD80200001B2
:104700000A49086000010A4908607047641102A85C
:10471000AC8001A87C2102A80C8001A8FC0302A89F
:10472000981002A8903F0000340002A8441002A88C
:10473000685000A8F1B584B0C64800680190C6482A
:10474000006BAF21C90140180499884205D2081AAC
:1047500000F0C6FE002800D04FE2C04D6868C007D8
:1047600000D54AE20420BE49C8628003BD49886280
:10477000BD48406D0090A86B8407A40F1020032C47
:1047800002D0B749C86221E042038A62EB6B9B0604
:1047900001D501205AE0009B1B060FD5EE6B0223CA
:1047A0001E400BD1B14E05273760EF6B38400343F5
:1047B000336000203060A86B000A30600420C862BB
:1047C000E86B002802D5A64882620024A86B400747
:1047D00005D5A86BC00080214900084003E09E4831
:1047E0008068C10701D5FFF707FB01210098084049
:1047F00008D0C348A2018018006AC004C00C401E43
:10480000C04A106000200022BF4B1E68360403D54A
:104810009B6F002B00D40122C0218900CE4B59652B
:104820002102914B1B78DB0703D58A4B1B68DB0504
:1048300001D5002A02D0C022920000E00A00C74B36
:104840001A60C0229200C44CA2655960296C94225F
:1048500092050A40140000D0012480273F02204323
:10486000000638D0BE480078C021014040290ED152
:10487000FFF7DFF87848C06D00906846FFF779F9D8
:10488000002800D0B9E10098FFF7EEF901E0FFF74A
:10489000DDF820202860240600D1AEE1B14CA86BE1
:1048A000400708D578086F4988620220206000F030
:1048B000D1FA002806D004206949C862400269493B
:1048C0008862276068485421405C000600D494E167
:1048D000380163493DE16868C00700D58DE1B80043
:1048E0006049C862FEF79CFF286C384006D1FEF78D
:1048F000ADFF0221C24A1160FEF7B1FFFEF799FF3A
:10490000F8082860BF4CC0200006A0607800BE49AF
:104910000860A86B4007C10F68460170BB4E019844
:10492000C00700D4A4E001F04DF90290FEF7A8FF03
:10493000286C40040DD400BF00BF00BF00BF00BF03
:1049400000BF00BF00BF00BF00BF80200006B0490D
:104950000860FEF79AFF029801F038F9EE20C004D3
:10496000AC4908603809206203203064FE20C0038F
:10497000706442200199C90501D4706000E0206094
:10498000A02060600820A04908660420AB490860A8
:10499000286CC0022FD5AA484168080CA94A09040E
:1049A000C90B525A102826D32B490B88E72B22D348
:1049B00095267600B34205D8F31A1B095A43930A89
:1049C0005A4204E0A04E9B191B095A43920A52B264
:1049D0008318086BCE6B7243801808636F2B01D36A
:1049E0006F2302E00F2B00D20F2318021843190483
:1049F000014396480160874895498164C021890137
:104A0000A1600221804A5167C02189008160F021A4
:104A100009014165F80960610A2000F073FDC020BA
:104A20000006A060822040026066012000F06AFD5E
:104A30000120A060062000F065FDA760082000F0BE
:104A400061FD3801A0608000A060032000F05AFDE5
:104A5000780052E0FC0302A8743F0000100002A896
:104A60001C2002A81C1002A8683E0000E40000AA56
:104A7000019840074AD56748EE21C90401606249A0
:104A80008222D204CA66BA092262D2018A66C02191
:104A9000890181646F48A0600A2000F033FD002086
:104AA000306408270199C905306001D4706000E0C6
:104AB0007760A020606054480766022141670A20A1
:104AC00000F020FDC0200006A06063486066012061
:104AD00000F018FD062000F015FDA760062000F08C
:104AE00011FDC0204000A060082000F00BFD6020F8
:104AF000A060032000F006FD0220504908600AE093
:104B00000C0000AA204000A8684101A8534A402197
:104B1000002000F0FFFF0020C0430F49086000F0B4
:104B200084FA4F4E401DC001316B47188020C001F0
:104B30004C49496F014002914B49086004988742F3
:104B400013D2316B401A00F0CBFC00280CD0029835
:104B50009649086051E000BFB46000A8085100A861
:104B6000EC3E0000685000A8049F0198400702D561
:104B70008020800000E08E48A060012000F0C2FC90
:104B8000686AF062802040001F490860380000F029
:104B9000A7FC884C68460078002806D13148006898
:104BA000A0678020C0038449086002987F4908609C
:104BB00018480199490704D5802189008164244956
:104BC00003E002218164C02189018164686A706206
:104BD0006846007800280AD0012000F093FC542099
:104BE000205C000603D58020000374490860286C0F
:104BF000C00202D512480068306305B0F0BD000065
:104C0000D4E40350641102A8B81002A8600102A8FD
:104C100004500950242102A880B5FEF717FE8B49E5
:104C200000220A600A22CA61FEF719FE8848C021E4
:104C3000890201609F49416001BD0000C82102A8AE
:104C4000F83F0000C0000000D6FEFFFFDC4001A8D6
:104C50000404000004044000020400000D070000EA
:104C6000743F000020C001A894E001A88C48806B2C
:104C7000800300D47047F8B58F4800680090022088
:104C800002248E4D01260099314001D08C4C03E066
:104C90000099490702D58B4C286004E08A4A4021DC
:104CA000002000F037FF2C64012000F02BFC3002C4
:104CB0008649086708278648076086480068C00458
:104CC00003D4854800683840FBD0844C3848606580
:104CD000042000F017FC8820C0046065009806409E
:104CE00024D0A02080036065012000F00BFC7C48EC
:104CF000606500F067FF0500FEF7C2FD6848006CC4
:104D000040040DD400BF00BF00BF00BF00BF00BF04
:104D100000BF00BF00BF00BF8020000671490860CF
:104D2000FEF7B3FD280000F051FF10E0400709D561
:104D3000602060657803A060012000F0E3FB6A4812
:104D4000606504E0694A4021002000F0E3FE684D00
:104D500000260098C0052E6001D56F6000E06E60EF
:104D6000C02000066065C00C62490860012000F0A8
:104D7000C9FBF0200001E0665F480099C90502D533
:104D80000321016000E00660862040025B49086064
:104D90005B4860652760A02020652E646E64B802C1
:104DA0003F490860000149490860F1BD94D001A85D
:104DB00002400000683E00001C1002A81C2002A84F
:104DC000F8B5504800680D2707400424002F00D193
:104DD00004274D481025660308214C4A4C4B1B689C
:104DE0002340126814D04260394004D00220FEF7FC
:104DF00055FC484806603C4007D0474800680543DA
:104E000045480560B008434908600220434915E061
:104E10000260394005D00220FEF740FCA0023D4967
:104E200008603C4006D03C4801680D4305607009AD
:104E30003849086039480660300324490860FFF7A4
:104E400015FF00210020FEF7BCFBF1BDD80000AA31
:104E5000442002A810B5802031490A6802400AD0D7
:104E6000304B1A680624144005D15C6E2E4A22404D
:104E70001B6D9C0101D5002010BD096808400DD0B4
:104E80002A48824203D1180501D5012010BD2848C7
:104E90000068C107C90F481E8041C00F10BD000047
:104EA000100002A8234803210164A821C163102136
:104EB0000160704704000080FC0302A82C1102A8C6
:104EC0000230000006040000EC090000482002A89F
:104ED000106001A8D84001A8104001A8182102A81C
:104EE000018000000460095089050000330A0000B9
:104EF000600102A8B06101A8548001A8C82102A8DD
:104F000004340000B44000A8E43E00001CC101A825
:104F1000480002A8441002A8683F0000685000A89A
:104F2000440002A814C001A81F1F0000010C0000CB
:104F300030C101A8082002A86C480068012108427D
:104F400009D16B4A12686B4B000C1840F03291404B
:104F50000B40984201D00220704700207047F8B5FE
:104F600007000F386A461080604CE0680A0004D1E0
:104F70006B461B8882B29A423AD200226B461A8054
:104F8000012502263A0013D02268324007D00029BA
:104F90002ED059480088401C57490880002039000D
:104FA000216156490E6080B2B84201D369460D8036
:104FB0005348456000E030BF2068304003D1FFF720
:104FC000BBFF0028F7D04D484560390010D021685C
:104FD000314005D048490A886B461B88D2180A80A0
:104FE000066000202061E068B84201D244480660B3
:104FF000FFF7A2FFF2BD38B5050000F0E3FD0400A5
:10500000012199204543A8093E4A126880181238A8
:1050100080B2FFF7A4FF05008020C0013A49086074
:10502000200000F0D3FD280032BD33480388354905
:10503000096802889342F9D1100408187047FEB538
:105040001238070C6946088000F0BCFD0190274C1F
:10505000294D2888B8421ADA01202C490860274EC9
:1050600030BF02202168014006D03060400326494D
:1050700008602888401C2880FFF75EFF010002D1ED
:105080002988B942ECDB0121716000280DD1288804
:10509000B8420AD1E06869460988884205D20021F1
:1050A00068460088FFF75BFF01E0FFF745FF04005B
:1050B0008020C00114490860019800F087FD20009D
:1050C000FEBD10B512490A680E4B1B680C6894426D
:1050D000FAD0DB014033141A02D288692418641C08
:1050E0000C4800684443181B10BD0000280002A8AB
:1050F00004ED00E0FF3F0000483E0000282002A829
:10510000281002A8340002A880E200E02C1002A8B7
:1051100020C001A8B43F0000F0B502E00A601C60A6
:105120002E607EC84F1C07D05F1C04D06F1CF5D1C9
:105130000A601C60F0BD0A60F0BD000080B5FEF79B
:10514000ADFA01208449086001BD80B5EB2000F074
:1051500001F801BD30B581490B6818401022134297
:1051600010D07F4B7F4C2468224008D0AF4A14688F
:105170002402FF252D0225401D6300241460802297
:1051800052031A60086030BDF3B5010016001C0020
:1051900000250095A648019A330000270BE0BC4685
:1051A0004F5D4743AE009E597E40575D47433740B1
:1051B000664637436D1CA542F1D3390939438A0845
:1051C0000A43510811430840C10901430F208A0BCB
:1051D0000A4302405040F6BDF1B582B00E000020F7
:1051E00092490860934DEF7AA87A01900F213940D7
:1051F00000910ED00B46904A90490298FFF7C4FFE9
:1052000001990140894801608D4841438D4808401B
:1052100001D1012400E04401380915D032003B09D6
:1052200029000298009E6D7A75194019FFF7ACFFAE
:105230000199091101407D4802680B011343036085
:10524000002901D0480044437F480068204001D134
:105250000420FEBD0020FEBD80B50A0000211180A3
:105260007A4952888018FFF7B7FF02BDF0B50F22C8
:10527000774B5C7905780F202040C54020092840F5
:1052800001259C79C4402C4001D10320F0BD354C50
:105290002468254008D06F4D9E684700F65B761E57
:1052A0002E608026B601EE60DD78DE79C640F0071C
:1052B00011D5E0060FD5002D0DD06748486008884D
:1052C000488008881C7800192A4080185A7880186D
:1052D0002A09801800E0002008800020F0BD10B5E9
:1052E0005E4801685E4A0820014200D09061C9060C
:1052F00002D58C21090111605A495B4A5B4B1B683E
:105300001B040CD54B685C0402D5C303136006E094
:10531000C024A4011C4043029C4200D010600B68D2
:10532000034005D0524B1B689B0F9B0700D01060B9
:105330000C480078C023034002D180204005106053
:1053400008682021084010604A480068C00101D464
:10535000FFF7FBFE10BD00002C4000A8703F0000CE
:105360001C1002A8BC3E0000F8B5434F38687E68A8
:10537000064042483040424908608024A403414D21
:10538000F00228D540480168080606D53F48006865
:10539000A86001202870022015E00120014202D0FF
:1053A0003B49A9600FE00020C9060CD52A49A96035
:1053B000384A91780B071B0F12789A18090951186F
:1053C000A980E880A888A880A888002801D0264362
:1053D00001E0FFF7BAFE264026D0294E7460346003
:1053E000A88800280ED0396A81420BD3291D2A488B
:1053F000AA6890470100F3D0FEF750F90120274931
:105400000860F1BD01000CD0FC218902F161244942
:105410000203CA6134604C603A6A824204D30C6071
:10542000F1BDEB20FFF796FEF1BD0000283E000025
:10543000010101013C3F0000F43E0000343F000048
:105440001111000021840000F03E0000143F000014
:10545000443F0000204000A849220000F84F00000F
:10546000502102A8184001A8481002A8684101A8CC
:105470004C4201A8D04000A8B44000A8FFFFDFFFC5
:10548000B46000A82C3E0000BC3E0000603C000060
:105490005D220000453F0000D84000A82C4000A835
:1054A000B45000A870B505000C0000F08BFB06009E
:1054B000FEF7E6F92002054306480560022006498A
:1054C0000860FEF7E2F9300000F080FB012003499C
:1054D000087070BD04800950409009504C3E000097
:1054E00010B5C409FFF7A1FD201A312806DAC00063
:1054F000183801D4C01EFDD5002010BD2000FFF7D4
:105500009EFD10BDC32148436F3801D41E38FDD520
:1055100000207047FEB5C020C004334908603348FE
:105520003349486533488865334840240460446003
:105530001020FFF7E7FF010054D1FF2000052F499D
:1055400008602F482F4908602F4829490860A503A3
:105550002A4805602D4807680820FFF7D3FF01009F
:1055600040D108262A4806600120FFF7CBFF2748D4
:10557000806801902748066027481D4908601F4839
:1055800005600820FFF7BEFF01002BD12048066010
:105590000120FFF7B7FF1D48806800901D48066096
:1055A000134D1E4828600199009800F03FF88606C8
:1055B000B60E0198C10B0098C00B00F037F800023E
:1055C000FC218901014031432960104807606003D4
:1055D0000A49086012480460446012490164124993
:1055E00041640020FEBD000020E000A85714000028
:1055F0004C0102A8FF3FFF3F601102A8B42002A89F
:105600000000380EB41002A830300000104101A88C
:10561000105101A8106101A8101000002020000006
:10562000602102A8F703F000FF3F000010B5490415
:10563000CA104004C310991A00209A18D30F9A1860
:10564000521052188B115B0E5B18DB11D2182023FD
:10565000541A01D422001843CC0F611849105B087A
:10566000F6D110BD10B5C20018231340FF249C4092
:10567000E2438907090E9940030004D477489B0848
:105680009B00C01806E0764B0007000F0838800822
:105690008000181803681A401143016010BD80B5DE
:1056A0006F225421002000F035FA01BD10B500F042
:1056B00089FA6C4901220A606B4B6C4C23606C4C7C
:1056C000236003236B4C23606B4C23606B4B1A608D
:1056D0006B4B1A606B4A802313606B4B1360112273
:1056E0008A6300F073FA3F206849096801400A1D87
:1056F000402A00D2081D664A1070A748017010BDEC
:1057000000F060FA05000024012160B2FFF7AAFF53
:10571000641C0E2CF8D301210F20FFF7A3FF0121F9
:105720001120FFF79FFF01211320FFF79BFF0121AD
:105730001720FFF797FF03210120C043FFF792FFD7
:1057400001211E20FFF78EFF01211F20FFF78AFF96
:105750005048514908600220504908600120994989
:10576000086047044E4C20683840FCD0FEF737F8FC
:10577000280000F02BFA4B480068000311D4922255
:1057800052005321002000F0C5F90AE000281CD087
:10579000FEF75CF819E020683840FCD0280000F0E3
:1057A00015FA206D0004000F022801D1FEF790FCCD
:1057B00000F008FA05006B4EFEF758F800287078E4
:1057C000E4D0002801D1FEF74AF8012033493278AD
:1057D000002A05D1714A1268920600D4086030BFD1
:1057E0000022327002220A6076490860D3E77648C8
:1057F000016842680A40754810401C4908608007EB
:1058000000D4704770B572480188491C0180714C02
:105810002078000620D570490A680F20120B02403C
:10582000032A19D16D4A12685207520F032A13D85E
:105830000968090B084003280ED169480568082645
:10584000684806600D20FFF779FC354001D09A4882
:105850000660E08A401CE08270BD000000E400E0C9
:105860001CED00E0040002A80000FF3F282002A871
:105870002C1002A840E002A844C002A804C001A85D
:10588000044001A8145001A8200060062C8001A843
:105890004A3E0000FFFF9BC000E100E0602002A83C
:1058A000600002A8F80702A8F8B5844801684468B7
:1058B0000C40834804608348204007D0FDF7E9FF8F
:1058C000002803D020008049096888477F4880214C
:1058D0000C4220D0794A936AF825ED011D401AD078
:1058E000C0231B019D4216D880252D06884E3560A9
:1058F000976AF826F6013E40C76E3F043F0F022F1D
:1059000001D0032F03D1002E01D09E42F0D3904A44
:1059100015606B4A11608F49097806290DDACC2091
:10592000800120401DD000F04DF905002000FDF75A
:105930006DFC280000F04AF9F1BD0068800510D523
:105940008548204005D0FEF7BDFA2000FDF75EFC3B
:10595000F1BDA00205D580204001594908607F496A
:105960000860F1BD4D3E000010B57D4801684468F7
:105970000C407C48046080210C4205D041607A488C
:1059800001600020FDF742FC600403D58020400543
:105990007649086010BD00004B3E0000F40302A8E9
:1059A00038B57348016844680C40E00707D500F03B
:1059B00009F90500FDF7C4FC280000F007F96D485F
:1059C000046031BD601002A8280002A8FFFF00C0DB
:1059D000483E0000BC3E0000B00002A8184001A8EC
:1059E0004C4000A84C6000A8FEB5634C206C676C6E
:1059F000074001252F4216D02E0660480660206819
:105A00005F490D60002802D00021FDF773FE5D485C
:105A10000068A021C90188428041C043C00F5A4993
:105A200048705A480660FDF711FF019002200740B8
:105A30003ED06168CEB20F0A55490822494B440353
:105A4000012E24D0022E31D1012F22D1514EF678D1
:105A50000096504E37780126BE404F4F3E604D4E67
:105A60003678760590277F04F71903263E434B4F7F
:105A70003E601C604A4B1C600B68009C1B194B6508
:105A8000444909788D4047490D6047490DE0009031
:105A9000DFE7002F0AD1454E356000254D655C607B
:105AA0001C60C104424B196042490A6034490860D5
:105AB0000198FDF7D4FEF7BD4C5000A8104001A896
:105AC000106001A8020006005C3C0000440002A82F
:105AD00070B5FDF7BBFE040000F074F82F490A68AA
:105AE000D2070FD52A4A566D1368334D2E60CE6803
:105AF0006E604968E9818021C904204E3160297BAC
:105B00005918516500F062F82000FDF7A8FE70BD3D
:105B1000E06101A8002800D0704770B50C00FDF7C7
:105B200095FE050000F04EF80600FDF7A9FE23489B
:105B300004600121224A1160026C0A40FCD1FDF789
:105B4000A4FE300000F042F82800FDF788FE70BD8A
:105B5000E05101A8183E000000104006145001A8B2
:105B600090C001A890E001A80CC001A804ED00E0DD
:105B7000C0C000A8C0E000A800C002A8441002A84D
:105B800040E002A8404000A84D3E0000442002A88A
:105B900018800A50613E000068A00A5060C101A848
:105BA00094D001A868900A50F42302A860E101A8EB
:105BB00080E200E0F41302A8583E00000080095083
:105BC00040900950EFF3108072B67047002800D162
:105BD00062B6704780B5FDF75CFE002802D0B6487B
:105BE0000068804701BD80B5FDF790FEC44800689D
:105BF00000030AD4FEF736F9FFF738F8FEF7AEF8DF
:105C00000120FFF709F8FEF7DFFC80208005FDF793
:105C100015FE01BD80B5FDF779FE80204002FDF73D
:105C20000DFE01BDFEB505208D4908608D48066852
:105C30000124264201D1FDF76FFFFDF767FE8A4977
:105C4000086800909D4849680160B105CA0F69461F
:105C50000A710025264210D00095AA4949680160C2
:105C6000A848026896490B68981A9A4202D38B6931
:105C7000C018401C934B9842F5D3A34F3D60684633
:105C80000079002804D031000098FDF79BFB0090BC
:105C900000263868204003D16846FDF76AFF0600F9
:105CA000FDF7C0FF002844D09648407C002840D132
:105CB00096489449C96802690B689A4200D0012548
:105CC000934FBA1C9446934A137806225343624674
:105CD000D25A8C462B0018214B436146C9184A60A2
:105CE000009901918749C96801226A4018235A43E3
:105CF0008D1829680161A96801608748E968016019
:105D0000296901626869A149086001A8FDF731FFAE
:105D1000010006D1B91C7F4A127806235A43895ADA
:105D20006960310006000E43300602D175494C749B
:105D300001E0360602D10098FDF796FF9E48046008
:105D400002209E490860C820C004BD490860600464
:105D5000FDF774FDF7BDF8B5994C8025EF02FDF70E
:105D600061FF002808D097480078002804D1380047
:105D7000FDF764FD2560F1BD206CC00506D58020CF
:105D80000006206000BF00BF40082060FEF74CF80E
:105D9000FDF7BCFDFDF7B2F906008B48A949086084
:105DA000FFF718FF3800FDF749FD002E00D02560F1
:105DB0000120A5490870F1BDF8B5A44CA4480068BD
:105DC0002060FDF7A3FDFDF72BFD02257C48006C4C
:105DD000000405D4FDF73AFD9E490D60FDF73FFD37
:105DE000FDF727FD1020C0439B490860002674483A
:105DF000C6639A480660FDF74CFD070003D098483B
:105E00000068804700E066637820205C052101403F
:105E100002D0FDF70EFE01E0FDF718FEA06F054071
:105E200002D0012066490860FFF759FA002F02D01E
:105E30008C480068804780200003FDF7FFFCF1BD1F
:105E400080B5FDF763FD2E480068000303D4FDF71D
:105E500085FFFEF7B9FB80204003FDF7EFFC01BD95
:105E60005C1102A8440002A8B83F000038B5FDF755
:105E70004DFD534C2025FEF7EDFF002806D0606B4A
:105E8000000704D5FFF70EF8FEF738FC2560FDF794
:105E900065FFFEF799FB744800780C210140042946
:105EA00002D1FDF7C6FD01E0FDF7D0FD6804FDF766
:105EB000C5FC4020206031BD483C0000243E00006D
:105EC00020C001A801FF00001CB50520674908603B
:105ED000FDF71CFDFEF7E6FF654800680090684688
:105EE000FEF7CEFB0400FFF775FE002C02D10098F0
:105EF000FEF720FC80204004FDF7A0FC13BD00004D
:105F00000C0002A8C83E0000203E0000348001A81A
:105F10003C3E0000383E00001C4101A8F8B5FDF7EA
:105F2000F5FC544CA56A5020284002D0FDF781FDB5
:105F300001E0FDF78BFD224FFEF78CFF00281BD1FF
:105F4000B86B40071DD4786BE0214901014018D19E
:105F5000A80611D4FDF764FCA56A9F4E354207D010
:105F6000FF20C0432D18A562802000059B490860D2
:105F7000FDF75FFC2E4002D00120386001E00020D8
:105F8000206080208004FDF759FCF1BD284000A866
:105F900080B5FDF7BBFC92480068C00501D5FDF750
:105FA000DDFE0120FEF738FEFEF70EFB8020C00468
:105FB000FDF744FC01BD0000442002A8305201A8B6
:105FC000100002A8D93E00007001200010B526483C
:105FD0000468FDF79BFC8349096809032AD403215F
:105FE000C00601D5214001E0A0080140012902D1ED
:105FF000FDF71FFD0BE0200107D50E20FFF79EF8EF
:1060000079480421016008210160FDF71FFDFDF7BB
:1060100098FD764C2069B3490860FFF7DBFD2068E6
:10602000002807D04000122802D2FFF76BFA01E0E7
:10603000FEF7E1FF80208003FDF700FC10BD0000AB
:10604000106001A8B46000A84D3E0000743E00003E
:1060500008C000A8D4E40350482002A8283E00004D
:106060004C3C0000503C0000EC3E00005C1102A8DB
:10607000CC3F0000C43E0000F8B584B000249A492B
:106080000C740120694608700294FDF73FFC0390F0
:10609000544F3868000300D598E003209349086402
:1060A000934800681025FF26B6010F210F220240F9
:1060B000032A03D0000B014006293BD18D4800681C
:1060C00071680291396C890701D5B1680291FEF7B8
:1060D000F8FF0299401801D5019400E00190B86BD7
:1060E0000107C80F0321424A12680A40022A1BD145
:1060F000039A2A4018D07C4A526DD30512D5FE6B04
:106100009D4B1E409E4202D178490D640CE09205E1
:106110000AD43A6C2823134006D16B461C702F4AD0
:10612000116001E06A461470029068460678002EFD
:1061300012D11EE06C480078C0070AD56A48806812
:10614000FEF7BFFF7168401801D5019410E001907F
:106150000EE0306801900126FEF77CFE002808D092
:10616000FEF7A0FE0298002802D0FEF7C7FA00E072
:10617000002602205D490860002E10D01C480078DF
:106180000C210140042902D0F86B054002D0FDF734
:1061900050FC01E0FDF75AFC2020786016E05248E0
:1061A0000078C00705D575480068054001D1FDF7A6
:1061B00051FCFDF7D3FD01A8FEF762FA0400FFF7DA
:1061C00009FD002C02D10198FEF7B4FA80200004EA
:1061D000FDF734FB05B0F0BD00FFFF00481002A83A
:1061E000680102A80C0002A880E200E0AC3F0000B9
:1061F000EC3E0000FEB53C4C002525740095FDF7F3
:1062000085FBFFF7E7FC5E4EF06E5E4F0007000F68
:1062100007280BD17068002808D40020FEF7FCFC8A
:10622000386830490860FDF715FD55E001207168B8
:1062300049070CD454490968014008D00102626D35
:106240000A4209D0520502D43268114001D10090AF
:1062500002E010204D4908602078C00705D5474866
:106260000068C00601D5FDF7F5FB49480168032029
:10627000009A002A01D0890900E00909084001902C
:106280000020FEF7C9FC0198002805D17068C006FF
:1062900002D4FDF7DBFB01E0FDF7CBFB002000990A
:1062A000002903D13B480068FEF70BFF79694018CD
:1062B00001D5009500E000906846FDF75AFC0028E3
:1062C0000AD10098FDF7D0FC2078C00701D560689E
:1062D00000E0B8690349086080200005FDF7AEFAC8
:1062E000F7BD0000243E0000683E0000082002A820
:1062F000B00002A80CC101A8F8B5FDF707FB002407
:1063000000252548466B80277F05300606D53007D7
:1063100009D5FEF7C7FDFEF7F1F929E001251A4876
:106320000068284019D00020FEF776FC02200640C5
:1063300002D01A490C60C86119480468002D03D0C6
:106340002000FDF7D7F80400FEF7ACFD2000FEF7B3
:10635000F1F93800FDF772FAF1BD0D480078C0215F
:106360000140402902D1FDF764FB01E0FDF76EFB1F
:10637000202009490860ECE710000010B04301A894
:10638000440002A8BC3F0000B44000A8481002A886
:10639000EC3E00001CC101A8100002A8180000AAD1
:1063A000D83F0000FFF782F9024803494860FFF731
:1063B000A7F900BFF12600000000000080B5EFF350
:1063C00005800B2801D23A2100E029218C225200BD
:1063D0000020FFF79FFBFEE7515D0108015D01080A
:1063E0000D5D0108F95D0108BFB30308DBB80308C0
:1063F000DFB80308EBB80308E3B80308E7B80308FD
:106400000000000098010000A0140020FFFFFFFF23
:10641000FFFFFFFF000002010A000080D0550020AE
:10642000C9550020BE550020CC550020CE55002077
:10643000CD550020CB550020AF5500208F490020BE
:10644000B7550020B5550020BD550020C848002094
:10645000F6550020B4550020C5480020C248002051
:106460000B560020C8550020E6490020F3550020B7
:106470001102030607082B2C1910131C1D20222AB9
:106480002E33343537FF80556E737570706F7274AC
:10649000656420636F6D6D616E64204944202578CA
:1064A00000777600757600757500777500777562F0
:1064B00000757700757562007562757000000000E8
:1064C00001100000E620040802100000E420040887
:1064D00003020000E220040805100000D020040898
:1064E00007080000DA20040800020000E820040881
:1064F00004020000E0200408095C0000D620040823
:106500000A140000D22004080D020000D82004085C
:106510000C080000EA2004086C6F7765722D6D612D
:10652000632D7261696C2D3830322E31352E342E48
:1065300063006C69627261696C2E61000001030482
:10654000756E636C61696D6564006275666665721F
:106550002D6D616E6167656D656E742E63006C658F
:10656000676163792D7061636B65742D6275666612
:1065700065722E63006576656E742D71756575653F
:106580002E6300000700100008001A00060011002A
:1065900002001100040004000100040009000800CA
:1065A0000A000A000B00020000000000AF670408A8
:1065B0005567040800000000B0670408F1230408D0
:1065C00000000000E8220408EA220408000000009D
:1065D000EC2204082D670408C56704081A6804083B
:1065E000E922040800000000ED2204088664040883
:1065F000E7220408F9670408EB220408E6220408ED
:106600000203040508090A0B0001020304051D200A
:10661000870008000000AA00FFFFFFFFFFFFFFFF49
:10662000FFFF7A69676265652D737461636B2E6322
:1066300000000000A9F3020861040208553F0208A7
:106640007D2B0308614202086DD703086FD703084A
:1066500071D7030873D70308A9BC0208F99102088F
:10666000C5D9020885250308F12A02086BD703085B
:10667000B1960208D1120308D119020855B90108D0
:106680006D4A0308B12102084D860308000000008E
:106690007A69676265652D75707065722D6D6163CD
:1066A0002E63006E65696768626F722E63006173A6
:1066B000736F63696174696F6E2E6300003F1B9096
:1066C0001B194A93000013000000000000000000A6
:1066D0000000000001000000859A0208020000008E
:1066E000BDEB030803000000E1990208040000006C
:1066F00039EB030805000000819902080000000042
:10670000000000000023001B2200FF00000000002A
:106710000C090202000000001C1A0B0303FF06080C
:106720000402020204020A0B030302030480FF02B4
:1067300004FF010101010800000000000000003119
:1067400038323173005A6967426565416C6C696122
:106750006E6365303980313432323100313231008C
:106760003273003132323131320032383100383157
:106770003100313832313100313231313132313260
:10678000323231730031323131323231003232380B
:10679000000000183810300000000000008F8E8CC0
:1067A00080726F7574652D7461626C652E630081F3
:1067B000815A6967426565416C6C69616E636530D9
:1067C0003906080C10806D61632D6D756C74692D30
:1067D0006E6574776F726B2E6300313131313131F8
:1067E000006368696C642D68616E646C696E672D06
:1067F0007232322E6300000000806D61632D696E7D
:10680000666F2D656C656D656E742D706172736950
:106810006E672E63003834313200800000000000C3
:106820000000003231323231313134003131313215
:106830003438313132323131003831323231313164
:10684000003831470031323232323232323200389F
:106850003200383131320038313132320010270FF6
:1068600051421B390F390F1C06000A0026002A006E
:10687000008050684C6900000000434C534E0000FB
:046880000000000014
:086884005403FC7F0100000039
:0C688C009868040800500020720400000E
:106898006C5000200C50002088500020BC160020AE
:1068A800AC08040802000000556C0008BC16002063
:1068B800F2000000F56C0008C0EA2101C0EA2101DD
:1068C80000800000C0175302FFFFFFFF4050002068
:1068D800006017080080000094180020C80000001D
:1068E800FE0000000000000040090408A01000207D
:1068F800FFFFFFFFFFFFFFFFFFFFFFFF1C20002040
:10690800781004080400000045B200081C2000208C
:10691800020000006D7A0308342000208E1004085D
:106928000300000081B70008001B040833000000C2
:10693800C10601080F00000023080408FFB203087D
:10694800FBB20308FFFFFFFFFFFFFFFF17B30308BA
:1069580020C001B85BB60308FFFFFFFF51B703086B
:10696800FFFFFFFFFFFFFFFFFFFFFFFFFFFFFFFF2F
:106978009326000063B9030800640408FFFFFFFFC3
:10698800D437002015B7010800000000A31404083C
:1069980000000000000000000000000000000000EF
:1069A800D4370020F5B6010800000000A31404083D
:1069B80000000000000000000000000000000000CF
:1069C800D437002079CC010800000000A314040883
:1069D80000000000000000000000000000000000AF
:1069E800E05100200000000000000000C05100201D
:1069F8000000000000000000A0510020000000007E
:106A0800000000008051002000000000000000008D
:106A1800D4370020B9C8030800000000A3140408F4
:106A2800000000000000000000000000000000005E
:106A3800D4370020B3C8030800000000A3140408DA
:106A4800000000000000000000000000000000003E
:106A5800D4370020ADC8030800000000A3140408C0
:106A6800000000000000000000000000000000001E
:106A7800D4370020A7C8030800000000A3140408A6
:106A880000000000000000000000000000000000FE
:106A980030520020000000001052002000000000CA
:106AA800D437002035C9030800000000A3140408E7
:106AB80000000000000000000000000000000000CE
:106AC800D43700202FC9030800000000A3140408CD
:106AD80000000000000000000000000000000000AE
:106AE8006400000020A1070000000000A5F40108D0
:106AF80000000000CD49002000000000D43700202D
:106B080085F201087D170208A3140408000000009C
:106B1800000000000000000000000000D437002042
:106B28004D00020800000000A31404080000000043
:106B3800000000000000000000000000D437002022
:106B4800DD0B02087D170208A314040800000000EA
:106B5800000000000000000000000000406504087C
:106B6800D4370020111E020800000000A3140408F6
:106B7800000000000000000000000000000000000D
:106B8800D4370020ED37020800000000A3140408E1
:106B980000000000000000000000000000000000ED
:106BA800D4370020FD3D020800000000A3140408AB
:106BB80000000000000000000000000000000000CD
:106BC800D4370020C153020800000000A3140408B1
:106BD80000000000000000000000000000000000AD
:106BE800B80B0000D4370020AD590208000000009F
:106BF800A3140408000000000000000000000000CA
:106C080000000000D43700200565020800000000DD
:106C1800A3140408000000000000000000000000A9
:106C280000000000D4370020CD66020800000000F4
:106C3800A314040800000000000000000000000089
:106C480000000000D43700208D6802080000000012
:106C5800A314040800000000000000000000000069
:106C680000000000D4370020856D020800000000F5
:106C7800A314040800000000000000000000000049
:106C880000000000D4370020E17302080000000073
:106C9800A314040800000000000000000000000029
:106CA80000000000D4370020ABEF0308000000000C
:106CB800A314040800000000000000000000000009
:106CC80000000000D437002075D902080000000039
:106CD800A3140408000000000000000000000000E9
:106CE80000000000D4370020CDF2020800000000A8
:106CF800A3140408000000000000000000000000C9
:106D08000000000077FC0308D4370020ED250308B5
:106D18007D170208A314040800000000000000000A
:106D28000000000000000000D43700204D2C0308AC
:106D380000000000A3140408000000000000000088
:106D48000000000000000000D43700206132030872
:106D580000000000A3140408000000000000000068
:106D68000000000000000000D43700202540030880
:106D780000000000A3140408000000000000000048
:106D88000000000000000000D4370020C5430308BD
:106D980000000000A3140408000000000000000028
:106DA80000000000000000001C550020000000004A
:106DB800C43800202C39002094390020000000003D
:106DC80000000000000000000000000000000000BB
:106DD80000000000000000000000000000000000AB
:106DE800000000000000000000000000000000009B
:106DF8000000000000000000FFFFFFFF0200CEFAC5
:106E0800EFBE2C01B80B2C0140061027FFFF04F839
:106E1800FFFF0C0000000000010000004000FDFF23
:106E28002C019C000000FFFFFDFFFFFFFFFF60EA51
:106E38008000800010C1CDABFFFF28010101010FC8
:106E480001D80F010208031E200516010C01320C9F
:106E5800080520FA07050705101A01DC08081001C3
:106E6800200101010301FF0C01FF0F103020407FBA
:106E78000150403000FFFFFF0B03FF64FF01FF05D7
:106E88000B0101FF03010305020201FFFFFFFFFFE2
:106E9800FFFFFF010102FFFFFF40FF01018001FF2B
:106EA80001FF0000B56B00088D6B000800000000B2
:106EB80000000000000000000000000000000000CA
:106EC80000000000000000000000000000000000BA
:106ED80000000000000000000000000000000000AA
:106EE800000000000000000000000000000000009A
:106EF800000000000000000000000000000000008A
:106F08000000000000000000000000000000000079
:106F18000000000000000000000000000000000069
:106F28000000000000000000000000000000000059
:106F38000000000000000000000000000000000049
:106F48000000000000000000000000000000000039
:106F58000000000000000000000000000000000029
:106F68000000000000000000000000000000000019
:106F78000000000000000000000000000000000009
:106F880000000000000000000000000000000000F9
:106F980000000000000000000000000000000000E9
:106FA80000000000000000000000000000000000D9
:106FB80000000000000000000000000000000000C9
:106FC80000000000000000000000000000000000B9
:106FD80000000000000000000000000000000000A9
:106FE8000000000000000000000000000000000099
:106FF8000000000000000000000000000000000089
:107008000000000000000000000000000000000078
:107018000000000000000000000000000000000068
:107028000000000000000000000000000000000058
:107038000000000000000000000000000000000048
:107048000000000000000000000000000000000038
:107058000000000000000000000000000000000028
:107068000000000000000000000000000000000018
:107078000000000000000000000000000000000008
:1070880000000000000000000000000000000000F8
:1070980000000000000000000000000000000000E8
:1070A80000000000000000000000000000000000D8
:1070B80000000000000000000000000000000000C8
:1070C80000000000000000000000000000000000B8
:1070D80000000000000000000000000000000000A8
:1070E8000000000000000000000000000000000098
:1070F8000000000000000000000000000000000088
:107108000000000000000000000000000000000077
:107118000000000000000000000000000000000067
:107128000000000000000000000000000000000057
:107138000000000000000000000000000000000047
:107148000000000000000000000000000000000037
:107158000000000000000000000000000000000027
:107168000000000000000000000000000000000017
:107178000000000000000000000000000000000007
:1071880000000000000000000000000000000000F7
:1071980000000000000000000000000000000000E7
:1071A80000000000000000000000000000000000D7
:1071B80000000000000000000000000000000000C7
:1071C80000000000000000000000000000000000B7
:1071D80000000000000000000000000000000000A7
:1071E8000000000000000000000000000000000097
:1071F8000000000000000000000000000000000087
:107208000000000000000000000000000000000076
:107218000000000000000000000000000000000066
:107228000000000000000000000000000000000056
:107238000000000000000000000000000000000046
:107248000000000000000000000000000000000036
:107258000000000000000000000000000000000026
:107268000000000000000000000000000000000016
:107278000000000000000000000000000000000006
:1072880000000000000000000000000000000000F6
:1072980000000000000000000000000000000000E6
:1072A80000000000000000000000000000000000D6
:1072B80000000000000000000000000000000000C6
:1072C80000000000000000000000000000000000B6
:1072D80000000000000000000000000000000000A6
:1072E8000000000000000000000000000000000096
:1072F8000000000000000000000000000000000086
:107308000000000000000000000000000000000075
:107318000000000000000000000000000000000065
:107328000000000000000000000000000000000055
:107338000000000000000000000000000000000045
:107348000000000000000000000000000000000035
:107358000000000000000000000000000000000025
:107368000000000000000000000000000000000015
:107378000000000000000000000000000000000005
:1073880000000000000000000000000000000000F5
:1073980000000000000000000000000000000000E5
:1073A80000000000000000000000000000000000D5
:1073B80000000000000000000000000000000000C5
:1073C80000000000000000000000000000000000B5
:1073D80000000000000000000000000000000000A5
:1073E8000000000000000000000000000000000095
:1073F8000000000000000000000000000000000085
:107408000000000000000000000000000000000074
:107418000000000000000000000000000000000064
:107428000000000000000000000000000000000054
:107438000000000000000000000000000000000044
:107448000000000000000000000000000000000034
:107458000000000000000000000000000000000024
:107468000000000000000000000000000000000014
:107478000000000000000000000000000000000004
:1074880000000000000000000000000000000000F4
:1074980000000000000000000000000000000000E4
:1074A80000000000000000000000000000000000D4
:1074B80000000000000000000000000000000000C4
:1074C80000000000000000000000000000000000B4
:1074D80000000000000000000000000000000000A4
:1074E8000000000000000000000000000000000094
:1074F8000000000000000000000000000000000084
:107508000000000000000000000000000000000073
:107518000000000000000000000000000000000063
:107528000000000000000000000000000000000053
:107538000000000000000000000000000000000043
:107548000000000000000000000000000000000033
:107558000000000000000000000000000000000023
:107568000000000000000000000000000000000013
:107578000000000000000000000000000000000003
:1075880000000000000000000000000000000000F3
:1075980000000000000000000000000000000000E3
:1075A80000000000000000000000000000000000D3
:1075B80000000000000000000000000000000000C3
:1075C80000000000000000000000000000000000B3
:1075D80000000000000000000000000000000000A3
:1075E8000000000000000000000000000000000093
:1075F8000000000000000000000000000000000083
:107608000000000000000000000000000000000072
:107618000000000000000000000000000000000062
:107628000000000000000000000000000000000052
:107638000000000000000000000000000000000042
:107648000000000000000000000000000000000032
:107658000000000000000000000000000000000022
:107668000000000000000000000000000000000012
:107678000000000000000000000000000000000002
:1076880000000000000000000000000000000000F2
:1076980000000000000000000000000000000000E2
:1076A80000000000000000000000000000000000D2
:1076B80000000000000000000000000000000000C2
:1076C80000000000000000000000000000000000B2
:1076D80000000000000000000000000000000000A2
:1076E8000000000000000000000000000000000092
:1076F8000000000000000000000000000000000082
:107708000000000000000000000000000000000071
:107718000000000000000000000000000000000061
:107728000000000000000000000000000000000051
:107738000000000000000000000000000000000041
:107748000000000000000000000000000000000031
:107758000000000000000000000000000000000021
:107768000000000000000000000000000000000011
:107778000000000000000000000000000000000001
:1077880000000000000000000000000000000000F1
:1077980000000000000000000000000000000000E1
:1077A80000000000000000000000000000000000D1
:1077B80000000000000000000000000000000000C1
:1077C80000000000000000000000000000000000B1
:1077D80000000000000000000000000000000000A1
:1077E8000000000000000000000000000000000091
:1077F8000000000000000000000000000000000081
:107808000000000000000000000000000000000070
:107818000000000000000000000000000000000060
:107828000000000000000000000000000000000050
:107838000000000000000000000000000000000040
:107848000000000000000000000000000000000030
:107858000000000000000000000000000000000020
:107868000000000000000000000000000000000010
:107878000000000000000000000000000000000000
:1078880000000000000000000000000000000000F0
:1078980000000000000000000000000000000000E0
:1078A80000000000000000000000000000000000D0
:1078B80000000000000000000000000000000000C0
:1078C80000000000000000000000000000000000B0
:1078D80000000000000000000000000000000000A0
:1078E8000000000000000000000000000000000090
:1078F8000000000000000000000000000000000080
:10790800000000000000000000000000000000006F
:10791800000000000000000000000000000000005F
:10792800000000000000000000000000000000004F
:10793800000000000000000000000000000000003F
:10794800000000000000000000000000000000002F
:10795800000000000000000000000000000000001F
:10796800000000000000000000000000000000000F
:1079780000000000000000000000000000000000FF
:1079880000000000000000000000000000000000EF
:1079980000000000000000000000000000000000DF
:1079A80000000000000000000000000000000000CF
:1079B80000000000000000000000000000000000BF
:1079C80000000000000000000000000000000000AF
:1079D800000000000000000000000000000000009F
:1079E800000000000000000000000000000000008F
:1079F800000000000000000000000000000000007F
:107A0800000000000000000000000000000000006E
:107A1800000000000000000000000000000000005E
:107A2800000000000000000000000000000000004E
:107A3800000000000000000000000000000000003E
:107A4800000000000000000000000000000000002E
:087A5800000000000000000026
:0400000508006F3947
:00000001FF
