:1040000000100020014E0000858C0000898C00000B
:104010009F1003008D8C0000958C00009F10030002
:104020009F1003009F1003009F1003009F100300C8
:10403000998C0000709B03009F1003009F100300E9
:104040009F1003009F1003009F100300B552000053
:104050009F1003009F1003009F1003009F10030098
:104060009F1003009F100300A9AF0000AD4D00009A
:10407000730E03009F1003009F1003009F100300A6
:104080009F1003009F1003009F1003009F10030068
:104090009F100300A15800009F1003009F10030011
:1040A0009F1003009F1003009F1003009F10030048
:1040B0009F1003009F1003009F1003008D5C010000
:1040C000414C03003D4C0300215401004D4C0300C2
:1040D000454C0300515C0100494C03004D41010077
:1040E000CD5C01009F1003009F100300A58D000010
:1040F0009F1003009F1003009F1003009F100300F8
:104100009F1003009F1003009F1003009F100300E7
:104110009F1003009F1003009F1003009F100300D7
:104120009F1003009F1003009F1003009F100300C7
:044130009F100300D9
:10413400F0B5114A114C124E00F00105E3695F0716
:1041440013D40DB9334213D103EA00078F4207D1C8
:104154000B4A1A40002A0CBF00206FF00100F0BD8A
:10416400013AEBD16FF00200F9E74FF0FF30F6E7C8
:104174006FF00100F3E700BF809698000000035041
:10418400020001000B4B70B5D96911F480310DD1D7
:1041940001244FF48072084E084DF46020462C64CC
:1041A4001A61FFF7C5FF3464EC6070BD6FF0010065
:1041B400FBE700BF00000350001003500020035031
:1041C40038B541F6713301220C4C0021E569E363F3
:1041D4000B4B05F48035DA600223606121202361F2
:1041E400FFF7A6FF10B92120FFF7A2FF0122054B1C
:1041F400DA600DB10023E36338BD00BF0000035053
:10420400001003500020035070B5134C6061E36943
:104214005B071ED40E4656F8043B8D18A361AE42CC
:104224000BD10423002121202361FFF781FF58B91A
:10423400BDE870402120FFF77BBF08210846FFF747
:1042440077FF10B10423236170BD56F8043BA361CA
:10425400E5E74FF0FF30F7E7000003502DE9F8439E
:10426400154641F67132164B8946DF69DA6301223D
:10427400064603F58053DFF8508007F48037DA6090
:1042840055B9284601220F4BDA601FB10022A3F56D
:104294000053DA63BDE8F88306F5005404EA080421
:1042A400A41BAC4228BF2C46494622463046FFF7A1
:1042B400ABFF0028E6D12644A1442D1BE0E700BF54
:0C42C400000003500020035000E0FFFF4A
:1042D0002DE9F04F93B0CDE90A32DDE91C530E937E
:1042E00053EC102BCDE90801104619468DED060B55
:1042F0001E9E2CF035FB80B1DDE906014FF0FF3248
:10430000C54B2CF055FB40B9DDE906014FF0FF32FB
:104310006FF480132CF02EFB70B1DDE908019DEDE8
:10432000060B0E9B1E96CDE91C53DDE90A3213B035
:10433000BDE8F04F00F088B90022DDE90601002356
:104340002CF018FB002800F03381DDE906A303F10F
:10435000004BCBF30A5016F48063A0F2FF3008BF85
:1043600006250F932CF02AF89BA3D3E900232CF009
:104370008FF89BA3D3E900232BF0D4FECBF31304D7
:10438000894644F07F5180460022A44B504641F4B8
:1043900040112BF0C5FE94A3D3E900232CF078F84C
:1043A00002460B46404649462BF0BCFE2CF00AFB69
:1043B00004462CF003F88EA3D3E9002380468946F7
:1043C0002CF066F80022964B2BF0ACFE2CF0FAFA9B
:1043D00089A3D3E900230746494640462CF058F804
:1043E0008046384689462BF0E9FF85A3D3E90023B0
:1043F0002CF04EF802460B46404649462BF090FE04
:1044000002460B46CDE90C232CF042F8DDE90C23E3
:1044100080468946104619462BF084FE0022CDE9DD
:104420001001804B404649462CF05CF900227E4B3F
:104430002BF078FE02460B46404649462CF052F9D6
:1044400000227A4B2BF06EFE02460B464046494650
:104450002CF048F9DDE90C238046894600204FF016
:1044600080412BF05DFE02460B46404649462BF04C
:1044700059FE02460B46DDE910012CF033F907F234
:10448000FF3700226A4B2BF04DFE00223B052BF03C
:10449000FFFF52465B46804689462CF089FA002889
:1044A00040F08980CDE90C8904F16303C72B34BF48
:1044B0000427052731051BD553A3D3E90023504614
:1044C00059462CF06BFA00287FD051A3D3E9002382
:1044D000504659462CF04EFA002876D00027A542C7
:1044E000C6BF2C1B04F1FF3500253C4646F4806610
:1044F0000E9B9F422CBF4FF00008A3EB070816F05D
:10450000020903D0002F18BF4FF000083CB1DDE9CD
:104510000C23504659462CF0E5F882468B46DDE9DF
:104520000601002200232CF025FA10B10BF1004304
:104530009B46DDE9080126F40063CDE90183DDE94E
:104540000A324BEC10AB009500F07EF802465FB3E8
:10455000DDE9091316F0200F00F10105089E0CBFDC
:1045600065204520B047DDE90801052300220593B9
:104570000A23002CCDE9023207F1FF374FEAD4734A
:10458000B8BF64422A46019304970A9B00942FF017
:1045900060F90246B9F1000F06D00B9BC41A0B9BC1
:1045A0001A190E9BA34245D8104613B0BDE8F08FF0
:1045B000DDE906ABCDE60022404649461A4B2CF019
:1045C00091F8013CCDE90C016EE7002D90D00F9BD6
:1045D000002B8DD0013D8BE7FB799F501344D33FD7
:1045E000B3C8608B288AC63F61436F63A787D23FF9
:1045F00071A379094F930A401655B5BBB16B0240C0
:10460000EF39FAFE422EE63F2D431CEBE2361A3F0D
:104610000000000080842E41FFFFEF7F0000F83F84
:104620000000E03F00002C40000024400000184043
:104630000000F03F2020DDE90913089DA847013460
:10464000ADE700BF000000002DE9F04F5BEC10ABC0
:1046500097B0CDE90501DDE92057CDE907235046A4
:1046600052465B465946229E2CF07AF970B90323D4
:10467000CDE902760193B04B0093DDE90501DDE958
:1046800007232FF006F817B0BDE8F08F4FF0FF3288
:104690006FF48013504659462CF06CF928B104236E
:1046A000CDE902760193A54BE6E74FF0FF32504685
:1046B0005946A34B2CF07CF968B1A24A06F00403DA
:1046C000002B08BF0322A04B1CBF13460422CDE9D8
:1046D00002760192D0E7504693A3D3E900235946CE
:1046E0002CF066F938B992A3D3E900235046594615
:1046F0002CF040F968B1DDE90723DDE905014BEC59
:1047000010ABCDE92176209517B0BDE8F04FFFF74B
:10471000DFBD00220023504659462CF02BF900281B
:1047200000F09A805B465246002000212BF0F8FCF6
:10473000012382468B46099316F4806400F08E8034
:10474000092D40F28E80002430210EABA5F1090224
:104750000134202C03F8011BA5EB040901D094427D
:10476000F6D1594650462CF02DF9784B054603EB0F
:10477000C90393ED007B8DED0A7B2BF01FFE0246F3
:104780000B46504659462BF0CBFCDDE90A232BF0B3
:104790007FFE02460B46CDE90C232CF03BF9804608
:1047A0002BF0FCFD02460B46DDE90C012BF0B8FCBA
:1047B00002460B46CDE90C230022654B2CF0F8F89D
:1047C000002851D008F1010840462BF0E7FD0246D1
:1047D0000B46DDE90A012CF0D7F810B14FF00008C4
:1047E0000135B9F1000F50D128462BF0E7FD024604
:1047F0000B46504659462BF093FC0022544B804602
:1048000089462CF0B7F830B1002240464946504B5B
:104810002CF0CEF810B1E80700D501350A210EAB17
:104820001A19202C0AD095FBF1F001FB10553035F8
:1048300002F8015B013405460028F2D106F00302BC
:10484000012A57D1002F55D0099A12B916F00C0F32
:1048500000D0013F302245E009906DE74FF0060996
:104860007FE7A94600247CE70022DDE90C01384BF4
:104870002CF080F80028B4D1B8F1000F02D018F065
:10488000010FAED008F10108ABE70A210EAB2344BB
:10489000202C0ED0B8FBF1F001FB1082B8F1090F0B
:1048A00002F1300209F1FF3904F1010403F8012B90
:1048B00011D83021A1440EAA202CAFD0A14504F17B
:1048C00001030AD11C4609F158030DEB03092E23FD
:1048D00009F8203CA2E78046DAE7A1541C46EBE742
:1048E0001A550134A74205D9202CF9D1CDE9027619
:1048F0000194C1E6202CF9D0099A3AB12D2104F196
:1049000058026A4402F8201C0134EFE7710704D50D
:1049100004F158022B216A44F4E73207E6D504F18A
:10492000580220216A44EDE70000000065CDCD412A
:104930000000000065CDCDC19BAF03009FAF030019
:10494000FFFFEF7F92AF030097AF0300A8AF030014
:104950000000E03F0000000070B58EB02C22002166
:1049600003A835F0B0F864234FF002320893CDE984
:1049700005230B2301218DF83430534B8DF8101093
:104980001B88D80700F19880084614F059FF0A22C6
:104990004E4B4F491A704FF428734E48ADF8123001
:1049A00011F00AFA4C4C206020B94FF416714B48B4
:1049B00004F064F8052120682FF0D6FC20B14FF4F4
:1049C0001A71464804F05AF8206800F001FA444B86
:1049D000206819682FF04EFD0C2515F04FFE684336
:1049E000099015F04BFE68430DEB05010790206818
:1049F0000BF05CFC20B140F27D21384804F03EF819
:104A0000256818F0F1F90022014628462FF0BCFD78
:104A100020B140F27F21314804F030F840F20353D6
:104A2000304D314E2B80052396F90000AB707F2866
:104A300001D115F069F83378EB7015F01FFE00EB2B
:104A400080008000A88015F019FE0023C0004FF000
:104A5000FF31E880AB604FF0FF3019A3D3E90023AA
:104A600015F0B0F82149206830F097F9206802A9C4
:104A70002FF069FD20B14FF42E71184803F0FEFFAE
:104A8000042220680DEB02012FF0E2FC042804D080
:104A900040F2BB21114803F0F1FF01A901202EF0E3
:104AA000D8FD04F033F9012016F090F82CF086FCC4
:104AB00016F0C4F814F048FF0EB070BDAFF30080DC
:104AC0000A0020FF42030000C23B0020C93E002034
:104AD000699801004C460020242F002054D3030085
:104AE00090440020182F0020CE490020159A010084
:104AF0000348044B834202D0034B03B1184770476D
:104B0000C8550020C855002000000000064B07498A
:104B1000C91A891048BF0131491003D0044B0BB1A9
:104B200001481847704700BFC8550020C8550020ED
:104B30000000000010B5064C237843B9FFF7D8FFFA
:104B4000044B13B10448AFF300800123237010BD60
:104B5000423C002000000000C0D6030008B5054B11
:104B60001BB105490548AFF30080BDE80840FFF7D9
:104B7000CDBF00BF0000000038160020C0D60300E3
:104B8000A3F5803A704700BF174B002B08BF134BAB
:104B90009D46FFF7F5FF00218B460F461348144A48
:104BA000121A34F090FF0E4B002B00D098470D4B9B
:104BB000002B00D098470020002104000D000D4874
:104BC000002802D00C48AFF300802CF0EDF8200054
:104BD00029002CF010F92CF0CDF800BF00000800DF
:104BE00000000000000000000010002098100020CD
:104BF000543F0020000000000000000007B501A89D
:104C000001F0F8FD9DF80530012B27D1214A936D65
:104C1000DB0313D4536B23F4FF0323F4FE4343F469
:104C2000BC1343F4A0635363136B23F4704343F446
:104C300040431363136B43F4E06313639DF8043044
:104C400063B94FF000531B68134B1B68134B1B6871
:104C5000134B1B68134B1B68134B1B68134AD2F88A
:104C6000803043F00303C2F8803002F001FF2CF0E3
:104C70006CFE2CF01BFE2EF0A7FE04F077FF00F078
:104C8000DFFA03F0EBFB00F045FE03B05DF804EB48
:104C900005F082BA00C000500040002000800020D3
:104CA00000C00020000001200040012000800050D2
:104CB00030B5194D95B00DAC0FCD0FC495E8070078
:104CC00084E807000021154B154A0DF12600CDE9B7
:104CD00003230E22CDE9051134F0F5FE4FF48021B7
:104CE000104B0DAACDE907130B238DF824300C23AC
:104CF0008DF825300C4B07A90A9320230B93012331
:104D00008DF831308DF83230084B0948009303ABF1
:104D100003F014F915B030BD549B030021010101CB
:104D20000080055024800550433C00205016002090
:104D3000A0160020831E012B10B512D8012922D8FD
:104D40000121114B04221B6C0846C3F3400301F000
:104D5000C7FB0E4B1B681868A8B1BDE81040436A3A
:104D600018478B1E012B0CD801280CD8BDE8104029
:104D70000121054B00221B6C0846C3F3400301F0E0
:104D8000AFBB0129E5D910BD00C003501C44002071
:104D900008B50449044805F0B5FABDE80840FFF736
:104DA00087BF00BF20440020C416002001482CF01B
:104DB000C5BF00BFA0160020014B1A6A1868104733
:104DC000A0160020014B1878704700BF633C0020FC
:104DD00008B50BF099FA0022014B1A7008BD00BF0C
:104DE000633C00200348044A0449121A92102CF034
:104DF00057B900BF34410000D0420000543F0020AA
:104E000008B500F02FF8FFF7EDFF124B12498B4267
:104E100012D30020114B12498B4218D3FFF7B4FE76
:104E2000186850F82240586840F8224001329868CB
:104E30008242F5D30C33EAE70022F8E71C6844F815
:104E4000220001325C68A242F8D30833E4E7002272
:104E5000F8E700BFC8D60300D4D60300D4D60300B9
:104E6000D4D60300124B134A70B59A60D3F8882049
:104E7000114D42F47002C3F888206FF0010205F56D
:104E80000054226641F2FF7262660222C3F8D0200B
:104E9000BFF34F8FBFF36F8F4FF44036032002F004
:104EA00037FE0320E66002F025FE2E6170BD00BFD4
:104EB00000ED00E00040000000800044014B186855
:104EC000704700BF2C440020014B1860704700BFA2
:104ED0002C440020084B1B6F03F00703022B04D067
:104EE000032B05D0012B05D0FEE7044B1868704753
:104EF000034BFBE703487047008000502C44002020
:104F000034440020002D310108B5FFF7E3FF054BC5
:104F10001B6FC3F301330133B0FBF3F0024B186096
:104F200008BD00BF008000502844002000487047A2
:104F300000B4C404014B1868704700BF344400201B
:104F4000054B1860054B1B6F03F00703032B01D1C2
:104F5000FFF7DABF704700BF3444002000800050E4
:104F600000487047002D3101174B9868C0F304408A
:104F70000C280AD8DFE800F00B0909090909072104
:104F800019091B1D1F0011487047002070479B68BE
:104F900003F04073B3F1807F11D0B3F1007F10D0E4
:104FA0000B4A002B08BF104670470A4870470A4852
:104FB00070470A4870470A4870470A4870470A48CD
:104FC00070470A48704700BF0040015A405DC60064
:104FD00000093D00C0EA210180BA8C010048E801C7
:104FE000005A62020024F40080841E0040420F0038
:104FF000014B1868704700BF3044002000239B6AB3
:10500000B3F5804F03D21968064A914203D00023BA
:10501000037083607047012202709A689B69426046
:10502000F7E700BF07B0CD5E73B5494B04461A7869
:105030001AB102221A7002B070BDCDE90022002818
:10504000F9D001261E702CF097F8424D424B1860A3
:105050000DF092FF2B785BB900F05CFC40B93F4843
:1050600008233F4A3F4900680AF088FB00B92E70C8
:105070003D4B5A68E2603D4A9A601A6E22605A6E51
:105080006260D3F87021A2601B6E5C0440D5384A80
:10509000D368D807FCD4374B1A68531C3DD04FF463
:1050A00080139340344A13660423334C23664FF431
:1050B000806323662CF02CF801300ED02CF028F8F9
:1050C00040F20113984208D04FF4804323664FF416
:1050D000004323661023C4F870311023264C4FF090
:1050E000804223664FF400536846236601A9226676
:1050F00063662BF0F5FF009B2366019B63662B78AC
:10510000002B98D0164B1A6822665B68636692E79C
:105110001A4AD368D907FCD4BDE7194B1B78002B7A
:10512000C2D1184B5A68144B12B94FF480121A6648
:10513000154A526812B94FF400121A66134B5B6895
:10514000002BB1D14FF480020B4B1A66ACE700BFC5
:10515000653C0020663C0020DC1600205C440020FA
:10516000E0160020007108000080004455CEAC001D
:105170000000044038440020009000440000045027
:10518000643C00200080055000C00550000006501F
:1051900038B5224D04462B78012B02D001232B7009
:1051A00038BD0028FCD02BF0B3FF013009D02BF024
:1051B000AFFF40F20113984203D0194AD368DB07CE
:1051C000FCD42268174B1A6662685A66A268C3F854
:1051D0007021E268D40744BF00229A60124B1A681B
:1051E000013213D1114A127882B911494968C807AE
:1051F00048BF1A600F4A5268D10744BF01221A60A3
:105200000D4A5268D20744BF02221A600DF0BCFE5C
:105210000A4B18682BF0B6FF0023C0E7653C00205E
:10522000000004400080004438440020643C00201A
:105230000080055000C0055000000650DC1600201C
:1052400000239B6A70B5B3F5804F26D21A68144BC1
:105250009A4222D1134D2B7813F0FD0402D0002482
:10526000204670BD4FF480360F48FFF7DDFE032067
:1052700002F04EFC0D4B0320DE6002F03BFC0C4BB9
:105280001E61A36ADB69984704460748FFF780FF61
:10529000002CE5D101232B70E1E74FF48174DFE7A7
:1052A00007B0CD5E643C0020CC16002000A0004476
:1052B0000090004413B5214B1B7803B9FEE700238F
:1052C0001F4CCDE900336A4608231E4920680AF0C6
:1052D00055FA00BB1C4AD2F84031D2F840211F2BAE
:1052E0004FF0010312D9203A9340019A1A430192D8
:1052F00008236A46134920680AF0F6F94FF0005374
:10530000124A1A6002F0D2FB02B010BD9340009A1C
:105310001A430092ECE70E4B9842EFD10A4AD2F8BA
:105320004031D2F840211F2B4FF0010385BF203AB6
:1053300093409340019398BF0093D9E7653C0020C8
:105340005C44002000710800008000440B020FF054
:105350000BE000F0034B5868C0F30800003818BF9A
:105360000120704700ED00E013B5002429480194A6
:105370002CF0A3FA012304220321204601F0B0F807
:1053800020462BF093FF0122234B0520C3F8442431
:1053900001A92CF08DFA002839D1204BD3F8F02048
:1053A00042F00102C3F8F020D3F8FC2042F08072F2
:1053B000C3F8FC201A4AA3F55D431A60019B194A01
:1053C00003F5D52303F2FC43B3FBF2F3164A013B8A
:1053D00013610223C2F8F0304FF48073C2F8043333
:1053E0004FF06043114AC3F8B02F114AC3F8802E22
:1053F000D3F8002E42F48072C3F8002EFF2283F807
:105400002020D3F8002E22F48072C3F8002E02B0C0
:1054100010BD00BF109D030000D0035000ED00E060
:10542000FF030040F8590D00000004E055CEACC564
:10543000090001004FF06043D3F8802E30B5D20749
:1054400015D501240B4D8440D5F8FC2042F0807224
:10545000C5F8FC20D3F8002E2243C3F8002E53F8E1
:105460002020002AF0D003F82010002030BD1120A9
:10547000FCE700BF00ED00E02DE9F04F9A46564BE7
:1054800085B01B7806460F461546DDF83C909DF822
:1054900044B0DDF85080002B00F09780072A00F21E
:1054A00096800E9B002B00F09280B9F1000F00F067
:1054B0008E80129BB3F5006F00F38980012803D121
:1054C000109B002B00F08380444B03EB05131B7BE8
:1054D000002B7ED0424C10220021684634F0F3FAB3
:1054E00004EB45141022A7BB3946204634F0EBFAF2
:1054F00043F210036380BBF1000F03D1E37843F064
:105500000303E370364A0E9B02EB451CCCE9019382
:10551000129B6901581E9DF84C30C0F30A0003F03D
:1055200003039B0643EA001E53582E48012E00EA4F
:1055300003004EEA0003CDF800A0535017D0B8F195
:10554000000F2ED19CF8023068F304138CF802305F
:1055500027E00021204634F0B6FA4FF4447363800C
:10556000BBF1000FCED1E37843F03003C9E713233A
:105570000CF1100ECCF80C309CE80F008EE80F00F8
:105580006FF00301DCF81C20109B61F39F02012FD8
:10559000CCF81C20CCF8143003D1CCF81890CCF8FF
:1055A000043000270D4A290102EB051342F801805F
:1055B000159A28465A60694622469F605E7301F03C
:1055C00013F8384605B0BDE8F08F0748FAE70748FA
:1055D000F8E70748F6E700BF673C0020E81700201F
:1055E000E81600200F80FFF3028000F0018000F039
:1055F000078000F038B5124B05461B78DBB1E0B1EF
:105600002BF0BAFD0F4A00231146147B54B92B60CE
:1056100001251A0101EB03131D738C502BF0B2FD11
:10562000204638BD0133082B02F11002EDD12BF0DA
:10563000A9FD0548F5E70548F3E70548F1E700BF90
:10564000673C0020E8170020048000F0028000F092
:10565000018000F038B52BF08FFD002305460B4A82
:10566000147B6CB90133082B02F11002F8D100F061
:1056700077FF074B28461C702BF084FD204603E083
:1056800028462BF07FFD034838BD00BFE8170020F7
:10569000673C0020058000F00D4B10B51B780446D8
:1056A00093B1072812D82BF067FD0A4B03EB0413C4
:1056B0001A7B2AB100241C732BF064FD204610BD18
:1056C0002BF060FD0448FAE70448F8E70448F6E7E1
:1056D000673C0020E8170020068000F0028000F000
:1056E000018000F0154B13B51868002301908DF868
:1056F00004302BF041FD124B1C7824B12BF042FDFD
:10570000104802B010BD01221A702BF03BFD0E4B69
:1057100001A81C731C7783F82C4083F83C4083F865
:105720004C4083F85C4083F86C4083F87C4008234D
:105730008DF8073000F030FF2046E2E7C09B030001
:10574000673C0020038000F0E81700200A4A08B5F3
:1057500012785AB107280BD8084A02EB00131B7BBA
:1057600043B1002100F00AFF002008BD0448FCE717
:105770000448FAE70448F8E7673C0020E8170020EF
:10578000028000F0018000F0078000F00A4A08B5AE
:1057900012785AB107280BD8084A02EB00131B7B7A
:1057A00043B1012100F0EAFE002008BD0448FCE7F7
:1057B0000448FAE70448F8E7673C0020E8170020AF
:1057C000028000F0018000F0078000F00A4A08B56E
:1057D000127852B107280AD8084A02EB00131B7B43
:1057E0003BB100F04DFF002008BD0548FCE705482F
:1057F000FAE70548F8E700BF673C0020E8170020FB
:10580000028000F0018000F0078000F00D4B1B7853
:1058100093B1072812D889B10B4B03EB00131B7B04
:1058200073B10A4B1A6D01238340134214BF012345
:10583000002300200B7070470548704705487047EB
:1058400005487047673C0020E8170020000004501E
:10585000028000F0018000F0078000F00B4A10B5D4
:1058600012780C4662B107280CD859B1084A02EBED
:1058700000131B7B43B100F015FF2070002010BD0A
:105880000448FCE70448FAE70448F8E7673C0020CE
:10589000E8170020028000F0018000F0078000F08F
:1058A000184B2DE9F0411F6D5B6D1F4000D5FEE7E1
:1058B00001260025144CDFF85880374218D02368A1
:1058C000C8F85060A3B1A168284601316268A160A0
:1058D0009847637B012B0BD150B90C4B03EB45135D
:1058E0001A7B60F341021A731A7F60F341021A7740
:1058F0000135082D4FEA460604F11004DDD1BDE85C
:10590000F08100BF00000450E8170020E8160020D6
:1059100000200450024B1968024B186809F00ABEB7
:105920003C4400205C44002070B5940022460546AB
:105930000E4634F001F9431C0AD058B922463146CC
:10594000284634F096F80028034808BF002070BDB0
:105950000248FCE70248FAE710E000F021E000F01E
:1059600024E000F010B5044634F0EAF8431C10D0EF
:1059700088B900F04DFF234620F0030020449842F0
:1059800001D1002010BD53F8042B0132F7D0034899
:10599000F8E70348F6E70348F4E700BF0EE000F03D
:1059A00021E000F024E000F008B52BF0DAFB014B19
:1059B000186008BD581F0020014B18682BF0D5BB9C
:1059C000581F002041F67133124A30B5D469124D88
:1059D000D3639368A84204F4803423F4401306D8B8
:1059E00093600E4AD2F8183223F002030AE043F41F
:1059F000801393600A4B9842F3D9084AD2F81832C0
:105A000043F00203C2F8183214B10022014BDA63EA
:105A100030BD00BF00000350005A620200C00750B2
:105A200080F0FA022E4B98424AD022D82D4B984251
:105A300040D014D82C4B984239D00AD82B4B9842DE
:105A400032D02B4B98422FD02A4B98422CD000209A
:105A50007047294B9842FAD1284B186F7047284B52
:105A600098422AD0274B9842F1D1244BD3F880009A
:105A70007047254B98422BD009D8244B984223D00D
:105A8000234B9842E3D11D4BD3F88C007047214B38
:105A9000984221D003F5740303F510539842D6D1F0
:105AA000164BD3F898007047144B986D7047134B02
:105AB000586E7047114B586F7047104B986F704776
:105AC0000E4BD3F8840070470C4BD3F88800704716
:105AD0000A4BD3F890007047084BD3F894007047F6
:105AE0000048E8010024F400C0CF6A0080841E0052
:105AF00000093D0040420F00405DC6000080E00FFD
:105B0000C0EA210180BA8C01007E560380D5430291
:105B1000006CDC020090D00338B5134B0546D3F877
:105B200020010C4600F0070004281AD8DFE800F036
:105B300003090D111500012305B1286004B123608C
:105B400038BDFFF7BBF90423F6E7FFF7F3F90323AA
:105B5000F2E7FFF709FA0523EEE7FFF701FA022360
:105B6000EAE700231846E7E70080005037B50C4607
:105B70000021114B0191D3F88031054603F0030356
:105B8000022B0ED0032B11D0012B03D101A8FFF75C
:105B9000C3FF0D210DB1019B2B6004B1216003B047
:105BA00030BDFFF7E1F905210190F3E7FFF7D8F9E0
:105BB00002210190EEE700BF0080005038B5104B85
:105BC0000546D3F840310C4603F00303022B0BD0FB
:105BD000032B0DD0012B0FD12BF06FFA082305B149
:105BE000286004B1236038BDFFF702FA0723F6E707
:105BF0002BF066FA0923F2E701230020EFE700BF4C
:105C00000080005038B5104B0546D3F860310C4683
:105C100003F00303022B0BD0032B0DD0012B0FD16C
:105C20002BF04BFA082305B1286004B1236038BD7E
:105C3000FFF7DEF90723F6E72BF042FA0923F2E734
:105C400001230020EFE700BF0080005038B5144B5F
:105C50000546D3F800020C4600F0070004281BD8C4
:105C6000DFE800F003090D111500012305B12860DC
:105C700004B1236038BD2BF020FA0823F6E7FFF7C4
:105C8000B7F90723F2E72BF01BFA0923EEE7FFF73A
:105C90003BF90C23800AE9E700231846E6E700BF3A
:105CA0000080005038B5144B0546D3F808020C4666
:105CB00000F0070004281BD8DFE800F003090D11ED
:105CC0001500012305B1286004B1236038BD2BF015
:105CD000F4F90823F6E7FFF78BF90723F2E72BF037
:105CE000EFF90923EEE7FFF70FF90C23800AE9E744
:105CF00000231846E6E700BF0080005038B5104B7F
:105D00000546D3F840320C4603F00303022B0BD0B8
:105D1000032B0DD0012B0FD12BF0CFF9082305B1A8
:105D2000286004B1236038BDFFF762F90723F6E766
:105D30002BF0C6F90923F2E700231846EFE700BF6E
:105D40000080005038B5104B0546D3F800310C46A2
:105D500003F00303022B0BD0032B0DD0012B0FD12B
:105D6000FFF7E8F8032305B1286004B1236038BDCC
:105D7000FFF73EF90723F6E72BF09DF90623F2E73C
:105D800001230020EFE700BF0080005038B50C462B
:105D900005462BF0E6F9054B9A6A54402C405440D6
:105DA0009C62BDE838402BF0E0B900BF00C0005055
:105DB000032814D005D8012805D0022809D00020D6
:105DC00005E00F28FBD1084B186FC0F301300130FC
:105DD0007047054BD3F89000C0F30460F7E7024B1F
:105DE000186FC0F38020F2E7008000501FB5002339
:105DF0000193252817D8DFE800F0131A1D272C3649
:105E00003B51565B60656A78161A401616561A277B
:105E10002C27361A5127783B3B3B3B2727275B60D3
:105E2000FFF758F80190019805B05DF804FBFFF703
:105E30006BF8F7E7FFF74EF802460220FFF7B8FFCE
:105E4000B2FBF0F20192EEE7FFF75EF802460320A4
:105E5000F4E7FFF759F802460320FFF7A9FFB2FB6A
:105E6000F0F25208EEE7002101A8FFF77FFEDAE723
:105E7000002101A8FFF750FED5E702934FF0E02381
:105E80001B695B0705D5FFF73FF80290029B019362
:105E9000C9E703A902A8FFF791FEF7E7002101A8CF
:105EA000FFF78CFEBFE7002101A8FFF7ABFEBAE7C2
:105EB000002101A8FFF7CAFEB5E7002101A8FFF7FE
:105EC000F1FEB0E7002101A8FFF73CFFABE7094B6B
:105ED000D3F8803003F00303022BA8D0032B01D0AA
:105EE00000209FE7FFF740F89CE7002101A8FFF79B
:105EF00005FF98E70080005008B50120FFF776FF06
:105F0000BDE808400349884294BF012102210320D3
:105F100000F002B880F0FA02032810B50C4627D032
:105F200004D8012804D0022817D010BD0F28FCD1B6
:105F30002BF089F92BF08FF9124A013C136F23F4EF
:105F4000405343EA04331367FEF7DEFF0021FFF7F7
:105F500039FDBDE81040FFF7CFBF0A4A4C1ED2F80A
:105F6000903023F0F85343EA0463C2F89030DCE742
:105F7000044A4C1E136F23F4806343EA842313679F
:105F8000D3E700BF008000501FB5002301932528F0
:105F900021D8DFE800F013202020202A2F454A4F87
:105FA00054595E7120203420204A202020202A20AD
:105FB0004520712F2F2F2F2020204F54314B1B6F46
:105FC00003F00703013B032B05D8DFE803F00C02C5
:105FD000080A04230193019805B05DF804FB03232C
:105FE000F8E70623F6E70223F4E7002001A9FFF70C
:105FF000BDFDF0E7002001A9FFF78EFDEBE702935E
:106000004FF0E0231B695B0705D5FEF77DFF0B23EF
:106010000393039BDEE703A902A8FFF7CFFDF8E790
:10602000002001A9FFF7CAFDD5E7002001A9FFF76D
:10603000E9FDD0E7002001A9FFF708FECBE700202B
:1060400001A9FFF72FFEC6E7002001A9FFF77AFE9E
:10605000C1E70C4BD3F8803003F00303022B03D0CD
:10606000032B05D00023B5E7FEF74EFF0B23B1E766
:10607000FEF77AFF0523ADE7002001A9FFF73EFEFA
:10608000A9E700BF00800050024A536A23F00103D1
:106090005362704700C0075038B50546FFF7C2FC91
:1060A000204B04465A68012A04D11F494A609A6964
:1060B0009207FCD10020FFF767FF042803D12BF0E3
:1060C000C2F82BF0C8F8194A24F0407395421FD04B
:1060D000174A95421FD0174AD16811F0060FFBD11D
:1060E0009068936091684B4013F4F81F16D12846CE
:1060F000FEF7EAFE0020FFF747FF042810D1FEF765
:1061000003FF0021FFF75EFCBDE83840FFF7F4BE57
:1061100043F00073DFE743F08073DCE79060E9E76A
:1061200038BD00BF00C0015000E0015040420F00E8
:1061300080841E0000000150F8B504460020FFF7DF
:1061400023FF032800F0818045F60E0302213F4A19
:10615000C2F880303E4B9962012103F58053996269
:10616000936DD903FCD4D4E900131B0543EA016302
:10617000E17B94F820500B43217BE77E43EA014307
:10618000617B6D0143EA0133A17B43EA8113136113
:106190009169D4E904031B0643EA806301F00041DE
:1061A0000B43A17E94F823000B43217E43EA014375
:1061B000617E43EA01239361136AE66923F00D03CC
:1061C00094F8221043EA870366BB1362966A94F838
:1061D000213045EA031326F033052B4343F0010336
:1061E00093621C4D194A936D35EA0303FBD10225D6
:1061F000174B9D62936D5B00FCD41369A56823F473
:10620000700343EA055313614FF00042104B9A614B
:1062100019B9022203F580539A6278B901220E4B14
:106220009A620BE0334343F008031362936A23F04E
:10623000330303432B4343EA4103936294F824302E
:106240001BB1024B054AC3F88020F8BD00C00050C6
:1062500000D000500300014000E00050F1A7FFFF14
:1062600070B5184CFF28A66A2AD8A36D13F4803F96
:1062700018BF0122144B18BF9A6202229A62A56DC0
:1062800015F08045FBD1114AA36992F9002023F44F
:106290007F03024423F47F4382F3080243EA00238E
:1062A00043EA0243A36131460220FFF76FFDA36D6D
:1062B000DB0303D531460120FFF768FD284670BD9A
:1062C0002125FBE700C0005000D00050683C0020B2
:1062D00070B50F4CA66AA36D13F4803F18BF01225E
:1062E0000C4B18BF9A6202229A62A36D5A00FCD42A
:1062F00031460220A569FFF749FDA36DC5F30725C7
:10630000DB0303D531460120FFF740FD284670BD71
:1063100000C0005000D00050014B93F900007047BE
:10632000683C002001231248124A816A9362836DFF
:1063300003F00303032BFAD1022393620C4A936DFB
:106340005800FCD40C48936D30EA0303FBD10122C2
:10635000084B1A65A3F580539A6D9207FCD49A6D89
:106360009007FCD59A6D9207FCD50320FFF70EBD70
:1063700000C0005000D0005003000100014B188005
:10638000704700BF58490020284B984242D01AD885
:10639000A3F5B703A3F55863984237D00CD8244B24
:1063A000984225D0234B98422AD0234B984217D0AD
:1063B0000023224A93607047214B9842F8D1214B29
:1063C000D3F8BC301FE0204B984227D01F4B984297
:1063D00028D01F4B9842EBD11A4BD3F8C83012E0AB
:1063E000184BD3F8A03023F0407343F00073E0E77C
:1063F000144BD3F8A03023F0407343F08073D8E7F8
:10640000104BD3F8A03023F04073D2E70D4BD3F8F4
:10641000B830F8E70B4BD3F8C030F4E7094BD3F8AA
:10642000CC30F0E7074BD3F8D030ECE7C0EA2101DD
:1064300080841E0000093D0040420F000040015AC8
:106440000024F4000080E00F0048E801005A6202D6
:1064500080BA8C010C4A10B51369044643F004035A
:10646000136104F01DF92AF00EFF084B084AC3F827
:10647000202430BF2AF008FF04F034F91CB9BDE82D
:106480001040FEF741BD10BD00ED00E000E00350FC
:106490000000FFFF0A4A10B51369044643F00403E5
:1064A0001361084B084AC3F8202404F0F9F830BF00
:1064B00004F018F91CB9BDE81040FEF725BD10BD69
:1064C00000ED00E000E003500000FFFF034A017907
:1064D000D36E23F030030B43D36670470040005067
:1064E000F8B504460D461F4616464AB101238B40B7
:1064F0003021184A01FB0022F7B141F2100153503C
:1065000004EB4403072D4FF00F014FEA031316D895
:10651000A80006FA00F281400F4818442AF0B7FE9E
:106520004EB9012330210B4AAB4001FB042277B165
:1065300041F210015350F8BD42F21001DFE7A5F11E
:106540000800800006FA00F281400448E5E742F2C4
:106550001001EFE700C0035004C003500CC003500B
:1065600008B5152001F0B4FA0022FF21024B5A654C
:1065700099625A6008BD00BF00000450044A054BF0
:10658000002908BF1346012282401A60704700BFED
:10659000401004504020045010B504464178027861
:1065A0000120104B120658609A60A278152042EA2A
:1065B00001429A61FF229A6200229A631A644FF0A4
:1065C00000425A654FF0FF3203F500531A6501F09F
:1065D0009FFA1520E17801F0A9FABDE810401520D6
:1065E00001F088BA00000450F8B50125C3B2DFF805
:1065F0008CC0D1F800E09D408F7ACB7A0C46097BA5
:10660000CCF850500CF5005C4CF820E04FF0300E08
:10661000184E1B050EFB006094F80DC043EA0743BB
:1066200043EA415322F00302C0F860C0C365026729
:106630002AF0A2FD104B5D65237A13B1336C2B4316
:106640003364637A13B1B36B2B43B3632279A379B9
:1066500043EA0243094A93616179E37943EA0143DA
:1066600005498B61034B55639D64BDE8F8402AF0F2
:1066700089BD00BF000004500010045000200450E9
:1066800010B50124C0B284402AF076FD044B5A6D47
:1066900022EA04025A659C62BDE810402AF072BDED
:1066A0000000045010B50124C0B284402AF064FDFB
:1066B000074BDA6A224208D15B6B9C430CBF012472
:1066C00000242AF05FFD204610BD0024F9E700BF3A
:1066D0000000045041F67132034BDA63012203F5E6
:1066E0000053DA60704700BF0000035041F671327A
:1066F0000121044BDA6303F50052D1600022DA6312
:10670000704700BF00000350044B1868421C02BFD2
:10671000034AD2F894001860704700BF604400201C
:1067200000400050CB784A7810B55B010C7843EA02
:1067300082030A79234343EA02130C22424302F103
:10674000B0421363012C02BF8A78024B43F8202029
:1067500010BD00BFD080035008B54FF0B0435A6859
:106760006AB958B15B680BB12AF0A7FD01210D4B46
:1067700059602AF0A2FD4FF0B043D96008BD5B68B4
:106780000BB12AF09AFD0028F0D12AF096FD4FF0C7
:10679000B0430222DA602AF090FD0122024B5A60D7
:1067A000ECE700BF00100058002000584FF0B04147
:1067B0004B6810B50BB12AF080FD01220B4BC47859
:1067C0005A608378934043EA8403447823430479EE
:1067D00043EA0413447943EAC4038B60044B5A60D0
:1067E0000378C3F10203CB6010BD00BF0020005846
:1067F00000100058054B5B69C3F38512827003F0EB
:106800003F021B0B42700370704700BF00C007506F
:106810000120034B9B680A3303F01F039840704725
:106820000080E00F0D4B984208D1A3F50033C3F868
:106830008411C36D43F08003C3657047084B9842D1
:1068400004D1A3F51033C3F89411F2E7054B984235
:1068500004BFA3F52033C3F8A411EAE70080055074
:1068600000C005500000065070B5054616461C468F
:1068700019B90320FFF7BAFA0146402C1BD003D800
:10688000DCB1202C1BD070BD602CFCD1042303FB99
:1068900006F2530803EB4113B3FBF2F3094A203B22
:1068A00002EAC303AA6822F06002AA60AA6814433D
:1068B000AC60EB61E7E70623E9E71023E7E708238D
:1068C000E5E700BFF8FF7F00012200F580535A6022
:1068D00040F6AA6341F20502436100230D4983603B
:1068E000C365C26000F500520361C361C364916473
:1068F00009498365884203D103650023436506E0A7
:1069000006498842F8D001F580418842F4D001233D
:1069100053607047FFFF01000080055000C0055024
:1069200070B50D46FFF7D0FF012300F58056736068
:10693000AB7C04461BB1836843F080438360EB7CEF
:106940001BB12046297DFFF76DFF2A8A6B7B20460D
:106950001343EA891343E3602B7BD5E90112FFF768
:1069600083FF6B7D1BB1A36843F48033A360AB7DD1
:106970001BB1A36843F40043A360EB7D2A7E1B0791
:10698000120502F4E00203F0E0431343A365697EBD
:106990001F4A8B1E012B1F4B1DD8944217D002F5A6
:1069A0008042944215D002F5804294420CBF0222EC
:1069B0004FF0FF3203EB4213022041F2AC520329A5
:1069C000985020D10423F3652B78636170BD0022B9
:1069D000F0E70122EEE7944211D00F4A944210D022
:1069E00002F5804294420CBF02224FF0FF3203EBCB
:1069F0004213022042F2AC5201299850E1E70022F2
:106A0000F5E70122F3E7042204F50053DA65DBE73A
:106A10000080055000C0035000C0055038B5044642
:106A2000054D2DF038FD0FCC0FC594E80F0085E81B
:106A30000F00002038BD00BF5C1F002047F6FF7329
:106A40009A42F0B572D0022972D83A4B5B5C022BA5
:106A50006ED8394DDF0005EBC304A17815F833304B
:106A6000012938BF0121012B13D10025E078401AFC
:106A7000A84202D80844C0B2F0BD431B6668A0EB30
:106A8000530336F913609642D4BF1D4603F1FF301D
:106A9000EEE760680028EFD0B0F90040944204DBD4
:106AA000B0F902409442B8BF144683883D44FF2B9E
:106AB00019BFC8224FF0280CB0F90620B0F908C061
:106AC000A2EB04030CBF0126002693FBFCF3334426
:106AD0006E781BB29E4201DD002B01DA731E1BB2E1
:106AE0004FF47A7C01339BB2071D5D1E2DB24FEA35
:106AF000C50E00EBC505EA88AD689E4214FB025244
:106B000022EAE27202F15C02B2FBFCF204DD37F829
:106B1000335001339542E8D200EB0E03988890423F
:106B200028BF1046884238BF0846A4E7FF20A3E7E5
:106B30000020A1E7E59B03005C1F00200229F0B5BF
:106B400060D8314B595C02295CD8304B13F83100C6
:106B5000012816D103EBC1039C78D878012C21467B
:106B600038BF0121904294BFC1EB0001C1EB02018B
:106B7000001BCAB28242C8BF00225B6833F9120010
:106B8000F0BD002A3CD003EBC1035968002939D07D
:106B90009878904202D3B1F90200F1E7DC78B1F9BC
:106BA00000009442ECD95C788B88013CA3F1FF068D
:106BB000734201F10405E4B2734101F10C07DEB246
:106BC000B44216D805EBC3034FF47A756A43B3F9A0
:106BD00002405B68D21A04EBD47302EB630292FBAF
:106BE000F4F29042CCDBB1F902009042C8DC10B262
:106BF000C6E737F833C05E1C9445E3D33346DEE77F
:106C00000348BDE70348BBE7E59B03005C1F00208A
:106C10000CFEFFFF0080FFFF08B50448FFF7FEFEF3
:106C2000BDE8084001202DF05BBC00BFE89B0300DD
:106C30007FB51422002101A832F045FF044B01A9C1
:106C40004FF0FF3002932DF08BFC07B05DF804FB92
:106C5000006A18002DE9F0418CB08846DDE9127613
:106C60001D460446002847D0002945D0002F43D0B8
:106C7000002E41D013F00F033ED120482049A360DD
:106C8000002A08BF0146E361C4E90013404609A990
:106C90002AF06AFC68BB204609992AF056FD29466D
:106CA00020462AF052FD694640462AF00BFD00BB03
:106CB000694620462AF035FD404603A92AF00DFD1D
:106CC000B8B9204603A92AF02CFD069701272046D3
:106CD00045F0005506A9079708952AF022FD2046A1
:106CE00009A909960A970B952AF025FD20462AF056
:106CF000C9FB0CB0BDE8F0812120FAE700010004D7
:106D0000000101042DE9F04F97B0894690461F46D7
:106D10000546DDF880A0002800F0BB80002900F0C7
:106D2000B8803AB1229B002B00F0B380239B002B4C
:106D300000F0AF80BAF1000F00F0AB80219B002B78
:106D400000F0A78067B13C680026229B4344029371
:106D5000464507D307B13C60002017B0BDE8F08F6F
:106D60003C46F1E75CB1229B219A9B5D125D0134A8
:106D70005340239A04F00F0493550136E8E7A8EB3B
:106D8000060BBBF10F0F58D9434B4846C5E90034F9
:106D9000AC60EC6113A92AF0E7FB0028DDD128469E
:106DA00013992BF00F0B2AF0D0FC594628462AF0F5
:106DB000CCFC484604A92AF085FC0028CDD1284601
:106DC00004A92AF0AEFC484607A92AF086FC002850
:106DD000C3D1284607A92AF0A4FC012322992F4AEF
:106DE000CDF828A00B930C928A190D9228464BF0EF
:106DF00000520AA90E9303920F922AF092FC2846A1
:106E00000DA92AF08EFC239B039A99190123109156
:106E100011931292214A284610A9CDF84CA0149340
:106E200015922AF088FC284613A92AF084FC2846EB
:106E30002AF028FB5E4400288FD1229B03EB060B2F
:106E4000239B1E44029B5B4501D1464680E7ACB9BB
:106E5000219B2246CDE900A3494610232846FFF78F
:106E6000F9FE00287FF479AF0AF1100212F8013D13
:106E70000133DBB213700BB95245F7D1219A1BF8DD
:106E8000013B125D0134534006F8013B04F00F044E
:106E9000D8E7212061E700BF0303000410000020B1
:106EA0002DE9F04F97B0894615469A460446209F33
:106EB000DDF88880DDF890B0269E002800F09D80E7
:106EC000002900F09A80002E40F08A80002B00F00C
:106ED0009480B8F1000F0AD0219B002B00F08D8028
:106EE000002A40F09F80F10700F1878002E0002A2D
:106EF00040F08580FB1F062B7FD8524B0BEB050221
:106F00009A427AD80023504A4846C4E90023A36035
:106F1000E36113A92AF028FB00285ED120461399CB
:106F20002AF013FC204646EA07412AF00EFC4146AF
:106F300020462AF00AFC294620462AF006FC48464C
:106F400001A92AF0BFFB002847D1204601A92AF059
:106F5000E8FB484604A92AF0C0FB00283DD14FF0C9
:106F60000109204604A92AF0DCFB239B45F00055CB
:106F70000793219BCDF82090204609950DA90A93EF
:106F800047F0005748F00053CDF82C900C93CDF803
:106F900034A0CDF838900F972AF0C3FB20460AA9F9
:106FA0002AF0BFFB204607A92AF0BBFB259B204601
:106FB00010A946F00056CDF840B0CDF84490129597
:106FC0001393CDF8509015962AF0B5FB204613A9DF
:106FD0002AF0B1FB20462AF055FA17B0BDE8F08F31
:106FE000259B53B1BAF1000F07D0B8F1000F01D0C3
:106FF000219B13B1B5B9022E20D12120EDE7239BAF
:10700000002BFAD0BBF1000FF7D0C7F10F03DBB2B2
:10701000032B3FF668AF0122DB0002FA03F3AB4219
:10702000EBD9E8E7239B002BE7D0BBF1000FE4D0BE
:10703000C7F10F03DBB2032BDDD8ECE7102E7FF690
:1070400052AFDAE700000120000005042DE9F04FFF
:1070500099B0884615469B460446229FDDF89890D5
:10706000289E60B159B1279B4BB1BBF1000F06D0F0
:10707000249B0BB1239B13B11DB9022E13D12123E5
:107080009AE0259B002BFAD0B9F1000FF7D0C7F199
:107090000F03DBB2032BF0D80122DB0002FA03F36B
:1070A000AB42ECD9E9E7731E0F2BE8D816F0010AC2
:1070B000E5D1FB1F062BE2D8414B09EB05029A42B2
:1070C000DDD8404B4046C4E9003AC4F808A0C4F8F3
:1070D0001CA015A92AF048FA034600286CD12046C6
:1070E00015992AF032FB204646EA07412AF02DFB8B
:1070F000204624992AF029FB294620462AF025FB20
:10710000404603A92AF0DEFA0346002854D120465F
:1071100003A92AF006FB404606A92AF0DEFA034638
:10712000002849D14FF00108204606A92AF0F9FAB3
:10713000259B2046099345F00053CDF82880019304
:107140000B93239B0FA90C93249B47F0005743F00C
:107150000052CDF834800E92CDF83CB0CDF840808E
:1071600011972AF0DEFA20460CA92AF0DAFA204616
:1071700009A92AF0D6FA019B204612A9CDF8489019
:10718000CDF84C8014932AF0D6FA279B204615A9F7
:1071900046F000561593CDF8588017962AF0C1FA9C
:1071A00020462AF06FF9034630B101902A46514635
:1071B000484632F088FC019B184619B0BDE8F08FB4
:1071C00000000120000006047FB50E461D4604465F
:1071D000F0B102B9E3B901230192029345F00053E3
:1071E000039300230B4AA360C4E90023E361204614
:1071F00001A92AF096FA314620462AF0A6FA20463E
:1072000029462AF0A2FA20462AF03CF904B070BDC3
:107210002120FBE70000094330B5048804F4E04373
:10722000B3F5005F2ED1C4F30223042B2AD181F0E1
:10723000AA6383F4807333F47E132AD081F0AA63A7
:1072400083F4007333F47E1323D00023144D21F410
:107250007E11A9421AD1B4F5105F17D1418821F0EF
:107260004000802802D0B1F5807F15D1191F0C296C
:1072700012D8DB0710D4073A072A34BF00206FF07A
:10728000860030BD42F204039C42DED16FF08500DF
:10729000F7E7C1F30543D9E76FF08600F1E700BFD8
:1072A000000140052DE9F04F9BB08146DDE92876CD
:1072B0001D468B46DDF8A880DDF8BCA0099241B1DF
:1072C00038B1249B2BB1269B0BB9279B0BB91FB957
:1072D0004EB16FF086047FE02EB1B8F1000FF8D008
:1072E0002B9B002BF5D02C9B002BF2D0BAF1000F7A
:1072F000EFD02E9B002BECD02D9B002BE9D0B9F8C2
:10730000003003F4E042B2F5005F69D1C3F302221A
:10731000042A65D185F0AA6383F4807333F47E1365
:1073200006D085F0AA6383F4007333F47E1360D132
:10733000C5F3054329464846259ACAF80030FFF7A9
:107340006BFF0446002847D1014620220AA832F0EC
:10735000BAFB2022214612A832F0B5FB0AA82AF077
:10736000A4F8002855D159464846099A12AB2AF08C
:1073700057FA044600282FD12B9B9E424CD8DAF8AE
:1073800000302E9A934247D8474508D2BB199845FA
:1073900005D239463246404632F07BFB4746204B09
:1073A00025F47E159D4226D1DAF800303246069348
:1073B0002D9B0397CDE90483279B12A90293269B5B
:1073C0000AA80193259B0093249BFFF769FD2128C0
:1073D00019D0D8B92C9B1E6020461BB0BDE8F08F99
:1073E00042F20402934204D185F0052383F4801312
:1073F0009BE700239EE76FF0880400232C9A13601C
:10740000CAF80030E8E76FF08604F6E76FF0920400
:10741000F3E76FF09204DFE76FF08904DCE700BF69
:10742000000140052DE9F04F99B08A46DDE9266557
:107430009346984681462A9F28B96FF086042046D5
:1074400019B0BDE8F08F0029F7D0229B002BF4D0B3
:10745000249B13B9259B002BEFD10EB9002DECD145
:1074600017B92B9B002BE8D12C9B002BE5D0289B38
:10747000002BE2D041464846239AFFF7CDFE044652
:107480000028DCD1202201460DEB020032F01BFB6C
:107490002022214610A832F016FB08A82AF005F891
:1074A00010B16FF09204CAE75A465146484610ABF5
:1074B0002AF0B6F904460028C1D12B9B9D422AD858
:1074C000BE4208D273199F4205D231462A46384639
:1074D00032F0DFFA3E46144B28F47E1898451DD151
:1074E000299B2A460693289B0396CDE90473259B86
:1074F00010A90293249B08A80193239B0093229B2D
:10750000FFF7A4FD212898D02C280AD00028C8D144
:107510002C9B1D6093E76FF0890490E76FF088045F
:107520008DE76FF094048AE700014005084B98420C
:1075300002D0084B984207D10B88B3F5105F0CBFFF
:1075400000206FF0850070476FF08500704700BF26
:10755000004440040013C0042DE9F04F9946002375
:10756000A3B09346DDE92E74DDE93068CDE906333A
:10757000CDE90833CDE90A33CDE90C33DDF8C8A0F5
:107580000490059129B96FF08605284623B0BDE81F
:10759000F08F002AF7D00FB9002CF4D12C9B13B92F
:1075A0002D9B002BEFD116B9B8F1000FEBD1BAF13A
:1075B000000FE8D048460499FFF7B8FF05460028B9
:1075C000E3D10146202212A832F07DFA202229467A
:1075D0001AA832F078FA12A829F067FF002878D1AB
:1075E000DDE904015A461AAB2AF01AF905460028CB
:1075F000CBD11A982AF0D1F805460028C5D114B984
:10760000CAF80000C1E7B7420AD23B199E4207D22E
:107610004445B8D839462246304632F03AFA374621
:107620004E4B994558D003F54073994515D04C4BB6
:10763000994540F08C804445A5D814F00F02A2D1A2
:107640002346CDE900761AA912A8FFF703FB0746E7
:10765000002834D1CAF8004097E700234445CDE91B
:107660000E33CDE910338ED82D9B0D2B8BD10123FA
:107670008DF838302C9B0DF1390203F10C0153F8D1
:10768000040B8B4242F8040BF9D11B7813700123D1
:107690008DF8473014F00F0933D10F2CDAD906AB2F
:1076A00001930EABCDE90276009324F00F02002384
:1076B0001AA912A8FFF726FB0746002843D0424626
:1076C0000021304632F0FFF90023012FCAF80030C4
:1076D00040D06FF0920558E744453FF654AF2D9BDC
:1076E000102B7FF450AF2C9B0DF1380C03F1100ED2
:1076F000624618685968083303C273459446F7D147
:10770000C8E724F00F033B440DF1280C03F1100EE1
:10771000624618685968083303C273459446F7D126
:107720000F2CBCD824F00F03334403930AAB02930D
:1077300006AB01930EAB00934A4600231AA912A888
:10774000FFF7E0FA83E7B9F1000F83D0EAE76FF0C3
:1077500085051AE76FF08B0517E700BF0010C0041E
:10776000004440042DE9F04F994600239FB0934612
:10777000DDE92865DDE92A788A46CDE90633CDE9D9
:107780000833CDE90A33CDE90C33059029B96FF000
:10779000860420461FB0BDE8F08F002AF7D00EB94E
:1077A000002DF4D117B9B8F1000FF0D12C9B002BAC
:1077B000EDD048460599FFF7B9FE04460028E8D108
:1077C000014620220EA832F07EF92022214616A87A
:1077D00032F079F90EA829F068FE002844D15A4603
:1077E0005146059816AB2AF01BF804460028D0D164
:1077F000169829F0D2FF04460028CAD115B92C9B4F
:107800001860C6E7BE420AD273199F4207D24545A7
:10781000BDD831462A46384632F03BF93E46344B15
:10782000994549D003F54073994520D0314B99458E
:1078300054D1454555D82B07A9D12B460122CDE976
:10784000006716A90EA8FFF705FA2C9B06461D60D7
:1078500000289ED042460021384632F034F90023F9
:107860002C9A012E13603FD06FF0920491E70D3DEA
:10787000454536D801238DF8283033460DF12902CD
:1078800006F10C0153F8040B8B4242F8040BF9D1BA
:107890001B780D3613704FF48073ADF8363006AB9D
:1078A00001930AAB00932A460023CDE9026716A98B
:1078B0000EA8FFF727FAC8E7103D454511D8334613
:1078C0000DF1280C06F1100E62461868596808334D
:1078D00003C273459446F7D11036E0E76FF0850494
:1078E00057E76FF0890454E76FF08B0451E700BF4E
:1078F0000010C0040044400430B58BB06C46554DB8
:107900000FCD0FC40FCD0FC495E8030084E803002A
:10791000514BD3F84C21110340F18380A3F5FE4372
:107920001C884FF6FF739C4208BF8C248DF81940C9
:10793000FEF7F2FC044484F3080448488DF818402C
:10794000FDF7FEFA6846FEF7F7FB3220FEF716FD5C
:10795000434C4448FEF7A0FB4348FEF715FD29F0D1
:107960007EFC236F002023F0070343F0030323670B
:10797000236F23F4505343F48063236729F076FC8C
:107980003A4BD3F8FC20D2014FD4D4F8803023F006
:10799000030343F00203C4F88030314BD3F82021B5
:1079A00022F0070242F00202C3F82021D3F880211E
:1079B00022F0030242F00102C3F88021D3F84021F3
:1079C00022F0030242F00102C3F84021D3F8602103
:1079D00022F0030242F00102C3F86021D3F84022F2
:1079E00022F0030242F00102C3F84022D3F8002241
:1079F00022F0070242F00102C3F80022D3F8082265
:107A000022F0070242F00102C3F80822FEF73CFB15
:107A10004FF0E0220020136963F0040313610BB000
:107A200030BDD3F85041E4B280E7D3F8FC2022F017
:107A30008072C3F8FC20D4F8802022F0030242F0C8
:107A40000202C4F88020D3F8FC2042F08072C3F810
:107A5000FC20A2E7D49C03000080E00F00F0490264
:107A60000080005000B4C404C0EA210100ED00E031
:107A70006FF00403502110B50A480B4C13F0800F2F
:107A800003F1010206D123443D2A83F80013134673
:107A9000F4D110BD03F00F03043B034419761346E1
:107AA000ECE700BF00ED00E000E100E0BFF34F8F26
:107AB0000549064BCA6802F4E0621343CB60BFF38A
:107AC0004F8F00BFFDE700BF00ED00E00400FA05A6
:107AD00000280CDB01220649430900F01F00824008
:107AE000203341F82320BFF34F8FBFF36F8F7047D0
:107AF00000E100E0002807DB01234109034A00F010
:107B00001F00834042F82130704700BF00E100E0D1
:107B1000002808DB01224309034900F01F008240CE
:107B2000603341F82320704700E100E00028ACBF3B
:107B300000F16040064B4FEA0111C9B2ABBF00F53E
:107B4000614000F00F0080F800131954704700BF27
:107B500014ED00E010B5044629F003FB024B1C6055
:107B600029F003FB002010BD7C1F002010B529F078
:107B7000F8FA034B1C6829F0F8FA204610BD00BF44
:107B80007C1F002038B50C461546014610B9FFF79A
:107B9000EDFF01462B462246034806F0F1FA002885
:107BA000D4BF3720002038BDB719030010B500241A
:107BB00000F024F80348044B84604360FFF7CAFFD9
:107BC000204610BD801F0020CD7B000013B5064C61
:107BD00023780093054B1B8829F00AFF10B92378FE
:107BE0000133237002B010BD693C00205A490020C7
:107BF000014B1880002070475A49002008B5074BF8
:107C00001A6842B9012208201A6029F0C6FA04490C
:107C1000044802F077FB002008BD00BF941F00203D
:107C2000784400208C1F002030B51446054687B0EC
:107C3000104629F036FF6369024683423CBFD4E90F
:107C400003315B181B1A7BB10F4904940391002187
:107C5000CDE90131012300932846D4E9001329F02E
:107C6000A7FA002007B030BD0122627694F82D20DB
:107C7000002AF6D084F835301321E369204698476E
:107C80002046636A9847ECE7297C00002DE9F0471D
:107C900088B004460F461646984629F06DFA81468C
:107CA000002E7AD0237E03F0FF02002B00F0A2808A
:107CB000204629F0F6FE6569A84205D1637ED4E925
:107CC000033213445D1B01E0F9D9451BB54228BFBF
:107CD000354629F051FA94F82D308246002B6DD1AB
:107CE0002A463846616931F000FF63692E462B440D
:107CF000636121E0037803F0FD0111295BD1216B61
:107D0000814205D1A3F111014B424B4184F834303B
:107D1000013E6369216B01328B4203F1010308BF0D
:107D20002363636195426069E4D1D4E90323216B45
:107D30001344994200D122630025D4E903236169E9
:107D40001344994208BF6261207A6576FDF7FEFC14
:107D5000204629F0A6FE6369834232D1257694F845
:107D60002D30E568656103B125632046636A984755
:107D7000214B049403930023029323692A46019321
:107D80000123009363682168207A29F011FA207A90
:107D9000FDF7FCFC504629F0F5F94846C8F80060AC
:107DA00029F0F0F9D8F80030002B0CBF1B20002080
:107DB00008B0BDE8F08707F8013BAAE72E4600228D
:107DC000B0E70123207A23760DF11E01FDF746FD71
:107DD0009DF81E30002BDAD00DF11F01207AFDF73F
:107DE00015FD9DF81F100029D1D12246207AFFF7FA
:107DF0001BFFCCE71646D0E7297C00002DE9F041B7
:107E00000C461546064686B04022002120461F46F5
:107E100031F059FE95E8030000232A692376EB68C8
:107E200084E80300C4E904232A7DE36084F82C205D
:107E3000AA7D2363012384F8343084F835300C9B09
:107E400084F82D2023620D9BE76163620E9BA36281
:107E50002B7A84F836306B7A84F837302D4B3460C7
:107E600073602D4BB3602D4B33612D4B73612D4BE4
:107E7000F360FDF737FC38B12B4B984204D0102447
:107E8000204606B0BDE8F081002104F10800FDF7AE
:107E9000B1FB07460028F2D14FF00108234B3362B3
:107EA000234B84F83C80B361224BF3619DF8403052
:107EB00084F8390084F83B309DF83C30204684F843
:107EC0003A30697D84F8388029F028FE95F9090058
:107ED000FFF71EFE95F90900FFF70CFE164B049400
:107EE000CDE902732369CDE900836368E268216804
:107EF000207A29F05DF904460028C0D195F90800E0
:107F0000FFF706FE95F90800FFF7F4FD3046FFF78E
:107F100021FEB5E76D1B03008D7C0000911A030064
:107F2000971A0300C31A0300038000F06B1A0300C2
:107F30001D1B03009D1A0300297C00002DE9F04160
:107F40004FF001081C46574B86B00293564B0C9DD0
:107F50000193564B174600930A46CDE903882946FC
:107F6000534BFFF74BFF0646002840F092802368F2
:107F700004222B64237985F84430A17985F84610D2
:107F8000607985F84500237A85F84830E37985F8EB
:107F90004730A37A85F84A30637A85F84930237BE5
:107FA00085F84C30E37A85F84B304346FEF798FA73
:107FB00043460222217AE079FEF792FA3E70394672
:107FC0002068FEF7ADFC1421A27B3A4B03EB421074
:107FD000C0F8AC1594F806C061792E3203EB421359
:107FE00041EA0C415960227AE37943EA0243C0F83E
:107FF000BC3585F84D607B7E032B50D8DFE803F05D
:108000003A4D021D022385F84D3000230422217BC6
:10801000E07AFEF765FA41F2AC520221A37B5B01E4
:1080200003F1A04303F570339950217BE27A42EAD1
:10803000014241F2B8515A501CE0012785F84D30F9
:1080400002220023A17A607AFEF74AFAA17A627AC4
:10805000A37B42EA014241F2B4515B0103F1A04328
:1080600003F570335A500422236803F58053DA6510
:10807000002FCAD163792A6C85F84530A379052190
:1080800085F84630D36C206843F00403D36429F0AC
:108090001CF9304606B0BDE8F0810027CEE7232664
:1080A000F7E700BF9B1C03008F1C03001F1D03008C
:1080B000131D030000C0035013B5064C2378009332
:1080C000112329F095FC10B923780133237002B0F5
:1080D00010BD00BF6A3C002037B5FFF78FFD0125BA
:1080E0000E4C0F4A0F49206020230095082006F00F
:1080F000D7F80D4B204663600C4BA360FFF72AFDB9
:1081000029F02FF804462946284602F081F8204637
:1081100029F02BF8002003B030BD00BF981F0020CD
:108120006B3C00201A9D0300B9800000D11D0300A4
:108130001A2812D8102814D940F28523A0F1110270
:10814000D2B2D340DB070CD50122064B80F02000D1
:108150001A70054B18707D2003E0A0F17D03012B00
:10816000F2D97047923C0020913C0020F8B50E46B1
:108170001446204B00B3204A2049107000221A7088
:1081800022700A704FF6FF721D4B1A801B4D2B7820
:10819000EBB91B4F3046398829F088FE164A3880E3
:1081A0001378013BDBB213706BB901232B7030469F
:1081B000BDE8F840FFF7BCBF1A78002AE6D0187077
:1081C000104B1878F8BD237801332370EFE7012BAB
:1081D00005D102232B700A4B1888000AE8E7022B0E
:1081E00004D103232B70064B1878E1E7FF237E2090
:1081F0002370E7E7923C00208F3C0020903C002059
:108200009A320020913C00202DE9F047394E8846F3
:10821000337817465BB9384A1370384A1370384AB6
:108220001370384A13704FF6FF72374B1A807D284F
:1082300050D02DD8182851D01A2852D0314B2E4D5D
:108240001A78DFF8BC9080EA020400221A702B78BA
:10825000CD2B9CBF01332B702B78022B12D9DFF86A
:10826000A8A099F80000BAF8001029F01FFE2B789A
:10827000AAF80000CD2B9FBF99F80020023B88F898
:1082800000203B701D4B1A781C7089F8002006E016
:108290007E28D3D1184B1B781BB91A4A13702020A3
:1082A00011E0FF2B1FD0184A1188154A1078134A85
:1082B000127802EB0022914217D1022B17D9CE2B54
:1082C00034BF00207A20A0F1200253425341337082
:1082D000BDE8F08720220B4B1A70E0E7FF22064B27
:1082E000FAE77420EFE77720EDE77620EBE77920D7
:1082F000E9E700BF933C00208E3C00208C3C00202E
:108300008B3C00208D3C00209832002008B529F0DD
:108310007FFD4FF6FF73002818BF0346014A138004
:1083200008BD00BF9E32002010B5074C208850B118
:1083300029F06EFD2388C01A044B00B21B889842B6
:10834000B4BF0020012010BD9E3200209C320020CE
:108350004FF07E624FF6FF732DE9F041B2F84670A0
:10836000B2F84460154D9F4208BF4FF448679E42E3
:1083700008BF4FF4C8762C88DFF8448050B1640001
:108380002C802B88BB4215D92F800023A8F8003001
:10839000BDE8F081B8F80030002BF2D029F038FDAC
:1083A000B8F80030C4EBC404C01A80B204EB8004F7
:1083B000E408E5E7B34238BF2E80E6E79C320020B0
:1083C0009E32002008B529F023FD4FF07E634FF662
:1083D000FF72B3F85430934208BF4FF47A730344EA
:1083E00013F47F6FC3F3071208BFFF22014B1A700B
:1083F00008BD00BF943C002010B5084C237843B161
:1084000029F006FD2378C3EB10131B065CBF002385
:1084100023702078B0FA80F0400910BD943C002011
:1084200007B502F0F3FB6A4602F056FC18B145218D
:10843000034800F023FBDDE9000103B05DF804FB15
:10844000309D030008B502F013FB18B16D210248FE
:1084500000F014FB002008BD309D030008B500F0BB
:1084600059FA0D4A536A43F470235362EFF30883B9
:108470004FF0CD31094A043B93420AD229F0EBFD7B
:1084800000F098FCFFF7DEFFBDE808400448FEF767
:10849000C5BA43F80419EFE700ED00E00000002042
:1084A000E89B030007B5042200200DEB02012BF02E
:1084B000CFFF042803D0F621044800F0DFFA01982A
:1084C00000F024FC03B05DF804FB00BF309D030006
:1084D0001028034670B535D020D8032815D90020C0
:1084E00070BD032202231A491A4D0C680021C8B23C
:1084F0008442F4D955F8200028B1067A9E4202D170
:10850000467A9642ECD00131F1E7421E022A19D890
:10851000DFE802F0021B16000022E3E7A0F12002D0
:10852000032ADCD8213B022BF6D801A252F823F013
:108530003D85000041850000E38400000122D1E771
:108540000222CFE700220323CDE70122CBE700BFC1
:10855000489B030000440020082310B50A0A41404C
:108560000648C9B201F00104490804B14140013B89
:1085700013F0FF03F6D181EA020010BD2083B8EDAD
:108580002DE9F8430025134C134EDFF85480134FA8
:10859000DFF8509023780BB9BDE8F88322464146B6
:1085A000002056F8043B29F00FFA227823460134C4
:1085B000002AFAD15B7853B105F00303032B0CBFFB
:1085C00039464946002029F0FFF90135E2E73946EE
:1085D000F8E700BFC8A20300001000201EA103009E
:1085E0008F9D03008C9D030040F605226A4B2DE908
:1085F000F0411B8893420ED8B3F5206F0DD840F29E
:108600000252934218D040F20172934220D040F2BD
:10861000015293420AD0BDE8F081A3F602235F4CD9
:10862000032B1ED8DFE803F0376396B25C490020C5
:10863000BDE8F04129F0C8B900205A4929F0C4F931
:10864000564B1A6C0020BDE8F041574929F0BCB9DF
:10865000524A0020D2E92423BDE8F041534929F0D1
:10866000B3B90020524929F0AFF994F868309E0759
:1086700003D500204F4929F0A7F994F86B305D0627
:1086800003D500204C4929F09FF994F96B30002B59
:10869000C1DA4A49CBE70020494929F095F994F815
:1086A0006430980704D00020226C3F4929F08CF9EF
:1086B00094F96430002B04DA0020226F414929F03C
:1086C00083F900250126404FDFF80881626E06FA23
:1086D00005F3134207D057F8252013781BB1414604
:1086E000002029F071F90135082DEFD193E73749C2
:1086F000002029F069F92C490020226C29F064F946
:1087000094F86530590703D50020314929F05CF908
:1087100094F96530002B04DA0020226F294929F0F2
:1087200053F90825284E2B4F636EEB40DA0707D527
:1087300056F8252013781BB13946002029F044F95A
:108740000135102DF0D194F8640000287FF463AF58
:1087500021496DE72149002029F036F90020226CDB
:10876000114929F031F91025174E1A4F636EEB406D
:10877000DB0707D556F8252013781BB139460020B2
:1087800029F022F901351A2DF0D144E700201449CF
:1087900029F01AF9226C55E7A032002000100020C1
:1087A000999D0300D79D0300089E0300239E0300AC
:1087B0003F9E0300589E0300939E0300C79E030044
:1087C000049F03002A9F030018A70300519F030082
:1087D000699F0300489F0300B09F0300E19F0300CF
:1087E000FB9F03002DE9F04F3D4C85B0D4E90D32DD
:1087F000580748BF0026D4E9121B48BFB046D4F83A
:108800003CA05FBFD4F850808B469246354E54BF93
:10881000DFF8F890DFF8F89013F0080F324B334A86
:1088200018BF1A46B6EB08071FBF64237D0803FB79
:108830000B55B5FBF7F50CBF3D46ADB24B462C4989
:108840000020CDE9016ACDF80080BFB229F0BCF864
:108850002B460020CDE9009726491FFA8BF229F01C
:10886000B3F8B24501D8C24504D24A460020224995
:1088700029F0AAF8D4E91703184309D11F4929F0B0
:10888000A3F800201E4905B0BDE8F04F29F09CB8C0
:1088900000201C4929F098F8002501261A4FE26DA6
:1088A00006FA05F3134204D02A463946002029F07F
:1088B0008BF80135202DF2D100250126124F226EB2
:1088C00006FA05F3134205D03946002005F12002CF
:1088D00029F07AF80135202DF1D100200849CEE7A2
:1088E00000100020001000202AA0030031A0030087
:1088F00039A003006BA00300A5A00300C4A00300DF
:108900001FA10300DAA003000AA1030025A00300B1
:108910001DA0030037B5FDF7F7FE054628F0C7FC9C
:10892000EB072ED4012319461A4601FA02F42C4013
:1089300003F1010327D0214B33F8124028F0C3FB89
:10894000062C83B21E4A4FEA104022D14FF20F018B
:1089500088421BD1B3F5406F28BF4FF4C06313802A
:108960004CF23C314FF00053598040F201731288B1
:108970009A4201BF134B144AD2E90001C3E9000136
:1089800017E00022D7E7102BCED1D7E74FF4C06312
:10899000E5E740F207218C420DD14FF20F018842EA
:1089A00009D1A34207D14FF000534CF23C3159801A
:1089B000148003B030BD1480D7E700BFA8A2030025
:1089C000A0320020A41F002090100020014B188826
:1089D000704700BFA0320020014B1888000A704782
:1089E000A0320020164B1888020A10F0FF00134630
:1089F00004D1012A23D143F080007047072BFAD815
:108A000001A252F823F000BF2D8A0000F789000070
:108A1000298A00003D8A00003D8A0000318A00005A
:108A2000358A0000398A00000920704718467047CF
:108A3000032070470B2070470620704702207047C4
:108A4000A0320020044B05481B881A0AB3F5406F7A
:108A500038BF00EB82007047A032002078A20300EC
:108A6000044B1888044B020A53F82230C0B203EBBF
:108A700080007047A032002048A2030038B50446A9
:108A80000D460B4602460749002028F09DFF00F0E6
:108A9000BFF928F06DFB29462046BDE8384029F093
:108AA00014BA00BF0EA103006D4A2DE9F0416D4BD1
:108AB00055686D4C5D65516A99656C49D1F8000245
:108AC000D865D1F80412586B1966916A10F0040F3A
:108AD0005966D16A4FF000009966116BD966516BE7
:108AE0001967D26BD8645A67D3E90E1218BF1146C2
:108AF0005F4A91421A655DD301F12000A04259D826
:108B00008869C5F308051864CE69062D5E6455D1E1
:108B1000584DA84252D3584DA8424FD205884DF621
:108B2000426085424AD11868C3F890005868C3F87B
:108B3000940040F20170A242154604D22E6804321D
:108B4000B6F1CD3FF7D00022C3E91E22C3E92022AF
:108B5000C3E92222641BDFF81CC1434DDFF818E192
:108B60009C648D422DD8D3E91EC7D3E92065D3E993
:108B700022414FF0000E013AD2B2FF2A3CD1BEF1A1
:108B8000000F05D0C3E91EC7C3E92065C3E9224130
:108B9000B3F85430C3F308030C2B3BD8022B54D941
:108BA000DA1E092A51D8DFE802F03157404350500D
:108BB0005050504D0021C3E910112D494FF4206051
:108BC000B9E755F8044D6445CBD37445C9D2E607DF
:108BD000C7D50026294F57F8048FA045C1D00136CC
:108BE000062EF8D132B1013AD2B202F11E0643F894
:108BF0002640B6E70522F8E7E0464FF0010EBC46F6
:108C000037462E4625460C464146B4E740F601203D
:108C1000BDE8F0813B2B18D1194B9B6913F0020F73
:108C200040F2025318BF1846F2E740F60320EFE780
:108C300040F2017240F60423B0F5206F14BF1046D5
:108C40001846E5E740F60520E2E740F60722013B3B
:108C50004B2B98BF1046DBE740F60220D8E700BF59
:108C600000ED00E0001000200010002000E100E016
:108C700000000020D0420000209B03007410002060
:108C80000080015A00F00CB800F00AB800F008B8F3
:108C900000F006B800F004B800F002B800F000B828
:108CA00072B61EF0080F09D01EF0040F0DD0DFF8C9
:108CB00050E0AEE8FF1F6FF002000CE0DFF840E08C
:108CC000AEE8FF1F6FF00E0005E0DFF834E0AEE81D
:108CD000FF1F6FF006006946EFF309828EE8070078
:108CE00086460848084C854501D3A54501D384F341
:108CF0000888FFF7D9FE84F3088829F0E8F8000017
:108D00000010002040000020001000204BF6EF6211
:108D100083B2002B08BF1346044A000C13804FF6A1
:108D2000CE2308BF1846024B188070475E490020CA
:108D30005C4900200B4BB3F900201888002AB8BF0B
:108D400080F0620042001A80074AB2F900101388CE
:108D50000029BCBF83F4805383F00B0359001180BA
:108D6000584070475E4900205C49002008B502F079
:108D700081F960B10A4B0344072B0DD8072B0BD8A0
:108D8000DFE803F00C060A080A0A0A045D2008BDA1
:108D90005A20FCE75B20FAE75C20F8E75920F6E769
:108DA000FF1FFF0F024B9A6903F500539A6170474A
:108DB0000080015A30B5144885B028F07EFD0023AC
:108DC000CDF80930CDF80130CDF8053001238DF80C
:108DD00000300D238DF80930032302250B4C694622
:108DE00020468DF80A3028F0A4FA2B20FEF790FEDA
:108DF00004F500532B209D61FEF77CFE04F58054A2
:108E0000E56105B030BD00BF089D03000080015A38
:108E1000014828F07DBA00BF0080015A10B5054C0A
:108E2000204628F0BBFA2046BDE81040002128F07B
:108E300060BA00BF0080015A024B586800F0010080
:108E4000704700BF0080015A10B5094A137813F02B
:108E500002040CD10749084809780078884206D0F6
:108E6000064863F07D03048005481370017010BD4F
:108E7000623D0020693D0020673D00209E320020B9
:108E8000663D0020054B064A19881288914202BFB0
:108E90000121044A117000221A807047AC32002070
:108EA000AA320020603D002007B50346009102224F
:108EB0003D2003492CF013F803B05DF804FB00BF1C
:108EC0008DA7030007B5064B02221B783D200093B7
:108ED000044981232CF003F803B05DF804FB00BFC4
:108EE0006C3D00208DA7030038B50C4D0C4C2A7842
:108EF00023789A4200D138BD00210A482DF0D0FADB
:108F0000094B1B88834202BF0122084B1A70237849
:108F1000013303F007032370E9E700BF693D002038
:108F2000643D0020A4320020AA320020603D0020D1
:108F3000074B93F90030002B08DB064A137803F047
:108F40004101402904BF43F005031370704700BF7F
:108F50006C3D0020623D0020282307B5054A3D20D6
:108F6000CDE900320449702302222BF0B8FF03B090
:108F70005DF804FB3800E00F86A703007028034665
:108F800007B504D103B05DF804EBFFF7E5BF074A6E
:108F90003D20127806490192064A12780092022278
:108FA0002BF09DFF03B05DF804FB00BF613D002086
:108FB0008CA703006C3D002008B50A4812F0F4FBB2
:108FC000094812F0F1FB094812F0EEFB084812F0D4
:108FD000EBFB084812F0E8FBBDE80840064812F039
:108FE000E3BB00BFAC320020A8320020A632002034
:108FF000A4320020AA320020A232002008B5CA22E2
:10900000002104482DF0A8F90122034B1880034BDE
:109010001A7008BD963C0020AA320020603D002056
:1090200030B585B0FFF7EAFFFFF7F2FE4FF07E6341
:109030004FF6FF72B3F84C30214D934208BF4FF406
:109040007A732B8000231F4C2380FFF75FF9FFF713
:109050006BF90028FBD04FF07E634FF6FF72B3F838
:109060004230934208BF4FF4C8632B800023238013
:10907000FFF7B8FC431E144DDBB20A2B134C2870CB
:1090800018D840F2035222FA03F3DB0712D502226A
:10909000C1230290CDE900323D2084230C492BF0FE
:1090A0001EFFFF232B70D023237005B0BDE8304096
:1090B000FFF752BFFFF750FFA023237005B030BD6C
:1090C0009C3200209E3200206A3D0020623D00203C
:1090D0008BA7030037B504460D4612F05BFD02284E
:1090E00025D84FF48B711B48FFF7C8FC1A4B197831
:1090F00001F14003DBB2022B1FD901F0A003A02B2A
:1091000004D00B0619D57E20FFF7CEFE4FF07E630C
:10911000B3F8403013B1204628F001FFB5B100226A
:1091200021460E4803B0BDE830402DF04DB9204631
:1091300012F030FDCA28D4D8D8E7CDE90014842332
:1091400002223D2006492BF0CAFEDFE72A462146CF
:109150000448E7E791A703006E3D0020A8320020F5
:10916000E8A70300A63200202DE9F84FFFF7DCF84E
:10917000A84C48B32378580626D599074CBFA64B70
:10918000A64BA74A1B7812789A4232D00120FFF7EB
:10919000DFF87320FFF7F2FEA24A4FF6FF71137853
:1091A0000133DBB213704FF07E62B2F848208A427E
:1091B00008BF0322934219DD51229B4B72201A7083
:1091C000FFF7DCFE20232370984D994E94F9002080
:1091D0002378002A18DA13F030030ED01A2028F072
:1091E000BDFE237803F07F032370EFE7FFF72CFE2B
:1091F000EAE700228F4B1A80E6E72A78022AF0D1AC
:109200008C4A2B701380E9E72A78012A00F0F1805C
:109210000DD9931E012BD9D83178FF2900F01E817A
:10922000002940F0EE80844B19783246E7E09A0737
:1092300019D579497A4A794892F800C007780A78AE
:10924000ACEB0200BA1A02F0070200F007009042ED
:1092500098BF81F800C00A78BA4204D123F0020313
:109260002370FFF741FE237813F0300F1ED013F068
:10927000200F714F15D0C2233B706B4B187802231F
:109280007B702378B87023F03C0323700320012304
:1092900032462B70684B1978FEF768FF28F05EFEA7
:1092A00094E7C1233B70FFF79DFBE8E713F00C0840
:1092B0001FD0624F13F0040F39785F4B0FD0603925
:1092C000C9B280201970FFF7EFFD237803F0F30394
:1092D0003A7823705A4B1A7001231846D8E781F068
:1092E00080017E201970FFF7DFFD237803F0F7037C
:1092F000EEE79B0732D5DFF820A1524B9AF80070B9
:109300001B78DFF844B1FF1A27F036FF414681464B
:109310004D482DF053F8804607F00707B7B9484687
:1093200027F030FF494B4046A3F8008012F032FC92
:10933000424B9AF800201B78013043EA02133E4A60
:1093400043F008031370C0B20323A1E74146584617
:109350002DF08AF8013F8046FFB2DFE7304B4FF631
:10936000FF7019784FF07E63DB8F2C4F834208BF6C
:1093700005233A780B44013B521A5B1A02F00702AC
:1093800003F007039A42DFF8B48028DC30482DF060
:1093900010F8E0B92E482DF00CF801462C4B2D4862
:1093A000002908BF18462C4B002118602DF006F844
:1093B000264B188012F0EEFB3A7898F80030013016
:1093C00043EA02131C4AC0B21370022360E721482B
:1093D0002CF0EFFF18B9FFF70FF80028DAD1184B7F
:1093E0001A7898F800309A425ED0237843F0080348
:1093F000FAE63378FF2B4DD032460F49C95C002086
:109400004AE7124B0139C9B2188812F0CBFD014668
:109410000BE700BF623D0020663D0020673D002055
:10942000693D0020633D00206A3D00206B3D002027
:10943000953C00209E3200206E3D0020653D0020BE
:10944000683D0020643D0020A4320020A2320020AC
:10945000A8320020A6320020AC1F0020022A1CD116
:10946000124A00211378013303F007031370104BE5
:1094700018682DF015F80F4B002219880E482CF0B3
:10948000A3FF0E4B1B880BB9FEF740FF0C4B1A785D
:109490000C4B1A7000232B7098E60B4A137801339B
:1094A00003F007031370ECE7BDE8F88F673D002079
:1094B000AC1F0020A2320020A43200209E320020E7
:1094C000653D0020683D0020663D00202DE9F04FFD
:1094D0008046A44F85B00023DFF8B892A8F800308A
:1094E00099F8003013B93B70FFF7CCFCDFF8A8A265
:1094F0009D4E0DF10E0028F035FD272800F0A081CB
:109500003A469DF80E000DF10F013D78FEF77CFE06
:109510002028044630D070B1FFF7B4FC7A2804D874
:10952000732878D8272C00F08B814FF4AA718F48CC
:10953000FFF7A4FAD4E73B789D4205D0022B3FD831
:109540009DF80F208A4B5A55DFF824923B7899F802
:109550000010884CC02940F08380012B40F0CB8064
:10956000FFF7B0FCFFF7AEFC28F067FCFFF78AFCC2
:1095700023785806AFD4BBE03B789D42B9D0022B8C
:1095800004D89DF80F207A4B5A55B2E7032B1FD011
:10959000754B1888784B1B888342AAD112F0FAFACF
:1095A000DFF8C4B1C5B2691C5846C9B22DF023F822
:1095B00029469DF80F20BBF8000012F007FD20E0BF
:1095C000032B05D06C4B30881B888342BCD1E5E768
:1095D0009AF80030684D83B14FF0000B33880121B9
:1095E00028462B808AF800B02DF005F8012300935F
:1095F0005A462988614812F099FC30882B888342AA
:10960000CCD0202C3FF475AF7A2C8ED8732C02D896
:10961000002C87D198E7743C062C86D801A353F818
:1096200024F000BF419600002B95000049960000F1
:10963000559600002B950000599600005D9600009D
:109640007420FFF79BFC4BE77620FFF797FCFFF7B2
:109650006FFC45E77720F8E77920F6E77A20F4E712
:109660000E0607D4032B46D92678730645D4FFF798
:1096700009FC3DE001F0E002802A23D1012B3AD120
:109680007D20FFF711FCFFF7FDFB267871062FD533
:109690000225DFF808C13A4A99F800309CF800002A
:1096A000117803F0070BABEB000E091A0EF0070E52
:1096B00001F007018E4529D97820FFF75FFCFFF7FD
:1096C00037FC08E7A02A0BD1012B14D17F20FFF72C
:1096D000EBFBFFF7D7FB2678720609D50325D8E701
:1096E0007B20FFF74BFCFFF7CDFB23785D06E6D42C
:1096F00020232370EFE67C20F3E7224B1B78B3EBAB
:10970000111F01D0FFF7BEFB0125C2E7A5F1020A38
:1097100083451FFA8AFA0DD000211B488CF800B04F
:10972000017016F002004DD0184A1180184A1278C4
:109730005A4535D1BAF1010F39D9124999F80020AB
:109740000B78C2F3021098426FD10B4D2888002885
:1097500046D12620FFF7ECFBFFF710FC262005B0D2
:10976000BDE8F08F613D0020AA32002091A70300E0
:109770006C3D0020623D0020AC3200206D3D002099
:10978000673D0020653D0020633D00209E320020A3
:10979000663D0020933C0020603D0020693D002094
:1097A000FEF7B4FDBAF1010FC7D899F8003013F0F5
:1097B000080312D1234A1370032D7FF48CAEFFF7F8
:1097C00043FB88E6FEF7C4FD1F4A13785B4501D0D2
:1097D000FEF79CFDFFF788FBE4E7FEF7F3FDEBE700
:1097E000013303F007030B704FF07E63160742BF8F
:1097F000227842F008022270227822F005022270BC
:10980000B3F840300BB128F08AFB2B883D20019340
:1098100099F80030022200930C4985232BF05FFB5E
:109820002B880020A8F8003099E71207237802D58A
:1098300043F008035DE7DB073FF541AF75203CE7E8
:1098400027208CE7943C0020673D0020E8A7030018
:1098500008B50F4B1B780BB1002008BD0D4B1A78D3
:109860000D4B1B789A42F7D10FF026FF0028F3D159
:109870000A482CF09EFD0028EED009482CF099FDF6
:109880000028E9D0074B1878B0FA80F04009E4E7E7
:10989000933C0020683D0020653D0020A63200205A
:1098A000A83200206B3D0020F0B551B1002807DA46
:1098B0002D23B0F1004F137000D04042012100E091
:1098C000002100252C460E4F002357F8046B01E0C1
:1098D0006346801B864203F1010CF9D913F0FF03A4
:1098E00000D125B14D1C30335354E9B20125013468
:1098F000E4B2092CE8D130305054481CC0B2F0BD5D
:10990000F0A703002DE9F04F002495B02146029402
:1099100080461646A1464422274603A802AC9A4632
:10992000254630F0D0F8317859B9641BE4B22246AC
:1099300029460020C047002840F090803819C0B266
:109940008DE0252918D0B9F1000F19D104F8011BB9
:1099500012AB9C42C0F0D680641BE4B2294622467A
:109960000020C0470146002878D13C4448222846C0
:10997000E7B230F0A8F8C4E0B9F1000F00D1013629
:109980003278622A48D022D8252A3FD004D8002A2B
:10999000CBD04FF00009DBE7392A15D82F2AF8D9A8
:1099A000717801F0DF01582940F0DB80322A06F19E
:1099B000010940F0C380204604223AF8041B28F035
:1099C000E2FA04464E46E4E7582A17D0E1E7632A54
:1099D0006BD0A2F1640C5FFA8CFCBCF1140FD8D8E8
:1099E0000121614B01FA0CF919EA030040F08C8067
:1099F00019F4104960D1BCF1140FA9D120460222FC
:109A00001AF8041B28F0BFFA0446C2E7214601F801
:109A1000022B62700C46BCE74FF00009DAF8003008
:109A20000DF1480B0193DAF804300093009B99453F
:109A300002D10AF1080AACE7019B2046022213F882
:109A4000091028F0A0FA5845044612D3441BE4B28A
:109A5000294622460020C047014618B1002015B013
:109A6000BDE8F08F3C4448222846E7B230F02BF89E
:109A70002C46009B5A1E4A4584BF202204F8012B25
:109A80005C450FD3641BE4B2294622460020C04740
:109A900001460028E2D13C4448222846E7B230F093
:109AA00012F82C4609F10109C0E7534653F8042B7C
:109AB0009A4604F8012B6CE7D146641BE4B22246B7
:109AC000294659F804ABC04783460028C6D1014651
:109AD0003C4448222846E4B22FF0F5FF5FFA8BF3AE
:109AE0001AF803005F460BF1010B0028F6D1FFB214
:109AF0003A465146C0470028B0D1CA4681463C4448
:109B0000E7B22C4601360EE76C2ADAF800000AF1BB
:109B100004090FD17378752B01D0642B04D1B3F1F4
:109B2000750118BF012101362246FFF7BDFECA4666
:109B300004442EE7752A08BF0021F5E7342A10D126
:109B4000564656F804AB04224FEA1A41204628F044
:109B50001AFA1FFA8AF1042228F015FAB2460446CE
:109B600030E74FF00109F3E60101020073B500246C
:109B7000684600F0E7F90C4B00981C600B4B0C4D4D
:109B80001C600C4E0C4B306018602C6028F052FAB0
:109B90002046019B3268083BDB0853802B68013369
:109BA0002B6002B070BD00BFB41F0020B01F0020AA
:109BB000B81F0020C01F0020BC1F00202DE9F04F5F
:109BC0000026154689B04A1C0C4614BF89464FF042
:109BD000080998460796002B00F0DB801E600028DD
:109BE00000F0D980C71D27F0C7FA27F0070B07AB95
:109BF0002146039000932A463346584600F0ACF9BC
:109C0000079C064604B130B9039827F0BBFA192027
:109C100009B0BDE8F08FDFF89CA16288DAF8001087
:109C2000D300C0EBC2020139272A0493CAF80010FE
:109C300040F28280002D5AD183450BF1080551D0A6
:109C40004946204628F0B1F981460790079A02EB71
:109C5000050B584628F0EEF90799C5F3CF054A8859
:109C6000ABF80450521BABF80220CA88002A3BD044
:109C7000551BADB201EBC202ABF8065095808A8845
:109C80004849A9F80420BBF80420FF08A9F80620D9
:109C90000A68A9F80270944208BFC1F800B04249AE
:109CA0000A68944201D1C1F800B099F8002042F04E
:109CB000010289F80020DAF800200132CAF80020F9
:109CC0003A4A0398136833441360394A11688B4247
:109CD00088BF136027F056FA09F108030020C8F87E
:109CE000003095E7A146B1E7ABF80620C7E704EBE3
:109CF00002094846059228F09DF9079C059AF1084B
:109D0000E088A9F80210D108A9F8041088B1049BD2
:109D1000C3EBC0013144C1F3CF0104EBC000A9F88B
:109D200006108180083AD2086280B9F80420E280E7
:109D3000BBE7A9F80600F5E7012D2ED104F10802D2
:109D4000B2FBF9F109FB11224AB34946204628F03B
:109D50002CF9814699F80020DAF8003042F001022F
:109D6000104F114D89F8002083B13B689C4204D10B
:109D70004946002000F038F938602B689C429FD19A
:109D80004946012000F030F9286099E73B602B60DC
:109D900096E722203CE721203AE78345D5D1A1462A
:109DA000D8E700BFC01F0020BC1F0020B41F002048
:109DB000B01F0020B81F00202DE9F7430446684675
:109DC00000F0C0F8002C00F0B18027F0D5F914F8AD
:109DD00008CC81461CF0010F00F0AA8034F8061C64
:109DE000002900F0A580534D34F8047CD5F800E03C
:109DF0004A1C0EF10103A4F1080692B22B60002F59
:109E000037D0A6EBC70393F800800CF0020C18F0D3
:109E1000010F20D1BCF1000F20D15A88023111442A
:109E20008AB2C5F800E034F802CCBCF1000F22D1B0
:109E300014F8085C511E6FF3000504F8085C002557
:109E400089B224F8065C5980197865F3000119700D
:109E50000021D9802FE0BCF1000F0AD014F8081CB3
:109E600017446FF3410104F8081C0021BAB299802D
:109E7000D9E73346D7E706EBCC01DDE900700744AC
:109E8000B942D5D216F83C6016F001072ED014F86E
:109E9000085C6FF3000504F8085C002524F8065CF4
:109EA000541E5C801C7865F300041C70CC1AC4F34B
:109EB000CF04DC808C80204C216819B1994201D8F4
:109EC000498801B923601D4C216819B1994201D319
:109ED000498801B923601A4948460B689B1A0B60F0
:109EE00027F050F9002003B0BDE8F0834E884F8082
:109EF00001363244CE8892B2B6B101EBC6012E686B
:109F0000013E2E6014F8085C6FF3000504F8085C4D
:109F1000002524F8065C541E5C801C7865F3000460
:109F20001C700029C2D193E73146E8E72220DAE726
:109F30000120D8E7B81F0020C01F0020BC1F002050
:109F4000B41F00200249034A0160521A4260704760
:109F5000C855002000000120F0B54C1C074608BF82
:109F60000821AAB91E480468002C37D06688DB0097
:109F700003EBC606C1F1000C2078C0070AD52ABB46
:109F8000E08850B304EBC004668803EBC606F3E731
:109F90001448E8E7BE42F2D362B904F10805B5FB04
:109FA000F1F001FB1055E8190DB1B042E8D8059B5E
:109FB0001C60F0BD08290ED06588013504EBC5058D
:109FC000E81B00EA0C00281A8642F0D2A08820B1D3
:109FD000A4EBC004D8E73846E9E704462046E6E7A4
:109FE000C01F0020BC1F002013B50446084621B93D
:109FF0006846FFF7A7FF6CB900980378DA0707D522
:10A000005CB9C3889BB100EBC3000378DB07F8D4CD
:10A0100002B010BD164B1868EFE7012C07D18388FA
:10A020002BB1A0EBC3000378D907F8D4F0E768465A
:10A03000FFF788FF002300980278D2070CD4002C89
:10A04000E6D0C388002BE3D000EBC30210F8333016
:10A05000DB0706D503461046C28822B100EBC200DA
:10A06000EAE71046EDE7002BE6D01846D0E700BF40
:10A07000BC1F0020054B1A782AB95B78002B0CBF57
:10A080000320022070470120704700BF7A3D002066
:10A090000329F8B598BF124B05460E468CBF002425
:10A0A0005C5C032805D8DFE800F002080B0E44F0E2
:10A0B00002040C4B1F684FB9F8BD44F00804F8E7E0
:10A0C00044F02004F5E744F08004F2E77B681A6866
:10A0D000144203D0314628465B6898473F68EAE758
:10A0E00014A80300F01F002038B5104D2B78ABB139
:10A0F0000F4C23781BB100F033FB002323700020AA
:10A1000027F0ACFF0B4C50B100F07CFB0023012189
:10A1100020782B70FFF7BCFF0123237038BD01228C
:10A12000054B1A702278054B1A70F7E7763D002030
:10A13000743D00207C3D0020773D0020783D0020CC
:10A1400010B527F00EF8064B04461B781BB1BDE88E
:10A15000104027F00AB8FFF7C7FF2046F7E700BF17
:10A16000733D0020094A137830B101331370084B56
:10A170001B78012B03D87047013B13707047054BC8
:10A180001B780BB9FFF7B0BF704700BF7A3D0020C6
:10A190007C3D0020773D002070B526F0E2FF164E92
:10A1A00005463378D3B900F063FC044620B1284655
:10A1B00026F0DBFF204670BD104826F0E6FF00F0D9
:10A1C00019FF0F4B1C6000F03BFD0E4B0E4A186050
:10A1D000536F43F00103536727F047FF00F0C4F9C2
:10A1E00027F03EFF094B00241860012328463370F6
:10A1F00026F0BBFFDEE700BF7D3D0020F01F002002
:10A20000C41F0020EC1F002000400050C81F002089
:10A210002DE9F843284A0138135C39B1274F01333F
:10A2200039781354012904D8BDE8F883013B13544D
:10A23000FAE7FFF71FFF0128044635D826F091FF03
:10A24000DFF88480054698F8003013B31C4E33784D
:10A250001BB9012232701B4A1370DFF8709099F815
:10A26000003023B100F07CFA002389F80030284642
:10A2700026F07BFF012027F0F1FE26F072FF3378F5
:10A2800005461BB100F0BEFA00233370002388F8A6
:10A290000030284626F069FF38788442C4D0214631
:10A2A000FFF7F6FE3C70BFE70329F5D10228F3D192
:10A2B00027F0DAFEF0E700BF7A3D00207C3D002069
:10A2C000733D0020773D0020763D0020743D002046
:10A2D00038B526F046FF094B05461B78012B04D8FC
:10A2E00026F043FF0024204638BD054B1C6800F0D3
:10A2F000C7FA0444284626F038FFF4E77C3D0020E6
:10A30000C41F002038B54160044626F02AFF0546E8
:10A310002146044826F03CFF2846BDE8384026F098
:10A3200024BF00BFF01F0020054B1B685843054B9E
:10A3300000F5742000F23F20B0FBF3F0704700BF3F
:10A34000EC1F002040420F002DE9FF47EFF310877C
:10A3500072B6AFF3008026F092FD002871D06D4EEA
:10A36000DFF8D481337823B10020FFF7FBFE002310
:10A370003370FFF77FFE0446002869D0841EE4B2E4
:10A38000012C6CD9FFF776FE01280546624CDFF8F8
:10A39000AC9100F28E802078A84205D099F8003068
:10A3A000002B00F0A5802570207800F053FA99F872
:10A3B000003013B1594B1B782370AFF3008007B9FD
:10A3C00062B6EFF3108772B6554B1A7852B100227D
:10A3D0001A70524B20781B78984203D101212170CA
:10A3E000FFF756FE4F4800F07DFB26F05CFD05466A
:10A3F0000028B7D1DFF8488198F80030A3B189F878
:10A400000000DFF8309199F800301BB100F0A8F996
:10A4100089F80050002027F021FE002870D000F0BD
:10A42000F1F9002388F80030337823B10020FFF7DA
:10A4300099FE0023337000212078FFF729FE0023C6
:10A440002370AFF3008007B962B604B0BDE8F087AF
:10A450003378002B96D0FFF785FE347092E700200A
:10A4600003A900F08DFB044600288BD1D8F80030FA
:10A47000039A9A4205D80120FFF774FE0123337036
:10A4800080E7294B1D6800F0FBF9039B05449D42C2
:10A49000F1D200F00DFA8200039942F0020292B26A
:10A4A000CDE900422346214A491B1E4827F0E8FD1A
:10A4B00068E7DFF88CA09AF800300BB900F0E2F8FA
:10A4C0002078854203D099F80030ABB125709AF816
:10A4D0000030002B7FF468AF154B1B7823B900F0D8
:10A4E00039F90122134B1A7001238AF800305BE717
:10A4F0002946FFF7CDFD56E72946FFF7C9FDE5E7F9
:10A50000012000F0A7F907B962B6EFF3108772B621
:10A5100080E700BF753D00207C3D0020783D002095
:10A52000713D0020CC1F0020C41F002041A100006D
:10A53000793D0020743D0020C81F0020773D002099
:10A54000763D002010B526F00CFE0022054B1C784D
:10A550001A7026F00AFE00F08BFCE4B22043C0B271
:10A5600010BD00BF723D00203B4A3C49136F70B5DF
:10A5700003F007030B60D2F80011394801F0030122
:10A5800001603849384D8969032BC1F340012970B6
:10A5900059D0D2F8203103F00703981E43424341BB
:10A5A000D2F88022314C02F0010213434FF4C870FC
:10A5B0002370FFF7B9FE00222D4B2E4918602E4E56
:10A5C0000B680132D2B20A2A46F8040BF9D10344CF
:10A5D00000EBC00003440B602B78284D63B3237855
:10A5E0001D4A3BB9D2F8003103F00303591E4B4218
:10A5F0004B412370D2F8003103F00303022B24D027
:10A60000032B25D0012B17D1FAF794FC024698B101
:10A61000144B1B4EDC6800231946C4F30B040134B1
:10A6200004EB84040138E4FB060126F013FAFFF77B
:10A630007BFE2B6803442B601F20FFF775FE2B6801
:10A6400003442B6070BD0123AAE7FAF7D1FCDDE7D4
:10A6500026F031FDDAE700BF008000502C200020FA
:10A660003020002000C00150813D0020823D0020AC
:10A67000F41F0020F81F0020FC1F002028200020CD
:10A6800040420F00044B054AD3F8203103F0070382
:10A69000136026F0FABD00BF008000503420002077
:10A6A00008B50D4B1A7892B100221A700B4A136F3D
:10A6B00023F0070343F001031367D2F8203123F09E
:10A6C000070343F00403C2F82031FAF71DFC01220E
:10A6D000034B5A6708BD00BF803D0020008000503A
:10A6E00000E000500122154B10B55A67144B154C71
:10A6F0001B7813B3022027F025FDF0B100F070FAAB
:10A70000D8B1A36DD90302D5E36D9A0715D40D4BCB
:10A710009B6DDB0711D401220B4B1A7027F0F3FC61
:10A72000BDE81040094B0A4A1860136F23F0070375
:10A7300043F003031367FAF7E7BB10BD00D00050E6
:10A74000823D002000C000507F3D002024200020DA
:10A75000008000500122014B1A707047803D00209C
:10A76000F8B51F4B1B78002B39D01E4C2378B3B99A
:10A770001D4B9A6DD10302D5DA6D92072FD49B6DD4
:10A78000DB072CD427F0BFFC184B194A1860136F55
:10A7900023F0070343F003031367FAF7B5FB27F031
:10A7A000B2FC124B134D1B68134EC01A2B78134F7B
:10A7B00056F8232046F82300111A3A681048521A16
:10A7C0000A213A600932B2FBF1F20133DBB20260D6
:10A7D000B3FBF1F201FB12332B7000232370F8BDA1
:10A7E000823D00207F3D002000C00050242000203A
:10A7F000008000507E3D0020FC1F0020F81F00203C
:10A80000F41F002008B526F041FD0D4A0D49136FD5
:10A81000096823F007030B4313670B49D2F8203173
:10A82000096823F007030B43C2F82031074B1B785C
:10A8300013B10122064B9A62BDE80840FAF764BBE7
:10A84000008000502C20002034200020823D002079
:10A8500000E0005002280AD003280BD001280CD1B8
:10A86000064A136923F00403136130BF70470020C8
:10A87000FBF7F0BD0020FBF70DBE704700ED00E0D8
:10A88000054B187818B1054B186800EBD000044B45
:10A890001B681844704700BF823D0020F41F002051
:10A8A000282000200122014B1A707047823D0020B1
:10A8B000014B1878704700BF823D00200222014BF7
:10A8C0001A6770470040005038B527F028FC002573
:10A8D000084B094C1A682368C31A2AB123B151697D
:10A8E000994203D3C91A5161206038BD55615B1A82
:10A8F0009268F2E7402000203C200020C38870B519
:10A9000004460D463BB9FFF7E3FC8542064602D2FA
:10A9100027F096FB35460E4965610B688BB90C60D4
:10A92000A3600DE0AD1A9A68184665616AB11346D6
:10A930005A69AA42F6D930B18460521BA3605A61A9
:10A9400070BD0020F4E70C60F7E79C60A260F7E7B9
:10A950004020002038B5134D2B685B6993B1124A33
:10A96000022014681C4427F0E1FB204600F0CAFADC
:10A9700000230E492A680B70D088800709D501236F
:10A980000B7038BD022027F0D1FB022000F004FB41
:10A99000EEE79268002AF4D050690344012BEBD90A
:10A9A000EFE700BF402000203C200020843D002035
:10A9B00070B516469DF81420C0E903360271049A5A
:10A9C000BDF818300260002204460D468260C38044
:10A9D000EEB927F0A4FB2844A0619DB12E4626F0D5
:10A9E000C0FB0546FFF770FF31462046FFF786FFA4
:10A9F000104B1B68A34201D1FFF7ACFF284626F09D
:10AA0000B4FB02E0E36865617BB9002070BD27F00C
:10AA100086FB3044A061002DE0D1E3686561002B26
:10AA2000DDD0204621689847D9E72046216898471D
:10AA3000EBE700BF4020002000220C490B687BB1EF
:10AA400083420AD183687AB1936083681BB15A69E3
:10AA500041690A445A61002070471A469B68EEE734
:10AA60000028EFD0022070470B60EEE74020002066
:10AA700070B526F081FB144E05463478FCB9134BB3
:10AA80001C60134B1C60134B1C8000F0FDF901206F
:10AA900027F04CFB00F0A2FA0F4B0246186020B9D9
:10AAA000284626F06FFB232070BD234640F2E73195
:10AAB0000A4825F0CFFF0A4B18600123337028465F
:10AAC00026F060FB0020EFE7853D002040200020BD
:10AAD0003C200020AE3200204420002018FCFFFF64
:10AAE0003820002070B5044640B326F03AFB144EDF
:10AAF0000546FFF7E9FE3068A04209D02046FFF77F
:10AB00009BFF0446B0B1284626F02FFB204670BDBF
:10AB1000FFF792FF04460028F5D133683BB90220C5
:10AB200000F022FA284626F020FB0024EEE7FFF78B
:10AB300011FFF7E73368002BF4D1F0E72224E5E7B3
:10AB40004020002038B50C460546A8B1A1B100232D
:10AB50000B7026F011FB0121084B1B6833B926F05E
:10AB600011FB002038BD9D4204D121702278002ABB
:10AB7000F9D0F4E79B68F1E72220F3E740200020BA
:10AB8000F8B506460F4626F0F7FA00250446124BA4
:10AB90001B6823B9204626F0F5FA1B2011E05A69FC
:10ABA0001544DA88B2420DD127F0B9FA0B4E33685A
:10ABB000C01AA8420AD3002320463B6026F0E2FADE
:10ABC0000020F8BDFF2EEFD09B68E2E727F0A7FA40
:10ABD00033682B441B1AEFE7402000203C20002064
:10ABE00008B5084B1B7803F0FF004BB127F08BFA38
:10ABF000054B1B689B69C01A02288CBF00200120EE
:10AC000008BD00BF843D00204020002070B526F024
:10AC1000B3FA064627F083FA084B04461D88012044
:10AC2000ADB227F08FFA18B127F079FA0446013552
:10AC3000304626F0A7FA2046294670BDAE320020E5
:10AC4000014B1868704700BF44200020F8B50C4B3A
:10AC500005461B680E4683420FD3002440F2E730BE
:10AC60002146084B4FF47A721F680023E5FB070169
:10AC700025F0F0FE30602046F8BD2120FCE700BF43
:10AC80003820002044200020014B1868704700BF86
:10AC9000382000200F4B10B51A689AB14FF47A7122
:10ACA000531E1342A0FB01010ED1B2FA82F2C2F18F
:10ACB0001F04531CD243E04001FA03F3184321FA66
:10ACC00002F20243104610BD002325F0C3FE0246E7
:10ACD000F8E700BF4420002038B5154B14468342E6
:10ACE000144B8B4121D3144B1A68F2B14FF47A758F
:10ACF000A0FB050305FB0131531E134211D1B2FA2B
:10AD000082F2C2F11F05531CD24301FA03F3E8405B
:10AD100021FA02F218431043E940C4E9000100207F
:10AD200038BD002325F096FEF7E72120F8E700BFA5
:10AD3000EFA7C64B3789410044200020C2072DE908
:10AD4000F04704460BD5474A138801339BB2138062
:10AD5000FFF7BAFD444B1B680BB1FFF7FBFDA307E0
:10AD60007ED526F009FA4FF0000905464E46FFF75A
:10AD7000ABFDC8463C4F3C680CB163698BB1002207
:10AD80003A4B012E1A7003D119F0020F18BF1E7032
:10AD9000002C61D0FFF7DEFD2846BDE8F04726F025
:10ADA000F1B923465A693AB91A792179914288BF93
:10ADB0001C469B68002BF5D1284626F0E3F925694F
:10ADC000DDB127F0ACF9A269A0EB02094FEAE97303
:10ADD0004D4578EB030311DA23691344A361E3685B
:10ADE000B4F80690013613B120462168984726F042
:10ADF000C3F90546FFF768FDBDE7A94626F0BCF993
:10AE000082462046FFF718FE504626F0BBF923691C
:10AE1000002BE4D0A38BB5EB090533B1E28B1344CF
:10AE20009BB2B3F57A7F0FD2E38326F0A5F9814672
:10AE300029462046FFF762FDA3692269484613446C
:10AE4000A36126F09FF9CAE7A3F57A73E383A369A8
:10AE5000013D013BA361E8E7022000F085F89BE794
:10AE6000BDE8F087AE32002040200020833D002066
:10AE700010B526F081F9034B1C7826F083F9E4B273
:10AE8000204610BD833D00201FB500241A4B1868D2
:10AE90009A880290D3F806009B7A00901748ADF884
:10AEA0000C208DF8043026F008FD02A88DF808402B
:10AEB0008DF80C40FBF77AFC694601208DF80040C4
:10AEC000FBF730FC4FF0B0431F219A6922F01F02BC
:10AED0009A610B4A51619A6A12F00802FBD11A6218
:10AEE0000120FBF739FC0A20FCF712FE0A20FCF7D0
:10AEF00001FE04B010BD00BF18A803000C9D0300A4
:10AF00000020005810B5044626F02BF94FF0B0424F
:10AF1000936A1907FCD4136A116C5269120704D49E
:10AF2000CA1A032A01D899420ED1E21A022A98BFFE
:10AF3000DC1CB4F1FF3F38BF013C4FF0B0431C6450
:10AF40009A6942F008029A6126F00FF9054A1378CF
:10AF50003BB14FF0B041CB6B43F00203CB63002316
:10AF6000137010BD98490020820700F001030AD534
:10AF70000121084A43F0080311704FF0B041CA6B39
:10AF800022F00302CA634FF0B0418A6922EA030348
:10AF90008B61704798490020830742BF0822014B0C
:10AFA0005A6170470010005810B526F0E5F84FF0D0
:10AFB000B04304465B691A07074A03F0010003F037
:10AFC0000D0348BF40F002005361FFF7B7FE204673
:10AFD000BDE8104026F0D6B80020005807B5044B55
:10AFE00001A9187926F064FC019803B05DF804FB10
:10AFF000FC9C03000A4B10B5D3F8403203F0030366
:10B00000013B012B0BD826F0ACF8044601210220AD
:10B01000FFF7FEF82046BDE8104026F0A6B810BDA8
:10B020000080005024282DE9F341054604D82C4621
:10B03000204602B0BDE8F08100240B4E0B4FDFF834
:10B0400030800023CDF800801A461946386828F071
:10B05000E9FF8442EBD2252CE9D056F8043BAB4201
:10B06000E6D00134EDE700BFA0AB03005C44002054
:10B07000FFFF0F002DE9F04F634E644D31682868E3
:10B0800089B004F057FA0446002827D0336800241A
:10B09000D3E900019A6912689047336804A89B6954
:10B0A0009B689847336802209B69DB689847326841
:10B0B00005985368E7B2B3FBF0F3BB42916904F122
:10B0C00001044CD8CB680020984733689B695B68C3
:10B0D00098473168286804F02DFA04460026DFF806
:10B0E00048914B4FDFF84481DFF844A1F4B9494B54
:10B0F00028689B5D002B00F08280D7F800B002AB7F
:10B10000594603AA04F058FC504507D070B9039B78
:10B11000012B0BD05946286804F092FCD9F8003076
:10B1200059461A68286804F077FB04460136252E34
:10B1300009F1040907F1040708F10108D6D1B4FAAE
:10B1400084F3354A5B0913702B681B7C1BB1C52146
:10B150003248FDF793FC204609B0BDE8F08F126835
:10B160000B6907FB00209847A1E73B6803AA194435
:10B1700002AB019104F020FC5045034601992ED00A
:10B1800028682BB30BF1010B009B5FFA8BF19942FE
:10B190002868EAD3224B9B5D002BC7D0DDF800B0B6
:10B1A0005FFA8BF37E2B2868C0D8396802AB59440C
:10B1B00003AA009104F000FC5045B7D0009928681C
:10B1C00004F03EFC0BF1010B04460028E8D0ADE78B
:10B1D000039B7BB998F80020029B9A42D2D098F842
:10B1E0000030D9F80020286804F07EFA0028C9D081
:10B1F0000446CFE7019104F023FC0199EFE7094BE6
:10B20000A3469B5D0093BFE73C4400205C440020C4
:10B21000A0AB030079AB0300863D002034AC0300F3
:10B2200054AB03000AAB030024A803002FAB0300B8
:10B230000BE000F0F8B50D4616461F46FFF7F2FE8C
:10B24000242804461CD8164B1B780BB3154B1868E2
:10B25000154B53F82410154B1B5D3BB1324604F0DF
:10B2600027FB0446A0B126F094FF12E07F2D08BF13
:10B2700000253B46324651FA85F104F07FFAF0E7AB
:10B28000FF2808D981B23B463046EAB226F03CFEA0
:10B2900000242046F8BDFB210548FDF7EFFBF7E74A
:10B2A000863D00205C440020A0AB030079AB030086
:10B2B00034AC0300F8B50D4616461F46FFF7B2FE44
:10B2C000242804461CD8164B1B7803B3154B18686A
:10B2D000154B53F82410154B1B5D3BB1326804F03D
:10B2E0009BFA044698B126F054FF11E07F2D08BF69
:10B2F00000253B46324651FA85F104F0F5F9F0E7B6
:10B30000FF2807D93A46314680B226F006FE0024CF
:10B310002046F8BD40F235110548FDF7AFFBF6E7D2
:10B32000863D00205C440020A0AB030079AB030005
:10B3300034AC030010B5FFF775FE0A4B1B7813B948
:10B340000024204610BD084B002253F82010074B64
:10B35000186804F0EBFA04460028F1D026F019FF33
:10B36000EFE700BF863D0020A0AB03005C44002057
:10B3700073B516461D46002B6FD04BF234639842CE
:10B3800010D1082D28BF082535492A4630462EF011
:10B39000ACFB2A46304633492EF06BFB30B300201D
:10B3A00002B070BDC9B27F2980B208BF00219842A7
:10B3B00018D17F2241F202016846082326F0A4FD3D
:10B3C0000822684627492EF054FB30B908237F2213
:10B3D00041F2F011684626F097FD6B4603CB3060D2
:10B3E0007160DCE741F2F01398421CD11E4B701ED5
:10B3F000996CDA6C2B462C1F013B9C4200F8011F14
:10B400004FEA11210CD1002CC9D00423D9B207294D
:10B41000F2544FEA1222C2D001339D42F6D1BEE768
:10B42000002BE9D1BBE700F47043B3F5805F0AD18C
:10B43000C0F30B0404F17E642A46304605FB01414B
:10B440002EF053FBABE700F46043B3F5005FA6D1E9
:10B45000C0F30B0404F5FC24EEE72120A0E700BFB5
:10B460000200E00FF8AC03000080E00F30B5134697
:10B4700000F07E62B2F17E6F89B00DD10A46C0F352
:10B480000B016846FBF7A0FE20B14FF4BD710948DF
:10B49000FDF7F4FA09B030BD5A0826F07BFE00280B
:10B4A000F8D040F26F11034809B0BDE83040FDF715
:10B4B000E5BA00BF93AC03002DE9F7430446E0076B
:10B4C0000F46154604D540F2C5113748FDF7D6FAA8
:10B4D000E90704D54FF4E3713348FDF7CFFA04F4DC
:10B4E0007043B3F5805F41D1C4F30B042F4A04F1DC
:10B4F0007E646B1E2344934232D82646DFF8A89020
:10B5000006EB0508464544D1A2070ED04FF6FF735F
:10B5100037F8022BA01E43EA024304220DEB02017E
:10B520000193FFF7A3FF0234023DAB070ED0023DAB
:10B5300025F00103FB5A04226FEA03436FEA134329
:10B540000DEB020160190193FFF790FF25B12A4628
:10B5500039462046FFF78AFF002003B0BDE8F0839C
:10B5600040F2CB111048FDF789FAC6E704F46043B6
:10B57000B3F5005F04D1C4F30B0404F5FC24BCE76D
:10B580004FF4E9710848FDF779FA6FF00F060024CF
:10B59000B4E716F8013BFF2BB4D04FF4EE714846E8
:10B5A000FDF76CFAAEE700BF93AC0300FF03E00FBA
:10B5B0002DE9F04FE2289FB02CD8DC2808D870285D
:10B5C00000F0CC80C03883B2092B0AD900205CE09F
:10B5D000DE38042800F29680DFE800F09FA6B1B6BE
:10B5E000BD000928F2D801A353F820F0F7B60000F7
:10B5F000CDB50000CDB50000CDB50000CDB5000043
:10B60000CDB5000091B60000CDB50000E1B6000058
:10B6100027B60000F52800F0A480B0F58C7FD5D1C6
:10B620000BF028FF2EE02AF052FB044609A82AF06E
:10B63000B3FC0EF059F805462AF035FB06462AF011
:10B6400032FB07462AF02FFB0DF11C0A80465146BB
:10B6500008200DF1300B0EF04FF8594610200EF077
:10B660004BF82AF034FB81460EF03EF83346CDE924
:10B6700004902A462046CDE902ABCDE9007809A91D
:10B680000BF0A8FD0EF04EF801201FB0BDE8F08FC2
:10B690000EF02AF804460EF027F805460CA82AF00A
:10B6A0007BFC0EF021F806460EF01EF807460EF061
:10B6B00031F880460EF018F881462AF0F4FA291E77
:10B6C00018BF0121CDE90290201E334618BF01208A
:10B6D000CDE900780CAA29F044FE2AF0EEFAD3E76F
:10B6E0000EF002F80CA90BF0C3F92AF0E6FA0CA848
:10B6F0002AF08CFCC8E70CA82AF04EFC0CA80BF032
:10B700000FFABFE70DF0F0FF0CA90BF093FE2AF043
:10B71000D4FA0CA82AF0C9FCB6E70CA82AF03CFC25
:10B720000CA80BF00DFEADE70DF0DEFF04460CA8F3
:10B730002AF094FC20460CA90BF09EFFCDE70DF0FB
:10B74000D3FF0BF087FF9FE70CA82AF025FC0CA87D
:10B750000BF03AFE96E70BF067FF95E70CF018F850
:10B7600092E70DF0C1FF04462AF0B1FA01462046E7
:10B770000BF00AFE88E700BF2DE9F0436A288DB080
:10B7800000F2868032280DD80020D7E06FF49B733A
:10B790001844032800F27581DFE810F078017D017C
:10B7A0008C01940133383728EED801A353F820F0E8
:10B7B00033B9000043B9000089B7000083B9000025
:10B7C00089B70000E3B900002FBA000089B7000074
:10B7D00089B7000089B7000089B7000089B7000069
:10B7E00089B7000089B7000053BA000067BA0000AB
:10B7F00089B7000089B7000089B7000089B7000049
:10B8000089B7000089B7000089B7000089B7000038
:10B8100089B7000089B7000089B7000089B7000028
:10B8200089B70000E7BA000025BC000089B7000016
:10B8300089B7000089B7000089B7000089B7000008
:10B8400089B7000089B7000089B70000DDBA0000A1
:10B8500005BB00000FBB000089B700002DBB000036
:10B8600089B70000BBBB0000D9BB000089B700004E
:10B87000E9BB0000FFBB000089B70000CFB90000A2
:10B8800089B7000089B7000089B7000057BC0000E5
:10B8900040F21B13984200F0EA81B0F58E7F33D25C
:10B8A000EF2800F0DB8122D8822800F05D810DD8DE
:10B8B0007E2800F04C817F287FF466AF082009A91C
:10B8C0000DF01AFF09A81CF019FB87E0AE287FF4E1
:10B8D0005BAF2AF0E8F904460DF006FF05460DF0CF
:10B8E00019FF2946024620462DF0A0FD76E0F428F7
:10B8F00000F0AC81FE2800F08D81F3287FF444AF86
:10B9000009A814F03DFCACE1B0F59D7F3FF63CAFDB
:10B91000B0F59B7FBFF43AAF40F21D13984200F0A0
:10B92000A98140F2211398427FF42EAF1BF010F84A
:10B9300001E018F0A5FD0DF0F5FE01200DB0BDE809
:10B94000F0830DF0D1FE04462AF0ADF9054609A8B2
:10B950002AF012FA2AF0A7F906460DF0C5FE0746AE
:10B960000DF0D8FE07ABCDE901032946204600972C
:10B97000F3B209AA29F018FE2AF09FF99DF81C00DD
:10B98000D9E72AF090F905462AF08DF906460DF020
:10B99000ABFE074609A82AF0EFF90DF0A5FE804698
:10B9A0002AF081F904460DF09FFE81460DF0B2FEAB
:10B9B000E4B207ABCDE903033A4631462846CDE968
:10B9C0000084CDF8089009AB29F000FED4E70820E8
:10B9D00009A90DF091FE09A818F046FD2AF06DF9AD
:10B9E000ABE709A82AF0C8F90DF07EFE05462AF05B
:10B9F0005AF906462AF057F907460DF075FE8046BB
:10BA00002AF051F904460DF06FFE81460DF082FEDA
:10BA1000E4B207ABCDE9030332463B462946CDE904
:10BA20000084CDF8089009A829F0E0FDA4E72AF0E9
:10BA30003AF9044609A82AF09FF90DF055FE05468B
:10BA40000DF068FE2A46034609A920460CF0B0F91D
:10BA5000C4E72AF028F904460DF046FE01462046C8
:10BA600016F02AFBBAE72AF01EF904460DF03CFE58
:10BA700005460DF039FE2946024620460CF042FEEE
:10BA8000ACE72AF010F915F0F9FBA7E72AF00BF95B
:10BA900015F012FCA2E72AF006F909A904460820CD
:10BAA0000DF02AFE0DF020FE09A9024620461FF0E7
:10BAB000C7F993E7082009A90DF01EFE09A82CF08C
:10BAC000B8FE8BE72AF0EFF8044609A908200DF02C
:10BAD00013FE204609A92CF097FE2EE70DF004FE78
:10BAE00029F00CFE7AE72AF0DEF809A904460820BE
:10BAF0000DF002FE2AF0D7F809A90246204629F0E7
:10BB0000FBFD6BE70DF0F0FD1AF0EEFE13E70DF014
:10BB1000EBFD09A9044608200DF0EEFD2AF0C3F85C
:10BB200009A9024620461CF00DFA57E70DF0DCFD8E
:10BB300009AA07A91CF018F92AF0BFF8BDF81C00E3
:10BB40002AF0A7F8082009A90DF0FCFDF5E609A9DF
:10BB500008200DF0D1FD0DF0C7FD011E18BF012119
:10BB600009A81CF03BFA39E70DF0BEFD07A9044611
:10BB700008200DF0C1FD2AF096F805460DF0B4FD41
:10BB80000DF1190302930DF11A03019309AE031E7F
:10BB900018BF01232A4607A92046009629F049FD2F
:10BBA0002AF08BF8314608200DF0CCFDBDF81A00C4
:10BBB0002AF06FF89DF81900BDE609A908200DF0DC
:10BBC0009BFD07A909A811F057F82AF076F8BDF8EF
:10BBD0001C002AF05EF8B0E62AF065F809A911F019
:10BBE00071F82AF06AF8ADE70DF07EFD09A929F099
:10BBF00043FD2AF062F809A82AF0D6F89DE60DF078
:10BC000073FD044609A82AF0D9F8204609A929F0AD
:10BC100049FDE3E60DF068FD003818BF01202BF068
:10BC2000E0FADBE60DF060FD04460DF073FD05461D
:10BC30000DF05AFD06460DF057FD031E18BF0123F7
:10BC400032462946204629F0E2FCC7E62AF03FF8B2
:10BC500017F06AFD71E62AF06FFE6CE609A814F091
:10BC6000BDFA2AF02AF809A82AF0B1F865E62CF006
:10BC700030FDB3E60DF038FD04460DF035FD011E34
:10BC800018BF0121204613F027FAA7E62DE9F0435B
:10BC9000D328A9B000F23281C92806D84C2800F276
:10BCA000E98003284ED80020F1E1CA380928FAD8E3
:10BCB00001A353F820F000BF95C00000A7BC00000E
:10BCC000A7BC0000A7BC0000A7BC0000A7BC0000E8
:10BCD000EFC30000F9C30000A7BC0000DDC00000F6
:10BCE000B9380A28DFD801A353F820F01DC6000098
:10BCF000A7BC0000A7BC0000A7BC0000A7BC0000B8
:10BD0000A7BC0000A7BC0000A7BC0000B9C300008E
:10BD1000B3C30000ADC3000095380728C3D801A302
:10BD200053F820F05DC40000A7BC0000A7BC0000D1
:10BD3000A7BC000041C400004DC40000A7BC000027
:10BD400017C2000004384828ADD801A353F820F0EA
:10BD500091C50000A7BC0000A7BC0000A7BC000064
:10BD600011C60000A7BC0000A7BC0000A7BC0000D3
:10BD7000A7BC0000A7BC0000A7BC0000A7BC000037
:10BD800067C40000C9C40000A7BC0000A7BC000035
:10BD9000A7BC000081C000009FC00000A9C0000037
:10BDA000B7C00000A7BC0000C1C00000A7BC0000D5
:10BDB000A7BC0000F1C00000F7C0000005C10000F2
:10BDC000DBC10000E5C100000DC20000A7BC0000FF
:10BDD000A7BC0000A7BC0000A7BC0000A7BC0000D7
:10BDE0003BC20000AFC20000A7BC0000A7BC00001F
:10BDF000A7BC0000A7BC0000A7BC0000A7BC0000B7
:10BE0000A7BC0000A7BC0000A7BC0000A7BC0000A6
:10BE1000A7BC00003FC50000A7BC000087C500000C
:10BE2000A7BC0000A7BC0000A7BC00001BC100000D
:10BE300017C60000A7BC0000D7C30000A7BC0000C5
:10BE40004FC50000A7BC0000A7BC0000A7BC0000B5
:10BE5000A7BC0000A7BC0000A7BC0000A7BC000056
:10BE6000A7BC0000A7BC000023C300005DC5000004
:10BE70006FC500009C282AD894283FF64DAF7A2839
:10BE800000F0BD827B2800F0BD8279287FF40BAFE3
:10BE90000DF02AFC06A912F083F829F00EFFBDF878
:10BEA000180029F0F6FE9DF81A000DF03BFC9DF8F5
:10BEB0001B000DF037FC9DF81C000DF033FC9DF8C5
:10BEC0001D000DF02FFC0DF11E01082058E3C328C2
:10BED0003FF6E9AEB8283FF603AFAC2800F0428247
:10BEE000AD287FF4E0AE06A908200DF005FC29F08E
:10BEF000EEFE014606A812F05FFAC5E0F73883B2FD
:10BF00005A2B3FF6D0AE5A283FF6CDAE01A353F8D8
:10BF100020F000BF1DC50000D3C40000FFC4000016
:10BF200009C5000023C50000A7BC00008BC20000AB
:10BF3000A7BC000057C40000A7BC0000A7BC0000BD
:10BF4000A7BC0000A7BC0000A7BC0000A7BC000065
:10BF50007BC30000A3C30000A7BC0000A7BC000077
:10BF6000A7BC0000A7BC0000A7BC0000A7BC000045
:10BF7000A7BC0000A7BC0000A7BC0000A7BC000035
:10BF8000A7BC0000A7BC0000A7BC0000A7BC000025
:10BF9000A7BC0000A7BC0000A7BC000027C600008B
:10BFA0003FC60000A7BC0000A7BC0000A7BC000063
:10BFB000A7BC000053C60000A7BC0000A7BC00003F
:10BFC00069C6000073C6000079C6000089C600007B
:10BFD000A7BC000059C60000A7BC0000A7BC000019
:10BFE000A7BC0000A7BC0000A7BC0000A7BC0000C5
:10BFF000A7BC0000A7BC0000A7BC0000A7BC0000B5
:10C00000A7BC0000A7BC000085C300008FC30000D0
:10C01000A7BC0000A7BC0000A7BC0000A7BC000094
:10C02000A7BC0000C9C20000CDC20000C9C2000008
:10C03000D3C20000D9C20000F9C20000FFC2000054
:10C040000BC3000017C300001DC30000E3C20000C3
:10C05000E9C20000A7BC0000A7BC0000A7BC00000C
:10C06000A7BC0000A7BC0000A7BC0000A7BC000044
:10C0700063C60000A9C40000AFC40000B5C400003E
:10C0800029F011FE1CF0F4FD29F017FE012029B063
:10C09000BDE8F0831CF0E6FD29F0FBFDF6E729F092
:10C0A00002FE1CF0EBFDEFE706A829F0E2FE06A871
:10C0B00013F002FCE8E710F0EDF90DF033FBE5E7D3
:10C0C0000DF012FB044629F002FE05460DF00CFBB4
:10C0D00029460246204611F079FAD5E729F0F7FD06
:10C0E00004460DF001FB014620462AF0F5FECBE7A1
:10C0F0002AF0EDFEC8E706A829F022FE06A813F0F4
:10C10000D1FAC1E70DF0F0FA044606A829F018FEAE
:10C11000204606A92BF098F8B6E70DF0E5FA1622AE
:10C120000021044606A82DF0CEFC0DF0DDFA8DF8B6
:10C130001C000DF0D9FA8DF81D000DF0D5FA8DF820
:10C140001E000DF0D1FA8DF81F000DF0CDFA8DF81C
:10C1500020000DF0C9FA8DF821000DF0C5FA8DF818
:10C1600022000DF0C1FA003818BF01209DF82530DB
:10C1700060F300038DF825300DF0B6FA003818BFD3
:10C1800001209DF8253060F341038DF825300DF036
:10C19000ABFA003818BF01209DF8253060F3820308
:10C1A0008DF8253029F07FFDADF8180029F07BFDD2
:10C1B0000DF12601ADF81A0008200DF09DFA0DF0E2
:10C1C00093FA05460DF090FA031E18BF012320468E
:10C1D0006AB206A913F0B8F956E70DF085FA2BF00C
:10C1E000A3F851E70DF080FA044629F070FD0546EA
:10C1F0000DF07AFA06460DF077FA0346201E324615
:10C20000294618BF012029F075FA3DE70DF06CFAB8
:10C2100012F032FF38E729F046FD044629F057FDB9
:10C2200005460DF061FA064629F03DFD324603460B
:10C23000294620461CF09CFA26E706A905A829F005
:10C2400046FA29F03AFD9DF814000DF06BFA06A9A4
:10C2500008200DF077FABDF8200029F01AFD9DF8AE
:10C2600022000DF05FFA9DF823000DF05BFA9DF8B7
:10C2700024000DF057FABDF8260029F00AFD9DF8BC
:10C2800028000DF04FFA0B98FEE60DF02DFA06A9E6
:10C2900010F086F929F011FD9DF818000DF042FA12
:10C2A0009DF819000DF03EFA9DF81A0005E705A962
:10C2B00006A829F00EFA0DF035FA082006A90DF0AF
:10C2C00041FABDF81400E7E60020F6E600F01AFF98
:10C2D000F3E611F015FCD7E629F0F9FC11F0A6FD04
:10C2E000D2E610F02BFCD7E610F028FC10F0070F78
:10C2F0000CBF01200020E0E62AF0BBFFDDE610F0D5
:10C300001DFCB0FA80F04009D7E61AF021FB80F05E
:10C310000100C0B2D1E610F09FFCB7E62AF07DFB29
:10C32000B4E60DF0E1F906A91EF008FC29F0C5FC01
:10C3300006A908200DF006FA9DF820000DF0F2F98C
:10C34000BDF8220029F0A5FC9DF824000DF0EAF9C3
:10C350009DF825000DF0E6F99DF826000DF0E2F9B4
:10C360000A9891E60DF0C0F9044606A829F039FDB7
:10C37000204606A92CF0B2F986E60DF0B5F92CF0AE
:10C38000BBFF89E60DF0B0F921F0C6FCC1E70DF066
:10C39000ABF904460DF0A8F941B2204621F0D2FCD9
:10C3A00074E629F080FC2CF0A9FF86E629F03DF91F
:10C3B00083E629F03CF980E60DF096F905AA06A976
:10C3C00029F031F929F079FCBDF8180029F061FC59
:10C3D0009DF8140071E6082006A90DF08DF905A955
:10C3E00006A811F0C9FF29F068FC05984CE60DF08D
:10C3F0007BF929F014F947E629F013F95DE611F00D
:10C40000C1FD5AE60DF070F906A91FF01DFB29F0D9
:10C4100054FCBDF8180029F03CFCBDF81A0029F0C6
:10C4200038FC9DF81C000DF07DF99DF81D000DF005
:10C4300079F99DF81E000DF075F99DF81F003CE696
:10C440000DF052F940B22AF03AFA1DE60DF04CF91F
:10C4500012F0ECFE18E62AF05BFA2EE60DF044F935
:10C460002AF064FA10E60DF03FF9044629F01BFCAF
:10C47000054629F018FC064629F015FC07460DF084
:10C4800033F980460DF030F981460DF02DF9CDE9F4
:10C490000190201E3B463246294618BF0120CDF8A8
:10C4A000008029F0A9FAEFE52CF0CAFFEEE52CF0A8
:10C4B000C9FFEBE529F00BFC044629F0F4FB01462B
:10C4C000204621F0BDFEE1E50DF00EF929F092FACB
:10C4D000DAE50DF009F904460DF006F905460DF010
:10C4E00003F906460DF000F907460DF0FDF8324657
:10C4F0000090294620467BB22AF0C9F9C4E50DF028
:10C50000F3F82AF0C6F9BFE50DF0EEF804460DF099
:10C51000EBF841B220462AF0BEF9B5E521F016FA53
:10C52000B2E50DF0E1F804460DF0DEF805460DF039
:10C53000DBF82946024620462AF0AFF9A4E506A812
:10C540002AF09CF929F0B9FB9DF81800B5E506A87A
:10C5500029F0DFFD06A82AF093F995E506A82AF050
:10C5600091F929F0AAFB06A829F0C6FD8EE50DF089
:10C57000BBF806A929F0C4F829F09FFB862006A97C
:10C580000DF0E0F882E50DF0AFF813F08DFE7BE5DD
:10C590000DF0AAF806A913F055FE29F08EFB9DF8C0
:10C5A0001C000DF0BFF89DF81D000DF0BBF89DF8C4
:10C5B0001E000DF0B7F89DF81F000DF0B3F89DF8C0
:10C5C00020000DF0AFF89DF821000DF0ABF89DF8BC
:10C5D00022000DF0A7F89DF8250000F001000DF0F5
:10C5E000A1F89DF82500C0F340000DF09BF89DF8E0
:10C5F0002500C0F380000DF095F8BDF8180029F073
:10C6000048FBBDF81A0029F044FB0DF126015CE45B
:10C6100013F044FE51E513F0F3FD35E50DF064F839
:10C6200012F02CFE30E506A829F08AFB0DF05CF82C
:10C63000011E18BF012106A813F08EF824E529F089
:10C6400032FB04460DF050F80146204615F024F95F
:10C650001AE512F079FA30E506A82AF0D6FD06A907
:10C6600033E426F066F928E50DF03EF811F0DAFC27
:10C670000AE511F0E5FC20E50DF036F8003818BFAA
:10C68000012011F0E3FC01E511F0E6FC15E500BF27
:10C690002DE9F041B0F5957F98B009D2B0F5867FCD
:10C6A00008D2762870D8662848D8142800F0DF8091
:10C6B00000208BE0A0F586701D28F9D801A353F85F
:10C6C00020F000BFBDC8000021C90000D7C800008D
:10C6D000F9C8000037C9000045C900005FC9000063
:10C6E0006FC90000F1C7000013C800008FC8000028
:10C6F000B1C60000B1C60000B1C60000B1C600005E
:10C70000B1C60000B1C60000B1C60000B1C600004D
:10C71000B1C60000B1C60000B1C60000B1C600003D
:10C72000B1C60000B1C60000B1C60000B1C600002D
:10C73000B1C6000085C900008FC9000067380F2806
:10C74000B6D801A353F820F04DC8000093C70000ED
:10C75000D3C70000B1C6000089C800007FC8000030
:10C76000B1C60000B1C60000B1C60000B1C60000ED
:10C77000B1C60000B1C60000B1C60000B1C60000DD
:10C780002FC8000065C80000B12891D101F0FCF964
:10C7900019E029F088FA0DF13601ADF834001020C7
:10C7A0000CF0AAFF0DF1460110200CF0A5FF0CF0D3
:10C7B0009BFF0DF157018DF8560008200CF09CFFEF
:10C7C0000DA81AF001FA29F078FA012018B0BDE896
:10C7D000F0810DA81AF0F2F829F06FFABDF83400D4
:10C7E00029F057FA08200DF136010CF0ABFFECE709
:10C7F0000DA829F0D4FC09A90DA826F0A1FC29F068
:10C800005CFA102009A90CF09DFF0DA829F0ADFCE1
:10C81000DBE70DA829F0C3FC09A910200CF06CFF80
:10C8200009A90DA826F06DFC29F047FAEDE70DA93E
:10C8300008200CF061FF0CF057FF011E18BF01210A
:10C840000DA826F086FE0CF06DFFBEE729F02BFA4E
:10C8500004460DA908200CF04FFF20460DA91FF03B
:10C86000AFFDB0E70CF040FF26F085FEABE70820F7
:10C870000DA90CF041FF0DA819F08CF9A3E70CF0FD
:10C8800033FF19F04FFA9EE717F044F99DE70DA822
:10C8900026F001FC29F011FA9DF834000CF042FF5B
:10C8A0009DF835000CF03EFF9DF836000CF03AFF85
:10C8B0009DF837000CF036FF0E9884E70DA829F09C
:10C8C0006EFC09A90DA826F031FD29F0F6F909A89A
:10C8D00029F07EFC99E70CF007FF044609A908201F
:10C8E0000CF00AFF0DA910200CF006FF20460DAA3F
:10C8F00009A926F052FC66E70CF0F6FE09AB05AA82
:10C900000DA926F036FD29F0D8F90DA829F02DFC47
:10C91000102005A90CF016FF09A829F059FC54E7CE
:10C9200003A908200CF0E8FE09AB05AA0DA903A88D
:10C9300026F03CFDE7E70DA829F031FC0DA826F014
:10C9400048FB40E709A908200CF0D6FE0DA91020ED
:10C950000CF0D2FE0DA909A826F04EFC33E70CF02E
:10C96000C3FE09AB05AA0DA926F075FDCBE703A907
:10C9700008200CF0C1FE09AB05AA0DA903A826F0FA
:10C9800048FDC0E729F0A3F918F056FF1DE70CF0A9
:10C99000ABFE06460CF0A8FE04460CF0BBFE0546B6
:10C9A0000CF0A2FE07460DF13408414608200CF0B9
:10C9B000A3FE301E21463B462A4618BF0120CDF873
:10C9C00000802BF0FBFA29F078F9294620460CE785
:10C9D00030B5DC2891B063D8B12804D8252800F000
:10C9E000FA80002071E0B2382A28FAD801A353F85F
:10C9F00020F000BFABCA0000CFCA00002DCB000062
:10CA000049CB0000E3C90000E3C90000E3C900000E
:10CA1000E3C9000091CB0000E3C9000053CB000044
:10CA200069CB00007DCB000077CB0000E3C900009C
:10CA3000E3C90000E3C90000E3C90000E3C9000046
:10CA4000E3C90000E3C90000E3C90000E3C9000036
:10CA5000E3C90000E3C90000E3C90000E3C9000026
:10CA6000E3C90000E3C9000003CB0000E3C90000F4
:10CA7000E3C90000E3C90000E3C9000087CB000060
:10CA800097CB0000A1CB0000ABCB0000B1CB0000E6
:10CA9000B7CB0000BDCB0000C3CB0000CDCB000066
:10CAA000F6289ED122F06EF80EE005A829F0F3F9E1
:10CAB0000CF01AFE04460CF017FE214642B205A8FF
:10CAC0002CF018FD29F0F9F8012011B030BD01A9B2
:10CAD00010200CF011FE29F0FAF805900CF004FE7D
:10CAE0000DF119018DF8180010200CF005FE0DF164
:10CAF000290110200CF000FE05A901A82CF0D7FD9B
:10CB0000E0E729F0E4F805900CF0EEFD0DF11901D5
:10CB10008DF8180010200CF0EFFD10200DF1290108
:10CB20000CF0EAFD05A82CF0BDFDCBE729F0CFF80D
:10CB300004460CF0D9FD05460CF0D6FD69B202465C
:10CB4000204621F0ABFFBDE729F0C1F822F020F824
:10CB5000B8E705A901A82CF017FE01A829F0BFF934
:10CB600005A829F0EDF9AFE705A829F0D1F905A846
:10CB70002CF013FEA8E72CF06BFFA5E72CF013FEBA
:10CB80000CF0D0FDA0E70CF0AFFD2CF0BCFD9BE756
:10CB90002CF0C1FDF4E70CF0A7FD21F079FF93E73D
:10CBA00029F081F82CF007FE8EE721F0B5FEE7E7CB
:10CBB00022F034F8E4E722F07DFB83E722F080FBEB
:10CBC00080E729F084F822F081FB7DE729F07FF8E7
:10CBD00022F082FB78E722F02BFB75E7032208B5F1
:10CBE000054B00201A8029F0A1FEBDE8084002464E
:10CBF0000021024809F08CB9803B00201EAD0300E3
:10CC000038B50F4DFCF7B0FA2B886BB90D4C238863
:10CC100063B900230A482380FCF758FC288820B118
:10CC20000EF09CFF084B1860012038BD25F0F0F88D
:10CC3000064B1B88C01A238880B28342E9D3EDE7F4
:10CC4000B4320020B032002048200020B232002050
:10CC5000034B1A881AB13C20024928F040B97047AA
:10CC6000B4320020EBA7030038B50446064DFFF7A9
:10CC7000EFFF21462888FCF72DFA00232B80BDE822
:10CC80003840FCF771BA00BFB4320020002273B5FF
:10CC9000054610460E4629F07AFB044630B1054A97
:10CCA00000962B460021128829F0CDFC204602B0C8
:10CCB00070BD00BFB432002008B5034B18880EF0D9
:10CCC00069FFC0B208BD00BFB432002010B5054CEA
:10CCD0000146204629F08FFC20880EF03FFF024BD2
:10CCE000186010BDB43200204820002038B5002163
:10CCF000094829F0D5FB05460EF04CFF074B0446CA
:10CD000028461D800EF02AFF054B50FA84F4186067
:10CD1000044B01201C6038BDBE3B0020B432002013
:10CD200048200020042F002010B5044625F070F89C
:10CD3000024B1880024B1C8010BD00BFB232002095
:10CD4000B032002008B50FF093FE28B1BDE80840CE
:10CD500043210248FBF792BE08BD00BF45AD03006A
:10CD6000014829F05CBD00BF4C20002013B51C48D1
:10CD700029F01EFD24F03EF824F0CBF824F0CAF888
:10CD800024F0C9F8FBF728FE0446FBF75BFE2346B8
:10CD90000121144A0090042000F0B6F8FBF716FEBB
:10CDA0000446FBF75DFE23460F4A01210090042054
:10CDB00000F0AAF8FBF710FE012340F2A1728340B5
:10CDC00013420BD00020FBF70DFD0020FBF70CFCFD
:10CDD000002002B0BDE81040FBF7D2BB02B010BD8E
:10CDE0004C200020ADAD0300C3AD0300012908B500
:10CDF00009D1FCF721F8084B187060B1BDE8084074
:10CE00000020FCF70BB831B9034B1B781BB1BDE810
:10CE10000840FBF7CFBF08BD99490020012008B5A5
:10CE2000064B187025F0F2FA022025F0EFFABDE863
:10CE3000084003490348FDF765BA00BF873D00205D
:10CE4000944400207C20002070B525F0D8FD10F01F
:10CE5000070F194D09D02B781BB90120287025F038
:10CE6000D5FABDE8704025F000BE144C2378032BA2
:10CE7000F1D925F0DBFA0028EDD025F0C0FD10B97E
:10CE80002378032B14D825F0F0FD04460028E2D0C7
:10CE90002B785BB100262E7024F063F905463146ED
:10CEA0000120FDF7B5F9284624F05FF9204670BD52
:10CEB0004FF0FF34ECE700BF873D0020543E0020D8
:10CEC0001FB5FFF7C1FF0446FDF7DEFEA04228BFF5
:10CED000204688B103A9FDF7B9FE034638B9CDE96C
:10CEE0000000064A0399064825F0CAF818B18D21BA
:10CEF0000448FBF7C3FD012004B010BD0B24030060
:10CF00005C200020E3AD03000CB413B502460C46D0
:10CF100025F09BFA60B9094B1B681A4208D005A995
:10CF20000498019101F01EF914B1054826F02CFD7A
:10CF300002B0BDE8104002B0704700BF9C44002022
:10CF400046AE03002DE9F34102AB03E906000446B7
:10CF500090460FF017FA054620460FF023FA394F96
:10CF60009DF80060384BFDB1202C98F8002033F874
:10CF7000141037F8140008D9814254D34FF6FF72C9
:10CF800091421DD102B0BDE8F081012A32D84FF69E
:10CF9000FF752E4802EB4212224430F81210A942CB
:10CFA00002D0013120F8121033F8141037F81400B1
:10CFB000814238D34FF6FF7291424FF0010502D003
:10CFC000013123F8141004F0FD02092A2DD19A8AA8
:10CFD000B98A32448A42B4BF9A82998233F81430B3
:10CFE0008342CFD3002DCDD1204602B0BDE8F04121
:10CFF00025F09DBB022AD7D14FF6FF704FF6FF7583
:10D00000124A32F81410814218BF013104F1210094
:10D0100018BF22F8141032F81010A9421CBF0131B9
:10D0200022F81010C0E70025CAE71D2CD6D15A8F70
:10D0300091198142BDBF02F1FF32B6185E87588751
:10D04000CCE700BF3A3300208C330020B6320020FA
:10D0500008B55222002102482CF035FD002008BD01
:10D060008C33002008B55222FF2102482CF02BFD02
:10D07000002008BD3A330020024B23F81010002096
:10D08000704700BF3A33002038B505464FF40050D2
:10D090000C4623F081FE4FF400532860236030B922
:10D0A0004FF4C371BDE838400148FBF7E7BC38BD19
:10D0B00048AE030000487047023A0020014B187840
:10D0C000704700BFB7490020014B1880704700BF70
:10D0D00066490020014B1888704700BF6649002050
:10D0E000014B187000207047AD490020014B1878A3
:10D0F000704700BFAD490020014B187000207047F9
:10D10000A3490020014B1878704700BFA3490020B5
:10D11000014B1878704700BFA5490020014B1878D3
:10D12000704700BF8F3D0020014B1870704700BF53
:10D130008F3D0020014B1878704700BF8E3D0020C6
:10D14000014B1870704700BF8E3D0020014B1878CE
:10D15000704700BFA6490020014B1870704700BF00
:10D16000A6490020014B1888704700BF6449002081
:10D17000014B1880704700BF64490020014B1878AC
:10D18000704700BFAE490020014B1870704700BFC8
:10D19000AE4900202DE9F74F414B424A0193424BE3
:10D1A000DFF844911B78DFF84481DFF844E1DFF8D1
:10D1B00044C13E4F3E4E3F4D3F49404802EB431A6B
:10D1C000019B524503F1200309F1200908F12008D1
:10D1D0000EF1200E0CF1200C07F1200706F12006BD
:10D1E00005F1200501930FD100221146344B324D39
:10D1F0001C78344E344B314FD0B2844203F12003BB
:10D2000046D803B0BDE8F08F304B314C536000235B
:10D2100049E907432F4CDFF8E0B048E907432E4CBB
:10D22000C2E902304EE907432C4C11604CE9074338
:10D230002B4C136147E907432A4C49E9050348E9A8
:10D2400005034EE905034CE9050347E9050349F8E1
:10D25000201C48F8201C4EF8201C4CF8201C47F8D5
:10D26000201C46F8201C46E90743019C45E907B30A
:10D27000DFF888B046E9050345E9050344E907B34B
:10D2800044E9050345F8201C44F8201C203297E7A8
:10D2900043E9085643E9061743F8101C0132ABE78F
:10D2A000282A0020482B0020BD490020882A002081
:10D2B000682A0020482A00206C30002020A10300AA
:10D2C000B5490020895C0200C82A00201D05020023
:10D2D0009F710300BD19020085A70200CB850300E2
:10D2E0000D3D0200E9610100282B0020082B0020E1
:10D2F000E82A0020A82A002041E1020025010200BE
:10D30000002208B5074B1A605A6025F050FB064B07
:10D31000187025F04CFB054B1870054B1A78054B1F
:10D320001A7008BD0E300020513E0020503E0020F3
:10D33000A44900204F3E0020002100B593B00846CC
:10D340006A460DF0E1FC0146C8B90E4B0E4A09933E
:10D350000E4B0D920A930E4A0E4B0E920B930E4AF1
:10D360000E4BCDE90F230C930D4B6A4611930DF034
:10D37000DFFF003818BF012013B05DF804FB012067
:10D38000FAE700BF5F6C0300591302005D6E0300F3
:10D39000A5D80100FB290300DD2A0200DF6E03008F
:10D3A0002D0D0200074B1878112803D8064B0341B6
:10D3B000DA0704D5A0F143035842584170470120D1
:10D3C000704700BF533E0020CBFFFDFF08B5064B62
:10D3D0001B78013B022B05D80020FFF7E3FF013843
:10D3E000C0B208BDFF20FCE7543E0020044B00F112
:10D3F000100250F8041B904243F8041BF9D1704707
:10D40000553E0020044B03F1100253F8041B9342D5
:10D4100040F8041BF9D17047553E00200022034B11
:10D420001870034B1970034B1A707047663E00204A
:10D43000673E0020653E00202DE9F04FDFF8908028
:10D44000064698F800300D4685B0002B3AD04FF6CE
:10D45000FB73984236D84FF0000B1C4FDFF874A0D6
:10D460003C7898F800305FFA8BF94B459AF8000049
:10D4700011D9484402AA0DF10601C0B21AF074FC99
:10D48000082229460DEB02002CF0F3FA0BF1010BF8
:10D490000028E6D14C463B78A34208D198F80020FA
:10D4A000631CDBB29A423B7004BF00233B703246E0
:10D4B00029469AF800301C44E0B205B0BDE8F04FB0
:10D4C0001AF040BD05B0BDE8F08F00BF653E0020FA
:10D4D000673E0020663E0020F0B50546071D00228D
:10D4E0000C463846082193B029F0DBF96A7B0646E2
:10D4F000D0070BD5687808A900F0F2F9DDF83D30C7
:10D500006B60DDF841307B6080B101E0910702D4AF
:10D510002D2013B0F0BDD2000121384602F0800268
:10D5200000F02AFAFF286870F2D0E6B119236A7871
:10D53000194601A824F0DBFC9DF81C305B0604D5DD
:10D540004FF4C0710A48FBF799FA234603AD07ACC4
:10D550002A4603CAA24218605960154603F108031F
:10D56000F6D10020D5E708A900F0BAF9CCE700BF52
:10D57000C2AE03002DE9F04307468BB01D48884634
:10D5800016460025FFF73EFF002D01AB0CBF3620ED
:10D590005C2000249946174A12F8011B0134E4B2BA
:10D5A0004140102C03F8011BF6D105A82AF048F9D8
:10D5B0004A46214605A82AF047F9BDB941463A46F0
:10D5C00005A82AF0A9F9324605AC0DF1240C234632
:10D5D00003CB6345106051601C4602F10802F6D18E
:10D5E00015B10BB0BDE8F0830125CDE732462146E9
:10D5F000E6E700BF883E00202DE9F04F174699B0BE
:10D600009DF88CB0DDF890901D46DFF8DC80344B3F
:10D6100082460C462022002110A89DF8886088F8D8
:10D6200000B00F932CF04FFA4F4504D02A463946EC
:10D6300048462CF02EFA4FEA0B4303F47C1343F0D8
:10D64000A86343F480737819711B09EB050C6CB364
:10D650000DAACDE90AB209EB060209920EAACDE99C
:10D6600007120D22CDE9051CCDE90350CDE900A23A
:10D670001C49102202970FA8F9F714FE07460FA8BD
:10D6800025F0FAFF17F1950F24D02FBB0E9B761BC8
:10D69000F6B29E4220D10CB398F800000D9B984240
:10D6A00014BF2120002019B0BDE8F08F0EAACDE9EB
:10D6B0000912BA19CDE905120D22CDE90350CDE9C1
:10D6C00000A2CDE907BC1022064902970FA8F9F77E
:10D6D000A9FED3E72C20E6E72120E4E72046E2E795
:10D6E00000248000883E0020BE490020F0B50026BE
:10D6F000074693B0194B0C461546314620220AA81E
:10D70000CDE908632CF0DFF9102208ABDFB1CDE9D9
:10D710000523CDE90325CDE90164114B114900969C
:10D7200009A824F0BFF8044609A825F0A5FF14B9FC
:10D73000089B102B04D040F23E210B48FBF79EF9CA
:10D74000002013B0F0BDCDE90323CDE90125044B42
:10D750000449009409A824F0A7F8E4E70024800015
:10D7600000444004883E0020C2AE030030B50546A8
:10D7700089B0694625F0E4FC6B8804ACABB1224665
:10D780002946684625F02FFC0E4A08AD234603CBF8
:10D79000AB42106051601C4602F10802F6D1094804
:10D7A000FFF724FE002009B030BD6B46054D1A4638
:10D7B00003CAA24228606960134605F10805F6D144
:10D7C000EDE700BF883E002050B10B4B0B4A03F140
:10D7D000100153F8040B8B4242F8040BF9D1704747
:10D7E000064B054A03F1100153F8040B8B4242F833
:10D7F000040BF9D1704700BF883E0020683E00202E
:10D8000008B5102202482CF044F9002008BD00BFE2
:10D81000783E002008B50846102202492CF039F95C
:10D82000002008BD783E00202DE9F04186B0064674
:10D8300003A80C4619F0C2F8054600284AD1BDF8E5
:10D840000C30980646D51022294620462CF03BF98C
:10D8500001A818F06DF8C0B1777B06F1040817F045
:10D86000020F06D00822404601A92CF002F9002838
:10D870002ED101AB47F0020703CB7060C8F804104B
:10D880007773238843F008032380238843F002033F
:10D89000238017F0F3FB606029F0C0F830B10E4B25
:10D8A0001B68A360238843F0040323800B4B1A6892
:10D8B000D1035EBF238843F010032380130203D5F6
:10D8C000238843F400632380284606B0BDE8F08136
:10D8D0002D25F9E72425F7E7782B00207C2B002065
:10D8E00030B5234B05461B780C46834289B03DD9A1
:10D8F00019230246194601A824F0F9FA182101A8B3
:10D900002AF03DFC10B9292009B030BD01AB03CB92
:10D910009DF81C30C4F8211013F0020F14BF082228
:10D920001822590748BF42F020022280C4F81D0087
:10D93000180642BF228842F400722280D907E2D53D
:10D940000523A3700B4B53F82530A36117F09CFB04
:10D950002388606143F0060222809DF81C2000208D
:10D96000520644BF43F086032380CDE72720CBE750
:10D97000A7490020842000202DE9F04F8FB00646F3
:10D9800002A80C46174625F093F804238DF80830BA
:10D990009DF8153043F001038DF81530002C56D05A
:10D9A0006B462C4A1068516803C39EB10822694631
:10D9B00030462CF05EF8B0FA80F56D094FF00009A2
:10D9C000DFF898A09AF800305FFA89F4A34203D8F0
:10D9D000FF2435E00125F1E71922FF2107A82CF0EB
:10D9E00072F819232246194607A824F080FA9DF8F8
:10D9F0003480B8F1FF0F03D188211748FBF73EF8B8
:10DA00003DB1082107A82AF0BAFBC8B109F1010904
:10DA1000D8E702A88DF8094025F0DBFA08228346F2
:10DA2000314607A82CF025F85BEA0000EED118F08B
:10DA3000010FEBD0FF2F03D037B918F0800FE5D1DD
:10DA400020460FB0BDE8F08F37EA0808F7E7022458
:10DA5000F6E700BF84AF03002DAF0300A749002005
:10DA6000F0B5324B0D461B7814468B4293B05AD911
:10DA700080B11922002108A82CF025F800242C4B95
:10DA8000294643F82540192308AA184624F038FAF5
:10DA9000204618E002F11D0630466A4604AB08A98C
:10DAA00025F084FC88B130460FF0A2F9C0B1FF2701
:10DAB000384608A9FFF714FF2288BDF820305340EC
:10DAC0009A050DD4212013B0F0BD30469DF8217089
:10DAD0000FF08EF90028EBD1FF2F01D0BD42E7D126
:10DAE00023889B0512D5D4F81D00716808AB03C3C9
:10DAF00024F0D8FF002814BF0122032223889B10A2
:10DB000023F07F0313438DF83830B7E704A817F0EC
:10DB10000FFF0028E7D00822304604A92BF0A9FF08
:10DB20000028E0D1CEE72720CDE700BFA74900209D
:10DB30008420002070B5134B04461B780D468342A9
:10DB4000164688B01CD919230246194601A824F0AC
:10DB5000CEF9192101A82AF012FB10B9292008B02A
:10DB600070BD9DF81C30214623EA06021923154397
:10DB7000184601AA8DF81C5024F0C2F90020EEE7E7
:10DB80002720ECE7A749002038B50024054D2B7865
:10DB9000E0B2834201D8002038BD25F0ECFC01340E
:10DBA000F5E700BFA74900202DE9F04398461E4B3A
:10DBB00081461B780E46174685B0ABB9C6B91B4BDC
:10DBC00018689B880190ADF80830194B1C68A4B107
:10DBD000184B1D788DB104EB450534F8023B9F428C
:10DBE0000ED0A542F9D103E025F0A6FC0028E5D12E
:10DBF0000126304605B0BDE8F083032501ACEAE715
:10DC0000B8F1000FF5D19DF83430BDF8302047F45D
:10DC1000004101A82AF0E0FC8D234846064A01A9EC
:10DC20001AF09CFCE5E700BFBF4900208CAF030061
:10DC3000802B0020983E00201BD603002DE9F04FDA
:10DC40009B4691B00B1E0A93AD4B904614BF814684
:10DC5000994600241A9E9BF8000070B9444538BFCD
:10DC6000224643464FF000000A9928BF08F1FF32D0
:10DC7000C847204611B0BDE8F08F25280BF1010BF5
:10DC800006D0224643460A99651CC8472C46E2E75F
:10DC900000230DE02D2A2AD0302A06D0303A092A56
:10DCA0004FF0000711D80A2532E043F001038B46FC
:10DCB000594611F8012B2B2A1CD0EBD8202A1CD056
:10DCC000232A1DD02A2A2BD000279BF800202E2A99
:10DCD00064D19BF801100BF10102A1F13000092879
:10DCE00043F4806351D800254FF00A0C26E043F03E
:10DCF0000203DCE743F00403D9E743F00803D6E767
:10DD000043F01003D3E78B4605FB0722A2F130074F
:10DD1000594611F8012BA2F130000928F3D9D4E7B4
:10DD200056F8047B8B46002FBCBF43F002037F42B2
:10DD3000CBE702460CFB0511A1F13005104610F8A7
:10DD4000011BA1F1300EBEF1090FF2D9114611F8F5
:10DD5000010B6C282CD024D8682830D06A2837D002
:10DD600011468B461BF8010B672875D857284BD8EE
:10DD7000452807D085D9462800F03181472880D131
:10DD800043F4006343F020033FE12A2907D156F80A
:10DD9000045B0BF1020225EAE575D7E75A46002538
:10DDA000D4E7742801D07A28DAD143F48073D8E715
:10DDB00050786C28F9D143F44073911CD1E7507826
:10DDC000682802D043F08003CBE743F0C003F4E7B8
:10DDD00043F40073C5E70A2A00F06281072A7FF442
:10DDE00050AF43F0210305930823CDE903531023DB
:10DDF000CDE9011356F8043B2246009348464346BA
:10DE00000A9925F026FDFAE0A0F158020F2A3FF604
:10DE100038AF01A151F822F089DE000083DC000058
:10DE200083DC000083DC000083DC000083DC000076
:10DE300083DC000083DC000083DC000083DC000066
:10DE400089DE000029E0000089DE000003E0000018
:10DE5000E3DF000003E00000A0F16902D2B20F2A64
:10DE60003FF60FAF012149F2410C914011EA0C013C
:10DE7000B1D0782803F4806122D1002900F090808D
:10DE800023F00D02102307E0622803F4806220D102
:10DE900042BB23F00C02022312F4007100F08380D5
:10DEA000CDE907720022CDE9043206F1070A2AF013
:10DEB000070A06950292FAE80223CDE900233DE025
:10DEC0006F2812D123F00C0209B123F00D020823B0
:10DED000E2E7582816D1002A39D123F00C0242F08B
:10DEE0002002CFE723F00D02D5E7692823F01002C6
:10DEF00030D023F01C0209B123F01D020A23CBE726
:10DF00009136030042BB23F01002930527D5073654
:10DF100026F00706B24671685AF8083B0A26CDE992
:10DF200007720027CA0F0029CDE9046706950292FF
:10DF300002DA5B4261EB4101CDE900314346224602
:10DF400048460A9925F0C8FC0446564683E623F065
:10DF50000D02C4E70029D8D023F01102D5E7D0057F
:10DF600006F1040A01D5336802E0510613D533786F
:10DF7000CDE904720A22002B02924FEAD372039574
:10DF80000192B8BF5B4200934346224648460A9935
:10DF900025F05FFCD8E71306E5D5B6F90030E7E7D2
:10DFA00023F00C026EE7D00506F1040A06D5CDE990
:10DFB0000472CDE9023501913368E4E7510608D5D2
:10DFC0003178CDE902350023CDE90472CDE90013A3
:10DFD000DAE7316812F0800F18BF89B2F1E743F039
:10DFE0002003CDE90173073626F007060095B6EC4D
:10DFF000020B4346224648460A99F6F725FB04469B
:10E0000029E6672801D143F40063CDE9017307369F
:10E0100026F007060095B6EC020B4346224648461A
:10E020000A99F6F755F9EAE713F0020523D04FF005
:10E03000010A631C0B93224643460A9916F8040B07
:10E04000C8475DB354460B9A1EE0434620200A9908
:10E05000C8470AEB04020AF1010A5745F5D8002F18
:10E0600007F1FF3308BF002307F1010A1C4408BF72
:10E070004FF0020ADDE7AA46EBE7551C4346202095
:10E080000A99C8472A460134BC42F6D3A7EB0A03D3
:10E09000574538BF00230B9A1A440B920B9CDAE5C4
:10E0A0003246002D52F8046B14BF29464FF0FF3161
:10E0B0000B9232463144107808B18A4211D1A2EB5A
:10E0C000060A13F480620C9202D0AA4528BFAA4621
:10E0D00013F002030D931BD1AAEB040322460F9306
:10E0E00008E00132E7E7531C0E93202043460A99CB
:10E0F000C8470E9A0F9BD3189F42F4D8A7EB0A0388
:10E10000574538BF00230AF101021C4403EB020A01
:10E11000A31B0E9304E01D46434622460A99C847B6
:10E120000E9BF41816F8010B28B10C9B002BF3D0B2
:10E130006B1E002DEFD10D9B93B12246AAEB040577
:10E1400005E0561C434620200A99C8473246531919
:10E150009F42F6D8A7EB0A03574538BF00231C445B
:10E160000B9E78E51FB5034600914FF0FF3203A9DF
:10E170000248FFF763FD05B05DF804FB7739030043
:10E180001FB5CDE90201009302A9134603484FF0E1
:10E19000FF32FFF753FD05B05DF804FB7F39030044
:10E1A00008B5154B4FF4E472002118462BF08BFC98
:10E1B00009220346026142611048114A98614FF4F6
:10E1C0008061DA61002219629A625A62DA62C3F8E7
:10E1D000F0000C48C3F8F400C3F8F8100A49C3F87B
:10E1E0000021C3F8FC20C3F8042111F8010D985454
:10E1F0000132102AF9D108BD00540020F8AF030005
:10E2000000500020004C002011B003002DE9F84F11
:10E21000DFF88880824698F800308946532B1646EE
:10E2200001D0FFF7BDFF182707FB0A87D7F8005179
:10E23000D7F8FCB05D452FD9D7F8F840D7F8F410DF
:10E24000641BB44228BF34464846294422462BF07A
:10E250004CFCD7F8F8302544AB4208BF0025A14458
:10E26000361BABEB050B5E4528BF5E465EB118233F
:10E2700003FB0A83D3F8F4103246294448462BF0B6
:10E2800034FC3444354424B1182303FB0A88C8F80D
:10E2900000512046BDE8F88F0024E2E7005400203A
:10E2A0002DE9F843174E1F4633780546532B894610
:10E2B000904601D0FFF774FF082D1FD8EFF31182AD
:10E2C0004FF0200181F311886DB11824002304FB65
:10E2D0000564C4F8F090C4F8F480C4F8F870C4F889
:10E2E0000031C4F8FC30182303FB0566089BC6F810
:10E2F000043182F311880020BDE8F8834FF0FF302D
:10E30000FAE700BF005400202DE9F04F144687B013
:10E310009B46C36B06460D465B69012202A96068F5
:10E320009847F36B012203A95B692846984702A826
:10E3300025F0FAFE074648B10023A37563754FF038
:10E34000FF33A360002007B0BDE8F08F03A825F0DD
:10E35000F8FE0123A375237E04EBC303DD611F8454
:10E360006368AB420ED1206003A825F00CFF4FF08C
:10E37000FF332075A360237D043B022B25D80023A7
:10E38000A375DFE723681A1A03A853425341A37504
:10E3900025F0F9FE237D834203A818BFA77525F059
:10E3A000D4FE074602A825F0D0FE874203A81CBF72
:10E3B0000023A37525F0D1FE074602A825F0CDFE67
:10E3C00087421CBF0023A375D5E703A825F0BDFE37
:10E3D00080B1F36B022204A928465B69984704A820
:10E3E00025F0C2FE0346207D032839D8DFE800F07F
:10E3F0003838040903A8F3E7237ECC2204EBC303D7
:10E400001A8401F02BFC109B187003A8277E25F0BE
:10E4100090FE04EBC70787F8220003A8237E04EBD5
:10E42000C303B3F8209093F8227025F08EFE804647
:10E4300003A825F092FE8246B8F1000F15D0F36BC9
:10E44000022204A928465B69984704A825F051FEDA
:10E450006075637D6BB90023A3754FF0000838E049
:10E46000227E04EBC2021384CBE703A825F02CFE26
:10E47000EEE794F81680B8F1000FEED0B9F1000F76
:10E4800009D1DFB10123627EE375002A44D19F42A6
:10E4900018D1677614E0736C05EB0A02594285EADD
:10E4A000020008421CBF0021A175591E0A409B1A98
:10E4B0009945D0D8A37D002BE3D1CEE7E37D43B9C6
:10E4C0004FF000084B4652462946304625F0B1FB36
:10E4D000A060A27D12B123694B4423611349237EBE
:10E4E000097899421ED901332376BBF1000F1BD066
:10E4F000D2B1E37DC3B1B8F1000F15D1032F13D012
:10E50000A1684B1C10D0109B22463046009301237B
:10E51000FFF7FAFEA07507E0012FDAD0032F08BF3E
:10E52000A376CDE70023A375A07D0CE7E49B030051
:10E530002DE9F04F0E468BB09846002304464FF06D
:10E54000FF31104617468DF8133001F071FBB6F518
:10E55000801F3BD3B21C53D1E56A6B1C57D1616A53
:10E56000204625F0ACFA0546B31CDFF8189118BF19
:10E5700001230193636A05A9626C4FF0000B0293BB
:10E58000236802FB053AE36B05225B695046984716
:10E5900005A825F082FE25F0A5FE504625F0ADFE2B
:10E5A000824601464B1C05D0636C81EA0A025B423D
:10E5B000134232D02946204625F081FA029BAB4215
:10E5C0004DD0BBF1000F4DD10546D3E7314605AA2A
:10E5D00004F1080025F05EFD0146481C10D03846C5
:10E5E00001F026FB0DF1130301223946204625F0E8
:10E5F0009CFB28B19DF8133088F80030002003E020
:10E60000237C002BA8D11D480BB0BDE8F08F2368F8
:10E61000ED1A636CB5FBF3F5A6E7484601F008FB7D
:10E620000DF11303019A4946204625F07EFB03466F
:10E6300090B1B21C03D0D9F80020B2420CD19DF8A1
:10E6400013204946039338460D4B88F800201A687A
:10E650002BF04BFA039B9B46D9F80810A2E7BBF1BD
:10E66000000FD0D0B6F5801FC8D298F800303146E0
:10E670007A6804F1080001F01FFABFE70BE000F030
:10E68000E09B0300D41E00202DE9F3410E46044612
:10E6900017469846816A194DE36A8B422AD04B1C73
:10E6A00018E0284601F0C4FA0DF1070301222946BB
:10E6B000204625F03AFB30B143469DF80720294615
:10E6C0002046B847B0B1A9684A1C05D0012E0AD02F
:10E6D000E36A9942E5D10DE06968204625F07CFAAD
:10E6E000012E0146D8D16B6881EA0302636C5B425C
:10E6F0001A42D1D002B0BDE8F08100BFA81E0020B0
:10E700002DE9F041036B9046826B90B007680E468E
:10E710009A42426C01A9044688BF8363436A02FBA4
:10E720000377C36B05225B693846984701A825F03B
:10E73000B4FD01280146307056D0656C06A9E26B25
:10E740002368606AD2F814C0052205FB003000255A
:10E75000E04706A825F0A1FD012823D001218DF86E
:10E7600034800E958DF83C10D4E90A32CDE90B4582
:10E7700093422AD11946204625F02EFA236B626C6B
:10E780001433E0629B1A23630C9B53B99DF83C3011
:10E790003BB1626A616C2368E06B01FB023125F0DA
:10E7A00034FD0C9DE36B052201A938465B6998474F
:10E7B00001A825F072FD3070236B2846A26B9A42A7
:10E7C00088BFA36310B0BDE8F081237C33B90BAAE6
:10E7D0001C4904F1080001F0BFF9D5E70BAB1A4A58
:10E7E0002046FFF751FFCFE7237C23BB2246174982
:10E7F00004F1080001F0B0F9616A204625F080F9C3
:10E80000616A421C204625F049F9054620B9236B70
:10E81000626C1344143B2363A16A204625F0DCF9A3
:10E820002368A062C01A636CB0FBF3F060622046FC
:10E8300025F016FAB6E70023054A2046FFF724FF25
:10E84000DAE700BF01F200007DF10000B33D0300F4
:10E850004F3D030073B50D46D11E1C461B7E4A4238
:10E860004A419A4226D129682368994222D3636893
:10E8700099421FD8114E0DF107033246FFF758FE9B
:10E88000C0B972686B689A4214D19DF80730DA1EDD
:10E8900053425341227E93420CD163690133636139
:10E8A000D4E90323934205D22968A26842F82310D1
:10E8B00001332361012002B070BD00BF001F0020A2
:10E8C0002DE9F04F8BB09A46DFF854B180469DF8A1
:10E8D00050300D4616460293DBF810305345C0F019
:10E8E0009880DBF80430D1460193B9F1000F00F0B5
:10E8F0008C80D8F83C30012207A901985B699847C1
:10E9000007A825F01EFCDBF80030984240F0848018
:10E9100007A825F022FC0428074614D107A825F0F3
:10E9200023FC019B029A04463B44002A3ED18642C6
:10E9300012D9361A14460199404625F04DF9A9EB33
:10E9400004090190D1E7D8F83C30022208A90198C7
:10E950005B69984708A8E2E7841B9F19544528BFC4
:10E960005446032CAAEB040A4FEA94021CD9D8F8A7
:10E970003C302946384604F003065B69984724F08A
:10E9800003031F441D44002ED5D0D8F83C3001228B
:10E9900008A938465B6998473246284608A9354495
:10E9A0002BF0A3F80026C6E72646ECE700F00302AA
:10E9B0000344074603922A1805930492049BDD1B27
:10E9C000059BD81B039B9F420FD1002FB3D0D8F8D3
:10E9D0003C30012208A95B6998473A4608A92846B5
:10E9E0002BF047F878B93D44A5E7D8F83C30012230
:10E9F00008A95B699847042208A928462BF039F832
:10EA000008B9043FDAE7DFF81C9048460BB0BDE8D0
:10EA1000F08FDFF81490F8E7DFF81090F5E700BF0B
:10EA20002C1F002012E000F011E000F022E000F0C6
:10EA30002DE9F0410F4688B016469846044660B36B
:10EA400090F83450FDB1012124F0FEFF0E9B00210F
:10EA5000CDF804800496CDE902379DF83C308DF85E
:10EA60001C30237CCDE905118BB901AA0C4904F1B6
:10EA7000080001F071F8E06BDDE90553002E08BFD6
:10EA80001D4625F0A4F9284608B0BDE8F08101AB89
:10EA9000044A2046FFF7F8FDEDE70546F3E700BF1F
:10EAA0007D3D030055E800007FB590F842600446C4
:10EAB0000DF10B03019230460A46124925F08FF9F9
:10EAC000012E0546E36B19D15B69324603A99847CD
:10EAD0009DF80B10039B019A59B19BB243EA024384
:10EAE00003930122E36B03A928469B69984704B06E
:10EAF00070BD1B0C92B21B041343F1E79B6901220A
:10EB000001A9F3E72C1F00202DE9F04F99B00F4623
:10EB1000044609920A69416C0E93D31D1439B3FB64
:10EB2000F1F3013302EBC302036B9342C0F00F8297
:10EB30000023DFF824940D93E36A484619460793AF
:10EB400001F076F8D7E9033604930E9B022B4ED1E1
:10EB5000CC2E40F08C81099B002B42D039462046B8
:10EB600025F093F9656C079A6B1E14901340ED1A0B
:10EB7000E36B012216A978685B69984716A825F00F
:10EB8000E4FA00280CBF04230823782E06933FD90B
:10EB9000012300254FF0080A05933B6805990E985C
:10EBA000C9F80030C9F8106025F0F1FA4FEA9A036D
:10EBB000DDF81CB089F81400109300230B930F9319
:10EBC00008930C93616C4A1E0BEA02028B1A002E0A
:10EBD0003AD05544AB4242D8236B5B1A13442363AB
:10EBE000ADE0049B1B68149308230693D0E7656C83
:10EBF000782E079A05F1FF3303EA0203A5EB03051C
:10EC000016D8FB7D7BB9099B002BB1D10423069359
:10EC1000331DAB4210D9A6B1082DB9D80425002365
:10EC2000AA460593B9E7099B002BA1D10823EEE77B
:10EC3000099B002B9CD1D7E7002505954FF0040ACE
:10EC4000ABE704250596F9E75345C5D30BEB0A035B
:10EC5000B0460393089B002B18BF032313E0A3EBDC
:10EC60000A03B0460BEB0A029E42039228BF984665
:10EC70009E42EFD9D9F810200123964289F8173027
:10EC800071D1C9F804B0089399F81730002B6CD0F3
:10EC900099F818200899D31C013209EBC30389F8AD
:10ECA0001820C3F804B0A3F808809972B8F1000FD7
:10ECB00014D00E9B022B5BD10B9B7BB90F9B434463
:10ECC000032B0BD9E36B012214A903989B69984786
:10ECD0000546002840F03D8101230B93089B16A8B0
:10ECE0000193059B0093434699F81420396800F07E
:10ECF00055FFE36B109A16A99B6958469847051E65
:10ED00000D9B18BF5B4652460D935946434620461D
:10ED100024F08FFF236B08F10302C9F80800A3EB6E
:10ED20000A0322F003029B1A2363002D40F0118195
:10ED30000F9BA6EB0806DDF80CB043440F93594631
:10ED4000204624F049FF00258346002E7FF43AAF89
:10ED5000814A04F10800396893685268E3620E9BA7
:10ED600000F0AAFEDEE002238DE7C9F804B09DE7BB
:10ED7000099B002B30D1049BB8F1030F43440A9345
:10ED800027D9E36B4FEA98029B69DDE903019847B5
:10ED90000546002865D118F003025FD028F003056E
:10EDA000049B2B440493039B1D444FF0FF330499B1
:10EDB00015A815932AF099FEE36B2846012215A9A0
:10EDC0009B6998470A9B05460493002D86D0039BB8
:10EDD00099E7039D4246E8E7039B0A9307F1200366
:10EDE0001193FB7D78689BB13D7E00230C9AD9B2CC
:10EDF0008D4211D9119903F1010C31F83310914270
:10EE000026D907EBC3030699D8690A44104403E0E6
:10EE10000C9B069A13441844E36B012215A95B6905
:10EE20009847159B012213A913930C9B0A9804334E
:10EE30000C93E36B9B699847039B0A9A05464344EE
:10EE40009B1A042B07D978B9134604330A93C8E7F1
:10EE5000521A6346CBE70A9B0393B6E70A9B0493D7
:10EE60003CE70A9B0493B2E70A9B0393AFE73B4E50
:10EE700004F1080303932368079A606CA2EB030A6A
:10EE8000BAFBF0FA00FB0A3025F037FAE16A804657
:10EE9000204624F0A1FEA26A82424AD0626CD9F8D0
:10EEA0000830511E2568E0620B40216B891A0B4423
:10EEB00023630D9B5D1BB5FBF2F5AA4536D1079B7D
:10EEC000B3EB080A12D0E36B4FEA9A0241469B6902
:10EED0009847E36A079A834653440398DA46E36205
:10EEE000236B9B1A4344236325F0A5F82368616CC8
:10EEF000E06B01FB053125F075F9204624F0AFFDEC
:10EF0000204624F0ADFE2063BAF1000F11D03A691B
:10EF1000616CD31D1439B3FBF1F3013302EBC3026F
:10EF20009042A8D2304619B0BDE8F08F4FF0000AE9
:10EF3000DCE73A69616CD31D1439B3FBF1F301339B
:10EF400002EBC302236B9342BFF4F6ADEAE7044E33
:10EF5000E8E72E468CE700BFD41E002023E000F037
:10EF600006E000F02DE9F3471E4643690446884653
:10EF7000B34217469DF828903DD300258DF80750E1
:10EF8000D4F830A0204624F036FD82450AD2236A08
:10EF9000B5EB430F06D200220DF107012046FFF723
:10EFA000AFFB30B39DF80730012B05D100220DF1E6
:10EFB00007012046FFF7A4FBB9F1030F06D0256B2C
:10EFC0003146204624F002FD854218D30D4D4FF006
:10EFD000FF31284600F02CFE4B46002229462046F1
:10EFE000C5F80080C5E9037602B0BDE8F047FFF739
:10EFF0008BBD0135C4E7044802B0BDE8F087034883
:10F00000FAE700BF001F00200FE000F006E000F06C
:10F010002DE9F04790F8426086B005468F1A012E20
:10F02000039115D1B7F5807F4FF0640828BF032600
:10F030000024DFF844A14FF6FF7995F84230012B08
:10F0400014BF322364239C420AD35FFA88F415E08C
:10F05000B7F5803F4FF0320834BF01260226E7E7BC
:10F0600005AB22465146284624F0EDFE95F8423085
:10F07000012B059B34D14B452DD1E4B295F842309C
:10F08000012B0CBF64223222121BB24217D3012E75
:10F0900039D10022012B05978DF8132027D10822A2
:10F0A00005A90DF1130025F07FF89DF81330059A9E
:10F0B00042EA032221462846FFF7F6FC40B102232C
:10F0C0002D4903AA28460093CC230968FFF74AFF7D
:10F0D00006B0BDE8F087DBB203B902340134ACE717
:10F0E000591CCAD09BB2002BF8D10134F6E710228C
:10F0F00005A90DF1130025F057F89DF81330059A76
:10F1000042EA0342D6E7039A012B059223D1082352
:10F11000202205A90DF113008DF8133025F044F8D5
:10F120009DF81320120221462846FFF7BDFC95F8F2
:10F130004230611C012BC9B21AD10028BFD1BDF8E1
:10F1400014202846FFF7B0FC0028B8D10234BDF8DF
:10F150001620E1B2AFE71023202205A90DF113001C
:10F160008DF8133025F020F89DF813201204DAE70B
:10F170000028A4D1059A9EE72C1F0020032A2DE920
:10F18000F34106460D4617461C4606D1237A012B4D
:10F1900023D0012002B0BDE8F081DFF860800DF1DE
:10F1A000070309684246FFF7C3F960600028EDD104
:10F1B0009DF80720237A032AE8D0D8F804106A685B
:10F1C0009142E3D1012B2969D4F80CC007D10CEB93
:10F1D00001037269934202D92074207CDAE7083176
:10F1E0003B46012230466144E1602946FFF78CFC32
:10F1F00060600028CAD00020CCE700BF001F0020BC
:10F200002DE9F341089C032A1746266806D1237A84
:10F21000012B24D0012002B0BDE8F081DFF89080FE
:10F220000DF1070330464246FFF782F9606000287F
:10F23000EDD12568D8F80400A96AD5F844C0484043
:10F24000227ACCF100031840E1D1012A09D1E26809
:10F25000D8F8103013447269934202D92074207C8C
:10F26000D9E72868EB6A1B1A081AB3FBFCF3B0FB5A
:10F27000FCF083420BD1706CF36A421E1340326B78
:10F28000121A28461344336324F0A6FCE862D8F827
:10F290001020E36808320649206813440122E36025
:10F2A0003B46FFF731FC60600028B0D00020B2E799
:10F2B000001F00202DE9F04F4FF0FF334FF6FF7293
:10F2C000002500F10806044687B0C3620F460562B8
:10F2D0000563C0E90923304624F0ADFE204624F042
:10F2E000BEFB28BB2046394624F039FC204624F0DA
:10F2F000B6FB28BB8A4D204624F0E5FCECE0E26B2F
:10F3000001A92368606CD2F814C0052200FB053007
:10F31000E04701A824F0C1FF012828D12946204652
:10F3200024F0EEFB421C2946204624F0B7FB0135B1
:10F33000E3699D42E3D3204624F091FB0028D1D01D
:10F3400000254FF0FF394FF6FF73CA46A846C4E9BF
:10F350000853E369984514D3A5EB0905012D37D867
:10F36000636A4FF6FF72934247D16E4DC3E724F0B4
:10F37000BEFF0028DBD02946204624F0C1FB024610
:10F38000D1E7236801A9E26B606C5769052200FB95
:10F390000830B84701A824F080FF834601A824F074
:10F3A00053FF0746584624F09DFF70B15745236A26
:10F3B000BA4638BFC4F82480B94503F1010328BF19
:10F3C000B946BD42236238BF3D4608F10108C0E797
:10F3D0004FF6FF7300256362E3699D42C0D2676CFC
:10F3E0000522206801A9E36B07FB050001355B6975
:10F3F000984701A824F028FFEEE7E26B01A9676CAB
:10F4000020685569052207FB0300A84701A824F0DE
:10F410001BFF626A2368606C434D00FB023024F0DE
:10F420006CFF4FF0FF33A0622A46E3626FF00101E8
:10F430000DF103032046FFF77BF8002850D1AD689B
:10F4400029462046E56224F0E6FA206320B9E16A05
:10F45000204624F0C1FBE0622946204624F0BCFB94
:10F460000546A36A9D423DD165692046626CE91C50
:10F47000143AB1FBF2F105EBC1050335B5FBF2F52A
:10F48000023524F020FC8046A8423DD2616A204625
:10F4900024F015FB0027064604F1400A474512D325
:10F4A000626C01A9236802FB0639E36B05225B69E4
:10F4B0004846984701A824F0C7FE534602464946ED
:10F4C000E06B24F01CFF01373146204624F0F7FAA8
:10F4D000AF420646E2D3154D284607B0BDE8F08F8F
:10F4E000A56AADE72946204624F095FA236B074626
:10F4F000294603442046236324F06EFB0546002F73
:10F50000AFD1C4E90B07ACE73046002524F093FDEA
:10F510000023074A20461946FFF7B6F8EBE600BF7E
:10F5200003E000F016E000F0001F002013E000F000
:10F53000193D0300634A00232DE9F04117680E4688
:10F540000446136018B9604D2846BDE8F08190F874
:10F5500034500DB309680268914240F0AA80716886
:10F560004268914240F0A580B1688268914240F0C3
:10F57000A080F168C268914240F09B803169426985
:10F58000914240F09680B169C26B914240F0918007
:10F5900072691D468261D7E750222946D0F838802B
:10F5A0002AF091FA336804F10800C4F83880236027
:10F5B00073686360336963617369D6E90212A3619A
:10F5C00024F04BFDB36904F14000E3639B68984766
:10F5D00094F8432020B1E561002AB4D03B4DB3E755
:10F5E000656C002DF7D06668B6FBF5F3E361002A81
:10F5F000A9D0B542F2D82268B2FBF5F105FB112281
:10F60000002A58D105FB1363002B54D1204624F067
:10F61000F2F9A369043303449E424ED3636940F672
:10F620003472CC3B93424AD8B5F5007FD6D3032140
:10F63000204624F009FAE36BD4E900011B689847DF
:10F64000E36B05460220DB6898471DB1002384F870
:10F6500034301EE039462046FFF72CFE1C4B054691
:10F66000984204D139462046FFF724FE0546636CD4
:10F67000143B002DEAD1226A204602FB03F624F057
:10F68000BAF9A369043303449E4206D284F8345085
:10F69000104DE06B24F09BFB56E70F4A012384F8E2
:10F6A000343013680133D4E90001136021F0CAFD3E
:10F6B000EFE70A4D48E70A4D46E7064D44E7094D96
:10F6C00042E700BF882B002009E000F004E000F0D2
:10F6D00013E000F002E000F0842B002008E000F0CE
:10F6E00001E000F005E000F02DE9FF410F469046F3
:10F6F0001E46054698B390F8343093B3B1F5801F99
:10F7000031D21A4C022124F09FF90DF10F03224649
:10F7100039462846FEF70CFF024678B101234246DF
:10F720003946284600933346FFF71CFC0446E86B35
:10F7300024F04DFB204604B0BDE8F0819DF80F3069
:10F74000012BEBD12169B142E8D100934146334608
:10F750002846FFF7B5F804460028DFD1E7E7044C58
:10F76000E8E7044CE6E7044CE4E700BF2C1F002068
:10F7700009E000F007E000F00AE000F02DE9FF41A9
:10F780000C4616461F46054688B390F8343083B3BE
:10F79000B1F5801F2FD2DFF87C80012124F054F9CD
:10F7A00021460DF10F0342462846FEF7C1FE0446EE
:10F7B00070B99DF80F30012B11D1D8F81030BB4231
:10F7C00013D10246009031462846FFF779F80446E7
:10F7D000E86B24F0FCFA204604B0BDE8F081074C49
:10F7E000074A022B08BF1446F2E7064CF0E7064C26
:10F7F000F1E7064CEFE7064CEDE700BF0BE000F049
:10F800000CE000F011E000F009E000F007E000F08B
:10F810000AE000F02C1F002070B586B00E460546A9
:10F820000392A0B390F834309BB3B1F5801F32D26D
:10F83000022124F009F90DF11703184A3146284630
:10F84000FEF776FE044618B99DF81730032B0ED14B
:10F85000022303AA314628460093CC23FFF782FBFC
:10F860000446E86B24F0B3FA204606B070BD022BC4
:10F870000BD10A49284624F008FB0399024681422D
:10F88000EFD02846FFF7C4FBEAE7054CE9E7054C53
:10F89000EAE7054CE8E7054CE6E700BF2C1F00202F
:10F8A0000DE000F009E000F007E000F00AE000F0F1
:10F8B00073B50C461646054630B390F834302BB37A
:10F8C000B1F5801F24D2012124F0BEF821460DF1AC
:10F8D0000703104A2846FEF72BFE044680B99DF820
:10F8E0000730032B0CD0022B0CD10A49284624F0F8
:10F8F000CCFA3060E86B24F06AFA204602B070BDA2
:10F90000054CF7E7054CF5E7054CF6E7054CF4E741
:10F91000054CF2E72C1F00200BE000F00DE000F09A
:10F9200009E000F007E000F00AE000F0F7B50C464F
:10F930001646054668B390F8343063B3B1F5801FBE
:10F940002BD2022124F080F80DF10703144A21463E
:10F950002846FEF7EDFDC0B99DF80730032B14D003
:10F96000022B14D10E49284624F08FFA471C024678
:10F9700028463946FFF74CFB044606B13760E86B72
:10F9800024F025FA204603B0F0BD064CF7E7064CFC
:10F99000F5E7064CF6E7064CF4E7064CF2E700BF45
:10F9A0002C1F00200BE000F00DE000F009E000F05B
:10F9B00007E000F00AE000F02DE9F3411F460023C4
:10F9C0000C46164605463B6050B390F834304BB3B6
:10F9D000B1F5801F28D2DFF86480012124F034F8CB
:10F9E00021460DF1070342462846FEF7A1FD0446D5
:10F9F000A0B99DF80730032B10D0022B0AD10123A8
:10FA0000336004233B60E86B24F0E1F9204602B048
:10FA1000BDE8F081D8F810303060F3E7034CF2E72E
:10FA2000034CF3E7034CF1E7034CEFE70BE000F086
:10FA300009E000F007E000F00AE000F02C1F0020D1
:10FA400030B50C4685B0054628B390F8343023B362
:10FA5000B1F5801F23D2022123F0F6FF0DF10F0331
:10FA6000104A21462846FEF763FD034688B99DF8F3
:10FA70000F20032A0DD00322214600920246284679
:10FA8000FFF770FA0446E86B24F0A1F9204605B0B0
:10FA900030BD054CF7E7054CF8E7054CF6E7054C9B
:10FAA000F4E700BF2C1F00200BE000F009E000F09D
:10FAB00007E000F00AE000F02DE9F0414668002E72
:10FAC00046D005684FF0000CA846AE4655F83C40BD
:10FAD0000CF1010CC4F31307013401D0B94218D062
:10FAE000B4450EF1080EF1D12F46002403E0B442D4
:10FAF00007F1080713D055F834C00134BCF1FF3FBB
:10FB0000F5D1C1F313017A6041EA03513960BDE8D0
:10FB1000F08141EA0353CEE90032BDE8F081032BC6
:10FB200016D0002403E0B44208F1080810D055F8BC
:10FB300034700134C7F30757032FF4D1C1F3130115
:10FB4000C8F8042041EA0353C8F80030BDE8F0814A
:10FB500001230372BDE8F0812DE9F043476883B0CB
:10FB6000C7B106468846914600243368304653F8AC
:10FB7000345003EBC4030134C5F30752C5F313013A
:10FB8000013505D05B68CDF80090C04710B17768AB
:10FB9000BC42EAD303B0BDE8F08300BF73B5012ACD
:10FBA000044622489DF8185000EAC11123F07C4019
:10FBB00007D9961E012E28D9073303F07F03194376
:10FBC00008E09DF81C300A43DB0603F0C0531343E2
:10FBD00043F060410023C4E900108DF80730B5B14F
:10FBE000202221460DF1070024F0DEFA1A220DF141
:10FBF0000700211D24F0D8FA63689DF8072008202B
:10FC000043EA8263636002B070BD1143E2E71B22E6
:10FC10000DF10700214624F0C7FA23689DF807205C
:10FC2000042043EAC2632360EDE700BF80FFFF07C3
:10FC300038B5094B0D46002104461A6829F043FFE8
:10FC400000234FF0FF322361A260E3822383A37677
:10FC5000C4E9002538BD00BFE09B03000138C0B2F5
:10FC600005289ABF014B185C0120704712B00300B1
:10FC70002DE9F0410E46596888B007461546490AF5
:10FC80000024012922464FEA510104F10104F8D869
:10FC9000DC78520399784FF0000824031B88C902CE
:10FCA0000DF1070004F48054C3F30A0301F400616A
:10FCB00092B28DF807800C4302A923449C18254B6F
:10FCC0001B22039325F07843ED436FEA044402932B
:10FCD00024F06AFA9DF8072025F07845029B02A9D6
:10FCE0000DF10700029543EAC2631B228DF80780DD
:10FCF0006FEA1444049324F057FA9DF8072007A9EB
:10FD0000029B06F11000079443EAC26301220593A7
:10FD10004FF0FF330693BB6998470446BB6905A9BA
:10FD2000012206F108009847404518BF0446BB6908
:10FD300004A90122301D9847404518BF0446BB69FD
:10FD4000012203A930469847404508BF204608B025
:10FD5000BDE8F08101009AB2431E033306D8044B7C
:10FD6000984228BF1846642838BF6420704700BFF7
:10FD700040420F00F8B5054621F0F3F907460F4B56
:10FD80001E6826B9384621F0F0F9344611E0B4680F
:10FD90008CB194F810C01CF0010F0CD14CF0010C88
:10FDA00095E80F0084F810C084E80F00384621F071
:10FDB000DCF92046F8BD3668E3E700BFA444002024
:10FDC00038B505460C4641B10B6833B11B680133A9
:10FDD00003D0CB680BB18B684BB924F035FEBDE87E
:10FDE00038404FF486724121002000F00DBA0846D9
:10FDF00002F0B0FC0023044A85F81C31C5E9304309
:10FE0000C2E9003338BD00BF0014002010B504461D
:10FE100018B9054B054A136010BD00F0EDFDD4F88C
:10FE2000CC30002BF6D1F4E733430300A04400208C
:10FE3000014B1868704700BF0014002008B5024647
:10FE40000868FFF789FF08604868FFF785FF48608A
:10FE50008868FFF781FF8860C868FFF77DFF0B693E
:10FE6000C860581C03D00B48834228BF03460B616F
:10FE70004B69581C03D00748834228BF0346886952
:10FE80004B61FFF769FFBDE808408861104601F04B
:10FE9000EFBC00BF40420F002DE9F84FD0F8C4304E
:10FEA00006460F4613B1438B8B4244D0D6F8C0B000
:10FEB000BBF1000F42D0DBF80830002B3ED0DBF85E
:10FEC0000C1000293AD0D6F8D4A0BAF1000F38D0DF
:10FED0004FF000094D46C84601E0DBF8083005EB5D
:10FEE000C50203EB8204E3890135BB4214D8238A9F
:10FEF000BB4211D3B4F91220B6F92630934250DD3B
:10FF0000304696F81011F6F799FDB37D814683428D
:10FF1000A04606D9DBF80C108D42DED3B8F1000FF5
:10FF200039D00023424630461946D0477783C6F879
:10FF3000C48086F819910020BDE8F88F0320BDE841
:10FF4000F88FD14647F6FF755446524604EBC40875
:10FF500003EB8808B8F80E30BB4216D8B8F810305A
:10FF6000BB4212D3B8F91220AA4202D14FF0FF09C6
:10FF7000DCE7304696F81011F6F760FDB37D814658
:10FF80008342D3D94246DBF80C100134A14204D994
:10FF9000DBF80830DAE70120CEE7002AFBD09046F4
:10FFA000C4E7A046BDE700BF2DE9F04782B0044694
:10FFB0000F46164601F0A8FE002856D1484D2B6882
:10FFC000D4F8C0A0D4F8C4800BB1534568D04FF02A
:10FFD0000009AF6001F0CAFE0128074657D120464C
:10FFE00024F068FC002844D12B68DAF80010D8F817
:10FFF000002013B1186888425DD0204624F0F8FB39
:020000021000EC
:10000000C5E900A8D4F8D4508DF80760002D59D068
:100010000022204611460DF10703A847204601F0B3
:10002000EFF80546B9F1000F0CD05EB9012F05D0ED
:1000300025B12C4B002103205B689847284602B06D
:10004000BDE8F087B5FA85F040F2DB323321400994
:1000500000F0DAF83146204601F0EEFA224B054670
:10006000414620461B689847E0E700231C4D6B6023
:10007000A5E794F91030002BB6DAA36B5B05B3D576
:100080001A4B0122002120461B689847ACE700214B
:10009000012000F0EFFC01F069FE0128FBD19EE792
:1000A0006B68002B93D0434591D1AB689F4214D02D
:1000B0004FF001098DE7696811B1096891429FD03D
:1000C00059689AE7A17D94F819313246994228BFC0
:1000D0001946204601F016F8A0E70025AEE700BF5C
:1000E00000140020AC440020A0440020F82B002085
:1000F000F8B50E46054621F034F831460746284645
:10010000FFF7CAFE0446F8B1284624F0D3FB38B105
:1001100095F91030002B08DB0023114A82F8AC302F
:10012000384621F022F82046F8BDAB6B13F480630B
:10013000F3D0B5F80A31B3420FD0B5F80C319B1BA0
:10014000B3FA83F35B09E8E701F0C0FD22463146CC
:100150002846FFF729FF0446D6E70123DDE700BF65
:10016000001E00B0F8B51C4B05461B680E4603B1D7
:10017000984731462846FFF723FED5F8C03073B1C3
:100180005B6963B124F008FDD5F8C03040F253122A
:100190005B6942211B1A5842584100F035F8002291
:1001A0004FF6FF734FF0240CF768D0B2B84208D373
:1001B0001C4621462846FFF79BFF24F04DFC2046B5
:1001C000F8BDB1680CFB0011CC899C4202D2002C16
:1001D000EFD023460132E8E7F42B002013B50446A4
:1001E000694624F05AF9204624F066FAFF280246B0
:1001F00006D020469DF80010F6F7A0FC02B010BD16
:100200000048FBE70080FFFF08B550B90548064BE2
:1002100001601A60054B1A68054B1A6018680AF0ED
:100220008FFC08BDA8440020902B0020E42C002067
:100230008C2B00202DE9F0418AB001AC05460B461D
:100240002746194A02F1200C2646106851680832E8
:1002500003C662453446F7D1002B08BF3B46002752
:1002600010681C463060384603F10C0690B95FFAFE
:1002700087F842462846218824F01FFB50B94246A1
:100280002846E18824F02AFB20B942463146284618
:1002900024F036FB0137032F06F1080604F10204AF
:1002A000E4D10AB0BDE8F0812CB00300F0B589B00C
:1002B00005460E4624F033FB044600BB01AC06F1B4
:1002C0000C070FCF0FC497E8070084E8070001A9C7
:1002D0002846FFF7B3FD2846311D24F00FFD0446E4
:1002E00048B92846074901F085FA044618B9284656
:1002F00001F0D6FD044628463168FFF79BFF2046F3
:1003000009B0F0BD24B00300014924F030B900BFAA
:10031000711E010070B5164E032804460D46337851
:100320001ED023FA04F202F00102AA421DD053B1FA
:100330000122A240A54023EA02032B43DBB2337023
:100340004BB1012070BD2DB10A4B01201B689847AD
:100350003378EDE73570074B00201B689847F0E7CE
:100360009A07DED003F0FC03E9E7002070BD00BF70
:10037000993E0020D02B002038B504460D4605F0EC
:1003800041FD60B101F0D6FC48B9012D07D801202C
:1003900024F070FA0D4B1B6823B15B6898470C4B37
:1003A0001C7038BD21F0AFFE0A4B1A68801A186025
:1003B000FAF770FC4FF47A72074B1B6802FB0030AF
:1003C00024F0D3F8012001F0BDFCE8E7F02B002079
:1003D000C1490020C82B0020CC2B0020F8B50546D1
:1003E0000C4620F0BEFE104F06463B7833B1012D7F
:1003F00004D01CB90D48FAF775FB3C70214628461D
:10040000FFF788FF0A4B04461B783BB93B782BB9B2
:1004100024F025FA10B1074B1B689847304620F0AE
:10042000A4FE2046F8BD00BF9A3E0020A42B002069
:10043000993E0020AC440020054A0B46117831B1AA
:1004400000211170034A0121526818781047704743
:100450009A3E0020AC440020124B0239012910B50D
:1004600018701ED805F0CEFCD8B101F063FCC0B105
:1004700001F05EFAA8B90C4B1C6834B123689847A8
:10048000BDE81040002024F0F5B924F06CF8074BCB
:10049000186021F038FE064B1860204601F052FC2F
:1004A000EEE710BDC1490020F02B0020CC2B00202E
:1004B000C82B002038B5044680B120F052FE01213F
:1004C00004460846F9F7A4FE01210B4A084621F02C
:1004D000C4FD2046BDE8384020F047BE20F041FE74
:1004E000054621460120F9F793FE01202146024AE4
:1004F00021F0B3FD2846EDE750B00300F0B585B01C
:1005000020F02FFE324D04462B7823B13148FAF704
:10051000E9FA00284FD1FAF793FB02AA03A924F0C5
:1005200088F9034600283FD024F097F9029B9842AF
:1005300023D10020284B03991B68284E9942307024
:1005400027D90027C91A012322482B70244A334691
:10055000CDE9007721F0B3FD002834D1214A13788A
:10056000D90708D5317831B903F0FE03137013B9F8
:100570001D4B1B689847204611E024F06CF9029B44
:1005800098421ED0002318461349144A0968137074
:1005900003910121FFF7BEFE002320462B7020F0BF
:1005A000E4FD002005B0F0BD20462B7020F0DDFDFD
:1005B000012005B0F0BD204620F0D7FD032005B096
:1005C000F0BD0220B6E7032320462F703370F3E717
:1005D0009A3E0020A42B0020C42B0020C0490020FC
:1005E00039040100993E0020D02B002038B520F0BE
:1005F000B8FD0F4D04462B789BB90E4A0E49137077
:100600000E4B0F4A0F481A600F4A5A60F9F77AFEEC
:100610000E490F48F9F776FE0E4B0F4A1A60012378
:100620002B70FAF73FF9204620F09FFD002038BDDF
:100630009B3E00209A3E002058B00300AC440020AE
:10064000FD040100942B0020DD03010060B00300D5
:100650009C2B0020D02B0020B50401002DE9FF4782
:100660008D7880460F2D0E4603D9012004B0BDE8D9
:10067000F08725B90123314A00201370F6E791F87D
:10068000009091F801A0B9F1000F3CD1BAF1000F30
:10069000EBD196F90310F08803F042F80128E4D07A
:1006A00059EA0A03B088264F34D103F09DF84FF67B
:1006B000050184B24FF60400224A4FF00809136E78
:1006C0009BB2834208BF0B463B80802301271766FD
:1006D000C2F880304B46002274B3611E02920122A0
:1006E000013DEDB2009201954A4608F1D80002F0B2
:1006F0000BFF1FB14FF48012134B5A65134BB268B6
:100700001A600223B7E7B9F1080FAED8BAF1080FA3
:10071000ABD8BEE703F068F84FF604033A8884B21A
:100720009A421EBF07490A663B80CA4553464FF0AE
:10073000000738BF4B46CEE71146CFE79C3E00206E
:100740006C49002000C001B800D001B8D82B0020AF
:1007500010B50446D0F8F8200A4B4FF40061C3F8F6
:100760009020027C120202F4006205F0BFFA237CA2
:1007700013F0080F4FF4007314BF034A034A1367C2
:1007800010BD00BF001E00B0001002B8002002B86B
:1007900037B50C461D4D41B90A46012105F0A6FAB0
:1007A0001B4BEC605C6003B030BD0122114605F0CC
:1007B0009DFA0722174B0121DA60237901A82B73D8
:1007C0006379019324F044FA019BC2B2D34000F054
:1007D0000F0040EA03106873A279AA73E279EA7302
:1007E0002068286183B1012102888B4205D82379D2
:1007F000013B1344084A1362D5E730F81150013128
:10080000AA4228BF2A46F0E71A46F0E7001F00B0C8
:100810000C1F00B0006000B8004000B8431C07D0B7
:100820006FF0FF02034B10401A62A3F58053186269
:10083000704700BF00E000B800F01803182B0AD082
:1008400003070AD440F2011310F0100018BF184635
:10085000034B986370470020FAE70120F8E700BFD8
:10086000001F00B0364B2DE9F7431E6801F40079F4
:1008700000F00103174653EA090205460C4632D040
:100880004FF0000823B30023002200210120CDE90E
:10089000008804F0B9F9042002F006FD4146304614
:1008A00003F086FA01224146B083104623F05EFD34
:1008B000B16B06F1D80003F027FB22490868FFF767
:1008C000ADFF4FF0FF330B60337C43F00403337410
:1008D000B9F1000F07D00121304623F003FE24F4C4
:1008E000007405430C43D6E94E232A40234052EAC4
:1008F000030103D01449304609688847FB070FD528
:100900001249134A08680021136811600121114A35
:10091000117003B19847104B002102205B68984783
:1009200017F00E0F08D040F20B223B21002003B03D
:10093000BDE8F043FFF768BC03B0BDE8F08300BF3B
:10094000E42C0020B4440020B8440020E82B002010
:10095000EC2B00209F3E0020AC440020044B186884
:10096000830654BFC0F30F204FF6FF70704700BFDF
:10097000C02C0020F7B504461046D4E94EC7DDE987
:1009800008268CEA020587EA06010540194085EA37
:100990000C057940C4E94E51002523F4004106EAD4
:1009A000010320F0010043F40073024043F002030E
:1009B000CDE9005504F028F9237C9A0717D5D4F81F
:1009C0003C319B0513D54FF48811204623F08AFD56
:1009D000237C65F341032374D4E94E2302400B408A
:1009E00052EA030103D003492046096888470020E2
:1009F00003B0F0BDB844002038B10368044A002BAE
:100A000008BF1346034A13607047014BFAE700BF63
:100A1000AB450300B8440020024B586A00F00F00B9
:100A2000704700BF001F00B00F2938B505460C46BF
:100A30000ED801F09BF901280CD1074A2846536AC9
:100A400023F00F032343536223F078FF002038BDC7
:100A50000120FCE70220FAE7001F00B0014B986A72
:100A6000704700BF001F00B0014B00209962704723
:100A7000001F00B003282DE9F347884655D82C4BBA
:100A800013F800902B4B1E5C2B4B13F800A020F0AA
:100A900068FB074604F072FA054640B100230022C5
:100AA000CDE9003301200023002104F0ADF804F06B
:100AB0006DFA48B100230022CDE900330020002365
:100AC0004FF4004104F0A0F86EB31C4BDC6C04F052
:100AD00008041B4B31464846DC6404F061FB0123EB
:100AE00052463146484604F0C3FB164BDC6465B100
:100AF000154B1868816BD83003F006FA1349086863
:100B0000FFF78CFE4FF0FF330B60B8F1000F04D0FD
:100B10000F4B002103205B689847384602B0BDE8C0
:100B2000F04720F022BB3446D3E702B0BDE8F0879F
:100B300070B003006CB0030068B00300004000B860
:100B4000006000B8005000B8E42C0020B44400203D
:100B5000AC4400200F4A136F13F0A00F15D1506F53
:100B600010F0040013D10C4BD3F8C03E23F07F43A8
:100B700023F0FF035BB1D368C3F30362092A07D0F4
:100B8000B2F10C0018BF012070470020704701200F
:100B9000704700BF000002B8001000B070B50D46ED
:100BA000064620B9194B1B68A3B1032011E001F0E0
:100BB000DDF8012828D1164B93F90040C4F11C043C
:100BC000641BC4F11C03002BB8BF5B42232B0CDD5C
:100BD000012070BD81EAE173A3EBE173DBB2232B4B
:100BE000F6D80B4B19700020F3E7B57420F0B9FA72
:100BF000084AE402D36904F4FF2423F4FF231C43CE
:100C0000D46120F0B2FAEEE70220E2E7E42C002003
:100C10009D3E002000C000B818B9034B93F90000B6
:100C2000704790F9120070479D3E002010B50446B1
:100C300023F040FE10B1012001F022F92046FFF719
:100C400087FD20F08EFA0A4A0121D2F88C3E044634
:100C500023F02003C2F88C3E0222064B08469A601D
:100C6000054B5B689847204620F07FFA002010BDB6
:100C7000001000B0001002B8AC440020094B084638
:100C80005A6A91020BD4D3F80021D20708D4D3F8C2
:100C9000803013F4706F14BF0120002070470120D2
:100CA000704700BF004001B8F8B50E46836B02EAFA
:100CB000010423EA010323438363464A01F00B0343
:100CC00023EA0401D1642340A2F580527707054648
:100CD000D36410D50121FFF7D1FF60B104F002FA0F
:100CE0004FF4007314F0040F14BF3B4A3B4A5362A5
:100CF00004223B4B1A67F00606D514F0100F14BF00
:100D000000221B22374B5A6531061DD5220616D507
:100D10004FF40012304B1A62012203F58053C3F8DE
:100D2000002120F01EFA0E210746032002F0F8FFF2
:100D300040F201222B4B3846DA6220F016FA2146A7
:100D400005F1D80003F0E0F8F30503D5E7052AD54F
:100D500002F0B6FFB00503D5A10527D502F0BCFF10
:100D600016F48C6F1DD014F4806224D095F91030E5
:100D7000002B0CDA6A8BB5F80A31934219D0B5F81A
:100D80000C319A1A53425341174A82F8AC30D5F8C5
:100D9000C810284623F00AFC8022144B5863144BD9
:100DA0001A610020F8BD02F085FFD3E702F08EFF44
:100DB000D6E70123E8E77305E9D595F91030002B54
:100DC000E5DA094B114683F8AC200A4B28461B682C
:100DD0009847DCE7006000B8005001B8006001B837
:100DE000002002B8004000B8001E00B0001F00B094
:100DF000000002B8F82B0020014B1868704700BFB4
:100E0000E42B002037B520F0ACF9002401230022A8
:100E1000CDE90034002305461946104603F0F4FEE0
:100E2000022002F041FA064B21461C60054B0220CD
:100E30005B689847284620F098F9204603B030BDFB
:100E4000EC2B0020AC4400202DE9FF4102290D4687
:100E500016469846039004D1FFF7D4FF04B0BDE8CE
:100E6000F08120F07EF91D4F04463B683BB1B34250
:100E700005D020F07AF9002301203B60EEE7184B03
:100E80000022C3F8008001233E60CDE90033002337
:100E900000261046194603F0B7FE124B02201E70C2
:100EA00002F002FA33462A46022003A902F01AFA97
:100EB0000D4B039A1A6008B92046DAE70B4D2B68F0
:100EC00098470128014604D0204620F04EF9002022
:100ED000C4E76B6802209847F6E700BFEC2B0020C0
:100EE000E82B00209F3E0020E42B0020AC44002093
:100EF000044B5B6E5B054EBF0120034B187800F07E
:100F00000100704700C001B89F3E0020014B186AE5
:100F100002F026BF004001B8014B186A23F03EBE24
:100F2000004001B8437C5A1F012A01D9082B05D182
:100F30004B7C2BB1012B05D0022B05D023F09CBBA1
:100F400002487047024870470248704720A10700D6
:100F500048E8010040420F0070B50E4620F001F94C
:100F6000054600F027FF044620B1284620F0FDF892
:100F7000204670BD04F0B6F8104B3278D3F8C03E6E
:100F8000022A23F0F00315D0101F424242415200C2
:100F900043EA02137278022A0ED0111F4A424A41D4
:100FA000520043EA8213054AC2F8C03E0422044BB1
:100FB0001A67DAE70122EBE70122F2E7001000B03E
:100FC000002002B870B50E4620F0CBF8054600F0C0
:100FD00007FF044620B1284620F0C7F8204670BD20
:100FE00004F080F8104B3278D3F8C03E022A23F088
:100FF0000F0314D0101F4242424152001343727833
:10100000022A0ED0111F4A424A41520043EA82038B
:10101000054AC2F8C03E0422044B1A67DBE70122EE
:10102000ECE70122F2E700BF001000B0002002B898
:101030002DE9F8430E780446042E0D4690F81081F1
:101040000BD100275FFA87F9484601F0B5FC08B1DB
:101050004E4602E00137042FF4D1304601F0ACFCDB
:10106000002845D094F81031B34208D1AA88E36C27
:101070009A4204D16A88B4F812319A4235D084F881
:101080001061AB883046A4F814316B88A4F8123193
:10109000AB8804F58875E364FF23E37523F008FD4E
:1010A000A075284601F0B4FB18BB284601F07AFC75
:1010B000F8B9D4F8C43053B194F81011414506D0B2
:1010C0002046B3F91220F5F7B9FC84F8190120463F
:1010D00001F0D4FD0949A4F814010123084AD1F80C
:1010E000FC1004F1D80003F081FB0020BDE8F88378
:1010F00001200C2384F81031F8E700BF001F00B076
:10110000581F00B0F8B5054690F810010C460C28A1
:10111000164622D0FF2922D01AB14FF0FF32114BD0
:101120001A6023F0C5FC074695F8100101F0A2FCF7
:10113000844228BF0446E4B2BC4238BF3C46E0B219
:10114000E87501F03DFD044616B9284601F0A6FCFD
:10115000A4F1FF0358425841F8BD0220FCE70120EA
:10116000FAE700BFC044002010B590F810310446E3
:101170000C2B3DD0D0F8C4308175B3B3D0F8D42057
:10118000D2B990F819318B421CD300222046FFF7C8
:10119000B9FF80B9174B1B78022B0BD8204601F002
:1011A0006DFD15490123154AD1F8FC1004F1D80052
:1011B00003F01CFB002010BDB0F92620B3F912305B
:1011C0009A42E2DD0022204694F81911FFF79AFFB7
:1011D0000028F0D1C4F8C400204623F0F5F80146F9
:1011E0002046BDE81040FEF783BFFF23C375E1E74B
:1011F0000220E0E770490020001F00B0581F00B037
:10120000036C012B01D100207047F0B505466849F9
:101210008DB023F082FCD5F8C46001466C8BC5F814
:10122000C80026B1336813B15B68002B68D11FF08A
:1012300098FF1FF09AFF0123D5F8C8108DF80630EB
:10124000B389D6E90120E31A9BB200FB0322594877
:10125000ADF80430036800928B4207D0284623F093
:10126000A5F980225449554B48631A61534C00F04C
:101270007DFD0128FBD1A3689A06F8D428469DF885
:101280000620009906AB02F0D5FF002835D100F00A
:101290006DFD01280446FAD1684606A903F082F9DB
:1012A000064650BB6A8B464B5A642B7C60F3410365
:1012B0002B7400F05FFFD5F8C4305969431E0F68E6
:1012C000DBB2FD2B029721D9FB1C35D84B68FF28D8
:1012D00008BF2746039368D1DE1C23D8024602A923
:1012E000284623F04EFBD7B9D5F83C3199053FD4B9
:1012F0002B7C43F002032B7411E002200DB0F0BDF3
:101300001A68032A93D99B6A5B0E97E74B680128FA
:1013100003930FD00246284602A923F032FB002097
:101320000DB0F0BD0133274B5B6818D0DA1C30D804
:101330000393D3E70746CFE7224B01371B6818BF5B
:101340000127DA1C06D802934B68FF280393C3D009
:101350000020C3E7FF284B6824D00393C3E7DC1CBD
:101360001AD80246284602A9039323F00AFBBBE7DA
:101370004FF48031284623F0B5F8D5E94E230240DA
:101380000B4052EA0301CAD00F4928460968884732
:10139000C5E7FF28A7D1DBE7FF28A5D10022284613
:1013A00002A9E2E72046039396E73246B3E700BF7F
:1013B000FC1F00B0D42B0020001F00B0000002B8BA
:1013C000008001B8C8440020B844002010B50C4685
:1013D00019B123F06FFA00B10434204602F004FA88
:1013E000024B4042C3F8B00E002010BD001000B008
:1013F00070B58030814214BF0C46002416461FF0A1
:10140000B0FE4FF49C530C490546CA68C2F3036210
:10141000D340DA0702D50B6F9B030AD42046012282
:10142000314600F05DFF044628461FF09EFE204630
:1014300070BD0324F8E700BF000002B82DE9F74FA4
:1014400006461546084619B9012003B0BDE8F08FDD
:10145000002AF9D0032904D8002101F0C5F800289A
:10146000F2D004888278B4F5804F02F0070180F052
:10147000CB80A1F1070C037990F80590C788DCF1C7
:10148000000040EB0C000529287394BF0020C2F334
:101490000010C2F3801C6873900985F810C000F03A
:1014A0000200C2F3C00C40EA0C00C2F340126874A0
:1014B000AA74AF820BB996F8FE30013BDBB2EB7435
:1014C000B36BD80600F18C800639012900F28880C0
:1014D0004FF001084D4B083C5B6D4D4BDF6B9B6B38
:1014E00047F0005703F00703063308FA03F8002318
:1014F00008F1FF3804EA080417F804A0013404EAEC
:101500000804AB60631D03EA0803BAF1800FFA5CBC
:10151000717C03F1010318BFAAF1320A03EA080340
:1015200008BF6FF07F0AFB5C18BF4FFA8AFA41B31D
:101530000020D6F8D0300BB151469847631CE873B1
:1015400085F80EA003EA0803F95C013303EA0803F7
:10155000FA5C013303EA080341EA0221FA5C013331
:1015600003EA0803F85C41EA0241002341EA006112
:101570006A7C304603F0F8F906232860AB7100203E
:1015800063E742EA0323D9040FFA83FB25D5D6F893
:10159000C830ABB11A68022A12D993F82400CBF3F1
:1015A0000B03DB0008B1B3FBF0F39945C0D8002B67
:1015B000BED0C9EB0920B0FBF3F0C043C0B2B8E71E
:1015C00029463046FFF7AEFC0190304623F044F840
:1015D000019BB3FBF0F0C0B2E1E7385D4000EDE7FE
:1015E00000230020EB730B4B5A69C2F3072312044C
:1015F00048BF63F0FF035AB212F1800F1CBF323BA9
:101600005AB2AA730346B8E702201EE7004000B8AA
:101610000040005400C000B811F5004F1FBF01F397
:101620000E01044BC1F30E01002014BF9964012088
:10163000704700BF008001B8F8B504460E4611B9E6
:10164000037C5A063FD44FF6FF73E18BD4F8C87081
:10165000994204D0304B1B680BB1204698472F4D60
:101660002B68BB424CD02E4B1B683BB11FB13A6874
:10167000002A47D0BF6839462046984707272046AA
:1016800001F0FCFA002E31D006270126254B94F9F3
:10169000122093F900302449C3F11C039B1ACA6934
:1016A000DB0222F4FF2203F4FF231343CB61D4F8BF
:1016B000C8301E4A2B601E4B976720461E7023F0D1
:1016C0003DF90020F8BD4FF6FF71144DD0F8C870F9
:1016D0002A6866F386139742C183037417D0104BB0
:1016E0001B68002BC2D101F0C9FA072711493B46FC
:1016F000114AD1F8FC1004F1D80003F077F8C3E7E1
:101700000127BCE71746204639469847B6E701F05F
:10171000B5FA0127EAE700BFE02B0020D42B002018
:10172000DC2B00209D3E002000C000B8006000B807
:101730009E3E0020001F00B0581F00B008B5482290
:101740000021024828F0BFF9002008BDC41E00B0E7
:101750000C2337B580F810310023837464234FF0D5
:10176000FF357822C0E93933C0E93B33C0F8E030B7
:101770004FF6FF730446A0F8F4200376C383C564D4
:10178000C58205628584057503F008FC2046FFF7D5
:10179000D5FF94F912102046FFF700FA602340F6B7
:1017A000FF71114A2046D36402F11C42D162D16517
:1017B0000E4A2946D36440220D4B1A67A26BFFF7ED
:1017C00073FA0E230022CDE9003340F202231046C3
:1017D000194603F019FA01F00BF9204603B0BDE8F1
:1017E000304004F021BB00BF004000B8005000B8FA
:1017F000002002B810B50C46FFF7A0FFBCB1A378DB
:10180000082B16D8E278082A13D843EA021313F0FB
:10181000FF030CBF19466168074AC2F8C41021785B
:1018200082F80811617882F80B3182F809110020E2
:1018300010BD0120FCE700BF001E00B0012A10B55A
:1018400012D8032B10D803EB82020123074C9340DC
:1018500094F80A01DBB221B10343002084F80A3175
:1018600010BD20EA0303F8E70120F9E7001E00B0ED
:10187000034670B50C68B0F81421013408BFD3F8E2
:10188000E0408D6808BF0C604C68D830013404BF5C
:10189000D3F8EC404C606E1C38D1D3F8E840CE68E9
:1018A0008C60751C38D1D3F8E4500E69CD600136D8
:1018B00004BFD3F8D8600E614E69013604BFD3F877
:1018C000DC604E618E69013604BFD3F8F0608E6132
:1018D0008E693EB35A32B24238BF32460E688A61D0
:1018E000C3F8E8404C68C3E93865C3E93B420A697C
:1018F000C3F8D8204A690C49C3F8DC20D1F8FC10A1
:1019000007230A4A02F072FF002070BD02F15A0458
:10191000AC4238BF2C46C2E702F17805B54238BF69
:101920003546C2E76422D9E7001F00B0581F00B057
:1019300070B51FF016FC05460B4E00F017FA012893
:1019400004D028461FF011FC022070BDF36813F08C
:10195000706FC3F30364F0D1B36ADB06EDD528469C
:101960001FF003FC2046F0E7000002B838B51FF076
:10197000F8FB4FF6FF710A4A13888B4203D11FF020
:10198000F4FB032038BD074C074D1B046566A4F526
:101990008054636611801FF0E8FB0020F2E700BF6F
:1019A0006E490020006001B80000FFFF2DE9F743F9
:1019B000044688461546FFF7CDF870B16F4F7B6936
:1019C000DB0740F1D8801FF0CCFB0646032001F076
:1019D00067FD30B130461FF0C8FB022003B0BDE800
:1019E000F0837F6917F00607F4D130461FF0BDFB86
:1019F000634B4FF400612046D3F8C09ED3F8946E39
:101A000004F088F940B14FF4007201215D4B0846A3
:101A10001A673A4622F0AAFC94F91030002B06DA35
:101A2000A36B5F0542BF4FF40022574B1A67414634
:101A30002046FEF75DFB524BC3F8C09EC3F8946E80
:101A40000028CBD1237CD80601D4002D54D0C5F377
:101A5000400003F00DFB022315F4807F1BBF002123
:101A6000494A484A136717BF484A136751611363CD
:101A700003F038FB4FF4806315F0040F14BF444AA1
:101A8000444A15F0400F53624FF004023D4B284684
:101A90001A674FF0400314BF3F4A404AC2F88830EB
:101AA000FEF7CAFE204622F02BFE38B14FF48073B9
:101AB00015F0010F14BF344A324A1367A90644D502
:101AC0004FF6FF72A38C93420FD0354A3549526EC0
:101AD000100CC2F301120132B3FBF2F308802C4A5E
:101AE0002C4931481B0448665366003D18BF012548
:101AF000237C65F304132374204622F0DBFEF0B14F
:101B0000204622F0FDFDD0B14FF40031204604F014
:101B100001F9431C03229BB2244801A922F08BFF48
:101B20009DF8042002F00703052B9DF8053015D120
:101B300012070DD443F480731D4AC2F8A030002070
:101B400003B0BDE8F04322F083BFFFF70FFFCCE7FF
:101B500013F0040F09D19DF80630EBE703F03002D3
:101B6000202A05D113F0010FF4E74FF48073E3E767
:101B70009DF80630E0E7032030E700BF00C001B861
:101B8000001000B0002002B8001002B8004000545D
:101B9000005001B8006001B800D000B800E000B803
:101BA000004001B86E4900200000FFFF08400054CB
:101BB000001E00B02DE9F3410646884615461F4633
:101BC0001FF0CFFA0446032001F06AFC38B120462A
:101BD0001FF0CBFA0324204602B0BDE8F0810420B8
:101BE00001F05EFC0028F2D120461FF0BEFA2A4622
:101BF00041463046FFF7DAFE04460028EBD1DFF815
:101C0000C880002F3CD088F8000039463046FEF7E7
:101C100025FD002849D198F80030012B2DD0202235
:101C2000234B1A67234B5B6BB3F5817F30D20120C6
:101C300022F04FFF1FF095FA1F4B06461B680193D9
:101C40004BB1042001F030FB00230122042001A944
:101C500001F048FB28B301F0A9FC2B061CD500229B
:101C6000164B9A6701F0F4FC154B012100205B68CC
:101C7000984730461FF079FAADE703F0E3F9AAE799
:101C800098F80030012BF8D0002BC8D10124A2E72E
:101C900080220C4B1A61CAE701F0DAFC03F0BEF9AE
:101CA000E2E703F037FA0124E3E7044693E700BFD5
:101CB000001002B8001F00B0D82B002000C001B8EF
:101CC000AC440020000002B89C3E002008B50B4B3D
:101CD000D3F84C114B1C0FD011F080410CD10320D4
:101CE000FEF7C8FE4FF080624FF40071044BDA67D4
:101CF000044AD16201225A6108BD00BF0080E00F92
:101D0000001002B8004000B84FF40022034B186FD7
:101D100003F500531A67C0F3C0407047000002B8D3
:101D2000024B034A00201A60704700BFDC2B0020E2
:101D300091070100024B586900F00100704700BF95
:101D400000C001B8084B5A69D10707D508B901F09E
:101D500087BA5B69DA0706D401F074BA5B69DB07FE
:101D600001D40028F8D1704700C001B80F4BDB68E0
:101D7000C3F30363013B0B2B0FD8DFE803F0060628
:101D80000C06060606080A08080802207047042008
:101D900070470520704703207047054B5B6913F0BF
:101DA000060F0CBF01200420704700BF000002B8DE
:101DB00000C001B8094AD368C3F303630B2B08D0F2
:101DC0006FF49050184100F0010080F001004000D5
:101DD0007047106F10F48030EDD17047000002B8EA
:101DE0000C4AD368C3F30363062B07D8042BD8B27D
:101DF0000BD8C31E5842584140007047072B06D1EC
:101E0000D2F830010028ECD1704702207047002042
:101E1000704700BF000002B8094BDB68C3F30363DF
:101E20009A1E012A8CBF00220122012B02701EBFC4
:101E30004FF4026222FA03F303F001030B707047C0
:101E4000000002B8094AD368C3F30363032B01D02F
:101E5000072B08D1536FDB0605D4906F80F0080084
:101E6000C0F3C00070470020704700BF000002B8F8
:101E7000024B0022196822F0FEBC00BFD0B0030064
:101E8000024B1B6803B11847704700BF042C0020A9
:101E9000024B1B6803B11847704700BF002C00209D
:101EA00010B5FF224FF6FF71044622F006FD68B917
:101EB000FF224FF6FF71204622F010FD30B9204678
:101EC000BDE81040FF22024922F01ABD10BD00BF3C
:101ED00074B003002DE9F0411C46184B05461E68FE
:101EE0000F46904646B1306801F02CFEF3681BB1F6
:101EF000B368186801F026FE114B1B682BB1DA6835
:101F00001AB19B68186801F01DFE9DF8183064072F
:101F100044EA08425B0503F0BC6342EAC7621A4325
:101F20002846084942F4C87203F0E0FE0022284621
:101F30001146FFF75DFA0020BDE8F081CCB0030048
:101F4000D0B003009007E12D08B5FFF77BFF90B1FB
:101F50000A4BDA6911030ED51A6F92030BD49B6FEB
:101F600013F0100F4FF0100303D1054A00209367C0
:101F700008BD044AFAE70220FAE700BF000002B8F1
:101F8000001002B8002002B838B50446F8B1124A71
:101F9000D3691B031DD5556F104BC5F38115032D58
:101FA000B3F89C300DD10822083B9BB221460C4867
:101FB00022F041FD0020084B25729B6F1B0A6372C3
:101FC00038BD022D05D1023B2A469BB2EEE7012027
:101FD000F6E70220F4E700BF000002B8001E00B0E0
:101FE00038400054431EDBB2FD2B14D9FF280B6888
:101FF00001D14A68134313F0802F1EBF42F2010241
:10200000074BC3F8282251F82020054BC3F8502273
:10201000C3F8542270470128F5D10023E9E700BF37
:10202000004001B8F0B585B06D460E460F4B07462F
:1020300014460FCB85E80F000D4BD3F848020090F3
:10204000D3F84C2201923EB1631EDBB2FD2B0AD9BC
:102050003060FF2C00D1726022462946384622F0BB
:1020600090FC05B0F0BD012CF4E700BF7CB003008C
:102070000080E00FF0B585B06E460D4B07460D466B
:102080000FCB86E80F0000F075F831460446024693
:10209000384622F024FE4DB140B9FF2C1BBF04ABE3
:1020A00003EB8404009B54F8103C2B6005B0F0BD9A
:1020B0007CB0030030B50C4B0546187085B0082382
:1020C00080B90A4AC2F8FC3351B96C46084B0FCBB1
:1020D00084E80F00074B2A4621461868FFF7A2FF45
:1020E00005B030BD044AEDE7C2490020001002B837
:1020F0008CB00300E42C0020002002B838B5044660
:1021000001F04EFCE0782179174A40EA0143C2F819
:10211000CC34E579A37943EA0543C2F8D034237877
:102120001BB100230422F4F7DBF963782BB1002301
:102130000422E179A079F4F7D3F92278012372B16E
:102140000A4AC2F8C8346278022352B1074AC2F878
:10215000C834A0780021FFF7ADFF002038BD044A45
:10216000EFE7034AF3E700BF00C0035000D003507D
:1021700000E00350014B1878704700BFC2490020AF
:10218000124BD3F8E020D2031ED54FF48032104911
:10219000C1F8E020A1F58051C1F8EC201A6CD1B251
:1021A000C2F30722C3F88010C3F880200422C3F8CA
:1021B00080200022C3F88020C3F88020C3F880204C
:1021C000C3F88020C3F88020704700BF004000544F
:1021D00000600054F8B50D46174606461EF0C1FFD4
:1021E00001230421084C094A2363A760E6602561A6
:1021F000C2F8E010064AC2F884311EF0B6FF0DB1F5
:1022000002232363F8BD00BF004000540060005467
:1022100000E100E00122054B1860054B1A6640F60C
:10222000FF729963D863DA65704700BF0C2C0020F9
:10223000004000542DE9F04F042A05460B4683B0B8
:1022400039D901260978141F81615A7803F10409EC
:1022500082619A788261DB7883610368D0F808B084
:1022600003F0070306339E4006F1FF3A0AEA0B0823
:102270004768A6EB0802944247F000570ED849463B
:10228000224607EB080027F030FC46EA0A0604EB7A
:102290000B023240AA6003B0BDE8F08F494607EB5D
:1022A0000800019227F021FC019A384609EB02014F
:1022B000A21B4244E7E7013A032AECD8DFE802F028
:1022C0000B08050213F8012B826113F8012BAA6198
:1022D00013F8012BAA611B78AB6103B0BDE8F08F46
:1022E00038B50C46154601460F4B68B101220F4820
:1022F000C3F8C0202246FFF79DFF1DB104220A4B00
:10230000C3F8C020002038BD64B1D3F8A420A24295
:1023100084BF0122C3F8C0200222C3F8A040C3F842
:10232000C020EAE70122FAE7004000549840005438
:1023300010B51EF016FF0122174B18491A66C3F894
:1023400090209A66164A0446DA660722C3F88C2063
:10235000144B1A800023144A13804FF4A022C1F8B2
:10236000E020A1F58051C1F8EC20104A1360104B19
:102370001B6F5B020AD54FF480020E4B18680E4BA0
:10238000D8301A6750F8A01C01F0BEFD2046BDE809
:1023900010401EF0EABE00BF004000540060005430
:1023A000981500208C3B00208A3B0020082C002040
:1023B000000002B8E42C0020002002B807220D4BD8
:1023C00001211A8000220C4B1A800C4BC3F8C0105C
:1023D000C3F898204FF40052C3F89C00C3F8BC2007
:1023E000F022074B9A64A022A3F580539A64FFF76A
:1023F0009FBF00BF8C3B00208A3B00200040005460
:10240000006000B82DE9F041044688B11EF0A9FE35
:102410003C4E3D4A3388032C03F0780105463B4F80
:1024200003F07F0C11445BD13C6824B91EF09DFE83
:102430000320BDE8F08124F00104386820F0010099
:10244000A04252D100223A6022888C426FEA424276
:102450006FEA524222803ED12D4CDFF8D0C027884F
:10246000ACF180083A46083A92B201F108006045A2
:1024700028BF4046082A04D9B0F800E0BEF5804FD6
:102480003ED222803B440C8888789B1A2149DBB2DB
:10249000C4F30C044C6433804B67C1F88C204FF4B8
:1024A00080221D4B00F00700C3F8E02001221B4BE7
:1024B000C3F88421FFF764FE04280CD14FF4800296
:1024C000174B1B6F174B1868174BD8301A6750F80B
:1024D000A01C01F019FD28461EF047FE0020A8E7C9
:1024E000601E012898BF0C46A7E70948624400888F
:1024F000A21A48BF803208389042A5DC284695E7EA
:102500000146B0E78A3B002098150020082C0020E7
:102510008C3B0020004000540060005400E100E0CB
:10252000000002B8E42C0020002002B81816002099
:102530001249134B0A881B8812481344083292B27E
:102540000A801149073BC1F88C204FF480210F4AC3
:1025500003F07803C2F8E0100121034498780C4A94
:1025600000F007000428C2F8841103D10949CA68A1
:102570001203FCD4084A1360704700BF8C3B002054
:102580008A3B002098150020004000540060005451
:1025900000E100E0000002B8082C002010B5054C56
:1025A000206828B1C30701D4FFF72CFF0023236064
:1025B00010BD00BF082C00204FF48033084AC2F839
:1025C000EC30A2F58052C2F8E030064BD3F88830E8
:1025D000C3F30C03782B01D8FFF7D2BD704700BFBF
:1025E00000600054004000542DE9F84304460E46B4
:1025F0001EF0B7FD4F4B81461A884F484F4D02F0F1
:102600007801032C2D8802F07F03014417D14C4C34
:1026100024688CB92A44073A02F0780284180344EB
:10262000E31A48BF8033AB4210DB48461EF09DFDE5
:1026300000242046BDE8F88324F00104EFE7012CD4
:1026400002D0022CEBD1083D0C46E8E7002E40D02A
:102650008C423C4941D1D1F8448001278A6B02F079
:10266000070206329740D1F88820C2F30C029A4242
:1026700046DD2588B5F5804FD7D2A378C5F30C0584
:1026800003F007037A1EA5EB08053A43052B3370C8
:1026900005EA02052CD82DB2E84340F23A42042163
:1026A000C00FFDF7B1FD7580E378274A33741268D7
:1026B0007B1E03EA0803D118B160A9B213FA85F5AD
:1026C000BD4291BF0023FF1AB780F2609CBFB1806A
:1026D000F36048461EF049FDABE7A4F108028242D0
:1026E00038BF04F17802B2F80080C8F30C08B4E7F0
:1026F000164B5B6D003B18BF0123A5EBC305CAE772
:102700000B6C7A1EA3EB08033A431A40104B15B228
:10271000DB6862B9C3F30363D91E4B424B41DB0054
:1027200033700B4B72809B6FC3F30723BDE7082305
:10273000F6E700BF8A3B0020981500208C3B002064
:10274000082C0020004000540C2C0020004000B851
:10275000000002B8054BA822D3F84C013121431CDC
:102760000CBF0120C0F38070FDF74EBD0080E00F6C
:1027700038B5094D0446286840F6A402003818BF51
:1027800001202B21FDF740FDFA235C432B680A2032
:10279000B4FBF3F4604338BD402C0020174B30B538
:1027A0001A68431C164B22D0B2F1407F1FD3154D3F
:1027B00000F03F04D5F8002122F03F021443C3F893
:1027C000C84001F03F042243C3F8D020D5F80431BB
:1027D0000D4A1A400D4B03EA500003EA5101104321
:1027E0001143074BC3F8CC00C3F8D41030BD002010
:1027F0000146C3F8C800C3F8D000F2E70080E00F3C
:10280000001F00B0000002B81FF087E1E0FFFF7F6B
:1028100073B5574E0446317819B91C22554827F034
:1028200052F92378544A6188137051804FF0FC624A
:10283000524CFF21C4F8FC204FF47F02C4F8082159
:102840004F4A022B4F4D117033D1042307224E49BA
:10285000C4F8FC23C5F8FC33C4F800114FF4C07170
:10286000C5F80011C4F8FC234FF48052C5F8FC33BE
:10287000C5F870214FF40052C4F87021C4F8083133
:102880004FF4FF13C4F8FC304FF4BB13C5F8FC3011
:102890008023C4F8703148F2C8023C4BC3F8D820FA
:1028A0003B4B3C4A0020C3F8C02F0123337002B0D9
:1028B00070BD394A012BC4F80021384B27D14FF4A1
:1028C000C072C5F80021D3F83802D3F83C12FFF7E4
:1028D00065FF0723C4F8FC330223C5F8FC334FF42B
:1028E0008053C5F870314FF40053C4F8703104239D
:1028F000C4F808310DEB0300F3F77CFF9DF80530B9
:10290000023B012B9CBF8023C5F87031C3E7244AEA
:10291000C5F80021D3F83002D3F83412FFF73EFF98
:102920000723C4F8FC330123C5F8FC338023C4F823
:1029300070314FF4805301A8C4F87031F3F75AFF97
:102940009DF80530012B05D19DF8043053B948F2AC
:102950005D1309E0FBD9023B012B9CBF4FF40053F0
:10296000C5F8703148F25813084AC2F8D83097E7D2
:10297000A03E0020C41F00B070490020002002B813
:10298000C6490020001002B8C0F10F00001F00B0BF
:10299000001000B0142C0020C0F70F000080E00FE2
:1029A000C0F60F00034B1A6802609B8883800020EA
:1029B000704700BF7049002010B5044600F0F0FFDA
:1029C0000A4BD3F8F83724B983F40023C3F3C0408B
:1029D00010BD012C05D113F4C02F0CBF0120002025
:1029E000F6E7A31E58425841F2E700BF000002B8C4
:1029F0006FF07F4208B5154BD3F8FC37934208D0EF
:102A0000134A03F03F031370F123124A1370124A62
:102A100013701249124B09781A68A9B1B2F1A06F6C
:102A200012D3D3F850120F4A0F4BB1F1FF3F18BF2A
:102A300013460E4A136022F0AFF841F66A03B0FB6A
:102A4000F3F00B4B186008BD074BF2E7000002B82B
:102A5000C7490020C8490020C9490020C5490020B5
:102A60000080E00F5082E00FB0B00300102C002077
:102A7000402C0020012807D0022802D030B10020CD
:102A80007047034B18787047024BFBE7024BF9E79E
:102A9000C7490020C8490020C94900200023F0B5DB
:102AA00090F8104185B002462046CDE90133CDF8BB
:102AB0000B30FFF7DFFFD37D411EC9B28B4228BF29
:102AC0000B46002C3CD0012C38D1042418464FF082
:102AD0000F0C394E0DEB0405B0FBFCF7F75D013C24
:102AE000C01BC0B2814238BF00206055002CF3D11A
:102AF00005240F278DF80830B3FBF7F0305C034452
:102B0000DBB28B4228BF0B462B5501340B2CF3D183
:102B10000F2602F14C00783215F8013BB3FBF6F1B9
:102B20004C1CC1EB01115B1A0133DBB2E4B21B0494
:102B300043EA045340F8043F8242EDD105B0F0BDB2
:102B4000042418464FF00F0C1C4F0DEB0406B0FB8D
:102B5000FCF5EDB27D5D013C401BC0B2814238BF47
:102B60000020A055002CF2D105240F258DF8083047
:102B7000B3FBF5F0385C0344DBB28B4228BF0B4655
:102B8000335501340B2CF3D10F2502F14C0478326C
:102B900016F8013BB3FBF5F1481CC1EB01115B1AC0
:102BA0000133DBB2C0B21B0443EA005344F8043FD4
:102BB000A242EDD1C2E700BFA9B003009CB0030060
:102BC00038B5284B05461A7827490C2A02D1FF2030
:102BD000087038BD104621F06BFF04461046FFF721
:102BE00049FFA84228BF2846C0B2A04238BF2046AD
:102BF0000B78C0B28342ECD0087088B1431EDBB2C0
:102C0000022A1A490ED14FF0FC62C1F8FC20A1F54E
:102C10000051D1F8FC2042EA4353C1F8FC30D8E718
:102C20000346EDE7124A134C12685032C4F8C02F25
:102C30004FF47F02C1F808210F49CA6FD202C8D4ED
:102C40000F22B3FBF2F2551CC2EB02129B1A0133A6
:102C5000D1F808411B0443EA05532343C1F8083166
:102C6000B7E700BF70490020C6490020002002B825
:102C7000E42C0020001000B0000002B82DE9F04F55
:102C800090F810510746C66C87B035BB1F2E38BF71
:102C90001F26093E884B89481A6A4C230168C2F3F3
:102CA0008212D34003F00108B1424346FA7D8449C1
:102CB000DFF82CB2DFF82C9214D10C78444511D1F6
:102CC0009BF80040AC420DD17E4C2478944209D14F
:102CD000B9F8040007B0BDE8F08F032E38BF032613
:102CE000023ED7E7066099F800000B70FFF7C2FEBE
:102CF000FF2A14D1284621F0DBFE0146B8F1000F6F
:102D000016D0D7F8C810002900F0C8800B68082B2F
:102D100040F2C48091F838A0002D51D00FE0411E40
:102D2000914228BF1146012938BF0121C9B2E5E708
:102D3000012D2BD0022D00F0AF80BDB3C24621F093
:102D40002BFF40F27123B0FBF3F019237043B0FB6B
:102D5000F3F001225146059005A821F07FFE4FEACD
:102D60004A01032938BF0321040244EA001403394D
:102D7000044300F01F0001FA00F0FFF7F9FC0AEB32
:102D80000A260AEB062600F5FA6860E00F23B1FB7D
:102D9000F3F35A1CC3EB0313C91A0131C9B2D2B2FF
:102DA000090441EA0251C1F3074AC8E70F23B1FB06
:102DB000F3F1454B01311B6853FA81F111F801AC75
:102DC00021F0EAFE40F27123B0FBF3F419237443BF
:102DD000B4FBF3F44FEA0A460294B8F1000F60D155
:102DE0003A4BAAF14001A3FB042303A842460393F4
:102DF00021F034FEDDF80CA0354AA4EB0A04A2FB56
:102E0000041200903021049204A8424621F026FECC
:102E1000DDF810800190A4EB08040122102105A820
:102E2000059421F01BFE009B46F480461C02019B8A
:102E300046F0100644EA0314059B04430AEB08001D
:102E40001844FFF795FC00F50C5808F1280840F6E7
:102E5000FF72204B4046C3F8C020A3F58053C3F84F
:102E6000C040A3F580531C4CC3F8C460C4F8008074
:102E700001F050FC4FF47A72184B40429865236879
:102E80001049B3FBF2F3A9F80430FB7DB8FBF2F074
:102E90008BF800500B701DE78A4650E74FF0000A90
:102EA0003AE70022514602A821F0D8FD040244F07E
:102EB00011040298C5E700BF004001B8C0440020DB
:102EC000A13E0020C3490020102C002069C2F568F3
:102ED000911E856B006001B8442C0020001F00B0DB
:102EE000C449002070490020014B1870704700BF92
:102EF000C549002010B5044602F084FF78B1174B95
:102F00001B786BB964B1164B1B784BB1154B1B7812
:102F1000013B012B04D84FF40042134BDA6710BD7C
:102F2000124BDB6F1B04FAD41EF01BF94FF4004266
:102F30000F4B0446DA67A3F5A0435B682BB1FEF79D
:102F4000F9FE10B1022021F0C4FD0222094B2046F7
:102F5000BDE81040C3F884241EF007B9A23E00204B
:102F6000A33E0020482C0020002002B8000002B838
:102F7000001002B800D003500122024B00201A704A
:102F8000FFF7B8BFA23E00200022024B01201A70BA
:102F9000FFF7B0BFA23E002070B50546414C00F0DF
:102FA000FFFC414B00201D70FFF7A4FF2378013B7D
:102FB000012B0CD80122217CE37B8A4030214B433A
:102FC00042F2100103F1A04303F570335A5000227E
:102FD000364BC3F884248DB94FF6FF71344AC2F8DA
:102FE0008410F821A2F58052C2F88410C3F88454EA
:102FF000304B4FF080420020DA6770BD636883B3C6
:1030000021F0CAFD626800EB5203B3FBF2F3013B0F
:103010001B0243F0F80326782549022E264A22D0C7
:10302000032E4FF6FF7521482AD0012E33D143F0ED
:103030000203C1F88450C2F884300723C0F88434F6
:103040003021E37B01204B4341F21001227C03F14C
:10305000A04300FA02F203F570335A50FFF74AFF1B
:1030600017E0F823D7E74FF6FF7043F00103C1F8EC
:103070008400C2F8843006220C4BC3F88424DFE7B6
:1030800043F00503C1F88450C2F884300423C0F82B
:1030900084340A4BADE7C1F88450C2F88430002371
:1030A000F5E700BF482C0020A33E002000C00350DD
:1030B000006000B8002002B8005000B8001002B84C
:1030C000F8B51F4F06463D4604460FCE0FC5336880
:1030D0002B6000F065FC00221A4BC3F88424A17A0F
:1030E000627A42EA0142C3F89024217CE27B42EA00
:1030F0000142C3F88C24207B617B40EA0142C3F883
:1031000088243B78032B19D8DFE803F01202060C61
:1031100000230422F3F7E4F900230422217CE07B5E
:10312000F3F7DEF901230422A17A607AF3F7D8F9E4
:10313000054B1878BDE8F840FFF72EBF0120F8BD19
:10314000482C002000C00350A33E0020034BDB6F3F
:10315000002BBCBF024BC3F888007047000002B8C8
:10316000004000B82DE9F04721F016FD4FF47A76C3
:103170004FF4FA73B0FBF6F6734307462948190E6D
:103180001B021818284A4FF0000341F100011DF0FE
:1031900061FC264BA0F5807205461A6320B94322D4
:1031A0002B21FDF731F801254FF47A724FF0000A18
:1031B0006A435346500831021DF04CFC1B4B1C4A1D
:1031C000B7F57A7F9A601B4B4FEA056819601A4B76
:1031D0008946044618604FEA152505D295222B2111
:1031E0005046FDF711F801264FF47A73A8FB03014E
:1031F00003FB05117308C01841F10001002332469A
:103200001DF028FC0D4B023419600D4B49F10009EB
:10321000A408186044EA8974044B013C9C63BDE82F
:10322000F08700BF20A1070040420F0000C001B896
:1032300002110100682C0020642C0020602C00206A
:103240005C2C00201022044BC3F884215A60012218
:10325000024BDA60704700BF00E100E000C001B837
:103260001022064BC3F88421C3F88420BFF34F8F8C
:10327000BFF36F8F0422024BDA60704700E100E079
:1032800000C001B810B50446A242A2EB0000A3EBB7
:10329000010104D2034B01399B6B0133184401F047
:1032A000030110BD00C001B838B501250A4B020169
:1032B0009D504FF480730446084A834053661DF0C6
:1032C00050FF074AA540137823EA05031370BDE8B1
:1032D00038401DF04ABF00BF00E101B800E001B86E
:1032E000AC3E00202DE9F84F164605468A461F469B
:1032F0001DF037FF022E00F0908080461DF03CFF4D
:10330000594B5A4AD3F82090147D5A6EE4B25207B2
:1033100044BFD3F82090013404F003041DF032FFC1
:103320004846214600F04EFA8446DAF80000012EA5
:1033300004BF01306044ACEB000C08BFCAF80000C9
:10334000BCF1804F7DD300F04FFA8145A1EB040121
:1033500088BF454BDFF834C188BF01F1FF3101F070
:10336000030188BF9B6BA0EB090E0CF80510A1B1FF
:10337000F90742BF41F61F723D4B5A67BA0742BF79
:103380003B4B3C4A5A677B0742BF0022364B9A6749
:103390003C0742BF0022344B9A6511244FF0010ACA
:1033A000314B05F11002120103EB051BCBF80C01A8
:1033B00031499C501A6A0AFA05F4586E0B78A2EB50
:1033C0000902E4B2234372450B7025D34FF4807396
:1033D000AB40034220D11CF80520002A40D10EB397
:1033E000264AF807536607D541F61F7140F20110CF
:1033F0001F4B596750675967B90706D51C4B1D4AC3
:103400001E491F485A6748675A677A0742BF012218
:103410001C4B1A613B071AD440461DF0A6FE012042
:10342000BDE8F88F184A2D0142F805A042F89C3CEF
:103430001DF097FE10490B7823EA04030B701DF072
:1034400094FE40461DF091FE0020BDE8F88F21203B
:10345000FFF77CFE4FF48032034B4046DA60DCE736
:10346000064A40465366D8E700C001B8C82C002081
:1034700000E001B800001F1FAC3E002000D001B8E2
:1034800000000101000002B800E101B8A43E0020E4
:10349000024B1878003818BF01207047AC3E00205E
:1034A000034B10300001185800F00100704700BFB6
:1034B00000C001B8044B01F0F071103041F003017D
:1034C00000011950704700BF00C001B870B5064632
:1034D000FEF730FC044608B1FFF7C2FE0023084D9A
:1034E0003046AB61EB612B6200F07EF9054BC9B24F
:1034F000197528620CB1FFF7A5FE002070BD00BF52
:1035000000C001B8C82C00202DE9F0419DF81880BA
:103510000D46B8F1000F08BF0022214EB5F5803FDF
:10352000B168074621F4700141F4A001B1609DF833
:1035300020409DF81C104FEA042444EA016444EA48
:10354000031444EA084444EA02044FF0180140F22C
:10355000D3222CBF002001207465FCF755FE356492
:10356000B8F1000F1AD00F4BBC68D3F888305A2C32
:1035700038BF5A245B0606D500F0E4FB18B10A4BAD
:10358000B3FBF0F31C44204600F02EF901308542D5
:1035900038BF0022024B34BF5A645864BDE8F08142
:1035A00000C001B800C000B800093D00214B10B5B3
:1035B0001A6E1A66596C59B11F49C96800292EDB69
:1035C000596D4FF0FF3301F00F018B409A4326D124
:1035D00010242020FFF7BAFD184B9C6002F038FB46
:1035E0002022174BC3F8842101F0C0FC48B100220F
:1035F00000200821FDF736F9124B5C66A3F58053D5
:103600001C670D4AD36803F07063B3F1807FF9D96A
:10361000084B0D4A5A6741F201429A6710BD01F00A
:10362000A5FC0028F4D0094B064A5366A2F5805247
:103630001367EDE700C001B8000002B8001002B83F
:1036400000E100E000E001B8011B011810000020BB
:1036500008B52120FFF77AFD4FF48032014BDA6084
:1036600008BD00BF00C001B808B52220FFF76EFDFD
:103670004FF48022014BDA6008BD00BF00C001B8E2
:10368000F8B5184D04462B6A1B0426D500F00CFC37
:103690002B6AA0FB044613F0787F4FEA9367C3F3CD
:1036A0004450C3F3044505D140F253422B21FCF7AB
:1036B000ABFD0120AD01B5FBF0F010EB871005D19B
:1036C0004FF48B622B21FCF79FFD01200246002363
:1036D000204631461DF0BEF9F8BD00F033FBA0FBDB
:1036E0000401F9E700C000B80246012030B50B4CD8
:1036F000A0F12003C0F1200524FA05F504FA03F334
:103700002B4304FA00F595428B4100D330BD0F28BE
:1037100001D00130ECE7FF20F8E700BF40420F0086
:1037200010B50C46FFF7ACFFC30943EA4163C01A6A
:1037300061EBD111FFF7D8FFFF2814D00F220C4BFB
:1037400040F01000C3F88820A3F58053C3F8880028
:10375000A3F580531B6ADBB2802B06D02046BDE860
:10376000104000F08DBB012010BD0220FCE700BF1F
:1037700000E000B838B51DF0FFFC084B084A1D6A90
:10378000147D5A6EE4B2520744BF1D6A01341DF025
:10379000F9FC284604F0030138BD00BF00C001B8A1
:1037A000C82C00200346064A103302EB00111B010F
:1037B000D1F80C01D158C1F3400121F095B900BFF7
:1037C00000C001B8064B1B68434303EB8171054BF6
:1037D0001B68A3FB003013F1004341EB000070476E
:1037E000602C00205C2C00200C4A20F04043014655
:1037F00010B5002014684FF00042E4FB0320084A93
:10380000890F126802FB0300064B9B6B984204D998
:1038100001330131C01A01F0030110BD642C0020F6
:10382000682C002000C001B808B5064B4FF03040AE
:103830001A680549920026F058F9BDE8084001F0E1
:10384000BBB800BFECB00300F0B0030070B50C686B
:10385000651C15D0C4F302669E42C4F3074530D1FF
:10386000A4B294422DD804EB8506B24229D2141B8F
:10387000A50824F003040E59340F04D0012C09D0FC
:103880000022012303E06B1C51F823200023026077
:10389000037170BD0D4C34F8133042EA03431A68CB
:1038A0006B1C51F8234001EB83014B6822405E40C2
:1038B00036F07044EAD11B0F032B04BF8B681A4308
:1038C000E4E7013501EB8501C1E700BFC4B00300A7
:1038D00007B501A8F2F78EFF4822164B5A65164A23
:1038E000D2F8D43023F4FC33C2F8D430134B1B6825
:1038F0009DF80530023B012B19D84022104BC3F82C
:10390000FC23104BD3F85C32DBB2FF2B00D1062333
:10391000094A1B03D2F8FC139BB20B43C2F8FC33D9
:10392000D2F83021084B1A6003B05DF804FB00F0B8
:103930009BFEECE7008001B8000002B8002000B058
:10394000001002B80080E00FFC2B002000224FF492
:1039500000710F4B10B51A675A679A670D4AD1620A
:10396000012102F5E8325161DA6812F0706FFBD183
:103970004FF0304201245A6602F5FC5208329C6630
:10398000DA64054B1B689847044B5C6110BD00BFAF
:10399000000002B8004000B8C4440020002002B873
:1039A00001230F4A0F49C2F880328A6A22F00202CC
:1039B0008A620D4A53600D4A53600D4A5360A2F566
:1039C00080425360A2F54042536002F5C03253601A
:1039D00002F580425360A2F500425360704700BF79
:1039E0000080005000C0005000D000B800500054CB
:1039F000005001B808B5FFF7D3FF0E4B0E4ADA6747
:103A000000F02AFEFFF764FF03220C4BC3F8E0200E
:103A1000012203F54043DA674FF460725A614FF4B4
:103A20000072DA67FEF7A6FBBDE808400021FEF74A
:103A300041BB00BF000002B80048F000005001B8D0
:103A40002DE9F04F054687B002900F4657F8044B1A
:103A5000631C06D1029B2C60E81A801007B0BDE8F9
:103A6000F08F5FEA147B18BF0123344AC4F301616D
:103A700008BFC4F3074332F81120A4B24FEAC30AC7
:103A80002F4844EA02440AF104022A4482421BD22B
:103A90000722CA4002F0010201929A0004EB83035C
:103AA00003930123B94603FA0BF808F0940305F1D8
:103AB000080604920593039B09F10409A34208D167
:103AC000049955443944C0E71D4A9542E0D8002086
:103AD000C4E7059B53B918F0420F19D118F0280F0D
:103AE0000BD146F8084C59F8042C21E040F6F312AB
:103AF00032210020FCF788FBF3E740F6F812322170
:103B00000198FCF781FB04F5805246F8082CEAE79F
:103B100040F6012232210198FCF776FB04F50052B1
:103B2000BBF1010F46F8082CDDD159F8042CD24323
:103B300046F8042C04340836BDE700BFC4B00300C7
:103B4000003000B0F8B50546F0B10026154B3446FC
:103B50001F46154953F8042BBAB9A00000F13040B4
:103B6000294600F50150FFF76BFF30B940F6A2324D
:103B70003621BDE8F840FCF747BB0C4B0134044448
:103B800047F8265023F81640F8BDAA42FCD001366B
:103B90000C2E02D031F81640DCE740F6BC3236215C
:103BA0000020E6E76C2C00208C3B00208E3B0020A0
:103BB00070B50446A8B1C1B1384A52F8043B9842E6
:103BC00015D1002336498A689206FCD49B00354AF9
:103BD00003F1304303F50153C2F898302022324BF1
:103BE0009A6070BD01330C2B02D1304D12E00123DD
:103BF00052F8041BA142F5D12D4A32F81330E1E707
:103C000004D16268C3E90012083403E0012A01D13B
:103C1000043419602268531CE3D0C2F3016335F801
:103C20001300110C93B211F0FE0F43EA00436068D9
:103C30000DD00434CAB2022A2168E1D9D4E9016066
:103C4000033AC3E9001698600C340C33F3E7120F03
:103C5000072AD9D8DFE802F00704090D1013181D50
:103C6000C04303F500531860CEE71A6842401A605B
:103C7000CAE703F58053F6E720F02BFFC4E70122E3
:103C800003F580538240F2E7012203F5005382409E
:103C9000EDE71A6830EA0202FBD1B5E76C2C002090
:103CA000000002B8001E00B0001002B8C4B003004B
:103CB0008C3B00200122014BDA677047001002B8EC
:103CC0000122014BDA677047002002B84022014B05
:103CD000DA677047002002B84022014BDA6770476C
:103CE000001002B808B50C4B1B68D3F8C83023B1DC
:103CF0001A68022A01D9186A08BDF1F71BF9074BA7
:103D000002469B6D98B20028F6D0C3F30743D20851
:103D10005343B3FBF0F0EFE7E42C0020004001B880
:103D2000064BDB68C3F30363984206D1044A536A27
:103D300023F0F00343EA011151627047000002B81A
:103D4000001F00B0054B1B68D3F8C83013B11A68C8
:103D50000A2A01D8FFF7C6BF186C7047E42C002070
:103D600010B50446FFF7BEFF0F4AD2F838311B04E6
:103D70000E4B48BF40089B6C03F4C053B3F5805F03
:103D80000ABF936BC4F30113C3F34163012B02D049
:103D9000022B02D010BD4008FCE7C4F3C424013458
:103DA000B0FBF4F0F6E700BF004001B8004000B8F7
:103DB0002DE9F3470F4620F085FE00258046DFF809
:103DC000B890DFF8B8A01DF0CCF90DF10701064658
:103DD0000DF10600FEF720F89DF806308BB9791C2E
:103DE0002CD020F06FFEA0EB080530461DF0BDF989
:103DF0009DF8063013B99DF8073053B3AF42E2D8AF
:103E000027E0D9F80C3013F4603FE8D0D9F810302F
:103E10001A04C3F389141ED4013701D020F052FED6
:103E200030461DF0A2F924B26FF4FF73A4F1C8006C
:103E30009842B8BF184602B0BDE8F08730461DF082
:103E400094F99DF80630002BBDD19DF80730002B6A
:103E5000B9D10848EFE77B1C44EA0A0403D020F0FC
:103E600031FEA0EB080530461DF07FF914F5007F08
:103E7000BED0D9E700FEFFFF00C000B800FCFFFF86
:103E800010F1800F04D04D28CEBF7F20323040B2D9
:103E9000FF22044BC0B21A62A3F5805318620020BF
:103EA000704700BF00E000B80B4B0C491A6E70B5AC
:103EB00002F007021E6E8C5C1D6EF1F73BF8C6F334
:103EC000CD0606FB0444C5F3454505FB04448001CB
:103ED000B0FBF4F070BD00BF004001B8BCB00300FF
:103EE000084910B5D1F89C3040B11C46CA68D1F8D9
:103EF0009C309C42F9D1C2F30362027003F00F00C0
:103F000010BD00BF000002B8094B01F080011B6F1B
:103F100003F480030B4309D14FF40012054B1A62DE
:103F2000837F1BB10122044BC3F80021704700BFFF
:103F3000000002B8006001B8005001B82DE9F04F50
:103F40000A460C4685B00021814625F0BCFD304B69
:103F50005D6915F0010504D00024204605B0BDE8D8
:103F6000F08FFBF765FF0028F6D04FF06051294E27
:103F7000294B2A4AD3F82080D6F88C3011624FF0B2
:103F80000061A2F58052116224220421C6F88C201F
:103F9000234A4FF4804B91604FF480522F46DFF854
:103FA0008CA0CAF868B0F262A74213D304211D4A5C
:103FB0009160A2F5F032C2F88C304FF06052174B8E
:103FC0001A6208EA0203184A13624FF48042174B40
:103FD0009A66C2E7B26E5104FCD5B268D205F9D533
:103FE000CAF868B0D6F890200135012D0392DBD9CC
:103FF000E21B042AA8BF042209EB070003A90193CE
:10400000009225F072FD009A019B3A4497B2CBE7EB
:10401000000002B8004000B8004001B8006001B8DC
:10402000001002B8002002B8005001B8006000B8CB
:104030004FF604014FF60502044B01201B6C9BB2A6
:104040008B4208BF1346024A136670470080E00F98
:1040500000C001B82DE9F74F81460F464FF0FF35FC
:10406000FFF788FB002601908A462C463046DFF891
:10407000D8B006F110031B015BF8033003F003080E
:10408000B8F1010F15D13046FFF78CFB02460B4605
:1040900001985146FFF7F6F8DBF8643006F10802A4
:1040A000D340DB0739D5002F40D000252C463E6099
:1040B00040460136082EDCD160B3234A0027D2F8EF
:1040C00008C0916B0CF440330131A4FB0141641929
:1040D00041F10001B3F5003F30D1536B0CF4405C6B
:1040E000013347F10006BCF5805F22D1156B15F551
:1040F000807505FB06F647F1000203FB0266A5FB8F
:1041000003323244594304FB0212A3FB0434144427
:10411000C9E9003403B0BDE8F08FA84271EB040395
:10412000C6D207B13E6005460C46C1E73D463C4657
:10413000BEE7320242EA13621B02E3E7136B13F598
:10414000807347F10002DDE700C001B808B520F038
:104150004AFD044B5A7C012302329340024A5361C8
:1041600008BD00BFC82C00200020005870B52C4BA3
:104170000C461A7812B92B4A926D1A702A4AD26FDD
:1041800052054AD51D78294B05F00F06B0FBF3F018
:1041900040434FEA151505D140F279622B21FCF717
:1041A00033F80120224A0A217243B2FBF0F348435C
:1041B000B3FBF1F602EB5002B2FBF0F201FB163357
:1041C000042BD2B207D8C3EB8310C3EB80035BB2DE
:1041D00083B96DB217E0C3F10B0303EB8303DBB2CA
:1041E000B3FBF1F32B44DDB20F2DF2D9013AD2B279
:1041F000053DEEE7053B5BB293FBF1F31D44EBB2EB
:104200006DB2002D04DB002042EA0512226070BD71
:1042100001320533D2B25DB2F5E70220F7E700BF05
:10422000AD3E0020008001B8000002B8403B2500F0
:10423000809698004FF0000C2DE9F84FA2FB017B0F
:10424000C84EDFF85CE3BE1999466BF10003B64532
:104250007CEB030308D240F23D220E216046FBF7BF
:10426000D3FF0220BDE8F88FD0F8C8A00C46154651
:10427000BAF1000F04D0DAF80030032B00F21A81F3
:10428000B94BBA4A9B6BD2F8FCA0C3F31408B84BE5
:10429000D3F8EC305800B64B48BF48F400181B6EFA
:1042A00048EA456859074EBF4FF440039B0503F0A9
:1042B000E07348EA0308F0F73DFE012D0646D0D131
:1042C0000028CED0AB4B984200F0038103F51223B7
:1042D00003F5F863984200F00281A74B984200F082
:1042E0003081002502462B4600204FF000711CF063
:1042F000B1FB2B46013007FB03F3C8F3130100FBAE
:104300000B33A1FB0662A7FB007001FB05220344EF
:1043100020339B09C9F80030F60C984B46EA423628
:1043200018F4801F1C6008BF7642954B954DC9F864
:10433000144034441E602C60BAF1000F00F0B880C5
:1043400000239149C8F381528A5C194618F0807F96
:1043500018BF6408002EB8BF764292066008C2FB00
:10436000060122461CF076FBDAF800300E2B08D945
:104370007F4B7D4A916BDA69D3F80C31D20600F19C
:10438000CD8018F4001814BFC42240F207127F4EEB
:10439000C0F31300C9F80400A6FB04064FEA561642
:1043A00002FB06F6DAF818104FF4FA73B6FBF1F6D2
:1043B00018BF4FF0000806FB03F3A4FB0202FA3318
:1043C000A3FB013104FB08228342914138BF01362F
:1043D000F6B246F4006CC9F808C0002E7DD0DAF8B9
:1043E0001C00A6FB00311CB1B4FA84F20E2A7DDD5C
:1043F000E203002977D1B2FBF3F2530003FB06631B
:10440000A3FB00714FEA044EBE454FEA144474EB1F
:10441000010109D376003344A0FB0371BE4574EB60
:10442000010102F10102F6D2C2F30E024CEA02339C
:1044300043F00063C9F80830F0F77CFD2B68002BCF
:1044400000F08A80B3FA83F4D4F102044CBF1C4616
:1044500023FA04F44E4B9C4288BF6408002867D0BE
:10446000B4FBF0F3642100FB134201FB02F2904223
:1044700065D85A1E52085B08013B120242EA031338
:10448000C9F80C30F0F726FD00285ED0B4FBF0F23E
:10449000642100FB124401FB04F4A04260D8531EC7
:1044A0005B085208013A1B0243EA0213C9F81030B4
:1044B0000020D7E6042BDAF828807FF4FCAE18F051
:1044C000807F0CBF08F0E0734FF4400328F0E078E1
:1044D000EFE600232F481D460DE70120C2E600232A
:1044E0002D481D4607E73346002289E7C2F10F0732
:1044F00002F1110E01FA0EFEFB4043EA0E03A7F192
:10450000200E21FA0EFE43EA0E03F940013341F179
:10451000000104FA02F20029E5D16CE701F48011F0
:1045200003F40013194308BFC0F5801029E70446BF
:1045300040F2C1422B210020FBF766FE2346013BDF
:1045400097E7002315481D46D5E640F2E4422B21AB
:10455000FBF75AFE621EA2E70028E8D01C46EEE7F1
:104560001446F7E7006CCA88008001B8001F00B04D
:10457000004001B800F04902005A6202A42C002059
:10458000A02C00209C2C0020D4B00300D34D62103E
:104590003FBE40250A3BB2DF313641DCD694BFD660
:1045A000807C814A10B50B46044686B039B98279C1
:1045B000016821486B460068FFF73CFE6B461F4AC6
:1045C000196851631E4AD2F8FC2062B35A6842B19E
:1045D0001C4A1D49C2F80C115968A2F58052C2F854
:1045E0000C119A6842B1174A1849C2F8EC10996840
:1045F000A2F58052C2F8EC101549D868D1F86421B0
:1046000022F4EE620243C1F86421D1F85C211869FA
:1046100022F4EE620243C1F85C21A1F5FF41586922
:104620002839FFF7A3FD0020A2880A4B9A6203F500
:10463000A033186406B010BDE42C0020008001B83F
:10464000001F00B0006001B8FFFF0F00FFF8FF0F70
:10465000000002B8004000B84FF48062014BDA67F6
:10466000704700BF001002B84FF48062034BDA6756
:10467000034B1B780BB1034A93657047002002B8C7
:10468000AD3E0020008001B80523054A538692F80C
:10469000313003F0010363F0730382F83130704767
:1046A000001F00B008B50A4BDB68C3F30363022B9D
:1046B0000CD120F0FFF830B1064B93F8AC2012B1CA
:1046C000002283F8AD208022014B1A61002008BD32
:1046D000000002B8001E00B010B590B10468012CB3
:1046E0000FD902696AB11168094B102C1960516821
:1046F0005960916888BFD268996094BFD960DA60C8
:1047000010BD10220021024825F0DDF9F8E700BFB6
:10471000AC2C0020084BC1171A68A2FB000302FB57
:10472000013310F1807043F10003400E40EAC310E2
:10473000803820EAE0707047BC2C00200722164B1E
:1047400070B5DA6620F028FA144BC408010B054650
:10475000E005C018124A41F1000100231CF07AF96B
:10476000104B114E18604EF66020FFF7D3FF404209
:10477000C6F884000D48FFF737F8024658B1E30148
:10478000500818184FEA15714FF0000341F100016D
:104790001CF060F9F06570BD000002B8B2E60E00D2
:1047A00065CD1D00BC2C0020001F00B040420F0052
:1047B00010B5044698B10B4BD3F8FC00FFF78CFF03
:1047C0004FF47A7303FB04F0074BA0F6AC50DA68A1
:1047D0009B681044C01ABDE81040FFF79BBF4EF61F
:1047E0006020F8E7001F00B0AC2C00202DE9F84352
:1047F0000546084614461E46FFF76EFF0DB306F049
:10480000020716F004061ED1DFB14FF47A706B6810
:104810005843002B40F08C80FFF77CFF60626B698F
:10482000002B00F08C804B4AD0684FF47A7202FB68
:104830000300A0F503501038FFF76CFF2062002E34
:1048400057D1BDE8F8832869002868D04FF47A73FF
:104850005843404BA0F6AC509B68C01AFFF75AFF74
:10486000E061A88B00285DD04FF47A735843394B30
:10487000A0F6AC509B68C01AFFF74CFF2061364B86
:10488000E968D3F8008000294FD04FF47A73594378
:10489000304BA1F6AC519A685B68891AC91A2F4B44
:1048A000C8171A68DFF8BC90A2FB011302FB0033A3
:1048B00011F1807143F10003490E41EAC3118039BF
:1048C000274B6161DB6EA361D9F8003053B14046DC
:1048D0001FF0F0FF30B12246D9F800301D49D8F85A
:1048E0007C0098470021A869FFF762FFA062002FB3
:1048F0008BD1A86830BB47F23050FFF70BFFA060A8
:104900004FF47A702B6858432BB1124B1B6803F598
:104910001C5310331844FFF7FDFEE06091E74EF69C
:1049200060209BE74EF66020A6E74EF66021B6E7D2
:10493000084B1B6803F51C53103318446CE747F20F
:10494000305079E74FF47A735843A0F5035010388C
:10495000D3E700BFAC2C0020E42C0020BC2C0020AE
:10496000001F00B0A82C002010B508461C4620F0FF
:10497000CCF80D4BD3F8FC30A3B11A68012A11D939
:104980001A690A4B002A08BF1A465368084A002BC6
:10499000A8BF4FF4FA721A44064B204492FBF3F27C
:1049A000104410BD014AF0E7001F00B0DCB0030066
:1049B0000CFEFFFF18FCFFFF70B5124C88B001AD74
:1049C0000FCC0FC594E8070085E807008822002176
:1049D0000D4825F078F8EC2200210C4825F073F8FA
:1049E0000B4B0C4ADA61FFF74FFE0B4B1B783BB1C8
:1049F000044E01AD0FCD0FC695E8070084E807000F
:104A000008B070BDC41F00B08C1E00B0141F00B0F1
:104A1000001F00B010111111A03E00200A4B1978A0
:104A200001F0FF0229B10021197008499202C1F872
:104A3000B420597801F0FF0229B100215970930286
:104A4000024AC2F8B8307047AE3E0020005000B8AD
:104A5000064BD3F8C00E064B5B6F1A0103D4054B0F
:104A60009B6E1B0401D500F580707047001000B0EC
:104A7000000002B8004000B808B51CF072FB0E4BF5
:104A80001A78A2B90D4A126812F4843F0FD10C4A69
:104A90001021D1671B7863B9084B1B68DB0508D46C
:104AA000074B2022DA67BDE808401CF05EBB054AD0
:104AB000EEE7044BF5E700BFB23E002018160020D9
:104AC000002002B8001002B810B51CF04AFB0E21FD
:104AD00004460320FFF724F940F20122034B20464D
:104AE000BDE81040DA621CF040BB00BF004000B8D7
:104AF0000022044B1A70044B197811B11A70FFF799
:104B0000BBBF7047B13E0020B23E002008B51CF08C
:104B100028FB4FF00042224BC3F88020BFF34F8F99
:104B2000BFF36F8F0122C3F88420BFF34F8FBFF311
:104B30006F8F0222C3F88420BFF34F8FBFF36F8FB4
:104B40000422C3F88420BFF34F8FBFF36F8F082276
:104B5000C3F88420BFF34F8FBFF36F8F1022C3F8C9
:104B60008420BFF34F8FBFF36F8F2022C3F88420C0
:104B7000BFF34F8FBFF36F8F4022C3F88420BFF382
:104B80004F8FBFF36F8F4FF48072C3F88420BFF351
:104B90004F8FBFF36F8FBDE808401CF0E6BA00BF2F
:104BA00000E100E008B51CF0DCFA4FF00042094BD0
:104BB0001A6001225A6004225A6008225A601022A8
:104BC0005A6020225A6040225A60BDE808401CF01A
:104BD000CCBA00BF00E100E0012370B5074C2370A0
:104BE000074B1E68074B3240D3E900531940284059
:104BF000FBF738FE0023237070BD00BFB03E0020DD
:104C0000C42C0020181600202DE9F047DDF820A064
:104C100003EA0108099B06460C4602EA000703EA7C
:104C20000A09BAF1000F40F04E81031F0B4300F058
:104C30000E81052871F1000380F0E48050EA010341
:104C400000F06081431E0B4300F02481FFF75EFFFC
:104C5000AD4AD2E9005323EA040325EA06053D43A1
:104C600043EA0807A94BC2E900571E68DFF8F4823F
:104C700026EA0A0646EA09061E60FFF7FDFE15F061
:104C80002A4F14BF48F202034FF40043A04AB00772
:104C9000D26EA04848BF43F4005383EA020122EADF
:104CA0000302C2669C4A0B408166D366C5F380420C
:104CB0001203290348BF42F48072EB0648BF42F456
:104CC0000052964BAC0648BF42F400726806D3F817
:104CD0000C3248BF42F48062290648BF42F40062A9
:104CE0008F4882EA030123EA0203C0F80C328D4B9D
:104CF0000A40C7F34024A404C0F80812C3F80C22E9
:104D0000EA0448BF44F48034AB0348BF44F4801441
:104D1000A80748BF44F4800415F4001F06D0D8F853
:104D2000000020F05EF808B944F40024E90248BF0E
:104D300044F40034FA0648BF44F4000473077A4B85
:104D400048BF44F004041A6A44F4001484EA0203DD
:104D500023F0010375491A400A621C40CB61744B71
:104D600016F0010F1C62734B734A18BF1A46734B3F
:104D70007C071B6F48BF42F00062714882EA030162
:104D800023EA020303676F4B0A4041661A676E4AC3
:104D900005F00103516CA0F5803081EA030221EA9D
:104DA0000301416482631A40684B28025A64D8F8B0
:104DB000002048BF664B92F8292158BF654B690710
:104DC00048BF43F4806322B115F4C06F18BF43F4A9
:104DD00080733207604A48BF43F00043D2F8EC10BA
:104DE0005E4883EA010222F4A0221140C0F8EC10D0
:104DF0001340C0F8E0205A4ABDE8F047C2F8EC3052
:104E0000FFF7D0BEA0F580630B4306D020F480638B
:104E1000A3F500730B437FF419AF1CF0A2F93A49D4
:104E2000D1E9003223EA060322EA040242EA080238
:104E30003B43C1E900324B4A126892F82911474AB4
:104E400009B313F4C06F1ED04FF4807311E01CF04F
:104E500088F92D4AD2E9003123F004033B4341EAAB
:104E6000080157EA0807C2E900314FF480633B4A62
:104E70000BD0C2F8E030A2F58052C2F8EC30BDE8A9
:104E8000F0471CF072B94FF48073C2F8EC30C2F8EE
:104E9000E030F4E71CF065F91B4AD2E9003123F059
:104EA00001033B4341EA0801C2E9003101232E4AD4
:104EB00057EA08071BBF9363A2F5805253645364FB
:104EC00008BF9363DBE750EA01037FF4BFAEBAF19A
:104ED000010F7FF4BBAE1CF044F90C4A136823F0B9
:104EE000010343EA090313604FF48063144AB9F1E4
:104EF000000F04D05366A2F580521367BFE7136713
:104F00005366BCE7BDE8F08718160020C42C0020CB
:104F1000004000B8006000B8005000B8004001B880
:104F2000006001B8005001B8000002B8002002B8CB
:104F3000001002B8041C00030418000300C001B8EC
:104F400000E001B800D001B800C000B800D000B83F
:104F50000D0A0A09090A0A090040005400600054B9
:104F600000500054E42C002000E000B8024B5868C8
:104F7000C0F3C000704700BF18160020024B18682D
:104F800000F00100704700BF18160020024B58685F
:104F9000C0F3C030704700BF1816002010B504469B
:104FA000FEF728FDFFF7B2FD04F18000FDF706FAD9
:104FB000FEF7CCFCFEF7D6F8FEF744F9FFF7BEFB90
:104FC00013490723134AD1F8FC1004F1D800FFF766
:104FD0000DFC4FF080710020FEF76CFA4FF000726C
:104FE0000D4B4FF400110120C3F80021FEF762FAC7
:104FF000FFF71EF820B940F221321421FBF704F923
:105000001FF01AFEBDE810400120FDF7C5BF00BF2C
:10501000001F00B0581F00B000D001B88022074B1D
:105020001A67082203F580531A67054AD2F88C3EA6
:1050300023F02003C2F88C3E704700BF001002B876
:10504000001000B010B51CF08CF801210446FFF7E9
:10505000E5FF054B00201961044B5B68984720462B
:10506000BDE810401CF081B8000002B8AC4400203C
:10507000F8B5194C0546207840F25E42B0FA80F04F
:105080003E214009FBF7C0F855B9607840F25E4216
:10509000BDE8F840B0FA80F03E214009FBF7B4B813
:1050A0004FF440660D4F0E4DD7F8B43040F25E42DB
:1050B000C3F381232370C5F8B46060783E21B0FA51
:1050C00080F04009FBF7A0F8D7F8B830C3F381238C
:1050D0006370C5F8B860F8BDAE3E0020004000B86F
:1050E000006000B8F8B5084C084D236F0423084F42
:1050F0002B67236F5B0300D4F8BD042602203E67B4
:105100001FF0E7FC2E67F4E7000002B8001002B8B9
:10511000002002B8A82238B51A4B1D6F03F50053C2
:105120001A6710229A60A3F5804302F100521A67B1
:105130005A66FFF773FC144B1B7813B90320FEF774
:10514000B3F80024114B9C67FFF7CCFF104A114BBA
:10515000D2F8C01E0B40C2F8C03E04220E4B1A67A4
:105160000E4BAA06C3F8944008D503F580735B6B19
:10517000B3F5817F22BF8022024B1A61BDE838401F
:10518000FCF7F4BB000002B8B53E002000C001B837
:10519000001000B0DF0000FF002002B8001E00B0C9
:1051A00010B528B971B94FF4C062164BDA6210BD60
:1051B00041B9154AD3681B0E13F00E0FF3D1936853
:1051C0009A06F0D4FFF780FC0F4C0020FEF788FE13
:1051D000032801D0092805D1636FDB03F5D4E36D03
:1051E0000C2BF2D9FFF77EFF4FF40072074BDA6207
:1051F000012203F5E8335A61042203F580531A674C
:10520000D1E700BF006001B8000002B8004000B85C
:1052100008B503210920FEF783FD2022014B1A6106
:1052200008BD00BF000002B838B505461BF099FF65
:105230000446FDF77DF835B1FFF75AFC2046BDE87E
:1052400038401BF092BF084B1B78002BF6D0074B61
:105250001D78002DF2D1FFF74BFC2A464FF4804019
:105260000021FFF7B9FCE9E7B13E0020B03E002085
:105270002DE9F84F5B4B06460D4614461B6F002A7E
:1052800040F0AD8013F0A00F14BF4FF001094FF0B4
:105290000009FCF76BFBA0234FF0000ADFF86081E8
:1052A0000320C8F87030FDF7FFFF0420FDF7FCFF76
:1052B0004D4FFFF71DFC4D4B4FF0040B7B67C7F8BC
:1052C00078A0FFF70FFF4A4B4FF48071D3F88C2E74
:1052D00042F02002C3F88C2EFF22C8F80820414A71
:1052E0001161D3F8C02E43491140C3F8C01EC8F85D
:1052F00070B0C3F894AE7B6913F0060F04D0FEF7CC
:10530000B3F95846FDF7D0FFB9F1000F08D04FF4BC
:105310000062394B1A674FF40042A3F5E0339A66F6
:1053200066B1364BDB6C180701D4FFF7CDFBFFF7F6
:105330006FFF0420FDF7B8FFFFF770FB294B5A6998
:10534000D10747D5DA6812F0706FFBD12C4B2D4A8C
:105350001A672D4A536A23F0F003536215B12046B1
:10536000FFF762FF294BD3F84C315A1C01D05B0088
:1053700002D50122224B5A6164B3204BDA6E03F549
:1053800000539A6603F5D0331B6A1D4A23F00103CC
:10539000D3611F4BD3F80C1203F50053C3F8081266
:1053A00003F50053D3F8841003F500539967194BA4
:1053B000D3F8EC1003F50053C3F8E010164B596C0A
:1053C00003F500539963154903F5803359664FF689
:1053D000084313670020BDE8F84FFCF751BD4FF0BC
:1053E000000956E7000002B800C001B80000010142
:1053F000001000B0DF0000FF001002B8004000B84D
:10540000002002B810003000001F00B00080E00F44
:10541000004001B80040005400C000B85000002F08
:105420009A4B2DE9F04F9A6EDB6E85B002EA0308C5
:10543000974BC3F86880974BD3F8E060D3F8EC3013
:105440001E40954BC3F8E060944BD3F80822D3F884
:105450000C3202EA030A924BC3F808A203F5204378
:10546000DA691B6A02EA03098E4B09F47702DA61F2
:105470008D4BD3F80422D10606D4D3F80431DA06D2
:10548000C3F3001740F1E1801BF06BFE874B5A69B4
:105490005F6E1B6F12F0060F07EA0307844A27F0BE
:1054A000007323F4006314BF4FF0010B4FF0000BA7
:1054B00053667B0704D57F4A137D0133DBB2137536
:1054C0001BF053FEB8F1000F00F0DD8018F400442B
:1054D00027D01BF046FE0146FFF7BAFA0446764D88
:1054E0002B6818681A689042FCD018689042FCD06B
:1054F000FFF7AEFAA04240F0AA8008461BF035FE46
:105500006E4B1C606E4B1D6F15F4E05240F0A18095
:1055100024F07F4424F0DF040CB9FFF7FBFD4FF0CB
:10552000807418F0020F4FF0000514D0644B5D49F1
:105530001B6F03F460420A67002A00F09E801D047E
:1055400000F19E8013F4005F0CBF4FF000534FF04A
:10555000006300251C43C8F340384FEA4808594B04
:105560003340002B4AD016F4206F0AD040F6D50203
:1055700006210020FAF748FE0020FFF755FE26F42A
:105580008026F00506D5FF22464B44F4C0649A609D
:10559000FFF79AFA16F0090F0AD040F6EA0208213E
:1055A0000020FAF731FEFFF733FE0122394B1A6370
:1055B00016F0106F0CD040F6F30209210020FAF724
:1055C00023FEFFF725FE002211461046FCF788FE59
:1055D00016F4202F0AD040F6FB0207210020FAF72C
:1055E00013FE0020FFF720FE26F48026F10301D5EC
:1055F000FCF7E2FF002EB8BF48F0080872070DD58F
:10560000244BDB6A13F4005F4FF4005317BF224AA8
:105610002D4AD36244F4000408BFD362730548BF27
:1056200044F0040416F48023019300F0B080FCF7EA
:105630007FFF0138062849D8DFE810F03401370130
:1056400034013A013D0140014001BB463AE70446BE
:1056500046E70192FFF75EFD124B019A1A6715F4B7
:10566000805307D115F4806F0CBF4FF080544FF07A
:10567000806456E74FF0804453E74FF0007368E7CB
:105680004FF0004365E74446454668E7004000B8F0
:10569000006000B80040005400600054004001B8B1
:1056A000006001B8002002B800E100E000C001B8CD
:1056B00000E001B8C82C0020BC440020C02C002011
:1056C000000002B8090B0B890050005440F62C1260
:1056D00003210020FAF798FD0121824A936ED2F847
:1056E000880003F00703063301FA03F3C0F30C004C
:1056F0001B1A9BB2072B12D97B4B1B6F58020ED47F
:105700007A48936B926D406D58B103F007030633EE
:105710009940C2F30C03C91A89B2072901D844F48D
:105720000074734B1B78002B31D06E4BD3F8E030F4
:1057300013F4A02F2BD16F4B6F4A1B7893B9FB0446
:1057400010D4137873B1E3086C4943EA457383F0CE
:105750000103D1F8C01E03F001035B0021FA03F33B
:10576000980714D10420FDF79FFD654B65495967E3
:10577000FFF7BEF9604A13782BB9634B634A1B6885
:105780002340134201D144F4804427F48057BAF1F6
:10579000000F1DD01AF4805F18BF44F480241AF45F
:1057A000807F18BF44F400241AF4005F18BF44F04F
:1057B00010041AF4007F18BF44F020041AF4806F1C
:1057C00018BF44F040041AF4006F18BF44F080047E
:1057D000B9F1000F48D019F4001F0AD04C4B1B68D8
:1057E0003BB1414A4B48116F00680022C1F3C061D0
:1057F000984719F4802F18BF45F4007519F4803FBD
:1058000018BF44F4805419F4801F18BF44F40034C6
:1058100019F4800F18BF44F0020419F4003F18BFB8
:1058200044F4801419F4000F18BF45F0100519F462
:10583000002F19D0314BD3F88C3E13F0C00F13D08A
:10584000294AD368C3F30363032B01D0072B05D187
:10585000536FD90602D4936F1A0732D54FF4002242
:105860002D4B29F40029DA61002F00F020813B053F
:1058700040F18A802949DFF888A0CB78284A002B9C
:1058800054D04FF40060013BDBB25066CB7033B9AB
:10589000244B1B78C3B140F60142234B5A670023C7
:1058A00000226FE044F4803416E744F4006413E708
:1058B00044F4806410E744F480740DE744F0080475
:1058C0000AE744F40014CFE7DAF8783013F4A05F65
:1058D00015BF4FF4807340F60143CAF85830CAF838
:1058E0007830DCE700400054000002B8004000B807
:1058F000B23E0020B13E0020B33E0020001000B0B8
:1059000000C001B80000010118160020088D010038
:10591000F82B0020E42C0020002002B8A43E002038
:1059200000E001B8B53E002000D001B80320FDF72B
:10593000BBFCDAF81430AA4813F0060F04BF41F696
:105940001F73A84AA84908BF53674FF40062A54BCC
:105950005A66DAF8143013F0060308BFCAF8783034
:10596000438A13F400626AD023F4006343820B7805
:1059700003F0FF0A002B66D1FDF776FEFFF7CAFBA6
:10598000534620221C431543B80009D52E20FDF7AD
:10599000DDFB4FF00052934B45F008051A675A663D
:1059A000F90606D52B20FDF7D1FB10228D4B1A6787
:1059B0005A6617F0306F05D1FA046CD5BBF1000FB1
:1059C00000F0B9803B0117D52920FDF7BFFB874BBD
:1059D0005B6C13B11022864B9A60FFF7C7FA48B18F
:1059E000844B85497F4A53660B6701F54051C9686E
:1059F00048042BD445F0040517F0007B31D0042077
:105A0000FDF752FC2720FDF7A1FBFFF783FB4FF0CA
:105A10000072744B5A66794BD3F8C02E520600F1CF
:105A20008380734B02229A60754B1B6823B17548C3
:105A3000002201210068984745F0020528E00B7814
:105A40004FF400539EE74FF4004329E713672020EB
:105A50005366FDF77BFB2D2045F00C05FDF776FB2B
:105A6000CAE717F0807FDFF884A148D00420FDF753
:105A70001BFC2820FDF76AFBDAF87830002B3BD1BD
:105A8000FFF748FB574B5B4A45F001051A675A661A
:105A90000022564B9A657A0509D55B4A9378002B0C
:105AA00000F0C880013B9370002348EA0308534B81
:105AB000D3F88C3E1B0603D520462946FCF7E8F9AF
:105AC000424620462946FFF787F8019B0BB1FCF7B9
:105AD00065FD01224D4B06F00436C3F8E0604C4BE7
:105AE00019F4002FC3F884211EBF4FF40022404B4D
:105AF000DA6105B0BDE8F08FCAF878B0C2E7F90402
:105B0000C6D50420FDF7D0FB424BCAF87430FDF730
:105B1000ABFDDAF8643013F0407FB9D12A20FDF7ED
:105B200015FBFFF7F7FA76E7D3F88C3E98063FF5BA
:105B30007BAF394B76E7394B1B68013302D044F019
:105B40000104A8E7304A13794BB1013BDBB2137172
:105B500013B9294B324A5A6700231C439BE70420A0
:105B6000FDF7A2FB0320FDF79FFB204B294A5A6754
:105B70001BF0F7FA82460DF10F00FEF7B1F9294B41
:105B800083461B780BB1FEF79FFFBBF1030F0ED1CD
:105B9000DFF89CB00020FEF7A3F9032807D1DBF85B
:105BA0007430D903F6D4DBF85C300C2BF2D99DF8B5
:105BB0000F30032B06D101221B4B50461A701BF0ED
:105BC000D4FAC9E7194BD3F8E03013F4A02FF2D17F
:105BD000FEF78EFF50461BF0C8FA4FF48043BCE737
:105BE000C82C002000E001B8B53E002000C001B87C
:105BF000002002B81000002000D001B8001000B052
:105C0000F82B0020E42C0020A43E0020006000546B
:105C100000E100E000000101001002B8B4440020DF
:105C20000000010DB43E0020B13E002000400054B1
:105C3000000002B80220FDF737FB012335E700BF63
:105C40000122024B1A62DA61704700BF002002B8DD
:105C50000C4B10B5DC691A6A14400B4A24F47F011E
:105C6000D161E20704D5D868C0F30360FFF7E8FF0D
:105C7000630706D5BDE81040042200200021FEF78E
:105C8000ABBF10BD000002B8002002B80C4A08B536
:105C9000936B526C13400B4A9363DB070FD50A4B8F
:105CA00040F674321878122100F00100FAF7ACFACD
:105CB000BDE80840002201200021FEF78DBF08BD8D
:105CC00000C000B800E000B818160020054AD2F85D
:105CD0008430DB07FBD4936FD2F884201340024A50
:105CE00093677047008001B800A001B870B51446F2
:105CF0000D461BF036FA064BD3F88C6E74402C40E0
:105D00007440C3F88C4E1BF030FA06EA050070BDF3
:105D1000001000B0034BD3F88C3E99430CBF012018
:105D200000207047001000B02DE9F04117460A43EB
:105D3000012A1D469DF818409DF81C60DDF8208062
:105D400029D8B44227D2082E25D8032B23D8B8F15E
:105D5000000F20D00A460021FBF770FDFF21EB0069
:105D60009940C943DFF834C008F1FF38FF00E2B2C0
:105D7000964202D80020BDE8F0813D190CEB850564
:105D8000D5F8C82018F8010F0A4098401043C5F80C
:105D9000C8000134EBE70120EDE700BF001E00B0B2
:105DA000034B1868034B002808BF1846704700BF14
:105DB000E02C002020D20300F8B50D4610B90024D5
:105DC0002046F8BD0E4F3E68002EF8D1F9F7D2FFFD
:105DD00004460028F3D03860FAF718F820461EF081
:105DE000B9FA38B130463E60FAF710F820461EF096
:105DF000ACFAE4E7002DE3D02046A847E0E700BF77
:105E0000E42C0020024B1868003818BF01207047AE
:105E1000E42C0020002108B5024B08465B68984737
:105E2000002008BDAC4400204FF4007307B50A49B8
:105E30000DF10602ADF806301EF0A9FFBDF80630E0
:105E4000B3F5007F05D1022808BF002003B05DF83C
:105E500004FB0120FAE700BFE82C002070B50646DD
:105E60000D461446F1F7C4FE0022044B1E80044B7D
:105E70001D60044B1C60044B1A6070BDA63B0020E3
:105E8000F02E0020EC2E0020E82E0020054B10B54F
:105E90001968054C054B226818681BF058FD00B9BD
:105EA000206010BDF02E0020E82E00207444002059
:105EB0002DE9F84F0E4614460AB34FF0000BDFF8F9
:105EC0004480DFF84490DFF844A0D8F80070D9F897
:105ED0000050DAF80000ED1BA54228BF25463844E3
:105EE0002A46314623F0D5FD2F44641BC8F80070C4
:105EF00004D0FFF7CBFF2E448346E6E75C462046FE
:105F0000BDE8F88FE82E0020EC2E0020F02E0020B7
:105F10000FB400B50B4BA3B01B786BB180220220ED
:105F200002A9FFF79BFF25AB0021249A06480193A5
:105F3000F3F7E8FCFFF7AAFF23B05DF804EB04B029
:105F4000704700BFB63E0020F94E03000022024B0E
:105F50001A605A609A607047A83B00200122024BE9
:105F60001A70FFF7F3BF00BFB63E002008B5054822
:105F700006F0F6F8BDE808401022FF21024823F0A1
:105F8000A2BD00BF00450020F42E002070B50D4DCD
:105F90002B78A3B9BDE870400B4806F0E1B800F0DB
:105FA00031FE01343378E0B28342F8D84FF47A718D
:105FB0002B7805485943BDE8704006F035B80024F9
:105FC000024EEFE7B1490020E0440020DE3D002012
:105FD0002DE9F3470F4600219846234B81461B8845
:105FE0001646118023B90024204602B0BDE8F08790
:105FF0001E4820F0E3F90446DFF870A009F104051B
:10600000002CF0D0204605F0A9FD011D28461FF008
:10601000D4F910B3002514232A462146484600959A
:1060200005F084FF204605F0B5FD14280BD8358017
:10603000002FD9D000231422009321463846EBB21A
:1060400005F074FFD0E7204605F0A4FDA0F114058B
:10605000ADB245453580C7D8EAE72146504620F025
:1060600003FA0446CCE700BFB43B0020B63B002057
:106070000023024A1380024A13807047B63B002077
:10608000B43B00202DE9FF4100238DF80C304FF088
:10609000FF33061D304601A901931FF08EF9054616
:1060A00018B1FFF7E5FF01250AE0144F3B883BB12B
:1060B0000146134820F082F90446DFF844801CB9F9
:1060C000284604B0BDE8F081204605F047FD011DDB
:1060D00030461FF072F950B100222146084820F0E6
:1060E000FEF93B88002BDED0013B3B80DBE72146FD
:1060F000404620F0B9F90446E1E700BFB43B002078
:10610000B63B00202DE9F7430D461646074620B959
:106110000024204603B0BDE8F083FFF7B3FFDFF8AB
:106120006C80184BB8F800201B889A42F0D23DB31F
:1061300006F1140189B20022104620F028F9044625
:106140000028E5D04FF0010901461423002238460B
:10615000CDF8009005F0EAFE3DB114222146284614
:10616000CDF80090F3B205F0E1FE0022214606488A
:1061700020F02AF9B8F800300133A8F80030C8E759
:106180001421D8E776490020B63B0020B43B00201C
:1061900008B500F0BFFE094B1B7853B14FF47A717C
:1061A0000748594305F040FF064B074A00201A6094
:1061B00008BD034805F0D4FFF6E700BFB149002051
:1061C000E04400208030002052D2030008B504488B
:1061D00005F0EAFABDE80840024805F0E5BA00BF5C
:1061E000B63B0020B83B002037B5124B124D1B7850
:1061F0000446F32B2A88114B14D11149097803293D
:1062000010D100210193012308460093022320F0BE
:106210006BF808B100232B80204603B0BDE8304066
:1062200005F09EBF019301230093002319461846F1
:10623000EDE700BFB73E0020B83B00205D6A0100DB
:10624000DB3E00202DE9F041214F86B0B7F80080F9
:10625000BDF830608DF80F30B8F1000F34D11FF069
:1062600006F8ADF8160005F095FC01230DF10F01BD
:106270001A4604460DF1160005F0C6FDBDF81600DD
:1062800005F088FC0546304605F084FC2918C9B2A3
:106290000DF1160020F0AFF93046BDF8165005F0AC
:1062A00079FC611C434632460090C9B2284620F072
:1062B000CAF9BDF816309DF80F203B80054B14211C
:1062C00005481A7005F0B0FE06B0BDE8F08100BFC9
:1062D000B83B0020B73E0020682A0020F8B50446ED
:1062E000002859D10020F8BD928AA24252D04822FB
:1062F00002FB035292F82C20022A11D148224FF6B9
:10630000FF7C02FB0352118E614507D192F83800E1
:10631000022814D1928F39E00846EFE78C4239D039
:10632000482202FB035292F83810022906D14FF698
:10633000FF71928F8A4202D094422BD040B1482004
:1063400000FB035008301FF061F8A04222D001206A
:1063500001363A78F3B29A42C4D9482159436A18AF
:10636000695C0129F4D1D2F804C01CF0800FBED0C2
:106370001CF4005FB8D192F82C000228CCD092F81F
:1063800038100229DBD14FF6FF71928F8A42D6D0A6
:106390009442D4D10120A6E70026024F3046024D98
:1063A000D7E700BFB04900201021002037B50546CF
:1063B0000C4699B1FFF792FF80B1FF2208212046D9
:1063C00020F06FFA034648B96A46054908684968EB
:1063D00003C26A461946284612F05EFA03B030BD81
:1063E00048D203002DE9F04F144698464FF0FF3392
:1063F000B3B00546002289462046062110939DF839
:10640000F0A01EF018FE002206210C9020461EF07F
:1064100012FE00220A2100F4804620461EF00BFEE8
:10642000042DC3B20B9300F03681052D00F054818A
:10643000012D5FD119A81CF03BFB092315AA1746B3
:106440008DF864300DF5847C3EAB154618685968AC
:10645000083303C563452A46F7D1394619A81CF00D
:1064600050FE19A8F7F782F998F8083011AD022B01
:1064700003BF2B46D8F80000D8F80410D8F8003035
:106480000CBF03C3CDE91133429B0A2113930523AB
:106490000DF13E0220468DF850301EF0CCFD062155
:1064A0000DF13D0220461EF0C6FD0C210DF13F020C
:1064B00020461EF0C0FDAAF1030C10AB1090DCF1D9
:1064C0000000CDE9005340EB0C0021469DF83E3022
:1064D0009DF83D2021F0C5FB002800F0D980BAF1DD
:1064E000030F0AD04822914B429902FB09339A6963
:1064F0008A420CD333B0BDE8F08F00220A21204637
:106500001EF099FD00F0F000F028EBD1F2E74FF01B
:10651000000B429A9A6100220A2120461EF08BFD50
:10652000C3B20B9300220A2120461EF084FDC0B2A4
:10653000E02840F0D8800022062120461EF07BFD96
:10654000450640F1D9800121204605F091FB002845
:1065500000F0E3800121204605F08AFB0546012179
:10656000204605F085FB002800F0D9800121204657
:1065700005F07EFB07460B2119AA20461EF05BFDA5
:10658000384605F007FB00220746062120461EF08C
:1065900052FD9DF86430C0F30030FF1A0B21A7EBC9
:1065A000800715AA20461EF046FD0023FFB2009387
:1065B00029463B469DF8542019A805F0B7FCB9F1CF
:1065C000FF0F15D0482202FB09F2584B99189A5C2C
:1065D000FF2A0DD04A68BAF1000F03D1500407D446
:1065E000897D29B9482101FB093342F4C0625A6010
:1065F0004F4B504A93F9003010780D9320F0DEFC99
:1066000002280D9B40F28D80042840F28C800628E1
:106610008CBF00250125AD016FF06C029342B8BF1D
:106620001346082BA8BF08236E3343F3460300220A
:10663000012120461D441EF0FEFC002E14BF012344
:106640000023EDB2C2B208D03B490E883B4909880D
:106650008E4294BF00260126760019A93343CDE966
:106660000871109903930C9B06910B99C3F3801347
:106670000591029342999DF8F4300491CDE900A36D
:10668000294643465846CDF81C901CF010F931E7D6
:106690004FF0070B3FE7BAF1000F14D1B9F1FF0F2C
:1066A0000ED04823214D03FB09556B685F0407D4C6
:1066B000AB7D2BB95246012120461EF0BCFCA861DF
:1066C0004FF0060B2EE700220C2120461EF0B3FCF3
:1066D0004FF0030B109025E7002E3FF40BAF404620
:1066E0001EF016FE06E700220A2120461EF0A3FC3B
:1066F000C0B2E2283FF41FAF0022062120461EF060
:106700009AFC00F0030001283FF41DAF002E3FF477
:106710001AAF40461EF0FCFD15E725461FE7274649
:1067200029E7C02578E7802576E700BF1021002003
:10673000F73E0020F83E002076490020B43B0020C0
:106740002DE9F04F8DB080460F4615469946BDF8AD
:1067500058A000F0E5F90446002F39D108AE3946BB
:106760001022304623F0AFF9FF2C02AF22D048228E
:10677000374B02FB04335A68500401D49B7DCBB1E4
:1067800000220A2150461EF056FCC0B2E02811D06B
:10679000CDF8189096E80F0087E80F0000235246C6
:1067A00000932146434602200195FFF71BFE0DB0E2
:1067B000BDE8F08FCDF8189096E80F0087E80F003D
:1067C0000023019500934346524621460420ECE7FE
:1067D000BB1E012BEBD8FF2808AE0DF1080B29D00A
:1067E000314600F0D7FB4822194B02FB04339B7D56
:1067F000D906C3F3820201D4072A16D1BDB103F032
:1068000003039F420ABF4FF0010C4FF0040C1546E2
:10681000CDF8189096E80F008BE80F0043465246DB
:1068200021466046CDE90075BFE7002DE7D04FF067
:10683000040CEDE710220021304623F044F9CDF896
:10684000189096E80F008BE80F00CDE90075BAE7C5
:10685000102100202DE9F043002287B00D210446CD
:106860001EF0E9FB002800F0998000220621204656
:106870001EF0E1FBC0F3072515F0050640F08E8001
:106880003246062120461EF0D6FB070400F1868022
:106890003246062120461EF0CEFB400477D400226B
:1068A000012120461EF0C7FB05F0070507468DF8BD
:1068B0001450002D75D12A46072120461EF0BBFB3F
:1068C0000390644EFFB2337BB146BB420AD19DF8C0
:1068D0001420337A934205D1002B7CD13368039A7C
:1068E0009A425BD00DF10C0898E8070089E8070090
:1068F0004FF4FA615848377305F096FB00220621E1
:1069000020461EF098FB00F0030001284FF0000223
:106910006CD10A2120461EF08EFB00F0F000F0281A
:106920003CD00022062120461EF085FB10F4C05FFB
:10693000C0F3C12232D1062120461EF07CFB0206A4
:106940002CD45DBB2A46062120461EF074FB43066C
:1069500002D440461EF0DCFC0022062120461EF038
:106960006AFB00220546062120461EF064FB002239
:106970000646092120461EF05EFB00940346C6F33E
:1069800040324046C5F3C121FFF7DAFE06E006219A
:10699000324620461EF04FFB410680D507B0BDE8C9
:1069A000F083022DFAD105210DF10B0220461EF0D5
:1069B00042FB204605F0D2F89DF80B100822014456
:1069C00003A823F066F80022082120461EF033FBBE
:1069D0008DF8150075E7022B84D10822314603A8F3
:1069E00023F047F800287FF47DAFD7E70621204643
:1069F0001EF021FB10F00305D0D12A4606212046C7
:106A00001EF019FB10F4C05F11D100220A212046AC
:106A10001EF011FB00F0F000F028BFD000220A2188
:106A200020461EF008FBC0B2E32895D1B6E72A46FF
:106A3000062120461EF0FFFAC0F3C1200228E4D050
:106A40002A46062120461EF0F6FAC0F3C12003288C
:106A500082D0A3E7F42E002000450020002108B5D5
:106A6000024B084619801BF0ECFE08BDB83B002025
:106A700008B5204A0B461278824239D91E4900EBEC
:106A8000C000482201EBC001184623F002F802784A
:106A90000346012A02BF426842F018024260827D2A
:106AA0001AB1426842F4804242605A6803F1180009
:106AB000110619465CBF42F480525A6091F82C20AE
:106AC000022A0BD0032A0FD01AB95A6842F4803236
:106AD0005A600C318842F1D1002008BD5A6822F476
:106AE000805242F48072F3E75A6842F04002EFE7C6
:106AF0002720F2E7B049002010210020064B1B7828
:106B0000834207D948235843044B185C431E58421C
:106B10005841704700207047B049002010210020E4
:106B20002DE9F843064600254FF048080C4FDFF8E2
:106B300034903B78ECB2A34201D8FF240DE020460C
:106B4000FFF7DCFF08B90135F3E708FB0491304695
:106B500008311EF032FC0028F5D02046BDE8F8834D
:106B6000B04900201021002030B5084B48211A7888
:106B70000023074CD8B2824201D8FF2005E0013340
:106B800001FB03F5655DFF2DF4D130BDB049002058
:106B9000C8200020F8B50546FFF7C2FFFF280446CD
:106BA00006462AD1FFF7E0FFFF28044625D003B2AE
:106BB00003EBC303124FDB002868696803F1080286
:106BC0003A4403C2A8681C33106031461022F818FA
:106BD00022F079FF482200214FF6FF706243BB1874
:106BE000996183F844609882287A58600120B854EB
:106BF000997583F82C6083F838602046F8BD00BF93
:106C00001021002013B5144B04461B78834220D971
:106C1000124B1B7883421CD9FFF770FF60B14822EA
:106C20000F4B02FB04339B69009304236A46214601
:106C300020201BF065F90CE0042322460DEB030035
:106C400020211BF054F94FF0FF330093019B0133D7
:106C5000EBD102B010BD00BFDE3D0020B0490020E6
:106C60001021002070B54B4B04461B7896B0834230
:106C70006ED96E463422FF2109A822F024FF10228B
:106C8000FF21304622F01FFF2046FFF737FF002884
:106C900049D048226243404DAB18AA5C8DF82420AD
:106CA0005A680A921A7C002A54D19B680B93482395
:106CB00003FB04539A7D12F01C0F18BF1C338DF890
:106CC00035201CBF0FCB86E80F00482303FB04517F
:106CD00091F82C20032A8DF8462046D103FB04535B
:106CE000D3F82E00D3F8321012AA03C2D3F83A0018
:106CF000D3F83E1003C2482101FB045292F8383009
:106D0000032B8DF8473001D0002B39D101FB0455FE
:106D1000D5F82E00D5F8321012AB03C3D5F83A00DF
:106D2000D5F83E1003C33423214609AA1F201BF0C7
:106D3000E7F82046FFF766FF04A81BF0B9FE07231B
:106D4000314604A88DF810308DF811401CF0D9F9A7
:106D500016B070BD022AAAD1D96898680BAA82E839
:106D600003005B7C8DF83430A1E7002AB6D0022AFC
:106D700001BF0B8EADF84830CB8DADF84A30BAE785
:106D8000022B01BF938FADF85030538FADF85230C6
:106D9000C9E700BFB0490020102100202DE9F043D1
:106DA0000027DFF82481474C97B098F80030FDB2F7
:106DB000AB4202D817B0BDE8F0832A4634231F2126
:106DC00009A81BF094F8E94604A81BF071FE0723FC
:106DD000494604A88DF810308DF811501CF0B0F918
:106DE00048239DF824206B43FF2A02D1E254013747
:106DF000DBE7E254DDF828C0E618C6F804C09DF8C9
:106E0000353006F11C0EB37599E80F008EE80F00BF
:106E10001CF0020206F108033BD0DDE90B0183E818
:106E20000300022333749DF83430737448236B439A
:106E30002CF4C062E1184A609DF84620032A81F8CC
:106E40002C202AD112AA03CA482203F12E0604EBF1
:106E5000060CA051CCF804104FF6FD7102FB054260
:106E6000D186482202FB05429DF84710032982F88B
:106E7000381000D0E1B93A3314AA03CAE618E0503A
:106E800048234FF6FD7203FB05437160A3F84220CF
:106E9000ADE70B9B3274B360C8E7002AD2D0022A58
:106EA00001BFBDF848200A86BDF84A20CA85D8E748
:106EB000022901BFBDF850309387BDF85230538787
:106EC00095E700BF10210020B0490020F7B5FFF77B
:106ED00065FF00240C4E0D4D0D4F3378A34202D9AF
:106EE0002B78A34201D803B0F0BD042322460DEB5A
:106EF000030020211AF0FBFF482303FB0473019ACF
:106F000001349A61E4B2E8E7DE3D0020B049002098
:106F10001021002030B4084B48201978FF250023A9
:106F2000064CDAB2914202D830BCFFF7CFBF00FB6B
:106F300003F20133A554F4E7B049002010210020EA
:106F4000F0B40B4611490546097881421CD9482402
:106F50001C2114FB00140E4E03F1100C3444274680
:106F600018685968083303C763453C46F7D148237E
:106F700003FB0566B37D284623F01C0343EA820227
:106F8000B275F0BCFFF76EBEF0BC7047B049002090
:106F900010210020034630B40E4A084612789A4267
:106FA00004D830BC1022002122F08DBD48221C21C3
:106FB00012FB0312084B1A44034602F11005144653
:106FC00003CCAC4218605960224603F10803F6D1A5
:106FD00030BC7047B0490020102100202DE9F84F47
:106FE00004461E464D4B88461B789146A342BDF889
:106FF0002800BDF82C103FD9B8F1000F02D0B8F12D
:10700000030F4FD1B9F1000F36D04FF0480B444F6A
:1070100004EBC4050BFB047B9BF82CA0ED00BAF13C
:10702000FF0F05D19BF83830FF2B0DD1002026E053
:1070300005F12E0008224946384422F01AFDA0B17D
:107040009BF83830FF2B19D005F13A000822494649
:10705000384422F00EFD38B1BAF1FF0FE6D02046D9
:10706000BDE8F84FFFF7FEBD012048230C22634323
:1070700002FB00303844C686BDE8F88F01200C239F
:107080004FF0480A58430AFB040A2E35BA442844F4
:10709000082249468AF82C80384422F0FAFCAAF8E3
:1070A0003660DCE7B8F1020FD9D148231C4A03FB54
:1070B000042393F82C60022E0BD1DD8D854223D062
:1070C00093F83850022D11D15B8F8342C7D1012034
:1070D0001BE093F83850022D06D15B8F8342F6D027
:1070E000FF2EBCD1002504E0FF2EFBD0FF2DB6D132
:1070F000012548230C26634306FB05331344022273
:10710000D88583F82C2006E0002048230C25634313
:1071100005FB003313441986A1E700BFB0490020E6
:10712000102100202DE9F0471F4B05461B788946AA
:107130008342924635D900273E46DFF8708000EB47
:10714000C00408EBC40494F82C30032B07D8013B8F
:10715000012B16D8DFE803F006200627F3E7FF2B04
:1071600018BF0126062F04F10C04F6D126B94823D6
:10717000FF226B4308F803202846BDE8F047FFF7DD
:1071800071BD0822494604F12E0022F072FC30B98C
:10719000FF2384F82C30E5E7E38D5345F8D0012632
:1071A000E0E7BDE8F08700BFB049002010210020D3
:1071B000064A03461278824206D94822FF215343E9
:1071C000034AD154FFF74EBD704700BFB0490020BD
:1071D000102100202DE9F04F04464FF6FF7585B0D1
:1071E000174614F48032BDF83C60029208BF2E4668
:1071F000E2060846BDF838909DF84C8007D5FFF7A9
:107200008FFCFFF7D5FF002005B0BDE8F08F210708
:1072100071D514F4004BC4F3C22A04D09F2222FA81
:107220000AF2D207EFD50393FFF7B4FC3D4A0546B7
:107230001278039B8242E6D93946CDE90096109A2E
:10724000FFF7CCFEBBF1000F04D05246284611993F
:10725000FFF776FE14F4C06F334BC4F3412E04F4F1
:1072600080702DD1482202FB053268B112999161DC
:10727000917D21F003019175482202FB053251688E
:1072800041F02001516004E0917D906121F0030103
:107290009175482214F4003F08BF4FF0000802FB2C
:1072A0000533012F83F8448005D102995A68E9B962
:1072B00042F080025A602846FFF7D4FC0120A3E781
:1072C000AEF10202012A9FBF482202FB0532129949
:1072D0009161482202FB053292F816C02CF0030C93
:1072E0004EEA0C0191750028D3D0C5E742F4025252
:1072F0005A609E82DFE7FFF713FC0A4B1B7883423C
:1073000081D9012F08D14822074B02FB00335A686C
:107310009D8222F402525A6033464A461099FFF782
:1073200001FFCBE7B049002010210020442358433F
:10733000024B185C431E584258417047CC20002035
:107340002DE9F843064600254FF044080C4FDFF8BE
:1073500034903B78ECB2A34201D8FF240DE02046E4
:10736000FFF7E4FF08B90135F3E708FB0491304665
:1073700004311EF022F80028F5D02046BDE8F8833D
:10738000DC3D0020CC2000204422024B02FB0033D5
:1073900019637047CC20002030B500224424084BEC
:1073A000084D1978D0B2814201D8FF2007E004FBD4
:1073B00002F3EB5C0132013BDBB2FD2BF2D930BDB5
:1073C000DC3D0020CC200020F8B50546FFF7B8FFD3
:1073D000FF280446064628D1FFF7DEFFFF280446B3
:1073E00023D003B203EB0313114F9B002868696895
:1073F0001A1D3A4403C2A868343310603146102283
:10740000F81822F060FB442200214FF6FF7062431F
:10741000BB18196383F82C605885287A588001209E
:10742000B85483F82D109E749E772046F8BD00BF97
:10743000CC20002010B50D4B02461B780C46834231
:107440000ED9FFF773FF68B171B1094902EB021061
:1074500001EB80014422204622F01BFB002010BDDE
:107460002720FCE72D20FAE70120F8E7DC3D00208B
:10747000CC20002000210A4610B5074B1C78C8B26A
:10748000844201D8104610BDFFF750FF08B1013209
:10749000D2B20131F3E700BFDC3D002013B5124B3F
:1074A00004461B7883421CD9FFF740FF60B1442299
:1074B0000E4B02FB04331B6B009304236A462146E8
:1074C00022201AF01DFD0CE0042322460DEB0300E0
:1074D00022211AF00CFD4FF0FF330093019B013382
:1074E000EBD102B010BD00BFDC3D0020CC2000205D
:1074F00070B50D4D2B78A3B9BDE870400B4804F072
:107500002FBEFFF7CBFF01343378E0B28342F8D8C7
:107510004FF47A712B7805485943BDE8704004F068
:1075200083BD0024024EEFE7AF4900202045002034
:10753000DD3D002070B53A4B04461B7896B083427F
:1075400061D93022FF210AA801AE22F0BCFA102234
:10755000FF21304622F0B7FA2046FFF7E7FE002869
:107560003CD0442262432F4DAB18AA5C8DF82820F2
:107570005A88ADF82A201A7B002A46D15B680B9303
:10758000442303FB045393F82D208DF83520D206B5
:107590001EBF34330FCB86E80F00442303FB045295
:1075A000917C03FB04538DF84610022904BF5269F5
:1075B00012929A7F022A08BF1B6A8DF8472008BFE3
:1075C0001393442303FB04556B8DADF854302B7C8F
:1075D0008DF8563095F82C308DF8573030232146F1
:1075E0000AAA21201AF08CFC2046FFF757FF05A8B5
:1075F0001BF05EFA0823314605A88DF814308DF88B
:1076000015401BF07EFD16B070BD022AB8D1D3E93B
:1076100001010BAA82E803005B7B8DF83430AFE7F1
:10762000DC3D0020CC200020F8B500244427074D85
:10763000074E2B78E0B2834200D8F8BDFF2207FB4B
:1076400000F3F254FFF776FF0134F2E7DC3D00204F
:10765000CC200020064A03461278824206D94422F2
:10766000FF215343034AD154FFF764BF704700BF63
:10767000DC3D0020CC20002038B50D4A04461278AD
:10768000824212D90B4D41B94423FF224343EA54AD
:107690002046FFF74FFF002038BD00EB00104422CA
:1076A00005EB800022F0F5F9F2E72720F4E700BFB0
:1076B000DC3D0020CC2000202DE9F0430026324F95
:1076C000324D97B03B785FFA86F8434502D817B041
:1076D000BDE8F0834246302321210AA81AF007FCB6
:1076E00005A81BF0E5F908230DF10409494605A892
:1076F0008DF814308DF815801BF022FD44239DF881
:10770000282003FB08F3FF2A02D1EA540136D9E707
:10771000EA54BDF82AC0EC18A4F802C09DF8353030
:1077200004F1340E84F82D301CF0020C99E80F009F
:107730008EE80F0004F1040320D0DDE90B0183E89B
:107740000300022323739DF834306373442202FB49
:1077500008529DF846309374129B53619DF8473050
:107760009377139B1362BDF8543053859DF85630C0
:1077700013749DF8573082F82C30C7E70B9B84F8C0
:107780000CC06360E2E700BFDC3D0020CC2000209D
:10779000F7B500234420FF261B4D1C4C2978DAB294
:1077A000914216D8FFF788FF0024194E174F3378FF
:1077B000A34202D92B78A34210D8164B1B78E3B111
:1077C0004FF47A715943144803B0BDE8F04004F017
:1077D0002BBC00FB03F20133A654E0E7042322464E
:1077E0000DEB030022211AF082FB442303FB0473F8
:1077F000019A01341A63E4B2D9E7074803B0BDE83F
:10780000F04004F0ADBC00BFDC3D0020CC200020E7
:10781000DD3D0020AF49002020450020F8B5204B79
:1078200005461B882D2B28D82A2B28D901F05CFF70
:107830001C4B1D4A1B680646053300211B4813607C
:107840001EF0BCFD0446194FCCB1032120461EF0AA
:107850000DFF312814D11221204604F0A3FBB042C1
:1078600005D140F60F401EF028FA00232B70214668
:1078700038461EF0F9FD0446E6E7382BD6D0F8BDB1
:107880003228F4D10521204604F08CFBB042EED121
:1078900040F60F401EF011FA00232B70EFE700BFF7
:1078A000BC3B002048200020082F0020BE3B0020C9
:1078B00070B50021054611481EF080FD04460F4EAC
:1078C0000CB9204670BD032120461EF0CFFE3F2894
:1078D00005D0214630461EF0C7FD0446F0E70921D9
:1078E000204604F05FFB0228F3D10A21204604F071
:1078F00059FBA842EDD10120E4E700BFBE3B0020C8
:10790000F8B50021054619481EF058FD0446174FEA
:1079100004B9F8BD032120461EF0A8FE45281ED15B
:107920001B21204604F03EFBA84218D10521204629
:1079300004F038FB831EDBB2012B0BD821460B4829
:107940001EF092FD06462146002208481EF0C7FDA3
:107950003446DDE7FF221B21204604F037FB214699
:1079600038461EF081FD0446D2E700BFBE3B002032
:10797000F0B589B00446F5F7B9FB334B06461B78E2
:10798000112B1FD1607801A91EF043F820BB0027FE
:10799000F5F7ACFBFEB2B0421CD9304603A920F08B
:1079A00013FD9DF80C500137002DF1D121463046D2
:1079B00010F068F818B340F60445A84214BF8C25AF
:1079C0008D251CE0122B05D1618860781EF0AEF881
:1079D0000028D7D18C2512E040F20913BDF804200D
:1079E0009A42D4D16388B3F5006FD0D1601D1BF0EB
:1079F0005DF80E28CBD000280CBF00258D2503A8EC
:107A000031211BF014FE2388618804A8ADF80E30E4
:107A10001BF00DFE237912218DF81230D4F80530B9
:107A200003A8CDF81330D4F809308DF81C60CDF8D8
:107A30001730637B8DF81D508DF81B301EF0EBF86E
:107A4000284609B0F0BD00BFCA49002037B5144B25
:107A500005461B78113B012B0FD98D246846322136
:107A60001BF0E5FD072168468DF802508DF80340B4
:107A70001EF0D1F8204603B030BDFFF719FF0028F3
:107A8000EBD128460FF0D6FF044618B92846FFF779
:107A900037FFE3E740F604439842DED08824DDE771
:107AA000CA49002003787BB94378012B0CD1074BDE
:107AB0001B88562B064B15BF027A1B781A7003726F
:107AC0000023436001230370704700BFBC3B0020CC
:107AD000CA49002070B50578044665B94378042B7F
:107AE00009D10C4B1B88522B06D1F5F7FFFA6560C4
:107AF00020810123237070BD0689F5F7F7FA8642CD
:107B000002D921236360F4E7207A6560F5F7E8FA8B
:107B1000EFE700BFBC3B0020037810B504466BB90B
:107B20000121194A436012880170417839B9174B15
:107B3000562A0BBF1B88027A03721A8010BD0529D2
:107B40000FD1562A05D1F5F7E9FA40F0500020721E
:107B5000F4E7007A00F00F002072BDE81040F5F75E
:107B6000E3BA06290ED1562A04D1F5F7E3FA40F01C
:107B70006000ECE7007A00F00F002072BDE81040D2
:107B8000F5F7DEBA0370D9E7BC3B0020803B00204C
:107B9000037810B50446CBB90122436043780270E4
:107BA000242B14D006D80D2B09D01E2B0BD000236C
:107BB00023700BE0362BFAD1F5F7D4FA01E004F08C
:107BC00011FC208102E0034B1B78238110BD024B86
:107BD000FAE700BFA74900208B3D0020037863B976
:107BE0000122436043780270242B19D006D80D2B54
:107BF00009D01E2B0AD0002303707047362BFAD110
:107C00000089F5F7B5BA007A04F0F2BB074B028998
:107C10001978914202D22123436070471A7070474D
:107C200003890A2BF7D8024A13707047A74900202E
:107C30008B3D00202DE9F043164693B00C461D46BF
:107C400007461AF07AFE1AF076FE02A80EF0B6FE8B
:107C5000012EDFF8CC8045D0032E0ED04FF0030963
:107C60001EF0DCFEA84213D02946384616F06EFC02
:107C700021463846F5F7E0FB0AE018B9BDF80830B0
:107C80009B07EBD4B8F80030980746D44FF00209B0
:107C9000CDF8049098F800303246214600933846DB
:107CA0002B461AF0ABFB804624210DA81BF0BFFC2D
:107CB00039460DF136001BF0BAFC206861680EAB46
:107CC00003C329460DF142008DF840608DF84180D4
:107CD0001BF0ADFC10210DA81DF09DFF404613B018
:107CE000BDE8F083B8F80030D907CFD5DA0603D461
:107CF00013F0200FB2D10BE009AB204605AA0DA965
:107D00001BF087FBB8F800309B06A7D40028BDD134
:107D1000B8F80090C9F38009A2E713F0080FE9E76B
:107D2000803B00202DE9F04387B01746DDE9118440
:107D30001A469DF840300E9D7D2BBDF83CE030D8B2
:107D4000DFF86890B9F80090B9F1360F13D0B9F1A7
:107D5000380F1AD0B9F1340F25D100932A46734653
:107D6000CDE901840CF0B4FD10B90CB1AB7A2370ED
:107D700007B0BDE8F083CDE901E300902B4638461B
:107D8000CDE903840CF020FDEEE7CDE901E300929C
:107D90003B460A46CDE90384014628460CF054FDD3
:107DA000E2E73820E4E70120E2E700BFBC3B002027
:107DB00010B4084C2478202C03D1B1F90640002CD3
:107DC00003DA5DF8044B0CF02BBE02205DF8044B87
:107DD000704700BFCC4900201FB503780446EBB9BB
:107DE00001224360037A0274142B02700ED8142B04
:107DF0000ED8DFE803F02F101B0D0D0D0D0D150D26
:107E00000D0D0D180D0D0D0D0D2528003D2B1DD050
:107E10000023237002E005F0FBF8607404B010BD8D
:107E200006F06CFEF9E710F0FDFEF6E705F0FCF851
:107E3000014604F111001BF0FAFB02232374EDE765
:107E400006F09AFEE9E715F093F9E6E7144B1B7884
:107E50004374E3E7102307226946012004F0FAF98E
:107E6000BDF8001004F111001BF0E1FB9DF8023099
:107E7000BDF80610E3749DF8033004F11700237574
:107E80009DF8043063759DF80530A3751BF0CFFB9A
:107E900002AB03CB1023C4F81900C4F81D10CDE7C2
:107EA000E64900202DE9FF4702780446002A40F009
:107EB000118101230370037A292B2DD8292B31D866
:107EC000DFE813F033005C006300300030006C002A
:107ED0006C003000A2008500AB00B100F70030005C
:107EE0003000FC0030003000300030003000300046
:107EF0003000300030003000300030003000300002
:107F0000300030003000300030000B010B011C014C
:107F1000300030003000F500342B00F0F6803D2BAF
:107F200000F0FB8000232370D4E0057C102D6BD182
:107F300011301BF07AFBE37CADF800008DF80230C5
:107F4000237D04F117008DF80330637D8DF8043034
:107F5000A37D8DF805301BF068FBD4F81D10ADF83B
:107F60000600D4F8190002AA03C22B46072269466C
:107F7000002004F06FF900236360ABE0037C012B69
:107F800042D1407C05F04AF8F5E7037C022B3BD157
:107F900011301BF04AFB05F04DF8ECE7037C022B97
:107FA00032D111301BF041FB237A052B4FF6FF73C2
:107FB00007BFADF80000ADF80230ADF80200ADF833
:107FC000003068468DF8043010F06EFED3E7564A54
:107FD000037C12785E08B2EB530F15D9534F00F1B2
:107FE0001105B8460FFA86F905EB460A55450DD13D
:107FF0004FF4004531464D4828F8195004F0D8FF99
:108000000028B8D0A8F800502123B5E728461BF077
:108010000CFB023527F8020BE8E711301BF005FBDB
:108020000EF0AAFCA7E711301BF0FFFA404B054603
:108030001B7833B94FF6F773984233D81EF0FAFC29
:1080400099E74FF6F672431E9BB293422AD805F089
:1080500065FD38BB6946284604F034FE10B3284657
:1080600020F0B3FCF0B928461EF0FBFFD0B928463B
:108070000BF0C8FBB0B9284620F024FB90B9284685
:10808000FEF72CF970B928461EF0D4FC40F60743E1
:108090001322032027491CF031FF40F607401AF055
:1080A000DCFC68E71EF0BAFCA8423FF464AF022390
:1080B00062E74FF0FF330093437C82E7457C123048
:1080C0001BF0B3FA6A46ADF80000294601201DF006
:1080D000C5FC606004B0BDE8F087037C042B93D13D
:1080E00000F1110101201BF0B4FA237A232B02D1F5
:1080F0001FF07DFAEDE71FF009FFEAE7407CC31EA1
:10810000012B81D806F0FCFF35E7437C0A49003B90
:1081100018BF012342600B70DCE7407C08F0C4F814
:1081200000283FF428AF6FE79A490020DE33002093
:10813000533E00208EA70300DC490020144B027838
:1081400010B51B8804466AB942604278032A0AD1F6
:10815000562B104B02D11B78237201E0227A1A7041
:108160000123237010BD022A02D1562B0A4BF1E7DE
:10817000092AF7D1562B03D107F0CEFF2072EFE783
:10818000007A003818BF012007F0AEFFE8E700BF13
:10819000BC3B0020CB490020CC49002038B50378F7
:1081A000044673BB01220270427843601F2A25D027
:1081B0000DD8122A1FD0182A17D0052A0ED0174D15
:1081C000D9B2685CFF281FD10023237019E0382A38
:1081D00018D0402AF3D1F4F7B9FF11E0104B114A3F
:1081E0001B7812789B1A23810BE00F4B1B78B3FA94
:1081F00083F35B09F7E70D4B1B88F4E7F4F76AFF9D
:10820000208138BD0A4BF7E7824203F10103D7D141
:10821000084B53F821301B78E5E700BFACD20300D0
:10822000AB490020673E0020BA4900206249002087
:108230007E49002058D203000278034630B4002A59
:108240003CD10121017041784260192923D00DD819
:10825000122935D018292BD0052911D0324DD4B28E
:10826000285DFF2843D100221A7027E0382933D037
:10827000402935D01F29F1D130BC0089F4F724BF43
:108280002A4A007A11782A4C42182478A2420ADD40
:1082900019225A6012E0274A017A1078234A12788C
:1082A000801AC0B2EFE7234B1A7030BCF5F7B6B8AE
:1082B0000389214AB3FA83F35B09137030BC70471A
:1082C00047F230520089904201D92122E1E71B4B4D
:1082D00030BC188011F0B2BC0289194B1A80EDE74E
:1082E00000890228F1D830BCC0B2F4F735BF814212
:1082F00002F10102B3D1134A082C188952F8242044
:1083000001D934290DD111788142C1D310705A6836
:10831000002AD3D15A78112AD0D130BC187AF4F778
:10832000EBBE1070CAE700BFACD20300673E00206E
:10833000AA490020AB490020BA4900206249002028
:108340007E49002058D203002DE9F0438DB0DDF8BE
:108350005080B2F80090CDF8008007460C461646D3
:108360001D461AF083F8002845D1452103A81BF0CB
:108370005EF921880DF10F008DF80E701BF057F992
:1083800061880DF111001BF052F92379E1888DF815
:10839000133063790DF115008DF814301BF047F997
:1083A00021890DF117001BF042F9A37A0DF11A0192
:1083B00030468DF819301DF0E5F948468DF82C50FF
:1083C00016F0D2F98DF80B00003818BF01200DF11E
:1083D0000B030190009342462B46212103A801F094
:1083E000E5F818B1054B1B78212B04D1044A13780A
:1083F00043F0040313700DB0BDE8F083CC490020B6
:10840000173F00202DE9F0430D46064691461C46D5
:1084100089B0014628469DF84480129F15F0F8FE69
:1084200002A83F211BF003F932460DF10A01012099
:108430001BF001F949460DF10F008DF80E501BF0AD
:10844000F6F821880DF111001BF0F1F861880DF1AB
:1084500013001BF0ECF82379E1888DF8153063796F
:108460000DF117008DF816301BF0E1F821890DF1A0
:1084700019001BF0DCF8A37ABDF8401007A88DF8AE
:108480001B301BF0D4F80B4B17211B7802A8402B94
:1084900008BF00274FF0000308BFB846CDE90033FE
:1084A0003A4643468DF81E8001F080F809B0BDE8D9
:1084B000F08300BFCD4900207FB504460D46164627
:1084C0007D2168461BF0B3F821460DF102001BF038
:1084D000AEF82868696801AB03C30D2168468DF8C2
:1084E0000C601DF098FB044B196811B12046F4F79D
:1084F000A3FF04B070BD00BFC83000202DE9F047D5
:1085000005460F4619480021164698461DF056FFAD
:108510004FF0000A0446DFF85490BCB1D5B15FFAC1
:108520008AF080450AF1010A19D1204603F032FB96
:10853000411EC9B2204603F035FD0FB1C30705D572
:10854000FF2E04D0C0F34100864200D00024204614
:10855000BDE8F0872946204603F024FDE1E72146E7
:1085600048461DF081FF0446D7E700BFBA3B002014
:10857000014803F019B900BFBA3B00207FB5ADF840
:10858000060003F0EBFA05468479C6791AF0D1F9B2
:108590000021400040F001008DF80F00FF22084646
:1085A0002B78FFF7ABFF10B1002004B070BDBDF811
:1085B000060003F0EFFA34446400083404F0FE04CB
:1085C0008442F1D101230DF10F011A460DF106008D
:1085D00003F01AFC02460028E6D10548BDF8061053
:1085E0001DF0F2FE034A0120137801331370DCE71B
:1085F000BA3B0020B93E002010B50D4B04461B7855
:1086000083420DD91AF099F9012102462346084602
:10861000FFF774FF50B1BDE81040002103F0C2BC69
:10862000C01AC0B2BDE8104019F0B6BEFF2010BDA0
:10863000B93E0020034B1878034B1B781844C0B296
:10864000704700BFB93E0020B83E002070B50A4D0B
:1086500000EB4004A60005EB84041AF06CF909F065
:1086600077FE08B11AF0C7F9A279A188A859BDE828
:1086700070401DF098BA00BF4045002013B5044675
:108680001AF05BF9114A00B200EB400002EB8002E5
:10869000D4B13F2C18D0137A0133DBB2D1791372E5
:1086A00099420FD800234321137268461AF0BFFF86
:1086B00001200DF1020122461AF0BDFF0621684695
:1086C0001DF0A9FA02B010BD0023E7E740450020E5
:1086D00037B50B4B05461B780C46312B0ED1442188
:1086E00068461AF0A4FF29460DF102001AF09FFF18
:1086F000052168468DF804401DF08DFA03B030BDA9
:10870000CB49002038B5030415D4032913D80B4BEB
:108710000B4D1B7803EB430305EB8304A171E2715E
:10872000A0800A46014655F823001DF03CFABDE83A
:10873000384009F00DBE022038BD00BFBC3E00200D
:108740004045002010B50C4C237843B1F1F780F878
:1087500028B140F2022019F0BAFB00232370F4F78D
:108760004FFA08B100F040FB044B187818B9BDE887
:10877000104000F00FB910BDBA3E0020BD3E0020F1
:108780002DE9F041234BDFF89C8005461868D8F8A6
:1087900000300E46C01A83B2CA2B174631D9CA2000
:1087A000F4F794FA82241C4B1A7812B10022822426
:1087B0001A701A4B1A781AB1002244F001041A7088
:1087C00000F07AFF08B144F0040417B1F6B144F0A8
:1087D0000804D8F800305C706B1EDBB2012B04D8A3
:1087E00000F06AFF002818BF00250D4B1D7000F037
:1087F00063FF08B919F0E4FD3046BDE8F041F4F735
:1088000033BAC0B2F4F762FA8024CCE744F0100423
:10881000DFE700BF042F0020BF3E0020C23E002043
:10882000BB3E002048200020144B027810B51B8866
:108830000446BAB942604278072A14D1562B07D1B0
:108840000BF08CFD012814BF63236223237207E021
:10885000007AA0F16203584258410BF085FD606038
:108860000123237010BD042AFCD1562B044B01D1E7
:108870001B78EBE7027A1A70F2E700BFBC3B0020DE
:10888000CD490020037810B5044653BB4360012353
:1088900003704378342B27D00FD8172B22D006D85B
:1088A000012B17D00C2B11D00023237019E02D2B96
:1088B000FAD1104B1B78238113E0412B16D0422BA9
:1088C00016D0392BF0D119F0EAFA01E004F068FA79
:1088D000208106E0084B1B68B3F5803FEBD31D23D6
:1088E000436010BD054BE5E7054BE3E7054BE1E7CA
:1088F000054BDFE7B5490020A8AE0300BE3E0020CF
:10890000B3490020B0490020DC3D0020037810B5B9
:108910000446B3B90122436043780270342B27D058
:1089200008D8172B1BD02D2B0CD00C2B12D00023CA
:10893000237006E0392B21D0413B012BF7D80223CD
:10894000636010BD0389022B01D92123F8E70E4A89
:108950001370F6E7007ABDE8104004F027BA0089EA
:108960001AF07FF80028F0D12289084B1A70E8E746
:10897000074B028919789142E7D3F7E70089BDE8F0
:10898000104019F087BA00BFB5490020BE3E002054
:10899000B349002038B5054600F08EFE10B900241A
:1089A000204638BDF4F7A2F904460028F7D0034B5F
:1089B000012229461878FFF7E3FEF1E7BB3E0020CD
:1089C00038B503780446002B40F09B8043600123B8
:1089D00003740370037A472B0AD8102B0BD8042B8F
:1089E00000F0E380072B00F0C680032B00F0B88076
:1089F0000023237085E0113B362BF9D801A252F8F1
:108A000023F000BFE18A0100F1890100F189010032
:108A1000F18901007D8B0100F1890100F1890100DC
:108A2000F1890100F1890100F1890100F18901005A
:108A3000F1890100F1890100F1890100F18901004A
:108A4000F1890100F1890100F1890100F18901003A
:108A5000F1890100F1890100F1890100F18901002A
:108A6000F1890100F1890100F1890100F18901001A
:108A7000F1890100F1890100F1890100F18901000A
:108A8000058B0100198B01001F8B0100F18901008A
:108A9000F18901003D8B01005B8B0100378B0100E8
:108AA000138B0100938B0100F1890100F189010012
:108AB000838B0100F1890100F18901008D8B010098
:108AC000F18901000D8B01009F8B0100A58B010036
:108AD000B38B0100998B0100B98B0100BF8B0100A2
:108AE0000723384D0374298811301AF0A0FDAB78A4
:108AF000E374EB7823752B7963756B79A375AB7988
:108B0000E37538BD18F074FC6074FAE7ECF75AF9B5
:108B1000FAE718F064FCF7E718F050FCF4E70423D8
:108B2000037418F041FC024604F111010120BDE874
:108B300038401AF080BD18F04EFCE5E703230374BB
:108B400018F040FC30B10278437880786274A374E6
:108B5000E074D6E703460246F8E718F02BFCD3E7AB
:108B60000223037402F0C2FD014604F11100BDE8C6
:108B700038401AF05CBD03F0DDFBC5E702F050F8A9
:108B8000C2E7042303741DF00BF8CCE708F02AF9C0
:108B9000BAE707F0EBFAB7E707F0DCFAB4E705F05D
:108BA000D9FFB1E7084B1988DFE7084B1B784374FE
:108BB000A7E71AF06DFCA7E704F0FEF8A4E70EF0B3
:108BC00073FEA1E74CD4030068490020BD3E00209D
:108BD00038B503780446002B3DD101230370037A96
:108BE000043B432B00F2B780DFE803F022B5B53039
:108BF000B5B5B5B5B5B539B5B58CB5B5B578B57D3F
:108C00008689B5B5B5B5B5B5B5B5B5B5B5B5B5B56F
:108C1000B5B5B5B5B5B5B5B56E4452B5B5644B5D32
:108C2000738E9AB59EB5A1A7B5B5B5ABB592B5B1E2
:108C3000037C012B1BD1437C484A003B18BF012316
:108C40000020137019F0BCFB002311E0437C1BB122
:108C500003F038FB606038BD03F048FBFAE7407C66
:108C6000003818BF012018F0AFFB0028ECD02123FA
:108C70006360F0E7407C003818BF012018F09CFBCF
:108C8000F3E7037C012BF2D1407C18F091FBECE779
:108C9000037C042BEBD100F1110101201AF0D9FC67
:108CA00018F084FBE1E7037C012BE0D1407C18F055
:108CB0008DFBDAE7037C032BD9D1C37C827C0021B6
:108CC000407C18F07DFBD0E790F9110018F092FB82
:108CD000CBE790F9110018F084FBC6E790F911007A
:108CE00001F0B8FCB0E7457C12301AF09EFC01465A
:108CF0002846F4F7C1F9A7E7F4F7B4F9A4E7F4F7C5
:108D0000A7F9A1E70223B3E7407C07F015FAA1E732
:108D1000407CBDE83840003818BF012007F020BA79
:108D2000407C01F049FF95E71CF03CFF93E71130D0
:108D30001AF07BFC08F042F886E7407C08F044F823
:108D400082E711301AF071FC054B18807CE7407CFB
:108D50000EF0B0FD78E7002303707CE7BD3E0020F5
:108D60006849002038B50446F2F706FD10B1012528
:108D7000284638BD2046F2F789FF0028F7D1204663
:108D8000F3F786FC0028F2D1204619F0A5FA002856
:108D9000EDD12046F3F71CFE0028E8D12046F2F77B
:108DA00007FC0028E3D1204619F0FDFA0028DED1A7
:108DB000204619F021FA0028D9D1204619F0FBFAF3
:108DC0000028D4D1204619F0E9FA0028CFD1204656
:108DD00019F0EBFA05460028C9D121460148FDF7F4
:108DE00097F8C5E7C3D203002DE9F04FB5B0F3F70C
:108DF0002FFFF3F761FFDFF844830646D8F8003011
:108E0000C84D9A78DFF8389302F0030101290BBFAF
:108E100005200320B3F80110597808BFB3F80320E8
:108E200001F003042A8005941C780344BE48DFF84F
:108E300014B303604FF00000C9F80030BB4B0CBF07
:108E40004FF0000A4FF0010A09068BF80040187035
:108E500005D5582332202B8000F064FC2CE1B44F60
:108E6000397821B91AB1582330202B80F4E719F052
:108E7000F9FA18B9582342202B80EDE74FF001038F
:108E80000FA88DF83C3018F0A0F89DF83C20002A7F
:108E900000F012812C88562C00F2B280462C31D87A
:108EA000272C57D92046FFF75DFF002840F00481AA
:108EB000582331202B80CFE7A4F18F030E2BF1D85C
:108EC00001A252F823F000BF97940100B39401006F
:108ED00031950100A58E0100A58E0100F1940100DD
:108EE000A58E0100A58E0100A58E0100A58E0100B2
:108EF000A58E0100A58E0100A58E0100A58E0100A2
:108F00004D940100A4F147020F2ACBD801A151F8DA
:108F100022F000BF67940100A58E0100519301006B
:108F2000A58E0100A58E0100A58E0100A58E010071
:108F3000C193010091940100A58E0100A58E01004E
:108F4000F190010049910100A58E0100A39101005B
:108F5000C1910100272CA5D801A252F824F000BF2E
:108F600093900100579401007F9101002992010024
:108F7000A58E01001790010047920100A58E010007
:108F8000A58E0100599201005992010067920100DB
:108F900067920100A58E010073930100A58E010068
:108FA000A58E0100A58E0100A58E0100619401002F
:108FB000A58E0100A58E0100A58E01007D94010003
:108FC000A58E0100A58E0100A58E0100A58E0100D1
:108FD000A58E0100A58E0100A58E0100A58E0100C1
:108FE000A58E0100A58E0100A58E0100A58E0100B1
:108FF000A58E0100A58E01006D94010077940100FB
:109000009D2C11D88E2C3FF657AF652C00F0FB81BC
:10901000812C7FF447AF052E4ED9D9F80030053E9C
:109020003344C9F8003047E0F12C00F0EC811ED841
:10903000AA2C00F0DB80AB2C7FF434AF942200210B
:109040000FA820F040FD13AB0DF14D02019301205C
:109050003849009211AA00F08BFB0FA817F06BFFA4
:109060009DF83C30002B40F08680212084E0FC2CD1
:1090700000F00B8240F205139C427FF413AF00F026
:1090800033FB044600F030FB0146204605F08CFA25
:1090900072E000F029FB04460E2000F043FB0220A2
:1090A00000F040FB4FF400401CF0F3FD3A781AB991
:1090B0000E2C01D101223A70D8F800309BF8002024
:1090C0001A70D8F800209378002B40F03D82BAF156
:1090D000000F00F039822B88937001212A880598AF
:1090E000D31F5A425A4135B0BDE8F04FFFF748BB95
:1090F0000023CDE90F33119300F0F6FA8DF83D000F
:109100000FA817F038FF9DF83C301BB92122ADF8AD
:1091100044301092084911AB10AA002000F028FB3F
:10912000CAE700BFBC3B0020082F0020BC3E002047
:10913000C03E0020F0D20300DDD203004820002012
:10914000042F0020C13E00203878012801D00220E1
:1091500012E00023B449CDE90F3311930DF13D0224
:1091600011AB00F005FB0FA817F01AFF9DF83C307B
:109170000BB92123109310981CF09FFD9CE73B78BE
:10918000012BE4D1711F0520C9B2F3F77FFD30B187
:10919000FFF7F4F900280CBF21200020ECE719208C
:1091A000EAE700230120CDE90F3311939F4911AB6A
:1091B0000DF13D0200F0DCFA0FA817F0DAFED5E75A
:1091C0000023CDE90F33119300F08EFA8DF83D00A6
:1091D0000FA817F0BCFE9DF83C301BB921228DF87A
:1091E00044301092924911AB10AA96E794220021C4
:1091F0000FA820F068FC00F077FA8DF844000FA863
:1092000017F08BFE9DF83C301BB921228DF84C30B5
:1092100010920DF14D0213AB00920020854901938D
:1092200010AA00F0A5FA47E7942200210FA820F029
:109230004AFC0120804912AB11AA00F099FA0FA84C
:1092400017F077FEDEE70120FFF7A4FB002840F0CF
:10925000828107232B802FE7A4F10902504250415D
:1092600019F09EF828E700F03FFA0628074616D1C5
:109270000C2C3FF46CAF0024282000F053FA6F4B05
:109280001E88E2B2022331460FA818F030FE0134E6
:10929000BDF83C001CF0FDFC142CF2D10CE70828B2
:1092A00004D10C2C3FF453AF002065E70B28F8D015
:1092B0000C2C02D109283FF44AAF4FF00009604E50
:1092C0003378BB4225D10C2C02D0707800F02AFAFA
:1092D00071680022737809880FA818F008FE0C2C1A
:1092E00029D100F001FA0346707883427FF4BDAEC5
:1092F00000230FAAD9B2884216D80FA900F0FCF9B2
:109300007368727818880FA918F007FE00201CF007
:10931000D4FC09F10109B9F10B0F06F10806CFD110
:109320000C2CC1D1272027E712F8011B0133FF299C
:10933000E0D03B2020E7092F05D1152200210DF1B7
:10934000820020F0C0FB70780FA900F0FBF9B3E6B3
:1093500001210FA819F02DFB30B91CF0AEFCBDF8AF
:109360003C001CF096FCA7E621201CF0A6FC002087
:10937000F7E700F0B9F904461CF095FC814600F0CF
:10938000B3F9074600F0B0F919F4004F06467FF430
:10939000DEAE032F3FF6DBAE012C3FF6D8AE2948F8
:1093A00023B200EBC3043A46494650F833001CF0A0
:1093B000FAFB002E18BF3E46A4F80490A67173E78E
:1093C00000F092F900230128ADF83C308DF82C30E4
:1093D00017D81C4B00B203EBC0040BAA53F83000A3
:1093E0000FA91CF0FCFBA3791C1E18BF0124BDF8BB
:1093F0003C001CF04EFC9DF82C0000F093F9204638
:109400002AE51C46F3E729240F4E36F8020B013CEF
:109410001CF03FFC14F0FF04F7D12B88652B7FF480
:109420004BAEF3F715FE47E6E0D20300E3D20300AC
:10943000E6D20300E9D20300EDD2030010AD030031
:10944000FCD20300F04500208C3300201CF02BFCE4
:10945000F3F76AFC30E600F047F902F073FFFBE433
:1094600019F00FF828E619F003F825E603F0BCFC24
:109470000146082069E71DF0D1FA72E70FA81CF039
:10948000F8FC0FA806F018FA76E61DF051FAE3E4AE
:1094900019F098FAE0E41CF06CFB4FF6FF73984269
:1094A00005D000F021F92D4B18700020D4E40120E4
:1094B000D2E408230BAA8DF81B3007ABCDE90132AB
:1094C00003930DF11B030120254900930DF11A02AE
:1094D0000FAB00F04DF99DF81A000B9B003818BF38
:1094E00001209DF81C200FA91DF07AFBC0B2B3E447
:1094F000102007A900F000F90BA9102000F0FCF8DB
:109500000FA819F0D5FA09230FA88DF83C3019F0EF
:10951000D3FA0BA90FA819F0F4FD0FA8F4F726F958
:1095200007AA11460120F4F7E1F8102007A90CE77B
:109530001CF01FFB1CF0ADFB042000F0F3F818201A
:1095400000F0F0F80F2087E42B88D370D8F80020C3
:109550001B0A1371C1E535B0BDE8F08FBA3E00209B
:10956000F4D2030013B504460A4B03EBC0018A7919
:1095700053F8300089881CF016FB01A80F211AF05F
:1095800056F8032101A88DF806401CF044FB02B0F8
:1095900010BD00BFF045002008B503481CF009FFCE
:1095A00080F00100C0B208BDBE3B00202DE9F047AD
:1095B00082460F4691461C469DF8248018F054FFC1
:1095C00000283CD008F1030020440021384402F078
:1095D0008BFB054620B901221A4B1A70BDE8F087B3
:1095E00002F0BCFA184B06461B783A4603708023FB
:1095F0004370012351468370033020F076FA2CB17A
:10960000F81C22464946304420F06FFAB8F1000FAA
:1096100006D003343C4442460899301920F065FADC
:10962000012018F0CDFE094A294613780848013B6D
:10963000012B9CBF0023137000221CF0C5FE0120EB
:10964000CCE700BFC23E0020C13E0020BB3E002050
:10965000BE3B002013B504461921684619F0E7FF08
:1096600022460DF10201012019F0E5FF06216846AE
:109670001CF0D1FA152C02BF0222024B1A7002B064
:1096800010BD00BFC03E002013B50A4B04461B7836
:10969000022B0DD10D2101A819F0C9FF21460DF1B2
:1096A000060019F0C4FF04210DEB01001CF0B3FA11
:1096B00002B010BD533E002008B503481CF079FEEF
:1096C00080F00100C0B208BDBE3B002008B50548CF
:1096D00002F06AF8FEF74CFFEFF76EFCBDE80840B9
:1096E00018F06BBEBE3B0020024A1368591C116083
:1096F00018787047082F002038B50446044D0846F6
:109700002246296820F0C5F92B6823442B6038BD18
:10971000082F00200346024A106803441360704774
:10972000082F0020054B064A196812688A1AC92AB0
:10973000D8BF08701A6801321A607047042F0020E1
:109740004820002038B50446074D084B28681B68A0
:10975000C31A2344CA2B02DC224620F09AF92B6854
:1097600023442B6038BD00BF042F00204820002078
:109770000EB477B5054607AB53F8046B0193013E71
:1097800016F8013F23B903B0BDE8704003B070473D
:10979000019A622B02F104011468019133D0703BED
:1097A000D9B20729ECD8072BEAD801A151F823F048
:1097B000219801008197010081970100D197010054
:1097C00081970100D1970100E3970100F59701000F
:1097D0001DB1FFF789FF2070D2E72078FFF7A2FFC5
:1097E000CEE71DB11CF05FFA2080C9E720881CF08D
:1097F00050FAC5E71DB11CF06AFA2060C0E7206886
:109800001CF05BFABCE702F10803019353682146A0
:10981000187815B1FFF770FFB2E7FFF793FFAFE7D6
:1098200002F108030193002DAAD00448536801688F
:109830001B780B4403602160A2E700BF082F0020C3
:1098400038B50D46044617F097FC064A13889BB2BC
:109850002DB123431380BDE8384017F093BC23EAB1
:109860000403F7E7C23B00200022034B01214FF421
:1098700080701A70FFF7E4BFC93E002008B5054BA1
:1098800018681BF005FA00F00300C31E5842584147
:1098900008BD00BF242F00200023F0B585B0CDE91E
:1098A00001330393124B134D1B78134E8DF8043084
:1098B00017F062FC2A78337804469A420F4F0CD096
:1098C0003178386801AA29701BF002FA50B140F6CD
:1098D000AF110B48EFF7D2F804E038681BF0D8F965
:1098E0000128EDD0204617F04DFC05B0F0BD00BFBB
:1098F000D9490020D6490020D7490020242F002034
:1099000054D3030038B5044617F0FEFA0C4B054655
:109910001978987881420FD0631E082B0CD8DFE8A5
:1099200003F0050D0B0D0B0D0D0D0D000022014672
:10993000044B18681BF0AAF9284638BD0022F7E747
:10994000D9490020242F0020F8B52D4B1B7823B1D6
:109950004FF438612B48EFF791F817F00DFC2A4BC4
:1099600007461C8814F0060409D001214FF48070CA
:10997000FFF766FF3846BDE8F84017F003BC214604
:109980004FF48070FFF75CFF204601F067FC02286F
:109990000AD180221D4B802118681AF048FD18F06A
:1099A00050FAFFF779FFE5E7204601F057FC05463E
:1099B00038B1012807D040F6C2311248EFF75EF8FF
:1099C000D8E70246E6E7FF22104E114B30681A70C6
:1099D000FCF720FA30681BF05BF901280CD02A460E
:1099E000294630681BF056F921462C20FFF78AFFE4
:1099F00021460A20FFF786FF18F024FABAE700BFD5
:109A0000C93E002054D30300C23B0020242F002075
:109A1000D649002038B54FF0FF300C4620F072F8E0
:109A20000A4B0546186820F06DF8641B241A20B212
:109A300010F1630F06DB10F1240F05DA64308000AB
:109A4000C0B238BD0020FCE7FF20FAE7242F002039
:109A500010B50E4C236823B940F631410C48EFF79E
:109A60000DF82068013019F0E0FD00F00700032830
:109A70000AD1246809220121204601F023F9205C43
:109A8000031F5842584110BD0020FCE7142F00204E
:109A900054D3030008B5134B1B78062B04D040F2B7
:109AA000DE711148EEF7EAFF104B1B881B0704D448
:109AB00040F2DF710C48EEF7E1FF0D4B2A201978D8
:109AC000FFF720FF00210820FFF7BAFE0222094B12
:109AD0001A70094B1868FCF79DF9BDE8084018F0AA
:109AE00079BC00BFC93E002054D30300C23B002014
:109AF000C63E0020D4490020242F00200021014828
:109B000002F092BA7C4600207F2837B5044612D175
:109B10004FF6FF7318490246ADF806300988022354
:109B20000DF1060018F0F0F9BDF80640E2054CBF53
:109B30006FF04A0464B217F01FFB104B05461C700F
:109B40000F4B1B88DB0710D50E4B1B78002B0E4BE1
:109B50000CBF21466FF07F0118681AF089FC20B114
:109B600040F607610948EEF789FF284603B0BDE8D3
:109B7000304017F007BB00BF0EAD0300CE490020F8
:109B8000C23B0020CA3E0020242F002054D30300F3
:109B900008B50A4B1B88DB0604D440F601010848CF
:109BA000EEF76CFF00211020FFF74AFE002001F0C5
:109BB000AFFABDE8084018F00DBC00BFC23B002062
:109BC00054D30300F7B5124CD4E9006586EA020CC1
:109BD00085EA03070CEA000C0F405CEA070E15D07B
:109BE00086EA0C067D40C4E90065CDE900230B46FA
:109BF0000849024608681AF013FC38B140F2F31124
:109C0000054803B0BDE8F040EEF738BF03B0F0BD43
:109C100020160020242F002054D3030010B517F085
:109C2000CDFB60B117F0D9FB0B4A80B141F20D03B7
:109C3000BDE8104041F20D010748FFF7C3BF074BD5
:109C40001A789B789A4204D100220023F0E70D2372
:109C5000EEE7034AF9E700BF400D0300D9490020B1
:109C6000488D010038B5264B04461B889B0741D51B
:109C70000128244B2DD1197859B30139C9B2197073
:109C800011B92020FFF7DCFD00210220FFF7D8FDED
:109C900004221D4B00211D481A7002F0C5F91C4C0E
:109CA0002068013019F0C1FC00F44060B0F5006F8D
:109CB00023D1246801210422204601F003F8204426
:109CC00019F0B3FC0146BDE838400022202018F00E
:109CD00036BE00210F4D02201970FFF7B1FD2B7821
:109CE000FF2B04D040F252610B48EEF7C7FE2C70F8
:109CF00018F070FB012CD2D038BD4FF6FF71E2E7AF
:109D0000C23B0020C83E0020C93E00205C46002027
:109D1000142F0020D549002054D303002DE9F04F23
:109D20005706804614461D4691B005D5FFF7A6FD9F
:109D300001460120FFF7E6FDEE0403D500212D20AA
:109D4000FFF7E0FDA00223D540461BF01CF80146BA
:109D5000F0B94020FFF774FD40460AA91AF01CFC38
:109D6000B0B99DF83030022B6DD1BDF8280010F04D
:109D70008FFAFF2808D140461AF00CFC40B90121A7
:109D80004020FFF75DFD03E010F0BAFA0028F2D1A1
:109D9000A10305D5FFF772FD01460320FFF7B2FDD1
:109DA000E20104F0807354D54B4B1B889B072FD5E1
:109DB0004A4E30681AF092FB50BB494B494F18701D
:109DC0003B78FF2B04D04FF4C2614748EEF756FEB4
:109DD0004FF0000900210220FFF732FD87F80090C4
:109DE000424F3B78062B07D101210820FFF728FDC1
:109DF00049462820FFF786FD3B78052B06D1002138
:109E00002B20FFF77FFD3068FCF704F818F0E2FA2A
:109E1000210740F1D380314F0321386805AA1AF099
:109E2000B8FF064620B940F282612F48EEF726FEC1
:109E30009DF81430072B5BD0FFF720FD014604206E
:109E4000FFF760FDBAE0032BA2D10AA81EF0EAFBDF
:109E50009CE705F0020213430ED0244B262019780C
:109E6000A1F1060EDEF1000141EB0E01FFF74AFD04
:109E70000120FFF7F7FECBE704F080531A430CD024
:109E800026201A4B1978A1F1060CDCF1000141EBF8
:109E90000C01FFF737FD0220EBE704F088410B438C
:109EA00006D0124B272019788F1F79427941F0E7AD
:109EB00005F008030B4302D02320FFF723FD6E07B4
:109EC00003D500212420FFF71DFDE807A0D50021C0
:109ED0002520FFF717FD9BE7C23B0020242F002021
:109EE000C83E0020D549002054D30300C93E0020BD
:109EF000314638680AAA1AF054FF20B140F289614D
:109F0000B648EEF7BBFDBDF81610386802310AAA54
:109F100089B21AF048FF20B140F29361AF48EEF7E2
:109F2000ADFD0023009331460423386804AA1AF0DB
:109F300051FF042804D040F29961A848EEF79EFD35
:109F4000DFF8B89299F80030002B40F0DB800DF17B
:109F5000110019F06AFB00F00700022840F0D280DF
:109F6000FFF78CFC01460920FFF7CCFC9C4B1B78CB
:109F7000062B23D19B4B9DF813201B789A421DD1B1
:109F80009DF8353023B940F2AF619448EEF776FD85
:109F90000DF1110019F049FBC0F3001631462920DC
:109FA000FFF7B0FC00210820FFF74AFC8E4B1E7023
:109FB000FFF74EFD10B93868FBF72CFFE70505D514
:109FC000FFF75CFC01460420FFF79CFC14F4863F7D
:109FD00005D0FFF753FC01460220FFF793FCA601D2
:109FE00011D5FFF74BFC01460820FFF78BFC002141
:109FF0000420FFF725FC7A4B1B78012B03D17B4B08
:10A000001868FBF707FF14F0084F09D0FFF736FC7C
:10A0100001460720FFF776FC00210420FFF710FC23
:10A02000A00009D5FFF72AFC01460620FFF76AFCCD
:10A0300000210420FFF704FCA10705D56C4B1B8809
:10A040001A0701D5FFF726FD6B0605F0400610D56F
:10A05000674C00210A20FFF755FC23881F0701D514
:10A06000FFF718FD23885C0703D500210420FFF7C4
:10A07000E7FB280602D501201CF0C7F8E90527D523
:10A0800040461AF001FE022800F0E380032840F069
:10A09000F980574C23885A0709D5FFF7EFFB014693
:10A0A0000720FFF72FFC00210420FFF7C9FB2388BE
:10A0B0009B070DD526204A4B1978A1F1060CDCF13F
:10A0C000000141EB0C01FFF71DFC0120FFF7CAFD69
:10A0D000A90503D501218020FFF7B2FB002E00F077
:10A0E000D780434C23881A0701D5FFF7D3FC238878
:10A0F0009B0740F1CD800021042011B0BDE8F04F56
:10A10000FFF79EBBBDF816000121083080B201F0B8
:10A11000EBFD039000283FF48FAE01F01FFD07997F
:10A12000BDF8182006461FF0E0FC089941B1BDF8C3
:10A130001800BDF81620121A92B230441FF0D5FC58
:10A1400099F800A0BAF1000F20D106F1010B584692
:10A1500019F06BFA82066BD538681AF014FE0746C0
:10A16000FFF78CFB05370146F8B2FFF7CBFB5846EB
:10A1700019F05BFA00F0070003281E4F40D00121C0
:10A180000420FFF75DFB1AF0EEF9386000221A494F
:10A19000BDF816300978F718F1549DF83630BB70C9
:10A1A0009DF83730FB70FF233B710A9B190C7971C6
:10A1B000FB71190A99F80030B9712BB97378002A2C
:10A1C00044D043F020037370002001F0E9F9787067
:10A1D000039801F0EFFD18F0FDF8EFE654D303000B
:10A1E000C93E0020C43E0020D4490020242F002076
:10A1F000C23B0020102F0020D6490020CC3E00207A
:10A2000001210922304600F05DFD305C0121042867
:10A21000B6D1FFF715FB1AF0A6F91F4B38601B8863
:10A220005B06B3D551464020FFF70AFB0122AEE79B
:10A23000FFF724FB01460920FFF764FB174B1B784F
:10A24000012BA3D13868FBF7E5FD9FE723F020033E
:10A25000B9E7114C23885F0709D5FFF70FFB0146CB
:10A260000720FFF74FFB00210420FFF7E9FA2388BE
:10A270009C077FF52DAF094B1978881F414241415A
:10A28000272020E740F697010548EEF7F7FB1FE788
:10A2900011B0BDE8F08F00BFC23B0020C93E0020D6
:10A2A00054D30300F8B5164E0D46337802F001047E
:10A2B00023B14FF464711348EEF7E0FB124B134FD8
:10A2C0001D60134DA4B1134B997801B101212020D9
:10A2D000FFF7B6FA2B783B700F4B1C780F4B002121
:10A2E0001C70042333700E48BDE8F84001F09CBE9A
:10A2F00021462020FFF7A4FA2B783B70EEE700BF41
:10A30000C93E002054D30300142F0020C63E002075
:10A31000D8490020182F0020C73E0020C83E00204A
:10A320007C4600202DE9F84316F026FFDFF8A081D7
:10A330000546B8F80030614C13F4807F03D02378D1
:10A3400073BBFFF701FB00210846FFF7DBFA5C4B0C
:10A350001A78FF2A13D01A7802F0FF0632BBFF22C8
:10A360001A702378052B0AD100232846237016F093
:10A3700009FF30461BF03CFF16F0FEFE0546237831
:10A38000504E062B09D13378FF2B06D03378022BA1
:10A3900015D100214C4801F047FEFF2333702BE01C
:10A3A00000214FF48070FFF74BFACCE71A78012AAE
:10A3B0004FF0FF0214BF33264C261A70D4E73378CF
:10A3C00013B13378012B22D1FFF742FB07463E48F9
:10A3D00096F8009001F0C4FEFF235FFA89F933700C
:10A3E00077B1B9F1010F44D16421374884F8009066
:10A3F00001F01AFEFFF750FA284616F0C3FE06E0F9
:10A400002846277016F0BEFE38461BF0F1FEB8F85D
:10A4100000301B0605D500218020FFF711FA18F047
:10A420001AFB01F0D9FC294E308000B32778012FA8
:10A4300042D101F093FB054610B3013019F0F5F855
:10A4400000F44060B0F5006F1AD104223946284666
:10A4500000F038FC284419F0E8F84FF6FF739842F2
:10A460000ED10020318800F099FD00233380BDE833
:10A47000F88300232846237016F084FE3F20C4E7AB
:10A48000114801F06DFE002108462170012500F001
:10A490002FFD23780BB9FFF757FA0020318800F021
:10A4A0007DFD00233380002DE1D020780028DED10F
:10A4B000BDE8F8431BF015BF0025EAE7C93E0020C0
:10A4C000D5490020D44900207C460020C03B002014
:10A4D000C23B0020074B1A7842705A7882709B78F2
:10A4E0001A1E18BF01220370034B02711B78C37040
:10A4F000704700BF182F0020D849002008B5134628
:10A500000A461946064B18681AF038F830B1BDE80B
:10A51000084040F2B2410348EEF7B0BA08BD00BFB0
:10A52000242F002054D3030008B513460A461946C9
:10A53000064B18681AF01CF830B1BDE8084040F22C
:10A54000B9410348EEF79ABA08BD00BF242F002096
:10A5500054D30300024B1878B0FA80F040097047DA
:10A56000C93E0020024B1878431E5842584170479C
:10A57000C93E002008B5064B1B7823B140F2E241EA
:10A580000448EEF77BFAFFF7DFF9002008BD00BFB3
:10A59000C93E002054D3030008B5064B01EB8101EE
:10A5A0001868490019F07BFF002814BF2120002003
:10A5B00008BD00BF242F002008B5044B1868F5F72C
:10A5C0000DFE0A2390FBF3F040B208BD242F0020BB
:10A5D000014B1878704700BFD749002008B5044BDD
:10A5E000186819F0DAFEB0FA80F0400908BD00BF23
:10A5F000242F002038B5124D0C462B78012B04D99E
:10A6000040F203510F48EEF739FA21460020FFF7D8
:10A61000E5FF90B10C4B1C702B785BB9FFF794F9F8
:10A620000A4B93F900100A4BC901186819F0FAFE99
:10A63000002038BDFFF730F9F2E72120F9E700BF2D
:10A64000C93E002054D30300D7490020CB3E002050
:10A65000242F0020014BD870704700BF182F002016
:10A6600008B5054B012118681AF036FB0028B8BF61
:10A67000033040F3870008BD242F002008B5074BA6
:10A68000186819F084FE30B1054BB3FBF0F083B2CB
:10A690000BB1184608BD0120FCE700BF242F0020A5
:10A6A00040420F0008B5074B186819F074FE30B12E
:10A6B000054BB3FBF0F083B20BB1184608BD012087
:10A6C000FCE700BF242F002040420F002DE9F34794
:10A6D000534F012017F0B7FB3B88990704D44FF480
:10A6E0003D615048EEF7CAF9DFF85C8198F8003018
:10A6F000053B012B04D940F6D2314A48EEF7BEF9AA
:10A70000494E336823B940F6D5314648EEF7B6F9DD
:10A710003C8814F020045CD001212220FFF7F2F8DD
:10A720004FF47A74FFF7BEFF33681B780933434355
:10A7300004EBC30498F80030A5B2062B0BD1FFF749
:10A740009DFF0446FFF7AEFF602358430C2303FB35
:10A750000400284485B2D6F80090344B99F8008064
:10A760001C7808F1FF38324E1FFA88F8002C3FD1D0
:10A770003B885A0532D57378DFF8C8A026468AF898
:10A780000030CAF8085016F033FE30B116F02EFE35
:10A79000012814BF102308231E43264D8023494659
:10A7A000424628681AF0F1FA234B1978234B1970A6
:10A7B0003B889B061FD5CDF800A03246204B286869
:10A7C0001AF084FA10BB002002B0BDE8F04717F081
:10A7D0003ABB21462220FFF795F8A3E709F10100D3
:10A7E00018F023FF10F020047378C5D00124C3E7CC
:10A7F00000247378C0E73246124B28681AF064FAD6
:10A80000014618B92520FFF77DF8DCE72146262010
:10A81000FFF778F840F678310248EEF72FF9D2E7E3
:10A82000C23B002054D30300142F0020CC3E002054
:10A83000D9490020242F0020D7490020D6490020E4
:10A84000182F002040460020C93E002008B5174BB5
:10A850001B889B0704D440F635611548EEF70EF9C6
:10A86000144B1B78053B012B04D940F63661104888
:10A87000EEF704F9104B1B6823B940F638610C4819
:10A88000EEF7FCF800220D4B21200D491A70FFF75E
:10A8900039F818B9BDE80840FFF718BF022803D1FE
:10A8A000BDE80840FFF7DEB908BD00BFC23B00208D
:10A8B00054D30300C93E0020142F0020C33E0020C3
:10A8C0005DAA0100F8B5594C23889A0704D54FF4C6
:10A8D00037715748EEF7D2F8564801F041FC16F0B0
:10A8E0004BFC238805465B070BD519F03CFE524B09
:10A8F0001B68C01AB0F5717F03D900210420FEF750
:10A900009FFF28464D4D16F03DFC2B78042B32D18D
:10A9100016F032FC238806465F0708D5454800211B
:10A9200001F082FB3046BDE8F84016F02BBC16F073
:10A9300029FC16F021FC424B06461B78414F13B907
:10A94000238859050FD50523012102202B70FEF71E
:10A9500077FFFFF77BFF304616F014FC3B68DA7890
:10A96000394B1A70F8BD3868013018F05EFE820667
:10A97000E9D50623E8E7062B4DD1344B1B78FF2B96
:10A98000F0D1334E16F03BFD3378002B3DD016F05E
:10A99000F3FB238805465B0705D52648002101F017
:10A9A00043FB2846BFE716F0EDFB3378013B3370DD
:10A9B00016F0E2FB044601210220FEF741FFFFF7FB
:10A9C00045FF20461F4C16F0DDFB2068013018F0D3
:10A9D0002CFE00F44060B0F5006F13D12468012113
:10A9E0000422204600F06EF9204418F01EFE0146B5
:10A9F000184B04201A783378D21AD2B2BDE8F84046
:10AA000017F09DBF4FF6FF71F2E740202B70BDE8B5
:10AA1000F8401BF0EDBB012BA4D100232B700E4B93
:10AA20001868FBF7F7F93F20F1E700BFC23B0020B1
:10AA300054D303007C460020102F0020C93E002084
:10AA4000CC3E0020142F0020C43E0020D44900201A
:10AA5000C63E0020D8490020242F002008B50A4B0C
:10AA60001A7882B9012210281A7004D040F62C619D
:10AA70000648EEF703F800212020FEF7E1FEBDE8CE
:10AA80000840FFF723BE08BDC33E002054D3030097
:10AA900038B510200C460121FEF7D2FE064B1D688A
:10AAA000FFF7ECFD012200FB04F1044B28461AF0ED
:10AAB000F6F8002038BD00BF242F0020919B010034
:10AAC00008B5094B1B88DB0604D440F279510748CE
:10AAD000EDF7D4FF10200021FEF7B2FE044B1868FA
:10AAE000BDE808401AF0E9B8C23B002054D3030087
:10AAF000242F002010B5064C206819F014FDC30760
:10AB000004D52068BDE8104019F00FBD10BD00BF8E
:10AB1000242F0020012208B5084B114618681AF0AE
:10AB2000B9F800212C20FEF7EDFE00210A20FEF7E7
:10AB3000E9FEBDE8084017F085B900BF242F0020CA
:10AB40000148EDF79BBF00BF6ED30300014B4008E7
:10AB5000185C7047D049002008B513460A461946CC
:10AB6000064B186819F010FD30B1BDE8084040F6FA
:10AB700076410348EDF782BF08BD00BF242F0020B7
:10AB800054D3030008B5044B18681AF081F8013853
:10AB900018BF012008BD00BF242F0020054B10B5B1
:10ABA0004C0022460146186819F052FC031B58421B
:10ABB000584110BD242F002003289DBF024B187060
:10ABC00000202120704700BFC73E002070B5054619
:10ABD00016F0D2FA0E4B0F4E1B880446DA0735707A
:10ABE00008D50D4B0D4D1B78012B08D90121286884
:10ABF0001AF0C7F82046BDE8704016F0C3BA1BB182
:10AC000016F0D2FBC305F1D4317881F00101EEE7F3
:10AC1000C23B0020CF490020CA3E0020242F002044
:10AC200010B5054C94F900007F2801D1FEF76CFFA8
:10AC300094F9000010BD00BFCE4900200C4B10B5A8
:10AC40001B880446DB0711D5FEF7E8FF094B84F0AB
:10AC5000010208211868D20019F0E9FB30B1BDE803
:10AC6000104040F6C4610448EDF708BF10BD00BFB6
:10AC7000C23B0020242F002054D3030008B5044B0E
:10AC80000146186819F08BFC003818BF012008BD78
:10AC9000242F002010B50A4C23787BB1FFF73AFF30
:10ACA00000210420FEF7CCFD00210220FEF7C8FDA4
:10ACB00000232370BDE81040FEF746BE10BD00BF64
:10ACC000C93E0020032A134601D91BF0B1BA014A3C
:10ACD000D05C704778D3030038B5094800F064FDB4
:10ACE0000024084D95F8C030E0B2834200D838BD4A
:10ACF000103005EBC00000F057FD0134F2E700BF53
:10AD000044300020282F002008B510460249482270
:10AD10001EF0EBFE002008BDFC2F002008B5054802
:10AD20001BF06CFD014620B9BDE80840014801F068
:10AD30007BB908BD9C460020002238B51F4B154644
:10AD40001C4683F87F200132082AC3F88050C3F8DC
:10AD50008450A3F8805003F10803F4D14822002165
:10AD600017481EF0B0FE4FF6FE73A4F8E4306FF4FF
:10AD700080337F2200211148C4F8D8301EF0A3FE92
:10AD8000104BC4E93155C4E9473584F8C05084F804
:10AD9000CC50C4F8D05084F82451EDF7CBFFFF22FB
:10ADA000094B01211870094B00201A70E9F7D4FDF6
:10ADB0000020FFF7B3FF002038BD00BF282F002080
:10ADC000FC2F00200000FFFFCD3E00201D3F002093
:10ADD00010B54FF49474094B04FB0030D0F8C43024
:10ADE00053B990F8CC403CB931B1C0E9311220469A
:10ADF000FFF794FF204610BD2120FCE7282F0020FC
:10AE000038B54FF494730B4D03FB005595F8CC40C7
:10AE10006CB9204611F032FE95F87F30204643F0A1
:10AE2000020385F87F30FFF779FF204638BD012007
:10AE3000FCE700BF282F00204FF49472044B02FB64
:10AE4000003090F87F3023F0030380F87F307047A4
:10AE5000282F002070B51446234A06461278002A8F
:10AE600040D14FF49471214D01FB0051D1F8C42021
:10AE7000C2BB91F8CC203AB1022B33D191F8C0106B
:10AE8000072907D91C202CE091F8C0100729F9D810
:10AE9000012B0AD04FF4947000FB0650CA0000F159
:10AEA000800188301EF0F5FD0021252303FB0611EB
:10AEB0009DF81430103125F8314005EBC101CB70FD
:10AEC000049B00244B604FF4947303FB065595F8E4
:10AED000C030204601338C7085F8C030FFF71EFF6C
:10AEE000204670BD0120FCE7CC3E0020282F00202A
:10AEF000F8B5274B04461B780F46002B46D14FF47C
:10AF00009473244D03FB0053B3F81C3123B94FF461
:10AF10004A712148EDF7B2FD4FF4947202FB0452DE
:10AF2000D2F8206136B192F81F3139460020B2F8CC
:10AF30001C21B0474FF49473002148206343EA1862
:10AF4000A2F81C11C2F8201192F8241100FB013361
:10AF50002B44D3F814319E4218D092F87F309B07CF
:10AF600010D54FF4947202FB045292F87F302046C1
:10AF700023F0020343F0010382F87F30BDE8F8407C
:10AF8000FFF7CCBE11F09CFD0028EAD1F8BD00BF50
:10AF9000CC3E0020282F0020D3D403002DE9F04F11
:10AFA0008BB0079008460D4600F0D8FD044618B94E
:10AFB00021200BB0BDE8F08F284600F0EBFDC0B2B9
:10AFC0000838215C22180391517992F8029092F886
:10AFD00003A004919179D279267806920022B4F8E0
:10AFE0000130ADF82620474A059192F80080B8F16B
:10AFF000000F09D0444B1B6823B1514620464FFA3D
:10B0000089F298470020D4E703F00703022B76D09B
:10B010000134092241462046FFF754FE023EF6B2B3
:10B02000331A5FFA83FB1B060746C1D4374BD3F8AC
:10B030000C312BBB00210DF12603009322465B4609
:10B04000084611F053FCC3B20546002B52D1BDF89F
:10B0500026001DF05BFED0B9BDF826001DF052FFA2
:10B060008046BDF826001DF051FEE8B901233246A6
:10B0700021460DF1260000F0C7FED0B1192098E757
:10B0800042460121284698470028D3D190E71F4B1C
:10B09000BDF82600D3F81031002BDDD0E119984718
:10B0A0000028D9D1022084E75A464046E1191EF013
:10B0B0001CFDBDF8260000F051FD039B049A83722D
:10B0C000059B07991B0243EA0243069A80F808A0F1
:10B0D0001343C3604FF494730C4A80F8099003FB48
:10B0E000012393F8CC10BDF8260029B1D3F8C8305D
:10B0F00003B19847E8B25CE7D2F8F430F8E70120F2
:10B1000057E700BFCC3E00200C2F0020282F002046
:10B110004FF4947370B50B4C054603FB0043D3F812
:10B12000D06026B940F2E9310748EDF7A7FC4FF4AB
:10B13000947303FB05440023C4F8D0303346BDE8C4
:10B1400070401847282F0020D3D403002DE9F8437E
:10B1500008460F46164602F101091DF0D8FE80464A
:10B1600038461DF0CCFD042856D138461DF0EBFDC5
:10B1700048F661054FF6FF7248F64103294C9042AC
:10B1800008BF1D46B4F8D810301D18F050FA3846E4
:10B190001DF0D9FD0146B01D18F049FAB4F8DA10D7
:10B1A00006F1080018F043FA06F10A0438460EF0DA
:10B1B00069FE10B145F01005ADB22946484618F0B9
:10B1C00036FA38461DF09EFE4246014620461EF0E5
:10B1D0008CFC3846012100F04BFD4444074660B129
:10B1E00000F0D8FC0546384600F0B8FCEDB2014648
:10B1F0002A4620461EF079FC2C440B4AA41B1378E7
:10B200000134591C1170F37034703046BDE8F843B6
:10B2100009220121FFF756BD484618F006FA4C46B0
:10B220000546C3E7282F0020CD3E002010B40C4671
:10B2300011464FF49472084B02FB0033D3F8D00050
:10B2400028B9C3F8D0405DF8044BFFF721BC0220B9
:10B250005DF8044B704700BF282F00204FF4947214
:10B2600010B5482450430A4B1A1892F8241104FBD5
:10B270000100034493F8F300022806D092F8CC3082
:10B280001BB9032818BF012010BD0020FCE700BF38
:10B29000282F002070B508B1012070BD234C94F810
:10B2A0002451002DF8D12946B4F8D820FFF73CF9F5
:10B2B00029462846B4F8DA20FFF720F9294628461F
:10B2C00004F1DC02FFF748FC94F8F330002BE3D0E4
:10B2D000284694F8D460FFF77BF9864215D1002008
:10B2E00094F9D650FFF768F9854216D10020FFF790
:10B2F000B5FF04460020FFF72DF90028CDD02146E8
:10B30000BDE870400020FFF735B9284694F8D41006
:10B31000FFF770F90028E2D0BFE7002094F9D610BB
:10B32000FFF73AF90028E1D0B7E700BF282F002047
:10B3300003464FF4947010B51446174A00FB0322DD
:10B3400092F8F30002280CD1E07F022809D141B124
:10B3500012490978012913D992F8D4102278914220
:10B360000ED118462178FFF739F990B148222146CD
:10B370000B481EF0BAFB0020FFF7ECF808B90020DC
:10B3800010BD054B93F824010028F8D1FFF782FF88
:10B39000F5E72120F4E700BF282F00209E49002078
:10B3A000FC2F00204FF4947208B50A4B02FB0033C7
:10B3B0000020D3F8D020C3F8C80083F8CC001AB11D
:10B3C000C3F8D000FFF77CFB0020FFF763FF0020ED
:10B3D00008BD00BF282F00207FB51C4C94F82431F5
:10B3E00023B1002084F82401FFF754FF94F8D630ED
:10B3F000B4F81C518DF80F3025B940F2EE211448F5
:10B40000EDF73CFB114A29460020FFF79FFED4F8D8
:10B41000F86002469EB10DF10F0301930023284608
:10B420000A490093B0470246247854B92046214681
:10B43000FFF75EFD2046FFF771FC04B070BD0122EE
:10B44000F2E700200149FEF72DFFF6E7282F002044
:10B45000D3D4030038B54F4B1C78002C5FD14E4835
:10B4600000F07EFE2046FFF775F8002857D04B4CC1
:10B4700094F87F30D90738D594F8CC2022B123F046
:10B48000030384F87F304AE023F0010384F87F301F
:10B4900011F0FEFA94F87F3005469A0701D511F0B5
:10B4A000EDFA2946002011F025F850B994F87F30C4
:10B4B000284643F0010384F87F30BDE8384011F09E
:10B4C000DDBA0023482284F81F3194F8243184F82F
:10B4D0001E5102FB0343D3F81431A4F81C01C4F835
:10B4E0002031BDE83840FFF777BF94F8C000B8B10D
:10B4F00004F58E7304F1800595E8030083E80300EA
:10B50000FFF76AFF94F8C0202846D20004F18801B2
:10B510001EF0BFFA94F8C030013B84F8C03038BD4B
:10B52000D4F8C42072B99B0715D594F87F30002059
:10B5300023F0020343F0010384F87F30BDE8384074
:10B54000FFF7ECBB0123C4F8C40084F8CC3090476B
:10B5500094F87F3093E711F0B3FA0028E5D194F81E
:10B56000243173B1F1F732FF94F8CC30002BD6D1EF
:10B57000FF2818BF84F82401BDE838400020FFF7F9
:10B5800089BED4F80831002BECD098470028C6D1EA
:10B59000E8E700BFCC3E00209C460020282F00207A
:10B5A0004FF49472024B02FB003393F8240170476E
:10B5B000282F002038B505460020FEF7CBFF4FF4BA
:10B5C00094730C4C03FB054494F8CC300BB1002071
:10B5D00038BD0028FBD008481BF010F90028F6D130
:10B5E00094F87F30002BF2D194F8C000B0FA80F0CC
:10B5F0004009EDE7282F00209C46002028B1034B8E
:10B600001B68C01A4010013080B2704768300020BB
:10B6100030B1044B00F100401B68013803EB4000DF
:10B62000704700BF6830002010B5084A03461AF082
:10B630007BFE14684FF6FF7203EB40039C421846F2
:10B6400003D9018802339142F8D010BD6030002048
:10B650002DE9F047204F05463B88A3B3B0F90230EF
:10B66000002B30DBDFF87C801C49D8F800001EF08E
:10B6700032FA20B940F2C3111948EDF7FFF900265C
:10B68000DFF85CA0DFF860903A88B3B29A4204D841
:10B6900040F2C5115046EDF7F1F9D9F80030B2B2D9
:10B6A00053F83200D8F8001003EBC20468B943F82D
:10B6B0003210A38828460133A3801AF035FEE388B0
:10B6C00003EB4003E380BDE8F0871EF004FA013687
:10B6D0000028D9D1EDE700BFC43B00207CD3030094
:10B6E00086D30300BC4600205430002038B5094CF6
:10B6F000094D22682B689A4204D94FF4817107489A
:10B70000EDF7BCF928682368C01A20F0010080B268
:10B7100038BD00BF603000206430002086D30300B5
:10B7200038B5124C124D21462846F1F7ADFC23687E
:10B730000BB12B681BB9D2210E48EDF79FF92A688F
:10B740000D4B0E491A60236823F0010313440B606C
:10B750000B4B1A602AB9BDE83840EC210548EDF7DB
:10B760008DB9FFF7C3FF6428F5D938BD58300020E4
:10B770005C30002086D30300683000206430002055
:10B7800060300020064B1B68834206D8054B1B68BF
:10B79000834294BF0020012070470020704700BF03
:10B7A00068300020603000202DE9F0411D4B044638
:10B7B0001B78012B24D10088FFF72AFF0546D8B15A
:10B7C0000426DFF864802C4615F0D6FC0746204698
:10B7D000FFF73EFF638843EA08036380A05BFFF73F
:10B7E00017FF0446384615F0CDFC1CB1B4F9023001
:10B7F000002BE9DA062E01D1BDE8F0810626E2E74A
:10B80000022BF9D115F0B8FC02462088FFF700FFA3
:10B8100018B10388C3F30E0323801046BDE8F0413E
:10B8200015F0B0BCCE3E00200080FFFF2DE9F04FA8
:10B830000024BA4B97B006461C8015F09DFC0123EE
:10B84000DFF8EC82B64F3B70B8F80030A8F8004043
:10B85000ADF81630B34B1B68019315F093FCB24B57
:10B8600021461A88B14BD20018681EF02CF90DF150
:10B870001600FFF799FF002E3CD1DFF8B8924FF089
:10B88000000B0125D9F80040019B9C4239D3BBF144
:10B89000000F39D1002DF2D0D9F80040DFF898A27E
:10B8A00025462246019B9A4273D302230DF11600CE
:10B8B0003B70FFF779FF002E40F08F80D9F80060D1
:10B8C0003246AA4280F0A2809088FFF7A1FE18B10C
:10B8D0000388C3F30E039380D088FFF799FE18B155
:10B8E0000388C3F30E03D3801046FFF79DFE024684
:10B8F000E7E79847E3B256F823300134002BF8D13C
:10B90000BBE7BBF1000F3ED00BF1FF335FFA83FBC7
:10B9100016AB03EB8B0252F8402CB2F902005188AF
:10B920000028B1DA4B04AFD4924641F48040931D15
:10B930002AF8020F02933AF8020FFFF769FEF0B1FE
:10B94000B0F902E0B0F802C0BEF1000F17DB6FEAF9
:10B950004C4C6FEA5C4CA0F802C00390FFF778FEF5
:10B96000BBF10F0F8FBF002516AB039A03EB8B00C3
:10B970009EBF0BF1010340F8402C5FFA83FB029B52
:10B980009A45D8D180E72046FFF74EFE224604466E
:10B99000C3E710461AF0C8FC8346B2F902001188CA
:10B9A00000280AEA010108DA2046FFF727FE0843CB
:10B9B00081B204EB4B0402EB4B0510461180FFF7FC
:10B9C00033FE02466EE798475FFA8AF356F8233053
:10B9D0000AF1010A002BF6D170E74FF0000AF3E7F5
:10B9E0003046FFF721FE82467EB1B6F902307188FB
:10B9F000002B0ADA3088C0F30E00FFF709FE8642FA
:10BA000003462DD1C1F30D0171805646AE42E7D3F6
:10BA1000DFF81CA115F0B0FB0021064650461AF0D5
:10BA20003FFDFFF7F5FD0546002800F08780304612
:10BA300015F0A8FB28461AF077FC06462046FFF7CB
:10BA4000DDFD814676003246294620461EF021F86B
:10BA5000002249460DF116001AF0B6FC3444D9E72D
:10BA60001BD930461AF060FCC1F30D014200718011
:10BA70001846314692B21EF00CF8C6E75046FFF762
:10BA8000D3FDD146854203D9B0F90230002B01DA4B
:10BA9000824603E0FFF7C8FDF4E7B146554507D9F4
:10BAA000BAF80000C0F30E00FFF7B2FD8245E5D3FF
:10BAB000B9F1000F30D0B9F80000C0F30E00FFF765
:10BAC000A7FD034638B93346CB46994513D8B1454F
:10BAD0009BD0D946ECE748461AF026FCB9F802207C
:10BAE0004946C2F30D02A9F80220420092B218465C
:10BAF0001DF0CFFFE7E718460193FFF795FD019B87
:10BB00009B46854203D9B0F90230002B01DA034687
:10BB1000DBE7FFF789FDF4E7CB46DAE7C63B002019
:10BB2000CE3E002060300020C43B00205430002076
:10BB3000C83B0020683000200080FFFFBDF81630B1
:10BB40003870A8F80030044B30461C6015F01AFB22
:10BB500017B0BDE8F08F00BF6030002010B504467C
:10BB600008B9002010BD1AF0F0FB20B940F2BA412C
:10BB70000748ECF783FF2046FFF74AFD0028F0D086
:10BB80000388DB0B14BFD0F80A000830EAE700BFD7
:10BB900086D3030010B508B9002010BDFFF738FDAB
:10BBA00004461AF0C9FB20B940F2D4410648ECF72C
:10BBB00065FF002CF0D02388DB0B0ABF608820894A
:10BBC000C0F30C00E9E700BF86D303002DE9F04184
:10BBD0000546FFF71DFD0F460446D8B11AF0ACFB31
:10BBE00020B940F2E7412048ECF748FF2846FFF72C
:10BBF000D1FF05462046FFF717FDBD42064609D096
:10BC000004D840F2EF411848ECF738FF2588ED0BD7
:10BC100002D02781BDE8F081678020461AF084FBBE
:10BC2000074604EB400815F0A7FA104B1A68B24219
:10BC30000AD1C3F8008015F0A5FA2A464046BDE8AF
:10BC4000F041FF211DF03FBFA6EB0806B5B215F08D
:10BC500099FA072DF1D90023083D44F81730C8F8A8
:10BC60000430A8F80250D5E786D3030060300020E6
:10BC700038B5FFF7CDFC0D46044650B11AF05CFB19
:10BC800020B940F22C510348ECF7F8FE023534F8A5
:10BC9000150038BD86D3030070B5FFF7B9FC0C461C
:10BCA00016460546B0B11AF047FB20B940F23751AD
:10BCB0000C48ECF7E3FE3046FFF7AAFC1AF03CFB19
:10BCC00020B94FF4A7610748ECF7D8FE023425F8F5
:10BCD000146070BD40F23C51BDE870400148ECF783
:10BCE000CDBE00BF86D303002DE9F8430746884642
:10BCF00016F09AFB20B940F277512A48ECF7BEFEC5
:10BD0000FC1CA408284B64000434B7F5005F1E68CF
:10BD1000A4B204D340F27E512248ECF7AFFE15F0F6
:10BD20002BFA224981460B687BB9214B1D68761B93
:10BD3000C6F34F06B44227D90025484615F022FA2B
:10BD40002846BDE8F843FFF759BCB8F1000F11D001
:10BD5000174A15685A1BC2F34F029442ECD8144894
:10BD6000620005EB44040460B8F1000F0FD11344E6
:10BD70000B600CE0F61AC6F34F0676B940F28F510D
:10BD80000848ECF77BFED7E705EB44041C60002372
:10BD90006F80AB80EB802B80CFE7B442CCD8044AD5
:10BDA0001568DCE786D303006430002050300020A3
:10BDB0006030002038B5054615F0DEF90446294606
:10BDC000044800221AF000FB2046BDE8384015F078
:10BDD000D9B900BFC83B002038B515F0CDF9002116
:10BDE000054604481AF05CFB0446284615F0CAF9DB
:10BDF000204638BDC83B0020024B1888B0FA80F0BE
:10BE000040097047C83B00202DE9F74F04460088E1
:10BE10001F46FFF7FDFB8846154606461AF08CFACA
:10BE200020B940F2E6613F48ECF728FE3388DB0B8F
:10BE3000009306D033892B443381002003B0BDE842
:10BE4000F08F2088FFF7A6FE82463046FFF7ECFB16
:10BE5000019015F091F9DFF8D0B0019BDBF80020DC
:10BE600081469A421DD1FFF741FC854204D94846DC
:10BE700015F088F91A20E1E705EB0A0373803FB15A
:10BE80002088FFF76BFE2A46414650441DF02DFEE8
:10BE90003046FFF7C9FBCBF80000484615F072F9B1
:10BEA000CBE715F06FF92088FFF774FE284400995E
:10BEB00080B2FFF719FF06460028DBD0FFF74EFEE1
:10BEC00081462088FFF74AFE82462088FFF762FEFF
:10BED0005146024648461DF008FE3046AFB1FFF716
:10BEE0003DFE07462088FFF755FE2A464146384466
:10BEF0001DF0FBFD01212088FFF7BAFE012102465B
:10BF00003046FFF7C9FE268097E7FFF727FE8046F9
:10BF10002088FFF73FFE2A46394640441DF0D3FDF6
:10BF2000E8E700BF86D30300603000202DE9F84326
:10BF30001E4607460846894615469DF82080FFF7AD
:10BF40000DFEC6B1441916D04846FFF723FE35440E
:10BF5000854203DD1D210948ECF790FD3246B8F11A
:10BF6000000F05D121463846BDE8F8431DF091BDCC
:10BF700039462046F8E7BDE8F88300BF9AD30300AE
:10BF800038B50C460546FFF705FE844203D3282149
:10BF90000348ECF773FD2846FFF7E0FD204438BD69
:10BFA0009AD3030070B506460D46FFF7D7FD044649
:10BFB00048B13046FFF7EEFD854203D330210248F9
:10BFC000ECF75CFD605D70BD9AD3030070B50C4664
:10BFD00006461546FFF7DEFD844203D33A210448A6
:10BFE000ECF74CFD3046FFF7B9FD00B1055570BDCB
:10BFF0009AD3030033210148ECF740BDB1D30300CD
:10C00000036910B55BB18268064B9A4201D10020EA
:10C0100010BD446915F001FF201AF9D5F7E74FF07C
:10C02000FF30F5E7F5BF010082684B4B2DE9F04189
:10C030009A4204460E46056815D121B140F20F110F
:10C040004648ECF71BFD15F097F823691BB92B68E0
:10C050002BB924612C60BDE8F04115F093B81A6942
:10C0600022611C61F6E715F0D8FE8046E9F772F907
:10C0700020B14FF493713948ECF700FD6FF00043A5
:10C080009E4221694BD22B7B08EB0602002B4DD040
:10C09000AB6893424AD1531C002949D06169994247
:10C0A00042D01EB9521AB2F1004F3DD963612369E3
:10C0B0006E689C4203D19A212848ECF7DFFC2F469A
:10C0C0000023B4420BD0002B41D172696169891AF7
:10C0D000B1F1004F32D83269374694422CD12269EF
:10C0E000BD420CBF6A603A617BB92669B44203D194
:10C0F000B5211A48ECF7C2FC3B46012E05D0626917
:10C100007169521AB2F1004F23D99D420BBF6B687F
:10C110001A69236122610CBF6C601C6104E0434416
:10C1200031B162699342C1D1BDE8F0811346B3E7F2
:10C130006A6822616C60B9E71646C6E7A8EB02029E
:10C14000B2F1004FC7D93B4637463669B9E71F46BB
:10C15000F9E733463669D0E7F5BF0100B1D30300F4
:10C1600082681C4B70B59A420446056819D115F0D7
:10C1700003F8236923B1A34206D100222A601A6181
:10C18000BDE8704014F0FEBF1A4611461269A24283
:10C19000FBD12A68A24208BF29600B6100232361FA
:10C1A000EEE7036993B198426E6803D19A210A4879
:10C1B000ECF764FC2B46B44209D122699D4218BFBA
:10C1C0001A614FF0000308BF6A60236170BD3346F7
:10C1D0003669F0E7F5BF0100B1D303002DE9F04364
:10C1E00006460025164FDFF85C808BB0BC7814B98A
:10C1F0000BB0BDE8F083B7F800908EB900962346E7
:10C200002A46B8F8001003A8FFF790FE23463146EF
:10C21000484603AA15F074FE2544EDB20437E5E75D
:10C220002346494603A8002215F061FE012300932E
:10C230002A462346B8F8001003A8FFF777FEEBE77D
:10C24000C0D30300CA3B00200148FFF7ADBA00BFCE
:10C25000CA3B0020F7B51546174A04460846118820
:10C2600011B1164A1278CAB1D4B10022294603B0DE
:10C27000BDE8F04015F03BBE3A44D2B20436B77880
:10C28000002FF1D0B6F800C0AC45F5D184F0010420
:10C290003B460094FFF74AFE03B0F0BD084EEEE7C0
:10C2A00002462146284615F02BFE284603B0BDE87D
:10C2B000F04016F0D4BB00BFCA3B0020DD4900208F
:10C2C000C0D3030010B5074C238843B10020FFF70B
:10C2D00085FF0020FF22044B20801A7010BD022031
:10C2E000FCE700BFCA3B0020DD49002038B50E4DF9
:10C2F0002B78FF2B14D100210C4B9C7864B922467B
:10C3000020461AF044F80A4B188058B101202C70CE
:10C31000FFF764FF204638BD2144C9B20433ECE77F
:10C320000220F8E71920F6E7DD490020C0D303001A
:10C33000CA3B0020024B1888B0FA80F040097047D1
:10C34000CA3B0020142810B518D8082805D116F0CB
:10C350009EFBC401E4B2204610BD0E2802D116F0A7
:10C3600099FBF6E7064B53F82040002CF3D00A283F
:10C370002478F0D107F0F2FF0443EBE7FF24EAE76B
:10C38000E8D303000823064A12F8011B814205D0B6
:10C39000013B13F0FF03F7D11846704701207047A7
:10C3A00044D403000823064A12F8011B814205D039
:10C3B000013B13F0FF03F7D1184670470120704787
:10C3C0003CD40300014BB3F8E4007047282F002051
:10C3D000004870470E300020014B1878704700BFAE
:10C3E0004C3E0020014B1878704700BF4F3E0020A4
:10C3F000014B1870704700BF4F3E0020204B0228B1
:10C4000010B5204C187002D00438012822D82378A7
:10C41000042B0BD000211C48FFF706FE2378033BBA
:10C42000012B03D900211948FFF7FEFD184B1B68AB
:10C430009A0022D513F0805F40F6114418BF4FF4E4
:10C440004164204612F070FAC8B92046BDE8104099
:10C4500016F003BB0C48FFF783FE0C48FFF780FE85
:10C460001AF0BBFC2378033B012B03D811F02EFB01
:10C470001624E6E70EF0DAFCFAE71524E1E710BD32
:10C48000533E0020543E0020E0460020E82A0020D1
:10C490007C2B0020024B187800F00F00704700BF83
:10C4A000533E0020034B187800F00F00831E5842C3
:10C4B00058417047533E002008B51AF079FCA8B1E6
:10C4C0001AF092FC90B10A4819F073FF70B1094854
:10C4D00019F06FFF50B116F0E2FA38B112F036FAE7
:10C4E00020B9BDE8084004481AF08DB9002008BD05
:10C4F000CC3B0020FC3B00206C30002030B50546D2
:10C500000C4693B081B910B9002013B030BD102390
:10C51000072269460120FFF79DFE9DF805305A1E4F
:10C52000052A28D91720F0E71822002120461DF0FF
:10C53000CAFA002DEBD1FFF7B5FF30B316F0F9F9C9
:10C540006A4601460020FEF7DFFBBDF804302046B6
:10C5500023819DF80230A3729DF80030E3721AF037
:10C5600054FE002304F11401237304F110001AF0A7
:10C57000E0FEE081C8E7084A9DF804101278914275
:10C58000D0D12B70002CD6D1BEE7044B1B78033BD7
:10C59000022BD3D9C6E700BF8C3D0020533E0020BC
:10C5A00030B593B005460C46FFF77CFF20B90C4B25
:10C5B0001B78033B022B10D816F0BBF96A460146E4
:10C5C0002846FEF7A1FB00209DF802306070237022
:10C5D0009DF80030A37013B030BD1720FBE700BFFB
:10C5E000533E0020054B1878012805D000F0FD00CF
:10C5F000A0F1310358425841704700BF533E00201C
:10C6000010B50822074904461DF033FAB0FA80F04D
:10C610004FF6FF732289400940009A4208BF40F05C
:10C62000010010BD54D403002DE9F3410E46002152
:10C63000054619F0C3FE0023124FADF806002B800B
:10C640000DF1060019F0B5FE044610B102B0BDE8C8
:10C65000F08121460DF1060019F022FF8046FFF718
:10C660007DFA438AB34207D99B1B43822246414647
:10C67000284619F0A9FEE3E743895B07E0D53B882C
:10C68000F3E700BF6849002008B50A48FFF768FDD6
:10C6900009484FF47A71FFF7C7FF074819F089FE80
:10C6A00030B9BDE808404FF47A710248FFF7BCBCCE
:10C6B00008BD00BFC04600207849002030B50446C0
:10C6C0000D4685B002B9084A1068516801AB03C332
:10C6D00001AB03CB20602046ADF80C501B88616095
:10C6E000238105B030BD00BF48D203001FB501460D
:10C6F000002201A8FFF7E2FF064801A91AF053F94A
:10C7000020B1FFF72BFA4089C0F3400005B05DF877
:10C7100004FB00BF7849002030B585B00D460022EB
:10C72000014601A8FFF7CAFF084801A91AF03BF922
:10C7300050B1FFF713FA04460146082228461DF0BF
:10C74000A8F96089C0F3400005B030BD78490020E9
:10C7500010B5044C204619F091FE6388181A80B277
:10C7600010BD00BF78490020F8B50546F8B100219A
:10C770000F4819F023FE0446A8B10D4F2046FFF7DD
:10C78000EDF90646FFF73CFF830705D4082229464A
:10C7900030461DF06EF938B12146384619F064FE76
:10C7A00004460028EAD10024201E18BF0120F8BD4D
:10C7B0007849002010B50C46014606481AF0F3F8F7
:10C7C00030B1FFF7CBF943891C4214BF0120002090
:10C7D00010BD00BF784900201FB51446024601A8CD
:10C7E000FFF76CFF074801A91AF0DDF840B134B13A
:10C7F000FFF7B4F91422014620461DF04AF9012042
:10C8000004B010BD784900201FB50146002201A8E0
:10C81000FFF754FF094801A91AF0C5F858B1FFF70E
:10C820009DF94389024613F0020004D0507B80F04A
:10C830000800C0F3C00005B05DF804FB7849002093
:10C84000014601481AF0D4B878490020F8B50446EA
:10C850000E4614200021FFF747FA0546204619F03E
:10C860000DFE6388834225D925B3314620461AF050
:10C87000BFF808BB2846FFF771F907460A22314680
:10C880001DF007F9082206F10A0107F10A001DF060
:10C8900000F90A4B1B887B82238823B94FF47A71F5
:10C8A0000748FFF7C1FB20460022294619F08CFDFE
:10C8B0000020F8BD1C20FCE72E20FAE76849002084
:10C8C000C046002010B5044686B0B0B1FFF798FE10
:10C8D00010F0020011D1CDF80E006168CDF8120001
:10C8E000ADF81600206801AB03C32289044801A9F2
:10C8F0001A80FFF7ABFF06B010BD2120FBE700BF99
:10C9000078490020F8B50D4616461F46044648B340
:10C91000FFF776FE30BB2046FFF792FFE0B12146DD
:10C9200011481AF040F8FFF719F943890573467367
:10C93000877343F0020321894381204601F086FC7E
:10C94000FF28044606D001F087FB18B10022074BF0
:10C9500043F82420002004E02046FFF7B3FF00281E
:10C96000DDD0F8BD2120FCE77849002078220020A6
:10C97000F7B59DF824400D4601949DF820400646E9
:10C9800000941F460EF070F94FF6FF71884204467E
:10C9900010D0BB0711D4284601F0D6F920460DF07F
:10C9A00077FCFF281FBF084A32F8103023F4804379
:10C9B00022F81030204603B0F0BD0246294630462A
:10C9C0001AF01DF8EAE700BF3C3B002073B50E46A5
:10C9D0000146144819F0E7FF0546D8B1FFF7BEF845
:10C9E00043890446334012D09B0736B20BD5002E44
:10C9F00009DAA17B437B0289007B0191012100912F
:10CA00002146FFF7B5FF638923EA06036381628944
:10CA100012B1012002B070BD2946024819F05FFD35
:10CA2000F7E700BF784900200148FEF7BDBE00BF10
:10CA3000784900201FB50C460B4A014601A8FFF7B4
:10CA40003DFE01A8FFF7FCFE60B101A9074819F0FF
:10CA5000AAFFFFF783F80368236043680020636040
:10CA600004B010BD2D20FBE754D40300784900200A
:10CA700010B5FEF755FE15F0EAF91020FFF762FC3D
:10CA800004060DD50020FFF75DFC000608D5274BF6
:10CA90001A6A12F0020F12D140F61544204610BD5A
:10CAA0001020FFF74FFC01060CD40020FFF74AFCD2
:10CAB000020607D51D4B1A6A12F0010FEBE7DB697E
:10CAC0009B07E9D51A4817F03EFC012019F0ADFB91
:10CAD000ECF74CF904460028E0D100F073F9154852
:10CAE00019F066FE00F010FAEBF7DCFC15F0ACF97B
:10CAF0000BF0D8F80BF02AF9F0F74CFBF0F700FC3C
:10CB0000F0F71AFC05F0BCF815F0C3FF15F0C4FFF0
:10CB100012F0BCFB08480DF067F808F063FA16F055
:10CB2000F9FC0028BAD016F0F7FCB7E70080E00F58
:10CB3000690345EC6C300020EDC6010010B51AF019
:10CB400049F970B301F0C4FE80F00104E4B20020A2
:10CB5000FEF718F844EA800424B21AF029F910BB51
:10CB600002200443164819F049FE44EA40141548CF
:10CB700019F044FE24B244EA0014134819F03EFEB2
:10CB800024B244EA8014114819F038FE24B244EA71
:10CB900040240F4819F032FE24B244EAC02080B28B
:10CBA00010BD0124D3E70B4819F003FC0028D7D0AF
:10CBB000094819F0FEFB80F00100C0B24000D0E748
:10CBC0002047002004480020E84800208447002037
:10CBD000E4470020CC3B0020FC3B002008B501F0DE
:10CBE0003BFC0EF00FFEFDF79DFB154819F0E1FB35
:10CBF00008B906F069FD134819F0DBFB08B908F025
:10CC0000DBF903F0FBFF0DF0A7F90F4819F007FE61
:10CC10000E4B1B78043B022B09D80D4819F0EEFD92
:10CC200028B1FFF78BFF102801D109F08FFD15F017
:10CC300038FF19F0F1FEBDE808400648FEF7F6BDE2
:10CC4000CC3B0020FC3B00206C300020543E0020F8
:10CC50000448002070D4030008B51AF0BBF820B9CE
:10CC600040F291110348EBF709FFBDE808401AF0C4
:10CC7000B8B800BF5ED40300F8B54FF6FF77104B8D
:10CC800006461B780C46033B012B0F8009D8304623
:10CC90000BF0C0F84FF6FF73984220800ED00020B2
:10CCA0000DE00DF0A3FAB84205462080F7D13046DA
:10CCB00000F014FFA8422080F1D1E8E72D20F8BD54
:10CCC000543E00204FF6F77370B5984204460D4667
:10CCD00086B05AD819F0A2FEA04207D108222C49EA
:10CCE00028461CF0D6FE002006B070BD294EB6F8CE
:10CCF000E430A3420AD10022082106F1E60019F02F
:10CD0000D0FD18B9082206F1E601E9E7ACB1224BE3
:10CD10001B78033B012B1AD8002301221946204619
:10CD200000930AF021FFFF2823D1294620460BF06B
:10CD3000C5F880F00100C0B2D6E7184B1B689B070E
:10CD4000E5D4284608F0F4FD0028E0D0CBE72046E3
:10CD500001F014FAFF2806D129462046FFF76AFEA3
:10CD60000028D9D1BFE7294601F02AFA0028F3D0DC
:10CD7000B9E702A91BF028FB0028D6D1DDF80D3059
:10CD80002B60DDF811306B60ADE70120ACE700BF30
:10CD9000CF3E0020282F0020543E00207C2B002076
:10CDA000014B1878704700BF8C3D0020014B187074
:10CDB000704700BF8C3D0020014B1878704700BFC2
:10CDC0009D49002010B50649064C082320467F22C5
:10CDD000098815F099F8204619F05AFE10BD00BFD9
:10CDE00000AD0300CF3E002000487047CF3E00203A
:10CDF000082208B503491CF03CFEB0FA80F0400957
:10CE000008BD00BFCF3E0020F0B51F4601F44043EF
:10CE1000B3F5004F05460C4616468BB01DD019F0F1
:10CE2000FDFD104B00220692BDF85020ADF8260003
:10CE30000592BDF84C20214604929DF848202846D2
:10CE40000392119A0292BDF84020CDE900323B4690
:10CE500032461BF075FE0BB0F0BD19F0DFFD0DF191
:10CE60002603DFE7CF3E0020014B1870704700BF5C
:10CE7000473E0020074B44F6FF701A7840F6FF73D8
:10CE8000012A18BF1846044B1B780BB140F4004030
:10CE9000704700BF543E0020473E0020F7B50D46C6
:10CEA000044616461F460021284602F0B1FA0B4BF5
:10CEB000002183F8D5402A463346204600970FF0DC
:10CEC000D5FA014630B10222204603B0BDE8F04059
:10CED00000F006B8012003B0F0BD00BF282F0020ED
:10CEE00013B513460C461AB1022A0CBF1346012390
:10CEF0000021044A019100922246FDF7ABFF02B0E7
:10CF000010BD00BFDF6E030000B5002093B0FDF739
:10CF100013FF1C4B18880CF06DFE1B4900200FF00E
:10CF200041FC3422002168461CF0CDFD0B238DF816
:10CF300000306FF4803301934FF6FE73ADF810307C
:10CF4000124B134A0793134B10680893124B516806
:10CF50000993124B6A460D93114B0E93114B0F938D
:10CF6000114B1093114B119302AB03C300210846E0
:10CF7000FEF7DEF96A4601210020FEF7D9F913B069
:10CF80005DF804FB62490020ACAE03000003000121
:10CF9000CF3E0020FDD601005F6C03005913020054
:10CFA000A5D80100DD2A0200DF6E03002D0D02006E
:10CFB00073B5164B0C4600934FF400430146ADF891
:10CFC000043008BB01200FF0EDFB28B103E0AE42B6
:10CFD00000F1010003D1212002B070BD002002AE9B
:10CFE000C2B206EB420232F8086C32F9082C002A71
:10CFF000EDDA013331F9132031F81350002AE1DB67
:10D00000DAB29442EAD8DDE70023F3E79900890019
:10D01000014B1878704700BFD73E0020014B1870B5
:10D02000704700BFD73E0020014B1888704700BFF3
:10D030007C490020014B1880704700BF7C490020CC
:10D040002DE9F84F804608460F4616F0EEFADFF855
:10D0500034910546D9F8003043B9484B1B682BB9C9
:10D06000474B1B6813B9FF20BDE8F88F15F4406AE1
:10D0700005F0400610D13EBBB5F5804F53D24FF4BA
:10D0800080740023002B58D180253C4A1268002A66
:10D0900069D0002108465FE0F81C16F0C6FA4FF68A
:10D0A000FF73984214BF0124022486B1052605F4BB
:10D0B0004043B3F5004F44F0080424D0B5F5804F49
:10D0C00023D244F4807420E054460326EFE7B5F5FC
:10D0D000804F4FF00506F4D3BAF5406F14BF02201D
:10D0E00008203044384416F0A0FA834619F0B3FC07
:10D0F00005F4404558450CBF44F0080444F00404CE
:10D10000B5F5004F01D144F08004BAF5006F0ED19F
:10D11000B81916F08AFA054619F080FCA842B0D179
:10D1200044F01004ADE7544603260220D9E7BAF5CF
:10D13000406F08BF44F02004A3E7012B05BF104A4D
:10D1400040251025126818BFD9F800209FE7A74294
:10D1500001F101010BD0C8B2CEB232F8167032F92B
:10D160001660002EF3DA0133032B8BD17BE7B8F185
:10D17000000F3FF479AF88F8005075E77C3000204D
:10D1800080300020D8300020034B1A78022A04BFD8
:10D1900009221A70704700BFDB3E0020044B18883C
:10D1A000044B1978044B1B6803B1184715F049BCB0
:10D1B000CE3B0020D93E002090300020002208B550
:10D1C00010461A2102F0F8FB0022014B1A6008BD3C
:10D1D0008C30002070B5114E05463378042B05D1F4
:10D1E0000F4C207801F08CFF0023237035B9307884
:10D1F0000022BDE870401A2102F0DEBB094B1C780A
:10D20000E1B21A29F3D825FA04F3DB0703D5442247
:10D21000307802F0D1FB0134F2E700BFDB3E0020A2
:10D22000D83E0020DF490020F0B50C8805460E46A8
:10D230008BB0E4B94FF6FF77ADF8247012F0FCF82C
:10D2400010B902200BB0F0BDCDE90340CDE9054493
:10D25000134A0294B2F8D830DC32019300923B4674
:10D260004CF60101FF2009AA1BF06AFC3080284619
:10D2700019F006FE0B4C70B1237863B1013BDBB2B1
:10D280002846237019F0FCFD38B12078B0FA80F000
:10D290004009C0B2D6E70523F2E70120F9E700BF55
:10D2A000282F0020DE490020034B11461B6803B1E4
:10D2B000184715F0BEBB00BF8C300020F8B50D4BF1
:10D2C00005461B78012B13D100244FF6FF770A4E39
:10D2D0003088FEF743FC2B88025B9A4203D13088EA
:10D2E000FEF73CFC07530234202CF1D10120F8BD9D
:10D2F0000020FCE7DA3E0020D03B00202DE9F0477B
:10D30000174B80461B781546012B26D100246FF061
:10D310007F092746134E3088FEF720FC00EB4400BF
:10D3200090F901304FEA440A4B4506DD3088FEF79C
:10D3300015FC504490F90190E7B20134102CEAD169
:10D340004D450ADA3088FEF709FC00F8178030886E
:10D35000FEF704FC7C0020444570BDE8F08700BF68
:10D36000DA3E0020D03B00200148FEF71DBA00BF86
:10D37000D03B00202DE9F04705460E4690460FF0C1
:10D38000CFFC044638BB01462020FEF7ADFC134F0E
:10D39000388000B30122124BA1461A70114BC3F81A
:10D3A00000804FF07F083888FEF7D8FB00F8049023
:10D3B0003888FEF7D3FB20440234202C80F801800B
:10D3C000F1D1094B31461D602846BDE8F047074BB7
:10D3D000074A0FF0B5BC0120BDE8F087D03B002024
:10D3E000DA3E00209030002084300020A9D40100D3
:10D3F000FDD20100F0B585B004460D4617461E4625
:10D400000FF08EFC90B90A4B1F600127094B1F706B
:10D4100019F070FA084A0346009229462046CDE9E1
:10D420000167064A0FF0C0FC05B0F0BD4D20FBE7D8
:10D4300088300020DB3E0020FDD60100BB6E0300DB
:10D440002DE9F041144F00253C784FF6FD781F2C54
:10D4500091BF0024C4F341141C34E406202D0CD1E8
:10D4600001203B78032103F01F03984020430B4B1E
:10D470000B4ABDE8F041FFF7BDBF15F098FA431E17
:10D480009BB243450646F8D8064B1888FEF766FB64
:10D4900046530235E2E700BFD93E002059D50100CE
:10D4A000BDD20100D03B0020F8B5284D02262888C7
:10D4B000FEF754FB90F901402888FEF74FFB3044FB
:10D4C00090F90130A34205DA2888FEF747FB304483
:10D4D00090F901400236202EEED10027662CDABFEB
:10D4E000193466B27F263C462888FEF737FB38445D
:10D4F00090F901300237B342BCBF0134E4B2202FAF
:10D50000F2D114B9124B1C70F8BD15F050FAB0FBF3
:10D51000F4F3002703FB1400C4B22888FEF71EFBB7
:10D52000384490F90130B3420CDA4CB92888FEF740
:10D5300015FB084BC25D1A70BDE8F840FFF780BFCD
:10D54000013CE4B20237202FE7D1F5E7D03B0020C1
:10D55000DA3E0020D93E002070B5154B1B78012B18
:10D560001ED100244FF6FF76124D2888FEF7F6FAFA
:10D57000035BB34215D02888FEF7F0FA035B83B152
:10D580002888FEF7EBFA0C4B025B0C481A8001214D
:10D590000B4B0C4A0068FFF72DFF00220A4B1A6064
:10D5A00070BD0234202CE0D1BDE87040FFF748BFC9
:10D5B000DA3E0020D03B0020CE3B0020843000200B
:10D5C0009DD101006B6E0300883000207FB50546B9
:10D5D0000C4616460FF0A4FB00286ED1062D03D88A
:10D5E0005223EB40DB071AD4B4F1006F05D3E30EEE
:10D5F0001C3B032B18D94F2031E00022314B1A601D
:10D60000314B1D7019F076F903460A2D57D8DFE823
:10D6100005F0301B414C1B281B565644390002F0C4
:10D62000EFFDB4F1006FE2D20021264B042D19600A
:10D63000254B1D70E6D12548FEF760FF022001F062
:10D640005FFD19F057F9034601220292204A019228
:10D65000204A0092204A314620460FF0A5FB04B034
:10D6600070BD314620461D4A04B0BDE870400FF041
:10D6700083BB314620461A4B1A4A04B0BDE87040BD
:10D680000FF05EBB00220292174A0192114A0092EB
:10D69000164AE0E702220C4B1A7000221046144989
:10D6A00004B0BDE87040FDF793BB00220292114A1E
:10D6B0000192084A0092104ACDE74D20CFE70120A1
:10D6C000CDE700BF8C300020DB3E0020D83E00209C
:10D6D000D5D10100FDD60100BB6E0300E583020039
:10D6E000BDD10100A9D201007D6E030029D2010045
:10D6F00089D10100736E03006F6E0300F0B585B031
:10D70000ADF8060018B975216448EBF7B7F9BDF814
:10D7100006001BF0F4FA0446BDF806001BF0EFFA11
:10D72000082846D00C2CBDF8060042D11BF0EAFBBD
:10D73000074615F07AFF0DF10F010646BDF8060009
:10D740001BF012FE002879D0092200213846FDF78F
:10D75000B9FA9DF80F301033C518BDF80600FEF772
:10D7600019FAEDB2854269D22946BDF80600FEF7E6
:10D7700019FC06F44C4416F44066054614D0F81C17
:10D7800015F053FF4FF6FF73984208BF44F0400472
:10D79000B6F5006F08D1781D15F047FF4FF6FF73FF
:10D7A000984208BF44F010049DF80F305BB3072D7A
:10D7B00044D1BDF806001BF098FA0446BDF80600F7
:10D7C0001BF09DFA082817D0A30615D524F02001D8
:10D7D00089B2BDF806001BF073FABDF806001BF015
:10D7E00091FB00210922FDF76DFA00F11001C9B289
:10D7F0000DF1060018F0FFFE0022BDF806102848C3
:10D8000018F0E2FD1AE0082D16D8BDB1013D072D34
:10D8100014D801A353F825F075D8010081D8010070
:10D820003DD8010041D801003DD801008DD801004C
:10D83000B3D7010093D801007C2D24D005B0F0BDF2
:10D8400024F48844A4B2B4F5084FF7D1BDF806001B
:10D850001BF050FABDF806100CF06CFA0028A8D0A6
:10D86000BDF806001BF0B1FA00220146022015F0B7
:10D8700066F8E3E724F48064A4B2B4F5484F97E770
:10D88000B4F54C4F94E7B4F54C4F92D04CF650039E
:10D8900001E04CF640439C428AE700BFCCD4030031
:10D8A000CC3B00202DE9F0410F4690460646FEF79E
:10D8B00055F904463046FEF76DF9C5B2083D2C44D3
:10D8C000E178084BA2781970074B31461A70002096
:10D8D00043463A4614F021FE003818BF0120BDE847
:10D8E000F08100BFF83E0020F73E002037B5144617
:10D8F00000221D4618F04BFD024648B10021054BA1
:10D900000846CDE90053234618F0EEFC03B030BDC5
:10D910001920FBE7DF6E0300002270B50A4B1C786C
:10D920000A4BD5B2AC4202D800200C7008E01E8829
:10D930000132864205D30D701B881B1A584258418C
:10D9400070BD1233EDE700BF4D3E00201C380020B3
:10D950002DE9F04FDFF84081DFF8409198F8002082
:10D9600099F8003006469A4285B004D34FF48A7184
:10D970004248EBF783F830460DF10F01FFF7CCFF7B
:10D9800020B140F217113D48EBF778F898F8007095
:10D990009DF80F403D1B15F0FF0530D04FF0FF3CC8
:10D9A000374B01211B78A140184699F800304FF6FB
:10D9B000FF790CFA03FC0023324A01F1FF3E019388
:10D9C000C1F1000A9DF80430984243D8122004FBAC
:10D9D00000002D4BA0F1120105EBC50252001944C5
:10D9E00004F1010918441CF054F84FEA890927484A
:10D9F000A9F104010144AA0048441CF04AF8224954
:10DA000004EBC40201EB420321F81260204A013703
:10DA100012784FF6FF71DA731A745A7412025A8030
:10DA20001C4A0D2012781A7110225A7100229A7322
:10DA3000C3F80620C3F80A20144B43F8242088F8C2
:10DA4000007014F07CFF0EB909F054F9204605B0BF
:10DA5000BDE8F08F13884B450AD053680AEA030BE0
:10DA600003EA0E030B4403EB4B0343EA0C0353603E
:10DA7000019B083201330193A4E700BFDFD4030008
:10DA8000B6490020642300201C38002078220020A2
:10DA9000F83E0020DC3E00204D3E0020B44900202E
:10DAA0002DE9F041074600250A4B0B4E93F8008004
:10DAB000ECB2A04503D8FF242046BDE8F08108223F
:10DAC0003846B11D1BF0D5FF01350028F4D01236C1
:10DAD000EEE700BF4D3E00201C38002008B5FFF7E0
:10DAE000DFFFFF281DBF00B2044B00EBC0004FF664
:10DAF000FF7018BF33F8100008BD00BF1C380020AD
:10DB000008B5044BB3F8E40019F00CFA024B53F8D3
:10DB1000200008BD282F00207822002007B50DF135
:10DB20000701FFF7F9FE30B19DF80730034803EB1A
:10DB3000C30300EB430003B05DF804FB1C38002076
:10DB40002DE9F843294E044633785D1E2D1A834291
:10DB5000EDB204D840F23F112548EAF78FFF0123C8
:10DB6000A3404FF0FF305F1E3B4400214FF6FF7E85
:10DB70006FEA03081F4A92F800C01F4A12789040CB
:10DB80001E4ACBB29C4523D8BDB127B204EBC404D6
:10DB90001B48640005EBC50204F112010144520068
:10DBA00020441BF076FFBF001648AA00391D01442F
:10DBB00002F0FC0238441BF06CFF33780022013B7A
:10DBC00033704FF6FF71BDE8F8430E2014F0B7BE76
:10DBD0001388734507D0536808EA03093B4003EBF9
:10DBE00059030343536008320131CAE74D3E002018
:10DBF000DFD40300B6490020B4490020642300208C
:10DC00001C3800207822002010B50A4C207858B922
:10DC1000094B1B781A2B03D994210848EAF72EFFE9
:10DC20000322074B1A7010BD0138C0B2FFF788FFFE
:10DC3000ECE700BF4D3E0020B4490020DFD40300D4
:10DC4000493E00202DE9F047054619F06BF9FF2801
:10DC5000044624D1DFF884901E4B99F800201B78ED
:10DC60009A422BD22846BDE8F047FFF771BE3888AC
:10DC70003B79504518D86F2B4FEA131214D85B0725
:10DC800010D0123708F1010899F800105FFA88F6F1
:10DC9000B142ECD80023104ADEB28E4214D32046A3
:10DCA000BDE8F087022AECD90DF0E8FC0028E8D1A5
:10DCB00029463046BDE8F04719F041B94FF0000859
:10DCC0004FF6F77A044FDFE7107901338F28EFD84A
:10DCD0001232E1E7B44900201C3800204D3E0020FC
:10DCE0004FF6F773984210B514D8FFF7ABFFFF2833
:10DCF00010D0134C00B200EBC00004EB400414F051
:10DD00007BFB104938B962880B7802EB0313A3EB55
:10DD10001213638010BD227C637C09789A42E273FF
:10DD20002374617407D98B4203D213468B4228BFF8
:10DD30000B461B02EDE78A42F8D31346F9E700BF12
:10DD40001C380020F83E00202DE9F04106460F4621
:10DD500000240E4DDFF8388098F80030A34201D837
:10DD6000BDE8F0810822294630461BF082FE40B90A
:10DD700035F8063CBB4204D02046FFF7E1FE013CEB
:10DD8000E4B20134E4B21235E6E700BF22380020E5
:10DD90004D3E0020F8B5054608460E46FFF780FECA
:10DDA000FF2830D01D4B294653F820703046FFF72E
:10DDB000CBFF2846FFF746FFFF28044625D10CF08D
:10DDC00089FBFF280AD1164C207838B114F0EFFDFA
:10DDD0002378B0FBF3F202FB1300C0B2294619F01E
:10DDE000AEF8044623B20F4D03EBC30305EB430526
:10DDF00008223146A81D1BF04CFE2B79204603F06B
:10DE00000F032B71F8BD0027D3E7074B1B78002BBE
:10DE100018BF0027014B43F82070E3E77822002069
:10DE2000B44900201C380020E04900200A2330B506
:10DE300085B01A46054601A90120FEF70BFA4FF6F8
:10DE4000FF73BDF80C209A4202D1012005B030BD0D
:10DE50000822FF2101A818F024FD04460028F4D16F
:10DE6000BDF80C0001A9FFF795FF024B43F82050C5
:10DE70002046EBE77822002038B50B4B04461B7890
:10DE80000D46834204D840F25B210848EAF7F6FDCC
:10DE9000074804EBC40400EB44002946BDE83840C1
:10DEA000082206301BF0F5BDB4490020DFD4030082
:10DEB0001C38002070B5044608460E4619F032F8AA
:10DEC000FF28054610D02046FFF7EAFDFF2807D0BF
:10DED000084B1B7823B9084B53F8202043F8252022
:10DEE00021462846FFF7C8FF31462046BDE870406E
:10DEF000FFF72ABFE0490020782200202DE9F843EF
:10DF00000026804601273446114DDFF84C9099F8E1
:10DF10000030A34210D83E430134E4B21A2C4FEA39
:10DF2000470705F11205F2D14FF0FF30094B1B787E
:10DF300098403043BDE8F8832B884345EBD0284612
:10DF400019F055F80328E6D82B796F2BE3D8E3E7CF
:10DF50001C380020B44900204D3E002010B5084C6C
:10DF600000EBC00004EB400423795B0707D1204697
:10DF700019F03DF8237923F007031843207110BDF1
:10DF80001C380020044B1B78033B012B86BF034B3E
:10DF900018780020704700BF543E00204D3E0020FE
:10DFA00038B5144B0C461B78834220D9124B1B7892
:10DFB000033B012B1BD9114B00EBC00003EB4005C9
:10DFC00033F8103028460B806B881B0A8B7019F0D1
:10DFD0000EF8E0702B79A91D03F007021B092271CE
:10DFE00063710822A01D1BF054FD002038BD0120E4
:10DFF000FCE700BF4D3E0020543E00201C380020AE
:10E00000072805D8C30703D5024B187000207047B6
:10E0100021207047E1490020014B1878704700BF6C
:10E02000E149002018B1072805D8C30703D5034BE1
:10E030001870002070472120704700BFDC3E002090
:10E04000014B1878704700BFDC3E0020014B187070
:10E05000704700BFE0490020014B1878704700BFAF
:10E06000E049002070B51A48FEF77AF8194B1B7882
:10E07000033B012B28D805F0EDFC03F083FCBDE841
:10E0800070404FF47A511248FDF7CEBF23798F2BA1
:10E090004FEA131111D80131204618F0D8FF062994
:10E0A00001D8032909D12379002223F007034FF671
:10E0B000FF710F20237114F042FC123401353278C5
:10E0C000EBB29A42E2D8D6E70025034C034EF6E7BE
:10E0D000E0460020543E00201C3800204D3E002029
:10E0E0000022084B1878084BD1B2884203F1120382
:10E0F00000D8704713F80D1C013221F0100103F80D
:10E100000D1CF1E74D3E00201C3800202DE9F047A2
:10E1100002261227DFF85C90DFF85C8099F8004057
:10E1200000250CE007FB05F338F803A0002150465A
:10E1300018F072FF10B15CB1013CE4B2013599F8FE
:10E140000030EAB29342EDD8A34204D14FF6FF7AF1
:10E150005046BDE8F08714F02AFC99F80030012EF3
:10E16000A3EB040390FBF3F202FB1300C4B2EDD067
:10E170000126D5E74D3E00201C38002010B504468E
:10E1800018F0D0FEFF2808D120460CF081F8FF28B7
:10E190001FBF024B1B78C018C0B210BDB44900208D
:10E1A000044B00211A78044B04481B781A4492004F
:10E1B0001BF089BCB4490020BB4900207822002014
:10E1C00010B5134B0C461B7886B0834212D9114907
:10E1D00000EBC00001EB40010822204606311BF095
:10E1E00058FC00220821204618F05BFB80F001005B
:10E1F000C0B206E0C01A01A9C0B20CF09FFC10B179
:10E20000002006B010BD01AB03CB20606160E8E7E1
:10E21000B44900201C38002008B5074B024653F8CB
:10E2200020308B4206D915204FF6FF7114F087FB82
:10E23000002008BD0120FCE778220020024B0131BC
:10E2400043F82010704700BF782200202DE9F347E3
:10E2500081460C4600272A4EDFF8ACA09AF8003021
:10E26000FDB2AB4210D8694620461AF0F0F9C0B3AF
:10E270000822694648461BF0FCFB90B349462046FD
:10E2800019F0E9F9FE2537E006F1060808224146B3
:10E2900048461BF0EEFB90B94FF6FF739C422BD023
:10E2A0003388A34228D020460BF0F2FFFF2814D178
:10E2B0004946204602B0BDE8F047FFF76BBD14B9F0
:10E2C00012360137CAE73388A342F9D10022082168
:10E2D000404618F0E6FA0028F2D12846FFF730FC55
:10E2E000CCE7494600200BF0A3FFFF28054603D0EA
:10E2F000044B1B780344DDB2284602B0BDE8F0872A
:10E300001C380020B44900204D3E002008B5FFF71E
:10E31000E7FE054B1B78013B012B03D8BDE8084005
:10E320000CF0F8BB08BD00BF543E00200F4B1B781B
:10E3300083420CD8C01A0E4AC0B232F81030D90449
:10E3400011D443F4805322F8103001207047094B58
:10E3500000EBC00003EB40035A79D10603D442F02E
:10E3600010025A71F1E70020704700BFB449002045
:10E370003C3B00201C38002038B505460C46FFF712
:10E380008FFBFF280ED1294600200BF051FFFF28FC
:10E390000CD0074B074A1B78034452F82330002067
:10E3A000236038BD034B53F82030F8E72D20F8E701
:10E3B000B44900207822002038B505460C46FFF706
:10E3C0006FFBFF280DD1294600200BF031FFFF28FD
:10E3D0000BD0074B074A1B78034442F82340002028
:10E3E00038BD044B43F82040F9E72D20F8E700BF83
:10E3F000B449002078220020F0B5134B06461B7864
:10E40000FBB100251148DFF84CC090F800E010483F
:10E4100007781F44E8B2864501D80020F0BD7C1B78
:10E4200094FBF3F003FB10440CEBC4003CF83440C5
:10E43000B44204D1002AF1D184788C42EED0013567
:10E44000E8E71846EAE700BFB6490020682B00203D
:10E450004B3E00206423002070B513F0E2FC14252D
:10E460000F49104E0B78328830809B1A03449BB2C0
:10E47000B3FBF5F405FB14330B700B49E2B20B78D8
:10E48000934292BF00239B1ADBB2032A0B7088BF12
:10E49000002306499EBFD2000B68D3400B6070BDBD
:10E4A000DF3E0020D23B00204A3E0020682B0020A7
:10E4B000084B1868084BC2B21B789A4208D2074B27
:10E4C000C0F307201B78984234BF0020012070471A
:10E4D00001207047682B0020B6490020DE3E002056
:10E4E000F8B505461746FFF7E3FF064610B9184B87
:10E4F0001A783AB9212001224FF6FF7114F01FFA61
:10E500000020F8BD1348DFF854C003780133B3FB93
:10E51000F2F402FB143303700F48DCF8002000EB28
:10E52000C30420F8335002F10132A1703846CCF810
:10E530000020FFF7E3FCE670606018F06FFAA84275
:10E5400001D10120DDE7E3780133E370F9E700BF93
:10E55000B64900204B3E002064230020682B002099
:10E5600010B50B4C0B4A2378063B137013F059FC83
:10E570000022094BFF211880084B09481A602278B5
:10E58000D2001BF0A0FA0422064B1A7010BD00BF87
:10E59000B6490020DE3E0020D23B0020682B002040
:10E5A000642300204A3E002004289FBF034B1870BC
:10E5B000034B002094BF197021207047DD3E0020DE
:10E5C000E249002048B139B1044B1B780B70044B71
:10E5D0001B7803700120704708467047DD3E00201D
:10E5E000E24900202DE9F843074613F016FC0546E2
:10E5F0001B4818F003F91B4B60B31C683C1B2C44F0
:10E60000A4B20022184BDFF868901B78174D03EB7B
:10E61000830399F8006005EB43055FFA82F84645ED
:10E620000AD9AB8805F10A00A34216D90A23B21A07
:10E6300029465A431BF02DFA013689F80060AC8058
:10E64000B8F1000F03D139460548FDF7EDFC284627
:10E65000BDE8F8833C461D60D3E705460132DCE7A0
:10E660000047002094300020E13E00207C3700204D
:10E67000E23E00202DE9F74F002413F0CEFBDFF837
:10E68000BC80A24698F800E0A3467246DFF8B0903E
:10E690001FFA80FC0746264EB9F800003178ACEB33
:10E6A00000039BB2234D0093A0EB0C0001EB810310
:10E6B00005EB430301905FFA84FCF4451AD3BAF1E9
:10E6C000000F00D03170724504D2002088F800207D
:10E6D000FCF724FB98F800303BB30A223378164845
:10E6E00002FB0355A988C9F8007003B0BDE8F04FDC
:10E6F000FDF79ABCB3F804C00098844510D84FF0D9
:10E70000010A93F802C001310CF1FF3C013AA3F871
:10E7100004B083F802C0C9B2D2B20A330134CAE7E6
:10E7200001988444A3F804C0F7E703B0BDE8F08F74
:10E73000E13E00207C37002000470020E23E002020
:10E740009430002030B51E4A1E4C137885B0013B32
:10E75000DBB213702068616801AA03C221892046D8
:10E760001180194A04F10A01127813440A225A430B
:10E770001BF08FF99DF8064014F00F050FD1BDF87E
:10E780000C000EF093FD24092A460CBF0121002144
:10E79000BDF8040005B0BDE8304003F007BEBDF889
:10E7A0000800FFF71FFF03468288ADF8082001AA82
:10E7B00003CA1288186059601A8105B030BD00BFC5
:10E7C000E13E00207C370020E23E0020F8B5002426
:10E7D000084D094F094E3B783178E2B20B449A421A
:10E7E00004F1010400DBF8BD2846FCF7DDFF0A3523
:10E7F000F1E700BF7C370020E23E0020E13E002030
:10E8000070B5124B06460D46104611491A78114B49
:10E8100009781B780B44934206DB1F204FF6FF71EB
:10E8200014F08DF8002070BDFFF7DCFE0135068086
:10E830008570044613F0ECFAE0800EF03DFD208177
:10E840000020FCF76BFA0120EDE700BFB349002080
:10E85000E23E0020E13E0020844600230A222DE90A
:10E86000F047DFF86480DFF8649098F8007099F85A
:10E870000050134907EB050EDCB274451DDA02FBAC
:10E8800004F631F806A00133E24501EB0600F3D1AE
:10E89000631CAEEB03030A365A4331441BF0F9F80C
:10E8A000A5428BBF05F1FF3507F1FF3789F800500E
:10E8B00088F800700CB9034B1C70BDE8F08700BFEE
:10E8C0007C370020E03E0020E23E0020E13E0020B8
:10E8D000044B054A1B781278D3420CBF012000205C
:10E8E000704700BFE13E0020E23E0020024B187856
:10E8F000003818BF01207047E13E0020002108B514
:10E90000094B0A4819700A4B19700A4B19700A4BC7
:10E910001A7802EB820252001BF0D5F8BDE80840DD
:10E920000648FDF71DBC00BFE23E00207C370020FA
:10E93000E13E0020E03E0020B349002000470020D7
:10E9400010B50B4C23784BB10A4803F0BFFE58B109
:10E95000084B0121188818F033FA08B9002010BDBF
:10E960000122054B1A70FAE7FFF7ECFEEAE700BF59
:10E97000E13E00207C370020E03E002010B50E4B29
:10E980001B78B3B10D4C238883424FF0000310D1A4
:10E990000B4A137049B9A3781033A37018F08EFD99
:10E9A00018B9A37823F00F03A370FFF7CBFE012063
:10E9B00010BD1846FCE700BFE13E00207C37002078
:10E9C000E03E002070B592B00C46064613F0B1FF51
:10E9D000E17A05460020FBF701FE28B394F90A000E
:10E9E00017F06DFF10BB134BE27A294683F8D42051
:10E9F000A27A83F8D6206A46FCF786F94FF6FE73B2
:10EA00009E420CBF4FF6FF7323896A4629460020B9
:10EA1000ADF80660ADF80430FCF78AFC40B92289F5
:10EA2000054B5A8012B070BD5520FBE75620F9E720
:10EA30002120F7E7282F00209830002010B5044649
:10EA40000146082209481BF024F8237B022B0AD830
:10EA5000002B14BF3122012205490B7017234B6193
:10EA6000044B1A7010BD00230122F5E79C300020F2
:10EA700098300020533E0020014B5861704700BF82
:10EA800098300020014B1878704700BF9830002064
:10EA900010B5054C2378112B03D0D6210348E9F794
:10EAA000EDFF4123237010BD533E0020EAD4030044
:10EAB000064B01461B78042B04D1054A137E05330F
:10EAC000137670470348FDF7AFBA00BF543E0020ED
:10EAD000983000202047002008B50648FCF764FE67
:10EAE0000548FCF761FE0FF00FF8BDE8084001F0A3
:10EAF000A3BB00BFCC3B0020FC3B0020064B18789A
:10EB0000332806D000F0EF00A0F1430358425841EB
:10EB100070470120704700BF533E0020002208B517
:10EB2000074B4FF6FE701A7017F084FF4FF6FF7018
:10EB300017F09DFF034B5869BDE8084013F08DBFE7
:10EB4000533E002098300020014B1878704700BFDA
:10EB5000483E002008B5064B187838B10548FDF747
:10EB60004FFA4FF47A73B0FBF3F0C0B208BD00BFA8
:10EB7000483E0020282B0020014B187C704700BF26
:10EB8000983000202DE9F0438BB007461546984693
:10EB90000E469DF8489049B9104605AC0BF078FB3D
:10EBA00021460BF0CBFF172818BF2646B9F1000FFE
:10EBB0000AD1124B1B781BB9284619F06DFDD0B94C
:10EBC0002846FDF721FE02E0284619F065FD80F099
:10EBD0000104E4B29DF850302A4602939DF84C306F
:10EBE0003146CDE9009338464346039418F076FA4F
:10EBF0000BB0BDE8F0834C46ECE700BF4F3E002071
:10EC00002DE9F04F97B099469DF88830BDF880B057
:10EC1000219D08939DF88C300E4658460FA904920A
:10EC200007931AF03DFA05B3002800F0208195F80B
:10EC300001A00FACCAF3400A8E4B19F0800F1B786D
:10EC400014BF4F4649F08007022B17D04FF6FF78CC
:10EC5000002D40F08781022558461AF04BF82B46CC
:10EC60004246214617F0AAFFBCE058461AF0C3F806
:10EC70000446002800F0FB80AA46DDE71EB97E4B63
:10EC80001B78002BE2D00DF13A012046FDF7F4FF8E
:10EC900058461AF0C3F8012838BF0120C3B20593C3
:10ECA00095B3281D14F0C1FC804609F002032046EC
:10ECB000069317F08EFE21460990814600200BF046
:10ECC000B7FA069A099B12BBFF2820D1EEF71AFA71
:10ECD0006A4A1278824200F032814FF6FF72099B35
:10ECE000934214D1FDF734FD002800F028814FF63F
:10ECF000F773984523D918F07EFC11A98146FDF7DA
:10ED0000E1FF0028F7D02EE0BDF83A80CDE74FF6BE
:10ED1000F772904520D8934211D898450FD01946E4
:10ED200022460AA8FDF7CAFC0A980B9913AB03C345
:10ED3000BDF83020022113A81A80FDF747FE404697
:10ED400011A9FDF7BFFF024628B9082111A817F045
:10ED5000A8FD002866D0C1464FF6F67209F1FF33D0
:10ED60009BB29342C7D8BAF1000F03D1444B1B7832
:10ED7000002B60D1584619F0BDFF059B4A46019310
:10ED80000123214600933B46FDF7F2FD4FF6FF734A
:10ED90009842804600F0D380014600220AA8FDF781
:10EDA0008DFC0A980B9913AB03C3BDF830200221E8
:10EDB00013A81A80FDF70AFE002D3FF44DAF002E78
:10EDC00040F0D28045460123C7F3C0074246CDE953
:10EDD000016321462B4604980397CDF800A018F054
:10EDE0007DF9A846BAF1000F0FD04FF6FF73984592
:10EDF0000BD040460BF04CFAFF281FBF214A32F8D7
:10EE0000103023F4804322F81030089B7BB317F0B6
:10EE100005FE249B014600934246234607980DF0C9
:10EE20003FF824E00822204611A91AF022FE00280B
:10EE30007FF461AF8FE7002D64D0134B1B689807F8
:10EE400027D5049B0F2B21D0281D14F0EEFB0223A5
:10EE50000121CDE901310023C7F3C0070246009329
:10EE600021464FF6FF730498039718F037F917B04F
:10EE7000BDE8F08F533E0020483E00204C3E00206D
:10EE80004F3E00203C3B00207C2B0020079B012BA9
:10EE9000DAD1281D14F0C9FB80460BF0F9F909906E
:10EEA000404618F03FF84FF6FF71BDF83A208A420D
:10EEB00056D04245099B53D1FF2B4AD0184619F032
:10EEC00034FC784010F0EF0F14BF01230023BDF88D
:10EED0003A0009930BF0DCF90690BDF83A0018F0FF
:10EEE00021F8099B66B14FF6FF7CBDF83A106145E9
:10EEF00006D0414504D0069A0240D2B2FF2AA3D1DF
:10EF0000002BA1D1224649460AA8FDF7D7FB0A9853
:10EF10000B9913AB03C3BDF8302058461A8019F083
:10EF2000E9FE3A460146059B13A8FDF7EBFC30B914
:10EF30004FF6FF73BDF8548098457FF43DAF4FF610
:10EF4000FF789DB10126281D14F06FFB45468046D1
:10EF500039E7FF2804D0069BB3FA83F35B09B6E7D1
:10EF60000023B4E70226EEE70026ECE7012573E66E
:10EF70000022014B1A7670479830002008B50B4BE1
:10EF80001B78022B10D10A4B1B78033B012B0BD9AA
:10EF9000084B187800F00100FDF766FF0023064AD1
:10EFA000C2E90133538008BD0020F3E7533E00203F
:10EFB000543E0020483E00209830002038B5174DC0
:10EFC0002B78033B012B1CD8154BB3F8E4204FF6EC
:10EFD000FF739A4215D10320FDF710FA02F0C4FC2A
:10EFE000FFF7CCFF2B78033B012B01D909F000FA86
:10EFF0000020FBF7AFFA78B1BDE83840002017F0E9
:10F000008EB9FDF7E5F90446FDF7DCF90146204627
:10F0100008F05CFC0220DFE738BD00BF543E002052
:10F02000282F002008B5114A114B58611378032B83
:10F030001BD0D3B1332B01D0432B10D10D4B1B78F8
:10F04000033B012B05D803231370BDE8084013F0E0
:10F0500004BD13F002FDBDE80840FFF7AFBF212358
:10F060001370BDE8084002F077BA08BD533E002097
:10F0700098300020543E002038B504461348FDF770
:10F080006FF8134B1B78013B012B1DD8114D5CB958
:10F090002B7823B140F619402C7013F0DEFC0024CD
:10F0A000FFF76CFF204638BDFF2C05D04FF47A7176
:10F0B00006486143FCF7B8FF2B78002BEFD1012302
:10F0C00040F618402B70E8E70224E9E7282B0020DF
:10F0D000543E0020483E002038B504460D46FDF75A
:10F0E000D9F928B13DB1204618F051F9002038BDBA
:10F0F000024B1C70FAE70220F9E700BFE53E002052
:10F1000038B5114D04462B78834218BF28700FF094
:10F1100085FD80B124B920460FF07AFD02220DE072
:10F1200001200FF075FD2B781A1F012A05D9062B37
:10F13000F4D1032202E0002CF5D10122BDE83840D1
:10F140000021084617F0D3BE543E002030B50446D7
:10F1500085B068460D4617F0ABFF94B100212846F4
:10F16000144A18F005F9144B20681B7861688DF873
:10F170000430124B1B788DF8053002AB03C306F048
:10F18000ADFB0F4B93F8D42093F8D6308DF80320C5
:10F190008DF8023017F05FFCADF8000017F03EFC70
:10F1A0001023ADF80600072269460020FDF752F84B
:10F1B00005B030BD00F8FF078C3D0020543E002014
:10F1C000282F002010B5144B04461A78134B00204A
:10F1D00083F8D420FBF7BEF910B1002017F09FF898
:10F1E00000210846FFF7B2FF0D4B1B78033B012BB4
:10F1F0000ED80EF06BFC2046FCF7D4F840F6174012
:10F2000013F02BFC0023074A1380074A138010BD1C
:10F210000BF00CFEEFE700BFE33E0020282F00209C
:10F22000543E0020883B0020863B002010B501465C
:10F2300004460020FBF7D2F990B10C4B1B78023B3F
:10F24000032B0FD80A4B1C700DF06AFD60B9094AF8
:10F250000949FBF7BDFD003818BF0120800010BD33
:10F260005520FCE70220FAE74D20F8E7533E002046
:10F27000E33E0020852B0200C5F10100F8B50646EB
:10F280000DF04EFD044668B9FBF764F950B1064D28
:10F29000204695F8D47085F8D46017F040F810B186
:10F2A00085F8D4704D20F8BD282F00202DE9F041BD
:10F2B00080461846033B012B0E46174602D918B16B
:10F2C00021243CE0FFF71CFF294B1B78012B4CD07D
:10F2D000284B1D78022D08D0032D46D1B8F1000F20
:10F2E00003D1254B1B689B073FD43320FDF786F8DD
:10F2F00001F08AFDB6F1006F34BF204B0522314684
:10F300004FF0060038BF1A78FEF760F9044628BBB4
:10F310001B4D2873012000F0C7FF17F09CFB68808D
:10F320002846B8F1000F0DD0022300F8043B17F077
:10F330006CFF6C732F613946304613F046FB204654
:10F34000BDE8F081012300F8043B17F05EFF6C7309
:10F350002F613946304613F037FBF0E72846FDF7BA
:10F360004DF8B8F1000FF4D0E5E70224E7E700BF5D
:10F37000543E0020533E00207C2B0020E349002017
:10F3800098300020034B187818B9034B034A1B78B8
:10F39000D05C7047523E0020543E0020D8D5030078
:10F3A00038B5174B04461B78033B012B06D8437B2B
:10F3B000DB0703D590F909000EF0D2FA0025114BB6
:10F3C00083F8D5502079FFF759FFFFF7DBFF6188FD
:10F3D0002488034622462846FDF760FD044620B1F6
:10F3E0001720FFF71FFE204638BD1723064DC82102
:10F3F00006486B61FCF718FE03232B76F3E700BF8A
:10F40000543E0020282F0020983000202047002064
:10F41000F0B51A4D06460C4693B0A5F8E40005F188
:10F42000E60729BBC5F8E610796013F082FA6A4650
:10F4300001460020FBF768FCD5F8E630ADF8106017
:10F44000CDF812307B68CDF8163013F072FA6A46A8
:10F4500001460020FBF76CFF4FF6FF73B5F8E400A0
:10F46000984203D014B1064913F0B2FA13B0F0BDBC
:10F47000082238461AF00DFBD7E700BF282F0020DE
:10F480000E3000202DE9F041DFF8B8801F4698F8D3
:10F49000003005460C4616461BB102252846BDE83D
:10F4A000F081531E052BF8D80DF03AFC0028F4D15A
:10F4B0003B7B032B14D14FF6FE739C4212D1012EDD
:10F4C00009D0022EE9D117F0A9FA4FF6FB73984242
:10F4D00003D817F0A3FA044604E018F08CF8FAE712
:10F4E000012EDAD0EDB939462046FFF76BFA054612
:10F4F0000028D3D198F80030332B03D0532B1CBFF6
:10F500000E4B18613046FFF7FBFD00214FF6FF70F0
:10F51000FFF77EFF0A4B1B78002BBFD00BF05AFC85
:10F52000BCE7397B721ECB1E5942594150425041B3
:10F5300007F066FA05460028D5D0AFE798300020DE
:10F54000E4490020533E0020F0B50C461E46184BFF
:10F55000074687B001F1140051F8045B814243F87B
:10F56000045BF9D16D4609881980D4F80E00D4F8EF
:10F570001210238803C5ADF8083023798DF80A20CE
:10F580008DF80B3000233A468DF80C304FF6FE71A3
:10F590006B460120FFF776FF40B96846FFF74EFA49
:10F5A0002046FFF7FDFE08B9024B1E7007B0F0BD04
:10F5B000D43B0020E43E00201FB5144B04461B88BA
:10F5C000DB0707D44FF6FF700021FFF721FF002073
:10F5D00004B010BD0A2301201A4601A9FCF73AFE27
:10F5E0004FF6FF73BDF80C209A42EBD00822FF21A2
:10F5F00001A817F056F90028E4D10CB90120E7E77B
:10F60000BDF80C0001A9FFF703FFF7E7EC3B002072
:10F6100038B50C46154617F00DFA04F0C3F8294624
:10F620002046FFF7F5FE00F039FE48B1074BDB79C5
:10F630000E2B28BF0E230133DBB2054A137038BDF1
:10F64000044B1B78013B18BF0123F6E7D43B002095
:10F65000FC3E0020543E002038B50022082104461C
:10F6600017F01FF90546C8B917F0D8F92A464FF622
:10F67000FF71FFF7CDFF2046217CFFF767FD626930
:10F68000E189207C17F074FE054B1B78012B01D11A
:10F6900007F020FBFFF792FC002038BD0120FCE7BB
:10F6A000543E002038B5274B04461B780BB102208E
:10F6B00038BD4FF6FF7302899A42F8D00DF030FB47
:10F6C0000028F4D1204D2B6813F0020007D017F06A
:10F6D000A5F94FF6FE73984201D117F08CFF214631
:10F6E000FFF770F90028E3D12B689B074CBF02207D
:10F6F0000120FFF705FD0021012007F081F9002816
:10F70000D6D1124B1B780BB10BF064FB0022082101
:10F71000204617F0C6F858B90D4B20461B782374C5
:10F720000C4B63610023E381BDE83840FFF794BFD1
:10F730000421204613F03DF90028EDD040F6124098
:10F74000B6E700BF533E00207C2B0020E449002098
:10F75000E53E002000F8FF0770B5264B05461B78F4
:10F760000E4613B10224204670BD4FF6FF73028986
:10F770009A42F7D00DF0D4FA0028F3D117F04EF9E1
:10F780004FF6FE73984201D117F035FF2946FFF777
:10F7900019F904460028E6D1EEB10520FFF7B0FCC8
:10F7A0000121002007F02CF904460028DBD1024695
:10F7B0000821284617F075F878B90F4B28461B78B2
:10F7C0002B740E4B6B610023EB81FFF745FF044662
:10F7D00066B905200BE00620E0E70421284613F077
:10F7E000E8F80028E9D040F61244BCE70420FCF712
:10F7F00005FEB8E7533E0020E53E002000F8FF0775
:10F8000038B51D46FFF73EFE0446C8B92B7B284697
:10F81000032B03D1BDE83840FFF71EBFFFF70EF9F9
:10F82000084B25469C8117F073F80121064B814057
:10F830001A780620FDF7CAFE044608B1034B1D7076
:10F84000204638BD98300020E3490020533E002078
:10F8500030B5012087B0FFF7AFFE6B460446144A6F
:10F860001068516803C384B906F046F802A817F07F
:10F870001FFC4FF6FF752246BDF80E002946FFF724
:10F88000C7FEF7F723FB07B030BD6B46094AD2F835
:10F89000E600D2F8EA10B2F8E45003C306F02CF800
:10F8A00002A817F005FC6A46BDF80E00E6E700BFA7
:10F8B00048D20300282F002073B53A4B04461B782A
:10F8C0001BB10224204602B070BD0DF029FA0028B9
:10F8D000F7D100F0F3FC14B12288334B1A800021D9
:10F8E0000DF10700FCF70AFE002856D117F07EFC48
:10F8F00004460028E6D12D4D9DF80700FFF700FCD7
:10F900002B785A1E012A1FD8FFF7A2FF2B78033B42
:10F91000012B01D801F01EFAFFF750FB012016F071
:10F92000BEFF034600283AD12A78033A012AC9D8F3
:10F930001D4A108810F0020521D0052201201C4923
:10F94000FFF7B4FC0446BDE7033B012B04D8204677
:10F95000FFF732FE0028D7D12B78053B012BB1D819
:10F96000FFF776FFFFF72AFB2B78052B0CBF04204F
:10F970000520FCF743FD012016F091FFE2E70D4E54
:10F9800002230B2231460120FCF764FC33885B071D
:10F9900098D5284601F0F2F994E7172492E7044637
:10F9A00090E700BF533E0020EC3B0020543E002077
:10F9B00000F8FF07843B002001232DE9F347614D48
:10F9C000074688460020604914466B7300F03AFCF5
:10F9D0000FF0DEFA5C4E38B9012F01D9042F10D197
:10F9E0002146404613F02BF8102000210AF056FD66
:10F9F000002800F09E80002002B0BDE8F047FBF731
:10FA00008DB9002CF0D1514B1B78212B03D0062B44
:10FA100001D0532B02D101F09FFDE5E7FCF7E2FD99
:10FA20000028E1D000F03AFC28B9287BC0F118008A
:10FA3000FFF7F8FAD8E7464B31462046019300F02D
:10FA400001FC20B140F2F5714248E9F717F83D4951
:10FA5000307B01AA13F06FFD95F80090B9F1000F0B
:10FA600003D13948FFF79CFCBEE7DDF804A016F08F
:10FA7000D5FFDFF8EC80044698F80030033B012BFB
:10FA800006D8737BDB0703D596F909000DF068FFF4
:10FA90003079FFF7F3FB00217088FFF7B9FCFCF722
:10FAA000A1FD2D4F60B14FF6F672631E9BB29342DB
:10FAB00006D917F0A0FDB7F8E43004468342F8D029
:10FAC000204616F0B7FF308816F0D1FF4946B7F848
:10FAD000E400D047044608B91920A9E7B7F8E410B4
:10FAE00019F047F9002387F8D5302B7803F0FB0392
:10FAF000022B02D0204617F0E1FA002220461146E0
:10FB0000FEF77EFE98B117236B6198F80030042B46
:10FB100006D1C8211148FCF787FA03232B7663E747
:10FB20004FF416710D48FCF77FFA0023F6E7172013
:10FB30007EE7FEF7DBFE00287FF45DAF02B0BDE894
:10FB4000F08700BF98300020D43B0020533E0020B7
:10FB500021720300EAD40300282F00202047002050
:10FB6000543E00207FB50024184E194D3278E3B280
:10FB70009A4201D804B070BD4FF6FF73B5F8E42087
:10FB80009A421AD0134B1B88DB0714D5124AB5F8DA
:10FB9000E43010685168ADF80C3001AB03C30A23A0
:10FBA00000201A4601A9FCF755FB02230B22002076
:10FBB0000A49FCF74FFB0134D8E700220821064828
:10FBC00016F06FFE0028F6D1DCE700BFB549002033
:10FBD000282F0020EC3B00200E300020843B00202A
:10FBE00010B501F011F902F08DF8D8B10E48FCF70C
:10FBF000B7FA0E480E4C017A0E30FFF7A7FA2378B9
:10FC00001BB100F0FDFA002323700022094B1A7388
:10FC1000FFF7D4F908F004FE01F080F9BDE81040C8
:10FC2000FFF7A0BF10BD00BF20470020D43B00203D
:10FC3000E43E00209830002010B51B48FCF790FAF5
:10FC400002F060F830B1194B1B781BB9BDE81040C9
:10FC5000FFF7C6BF02F056F878B1154C237E83B18A
:10FC6000C8211148FCF7E0F90021237E0846013B3A
:10FC70002376BDE81040FBF7C3B8FCF7B3FC0028BF
:10FC8000EBD1FCF7AFFC38B90A4B1B78112B03D032
:10FC900003F0FD03412B05D1BDE81040044B58692A
:10FCA000FFF7C0B910BD00BF204700204F3E002025
:10FCB00098300020533E00202DE9F04F0F4685B0CC
:10FCC00002AD044629463846914619F0E9F94FF04D
:10FCD000000B82463846CDF804B019F013F9467887
:10FCE000022C804606F0020609D85CB1FCF77AFCCB
:10FCF0000446002848D1754B01241B7865E0043C7C
:10FD0000022C3AD9FCF76EFC384619F074F800243E
:10FD10000546A046DFF8D8A1384619F0F3F850F8A8
:10FD200009300DF10500019313F07FFC9DF807B039
:10FD30000746B8F1000F4DD1BBF1000F5BD0DFF8E3
:10FD40008C9199F800300BB1002E63D0002C61D05B
:10FD50005F4B1B78022B5DD1BBF1000F53D13846AE
:10FD600016F068FE58465946FFF7F0F908F058FDBE
:10FD700040F6074012F071FE34E017F0E7F9FCF7A7
:10FD800031FC0446F8B15C464EB1524B1B78012B56
:10FD900002D0043B012B0BD805B0BDE8F08F4B4BD4
:10FDA0001B782BB14B4B1B7803F0FB03022BF3D0DA
:10FDB000BAF1000F404608BF002519F064F94FF072
:10FDC00001088246A8E7414B1B78002BF0D0002E9B
:10FDD000EED1E1E7BAF1000FAED05046FDF708F8DA
:10FDE0000028A9D10020FAF7B5FB0028D4D00020C4
:10FDF00016F095FAD0E74FF6F7739F429FD9172078
:10FE0000FFF710F9EEE7FCF7EDFB48B13248FCF7DD
:10FE1000A7F9F4E7FCF7E6FB10B1BBF1000FF5D151
:10FE2000FCF7E0FB0028DDD02846FDF739FEFF286F
:10FE3000DFF89CA0294C03D09AF80030012B04D1A4
:10FE40002946B4F8E400FDF7A5FFFEF787F82A4637
:10FE50003846B4F8E410FFF7DBFB214B214A93F955
:10FE600006301B0213809AF80030012B19D0312B79
:10FE700014BF432311238AF800301B4B164819681E
:10FE8000FCF7D2F800F066FF0023124C99F800103E
:10FE9000237641B91048FCF7C7F840F61B4363616D
:10FEA000A0E71123E7E7B8F1000F03D016B1FFF781
:10FEB00097FEF2E70D4B1B78042BEED10521064887
:10FEC000FCF7B2F809232376E7E700BF4F3E002096
:10FED000533E00209830002020470020282F00208B
:10FEE000D43B0020EA3B002040470020543E002045
:10FEF000CF3E00202DE9F043084693B00D4619F09F
:10FF000001F8092200218046FAF7DCFE0446284663
:10FF100018F071FF052207460DF1090328460AA9CA
:10FF20000EF048F8022881461CD09DF80930294679
:10FF30001C44E4B204F1100200230120D2B218F8EC
:10FF4000046012F0EAFA68B1072E09D856B1013EF2
:10FF5000062E07D8DFE806F00918068A06254100B4
:10FF60007C2E45D013B0BDE8F0835B4B1B78013B82
:10FF7000012BF7D8284618F0BDFE00232A46194663
:10FF8000009417F0E7F8EDE7544B1B78012BE9D10B
:10FF9000534B18780028E5D122462946FFF78CFEFE
:10FFA000E0E74D4B1B78013B012BDBD838460AF0CC
:10FFB0001DF94FF6FF739842044606D0284618F004
:10FFC00099FE2246394616F0E8FD444B1B78022B79
:10FFD000C8D1384612F031FDC4E73F4B1B78013BD6
:10FFE000012BBFD8494628460AAA00F079F9B9E79B
:10FFF000394B1B78013B012BB4D8A04498F8012061
:020000022000DC
:1000000098F80230652AADD16D2BABD12846FBF7AD
:10001000C1FD1334E4B28442A4D20822394603A8B5
:1000200019F037FD214628460DF10A0218F082FF2B
:10003000002897D1BDF80A30002B93D005A809F00D
:1000400029FC0123274DBDF80A002B70FBF7A2FD08
:100050000446BDF80A00FBF781FDE2B2034605A99C
:1000600003A812F0BEFC00232B707BE71A4B1B7811
:10007000013B012B3FF676AF062200214046FAF7FE
:1000800021FE404413F0D1FA0746FCF72FFB04464B
:1000900000287FF467AF284618F027FEC3047FF5D9
:1000A00061AF46F204030121ADF814303846022353
:1000B000CDE9004405AA18F08CFF064600283FF45D
:1000C00051AF394618F055FE284618F013FE224667
:1000D0003146FCF705FF45E7543E0020533E002023
:1000E00098300020173F002008B5084B187050B119
:1000F000074B1B883BB14FF47A7106485943FBF715
:1001000093FF002008BD0120FCE700BF463E002011
:100110007E490020282A0020014B1878704700BF34
:10012000463E002008B5FCF71BF80022014B1A7070
:1001300008BD00BF463E0020022881BF4FF47A73FD
:100140005843034B18608CBF00202120704700BF2C
:1001500040470020014B1878704700BFE63E002062
:10016000014B1870704700BFE63E0020034B186833
:100170004FF47A73B0FBF3F0C0B2704740470020F1
:1001800010B50B4B0B4AB3F9004092F9001053889D
:100190004CB1B1EB242F06DD43F0400353800170D6
:1001A0004380002010BD23F040039BB2F6E700BF60
:1001B000EA3B00208049002007B5074B8DF8070077
:1001C00018700D22012300200DF10701FCF742F801
:1001D00003B05DF804FB00BF8049002038B5074D2F
:1001E000044695F9003090F90000834201D0FFF7F2
:1001F000E3FF638800206B8038BD00BF804900208A
:1002000010B50024044B05481C80054B1C70FBF7FF
:10021000A7FF204610BD00BFEE3B00204447002052
:10022000F03E002008B50348FBF79AFFBDE8084000
:10023000FFF7E6BF444700200148FBF7B5BA00BF0F
:10024000EE3B0020F7B5134B04461B780E46EBB18E
:1002500083421DD90021104816F0B0F80025014650
:100260000D4F09B9012009E0A54209D1002430460B
:10027000162322460094FBF759FE204603B0F0BD3A
:10028000384616F0F1F801350146EAE71820F5E79F
:100290002720F3E7F03E0020EE3B0020014B1878CA
:1002A000704700BFF03E002025289DBF024B18700C
:1002B00000202120704700BFE6490020012307B538
:1002C00018460D220DF10701FBF7C4FF9DF807202A
:1002D000024B1A7003B05DF804FB00BF8049002098
:1002E000F8B507460E46144618F085FD1A4B05462C
:1002F0001B78022B2FD1194816F080FA58BB2846DC
:100300000DF064FD38B32246314638460DF080FDCD
:1003100008B312F04CFB0446384618F0EBFC104BC7
:10032000012E1A784FF00F0303FA02F39BB2B4FBCD
:10033000F3F203FB124404F10104A1B206D1094B0C
:10034000094A1E702B6813606B6853600348BDE850
:10035000F840FBF769BEF8BD533E0020482B002053
:10036000E5490020EF3E0020E73E002084B010B5B4
:1003700002AC84E80F00082227480DF11601089C02
:1003800019F077FB08BB9DF815309A0705D4234B6D
:100390001B7803F0FD03312B1DD1214963780978C7
:1003A00003F00F028A4203D0012922D1022A12D17E
:1003B000227882B91B09022B0DD11A4BA0781B7829
:1003C000022B1AD1C0F3800006E000220821124857
:1003D00016F067FA20B90020BDE8104004B070475D
:1003E000114BBDF808205B889A42CCD0002BCAD0B4
:1003F000F1E70229EFD1012AD9E7030609D40B4B13
:10040000B3F8E420BDF80A309A42E4D1FEF776FB57
:10041000E2E70120E0E700BF9C300020533E0020CF
:100420008C3D0020543E002098300020282F0020D2
:10043000284BF0B55D88002387B08DF80830264B37
:100440000DF10B001B7805F0010743F020038DF838
:10045000093016F0DAFE6FF07F43ADF813308DF8F7
:10046000153016F07AFF1D4B8DF816001B7805F03D
:100470001006DB00DCB2ECF745FE194B1B7883421B
:100480002CBF44F0040344F084032FB1A9061ED40A
:1004900026B143F0020301E0AA07F9D4002108467F
:1004A0008DF80A30FBF720FCADF8060058B10123A7
:1004B0000F2202A90DF10600FBF7A6FC18B90DF1F9
:1004C000060013F035F8BDF8060007B0F0BD43F0A4
:1004D0000103DDE7804900208C3D0020FC3E002028
:1004E0004C3E00201FB50C4A01AB10685168127ACF
:1004F00003C3002109201A70FBF7F6FB044640B144
:10050000FBF72CFB034601AA03CA12781860596056
:100510001A72204604B010BDF8D4030010B5FBF7E2
:100520001FFE0A4B1B78022B0CD1094B1B78033B97
:10053000012B07D9074C207828B1002018F0E0FEE5
:100540000023237010BD16F0FEFAF9E7533E002099
:10055000543E0020EF3E002084B02DE9F04788B0E3
:1005600010AC84E80F00DFF824A1454BBAF8022054
:100570009DF8459012F0010E9DF94A409DF85D806E
:100580009DF95E109DF860509DF962609DF946C02E
:100590009DF848701B7834D09DF86500C0F3400288
:1005A000C0F38000002B48D0364B1B78022B09D1BA
:1005B000B44242DB23D1E81BC0B280288CBF0020AC
:1005C000012015E0304B1B78012B00D1BAB178B176
:1005D0009AF800301E335BB29942D4BF002101214A
:1005E0009C45D4BF002301238B4206D1B442E1DAFB
:1005F00008B0BDE8F04704B070470846F8E70020AF
:10060000F6E7920718D5C3B1760814BF0120002081
:10061000640814BF012300238342E9D1EB1BDBB242
:10062000802B0AD9BD42EAD18C4506DB25D1C145D4
:100630002CBF00200120DBE70BB90120D8E7BD4229
:1006400004D18C45F9DB01D1C145F6D302AC16AE1D
:100650000FCE0FC496E8030044F8040B2180DDE9B7
:10066000140110AB0090ADF804100FCB12F05AFF3C
:100670000028E2D1BD429ED1BAE77046B8E700BF7C
:10068000F03E0020543E0020533E002080490020D0
:1006900084B02DE9F04F8FB06A4E18AC08AD84E8F5
:1006A0000F0016220021284619F00DFA33783BB9C5
:1006B0000024654B32781B789A4239D2002726E015
:1006C0000021624815F07AFE00270446B846DFF89C
:1006D0007C91002C45D13FB1224639465B4815F04C
:1006E000FEFE3378013B33703378002BE0D00021DD
:1006F00056484FF0000915F061FE4F468046CA4645
:10070000DFF848B1B8F1000F6CD1002FD1D016211D
:10071000002218A815F03BFE014648B1002F00F05A
:100720008B802246494815F076FE337801333370CA
:10073000454B32781B789A4207D9444800220188F9
:1007400015F0CDFE3378013B33703378012B03D1A4
:100750003F494048FBF768FC0FB0BDE8F04F04B0DC
:1007600070470022214628461623CDF80080FBF76B
:10077000DDFB1622294618A819F07BF90028EBD0DA
:100780009DF864209DF824309A4225D1BDF8602060
:10079000BDF820309A421FD108220DF12E010DF133
:1007A0006E0019F066F9B8B902AF0DF1600CBCE843
:1007B0000F000FC79CE8030047F8040B39800EAB0D
:1007C00013E903000090ADF8041095E80F00FFF75F
:1007D000C3FE0028C0D027462146484615F044FEF7
:1007E000044676E71623002241462846CDF800A0AD
:1007F000FBF79CFB02AF0DF1600CBCE80F000FC7CC
:100800009CE8030047F8040B39800EAB13E90300A2
:100810000090ADF8041095E80F00FFF79DFE074625
:1008200020B1B9F1000F04BF444681464146584605
:1008300015F01AFE804665E73A46044815F0C4FDF7
:1008400073E700BFF03E0020E6490020EE3B0020A9
:1008500020BF0200444700202DE9F04F002104464C
:100860009FB010AF162238460E91CDE90C11CDF88D
:100870003B1019F028F9052220460DF11F0316A997
:100880000DF098FB0228804600F00381204618F006
:1008900039FB064612F0C9FE8146F01C12F0C5FE77
:1008A000ADF84000701D12F0C0FEB8F1010FADF8B8
:1008B0004200204640F0F08018F024FB0546204618
:1008C000FBF74CF90D352D1A3B4621460820EAB2BC
:1008D00011F023FE002800F0DC80204618F017FB02
:1008E000B8F1010F83469DF84D3040F0EF800025B0
:1008F00043F001038DF84D3016AE04953388022B7A
:1009000058D1F17820460231C9B2FBF74BFB1B28C6
:1009100050D1F17820460331C9B2FBF743FB1928C7
:1009200048D1F17820460431C9B2FBF73BFB4A2895
:1009300040D14FF0050AF178204601315144C9B247
:10094000FBF730FBF178804651442046C9B2FBF7F3
:1009500029FB00EB082083B200F03F02932B0592A5
:1009600040F0A28096F803802146D0445FFA88F8D0
:1009700008F10203DBB204930023049A00930CA84D
:100980000F23FBF7D3FA08F11101C9B2204615F085
:100990006DFE08F113010546C9B2204615F066FE4A
:1009A000ADF84200059B023353445FFA83FA337972
:1009B0005345C0D806360DF17603B3429ED19DF85B
:1009C0004D20C5F3C03363F3410220468DF84D201E
:1009D00018F02FFA8DF84400204618F01FFA8DF811
:1009E0004500204618F01FFA9DF83230BBF1190F70
:1009F000C3F3C3028DF84720DDF833208DF846009D
:100A0000CDF84E20DDF83720CDF8522094BF0022DB
:100A10009DF83E208DF8482003F003028DF84A200F
:100A20006F4A1278022A9DF84D200CBFC3F3800351
:100A3000DB0963F382026B4B8DF84D201B78022B90
:100A400059D1BDF8406016F006F8864253D108A887
:100A500016F0DBFBBBF1190F4AD908220DF14E014C
:100A600008A819F006F800283FD1B9F5004F02D0C8
:100A7000B9F5624F0DD140F6FF7325F440459D4214
:100A800007D1002208210DF14E0015F00AFF0028C1
:100A900041D01FB0BDE8F08F18F034FA054620466B
:100AA000FBF75CF807350EE7412B7FF47BAFF1785D
:100AB000204602315144C9B2FBF774FA4A4B1B7805
:100AC000C3F1B30318448DF849006BE76FF30003DB
:100AD000F01D8DF84D3012F0A8FD0CA905462046FA
:100AE00016F0E1FB0023049369E700F0F3FFBCE795
:100AF00000F0F0FFCDE7B9F5004F02D0B9F5624F35
:100B0000C7D140F6FF7325F440459D42C1D1BBF1EA
:100B1000190FBED9B5E7BBF11A0F06D004993A46B2
:100B20001F312046C9B212F005FD304C304D637BB9
:100B3000DBB12B78012B1DD1012323730CAB029366
:100B400014AC94E803000090ADF8041097E80F008F
:100B5000FFF70CFC90B194E803000090ADF804108E
:100B600097E80F00FFF794FD08E0FBF73BFD002836
:100B7000DFD0E1E703F0FD03042BDDD02B78012B60
:100B800001D0042B85D11B4BDDF84E001B78DDF81E
:100B900052108DF82230BDF84030ADF820309DF86D
:100BA0004D30C3F340038DF823309DF8313003F00E
:100BB0000F038DF82C309DF848308DF82D3009AB9F
:100BC00003C30D4B1B681BB1394608A8984760E763
:100BD0009DF946209DF8451008A811F02CFF58E714
:100BE000543E0020533E0020F73E00209830002065
:100BF000DB3E0020F63E0020883000202DE9F04347
:100C0000424B434C1B7885B0033B012B22D811F09B
:100C100004F92378022B31D13E4A1468A0422DD02A
:100C20003D4910600A68121B10443C4A0860127863
:100C300072B1013A93403C2253434FF47A725343CA
:100C400098421BD9032005B0BDE8F043FBF7D6BBA3
:100C50000A23F2E711F0E1F82378022B0ED12D4A96
:100C60001568A8420AD00027DFF8BC802C4E10601F
:100C7000451B98F80030FCB2A34202D805B0BDE88D
:100C8000F08356F8243020462B4446F8243009F0EF
:100C90008FFBC3074FF0000910D5204609F056FB23
:100CA00070B156F82430242B08D910220023204696
:100CB000CDF8009009F09AFB46F824900137D8E768
:100CC000184B1B5D13F00F031FBF03F1FF3202230C
:100CD00093403C220CBF0A2353434FF47A72534390
:100CE00056F824209A42E9D9204609F04FFA02A981
:100CF00017F0ADFC28B1204609F048FA02A911F01E
:100D000068FE204617F069FDD8E700BF543E00207A
:100D1000533E0020742B0020702B0020A04900209F
:100D2000A4290020913D0020BB490020064B1B88D0
:100D3000DB0708D50022054B43F82020044A135C4A
:100D400063F00F0313547047F03B0020A4290020E8
:100D5000913D002008B511F060F80022024B1860A8
:100D6000024B1A6008BD00BF742B0020702B0020BE
:100D7000014B1868704700BF702B002008B50C4865
:100D8000FBF7EEF9FBF78EFB80B10A4B0322B3F8B9
:100D9000E41001200CF0AAFD4FF47A71064B0448D0
:100DA0001B885943BDE80840FBF73EB908BD00BFAA
:100DB00064470020282F002060490020014B188044
:100DC0000020704784490020044A054B187013889E
:100DD00023F003031843108000207047F03B0020ED
:100DE000A1490020024B188800F00300704700BFA3
:100DF000F03B0020034B1888C0F30E00003818BFEA
:100E000001207047843B002008B5FFF7F3FF30B1A5
:100E10000020044902230B220880FBF71BFA002064
:100E200008BD00BF843B0020024B1888C0F30E00B1
:100E3000704700BF843B00200023084A0120137044
:100E4000074A08491370084B084A1B7843F004030B
:100E5000138002230B22FBF7FDB900BFF33E0020F5
:100E6000F23E0020843B0020A1490020F03B0020FE
:100E700013B514468DF80710CAB9CAB20E2A16D88F
:100E80000D4B1B881341DB0711D509F001FAFF2830
:100E900001460ED09DF80720084B1A5401231B2051
:100EA0000DF1070211F02CF8204602B010BD01240C
:100EB000FAE70224F8E700BF84490020913D0020B2
:100EC00030B5012100240B2385B0104D0194009111
:100ED0008DF80C308DF80D000323B5F8E40003AA5B
:100EE0008DF80E4018F075F868B1B5F8E41016F0FA
:100EF000E2FA40B10522064B64211A70054B064800
:100F00001C70FBF791F805B030BD00BF282F002002
:100F1000F23E0020F33E002084470020064B1B7861
:100F2000033B012B06D8054B1B781BB9044B1878E3
:100F3000FFF7C6BF704700BF543E0020F13E0020BF
:100F4000A049002010B51548FBF70AF9144B197891
:100F5000F9B9144A13787BB1013B1370124B1B781B
:100F6000042B02D10846F9F74BFFBDE810404FF4BF
:100F700096710A48FBF758B80C4A128802F003022F
:100F8000022A0AD1BDE81040032201200849FEF7D9
:100F90008DB9BDE81040FFF7C1BF10BD84470020E8
:100FA000F33E0020F23E0020543E0020843B00200F
:100FB00000F8FF071FB50C238DF80C300B4B0C46C7
:100FC0001B88012123F004038DF80E3000238DF8D7
:100FD0000D00CDE900132046032303AA17F0F9FF03
:100FE00010B1214616F067FA04B010BDF03B0020A6
:100FF000F8B5064617F0E9FE0546304618F00DF83C
:10100000411C0446C9B23046FAF7CCFF0234074609
:10101000E1B23046FAF7C6FF394602462846FFF7E6
:1010200027FF022816D02946FFF7C4FF0A4B1B886A
:1010300003F00303022B0DD1284609F029F9FF28FC
:1010400008D00022054B43F82020054A135C63F0CA
:101050000F031354F8BD00BFF03B0020A42900206B
:10106000913D0020084B1A785AB10223013A93406F
:101070004EF66022534303210448B3FBF1F1FAF723
:10108000D3BF42F21073F6E7A04900208447002046
:1010900070B505461748FBF763F80122164B284642
:1010A0001A7017F0BAFF411C0446C9B22846FAF775
:1010B00079FFA11C0646C9B22846FAF773FF0F4C08
:1010C000022320800B2221460020FBF7C3F886B9BB
:1010D000238803F00303022B03D1FFF73BFEFFF746
:1010E000C1FF23885B0704D5BDE870400448FFF7C3
:1010F00045BE70BD84470020F33E0020843B0020A5
:10110000644700202DE9F043204C89B02388002B50
:1011100035D01F4D00214FF4807009F027FC2B784B
:10112000DB072AD501212088FAF7A2FD0646208890
:1011300017F0E8FE023012F078FA05A98046208800
:1011400018F049F82B78304613F0020F114B40F697
:101150000247B3F8009018BF0027FAF71BFD0546B9
:101160003046FAF7FBFCEDB20290424606213846C3
:10117000CDE9009505AB11F050FC00232380064813
:1011800009B0BDE8F043FAF7EBBF00BFF83B002021
:10119000F43E0020F43B0020A44700202DE9F04756
:1011A000304F80463D880E4614469946ADB31046F2
:1011B00017F0B6FDB0F5006F2FD1204617F0C3FD34
:1011C000824609F065F8FF2827D02EB1264A32F86A
:1011D00010302B4322F81030B5F5007F36D0B5F52E
:1011E000806F33D0B5F5807F17D1204B1B88A34289
:1011F0001CD14FF6FF718A450FD0204617F0B9FD7C
:10120000284609F0E1FB50B91948FFF77BFF00239E
:10121000184A1380184A3B801370BDE8F0870220FB
:10122000002109F03BF90028EED1F0E7114D2B88A1
:10123000A342F2D14FF6FF718A45EED024B1204689
:1012400017F097FD00232B800023E3E700230A4AD1
:101250003B80137031464B4622464046BDE8F0477E
:1012600015F03DBEF23B00203C3B0020F83B002047
:10127000A4470020F63B0020E03E002010B509F016
:1012800007F8FF28044601D1172010BD09F090F897
:10129000C107F9D5204609F08BF8820700F0020358
:1012A000F2D40449184631F8142042F0100221F813
:1012B0001420EAE73C3B002010B508F0E9FFFF28C6
:1012C000044601D1172010BD09F072F8C107F9D505
:1012D000204609F06DF8820700F00203F2D40449B9
:1012E000184631F8142022F0100221F81420EAE701
:1012F0003C3B002010B504460C48FFF703FF0121DA
:101300004FF4807009F032FB78B10022084B1C804A
:10131000084B1A700BF0D0FFBDE81040064B188048
:10132000064B02481988FAF77FBE10BDA44700207B
:10133000F83B0020F43E0020F43B002062490020EE
:10134000044A137818B943F001031370704743F04F
:101350000303FAE7F43E00202DE9F04FDFF84C914B
:1013600087B099F80060002E40F08C80DFF840B123
:10137000DFF840A19BF80030F4B2A34207D8002266
:10138000424B1A8007B0BDE8F04FFDF7D9BA2046AE
:101390003AF8145008F0DAFF8046002860D0204662
:1013A00008F0F4FE15F40071074645D001464FF6EB
:1013B000FF720E2016F0A2F90546002850D03946DB
:1013C00017F0D7FC4FF400730027304E20463380CF
:1013D0003AF8142022EA03032AF8143010220023DA
:1013E000009709F003F82A4B1B88DB0707D5294B28
:1013F000294A43F82470135D63F00F031355182036
:1014000000216043254B264C0093019101232A467D
:10141000205CF9F71FFD002814BF0123002389F881
:10142000003005D13388B3F5807F01D11D4B188082
:10143000404607B0BDE8F08F680513D5059116F05A
:10144000DAF8012205990346009207203A46CDE9D1
:101450000111FDF797FB4FF480630546002DB3D1D2
:10146000013687E7104B18880028F9D0EA05F7D530
:10147000394617F07EFC0C4B1D880A4B1D804FF43B
:101480008073EBE74FF00008D2E700BFF23B00208B
:10149000F03B0020A4290020913D00209D11020076
:1014A000E8100020F63B0020F83B0020E03E002042
:1014B000BB4900203C3B0020042230B501F0400332
:1014C00087B0002B054614BF012400248DF80C20A2
:1014D0008DF80D1004D004A917F0B9F838B304AB97
:1014E000CDE9004301210223284603AA17F071FD2C
:1014F0000446F0B1104B1B78033B012B04D80F4B73
:10150000B3F8E41017F035FC4FF6F7739D4209D994
:10151000322202212046FDF773F980F00100C0B2AB
:1015200007B030BD2946204615F0C5FFF5E701207C
:10153000F6E71920F4E700BF543E0020282F0020D2
:1015400010B1034B1B880380024B1878704700BF13
:1015500086490020F53E002010B5FFF755FC04F049
:10156000FFFF15F0A3FD002017F068F80BF0D8FB83
:1015700008B115F0ACFC204C2378532B12D1032377
:1015800023700023FF2219460120FDF78FFE002063
:10159000F8F7E0FF10B1002014F0C1FEBDE81040E4
:1015A0000CF094BA062B01D0212BF0D1012015F0BC
:1015B000FEFD4FF6FE7015F03DFA4FF6FF7015F088
:1015C00056FA0020FDF758FD0020FDF799FDFDF7C4
:1015D000D5FC00F07DFB0DF02BFE2378212B02D1F2
:1015E000FDF79CFAD3E70020FAF708FF00214FF43B
:1015F000004016F0C0FDCAE7533E002010B50A4C6B
:101600000A48FAF7ADFD2378062B02D1012015F028
:10161000CEFD2378062B01D0532B03D1BDE810401B
:10162000FFF79ABF10BD00BF533E0020C447002003
:101630002DE9F84FDFF8CC8004460E461746FFF739
:10164000E3FB98F8005015B90220BDE8F88F212D72
:10165000FAD0DFF8B49099F80030012B01D1A3063D
:10166000F2D4274815F0CAF80028EDD114F0200470
:1016700039463046DFF894B0DFF894A005F00F0546
:101680001BD011F0A4F9012D8BF80070AAF80060AE
:1016900033D1212388F80030FFF75EFF0020D4E724
:1016A000212388F80030FFF757FF00214FF6FE7026
:1016B000FDF7AEFEFEF756FAF0E711F087F9012DBF
:1016C0008BF80070AAF80060EAD0062321464FF696
:1016D000FD7088F80030FFF7EFFE40F6020240F29E
:1016E000262199F800300648033B012B88BF11469C
:1016F000FAF79AFC002CD1D1D7E75323E6E700BFD5
:10170000C4470020533E0020543E0020F53E0020F8
:10171000864900202DE9FF410F46511CC9B20546FC
:101720003846FAF73FFC0446384617F0EBFB06460E
:10173000023011F07AFF424B80461B7804F04002E1
:10174000022B02D0043B012B06D83E4B1B685802EB
:1017500005D5A10603D452B304B0BDE8F08132B37D
:10176000394A1278D11E012917D8384BB3F8E43022
:10177000AB42F1D17378180714D5304617F083FCCB
:10178000FBF736FB0028E7D00122294604F02000B1
:1017900004B0BDE8F041FFF74BBF022ADCD1DF0106
:1017A000DAD4E7E715F03AF94045D5D1ECE7264B16
:1017B0001B78013B012BCFD87378D906CCD502A971
:1017C000384617F06DFC002002A908F031FDFF2813
:1017D00006460BD0A20601D415F090FD304608F065
:1017E000D5FC04F0DFFE304616F0F7FF284615F072
:1017F00099FBFF280DD0FCF7A3F914F0200608D1BF
:1018000015F00CF928B133460222284602A905F04A
:10181000FDFF15F003F900289ED1A3069CD402A970
:101820004FF6FF730222284610F053FE4FF6FF7268
:10183000034600922846022202A911F018F98BE70C
:10184000533E00207C2B0020543E0020282F0020F7
:1018500038B504460D4608F01BFDFF28034615D099
:101860000B4A127842B10B4A32F81020520403D5C9
:1018700016F0B3FF002038BD184615F03FFD204696
:1018800045F04001BDE83840FFF716BE0120F2E701
:101890004F3E00203C3B002038B50C4B04461B78E3
:1018A0000D46022B01D0022038BD15F0B7F8A0423A
:1018B000F9D029462046FFF7CBFF0028F4D0204678
:1018C00045F04001BDE83840FFF7F6BD533E00202B
:1018D00038B5054617F016FB0446284617F09DFB61
:1018E000411CC9B22846FAF75DFB42060DD5637864
:1018F0001B070FD5204617F0C6FB0146002008F055
:1019000097FCBDE8384016F068BF0348BDE8384092
:10191000FFF774BE38BD00BFC447002038B54FF68E
:10192000FF75A842044617D015F095F8A04213D0D1
:101930004FF6FD72094B198891420DD9084A128859
:10194000AA4201D0A24207D11C804FF47A71BDE8AF
:1019500038400448FAF768BB38BD00BF6A49002028
:1019600088490020082B002008B50448FAF7F8FB46
:101970004FF6FF72024B1A8008BD00BF082B0020F3
:101980006A490020024A13780BB1013B137070477B
:10199000423E002008B515F06AF800214FF6FF72AC
:1019A000054B08461A80FDF7D1FBBDE8084040F61C
:1019B000164011F052B800BF6A49002008B5FAF786
:1019C000CFFB0A4B1B78023B032B08D84FF6FE7364
:1019D000074A108898424FF6FF7301D1138008BD63
:1019E0009842FCD0BDE80840FFF7D4BF533E00202A
:1019F0006A49002010B5084B1B78042B0AD015F05B
:101A00000DF800210446084615F093FC231A5842AD
:101A1000584110BD0020FCE7543E0020F0B50026E0
:101A200089B00546CDE90566ADF81C6017F0F5FAFA
:101A30000A23024604462946009605A8FAF776FAD4
:101A40009DF815309DF814701F2B27D803A815F0AA
:101A5000DCFB08220DF1160103A818F00AF806466F
:101A6000E0B9092F1CD1FFF7C5FFB8B1154B1B78A2
:101A7000A3B1154B1A884FF6FD739A420ED9134C39
:101A8000134A23780433DBB223701278013AB3EBA4
:101A9000820F03DD58B210F0E2FE267009B0F0BDEF
:101AA00004F10A01C9B22846FAF77CFA15F06FFC76
:101AB00004F10B01C9B2284614F0D8FDFFF72EFF40
:101AC000ECE700BFBC4900206A490020423E0020EC
:101AD0009F49002038B5134B1B78033B012B20D9BD
:101AE000114B4FF6FF711B78ABB1104D2B888B4219
:101AF00017D114F0B0FF4EF6602104460C48FAF7F7
:101B000093FA4FF6FE7322462B800021BDE8384041
:101B1000092015F04ABC074A13888B421CBF0133C9
:101B2000138038BD543E0020BC4900206A49002083
:101B3000082B00207E3B002010B5044661B1FF2138
:101B400017F081F90021204617F083F914F06BFBA0
:101B50000146204617F083F92146BDE810400022D7
:101B6000014814F031BC00BFFC3B00202DE9F041DE
:101B70000D461746044617F0C5F906782846FAF7C9
:101B8000B5FD29468046204617F0F3F814F046FFCD
:101B9000A84206D120460121FFF7CEFF0120BDE873
:101BA000F0812846B8F1000F0AD0FAF72DFE50B99F
:101BB000144B3A462046BDE8F0411978FCF720BEA8
:101BC00016F06AFDF3E706F00306012E08D014F0C4
:101BD00025FF00232246294602F050FF0028D9D1D4
:101BE000204617F082F8430505D52046BDE8F041B0
:101BF000002115F0E5B8204616F011FDB0FA80F08E
:101C00004009CCE79D49002010B586B0044617F086
:101C100004FA104B0246186819790290D3F80500AF
:101C20005B7A01328DF8143000238DF80C1004908B
:101C30002146009304A80523D2B2FAF777F90522CA
:101C400004A902A817F015FFB0FA80F0400906B009
:101C500010BD00BF01D5030008B50748FAF780FAA8
:101C6000064B1B78033B012B05D8BDE8084000213B
:101C70000846F9F7C5B808BDE4470020543E0020E7
:101C800008B5114814F099FD104B1B78012B06D8AC
:101C9000FF2009F04BFDFCF763FC08F0EBFDFBF7C0
:101CA000B3FF02F09DF9FFF7C7F817F0CEFB0CF079
:101CB00033FBFCF723FE0BF07FFBF4F769FABDE87A
:101CC000084003F0C9B900BF6C3000209E490020D5
:101CD00008B5EBF77BFBFF2803D0094B1B78012BE2
:101CE00006D9002009F022FDFCF73AFC08F0C2FDFD
:101CF000FBF78AFF02F074F9BDE8084003F0ACB9C5
:101D00009E490020064B1878112806D000F0FD00EF
:101D1000A0F141035842584170470120704700BF6D
:101D2000533E00202DE9F0410446FCF7C1FB18B1F9
:101D300000263046BDE8F0811D4B1B78033B012B8C
:101D400009D81C4BB3F8E4104FF6FF739942EFD05B
:101D5000204617F00EF8184B022120461A88FCF78F
:101D60004FFD06460028E3D0204617F0CBF890F848
:101D700007800546043011F058FC074614F04EFE6B
:101D8000414602463846FCF7ABFBA81C11F04DFC5F
:101D90004FF6FF73984202D12046FFF7ABFA2B783B
:101DA0009B07C6D101212046FFF7C6FEC1E700BF51
:101DB000543E0020282F0020FA3B00202DE9F04F50
:101DC000002585B00746039517F09CF806460430B9
:101DD00011F02BFC8046B01C11F027FC3378044630
:101DE0004046009308F054FA82464046FAF77EFCDB
:101DF0003378BAF1FF0F0CBF83464FF0010B9A07FF
:101E00000AD114F00BFE404514BFD9464FF001092A
:101E1000B3791BB90320B8E0A946F9E714F0FEFD39
:101E2000A04205D114F0FAFD0446994B1B7836E028
:101E3000984B1B78052BF8D0033B012B03D8964B0E
:101E4000B3F8E440F1E7204616F03CFC737840B369
:101E500013F00402DFF838820BD198F800301A44EE
:101E600021463846D2B2FFF781FE0028D2D00020AA
:101E70008BE0384617F093F8014605463846FAF7E6
:101E800091F8421C52002946384602F0FE0215F035
:101E9000D2FA737823F00403737098F800300022AC
:101EA000DDE75B0726D5384617F079F80146064688
:101EB0003846FAF777F8824606F101095FFA89F9A0
:101EC00049463846FAF76EF8DFF8C481BAF1000FD8
:101ED00001D0FF2805D1002249463846FAF776F8A6
:101EE000DBE7B11C01EB4001C9B2384614F0BEFB80
:101EF0000446D2E7204603AA02A916F076FD05465D
:101F0000B9F1000F49D0009B03F0C003802B0ED124
:101F1000FF2320468DF809300CF016FAFF281BD05D
:101F20000DF109020DF10A010CF00CFC14E0402B3C
:101F300033D19DF8083083B3FF2320468DF8093054
:101F40000CF002FAFF2807D00DF109020DF10A0189
:101F50000CF0F8FB2D281BD13378404603F03F03EB
:101F6000337016F0AFFB10B914F058FD80464246AE
:101F70000021204608F09EFF00283FF44BAFC82206
:101F8000072138460BF050FA012005B0BDE8F08F6C
:101F90009DF80930FF2BDFD12546039838B99DF80D
:101FA0000820002A62D13A4B2C461B7857E709F0EB
:101FB00081FB039AFF280346127908D1CDE900205E
:101FC00040F2BF113548E6F759FDDDE90023B9F1CC
:101FD000000FE4D002F03002102A0AD0202ADED10D
:101FE000BBF1000F24D05146184609F093FD00289C
:101FF000D5D1DFF8AC9099F80030012B45D02046C0
:1020000011F09AFA28B92A4621464046F37916F08B
:102010006FFCA54212D1039A137923F00C031371BC
:102020009DF80830ABB92C46194B1B78302216E7C7
:10203000039B1B7913F00C0FDBD1B0E799F800304C
:10204000022BE8D0039A137923F00C0343F0040326
:10205000E5E70121204614F0DFFF20B920460CF00F
:1020600073F9FF280FD00A4B1B78DFE701212046C8
:1020700014F0D2FF00287FF4D8AE20460CF064F9AB
:10208000FF287FF4D2AE02207FE7A542D9E700BF48
:10209000FA3B0020543E0020282F00200CD60300DD
:1020A000F93E002010F0FD0303BF024A10701846ED
:1020B00021207047E849002038B50D4B04461B78B5
:1020C0000D46033B012B0FD900F108039BB2012BF6
:1020D0000CD814F0A3FC29460246204608F0EAFE7C
:1020E00080F00100C0B238BD0120FCE70220FAE711
:1020F000543E00202DE9F041064610460D4616F0EC
:102100008CFFA0F11004E7B256FA84F42146EA1BD2
:1021100004F10E0017F0BDFC2823DFF84480F355CE
:1021200098F80030637301F06DFF611C02460120D6
:1021300011F081FA08220949601D17F0AAFC98F8ED
:10214000000016F0D9F805F10E0130463B4600229A
:10215000C9B202F003F81220BDE8F081CF3E0020A2
:102160004E3E00202DE9F04F89B0044616F0CAFE1D
:102170000546204616F029FE0746281D11F055FA9F
:102180008146A81C11F051FA8246384695F807B0EE
:1021900016F098FA2B780390990769D1214604200C
:1021A00002F0EAF8002863D0204616F036FF014618
:1021B0002046F9F7F7FE82075AD1204616F02DFF88
:1021C00001462046F9F7EEFE10F0030304934FD1C9
:1021D0002046FFF719FD00284AD0204616F0EFFFF1
:1021E00000F1010806462046F9F7D4FC5FFA88F8AA
:1021F00008F10A03834280F2A180524A06AB1068BC
:10220000516803C3B11CC9B22046F9F7CBFE414661
:1022100005902046F9F7C6FE059B06F10B0100EB81
:1022200003201FFA80F8C9B22046F9F7BBFE049BD1
:10223000F21C2146D2B20590009306A80823F9F7B4
:1022400075FE204616F0C1FD4146059A0DF000F8D6
:102250000122404606A901F0A7FB00286ED102200A
:102260000BF0BAFF013003D1404606A9EBF7E4F8C2
:1022700014F0D4FB48453A46594608D114F0FAFE0A
:1022800000285BD109B0BDE8F04F01F083BB4846A0
:1022900014F0F0FE002851D12B4B1B781BB93946A6
:1022A000484615F0E2F83A4659464846FCF718F910
:1022B000002843D0297811F0030102D12046FFF70E
:1022C0003BFCAB79002B39D0204B1B78033B012B17
:1022D00034D96B78DB070DD550462E7A16F0B3F85B
:1022E00008B3F30803F01C0326F01F06334343F042
:1022F00001032B724FF6FF71204616F03AFD039B47
:10230000D3B910F054FB00F03F0202212046FCF745
:1023100077FA4FF6FF739A4510D1204609B0BDE811
:10232000F04FFEF7E7BF06F01C031C2BE2D0042B96
:1023300004D9043E2E72DDE70022E6E709B0BDE8CD
:10234000F08F00BF48D203004A3E0020543E0020D8
:1023500038B5144D2B78023B012B20D8124B1B783B
:10236000033B012B01D9022038BD0CF0D5FA0446FD
:102370000028F8D1FEF742FC2B78032B07D1234627
:10238000FF2221460120FCF791FF0120ECE72146C6
:102390002046F8F735FD003818BF0120E4E7172084
:1023A000E2E700BF533E0020543E00202DE9F043F9
:1023B00085B004460E46174616F0A1FC0C282046B0
:1023C0007FD116F09FFD09220021F8F77BFC00F178
:1023D00010010546C9B22046F9F7E4FD042857D09C
:1023E00006D8012815D0022822D005B0BDE8F08318
:1023F0007C28FAD12046F9F7CDFB05462046F9F7AF
:10240000ADFB02463046E9B205B0BDE8F04310F03E
:10241000E6BA46B91321204614F028F905B0BDE804
:10242000F04314F024BB05B0BDE8F043FCF7A0BDB9
:102430009F4B1B78013B012BD7D805F11301204698
:10244000C9B2F9F7AFFD074696B988B905F1110190
:102450002046C9B214F00AF90546214615F0FBFEE4
:102460003A462946102005B0BDE8F04310F067BA9F
:102470000025082321460DEB030015220095F9F7EE
:1024800055FD284602A907F0D3FE16F0A6F9ACE7E1
:10249000884B1B78022BA8D146B9FEF7C5FCC207B2
:1024A0000AD5FEF757FC002F08BF3F26304605B07F
:1024B000BDE8F04310F09FBAFEF79CFC0028F0D076
:1024C000F1E716F01FFD8046043011F0AEF8074624
:1024D00008F1020011F0A9F84FF6F773984205468B
:1024E0000CD8754A138801339BB213800BB9734A19
:1024F00013801EB1714A13880133138098F800903D
:1025000009F00309B9F1010F40F08380204616F06D
:1025100084FD01462046F9F745FD043809283FF6B9
:1025200064AF01A353F820F051250200EB23020011
:10253000EB23020075250200EB230200EB230200CF
:10254000EB2302005D250200EB2302005D25020063
:10255000204605B0BDE8F043FFF7BAB9544B1B78ED
:10256000042B7FF442AF0021084605B0BDE8F043DC
:10257000F8F746BC4E4B1B78013B012B3FF635AFBD
:10258000404616F080FD00274D4B01465B898DF8D3
:102590000A70ADF8083000283FF427AF384607F03E
:1025A00047FE0546204616F038FD421C032321460F
:1025B0000097D2B202A8F9F7B9FC9DF80A30E6B943
:1025C0003C4A1278022A18D1BBB9FF2DBDF8084049
:1025D0000AD03C4A214632F81530284623F480635D
:1025E00022F8153016F0D9F8204616F0DFF900224F
:1025F0002146102010F0A3F9F7E6022B3FF4F5AEC8
:102600002BB9304B33F815305B053FF5EEAE28465D
:102610003BE7B9F1000F7FF4E8AE3146204604F005
:10262000ABF8002E3FF4E1AE4FF6F7739D423FF654
:10263000DCAE98F80160284616F0040620D116F0AA
:1026400002FA044628467CB116F026F80346F0B993
:102650000C2200902946384615F065F80C2200231C
:1026600039462846009308E016F016F80346B8B934
:10267000154A009012782946384615F054F8B4E609
:1026800016F00AF8034678B90B220090F3E7062209
:10269000334629463846009615F045F80622DEE70F
:1026A000234600940622E6E74B46CDF80090F9E772
:1026B000543E0020533E0020883B0020863B0020F3
:1026C00001D503003C3B0020E84900202DE9F04FF4
:1026D00005888BB00446284616F014FC804604306A
:1026E00010F0A3FF074608F1020010F09EFF05A9B5
:1026F0000190284616F0D4FC284616F08EFC0146C0
:1027000006462846F9F74EFC98F80030029003F090
:102710000303012B0CBF82464FF0FF0A0FF078FB3A
:10272000B4F806B0814614F079F998F807300090B3
:102730003846039301F066F8002838D1019801F07B
:1027400061F8002849D1FCF79DF9A9EB0B0B1FFAA2
:102750008BFB8146F9F746FF002844D1FFF7D2FAF8
:10276000002840D1A14B1B78033B012B42D8BAF182
:10277000060F00F0BE80BAF1040F00F0BA80FFF738
:10278000C1FA20B1029B03F00303012B32D0F9F709
:1027900089FE28B9964B1B7803F00F03062B6FD1E7
:1027A000944B2846B3F8E41016F0E3FA22E02846EA
:1027B00016F0A8FB023010F038FF4FF6F77398427E
:1027C00006D9039B23B92846FFF71EFA0028B5D186
:1027D000A37823F00F03A37054E0019815F072FF63
:1027E0000028B0D1F4E7A9F104095FFA89F9B9F139
:1027F000020FB7D8BAF1010F40F0A280284616F0B8
:10280000A2FA4FF6FF7398426AD100233146284658
:1028100007AA16F02EF880460028D9D042799DF8F4
:102820002530934209D9711D2846C9B2F9F7CEFB6C
:10283000A37823F00F030233A37010F0B8F87E23BF
:10284000B0FBF3F202FB130303F58073A3809DF842
:10285000263013F0180F0BD0A378190708D1009B6E
:10286000BB4205D0384698F8052005A910F0CBF8F2
:102870009DF82700003818BF01200BB0BDE8F08F8D
:102880002823A3800020F8E7584B1B78033B012B3B
:102890005FD940F6B8339B459AD810F088F8FF23EB
:1028A0008DF81330002300F03F00C0F5FA70A080CF
:1028B00007A90DF113008DF81C30FBF783FE0546C8
:1028C00098F80710384614F0C9FB002D80D09DF809
:1028D0001C20013A032A7BD8DFE802F0807A697D68
:1028E0004FF6F773019A9A4224D898F80130DA0724
:1028F00020D4284616F027FA14F01CF8012808BF47
:102900003D4BA27809BF1B78FA2303EB830303EB4B
:10291000830302BF9B00FA339BB212097FF458AFC6
:102920005B45FFF455AF10F042F800F01F00103087
:10293000A08053E02D4B1B78033B012BA9D8D8E78F
:102940004FF6F773019A9A429ED898F80130DB0748
:102950009AD4BAF1020F53D10123314607AA28466F
:1029600015F087FF074614F059F8BDF82230984259
:1029700036D1002F3FF42CAF01227B883146284608
:1029800008F01CFC1D4A13780133DBB288F80730CD
:1029900013707B88BDF81E209A421FBFA37823F0D6
:1029A0000F030233A3704FF4C873A38016E0009B9B
:1029B000BB4213D000283FF40BAF426801323FF412
:1029C00007AFC2789DF813309A42BFF401AF05E01B
:1029D000009BBB4202D0A2781209EBD101204CE748
:1029E000184615F06FFE0028C3D182E7543E002040
:1029F000533E0020282F0020B3490020513E0020E4
:102A0000BAF1030F7FF475AF009BBB427FF471AF47
:102A1000711C2846C9B2F9F7C5FA0C287FF469AFD2
:102A2000FBF774FB4FF6FF73984201463FF461AF2A
:102A3000284616F09EF95CE72DE9F341044600882C
:102A400016F060FA0546043010F0EFFD0646A81CAB
:102A500010F0EBFD07460FF0DBF905463046B4F801
:102A6000068000F0CFFE064648B9384600F0CAFEA0
:102A700058B9194AA3781278033A012A0BD8A378D7
:102A8000002623F00F03A37021E0384615F01AFE4C
:102A90000028EED1F3E71B09F1D1A5EB0805ADB293
:102AA000B5F5C86FEBD80DF10301384601AA0193C3
:102AB00015F09BFF9DF80350014645B94FF6FF7393
:102AC000984204D00126208816F053F9A58030469C
:102AD00002B0BDE8F08100BF543E00202DE9F04176
:102AE00005460C4616F00BF9082802D10120BDE876
:102AF000F081201D10F099FD0646284694F80780C5
:102B000016F063F90746284616F0EFF8010612D5CD
:102B1000184B1B78042B0ED1174B1B78022B0AD1B4
:102B2000164BB3F8E4204FF6FF739A4203D000210E
:102B30000846F8F765F9124B1B78002BD6D1A01C7C
:102B400010F073FD4FF6F773984202D86378DA07F6
:102B50000DD523789B070AD13A464146304614F0FA
:102B600089FA80F00100C0B200F00100BFE7012047
:102B7000FAE700BF543E0020533E0020282F0020DB
:102B8000FB3E00202DE9F04F9BB0044616F0B7F84D
:102B90000546204616F0B3F8082851D1102200212E
:102BA000204614F048FC2046F8F7D8FF054620469A
:102BB000F8F7F0FFC1B2284614F019F9ADF84A4011
:102BC0008DF8490048B92046F8F7C8FF01460DF1D5
:102BD0004900FAF735FA8DF8480048F20103BDF8CC
:102BE00048209A4202D12046F3F734FE9DF849303E
:102BF000402B05D12046F3F72DFE1BB0BDE8F08F2A
:102C0000802B17D015A806F045FEBDF84A009DF8A8
:102C100048509DF84960F8F7BDFF0446BDF84A00EA
:102C2000F8F79CFF31460090E3B2284615AA0FF052
:102C30000AFFE2E712A80CF039FD0028E2D0DCE739
:102C4000204616F0AFF8B0F5006F40F00081204646
:102C500016F0BBF80646042D40F0FC80204616F026
:102C600044F880F40060C0F3C020002231464000E8
:102C70000FF065FE924B1A78022A0DD0FFF742F84A
:102C800050B902F0FD03312B06D0043A012A03D9D2
:102C90008C4B1B78002BB0D02146022001F06CFB3E
:102CA00004900028A9D02046ADF83E4016F02AF93D
:102CB0000446BDF83E0016F088F80546201D10F0C9
:102CC000B4FCA31C83461846029310F0AEFC10A976
:102CD0000746BDF83E0016F0E3F963780590BDF8AD
:102CE0003E0094F80080079316F097F96378064643
:102CF00008F0030828460A93F9F7F8FCB8F1010F29
:102D00000CBF032302230C936F4B08BF4FF00B093A
:102D10001D80237818BF4FF00A0903F03C03082BED
:102D20000B907FF46AAFBDF83E00F8F733FFB04276
:102D30007FF663AFB8F1010F03D0237898077FF4D3
:102D40005CAF624BB3F8E430AB420DD1604A614BEB
:102D5000B2F9001093F90030002900F0A08001EBD7
:102D60000313A3EB21131380A6F11003DBB2069328
:102D70008DF83D3010224846BDF83E100DF13D0360
:102D80000FF0CBFB00283FF438AF079B13F0020392
:102D9000089300F00981504B1B78002B3FF42DAFB6
:102DA000BDF83E90484616F038F900238246484662
:102DB000CDE915331793ADF8603016F006F80AF137
:102DC0000E01029089B2484616F0FAF8002870D039
:102DD000002352464946009315A80E23F9F7A6F89A
:102DE00001200DF1550110F034FC9DF8613009907F
:102DF00003939DF85430282B5BD10DF15900F9F75E
:102E0000F7FF0D90002854D1039815F075FA0D9B2B
:102E1000002867D1314B039A1B78D31A190648D47E
:102E200004F042FD01283CD10EF0F7FF2C4E054680
:102E3000346824B104F044FD2C1B844239D30023B0
:102E4000FF2219461846FCF731FA356031E04FF69B
:102E5000FD7600E74FF6FF70301A18BF0120002200
:102E6000314640000FF06BFD0C2D0DD121460120A5
:102E700001F082FA00283FF4C0AE214600201BB0CA
:102E8000BDE8F04FFDF736B82DB920461BB0BDE8C0
:102E9000F04FFDF7E1BC042D7FF4AFAEEAE61B0274
:102EA00061E704F001FD022803D104F0DFFC0028F3
:102EB000BAD00022192002990FF041FD9DE600BF13
:102EC000533E0020FB3E0020183C0020282F00200D
:102ED000EA3B0020F73E00204F3E00204E3E0020FF
:102EE000BC3000200122102100924846524614F0C6
:102EF0000EFF0028DDD0BD4B039A1B78934240F0B3
:102F0000A88002990DF1590212A8F9F7D7FB012107
:102F100012A8F9F74FFC824648F2030112A8F9F70C
:102F200055FDBAF1000F03D0082112A810F0E7FAFE
:102F3000484616F087F802990DF15900FBF786F91B
:102F4000FE288246B5D0FF280AD1029813F0EAFF86
:102F5000FF28824600F085800DF15901FAF78CFFB9
:102F6000A24B039A1B78934200F0A1805046099926
:102F7000FBF752F900283FF440AE50460999FBF7A1
:102F80005DF923789A070FD1484616F046F80146B6
:102F90004846F9F707F800F00300012804D1029829
:102FA0000DF15901EAF748FABDF83E0015F09DFE13
:102FB000030440F18380204610F037FB40F4007199
:102FC00089B2204610F033FB00224FF40041BDF8D7
:102FD0003E0015F07BFEDDF810901022BDF83E108B
:102FE0000C980DF13D030FF098FA00283FF405AE60
:102FF000032866D1204610F018FB40F4007189B216
:10300000204610F014FB284615F05CFB002840F029
:10301000B780DDF81090B8F1010F40F0B7800320C1
:10302000BDF83E1001F0A8F9002840F0AF8031460D
:10303000BDF83E00F8F7B6FF0F2801467FF6DDAD7C
:103040004FF6F7739F423FF6D8AD284614F057FA73
:10305000D3E50120039903F051FD00287FF451AF1F
:1030600027E7237803F00303012B08D1484615F026
:10307000D4FF01464846F8F795FF082894D05C4BEA
:103080001A785C4B1B789A4209D20DF159010298CB
:10309000FAF780FE029813F045FF824660E7A01C15
:1030A00010F0C3FA4FF6F7739842EED901E7504695
:1030B000FBF73CF900283FF459AF5EE74FF00009F9
:1030C0008BE7284615F0FEFA0028A4D0089B002BB9
:1030D00058D1B9F1000F53D1B8F1010FBDF83E003E
:1030E0009DD03146F8F75EFF8246DFF8189199F8D7
:1030F0000030002B55D013F091FC87427FF47DAD5A
:10310000B8F1010F40F08680BAF1070F7CD8BAF110
:10311000050F7FF672AD384B1B78022B02D0043BB3
:10312000012B03D899F80030002B41D00A9B980658
:1031300040F1BF800B9B002B40F0B780284607F082
:10314000A7F8FF2840F0B1805D457FF456AD059BA0
:10315000002B00F0A88010AB46F204020124ADF869
:1031600054200193214602232846009415AA15F005
:1031700030FF00283FF441AD214613F021FE3CE52D
:10318000DDF81090284607F073FE44E73146BDF89D
:103190003E00F8F707FF089B824613B9B9F1000F0C
:1031A000A3D0154B1B78022B02D0043B012BBDD8BA
:1031B000284600F027FB814600287FF41EAD13F05F
:1031C0002DFC854230D10D4B1B78033B012B27D8BA
:1031D0000B4BB3F8E44013F021FC4B4601460D22A3
:1031E0002046CDF8009014F09EFA06E54E3E0020F1
:1031F0004D3E0020B4490020533E0020543E0020A4
:10320000282F00204F3E0020AAF10E03DBB2012B35
:1032100081D9F2E40AF00303012B7FF4EEAC7AE7E4
:10322000012000F08DFBE8E4284615F04BFA58B970
:1032300013F011FC4FF6FF73984205D009F070FDB2
:1032400010B92846FAF74CFD284615F03BFA88B12C
:1032500013F001FC4FF6FF7398420BD009F060FDAC
:1032600040B9B8F1010F02D1BAF1060F02D02846D9
:1032700007F062FB059BA3B919460122584600F0EE
:1032800093FB814600287FF4B8AC204615F0FBFE86
:103290004A460146384600F087FB00283FF446AF17
:1032A000ABE410A9E9E7059B56E7637823F0200318
:1032B00063704FF6FC739F4275D1B94B1B78033B8B
:1032C000012B7FF69AACA3790BB1013BA371637814
:1032D000590727D50023584615AA12A9159315F0AA
:1032E00084FB1598F0B108F0E5F98146384606F000
:1032F000CFFF159A0146137903F03000102806D04D
:1033000003F00C0008281CBF23F00C031371137981
:1033100003F03303202B05D1FF2903D001224846B7
:1033200008F0C0FB284606F0B3FFFF281EBF0022AE
:103330009C4B43F82020079B03F001094FF6F773DD
:103340009F4200F20781B9F1000F40F0DD8029466D
:10335000584614F08AF813F061FB874200F00881A8
:10336000384615F0AFF900284AD0B8F1010F30D136
:10337000BAF1010F20D14A463146BDF83E0007F0B0
:1033800079FF384615F09EF9874B1B78002B6DD1DD
:10339000584615F097F9002865D1384615F092F98E
:1033A000002860D129E44FF6FD739F428BD17C4BFE
:1033B0001B78042B87D120E4384615F083F950B3ED
:1033C000BAF1030F27D13146BDF83E0014F0E3F9FE
:1033D00013E4384615F076F9384615F05DF9002803
:1033E0003DD0002339465846BDF83E2001F046FB4B
:1033F000A8B30021BDF83E00FEF79EFBFFF7FDBB22
:10340000384615F05FF918B1B8F1010FD8D0E3E7ED
:10341000B8F1010FE0D1644B1B78002BB8D0BAF1A2
:10342000050F23D113F0FAFA8DF8540013F0F6FAD1
:10343000000A8DF855000123022215A90DF13E0066
:10344000F8F7E2FC00287FF4D8AB711CBDF83E0011
:10345000C9B2F8F795FD03780133037006E0524BCB
:103460001B78002B94D0B8F1010FD8D063785A079D
:103470000CD5BDF83E40204615F091FD411CC9B267
:103480002046F8F77DFD0378013B0370444B1B7821
:10349000033B012B30D8B8F1010F06D1BAF1050F6B
:1034A0001FD113F0BBFA834522D1BDF83E00FEF7D1
:1034B00085FC02281CD10021584615AA08F046FABE
:1034C00030B10379458003F03C0343F040030371BE
:1034D0000023364A009339465846127814F023F9EF
:1034E00006E0BDF83E00FEF769FCBAF1030FE0D13B
:1034F000002239461C20DFE4BDF83E00FEF75EFCEA
:10350000B8F1010FD5D1F0E7B8F1010F40F0B0806C
:103510000AF1FF330C2B00F29F8001A252F823F036
:103520007B3502007B350200C73302009135020073
:10353000B1350200D5350200F7350200073602002A
:103540001D3602001D3602002936020041360200F7
:103550004D360200B8F1010F00F09180B9F1000F73
:1035600040F08680BDF83E00FEF7FCFDFFF745BB4E
:10357000B8F1010F7FF43DAFCAE7AAF102035A4246
:103580003146BDF83E005A4107F074FEFFF735BBE7
:1035900032465846BDF83E10FEF7BCF8FFF72DBB8B
:1035A000543E0020A4290020BA490020E849002008
:1035B000711CBDF83E00C9B2F8F7F4FC0236F6B251
:1035C0000246BDF83E305846009610A90BF00CF8A4
:1035D000FFF713BB3B4B1B78013B012B3FF60DABB9
:1035E000069B0121009300202346BDF83E2013F0E6
:1035F000B1FDFFF702BB0120069ABDF83E10FCF7B3
:103600005BFBFFF7FABABDF83E0006F099FFFFF743
:10361000F4BABDF83E00FEF701FAA3E7BDF83E009C
:10362000FEF7FCF9FFF7E9BA264B1B78013B012BAB
:103630003FF6E3AABDF83E00FDF7DAFCFFF7DDBA7E
:10364000BDF83E00FDF724FDFFF7D7BABDF83E00F8
:103650000AF0C2F9FFF7D1BA334622465046BDF808
:103660003E100FF05DFF00287FF4C7AA5146ECE43E
:10367000237A03F00303012B7FF4BFAA72E70AF158
:10368000FF330C2B3FF6B9AA01A252F823F000BF7A
:103690007B3502007B350200C73302009135020002
:1036A000B1350200D5350200F735020007360200B9
:1036B000133602001336020029360200413602009A
:1036C0004D360200543E002010B50021114812F082
:1036D000E7FE0446E8B115F0A1FB0F4B1870204639
:1036E00015F0A1FB0D4B1870204615F0A2FB0C4BFA
:1036F0001870204615F0A2FB0A4B186001200EF04E
:10370000A2FB2046FFF73EFABDE8104000200EF075
:103710009ABB10BDCC3B0020F83E0020F73E0020B5
:10372000F63E0020B4300020014B1860704700BF07
:10373000B830002070B5164E044633680D46E3B12C
:1037400015F0DDFA0C2818D1204615F0DBFB092214
:1037500000210446F7F7B6FA235C042B0DD10D4B7C
:103760001B78033B012B08D80B4C25B10B4B22785F
:103770001B789A4203D300232370002070BD0848B1
:103780003168F8F751FC2378012001332370F5E705
:10379000B8300020543E0020FA3E0020E7490020C7
:1037A000E447002070B50024124D2C70E9F7AAFC04
:1037B000E6B2B04212D8104B1B78013B012B04D863
:1037C00000214FF6FF70FBF723FE00220B4B1A700F
:1037D0000B4B198801B11A80012070BD304606F0EC
:1037E000E7FDC30748BF2B7804F1010444BF013350
:1037F0002B70DBE74C3E0020543E0020433E00206F
:10380000823B002038B50B4B05461B7873B1013362
:103810005C08094B1888F8F7A1F9002330F8132049
:10382000AA4205D00133DAB2A242F7D3002038BD54
:103830000120FCE7433E0020823B002030B50546D6
:1038400085B008460C4614F0FEFEFF280CD013F09D
:10385000D2FE012200210346CDE901120092214649
:103860002A460720FBF78EF9284606F011FDFF28AF
:1038700004460FD006F09CFDC2070DD5204606F089
:1038800097FD830708D40B4A32F8143043F4806361
:1038900022F8143005B030BD13F0ADFE0122002136
:1038A0000346CDE90112009207202A46FBF76AF988
:1038B000F0E700BF3C3B00204FF6FA72431E9BB27C
:1038C000934270B504462AD8FFF79CFF38BB194BCA
:1038D0001B78042B23D0204613F024FBFF2801D0B3
:1038E000FAF72EF9204615F059F808B107F0F8FE5E
:1038F0002046114E04F058FA20460FF082F8317835
:103900000E4D69B12888F8F729F9054601461E22AF
:10391000023016F0BEF82C8033781E2B07D970BD0C
:103920002020F8F7E1F928800028EBD1F7E70233EF
:103930003370F4E7543E0020433E0020823B0020D9
:1039400037B5134B05461B78022B1FD113F066F8D1
:10395000044613F063F8FFF7AFFF13F04CFE13F0CB
:1039600069F8002013F023FC40F607400FF075F8CB
:103970003DB100230D2221464FF6FD70009313F058
:10398000D2FE03B0BDE8304004F04ABF03B030BD02
:10399000543E0020034B1B7813B90120FFF7D0BF22
:1039A000704700BF4A3E0020F7B504460D46174653
:1039B00013F034F80646002D47D04FF6FB739C42B7
:1039C00043D82046FFF71EFF30B1A64204D1204B5A
:1039D0001B78033B012B38D92046FFF713FF10B1AA
:1039E000012003B0F0BD2046F2F778FCC0B1A6423A
:1039F000F6D00CB369462046F9F764F90246D8B907
:103A00000821684612F04DFFB0B9082269462846E1
:103A100016F02FF880B12946204613F01CFEDFE790
:103A2000A642E6D12846F9F7E3F928B90120FFF7C5
:103A300087FF06F011FFD3E73FB121462846FAF78A
:103A400039FA2146284604F0CBF90020C9E700BF27
:103A5000543E0020044A13782BB1013BDBB21370B3
:103A60000BB9024A13807047433E0020823B00207E
:103A70000148F7F799BE00BF823B00202DE9F047CF
:103A8000804617460D468CB061B903AE00211B4835
:103A900012F094FC4FF000090446DFF860A01CB956
:103AA00020461DE00E46F1E7002221463046242341
:103AB000CDF80090F8F73AFA08224146304615F062
:103AC000D8FFA8B9337C9BB96FB945B92A462146BE
:103AD0000A4812F004FD0A4A1388013B13800120B2
:103AE0000CB0BDE8F0873B88B28953405B06ECD54B
:103AF0002146504612F0B8FC0446D0E7003C0020B6
:103B0000FE3B0020024B1888003818BF0120704788
:103B1000FE3B002070B500252C460D4B8EB01E8854
:103B2000EBB2B34201D30EB070BD09A80EF0C0FFD6
:103B3000204605AB01AA09A90FF08DFC28B9322156
:103B40000AA813F0D3FF0135EAE70134E4B2FAE73B
:103B5000FE3B002040232DE9F04397B0074611A813
:103B60008946ADF80E300EF0A3FF02238DF84430E5
:103B7000002304AE3146384604937360F9F7A2F887
:103B80000546002840F08A8038460FF0D5FC804674
:103B900012F044FF0446002840F0B08099F801304C
:103BA000042B40F0AE80E9F7B9FA022879D1E9F7A1
:103BB000B5FA022840F0818096E8030003238DF8CF
:103BC000443012AB83E803009DF85130002143F0EC
:103BD000060310220DA88DF8513015F074FF0DA9C1
:103BE00011A80FF0ADFABDF8463009A943F004035F
:103BF00011A8ADF846300FF002FB102209F10A01BE
:103C000009A815F036FF0546002872D1E9F786FAB3
:103C1000022806D13146FF200DAA0FF0BEFA002877
:103C20006AD134240025E9F779FA022808D19DF8F1
:103C300051301B0704D430460DF10E0113F02DFF57
:103C40002146304613F052FF10238DF8183004231C
:103C50008DF81A303346002203CBCDF81B00CDF887
:103C60001F1006A80B218DF8195012F090FB024688
:103C700038B1002D14BF012303233146384603F029
:103C800079F8B8F1000F09D0342C07D106A83246D4
:103C90003946F8F713FD06A80FF034FC17B0BDE85D
:103CA000F083234621463046009411AA01F06EFEAF
:103CB00000283FF47CAFAD25C6E7E9F72FFA0128CD
:103CC00091D1114B1B6803F08403842B8BD196E8B0
:103CD000030002238DF844301023ADF8463012ABB8
:103CE00083E803009DF8513043F002038DF8513012
:103CF00079E73324AD2596E7052494E72C46A325E0
:103D0000A2E7AA25A0E700BF7C2B00202DE9F04305
:103D100036488DB0F8F724FA0EF07FF8344D2B6852
:103D2000C41A4FF47A73B4FBF3F4A4B214B10EF0D6
:103D300074F828602F4F4FF6FF763B88DFF8B88085
:103D4000ADF80A3000233B8000210DF10A0012F08B
:103D5000A7FB054658B9284B1B882BB14FF47A7145
:103D600022487143F8F760F90DB0BDE8F0834FF0D9
:103D7000000924234A462946CDF8009003A8F8F705
:103D8000D5F8BDF81A30A34294BFDB1A1B1B9BB2B7
:103D9000ADF81A30CBB912F041FEBDF8183003F07F
:103DA0004003184380B218B9322103A80EF051FE27
:103DB000BDF818301B0602D508980FF06AF9B8F85C
:103DC0000030013BA8F80030BEE79E4228BF1E46E7
:103DD00001234A462946009303A82423F8F7A6F8AE
:103DE0004A462946384612F0EFFAADE7882A002005
:103DF000C0300020003C0020FE3B0020F0B504460F
:103E0000304A8DB01068516801AB03C3A378012B11
:103E100054D1162200210DF11A0015F054FED4F8E9
:103E20002110D4F81D0003AB03C32388190644BF37
:103E300062680892DA050BD5221D08AE04F114075A
:103E4000354610685168083203C5BA422E46F7D18C
:103E5000ADF8183013F0040318BFA3690593E9F710
:103E600081F90023ADF81A008DF81C3012F0D6FD50
:103E7000E0B906A903A813F010FE0022242103A82C
:103E800012F085FA0446D8B10020FFF73FFF002268
:103E900021460D4812F098FA0C4A0020138801338D
:103EA0001380FFF733FF00200DB0F0BD082201A9F9
:103EB00003A815F0DEFD0028DFD0DAE70220F3E7E3
:103EC0001920F1E748D20300003C0020FE3B00200F
:103ED000F7B5044600200E46FFF718FF104B1B886D
:103EE000A34202D8212003B0F0BD00210D4812F0FA
:103EF00065FA002501460B4F0029F3D0A54208D1F1
:103F000000243046242322460094F8F70FF8204678
:103F1000E9E7384612F0A8FA01350146ECE700BFA0
:103F2000FE3B0020003C00200148F7F73DBC00BFED
:103F3000003C0020014B1888704700BFFE3B00206A
:103F400030B5154A8DB051680546106801AB03C302
:103F500007A80EF0ADFDDDE90101032308AC84E8FC
:103F600003008DF81C309DF8293003A943F00203AB
:103F700007A88DF829300FF0E3F810B12D200DB00F
:103F800030BD23462868696803C303A907A80FF05A
:103F9000B8F80028F3D0F1E748D2030070B50C461A
:103FA00011460E4A23781278064613F0200542EA9D
:103FB0000302227018BF611D082215F06AFD002D52
:103FC0000CBF05200D20D4F80130B3602378337383
:103FD00003F01803082B08BF013070BD4F3E0020CE
:103FE000042307B51A460DEB03010120F8F732F957
:103FF000019B034A1B03136003B05DF804FB00BF81
:104000006C2B002010B5064C2368C3F30B0313B9C7
:1040100004200DF077FF2068431C236010BD00BF13
:104020006C2B0020014B1868704700BF6C2B0020E0
:1040300007B50020054B0190186004231A460DEBCC
:104040000301F8F707F903B05DF804FB6C2B0020BF
:104050007FB511230622012001A9F8F7FBF8084BD0
:104060009DF814201A70074B1B780BB1052B05D156
:104070000EF09CFC012007B05DF804FB0020FAE77D
:104080004E3E00204F3E00202DE9F04F0646CBB0BB
:104090008846008801211746F7F7EAFD2E4B3A467D
:1040A0003188ADF8160006A813F0B0FD0DF1280B0D
:1040B0005A464146C419308813F035FDE4B208EB86
:1040C0000003A34208BF044605464FF004091CBF85
:1040D000A4EB0804E4B223465A460121CDE90009C5
:1040E0000BEB050ACDF808B02D1B06A8E9F784FAFA
:1040F000EDB20BEB04030093019523465A4641466B
:10410000308813F03EFD348839462046F7F74AFFE1
:10411000394600F0F8022046F7F758FF01213088B1
:10412000F7F7A6FD01234A46514680B10DF116006E
:10413000F7F76AFE01210446BDF816203088F7F72C
:10414000ABFDB4FA84F040094BB0BDE8F08F3046C7
:10415000F7F75AFE0446F4E7CF3E00202DE9F04F72
:10416000C9B0044688469246C118224A04A81F4690
:10417000FFF714FF4FF00409C519EDB208AB029325
:10418000A5EB0A0BA8EB0A035FFA8BFBA8EB05066D
:10419000DBB2F6B204EB0A02009301215B46CDF8D4
:1041A000049004A8E9F728FA06F590730DEB0302D2
:1041B0005A44A2F58072136808A844F80830E35DF9
:1041C000324623F00703E3552C44214615F08DFCBD
:1041D00008ABCDE9019308AA00230121009604A8A9
:1041E000E9F70AFA3246204608A915F07EFC49B0E4
:1041F000BDE8F08FCF3E0020F8B5064614F0DFFF93
:10420000811C054689B2304614F0DAFEE8B1294631
:104210003046F7F7C7FE1228074616D80C4B691C24
:104220001C5CC9B23046F7F7BDFE2C44052FE4B242
:1042300005D1052809D8074B1B5C1C44E4B2214674
:104240003046BDE8F84014F0BBBE0020F8BD00BF0A
:1042500046D5030040D50300F8B5054614F0DDFE51
:104260000446284614F04EFEA11C074689B2284693
:1042700014F0A6FE00283CD021462846F7F792FE0F
:104280000646611C2846C9B2F7F78CFE0F2E30D8BF
:10429000194B9B5DE118731E89B2092B0ED8DFE81C
:1042A00003F009050D0D120D0D181E1EC40644BFA6
:1042B000083189B2820601D5083189B22846BDE8A5
:1042C000F84014F07DBE7B78DB0612D501EB40018F
:1042D000F3E700F01F0000EB40000144EDE71F286A
:1042E00005D8092E0ABF4000022080B2F5E7C82891
:1042F000E4D00020F8BD00BF59D50300F8B506464C
:1043000014F000FE092200210546F6F7DBFC00F15F
:10431000100428460FF089F9E4B2074621463046DA
:10432000F7F740FE05463046F7F734FCBA05A0EB38
:104330000403DBB20AD47C2D0AD0082D0AD8064A21
:10434000505D98428CBF00200120F8BD1220F8E794
:104350000320F6E7FF20F4E76AD50300014B187845
:10436000704700BFE9490020024B00F001001870BF
:1043700000207047E949002038B5114B04461B78EE
:1043800008469BB9012038BDA24205F101050FD1B5
:1043900003EBC1035B6898470028F3D11E20224637
:1043A0004FF6FF710EF0CBFA0020ECE70025054B2D
:1043B000E9B213F83120002AE6D11446EEE700BF37
:1043C000E949002010D50300002313B5ADF80430EF
:1043D000134B984221D10B88DA0702D5232002B073
:1043E00010BD9B0744BF4FF47F43ADF804300D4B25
:1043F0007F221C880DF10600022321460DF084FD6A
:104400004FF6FF73BDF806209A42E7D120460222FC
:1044100001A90DF082FD0020E1E72120DFE700BFC8
:104420001FD1BACA06AD0300002313B50D4903809E
:104430007F220223044609880DF106000DF064FD79
:104440009DF80630BDF806201BB1238843F0010318
:1044500023800020FF2A82BF238843F002032380A9
:1044600002B010BD06AD030030B10368034A13600B
:10447000436800205360704721207047EA490020BC
:10448000034B1B78002B14BF442056200E3070477E
:104490004F3E00202DE9F04F8DB0179C064689460F
:1044A000CDE90223BDF85870D588ADF816103CB997
:1044B000EC0605D500970EF0F0FA0DB0BDE8F08FD0
:1044C000C5F380242B054FEA043448BF44F400644C
:1044D000A80511D544F080040A2E00F26581DFE8BA
:1044E00016F098002F0017003700630163013700B2
:1044F0001000980037009C00E90548BF44F04004D4
:10450000EAE74FF001084FF0020B4FF0000A14E009
:1045100008A95FFA89F013F057FFDDF82500DDF8F0
:10452000291006AB03C3A24B33F81930ADF816308F
:104530004FF00008C3460DF1180A002F5CD125E0AA
:1045400006AA0DF116015FFA89F003F00DFCEFE702
:104550004FF6F773994540F2278115F4026F40F04A
:104560002381944B1B78022B03D0043B012B00F2D8
:104570001D813FBB032E4FF001080CBF4FF00C0B09
:104580004FF0080BBA4624F4C074A4B28A4B1888C2
:104590004FF6FF73984206D08849F8F793FB10B1A5
:1045A00024F48054A4B2039B38460093BDF816202F
:1045B000534644F4027108F01FFDADF82000B0BB73
:1045C00019207AE73846F7F7E5FA0246FFF758FF71
:1045D000032E08BF0138824201DD38206DE7032E2B
:1045E0004FF001080CBF4FF00C0B4FF0080B4FF0D1
:1045F000000A24F4C074A4B2029B1B8893B91A4623
:10460000394606200DF09DFF0028BFD140F601403D
:1046100053E74FF00008C34677E74FF001084FF02B
:10462000030B72E7002339461A460720EAE74FF6E4
:10463000FF73614A118899421CD014F063FC034651
:104640005D4A0430118803930EF0F1FF5C49039B2F
:10465000097814F4805FD9715849574A1FBF086818
:1046600098604868D8604FF6FF7313804FF0FF33AF
:104670000B604B605946029A08A808F081FD00289B
:104680009ED0504C2378002B3CD1A7B13846F7F789
:1046900081FA0746BDF82000F7F77CFA2378074433
:1046A000002B14BF12220022EB1003F00403174466
:1046B0003B44842B91DC15F400570AD0BDF8204010
:1046C000204614F012FB40F4806189B2204614F0B9
:1046D000F7FAA6F10803012B05D801221021BDF835
:1046E000200014F0F3FA179BBDF8204043B3204696
:1046F000BDF8161014F03DFBBDF82030179A0020CD
:104700001380DAE6AA06C0D56B0103F020030A2E57
:1047100014BF43F0010363F07E03DBB2B8F1000F76
:1047200008D000215246009108A800F0B7FE0028EA
:10473000ABD0C2E61A46514608A813F0EBFBF6E7E9
:10474000204614F06AFC21460246179B04200DF017
:10475000F8FE00283FF45AAF0A2E18D84FF4D96358
:10476000F340DB0713D5072E0AD00A2E08D0BDF878
:10477000200012F08AFE80F00100C0B280009CE6AA
:1047800008A80EF0DCFE0028F1D0042095E617B151
:1047900025F04005ADB22B463146BDF820005FFA4A
:1047A00089F201F02BFF88E6012086E6162084E6D8
:1047B000E4360020533E00208A490020EA490020C8
:1047C000063F00204F3E0020F7B50F469DF8281009
:1047D0000446DDE90B061D46F1B94FF6FF739C4216
:1047E0001CBF174B1C804FF000041CBF154B1A70E8
:1047F000BDF8240008F05AFD00232A46CDE9004305
:10480000394606209DF82030FFF744FE10B90EB15E
:10481000AB7A337003B0F0BD78B14FF6FF739C42B2
:104820001FBF074B1C80074B1A70002211F0AFFD11
:1048300004460028DCD11920ECE72120EAE700BF7C
:104840008A490020063F00202DE9F04788469DF860
:104850002810074616461D469DF820A0BDF8249056
:104860000B9839B158B3002211F091FD044610B9EC
:10487000192025E00C464FF6FF739D421FBF114BD8
:104880001D80114B83F800A04FF6F7739E4208D8A5
:104890000E4B4FF6FD761A784FF6FF73002A18BFBD
:1048A0001E46484608F002FD00233A46CDE908437B
:1048B00031464346BDE8F0470320FFF7EBBD21201A
:1048C000BDE8F0878A490020063F00208A3D00208D
:1048D0002DE9F04786B09DF838600546DDE90FA860
:1048E0000C4617469946B6BB374B1B78022B1DD199
:1048F00025BB4FF6F7739C4214D80026484608F0B3
:10490000D5FC00233A46CDE900632146FF23284623
:10491000FFF7C0FD38B9B8F1000F04D0BB7A88F8B2
:10492000003000E0012006B0BDE8F087043B012B19
:10493000DED908460EF000FE10B31DB3022D31D1B2
:10494000E8F7D4FBA042EDD9204B33F814204FF602
:10495000FD739A4219E0BAF1000F32D01A4B1B785E
:10496000022B05D1FFF78CFDB042E6D23820DAE702
:10497000043B012BF6D908460EF0DEFD0028F1D1EC
:104980001620D0E74FF6F7739C42CBD8002EB4D058
:1049900031460022504611F0FAFC06460028ADD1FF
:1049A0001920C0E7012DBDD104AA0DF10E01E0B21E
:1049B00003F0DAF9064B1B78A342B3D9BDF80E20F9
:1049C000C5E72120AFE700BF533E0020E4360020BA
:1049D000AB49002030B5104B87B005460C4618682F
:1049E000596803AA03C298680C4910609A88DB884A
:1049F00052BA23F04003ADF812300023CDE9004352
:104A0000ADF81020FF23098803AA0720ADF80E5047
:104A1000FFF740FD07B030BD0C3C0020183C0020E3
:104A200038B50C461146124A124D108022682A6091
:104A300062686A60A268AA60E288500616D5EA88B1
:104A4000520613D561B10022184611F0A0FC0146B0
:104A500050B16088FFF7BEFF0522074B1A7038BDC2
:104A6000084611F042FEF2E71920F5E70220F6E7CA
:104A7000183C00200C3C0020173F00202DE9F04F8F
:104A8000074689B0104615461C468A4614F0C5FAFA
:104A900001462846F7F786FA0646284614F032FA09
:104AA00004300EF0C2FD804611F0B8FF804550D0B2
:104AB000B2074ED1DFF8AC80284605A9B8F800B09F
:104AC00014F089FB9DF81930A8F8007003BBBDF8FD
:104AD0001430EBB9284614F015FA02300EF0A5FD9B
:104AE0004FF6F773984294BF4FF000094FF0010959
:104AF00001230134E4B22A463846CDF8009005A9D6
:104B0000039303F0FBFE039B40B901339C421ED28A
:104B10000020A8F800B009B0BDE8F08F022CF8D151
:104B2000012BF6D10C4A0D4BA3F800A01378591CA9
:104B300011700B4A7F3B16F00C01137007D1BDF8C2
:104B40001A305B0603D5BDF81600FFF743FF0223BA
:104B5000D1E70020DFE700BF513E00208A49002056
:104B6000063F0020183C00202DE9F04F8BB00F4687
:104B7000ADF81E0014F0C6F900F1020A05465046D1
:104B80000EF053FDBDF81E400646204614F045FACF
:104B900001462046F7F706FA814600F00308281D73
:104BA0000EF043FDB54C208011F038FFB0422DD0FF
:104BB0004FF6F7739E4229D86B78DA0726D4304631
:104BC00013F06AFD30B101233146BDF81E20208864
:104BD000FFF754FF11F022FFA84B1B8883420FD12F
:104BE000BDF81E40204614F018FA01462046F7F79B
:104BF000D9F910F00C0103D1BDF81E0001F0BCFD85
:104C000000229F4B1A600BB0BDE8F08F9D49BDF8A4
:104C10001E0014F0E0FA9C49BDF81E0014F040FAA2
:104C20000028994B08BF0023954ABDF81E00136069
:104C300014F0F4F8954B1870BDF81E0014F0F3F85A
:104C4000934B1870BDF81E0014F0F8F8914B1860E3
:104C500000238DF822305FB38A4BDB889B0627D573
:104C600011F0DCFE10B38C4B1B689E071ED4B8F10C
:104C7000010F14BF082318230DF122020092002215
:104C80000DF11E00114600F009FC88B1B8F1010FCA
:104C9000A0D1824B1B78112B9CD113F0CBFA0028AA
:104CA00098D140F61D40F9F7E7FE93E70823E3E7C4
:104CB00050460EF0BAFC4FF6F773984240F2F2807D
:104CC000B8F1010F00F0FA80B8F1020F00F0638133
:104CD000B8F1000F7FF47EAF6A4DBDF81E00EB887F
:104CE000ADF82400049314F00DF9BDF824600746D4
:104CF000304614F092F901463046F7F753F98DF833
:104D00002300B81C7E780EF090FC074611F086FE5A
:104D100006F00106B4F8009003906C88002E7FF432
:104D200059AF4FF6F77A4246494657458CBF0620A1
:104D300008200DF004FEBDF824B0584614F06DF9BB
:104D400059460246434604200DF0E7FB574583468B
:104D50000AD8B5F90620EB88002A05DB580603D5EA
:104D600041462046FFF736FEBBF1000F3FF432AF5D
:104D70002B88002B58D16B79002B55D14FF6F77348
:104D80000DF126019F42BDF8240094BF4FF0000BA7
:104D90004FF0010B13F077FBDFF8E0A000F1FF38D4
:104DA000BAF800305FFA88F80593EB884146BDF801
:104DB00026000693F7F7F6F8069B049901900093F6
:104DC00022465B460598C1F34011E8F7EDFE002846
:104DD0003FF400AF424606202A4BBDF826100DF0E6
:104DE0009CFB00283FF4F6AE48F202036A889A4220
:104DF00005D1BDF82410BAF8000000F0D5FF214D10
:104E000009AA29460DF123000EF0A1FB0346002854
:104E10007FF4E0AE2104BAF80000BDF824207DD56F
:104E20002346294613F044FB9DF82330154D03F02B
:104E30000C030C2B40F09580288913F004FB00280C
:104E40003FF4C8AE039B002029894B4514BF0226BE
:104E5000032602F061FE124B18704FF6F7739F4263
:104E6000BDF8240000F29580A4F13802534253416A
:104E70003246044904F0A2FCACE600BF183C002016
:104E8000C83000200C3C0020FE3E0020F83E0020F0
:104E9000F73E0020B43000207C2B0020533E002041
:104EA000163F0020B8F1020F75D03E4BB3F9063023
:104EB000002B26DAB8F1010F7FF40AAF11F0AEFD36
:104EC000238883423FF486AE0520BDF81E10FFF70D
:104ED00053FA00283FF47EAE324AD3885B0607D5EA
:104EE0000023CDE900330A20FF232188FFF7D2FAFF
:104EF0003A469DF822302188BDF81E0002F040F9A4
:104F000068E6BDF81E00F6F745FEA0F11001C9B233
:104F1000284600F073F80028CCD05BE60221DFF8C9
:104F2000948088F800102946CDF800B003F0E6FC24
:104F3000132C3FF479AFEB885D043FF575AF1A4B46
:104F40001B78D80704D598F80020022A3FF46CAFEC
:104F500099077FF53FAE98F80030012B7FF43AAE09
:104F600062E700222B79114800936B791146008883
:104F700002F0FAFD0E4B18709DF8233003F00C037D
:104F8000082B7FF46AAF039B4B4514BF042605260C
:104F900063E701236CE74846BDF81E20014901F094
:104FA0005DFB17E60C3C00208D3D0020183C0020E6
:104FB000163F0020073F002010B50021084811F0DF
:104FC0006FFA044650B101460420FFF7D5F928B125
:104FD0002046BDE810400121FFF7C6BD10BD00BF4F
:104FE000FC3B0020034BFF211A780348920014F089
:104FF0006ABD00BFAC490020B820002070B545183C
:1050000004464FF0FF31AC4212D1104B10481A78D1
:1050100005460023934211DB0E4C2078431CB3FB62
:10502000F2F602FB163345F82010237000200CE046
:1050300014F8010BE3F790FA0146E4E750F8044B4B
:10504000A14201D00133E5E7012070BDAC49002049
:10505000B8200020083F002007B5042301220DEBF3
:1050600003011046F7F7F6F8019B034A1B03136090
:1050700003B05DF804FB00BFC4300020014B18688A
:10508000704700BFC4300020014B1868704700BF54
:10509000C430002010B5064C2368C3F30B0313B9CA
:1050A00001200CF02FFF2068431C236010BD00BFBF
:1050B000C43000202DE9F04F93B003930023DDE9C5
:1050C0001C79069399F8003083460DA804930E4688
:1050D00015460DF0EDFC99F8003013F003043FD0B5
:1050E000039B0DF1250A8DF8243000220821384653
:1050F00011F0D7FB002871D0288813F003FF99F82E
:1051000000301C074CBF043002300EF08EFA07A9A5
:105110008046F7F701FB9DF824300446980634D505
:10512000288806F10D0113F04BFFB0B10023721D6A
:105130000093384608232988D2B2F6F7F7FE99F88B
:10514000003003F01803182B4AD1B8F1000F47D0F4
:10515000A94BB3F8E430434542D040F60A4327E078
:105160002888711D13F02CFF0028F6D00094052329
:105170003246298809A8F6F7D9FE9DF824300DF1AA
:10518000240A03F018030393AFE714BB39464046E3
:10519000F7F798FD0028D2D099F800309907DCD0B5
:1051A000402322462146404613F031FA40F6094397
:1051B00099F8002012F0030440F0F7802888039348
:1051C00013F003FE224601461A200DF0B8FB039BA4
:1051D000EBE007AB03CB38607960B0E74FF6FF78C0
:1051E0000EF098F9044620B104213846F7F7BCFACE
:1051F00004461E9B002B5AD009231E990DA88DF83A
:1052000034300DF07EFF209B0BB1209B0693039B57
:10521000002B40F08E800DA8E8F7A8FA99F800302E
:105220009A0700F09880FFF735FF514602460120AB
:105230000EF001FA99F800309B0710D559462888DE
:1052400013F09FFF0BF1090350FA83F35FFA83FB1E
:105250005946288813F07DFF00EB0B06F6B299F84B
:10526000003013F0C20F0AF104030DD09DF8242082
:10527000624942F020028DF824200A68CAF804200E
:105280004A685A600AF10C03012209A81B1A00920D
:1052900029883246DBB2F6F749FE3246594628469F
:1052A000FEF7F2FE002800F0A48000237DE01F9BA3
:1052B0005BB19E460DF1340CBEE80F00ACE80F0068
:1052C000DEF80030CCF800309DE7049B594603F02F
:1052D000200328880493F6F765FE10F0030F0CBF37
:1052E000012300230593049B059A003B18BF01236B
:1052F00042EA430300930DAA06AB38461F9900F01B
:1053000045FB049A034682B1002880D0059B0DAA74
:105310000093384606AB1F9900F038FB034699F816
:10532000002022F0200289F80020002B3FF46FAF0C
:105330003EE7039B102B06D1BDF8363043F0010346
:10534000ADF8363067E7039B182B4FD1BDF83630E8
:1053500043F00203F4E701200DF125010EF079F985
:1053600099F80030824613F0040F288821D1069B5B
:105370001BB3002C35D013F028FD00220146162067
:105380000DF0DDFA84B17FB14FF6FF7398450BD075
:1053900000230DA91A4638460EF008F83946404653
:1053A0009DF835200EF0CEF80123184613B0BDE865
:1053B000F08F002CDFD1114F01E0002CDBD1002356
:1053C0003246009359463B4612F0A1FC00283FF4B8
:1053D000C4AE002C3FF469AF069A0AF101031360D2
:1053E00063E71B685345C6D80124E8E740F60A4343
:1053F000DBE71923D9E700BF282F0020CF3E00208C
:10540000002307B5064A0193136004237F2101207E
:105410000DEB03020CF074FD03B05DF804FB00BF5C
:10542000C430002037B505460C46F7F733F840B3D3
:10543000012D03D0032D15D0022011E0154B1B6860
:10544000A342F9D8611CF7D0230B0193114B012221
:105450001C6004230DEB03010020F6F7FBFE002087
:1054600003B030BD0C4B1B68A342E5D8621CE3D0EF
:10547000230B0193084B1C6004231A460DEB030118
:10548000EAE7631CD8D0230B012D0193DED0032D56
:10549000F0D0D1E7C43000206C2B00202DE9F04F74
:1054A0000446B1B000888DF82F3016468A463A9FE0
:1054B00013F0B3FD01468146208813F04AFE00EB4D
:1054C0000908208813F07BFE00239DF82F505FFA17
:1054D00088F815F0010B0790ADF8363008D1014679
:1054E0000DF13602208813F025FD08B1ADF836B075
:1054F00016B9CDE90E660EAEFEF704FB18B145F005
:1055000020058DF82F500023CDE9033302930DF1D0
:105510002F03CDE900632246534641464846FFF734
:10552000C9FD0546002800F0B8809DF82F3013F023
:10553000010B46D123F020038DF82F3011F06EFAC5
:1055400070B1754A10AB106851685D4603C31846C8
:1055500000F0EEF90890FEF7EDFCABB2984239D8B6
:105560000FB100233B70BDF83630CBB1012120884C
:10557000F6F77EFB27880546002800F0BC80012155
:105580003846F6F775FBBDF8367005463846F6F72F
:1055900001FB002300903A461946284611F053F8C3
:1055A0000023CDE9033302930DF12F03CDE900630E
:1055B0002246534641464846FFF77CFD05460028F3
:1055C0006BD011F02BFA002840F0AC80284631B0A7
:1055D000BDE8F08F18AB14AA26A9E8B20DF03BFF86
:1055E000002875D1082210A927A814F042FA089BB8
:1055F0008346002B68D09DF8A53013F0020F099365
:1056000062D0082212A927A814F033FA00285BD12F
:10561000099B590758D50FB101233B7014AB0DF10D
:10562000740C0FCB8CE80F00BDF83630CBB10121E4
:105630002088F6F71DFBB4F800B000284DD00121FA
:105640005846F6F715FBBDF83620834610460992FA
:10565000F6F7A0FA00231946099A0090584610F070
:10566000F2FF2E4B22460493002303931DAB0293BB
:105670000DF12F03CDE90063414653464846FFF73D
:1056800019FD28BB089B002B33D012AA4FF482715E
:105690004FF400501DAB00F0D5F811F0BFF988B100
:1056A0001F4B1B689A070DD4FEF72CFA50B11A4A0B
:1056B00018AB1068516803C3002226A918A812F07D
:1056C000B0F918BB002581E727B9BBF1000FA5D0C1
:1056D000013540E700233B70F7E7BDF836200A901C
:1056E00010460992F6F756FADDE90923079900906A
:1056F000B4E7089ACAE7BDF836B05846F6F74AFA52
:105700002B4600905A463846079947E726A918A81D
:1057100012F0C3F9D0E700BF48D20300782B002075
:105720007C2B00209DF82F3003F01103102B7FF409
:105730004DAF3E4B1B78432B7FF448AF3C4B1B686F
:105740005B067FF543AF208808F1050113F038FCB4
:10575000834600283FF43AAF41462088F6F722FC02
:10576000344B10F0200F08BF1E4612A800F0E0F8DE
:105770000822314612A814F07CF9002852D0314694
:1057800012A80DF08EFE012326AE009332460023B0
:1057900014A912A800F0FAF800287FF417AF12AB92
:1057A0000DF12F07CDE90360029000932246534686
:1057B000414648460197FFF77DFCA8B3BDF89A30F3
:1057C000102043F0080318AA14A9ADF89A3012F07B
:1057D00005F900287FF4FAAE12ABCDE90360CDE9FC
:1057E000017000932246534641464846FFF762FC4B
:1057F000054600287FF4EAAE18AB4FF49071002004
:1058000012AA00F01FF84FF00051002012F0B3FC74
:10581000BBF1000F3FF456AF4FF08051002012F063
:10582000AAFC4FE78346AEE714ABE6E7533E002001
:105830007C2B00200E300020014B1860704700BF09
:10584000782B0020F0B5164691B0074609A80D4602
:105850001C4612F08AFC3EB1336845F04005CDF895
:1058600026307368CDF82A301B4B1A6822EA0702EB
:1058700042EA050119604B040DD5BDF824200B0A3E
:1058800003F4E243C9B222F4E3420B4322F07F0265
:105890001343ADF824301A230822002009A9F6F793
:1058A000D9FCB4B104A80DF003F902236A468DF8BF
:1058B00010301546234604F110061446186859683E
:1058C000083303C4B3422246F7D1294604A80DF099
:1058D00018FC11B0F0BD00BF7C2B002047F2FF1078
:1058E000044B196841F48042014041F480411A6040
:1058F00012F041BC7C2B002000B589B0FEF7A8FB5C
:1059000001A812F032FC0948BDF804200168130216
:1059100021F0FF0103F4E2030B43D2B2134343F43B
:105920008043036009B05DF804FB00BF7C2B0020BE
:1059300010B50C4B0446186888B0830706D54FF0A5
:10594000FF3323600120636008B010BD10F04000F9
:10595000FAD001A812F009FCDDF806302360DDF86A
:105960000A30EFE77C2B002008B5074B02461B6886
:1059700013F0400305D118461946FFF763FF0120D5
:1059800008BD0020FCE700BF7C2B00202DE9F0477C
:105990009EB080460C461D4691469DF898A0A2B147
:1059A000164630460DF084F81AF0020F0FD004B9F5
:1059B00017AC22463146404601AB0DF02AFD0DB131
:1059C00000232B601EB0BDE8F0870DAEE9E701AB08
:1059D0003146404605AA0DF0E9FC73780AF0010A49
:1059E000FF2B26D0002840F0B68054B105AA09AF9D
:1059F000134603CBBB42206061601A4604F10804E1
:105A0000F6D125B17278554B03EB82032B60BAF1C6
:105A1000000F01D10020D5E7BDF80430D906F9D434
:105A200018204FF6FF7172780CF089FF40F60E4097
:105A3000C8E74B4F3DB110F0F1FF10B13B689A073A
:105A40002BD500232B603B6803F03003102B01D0D3
:105A5000202B24D117A812F088FB082240460DF114
:105A60005E0114F006F820B13B6803F04403402BBC
:105A700015D0BAF1000F15D109A812F094FB02233A
:105A80003370002C4CD1B9F1000FC3D010F0C6FF19
:105A900060B3301DFFF74CFFBCE7324BD2E740F656
:105AA0000A408FE73B68DB03E6D509A812F07BFBD1
:105AB0000223337074BBB9F1000FB1D010F0AEFF08
:105AC000F0B1301DFFF734FFAAE73B6803F0840311
:105AD000842B2CD009AB0DAF1A4603CABA42206002
:105AE0006160134604F10804F6D105E025463B68E1
:105AF00003F08403842B28D0301DFFF719FF26E024
:105B00003B68012503F08403F4E73B68012503F0BB
:105B10008403DDE710F082FF0028F6D00125D9E7E5
:105B200010F07CFF05460028CFD00025D2E712A850
:105B30000CF0BEFF022312A88DF84830E7F716FEDE
:105B4000224608214046E7F715FD10237380002DFB
:105B50003FF460AF64E72D2034E700BF84200020CD
:105B60007C2B0020782B002049B9084B197849B1CB
:105B70004EF66023594328B10548F6F755BA41F26D
:105B80008831F8E70248F6F7EBBA00BF8B3D0020FA
:105B9000C82A002070B586B0054610F03FFF10B946
:105BA000022006B070BDF6F71DFC0028F8D001A851
:105BB000FFF7BEFE06460028F2D08DB92E4B1C68BA
:105BC00014F0020406D02D4B1B78112BE8D12C4B7E
:105BD000B3F8E4404FF481630221ADF80C3023E0C8
:105BE0002846F7F705F90028DAD1234B1C6814F092
:105BF000020406D0214B1B78112BD1D1204BB3F8D6
:105C0000E4400822294601A813F033FF0028E1D020
:105C10004FF4027300260A21ADF80C302B68CDF842
:105C20000E306B68CDF81230002203A810F0AFFBE5
:105C3000024608B91920B4E70F4B196801F0300388
:105C4000102B17D0202B14BF01230323490001F090
:105C500004010B432046002101F08CF80028E9D014
:105C600000210120FFF780FF16B10122054B1A70B9
:105C7000002096E70323E9E77C2B0020533E002019
:105C8000282F0020FD3E002030B5002585B0CDE94D
:105C90000055F6F765FA10F0C1FE1E4C60B906F02B
:105CA000F1F90D25002108462170FFF75DFF294617
:105CB00068460CF0CEFE18E023784BB3164917481F
:105CC0000A780078904223D90132012B0A700ED154
:105CD0002A464FF4A071284602F006FDC0B2B8B9BA
:105CE00041F288310E48F6F79FF905B030BD022B1E
:105CF00009D1284602A9F6F7E5FF0028EED102A84F
:105D0000FFF748FFEAE7032B02D101F0E7F9E5E7E7
:105D10000425C7E7093F00200A3F0020F249002080
:105D2000C82A002070B51B4A1B4D044651681068F4
:105D300086B02E7801AB03C31EB10224204606B004
:105D400070BDF6F7A7FB0228F7D110F067FE002818
:105D5000F3D003A800F032FE082201A90DF10E00D5
:105D600013F087FEA0B10D4B32464FF4A0713046C0
:105D70001C7002F0B9FC04460028DFD10123084A58
:105D800041F2883107482B701370F6F74DF9D5E7CB
:105D90002324D3E773D50300093F0020F2490020F4
:105DA0000A3F0020C82A0020F0B50C4600219BB015
:105DB0002B4F0646492207A8069113F084FE3B7834
:105DC000012B34D19EBB0DF10E01204612F05BFB7E
:105DD0000546BDF80E00F5F7DDFE441BE4B2BDF844
:105DE0000E1006A823462A460096F6F79FF830467E
:105DF00004A9F6F767FFD0B9CCB19DF81920B2B964
:105E0000BDF8233003F47E43B3F5285F1ED3B3F50A
:105E1000385F0ED31349BDF80E000B6843F400033E
:105E20000B6029460DF069FB18B104233B701BB0D1
:105E3000F0BD01220C4B04A81A70FFF7ABFE41F233
:105E400088310A48F6F7F0F80223EFE711463A7076
:105E5000FFF78AFE1E2104A80CF0FBFDE7E700BF58
:105E6000093F00207C2B00200A3F0020C82A002088
:105E7000014B1870704700BF0A3F0020014B187893
:105E8000704700BF093F0020014B1870704700BFEA
:105E9000093F00202DE9F04F0446408891B00E29BB
:105EA0008846ADF81A0079D094F80890A77913F0D5
:105EB00029F809A90546BDF81A00E67913F08BF90F
:105EC000BDF81A0012F011FF420542BFBDF82A309A
:105ED00043F40053ADF82A30E379DB0642BFBDF846
:105EE0002A3043F48053ADF82A30BDF82A309806A2
:105EF00013D5022F58D10CA9207A12F065FADDF8DB
:105F00003500DDF8391007AB03C307AA00210423CD
:105F100000910DF11A00FFF7C1FA0121BDF81A0036
:105F2000F5F7A6FE022F82464AD1484B33F81950A6
:105F3000B8F1000F7FD0BDF82A2051067BD54FF66F
:105F4000FB739D4277D8424B1B78033B012B04D84F
:105F5000404BB3F8E430AB426DD0D30502D52846B0
:105F600012F07CFCBDF82A30D80464D5002F34D15F
:105F7000BDF81A0012F0B9FEC10664D548F2340328
:105F8000BDF826209A4209D1334E3078FF2805D03B
:105F900003222946FBF74CFBFF23337000232380A9
:105FA000638011B0BDE8F08F012F01BF237A2B4A27
:105FB00003EB430302EB830314BF00229A1CA5E703
:105FC000012F05D10C2303FB09F3244AD55AAFE76F
:105FD000A81C0DF02AFB0546AAE7284601F0E4FEBE
:105FE000BDF81A0012F081FEC206C7D4638950467C
:105FF0000593F5F7CFFD83465046F5F7AFFD059BBA
:1060000002905FFA8BF04A46394601900093404671
:1060100009AB0CF002FDB8F1000F14BF0B200920F2
:1060200016F0030218BF02F1FF32294618BFD2B2A0
:106030000CF085FCA2E7BDF81A0012F056FEC3066C
:106040009CD4002FD2D1A946D0E700BFE43600206F
:10605000543E0020282F0020F6490020543600200E
:1060600070B500240C26104B104D2A78A24205D89A
:10607000C2B9BDE870400E48F6F772B8598869B9E0
:10608000013AD2B2A2422A70EFD0121B184603F195
:106090000C01724313F0FDFC0346E6E701340C33B8
:1060A000E4B2E2E770BD00BFFC3300200D3F0020EA
:1060B0000448002070B5194B194A1D780023DCB242
:1060C000A54200D870BD144666880133864202F1AD
:1060D0000C02F4D1E379A58803F040028DB9CAB16E
:1060E00023F00403E37112F00DFF037803F07F0344
:1060F000037021880029E5D1BDE870400948F5F713
:1061000093BF00216580A180002AE9D1BDE87040DD
:10611000FFF7A6BF2046FFF7BDFEF7E70D3F0020C3
:10612000FC330020044800202DE9F047044686B0E7
:1061300040880F46154612F0E5FEA3798046082BED
:106140004FD8DFE803F0052E184E4E4E4E4E050098
:1061500002300DF06AFA002D4BD06946F6F7B2FD19
:1061600000283ED1684601F0C9FEB0FA80F040092F
:1061700006B0BDE8F08702A9207A12F025F96B4637
:106180006E46DDF80D00DDF81110304A03C3237AA6
:1061900032F813902E4AD05C75B1314612F038F9BE
:1061A000E6E7237A2B4903EB430301EB830231F843
:1061B0002390907A961CEFE74FF6FB7AD14512D9DF
:1061C000304604F013F84FF6FF739842054612D09C
:1061D0000146304601F004FE554505D9E379DA065B
:1061E0000BD40020C4E74D46294608F102000DF00B
:1061F0001EFA0120BCE74D46F0E74FF6FC78454516
:1062000011D103F00C030C2B1BD1D7B130464FF644
:10621000FD7101F0E5FD40F602412046FFF73AFE30
:10622000FFF71EFFDDE74FF6FD739D4209D1002306
:10623000304619461A4602F013FB4146304601F03B
:10624000CFFDE37943F00C03E371CAE7E4360020A5
:10625000B23D00205436002073B5044640880E46F7
:1062600012F050FE02300DF0E0F90DF065F918B1B2
:10627000A11C201D0DF065F9E6B1E5790135EDB2FF
:10628000E57115F0400514D0E6F724FF012205461C
:1062900000212046FFF748FF18B1334B1B882B44E1
:1062A0009DB2324B1B78042B01BF2F4B1B885B190F
:1062B0009DB22580002231462046FFF735FF002899
:1062C00031D0608812F01EFEE279294922F00C03D9
:1062D000E3710B7805460133DBB20B70C371254BBC
:1062E000A61C1B780BB3E37998061ED522490978C2
:1062F00061B900220123114630460092FFF7CEF823
:1063000098B1E37943F00303E3710CE05906F0D54B
:106310009207EED500220423114630460092FFF783
:10632000BDF80028E5D002B070BD30460DF007F989
:106330000028F8D16088FBF741FD50B10128F2D167
:10634000E37943F00803E3712B7803F07F032B70AC
:10635000E9E7E37943F00403E3711B06E3D5074B58
:106360001A78074B1A70DEE762490020543E00207D
:10637000513E00204F3E0020F3490020903D002078
:106380000C3F00202DE9F74F06460BF041FD5D4B19
:106390000546B3F8009018805B4BA0EB09041B780E
:1063A000A4B2A34298BF00234FF000084FF6FF7736
:1063B00088BF1B1B544A88BFDBB21370DFF85CB187
:1063C000A9EB00030093514B5FFA88F219789142D0
:1063D0000ED80EB1FFF744FE4FF6FF739F4200F058
:1063E0008A8039464A4803B0BDE8F04FF5F71CBE35
:1063F000BBF80220002A3CD0464B9BF807201878B7
:10640000BBF800A0042818D00020BAF1000F08BF84
:10641000A2462044504523D2BBF80010009B1944EB
:10642000ABF80010002E4AD002F04802482A46D1AC
:1064300000215846FFF710FF41E00192F6F77EFB7E
:1064400030F01003019ADFD1FAF792FC324B019A37
:10645000B3F800C08445D7D9ACEB000080B2D4E7D4
:1064600002F00C00042807D10022ABF800200BF149
:106470000C0B08F10108A6E7510602F0030C02F02C
:1064800008000AD508B3BCF1030F21D1BEB140F614
:1064900002415846FFF7FEFC11E040B3BCF1010F8A
:1064A00025D11206F2D44FF4C862ABF800209BF855
:1064B000072022F0030242F002028BF80720BBF80B
:1064C0000020974228BF1746D1E703208445DDD23C
:1064D00013060ED50C4B1A780AEB0200844208DA38
:1064E0004A44521B0AEB0201ABF80010E7E7012017
:1064F000ECE701219DE7064803B0BDE8F04FF5F752
:106500002FBE00BF023C00200C3F00200D3F0020AA
:1065100004480020543E002062490020FC33002043
:106520002DE9F04100250C270A4EDFF83080337842
:10653000ECB2A34204D8BDE8F0410748F5F734B9FE
:1065400007FB0484A01CF5F72FF9201DF5F72CF9A3
:106550000135ECE70D3F0020F83B0020FC33002024
:1065600070B500240C4D0D4E2B78A34208D81B1B90
:10657000DBB22B707BB9BDE870400948F5F7F0BD80
:1065800004EB440040F6024106EB80000134FFF7C3
:1065900081FCE4B2E8E770BD0D3F0020FC33002031
:1065A000044800202DE9F041002506462F46114CF5
:1065B000DFF8448098F80020EBB29A4203D8BDE897
:1065C000F041FFF74DBD608812F09CFC02300DF0E9
:1065D0002CF8B0420AD16088F8F73EF900230E216A
:1065E0001846628803F0F8F9278067800C3401357B
:1065F000E0E700BFFC3300200D3F0020F8B5144E4B
:10660000DFF854E035789EF800E0124F05EB4504C2
:10661000AE454FEA840C07EB840416D0002503F442
:10662000835343EA1323A1712272E371608027F838
:106630000C50A58006F040FE337860810133284677
:106640003370FFF79FFE2846F8BD40F60340FBE796
:106650000D3F0020FC330020A94900202DE9F04F18
:10666000354B0E461C78174685B05CB9B1F90680EB
:10667000DFF8CC90DFF8CCA0DFF8CCB099F8003090
:10668000A34202D805B0BDE8F08F04EB44050AEB45
:106690008505A88800B9688801A912F09CFDB27A26
:1066A0009DF80E309A4244D1B8F1000F0FDA317ADA
:1066B0009DF80C203389914209D82048007808447D
:1066C000824236DA521A1B0A1341D90731D53846AD
:1066D00012F075FDBDF80A3004469A0602D5F3881B
:1066E0009B06CFD5EB7903F00C03042B08D1688807
:1066F000F8F7B2F800236A881946184603F06CF9D7
:1067000000212846FFF7C6FBFFF7AAFC3846F5F73D
:1067100041FA844208D22B7A01228BF800303146AC
:106720000023384603F04AF8B8F1000FAADA002433
:10673000A4E70134E4B2A1E70B3F0020A849002000
:106740000D3F0020FC330020163F002008B50BF061
:106750005FFB074B1B88C01A80B2B0F5807F05D95C
:10676000BDE8084000210348F5F75EBC08BD00BF46
:10677000023C0020044800202DE9F04788B0044680
:106780000D4612F04AFC01462046F5F70BFC10F0CE
:10679000030340F0848010F00C0F06D129462046F8
:1067A00008B0BDE8F047FFF785BC204612F09DFA1F
:1067B000C10659D4204612F030FC01462046F5F7B8
:1067C000F1FB0746204612F09DFB064602300CF016
:1067D0002CFF05A98046204607F00C0796F806A076
:1067E00012F0F9FC73780C2F0CBF03270627012148
:1067F00013F0010F204618BF0327F5F739FA2B4B8A
:1068000081461B78033B012B1DD9BAF1010F1AD920
:106810004FF6F773984502D8337A1F2B13D9301DE2
:106820000CF003FFF179824610F018FC0646504642
:10683000F7F764FBDEB173685A1C04D0834340F65B
:10684000024308BF1D461A4B1B88A34212D1B5FA5A
:1068500085F04009FAF774FD204612F074FA002220
:10686000014607200CF06BF808B0BDE8F08740F651
:106870000245E8E706F020FD82464846F5F78AF92A
:1068800006464846F5F76AF9F6B20290424639469E
:106890002846CDE900A605AB0CF0BFF8DCE7012BDC
:1068A000E2D110F00C0FDFD178E700BF543E00209A
:1068B000F83B0020002210B5094B1C78094BD1B2DF
:1068C0008C4201D8002010BD197A814202D19979F9
:1068D000022902D00C330132F1E70120F3E700BFB7
:1068E0000D3F0020FC3300200146002210B5084B6C
:1068F0001C78084BD0B2844201D8002010BD187A11
:10690000884202D198790128F8D00C330132F1E79E
:106910000D3F0020FC330020002210B40A4B1C78ED
:106920000A4BD1B28C4203D85DF8044BFFF798BBF9
:10693000197A814205D19979012902BF0021198074
:1069400059800C330132ECE70D3F0020FC3300206E
:10695000024B1878003818BF012070470D3F002007
:10696000044B1B6813F0300F03D02021302011F0AE
:1069700002BC70477C2B0020002310B50446084958
:106980001A4601EA00414FF07F60FEF75BFFE30724
:1069900003D50021302011F0EEFB002010BD00BF18
:1069A00000007207044B5B8823F4784323F08D03C7
:1069B00003800020704700BF7C2B002008B5002218
:1069C0000346C3F80220C3F806200B4A02301268BF
:1069D000D1B212F0200F18BF41F0100119809307B7
:1069E00001D4FEF7A5FF054B1B78023B032B8CBFA0
:1069F0001720002008BD00BF7C2B0020533E002044
:106A000038B505460C46FDF723FB98B10E4B1878B8
:106A100078B10E4B1B681A040FD58CB113F0420FDE
:106A200000D17DB103F44073B3F5407F0CBF00206B
:106A3000232038BD40F60840FBE740F60B40F8E75E
:106A40002046F6E72320F4E74F3E00207C2B002071
:106A5000F0B504468DB007A80D4616460CF028F890
:106A60001022002103A813F02EF85CB1234603ACDA
:106A700003F11007224618685968083303C2BB4265
:106A80001446F7D1012703A986EA070307A88DF862
:106A90001C708DF81D300CF025FB80EA070401A85E
:106AA000E4B20CF0F8FAB6B101A88DF806500CF07B
:106AB000B5FB64B1002303A907A88DF81D300CF0C5
:106AC00020FB0C4B1B78432B01D1F7F769FB0A4BDA
:106AD0001D700DB0F0BD01A88DF807500CF09EFBA5
:106AE000002CF6D003A907A88DF81D700CF009FB47
:106AF000EFE700BF533E00204E3E0020F0B50125D9
:106B000093B007460DA80C460BF0D2FF05A90DA8BF
:106B1000ADF834500CF014FB01A80CF0BCFA09A934
:106B20000DA88DF835509DF806600CF009FB0DA8F6
:106B30009DF807500CF04DFA70BB731BDBB2802B35
:106B400028D91FB1A64225D0A54223D105A90DA859
:106B50000CF0D7FA03A80CF09EFA03A88DF80F608A
:106B60000CF05CFB0122294609A8FFF771FFF7F73B
:106B7000CDFB01214FF4007003F0F8FEFDF752FA4F
:106B8000B0F1004F01D9FDF753FA044B18780BF020
:106B90005EFF012013B0F0BD0020FBE74E3E002059
:106BA00070B50E46144605460320FFF76DF946F012
:106BB0000402294620460CF008FB0022014B1A6013
:106BC00070BD00BF782B0020F0B587B00788054660
:106BD0001022002102A812F076FF3B4B1B78002BFD
:106BE0006FD1B80557D407F08403842B5CD0374CA1
:106BF00011F0A2FB17F4045F276005F102061CD018
:106C0000BA040AD5304605F0F9FB00284AD12368BA
:106C100023F4005343F480732360304611F099FB52
:106C200000283ED10BF03EFF18B9236843F48033AF
:106C30002360236843F0200323602268334642F434
:106C4000004112F0400218BF05F1230247F2FF1085
:106C50002160FEF7F7FD0DF10600FFF7A3FE2368A4
:106C600013F4805FBDF8063022D043F02003ADF866
:106C70000630BDF80600FFF77FFE23689B0506D5AA
:106C8000012295F8221005F11200FFF7E1FE002025
:106C90000F4B186006E005F1120011F05AFB0028B6
:106CA000A1D0292007B0F0BDB907A0D52320F9E76E
:106CB00023F02003ADF80630FDF7BAF9FEF7A0FB8C
:106CC000D7E70220EEE700BF533E00207C2B0020D8
:106CD000782B002008B5054B1B7833B1FFF740FE39
:106CE000BDE808400248FEF73FBE08BD4F3E002009
:106CF000CF3E002010B5154B1B78D3B1144B1B7839
:106D0000033B012B15D9002011F048FE044698B131
:106D1000E6F71CFA237913F0300F0AD148B10128A5
:106D200003F0CF0206D0811E4B424B415B0113435F
:106D3000237110BD1023FAE7F6F7F0FE0028F8D013
:106D400021462046BDE8104004F0B2B94F3E002075
:106D5000543E002008B50FF061FE054B18B91868C5
:106D6000C0F3800008BD1868C0F30050FAE700BF08
:106D70007C2B00202DE9F04706468946104600216D
:106D800088B015469846F5F70DF9102807460AD839
:106D9000684B0341DB0706D4C8F340049DB90020CB
:106DA00008B0BDE8F087644B1C78002CF6D0FFF7E4
:106DB000D1FF00280CBF4FF4F0744FF4D074FC40A6
:106DC00004F00104EAE7002318F0010F1A462946EF
:106DD0004FF005000CBF4FF0080A4FF4027A0BF099
:106DE000B0FB0028DBD0C823324600935146002375
:106DF000284606F001F9ADF80E000028CFD018F0B3
:106E0000080A4AD14FF6F773A7F10F02D2B29E4299
:106E10008CBF09230123012A01D843F04003474ACC
:106E20008DF810301378591C11708DF81130002C2A
:106E30004FD09DF81030052F43F020038DF810300F
:106E400033D03F4B1D78002D5AD04FF6F7730025F5
:106E50009E424FF00F0248D9012304A90DF10E0004
:106E6000F4F7D2FF00289AD1002C4DD1BAF10001DD
:106E700033463A4618BF0121BDF80E00CDF8009008
:106E80000CF064FBADF80E00002888D018F0040F59
:106E90004DD0314610F00FFB82E749460DF10E0050
:106EA00005F06EFA0028ADD179E70121BDF80E009A
:106EB000F4F7DEFE0121F5F775F80123834013F0A6
:106EC000620F1CD11E4B1B78E3B14FF6F7731825E8
:106ED000BEE71B4B25461B780222002BBCD04FF689
:106EE000F7739E42B8D8052FB6D0BAF1000FB3D1D0
:106EF0009DF8103043F040038DF81030ACE71025BA
:106F00000F22A9E71825FBE7BAF1000F0AD00223E8
:106F10004A46009029460DF10E00FEF7BFFA002800
:106F2000A4D03CE741235246CDF800A0F2E710F090
:106F3000ACFA35E79FFEFEFF4F3E0020503E00209A
:106F4000413E00202DE9DF431E46144B80461B685E
:106F50000F469B0791460A9C1BD4204614B10CF0A7
:106F6000DDFAC0B20622CDE902403B460020CDE961
:106F700000890B490FF00FFC024650B10021002E92
:106F80000CBF01230323084604B0BDE8D043FFF73C
:106F9000F1BE002004B0BDE8D08300BF7C2B0020F0
:106FA0007BD503002DE9F04F8DB081468A461F4600
:106FB00093469DF85C803AB903A8FEF7B9FCB0BBD4
:106FC00000200DB0BDE8F08F1546002223211046A9
:106FD0000FF0DDF9ADF80A000028F1D0F4F7BEFD9E
:106FE0000523044618F0100F00F8023B677020D00C
:106FF0001122002112F067FD04F11306032F4FF058
:10700000080237D15946304612F043FDC8F38013C9
:1070100006F1090533720CF07DFA00283ED00023FA
:107020002B706B700123033505F8013C36E003AD8E
:10703000CBE701261022169912F02BFD06FA07F372
:1070400013F0620F02D104F11206D7E707A80BF084
:107050002FFD05A88DF81C600CF01DF89DF816207A
:1070600018F0200F9DF8173008BF134604F11306DF
:10707000A374C3E75146304612F00BFD012306F11D
:107080000802121B28460093BDF80A100823D2B24A
:10709000F4F74CFF042F06F11005BCD02D1BE9B20C
:1070A0000DF10A000FF0A7FA18F0040F0BD04846B4
:1070B00003F0EEF8FF281FBF074A32F8103023F420
:1070C000804322F81030434651464846BDF80A2016
:1070D000FFF750FE75E700BF3C3B002070B503266C
:1070E00090B08DF807600FF099FC18B90224204683
:1070F00010B070BDF5F776F90028F7D002AD28463C
:10710000FEF716FC0028F1D01B4B1C6814F002049B
:10711000ECD140F20F43194AADF82430136804A8AB
:10712000CDF826305368CDF82A300BF0C1FC95E835
:10713000030005AB83E80300062304A88DF81D3087
:107140008DF81060E6F712FB01210DF12E020DF112
:107150000700E6F70FFA22461A2109A80FF017F9DF
:10716000024608B91924C2E7012329462046FFF741
:1071700001FE0028BBD1F5E77C2B0020CF3E00208C
:107180002DE9F04F06460F46002199B01F2210A8A6
:1071900003930F9112F097FC304611F03EFF014629
:1071A0003046F4F7FFFE8DF81B00304611F0AAFEC2
:1071B0009DF81B3045788146C5F34005980630465A
:1071C00048BF45F0020511F0FAFF04463046F4F7D7
:1071D000E1FC0023001B5FFA80FA00935346232B47
:1071E00028BF2323224631460FA8F4F79FFEA04B69
:1071F0009DF83C801B789DF83DB0002B39D0FFF7FF
:10720000A9FD00280CBF4FF4F0734FF4D07323FA9C
:1072100008F3D9072DD5AA072BD4B8F1080F22D12E
:10722000BBF1040F22D1FAF76DFDF8B922463146C1
:1072300005200DF11B030BF070F9B8B1A8F105089A
:10724000B8F10D0F12D8DFE818F02D00A601CA0121
:10725000EF01F5011100110011001100FB019D0269
:10726000A902D702D702B8F1050F09D019B0BDE8BD
:10727000F08FB8F1100F0AD17E4B1B78412B02D052
:10728000FAF740FDD2E7039B002BF9D1EEE7FAF7BE
:1072900039FD0028CAD0B8F1050FC7D0B8F1110FD9
:1072A000C4D0E3E7BBF1050FE0D8304611F08DFD07
:1072B000059009F102000CF0B8F981460DF11E00AD
:1072C000FFF770FB01239DF83D70BB4013F0620394
:1072D000039305D0BDF81E309B0701D5AE07C5D579
:1072E0000FF09CFB0028C1D0FAF70CFD08B9002D67
:1072F000BCD00DF13E0A504611F02BF8039B0490D0
:10730000BBB1032F9DF84EB01AD10DF14F040FF011
:1073100085FB814540F01881032DA7D19DF85610BB
:107320005246003918BF01210DF14E000CF04FF903
:107330009CE7032FDDF80CB07BD10DF14E04E6E79E
:107340004D4B1B689C0729D5FF2208210DF15700E2
:107350000FF0A7FA804608BB034601460DF157021D
:107360000220FEF76FFA0FF059FB81450DF1570629
:107370000DF14F0422D04FF6F773994540F2E980A2
:107380000022082120460FF08CFA002800F0E1804E
:10739000002259465046FFF75BFB67E70DF15706A1
:1073A0000DF14F04304610F022FF002846D00FF0B8
:1073B00035FB814540F0C9804FF000082046F5F7C5
:1073C00017FD002800F0C180012F59D0042F7FF451
:1073D0004DAF10F02FFF10B1032D7FF447AF049B8A
:1073E000002B7FF443AF324602215046FFF7D8FB13
:1073F000224B1B7863B1FFF771FEFEF73FFD0228B9
:1074000006D10120FEF734FD01210846FEF7ACFB52
:10741000184B1B78022B1FD1032130460BF019FBB0
:10742000FEF72CFD014600287FF420AFFEF79CFB01
:107430001CE70DF156060DF14E04B3E70D4B1B781A
:10744000432B7FF413AF012F7FF410AF0FF0E6FA58
:1074500081457AD1B846B1E7412B7FF407AF064B9F
:107460001B6858057FF502AFF8F7BAFBFEE600BFD0
:107470004F3E0020533E00207C2B0020FD3E00208C
:10748000BA4C2378022B22D02378412B3FF4EEAE66
:10749000049B33B9FAF736FC594602465046FFF7CB
:1074A000D7FAFAF72FFC00283FF4E0AE10F0C2FE46
:1074B000AF4F98B13B681A0502D42378432B0DD106
:1074C000AB070BD440F61A40F7F7D6FACEE610F029
:1074D000B1FE0028D8D0A907D6D4C7E6386810F086
:1074E000020002D1059903F0E3FD2378112B16D198
:1074F0003B685C0513D50020FEF74CFB04460028D2
:107500007FF4B4AE0FF022FE40F61C40F7F7B4FA59
:1075100021462046FEF728FBF7F7BAFAA6E6A807A9
:1075200001D5FFF71DFAB8F1000F9DD00BF0BAFAA4
:1075300018B94FF4803110F01EFE00228D4B3046FA
:107540001A6010F04BFE8FE70026039B002B7FF4A0
:1075500012AF4FF6FF73204608A9ADF82030F5F7BB
:107560008BFB20B120460FF034FAADF820004FF627
:10757000FF73BDF8200098423FF478AE049B32467A
:10758000002B0CBF042315232146CDE900A33B4665
:10759000FFF708FD6AE60FF041FA00287FF466AEB7
:1075A000754B1B78002B3FF461AEA90704D4704BD8
:1075B0001B689A013FF55AAEBAF10C0F0DF1450068
:1075C00094BF002412AC0CF030F839460246009407
:1075D0009DF847000DF13D0304F062FC46E60DF115
:1075E0003D00F5F705FC28B1022239460020FAF7E4
:1075F0001FF83BE6614B1B78013B012B3FF636AE93
:107600000DF13D0002F0F2FD4FF6FF739842044683
:1076100006D10DF13D000FF0DCF9A0423FF426AE9B
:107620000021FAF715F921E62A4638460FA904F099
:1076300035FD1BE69DF83D100120FFF75FFA15E6CA
:107640004E4B1B78013B012B3FF610AEEB077FF54D
:107650000DAE0DF13D0002F0C9FD4FF6FF739842EB
:107660000546804673D10DF13D000FF0B2F940455B
:10767000054607466BD10DF13D00F6F72FFAB842EB
:1076800005463FF4F3AD3046F4F784FA002209349E
:10769000E4B2071BFFB2394610460EF078FEADF893
:1076A0001C0000283FF4E2AD4FF0010900232A46F8
:1076B0000821CDF8009005F09FFCADF81E000028D1
:1076C0003FF4D4AD2146304611F05BFD4FF0000A87
:1076D00080461622514609A8CDF820A012F0F3F9F1
:1076E00043462246314608A8CDF800A0F4F71EFC18
:1076F0004B46424608A90DF11E00F4F785FB002811
:107700007FF4B4ADA7EB0807FFB2394607A80EF027
:1077100072FF284602F0BCFDFF2818BF184A4444F7
:1077200018BF32F81030E4B21CBF23F4804322F8B3
:107730001030BDF81C0023463246002100970EF0A1
:1077400082FF2946BDF81E000FF0B5FE8EE52846E3
:1077500002F09EFDFF28074695D0F6F77DFC002835
:1077600091D0384603F0C4F98DE700BF533E0020A6
:107770007C2B0020782B00204F3E0020543E002020
:107780003C3B00201E4B1B78013B012B3FF66EADAE
:107790002A4638460FA9FCF7DDF967E5194B1B7837
:1077A000022B20D1002F7FF461AD08A8FEF7C0F8AE
:1077B00000283FF45BAD144B1F709DF83D30002B4B
:1077C00014BF64246524FEF759FB032806D138460C
:1077D0003946FEF7C9F93846FEF756FB214608A898
:1077E0000BF037F942E5043B012BDBD938460BF0AF
:1077F000A3FE0028D6D139E530460BF09FFE35E5D3
:10780000543E0020533E0020FD3E00202DE9F34170
:1078100005460E461746984610F00CFD044640B14A
:1078200001233A4631462846CDF80080FFF78AFB0F
:10783000044610F0FFFC30B1FFF78CFA78B10A4B28
:107840001B689B010BD400233A4631462846CDF8ED
:107850000080FFF777FB002C0CBF0446012404F0E6
:10786000010002B0BDE8F0817C2B002070B58AB029
:1078700005A80BF01DF9022301AA15468DF8143056
:10788000084B03F11006144618685968083303C4FE
:10789000B3422246F7D1294605A80BF023FC0AB0D3
:1078A00070BD00BF81D50300014B1878704700BF41
:1078B000F4490020014B1870704700BFF4490020C4
:1078C000014B1888704700BF8C4900204FF6FF73AA
:1078D0002DE9F043994280460D4685B00BD0002734
:1078E0004FF6FD791C4EE5F701FCFCB2A0420BD827
:1078F0004FF6FF701DE0F5F77BFA0028EFD005B0DA
:10790000BDE8F0430FF08AB836F814304B4517D86D
:107910006946204610F021FD082241460DF1050080
:1079200012F0A7F84FF6FF7360B99D4204D136F804
:10793000140005B0BDE8F08326F8145010F08AFC5E
:107940000137D0E79D42FBD036F81430AB4208BF78
:1079500026F81490F4E700BFE43600202DE9FF4735
:1079600006460F4600254FF6FD79DFF83C80DFF82C
:107970003CA0E5F7BBFBECB2A04202D804B0BDE8E6
:10798000F08738F814304B450CD86946204610F083
:10799000E4FC082231460DF1050012F06AF808B93E
:1079A0000AF804700135E4E7E4360020B23D002017
:1079B000014B33F810007047E4360020F0B506465E
:1079C00000250D4F85B0E5F791FBECB2A04201D840
:1079D00005B0F0BD37F81430B3420BD169462046EC
:1079E00010F0F2FC9DF80030022B1CBF4FF6FD7327
:1079F00027F814300135E6E7E436002030B585B0CD
:107A000004460D46E5F772FBA0420FD9084B33F848
:107A100014204FF6FD739A4208D86946204610F0AC
:107A2000D3FC29460DF10500FFF750FF05B030BD2E
:107A3000E436002030B585B00446E5F757FBA04298
:107A400019D92046FEF736FF0546B0B969462046EB
:107A500010F083FC9DF800302BB1694620468DF86C
:107A6000005010F096FC4FF6FF720020044B23F8F4
:107A7000142005B030BD2820FBE740F60440F8E7AD
:107A8000E43600202DE9F0410B7805460E461BB97F
:107A9000BDE8F041FFF7CEBFE5F728FBA84231D99A
:107AA0002846FEF707FF78BB374617F8058B4FF6D9
:107AB000FF713846FFF70AFF0446384600F01EFA09
:107AC000B0FA80F04009B8F1000F15D0B8F1030FFB
:107AD00015D04FF6FF724FF6FD73944208BF1C4657
:107AE0000B4B314623F815400A4B5855284610F0E9
:107AF00050FC0020BDE8F0814FF6FF74F0E74FF630
:107B0000FE74EDE72820F5E740F60440F2E700BFF9
:107B1000E4360020B23D00202DE9FF410D46044629
:107B20004FF6FE780F4F0E0AE5F7E0FAA04204D8B0
:107B3000FF24204604B0BDE8F08137F814304345F7
:107B40000CD16946204610F008FC9DF80520EBB2E8
:107B50009A4203D19DF80630B342EAD00134E4B230
:107B6000E2E700BFE43600202DE9F04F0C4617464F
:107B7000984600254FF6FD7B87B09DF840A0DFF8C2
:107B80005C900190E5F7B2FAEEB2B04201D8FF2660
:107B900016E039F816205A451ED8304602A910F0D2
:107BA000DCFB3FB99DF80920424515D19DF80C201A
:107BB000524511D144B939F81620019B9A420BD194
:107BC000304607B0BDE8F08F082220460DF10D01C8
:107BD00011F04FFF0028F3D00135D3E7E436002041
:107BE00010B5144610F0B9FB2046BDE8104008223D
:107BF000014911F04EBF00BFCF3E00202DE9FF47E5
:107C0000074615460846082224491E4611F031FF52
:107C1000044600283FD14FF6FF7ADFF88490E5F75D
:107C200065FA5FFA84F840450BD885B338460AF008
:107C3000FCFC01250C9B18700120357004B0BDE8D8
:107C4000F08739F8183053451FD06946404610F088
:107C500084FB7A789DF801309A4216D17A88BDF873
:107C600002309A4211D13A799DF804309A420CD1EF
:107C700008220DF10501781D11F0FBFE28B9002D39
:107C8000D7D140460AF0E7FCD3E70134C7E7FF202D
:107C90000AF0E1FCCEE70020D0E700BFCF3E002095
:107CA000E4360020F0B50025154E164F85B0E5F7F7
:107CB0001DFAECB2A04201D805B0F0BD69462046DD
:107CC00010F04BFB9DF80030032B06D900236946CA
:107CD00020468DF8003010F05CFB9DF8002062B16A
:107CE0004FF6FD734FF6FE71032A08BF0B4626F8C8
:107CF0001430002301353B55D9E74FF6FF73F6E703
:107D0000E4360020B23D0020F8B50E4604464FF69A
:107D1000FF770C4B0C4D1B7803EB430305EB8305FE
:107D2000A54202D800242046F8BD2388BB4206D0D5
:107D300008223146A01C11F09CFE0028F3D00C3420
:107D4000EEE700BFAB49002054360020044BFF2172
:107D50001A78044802EB4202920011F0B4BE00BF50
:107D6000AB49002054360020F8B504460C4B0D46B4
:107D70001B781046A3420DD90C27022117FB0411D2
:107D80007C43084E0822314411F083FE335B00200F
:107D90002B80F8BD0023136053604FF6FF73F6E7A6
:107DA000AB4900205436002038B504464FF6FD7527
:107DB000FFF704FE0022084B1878084BD1B2884226
:107DC00000D838BD33F80C1C0132A14208BF23F89B
:107DD0000C5C0C33F2E700BFAB490020603600209A
:107DE00070B505460E460846FFF7DEFF31462846C9
:107DF000FFF76CFD29460648FFF786FF00B970BD06
:107E0000044624F80C6B10F025FA29462046F3E7C7
:107E10005436002010B5082286B02349044611F0DC
:107E200028FE20B906B0BDE810400EF0F7BD0822CC
:107E300020461E4911F01DFE20B91D4BB3F8E40089
:107E400006B010BD0023012221464FF6FF700093BB
:107E5000FFF78AFEFF2806D0164B33F810004FF6C6
:107E6000FB739842ECD903A8FEF7A8FD58B9BDF8FA
:107E70000C305B0607D5082221460DF10E0011F0EB
:107E8000F8FD0028DCD021460B48FFF73DFF40B14C
:107E90004FF6FB724FF6FF730088904288BF18467A
:107EA000CEE74FF6FF70CBE7CF3E00200E3000202C
:107EB000282F0020E43600205436002070B5002220
:107EC00004464FF6FB7608460A4B1D780A4BD1B2A2
:107ED0008D4201D8002009E01988B14207D8A1429B
:107EE00005D10822991C11F0D4FD012070BD0C337E
:107EF0000132ECE7AB4900205436002037B501468B
:107F000005460E48FFF700FF044640B1807A294637
:107F100010F07EFA80F00100C0B203B030BD03461D
:107F20000090012229464FF6FF70FFF71DFEFF2843
:107F300016BF034B2046185CE9E700BF543600200B
:107F4000B23D00202DE9F341224B04461B780F4639
:107F50008342154638D9FEF7C7FCB8BB4FF6FD7310
:107F60009D421D4E0ED004EB440326F823504FF6DD
:107F7000FF739D421FD12046FEF7CEFC002002B0C9
:107F8000BDE8F0810DF106013846F4F775FE4FF6B5
:107F9000FF72BDF806303846934218BF1D460C23C9
:107FA0006343F55206EB0308FFF7A8FFB0FA80F031
:107FB000400988F80A000C2303FB046008223946B4
:107FC000023011F066FDD9E72820D8E740F60540D9
:107FD000D5E700BFAB4900205436002038B5044631
:107FE0000D46FFF7BBFC21460448FFF78DFE00B9A4
:107FF00038BD857221460C30F7E700BF54360020AB
:108000000023074A1370074A1370074A118801B109
:108010001380064B1A880AB100221A80704700BFED
:108020000F3F00200E3F0020083C0020063C0020AF
:108030002DE9F04F4C4C9846238889B005900F46A7
:1080400010469DF848A05BB952B10EF0EDFA2080C1
:108050004FF4FA61454809B0BDE8F04FF3F7E4BFCB
:10806000DFF81C91B9F80050002D6AD02846F3F7CC
:1080700091FDC0F347042846F3F770FDDFF804A133
:108080000294BAF80030DFF800B10193BBF8003079
:108090000546009300224346012035490EF07BFB44
:1080A000ADF81E0010B305EB44080124454512D17C
:1080B000E4B9BDF81E50CDB12E4B1B782BBB2B461F
:1080C00000223946059800F049FA0023ABF8003049
:1080D000AAF800300AE0012329461A460DF11E00D5
:1080E000F3F792FE023504460028DFD00023224A2F
:1080F000A9F800301378013BDBB21370002BA7D135
:1081000009B0BDE8F04FFFF77BBF0EF001FC014660
:108110002846F3F747FF0A2180462846F3F742FF37
:108120000646A64202D8FF2CCFD1C8E704F10B01C6
:108130002846C9B2F3F736FF8045C0D80134E4B20F
:10814000EFE70E4C237823B904F0EAFD08B90123C8
:108150002370524641460520F5F738FA0028CFD162
:10816000207009B0BDE8F08F083C002024480020B2
:1081700092D50300103F00200F3F00200E3F00204B
:10818000063C0020863B0020883B002030B5154D82
:1081900087B02C889CB923464FF4A07248F238016E
:1081A00003A810F019FA214620460FF0C2F8224623
:1081B0000D4B009403A9FFF73BFF07B030BD2046ED
:1081C00010F0A0FE04300BF030FA03A90446288812
:1081D00011F001F80023009320462A8803A900F03B
:1081E0008DFBEAE7083C002000F8FF0737B50020C8
:1081F00001A90FF09EF80D4C014623780C4D7BB180
:108200000C4B019A18780FF0B3F82078F7F70EF8B6
:10821000002323702B700848F3F7A2FF03B030BD92
:108220002B78002BF7D0FFF7B1FFF4E7123F0020C7
:108230000F3F0020113F00202448002008B50548CA
:10824000F3F7B2FA0448F3F7AFFABDE80840034881
:10825000F3F7AABA083C0020063C0020043C0020AA
:108260002DE9F04F89B089460446CDE905239DF8F4
:108270004870139E30B316F801ABBAF1000F23D04B
:108280000AF1FF34A400E4B2314601200BF0E1F919
:10829000C00E1BD1DFF844B1314601200BF0D9F9F3
:1082A0009BF8005034442279BDB1002F47D1802380
:1082B0004846CDE90277CDE90077414A059900F0BB
:1082C0004DF93CE08246DFE75446DDE71B28ECD958
:1082D000314601200BF0BDF9E7E7DFF80481FF2A02
:1082E00000EA08080BD14246E379A179607901EBF5
:1082F000032189B209B0BDE8F04F0FF039B8314918
:1083000009688B070AD5FE2A3AD101230135EDB25F
:10831000202D4FEA43030AD1FF250AE029462846CB
:1083200007920FF006F84845BFD1079AEBE798454A
:10833000ECD1254B1B78FF2B04D0AB4204D009B005
:10834000BDE8F08FFF2DFAD00020F2F741F9A842E6
:10835000F5D029460020F2F741F90028EFD09BF82C
:1083600000306479002BEAD1FFF74AFE17484FF43A
:108370001051F3F759FE164B8BF800501C70DEE7D6
:10838000052A92D8BAF1010F8FD8B8F1000F8CD01E
:10839000002FD4D17379002BD1D00E49098821B98F
:1083A000082B28BF08230C490B70434648461292FD
:1083B000DDE9051209B0BDE8F04FFFF739BE00BF97
:1083C00092D503007C2B0020F54900202448002092
:1083D000113F0020083C00200F3F0020123F0020EA
:1083E00000F8FF07014B1880FFF7D0BE063C0020C5
:1083F00037B5184B1B78022B03D01725284603B03E
:1084000030BD00210DF10700F4F778F8054600288B
:10841000F3D1114B1B78013B012B01D90225EDE76C
:10842000F3F7DAFF0028F9D00AF0C1FA0446F3F7AF
:10843000D3FF0A4B4FF47A7118700B23B4FBF3F29D
:1084400003FB12440A34A4B261430548F3F7ECFD80
:10845000D4E700BF533E0020543E0020443E00209D
:10846000A82A00202DE9F043384B00241E784FF451
:10847000F813374FA5B003933D78ADF81040F6F7E9
:1084800081FFBDF90E30ADF81200A342ADF81440E3
:1084900006DB304B1C780134E4B21C7044F08004DD
:1084A0008DF82C40A94602244FF000088DF82D606D
:1084B000B14529D3002221460BA83D708DF82D80AF
:1084C0000DF065FFE8B1B8F1000F09D000234FF6B9
:1084D000FC71CDE9000303AAFF230620FBF7DAFFB6
:1084E000B5422FD20AF063FA0B23B0FBF3F24FF43C
:1084F0007A7102FB13000A3080B241431648F3F749
:1085000093FD25B0BDE8F083484606A902F016FBAE
:1085100098B9512C11D804F190030DEB03020834E3
:1085200006AB013508F1010803CBE4B242F8640C54
:1085300042F8601CEDB25FFA88F809F101095FFAB0
:1085400089F9B5E70448F3F70BFEDAE7443E00206B
:10855000453E0020143F0020A82A00200CB42DE93D
:10856000F04F8BB014AA0E4652F8041B074609922E
:10857000002940F08F80BDF85400ADF8220000289B
:1085800000F0A18033794FF6F778002B40F0868019
:1085900047458CBF4FF009084FF008084C4B1C783A
:1085A000FF2C40F08380B6F90230002BA9BF494B65
:1085B000347A1C780134A2BFE4B21C7044F0800409
:1085C000DFF81CB122460021F3F700FD9BF80030D4
:1085D000BDF82200002B6CD0DFF808A14FF0000995
:1085E000BAF800300793F3F7D5FA0546BDF8220034
:1085F000F3F7B4FAEBB2CDE90193FF23CDE9030918
:1086000000932246334639460798FCF7DDF84FF6CB
:10861000FF7305468BF80090AAF80030382D33D14F
:108620003246394640460DF122030AF08DFF0028FC
:108630004BD04FF6F7739F4226D8B6F902307088B8
:10864000002B21DA48F204022349244B4FF00008A2
:10865000904214BF894699460EF0E0F94946034618
:108660008A220120CDF800800EF095F8814658B19D
:1086700022464146F3F7AAFCFF23324639464046DC
:10868000CDE90098FBF706FF28460BB0BDE8F04F98
:1086900002B0704701200EF044F86EE70023474512
:1086A0008CBF4FF006089846337177E7FF221A70A7
:1086B00086E7CDE900033246FF2339464046FBF703
:1086C000E9FE0546AAE71925DEE70546DCE700BF17
:1086D000F7490020143F0020A3D5030098D50300DC
:1086E000133F00200A3C002070B54FF400330024F3
:1086F0000546164688B0ADF81A100DF10F0204A910
:108700000593ADF81840ADF81C4004948DF80F4067
:108710000AF0F1FE9DF80F3028460193049B044AAD
:10872000009305A93346FFF719FF08B070BD00BFDD
:108730009CD5030030B54FF48035002487B00395F5
:10874000BDF82850CDE900128DF81030074A0346D5
:1087500003A9BDF82C008DF81140ADF81250ADF80A
:108760001440FFF7FBFE07B030BD00BF71D6030019
:10877000B1F1006F2DE9F04314462CBF39223822A5
:108780008BB01D464FF00003ADF81E204FF4800261
:108790002CBF4FF001099946FF2C0646ADF81C305E
:1087A0000892ADF824304FEA11471FFA81F80FD133
:1087B0000EF0D3FDB9F1000F19D1154ACDE902052C
:1087C00043463046CDE9007407A9FFF7C7FE1AE01B
:1087D000FE2C0AD10EF0C1FD0130C0B20EF0D7FD63
:1087E000B9F1000F12D00B4A02E0E8B2F8E70A4AEA
:1087F000CDE9030501233046CDE90174CDF80080B1
:1088000007A9FFF7ABFE0BB0BDE8F083034AD5E73D
:10881000A0D503006FD603009FD5030070D60300D8
:108820004FF498124FF0806310B586B0CDE9032362
:108830000023ADF814300EF0F1F80446F6F7A2FD6F
:10884000054B01900093054A234603A94FF6FD709E
:10885000FFF784FE06B010BDCF3E0020A6D5030072
:1088600030B500244FF4806587B0CDE900128DF853
:108870001030084A034603A94FF6FD708DF81140E9
:108880000394ADF81250ADF81440FFF767FE07B03F
:1088900030BD00BFAAD5030070B515461E464FF483
:1088A00098124FF0806386B0CDE9032300230122A4
:1088B000ADF814300D4B04461A700D4B1880084665
:1088C00061B1FBF7D1FD2346CDE90056094A03A962
:1088D0004FF6FD70FFF742FE06B070BD064B8DF8F7
:1088E000161019700223ADF81230ECE7133F002088
:1088F0000A3C0020A6D50300F74900202DE9F04FDF
:108900009BB00E4605460EA91046CDE90A329DF8E9
:1089100090700FF0B8FDBDF838A080465046F3F7D0
:1089200039F9B6F902300446002BB6F80690B6F8CD
:1089300002B004DA0022B14B1A70002049E0504620
:10894000F3F728F94045F5D3A4EB0804E3B2002F70
:1089500018BF4FF4A079152B099328BF15230024C5
:10896000013308F1FF325146DBB2D2B214A80094B1
:10897000F3F7DCFA6FEA4B436FEA5343A0499DF8E3
:10898000502008684968ADF846300FAB03C3ADF816
:108990004840ADF84440ADF84A90ADF84C20BBF1EA
:1089A000000F24D10DF15100F4F722FAA0B10EF01E
:1089B00035F85C4606460DF1590A0DF151030A9A45
:1089C0009AF80080012A2DD157B384F0010404F0F5
:1089D00001001BB0BDE8F08F0DF1510001F006FC65
:1089E0004FF6FF74011B4C4206464C41E3E7BBF1D6
:1089F000010F40F09280BDF851600EF00FF88642F2
:108A00000AD030460FA90FF022FE80F00104E4B234
:108A10000DF1530A0FABD2E77A4B0DF1530ACEE7B3
:108A20000A9CD4E797B3002C6DD1B8F1010F6AD836
:108A300037D10DF0F3FF0DF0F1FF224606469AF80C
:108A40000170704B00210120CDE9006102976E4951
:108A50000DF0A1FEADF83A00002854D0002C54D1FE
:108A6000B8F1010F51D12646DFF8B4A19AF80030D1
:108A70005FFA84F8434538D9404601F099FCC207B3
:108A800002D5BFB1013FFFB20134EFE7B8F1010FEA
:108A900005D1002CCDD081229AF80170D2E7002CAC
:108AA000F9D1B8F1010F94BF002201229AF80170A8
:108AB000D201C7E7404601F069FB0123ADF834005D
:108AC00002220DA90DF13A00F3F79EF9D8B9BDF8CD
:108AD0003A00F3F75FF8804648460FF00AFA08F1CB
:108AE000010801368045F6B2CEDBA6B132460C2134
:108AF000BDF83A00F3F76AFA00222846BDF83A308A
:108B000011A9FFF72BFD012063E70C210DF13A00BD
:108B10000DF071FDF0E70D21F8E70A9B002B7FF4C3
:108B20000CAF7388342B57D1099B092B7FF405AF09
:108B3000002F7FF402AF9DF959603A46B410082126
:108B40000DF1510004F020040DF0ABFED0B12F4B1D
:108B50001B78012B3FF4F1AE022B27D12C4B1B6865
:108B600013F0807F25D12A4B1B685B0201D5002EB4
:108B700030DA00232846274A11A9FFF7EFFC264BDD
:108B80001C70DAE60DF15100F4F732F90028DED15D
:108B90000DF1510001F02AFB4FF6FF73984208D007
:108BA0002146F8F755FE034618B903E0033B012BB5
:108BB00006D9C8232846174A11A9FFF7CFFCBCE6FF
:108BC000164BB3F8E430AB42CDD0114B1B6813F019
:108BD000805FC7E78D23EDE7099BCDE905920493FC
:108BE0000DF15103CDE9028331462846CDE9007AE3
:108BF0000B9B11AA00F074F89FE600BF073F00200E
:108C000048D20300CF3E0020AED50300543E0020E2
:108C10007C2B00201BD60300F6490020282F0020C3
:108C2000BB490020024B187840F08000704700BF1D
:108C3000143F002038B50A4B05461C7824B10DF0CE
:108C4000EDFEB0FA80F46409F8F7D4FE08B144F000
:108C50004004E4F75DFA44EA4020284038BD00BFF4
:108C60004F3E0020014B1888704700BF94490020F8
:108C7000014B18800020704794490020084B10B524
:108C800004461880F6F77EFB04F0100400F004039D
:108C9000A3421EBF9843034B1870002010BD00BFB5
:108CA00092490020523E00204FF6FF710346028891
:108CB0001B798A4217BF074901200A8041881EBFDD
:108CC000054A00201180FF2B1EBF044A00201370AC
:108CD000704700BF904900208E490020153F0020BA
:108CE0002DE9F04FB7B00D93BDF80431439C0E93BE
:108CF000BDF8143183460F939DF818312046B1F822
:108D00000290884692469DF800519DF808611093A4
:108D10000AF08BFCB9F1110F074600F289800DF0C3
:108D20007DFEB84200F08E80B9F1060F19D14FF6E2
:108D3000FD739F423ED0DDB9BC4B1B78033B012B3A
:108D400036D9384601F0A4FAFF2814BF89238123BD
:108D500000225146CDE900725846B54AFFF7FEFBA6
:108D600006E02DB9B9F1030F08D8B9F1010F0AD8FF
:108D70000022B04B1A7037B0BDE8F08FA9F10403A0
:108D8000022BF5D8D8E7A94B1B78033B012B0DD953
:108D9000384601F07DFAFF2814BF8923812351460C
:108DA0005846A54A0097FFF7D9FBE1E78023F6E78D
:108DB0008023CDE7A14B1B785A074BD40DF02EFE34
:108DC000002703463A460120994900970DF0E3FC3D
:108DD0002379ADF86C000F930028CCD00E9806EBE9
:108DE0004309F2F7D7FE5FFA89F909F105085FFA3E
:108DF00088F88045BFD241460E98F3F7D3F810901B
:108E000008EB40080E98F2F7C5FE8045B3DADDE9BD
:108E10000F321343DBB2002B40F03182002DAAD178
:108E2000A84642460421BDF86C00F3F7CFF878E17C
:108E3000824BB9F13A0F1B7813D948F23B0399459D
:108E400008D016E07D4B1B785B070DD5A9F1040314
:108E5000022B09D8B8F8063043F48043A8F806304E
:108E600089E7B9F11B0F1ED8A9F102039AB2132AA0
:108E70005ED9109B324602930F9B4846CDE90053C2
:108E80000D995B460AF044FB0F287FF474AF012272
:108E9000684B1A70694B1B789B0740F1F483002DD7
:108EA0007FF469AFD6E7A9F11C021E2AE1D801A11F
:108EB00051F822F0D9960200738E0200738E0200E0
:108EC000F5920200738E0200D3930200D393020046
:108ED000738E0200738E0200738E0200738E020086
:108EE000738E0200738E0200738E0200738E020076
:108EF000738E0200738E0200738E0200738E020066
:108F0000738E0200738E0200039402000394020029
:108F10006F960200738E0200738E02008F9602001D
:108F2000738E0200299702003F9702004D970200BE
:108F3000132B9ED801A252F823F000BF8D8F0200A0
:108F4000559002007390020051910200BD8D020005
:108F5000738E0200738E0200738E0200738E020005
:108F6000738E0200738E0200738E0200738E0200F5
:108F7000738E0200738E0200738E0200738E0200E5
:108F80008D920200738E02000597020000241BAB35
:108F90005A4631460D9800931DAB1D948DF86C40D8
:108FA0000AF0AAFA0DF03AFD204B05461B78012B7A
:108FB00003D0022B14BF02240124E4F7A9F81628D9
:108FC00094BF0020012044EA4014F6F7DBF91C4B63
:108FD0000646B3F80080FBF753FA1A4B07464FF6E4
:108FE000FF70B3F80090FFF725FE174B9DF86C203B
:108FF0001988124B1B7813F002031CBF134B1B780C
:109000000B921D9ACDE90701CDE909324023514663
:10901000CDE9014358460023CDE90579CDE9036840
:109020000B4A0095FFF79AFAA5E600BF543E0020D0
:1090300098D50300073F0020A3D503008D3D0020F5
:1090400094490020904900208E490020153F0020BF
:10905000B4D503000DF0E2FCA24BA34A1B88CDE976
:10906000400300235146584637B0BDE8F04FFFF7A4
:1090700075BAA4781DA9631EDBB2EF2B204610D968
:10908000F22C0ED00CF0C5FC82240DF0C7FC00239E
:109090005146CDE90003954A23465846FFF75EFA4C
:1090A00069E60CF0B6FC002850D00DF0B7FC9DF836
:1090B00078209DF87A100492BDF87620490003923A
:1090C000BDF87420C9B2CDE901429DF8792003466C
:1090D0005200D2B208320A44009201200022844990
:1090E0000DF059FB9DF87930ADF86C008DF86730C4
:1090F00000283FF440AE002601230DF167011A4617
:109100001BA8F2F781FE054600287FF434AE9DF8D7
:109110006730EAB2934209D89DF87A308DF867300B
:1091200016B1BDF86C3033E00126E5E73146204644
:109130000CF0B2FC0123ADF8680002221AA91BA8AA
:10914000F2F762FE01350028E1D014E683249CE7A3
:109150000DF064FC0446EFF76DFA23460090002200
:10916000012062490DF017FB00283FF404AE0025F2
:109170002C46ADF87400EFF75DFAEEB2B0420DD8B0
:1091800022460421BDF87400F2F720FFBDF87430C8
:10919000002251465846FFF7E1F9ECE53046EFF77B
:1091A0002BFAFF288DF86C000AD0012301341A46EF
:1091B0001BA91DA8E4B2F2F727FE00287FF4DBAD5F
:1091C0000135D8E71846B4F80290EFF715FAFF28F2
:1091D0008DF8680000F0D1821DA90CF01AFCBDF8D2
:1091E00074304B4507D04FF6FF72914540F0C58271
:1091F000180400F1C2829DF879301393731DDBB21D
:1092000014930F9B1293002311934FF00009CDF894
:1092100034900EE0149B0E9803EB4101C9B20DF09F
:1092200025FA002315901399DAB28A4218D309F16E
:109230000109129B5FFA89F18B42EBD89DF87A30D5
:109240001393169B14930D9B002B40F08982119B66
:10925000002B40F0928201231193109B1293D4E7CC
:1092600011999DF8680017930CF016FC0D9B159A48
:10927000824208BF01230D93179B0133D3E709F105
:1092800006095FFA89F3B846169377E2A61C3146C1
:109290003846A57AEDF78AF8012231463846FAF7C2
:1092A00083FB38460FF082FB304600F09FFF228898
:1092B000824207D04FF6FF72904203D000F0E8FFE1
:1092C0000FF08BFA85F00804C4F3C0042146304641
:1092D000FEF784FE2146304637B0BDE8F04F0AF075
:1092E00060B900BF9249002095D6030098D50300CD
:1092F000C1D50300AE4B1B78033B012B7FF63BAD82
:109300000DF08CFB58453FF436AD09F050FB0B23B4
:10931000B0FBF3F24FF47A7102FB13000A3080B213
:109320004143A448F2F780FEF3F756F800283FF4D3
:1093300022AD0123002218469F4994F800900DF0B9
:109340002AFAADF8680000283FF415AD0027013671
:10935000F2B23D463C463E460DF16C08FBB24B4531
:1093600014D3002C3FF407AD01232A461DA91AA8E7
:10937000F2F74AFD00287FF4FEAC22460221BDF838
:109380006800F2F723FEBDF8683001E70823404685
:109390000E9900960D92F2F7C9FD4146002000F0AB
:1093A00047FFFF280D9A0FD0844B1B5C0F2B0BD966
:1093B00098E8030005F1D8036B44643B83E803009D
:1093C00008350134EDB2E4B202F108030137DAB234
:1093D000C4E7002D7FF4CFAC19073FF53BAD4B46FA
:1093E00022465146584604F0F3F800287FF4C3ACF7
:1093F000842351465846724A37B0BDE8F04FFFF714
:10940000ADB823780F9810930EF073FD0021064637
:10941000584605F031F9664BB9F1310F1B78074614
:10942000A3F103030BD1012B34D9664B1D78664B96
:109430001B781D441623EDB20D93002209E0012B89
:109440002CD9624B1D780523002D14BF00228422E5
:109450000D930024109B012000935D492346019445
:109460000DF099F900283FF486ACF61BCDE90E44C7
:10947000F3B2DFF86C81574F1193ADF86C00E6B290
:10948000B54210D80E9A0221BDF86C00F2F79EFD8D
:109490000F9AC7E4162301250D93CEE70523002577
:1094A00084220D93D5E7162200211DA810F00BFB96
:1094B000B9F1320F40D13B7903F00302032A24D1E2
:1094C0008DF876200E9B0133DBB20E930E9A109B23
:1094D000934215D2BDF86C00F2F75CFB0D9B18446B
:1094E000119B98420CDC01230D9A1DA91BA8F2F7D1
:1094F0008BFC00287FF43FAC0F9B0133DBB20F9352
:10950000013408F112080837B9E7B9790029D9D12F
:109510003149C3F3C203CB5C1DA8012A08BF43F045
:10952000010339888DF876300AF081F879880DF1D9
:1095300077000AF07CF8C5E71DA80DF066FE4FF035
:10954000FF33CDE91F331F4B1B78B34260D998F826
:1095500004306F2BD4D830461FA9F4F731FE1F4BCF
:10956000B8F80020B3F8E43092B9003B18BF0123EB
:109570005B0143F004038DF8863002238DF88730B9
:10958000B8F802301B0A11468DF8893021A8D0E7BF
:109590009B1A18BF01235B0143F005038DF8863049
:1095A00002238DF887300F238DF88830E8E700BF5D
:1095B000543E0020A82A00201AD60300913D002026
:1095C0001BD603004D3E00204C3E0020B949002030
:1095D00018D60300723A0020CDD50300282F0020B2
:1095E0001C3800200132D2B2561EF6B23046139318
:1095F000129200F0DDFEDDE9122310F0010FF1D030
:1096000065490978611A994205D00133DBB2E9E76F
:1096100001220023E8E7614B1FA918783044C0B24B
:10962000F4F7CEFD304600F0B1FD1290304600F068
:10963000BFFE10F0010F129A0FD116238DF886305D
:10964000574B1B780133DBB20F2B28BF0F238DF84C
:109650008830544B33F8163094E73046129200F0BD
:10966000A7FE10F0020F129AE7D11223E6E71A07BD
:109670003FF5F0AB23465A4651460F9804F000F8E8
:1096800000287FF478AB002D7FF475ABB0E695B180
:10969000454B1B78033B012B7FF66DAB0DF0BEF9FC
:1096A00018B9BBF1000F7FF466AB207837B0BDE886
:1096B000F04FF5F7E1BC0DF0B1F920B13A4B1B7852
:1096C000033B012B01D8802393E62B465146584695
:1096D000364AFEF743FFE8E70DF0A0F9B8427FF401
:1096E0004AABA01CF3F784FB00283FF444AB0DF019
:1096F00095F904460DF092F92D4B2E4ACDE9400321
:109700002346AFE4204609F090FFFFF793FA0028C4
:109710003FF431AB4090002351465846264A37B0BB
:10972000BDE8F04FFEF71ABF524659460020CDE97A
:1097300040540D9B37B0BDE8F04FFEF791BD524647
:1097400059460120CDE940540D9BF3E72B46514685
:1097500058460D9A409437B0BDE8F04F04F020B859
:1097600001231AA91A461BA8F2F74EFB00287FF422
:1097700002AB08F101085FFA88F80137FBB20D93DC
:10978000EEF758FF0D9B98423FF61CADB8F1000F65
:109790003FF444ABFFF745BB4D3E0020B4490020E9
:1097A000FC3E0020FA3A0020543E00201BD6030065
:1097B000CF3E0020C9D50300A3D503002DE9F04317
:1097C00089B004460D4616460FF0F9FC0DF10A0269
:1097D000014620460FF0AEFB284F0446DFF8B0806C
:1097E000002844D101233B702B88BDF80A1033B107
:1097F00003460246072008F090FE002837D0204B91
:10980000D8F80010B3F80090ADF80C9089B1082298
:109810000DF10E0010F03DF90C211A4B1A481B787F
:109820008DF81630194B1A78E3B2934206D3FF2312
:109830000BE0CDF80E10CDF81210EDE7013401FB6E
:1098400004FC30F80CC0CC45EED1BDF80A008DF810
:109850001730F2F79FF90446BDF80A00F2F77EF9D7
:1098600029460090E3B2304603AA09F0CEF800235F
:10987000C8F800303B7009B0BDE8F083173F002006
:10988000183C0020163F002048360020AB4900203D
:10989000C8300020F8B5144B04461D88134B0580D2
:1098A000196819B10822023010F0F3F8104B0C209F
:1098B0001B78104EA372104B19780023DAB28A423B
:1098C00001D3FF2205E0013300FB03F7F75BAF4252
:1098D000F4D10A4BE2721B782373094B1B78637334
:1098E000084B1B682361F8BD183C0020C8300020DD
:1098F000163F002048360020AB490020F83E0020EB
:10990000F73E0020B430002073B5ADF806000DF12D
:1099100006000CF04EFD014608B102B070BD0DF11D
:1099200006000CF0BDFD0446F2F718F9C67A002EC9
:10993000EDD120460EF09CFEFF28E8D000F020FD7F
:10994000054BD3F80451002DE1D033462246412186
:109950003046A847DBE700BF282F002073B5002260
:1099600000210C2000F06EFD002119480CF026FDAE
:1099700001250446164E84B120460EF079FEFF28DC
:1099800005D1214630460CF06FFD0446F3E7042272
:109990000023009500F02AFDF3E721460D480CF066
:1099A0000DFD012504460B4E0CB902B070BD2046DA
:1099B0000EF05EFEFF2804D008220023009500F080
:1099C00015FD214630460CF04FFD0446ECE700BF84
:1099D0001C3C00201E3C00202DE9F84F10460E468E
:1099E000174699460FF09CF9254A264B0021B0F501
:1099F000006F14BF9046984640460CF0DFFC4FF0D5
:109A0000000A0446DFF880B00CB9BDE8F88FBC420C
:109A100028D12046F2F7A2F8857A80F80BA0013D04
:109A2000EDB2857216B13F2E00D02DBB07F0A4FB1E
:109A3000054620460FF074F9B0F5006F4FF00002B4
:109A4000214615D10F480CF04AFDFFF787FF284645
:109A500007F098FBDBF8045125B14B463A463146F6
:109A60000020A847214640460CF0FEFC0446CBE708
:109A700003480CF034FDEAE7FFF770FFF2E700BFA0
:109A80001E3C00201C3C0020282F002000232DE934
:109A9000F34706460F464FF6FF78284CDFF8A090B4
:109AA000ADF8063020460CF084FC054648B929463E
:109AB00020460CF083FC8246F2F750F80389B3424B
:109AC00017D94C4501D1FFF749FF002120460CF082
:109AD00075FC054607F1FF3A5FFA8AFAD5B94C459D
:109AE00016D1BDF80600FFF70FFF404602B0BDE8F3
:109AF000F0877B1EDBB2FD2BD4D9294620460CF023
:109B0000CFFC2A4651460DF106000CF05DFCC9E77A
:109B10004C46C7E7BAF1FD0F09D92846F2F71EF8FF
:109B200003899B1B9BB2984528BF98460381294611
:109B300020460CF099FC0546D0E700BF1E3C0020F3
:109B40001C3C002008B508F063F90B4AFF2113887C
:109B50001080C31A98B2FFF799FF4FF6FF730146C2
:109B60009942064803D1BDE80840F2F7F9BABDE8CA
:109B70000840F2F759BA00BF203C002044480020BA
:109B8000174B00282DE9F041164D18BF1D460F4612
:109B900028464FF000010CBF4FF008084FF00208B4
:109BA0000CF00CFC044610B92046BDE8F0812046BC
:109BB000F1F7D4FFC37A064623B1214628460CF0BC
:109BC00053FCEFE720460FF0DAF8424601463846EC
:109BD0000FF04FFF0028F0D1B378002BEDD1E3E771
:109BE0001C3C00201E3C0020014B1860704700BF49
:109BF000CC30002010B504460548F2F7B1FA002336
:109C0000044A1380044A1380044B1C8010BD00BF1B
:109C1000444800201E3C00201C3C00201A3C002030
:109C200008B50448F1F7C0FDBDE808400248F1F767
:109C3000BBBD00BF1E3C00201C3C0020014B188017
:109C4000704700BF1A3C00202DE9F34104468846C6
:109C500008F0DEF8324B074620461E880EF008FD5D
:109C6000054620460FF05CF8B0F5006F32D1FF2DAD
:109C700006D00123042200932846002300F0B6FBFF
:109C8000B8F1000F1DD107F077FA214605462548A7
:109C90000CF0B8FB284607F075FA23480CF0AEFD2F
:109CA000224BA8B31988711A17FA81F086B22046A0
:109CB000F1F754FF032306818372002002B0BDE850
:109CC000F08107F059FA00222146054615480CF0AC
:109CD0007BFBDFE716480CF0D1FB04281ED8FF2DD4
:109CE00006D00123082200932846002300F07EFBC3
:109CF000B8F1000F05D107F03FFA214605460C48A0
:109D0000C6E707F039FA0022054621460848DEE793
:109D1000314605481F80F2F787F9C8E71C20CDE7D8
:109D20001A3C00201C3C002044480020203C00201D
:109D30001E3C00202DE9FF4708460C460EF0D5FFDB
:109D400000F4805820460FF056F8054620460FF0E4
:109D500029F8B0F5404F1BD1B8F1000F14D02946B7
:109D60000020FFF70DFF054670B1F1F7F7FE002365
:109D7000404A81780446009218462A460193F1F73A
:109D800069F808B90123E372012004B0BDE8F08747
:109D9000284609F04AFC814600F07AFAFF28074677
:109DA00037D00125A0F12006C0F12003324925FA61
:109DB00003F305FA06F61E438540D1E900232A4342
:109DC0003343C1E9002300F09BFA044638B138461A
:109DD00000F0EEFA10F00C0F14BF01240024B8F1CB
:109DE000000FD1D04FF0000A03A90120ADF80C906C
:109DF000FFF7C6FE8146F1F7B1FE8046B9F1000FCC
:109E00001ED1BAF1000F14D1FF2FBDD0002CBBD151
:109E100028E01A4B1B684BB148469847044628B1C6
:109E2000B8F1000FB0D000252E46DBE7B8F1000FE7
:109E300001D10020A9E7002501242E46A246D3E740
:109E400074B100230B4A8178009218464A46019368
:109E5000F1F700F8002897D1012388F80B3093E739
:109E6000FF2F91D0064BD3E9001229433243C3E9B7
:109E7000001289E7D999020030160020CC3000206A
:109E80002816002038B504460EF04AFF0546204645
:109E90000EF075FFA5F5006304460146584258418F
:109EA000FFF76EFEB0B9B5F5006F01D0002038BDE8
:109EB000204609F0BAFB00F0EBF9FF28F6D0064B7C
:109EC00000B21B6833F8100000F4E260003818BFDD
:109ED0000120ECE70120EAE7D03000202DE9F7432C
:109EE0004FF000090746ADF8049000F061FA10F059
:109EF0000C0F29D04FF00208154D2B88A5F80090C3
:109F0000ADF806300DF106000CF053FA044630B1FE
:109F1000B8F1010F14D04FF001080E4DEDE72146C6
:109F20000DF106000CF0BCFA06460EF0A1FBB8429B
:109F30002246314614BF284601A80CF045FAE1E755
:109F4000BDF80400FFF7E0FC03B0BDE8F08300BFFC
:109F50001E3C00201C3C00202DE9F04FDFF8208142
:109F600085B0D8E9003213437CD105B0BDE8F08F4D
:109F700002EA040103EA0700014327D022EA0402AF
:109F800023EA0703C8E90023DAE9002302EA04050B
:109F900003EA070C55EA0C056FEA04006FEA0701B3
:109FA00024D1304600F004FAC2070FD5304600F045
:109FB000E7F9DBF81831002B45D11D46304600F09B
:109FC000E5F8DBF800310BB12946984724197F41A9
:109FD00009F10109284B5FFA89F61B78B342C4D90D
:109FE000D8E9002352EA0301C2D1BEE702400B4088
:109FF0003046CAE9002300F0DBF9C307E6D51F4B62
:10A0000030461B6833F8163003F48873102B10D0D9
:10A0100000F0B6F9DBF8183113BB1D4601231022FE
:10A0200000933046002300F0E1F90020F0F776FEBF
:10A03000C4E700F0A5F9DBF818310125002BBDD0ED
:10A040000122039502E000252A4603950392002190
:10A0500030469847039A002AB0D0002DAED1DDE7F4
:10A060000025EDE74FF0000901244F46DFF814A06A
:10A07000DFF814B0AEE700BFF8490020D030002070
:10A080003016002028160020282F0020F8B503469F
:10A09000084613B309B3402A1FD8114900260B60A4
:10A0A00010490027086010494FF0FF350A70002161
:10A0B0000C4604338A4205DC002152000FF003FDF8
:10A0C0000020F8BDC3E9036703F8044C23F8024CF1
:10A0D0001D605D6001311833ECE72120F1E700BF1E
:10A0E000D4300020D0300020F8490020F0B5144CC6
:10A0F000DDE905672568EDB1F0B9124800788842BE
:10A100001AD901EB41014FEAC10C05EBC10415F866
:10A11000311011B92169C90710D4002005F80C00CD
:10A1200062801A6846F0010662605A68C4E90467F2
:10A13000A260F0BD0220FCE72120FAE72E20F8E71C
:10A14000D4300020F84900200E4B30B51A68A2B177
:10A150000D4B1B78834212D900EB400002EBC00389
:10A16000C100002400200025C3E9044550544FF0ED
:10A17000FF3258805A609A6030BD0220FCE72120EF
:10A18000FAE700BFD4300020F8490020094B1B68D3
:10A1900063B1094A1278824208D900EB400003EB10
:10A1A000C0031A69D20701D5588870474FF6FF706F
:10A1B000704700BFD4300020F8490020094A034608
:10A1C000106870B1084A12789A4209D903EB430328
:10A1D00000EBC303186910F0010002D0181D70478E
:10A1E00000207047D4300020F8490020F8B50E4B0D
:10A1F00005461C6834B128B100260C4B1F78F3B219
:10A200009F4202D84FF6FF7009E008222946201D20
:10A210000FF02FFC20B92369DB0701D56088F8BD5A
:10A2200001361834EBE700BFD4300020F849002095
:10A23000F8B5154B04461D680E46E5B1134B1F7863
:10A24000874218D900EB400305EBC30526B92B69FB
:10A25000DA0712D42046F8BD08223146281D0FF037
:10A2600008FC50B92B69DB07F4D40134E4B2A742EF
:10A2700005F11805F0D1FF24ECE70134E4B2A74260
:10A2800005F11805E2D1F6E7D4300020F8490020A6
:10A290000A4B01461B6830B52BB1094A14780022DD
:10A2A000D0B2844201D8FF2030BD5D888D4202D1FA
:10A2B0001D69ED07F8D401321833F1E7D4300020DE
:10A2C000F84900200C4B1B689BB14FF6F772914286
:10A2D0000DD80A4A1278824209D900EB400003EBFC
:10A2E000C0031A69D20704D5002059807047212085
:10A2F00070470220704700BFD4300020F84900208A
:10A300000F4A03461068D0B10E4A12789A4215D906
:10A3100019B203EB430300EBC300036913F0010020
:10A320000DD0094A126832F8112002F4E2622AB90B
:10A3300013F00C0F14BF012000207047012070475C
:10A34000D4300020F8490020D03000200A4A0346CB
:10A35000106878B1094A12789A420AD903EB43038C
:10A3600000EBC300036913F0010003D0C3F3001036
:10A3700070470020704700BFD4300020F84900200B
:10A38000094B1B686BB1094A1278824209D900EB6C
:10A390004000C20003EBC0000169C90701D5985C09
:10A3A0007047FF20704700BFD4300020F8490020DC
:10A3B0000C4A0346106890B10B4A12789A420DD9A4
:10A3C00003EB430300EBC300D0E9043213F00100B8
:10A3D0004FF0000104D01846114670470020014696
:10A3E000704700BFD4300020F849002070B51C46EB
:10A3F000124B9DF810601968D1B1114B1B78834244
:10A4000018D900EB4000551E01EBC0012543D1E9EE
:10A41000040301D0C5070FD52EB110432343C1E972
:10A420000403002070BD20EA020023EA0403F6E7DB
:10A430000220F7E72120F5E72D20F3E7D4300020B4
:10A44000F8490020134BF0B51B6803B300266FEAF0
:10A45000000C6FEA010E104C2778F4B2A74201D825
:10A460000020F0BDD3E9044514F0010F07D014F02B
:10A47000020F04D132B104430D43C3E90445013650
:10A480001833EAE70CEA04040EEA0505F5E70220B2
:10A49000E7E700BFD4300020F84900200B4B70B52F
:10A4A0001B682BB100240A4A1678E2B2964201D802
:10A4B000002070BDD3E9042502400D402A4304F179
:10A4C000010403F11803F0D00120F2E7D43000209A
:10A4D000F84900202DE9F0470026FF27B246164D27
:10A4E000DFF8588098F800305FFA86F94B4502D8BB
:10A4F0003846BDE8F0872B792F2B0FD928460CF072
:10A5000076FD2B796C7903F0070304F00304834292
:10A510002CBFE4182418E4B2A24506D95446B94623
:10A52000A2464F4612350136DCE7288801F0A6F82E
:10A530000028F3D1F4E700BF1C3800204D3E002076
:10A540002DE9F04F89B082460EF03FFC0290504654
:10A550000EF063FD0026411C0546C9B25046F1F7D6
:10A5600021FD3446B346B146B04600F01F00023527
:10A5700000EB4000EAB27D4F50FA85F5EDB2AA42F9
:10A5800076D97B4E3378002B6FD0A400B4FBF3F464
:10A59000E4B2042C029808BF0324F3F7BFFA05467F
:10A5A00000283FD1FFF796FFFF285ED0714B05B220
:10A5B000049018780CF002FD80452CBF04EB0801D4
:10A5C0002118B8F1000F14BF01230223674F05EBD8
:10A5D000C50507EB450553FA81F3284603930CF0B4
:10A5E00006FD95F804C06B790CF0070103F0030336
:10A5F00088422CBF1B185B18039ADBB29A4234DAEC
:10A60000049AB8F1000F04D119B13378033B5B45CC
:10A610002BDC104602990CF092FC05B205EBC50547
:10A6200007EB45052B791E09B8F1000F7ED0414696
:10A6300028460CF006FD032128460CF008FDB9F170
:10A64000000F09D1002E40F0848008F0B0F9C0F36B
:10A650000B014948F1F7E8FC6B79504623F00303FE
:10A660001C446C710EF046FBA87309B0BDE8F08F76
:10A670004ED0424B51461B8807A8ADF81C304FF016
:10A6800000038DF81E300023009303230392F1F79B
:10A690004DFC9DF81E30BDF81C101B09039A18BF15
:10A6A00009F10109CDE9041318BF5FFA89F9039292
:10A6B0000CF0B4F90499039A8842059B03D19DF8E4
:10A6C0001E8008F00F082E4890F800C014E017F81C
:10A6D0000E0C10F0070003D00BF1010B5FFA8BFB9F
:10A6E000AA4207D037F812EC8E4503D113B108B156
:10A6F0000134E4B20136F6B2AA4207F112070BD1D7
:10A70000B4450FD917F80E0C10F00700E4D1F1E7AB
:10A7100000234FF6FF71D6E737F8120C884201D8B4
:10A72000B445D4D80332123FD2B228E7022E14D94E
:10A730005B0707D0414628460CF089FCB9F1000FB1
:10A7400083D089E7032128460CF081FCB9F1000F82
:10A7500082D1062E3FF679AF7EE7314628460CF0CF
:10A7600076FC59EA06063FF470AF75E71C38002006
:10A77000B4490020F83E0020E82A0020D5D5030087
:10A780004D3E00202DE9F0430823002485B08DF8CC
:10A7900008300646022301214FF6FC70CDE9004443
:10A7A00002AA0EF016FCADF80A00D8B12746DFF871
:10A7B000A080DFF8A09099F80020E3B29A4224D854
:10A7C000BDF80A4020460EF028FC411C47F060020C
:10A7D0002046C9B2F1F7FAFB0022BDF80A00114683
:10A7E000F4F70EF808F0E3F8184AC0F30B011378F9
:10A7F00001F55A51013113B1013B890813703046FC
:10A8000005B0BDE8F043F1F70FBC18F80E5C6F2DF2
:10A8100017D8404630F8123D2D01ADF80C300CF041
:10A82000E6FB05F0700528448DF80E000123032295
:10A8300003A90DF10A00F1F7E7FA0028D2D1013798
:10A84000FFB2013408F11208B5E700BF493E00200D
:10A850002E3800204D3E002010B5054C2046F1F763
:10A860007FFC2046BDE810400021F1F7DDBB00BFB2
:10A87000E82A00202DE9F043284D87B0F6F76AFA60
:10A880002A7827492748FFF701FC09212A7826481A
:10A890000FF019F90026224FDFF89480DFF894902A
:10A8A0002B78F4B2A34202D807B0BDE8F0830B23A3
:10A8B0002246182103A807F01AFB4FF6F670BDF8E0
:10A8C00014209DF81630511E89B2814215D80020FF
:10A8D000C3F3C003DB1840EB0001CDE90031214692
:10A8E00003ABFFF703FC0028DED14FF4805327F8B9
:10A8F000143048F8240029F81400012322461B21B3
:10A900000DF10A0007F0F3FABDF80A20064B0136F4
:10A910001A558022054B1A55C2E700BFBB490020DB
:10A920003C3B0020E8100020913D0020203E00200C
:10A93000A4290020FA3A002010B50A4B1C78FFF732
:10A94000A7FCFF280DD0012C38BF0124064A2302A2
:10A9500032F8101019B101EB1313A3EB111322F805
:10A96000103010BDF83E0020FA3A00202DE9F047E3
:10A97000002506460F46AA46DFF84490DFF84480DB
:10A9800099F80030ECB2A34202D85046BDE8F087F7
:10A990002046FFF70DFDC2070CD52046FFF708FD46
:10A9A000830707D438F8143037B133434FF0010A26
:10A9B00028F814300135E3E723EA0603F6E700BF81
:10A9C000BB4900203C3B002010B5084B084A1C78CE
:10A9D0000023D9B28C4201D8002010BD32F8021BEE
:10A9E000013330EA0101F4D10120F6E7BB49002030
:10A9F0003C3B0020F0B50C464FF6F77187B08A4219
:10AA000086461D469DF8306002D9002007B0F0BD93
:10AA1000596818680DF10C0CACE803002A49ADF830
:10AA200014200978A142F0D900218DF81660B610E3
:10AA300006F002060191704621460096FFF756FB8C
:10AA40000028E2D1214B224A43F824009DF83830F7
:10AA5000204E1B0222F814304FF4A0432146182048
:10AA600026F8143003AA0B2307F04AFA9DF8343075
:10AA7000194A13F0040F17BF0123184B135536F86A
:10AA800014300BBF1B7843F00803135526F814301D
:10AA9000214601231B20224407F032FA0021104BEB
:10AAA000104A1B782846234442F8231003F0B2F8DA
:10AAB0000D4B1855284603F0D5F80C4A01201378A1
:10AAC00001331370A2E700BFBB490020A429002076
:10AAD000FA3A00203C3B0020913D0020A049002094
:10AAE000B449002078220020203E00204C3E002067
:10AAF000054B1B78834206D90021044B044A1B787E
:10AB0000034442F823107047BB490020B449002099
:10AB100078220020074B084A18780023D9B28842CF
:10AB200000D870471188013321F4805122F8021BAC
:10AB3000F4E700BFBB4900203C3B002030B585B0A6
:10AB400004460D46E2F7DEFAA04202D8172005B00F
:10AB500030BD2046FFF72CFCC007F7D50B2322465B
:10AB6000182101A807F0C3F99DF80E2001AB03CB13
:10AB700069609107286030D412F0080F0CBF0423DD
:10AB800003232B722046FFF701FB154B68811B5DE9
:10AB900020466B73FFF7F4FB124A2873135D4FF4E2
:10ABA0007A7103F00F03AB73135D002013F00F03F2
:10ABB0001FBF03F1FF32022393403C2218BF5343CF
:10ABC000094A08BF0A2352F82420B2FBF1F29A4244
:10ABD0002CBF00239B1A2B61B9E70223D1E700BFEA
:10ABE000203E0020913D0020A4290020F8B5194EF8
:10ABF0000446337883422BD0FFF7C8FA4FF6FF772D
:10AC0000B84225D020463470FFF768F92046FFF798
:10AC10009BFA0546E0B9104A1378013B1370F4F72C
:10AC2000ADF9294620460DF0B8FD80220B4B204699
:10AC300023F814500A4B1A550A4B23F814500BF002
:10AC400025FE2A463946112007F079FEFF2333708E
:10AC5000F8BD00BFF94900204C3E00203C3B0020DD
:10AC6000203E0020FA3A00202DE9F04F82460E46A1
:10AC700015464FF000088BB01F469DF854309DF8E4
:10AC800050B005934E4B5FFA88F41B78A34207D867
:10AC90004FF6F7739D421AD817F002083ED018E01D
:10ACA0002046FFF773FA0B2381462246182107A896
:10ACB00007F01DF94FF6FF737EB9994516D14FF68F
:10ACC000F7729DF82630954203F0EF0311D94FF645
:10ACD000FF7528460BB0BDE8F08F994506D00822D5
:10ACE000304607A90EF0C5FE0028E8D008F101089B
:10ACF000C8E79F4207F002092DD0F3F7ADF900280D
:10AD00005BD1304B304A1B7853FA88F312F823801A
:10AD100020460DF062FDB9F1000FDAD1E2F7F2F949
:10AD20002A4B1B788342D2D000210846FFF780FAD5
:10AD3000FF280446CBD0059B0146CDE901B32A4646
:10AD4000334650460097FFF755FE0028BFD0F4F772
:10AD500015F9C14612E02046FFF718FAA842CCD1F7
:10AD6000B9F1000FB5D1304602F054FF184B5FFA2D
:10AD700088F803F80800304602F074FF5946204670
:10AD80000DF0DFFC2046FFF701FA05460BF046FE0A
:10AD900000230146012228460EF059FBF3F75CF927
:10ADA00028B9084B084A1B78234442F823902046D0
:10ADB0000BB0BDE8F04FFFF7E9B94FF00008A7E787
:10ADC000BB490020B4490020782200204C3E0020DE
:10ADD000203E0020F8B50026104F3C78F5B2AC427A
:10ADE0000FD800250E4B6400224629460D481D70E1
:10ADF0000EF069FE22462946BDE8F8400A480EF0EA
:10AE000062BE2846FFF76AF8002128460DF0C5FC0F
:10AE10002846FFF799F90136DFE700BFBB4900205C
:10AE20004C3E00203C3B0020FA3A0020024B80219F
:10AE30001A7802480EF047BEBB490020203E002091
:10AE400073B5044616460D460DF0DEFC03230020C4
:10AE5000CDE90030054B224629469B5DFFF704FFF4
:10AE6000001B18BF012002B070BD00BFD8D5030081
:10AE700038B5FFF70DFAFF28044614D00A4D35F80F
:10AE800010301B070FD5094B094A1B780146135494
:10AE9000012302441B2007F033F835F8143023F067
:10AEA000080325F8143038BD3C3B0020A0490020A1
:10AEB000913D00202DE9F04F794B05461B788946DE
:10AEC000022B17468BB004D0002630460BB0BDE8ED
:10AED000F08F0DF0F7FB06460028F5D14FF6F97319
:10AEE0009D4262D04FF6F8739D4276D02B0A2846D9
:10AEF0000DF11E018DF81C308DF81B50F1F7E2FEAC
:10AF0000002814BFB0464FF02008B34614BF0623F4
:10AF10000E23022229463846039300F0EBFC01225F
:10AF20000446039B002840F0B880DFF880A18DF82C
:10AF300018209AF800204946CDE900008DF81A2023
:10AF40008DF81D0006AA4FF6FC708DF819800EF0E2
:10AF500040F881460028B7D00BF060FDB8420FD012
:10AF600048460DF0CFFF3946043008F060FB384604
:10AF700004A90DF06CFB70B1484604A90EF0B0F8BE
:10AF8000484B1B78033B012B2BD84FF6FF714846EB
:10AF90000CF091FA06469AF80030FF2B0EBF012301
:10AFA0000133DBB28AF800308FE74FF008084FF02A
:10AFB000200B3C4B1B78033B012B85D90BF02EFD5E
:10AFC000B84281D10BF02AFDFC238DF81B30FF2302
:10AFD00005468DF81C3006239BE74FF01008C3464A
:10AFE000E7E70DF0ECFC80460028D4D00BF016FD0E
:10AFF000A8422DD12C4B1A7852BB03214846F3F7B7
:10B00000FFFB0028C7D09AF80030A8F8007088F835
:10B010000430002388F8053088F808300BF0FEFC77
:10B02000A84202D1204B1B7853B10BF0F7FCB84279
:10B0300006D12CB1237923F0030343F001032371DC
:10B0400000224FF6FF710C2007F079FC0126A2E7E1
:10B050005946284608F1070200F078FC044600280B
:10B0600099D0002203214846F3F7CAFB0028CAD131
:10B07000237903F00303012B8DD10BF0CFFCA84201
:10B0800003D1094B1B78002B85D0237943F00303B0
:10B0900023714FF6FF7323807DE7164615E700BF47
:10B0A000533E0020543E0020FA490020183F002063
:10B0B00037B50E4B05461B780C46033B012B11D9C7
:10B0C000E2F744F801280FD0821E53425341590140
:10B0D00028460DF1070200F039FC18B10021448028
:10B0E0000DF054FC03B030BD1021F1E7543E0020B8
:10B0F0002DE9F0438BB0857AB0F8069004460E46F1
:10B1000017460BF08BFC8145804605F0400541D188
:10B11000002160880BF080FF0246002E44D10823F6
:10B1200004A9C14501EB03060CBF234902A9086825
:10B13000496803C6A2B3022100268DF81720012218
:10B140008DF81010217A45F020058DF81210A18895
:10B1500008338DF81310090A8DF81410E188CDE931
:10B1600000268DF81510090A8DF8161060883146F2
:10B1700004AA8DF811500DF02CFF054680B16188AE
:10B180000DF0F7FD79003246284601F0FE01F3F795
:10B1900037FB06E0E08802A90DF059FA0028B7D184
:10B1A00000200BB0BDE8F0833068716806AB03C3C4
:10B1B00045F010051023B3E7CF3E00202DE9F743FB
:10B1C00088461E46074691460DF09CFE0021044627
:10B1D00030460BF021FF054608F107013846C9B299
:10B1E000F0F7CEFE7DB1B9F1000F02D103781D4416
:10B1F000EDB2057063781A0716D569463046F1F747
:10B2000061FD024618B1002003B0BDE8F0830821BB
:10B2100068460BF046FB0028F5D120460DF033FFC1
:10B22000082269460EF035FC0BF0F8FB0146201DA4
:10B2300008F0FDF96378DB0603D538460B490DF0BD
:10B240004FFF3146A01C08F0F2F9314638460DF0A8
:10B2500090FD074A13780133DBB21370E371A379D1
:10B260000BB10120D0E70123A371FAE7CF3E002004
:10B27000513E0020FF232DE9F04F8FB08146164646
:10B2800005918DF822301AB301230BAA0DF0F1FAC3
:10B290009DF836500446EF0625D50027059BBDF8DE
:10B2A000308003F108024946D2B209A8082300976A
:10B2B000CDE90977F0F73AFE3A46404609A9F8F792
:10B2C00073FB002840F08C80A90627D510220DE0E2
:10B2D00013460BAA0DF0CDFA9DF836500446A80689
:10B2E00063D5062202E0AA0618D508220023059994
:10B2F000BDF832700A44CDE9093349460093D2B211
:10B3000009A80823F0F712FE384686F0010209A9C1
:10B31000F8F74AFB002863D1002E46D0BDF8307004
:10B320000BF07CFB874249D038460DF0CBF98046C4
:10B33000002E45D1BDF82EB0002158460BF06CFE12
:10B34000BDF82C300390184606930DF0BBF9064665
:10B350000BF064FB069B834242D0B64B1B78033B49
:10B36000012B3DD915F04003049339D1039B0BB950
:10B37000002E35D09DF83570039B05F018051F444D
:10B38000FFB2082D8DF835706CD120230493002C6A
:10B3900040F042810DF013FB054608B3002E40F04B
:10B3A000B28033460126B24674E0BDF832700BF02D
:10B3B00035FB8742B8D14FF00108BBE74FF00108D9
:10B3C000002C43D09C4BE279678803EBC20633F82C
:10B3D0003220BDF832309A4205D04FF6FF732380F9
:10B3E0000FB0BDE8F08FBDF82EA0B8F1000F08D067
:10B3F000002130460DF0CAFAA6F802A00CF02AFF90
:10B40000EEE7BDF830000DF0C9FA0546414630467A
:10B410000DF0BCFAA6F802A0884E2DB14146284690
:10B420000DF0B4FA63886B800CF014FF3378002BB6
:10B43000D6D03B46002248460599FFF7BFFE0028BC
:10B44000CED0394648460CF036F8C9E70CF002FF7A
:10B450007A4B1B78002BC3D0B8F1000FC0D14FF648
:10B46000FF77E6E7102D01D1049590E7B8F1000FC2
:10B470008DD1002C3AD0C2460021BDF832000DF12A
:10B48000220200F063FA03460028A9D0002E40F003
:10B49000CB8025460499BDF830000DF123020793B7
:10B4A00000F054FA044600289AD0644A079B1278A8
:10B4B000002A79D0BAF1000F26D102462C466179D4
:10B4C000B9427FD92546A4F802B067711446002B13
:10B4D00000F09F809DF82230EA799A4200F099802E
:10B4E000002E40F08F80EB71002540E00DF067FAF0
:10B4F000044600283FF474AF4FF0010ABCE7002275
:10B5000001261346DBE70126B8F1000F1FD107F033
:10B510004EFA7E23B0FBF3F202FB130005993A4684
:10B520000531C9B25FFA80FA4846F0F74FFD4FF691
:10B53000FF7148460DF01DFC039B032B2CD9AAF18B
:10B540007E0A022148465FFA8AF2F3F759F9069B10
:10B55000A5F802B02B809DF834306F712B71002359
:10B560002B72002E42D19DF82230EB710125B8F1EB
:10B57000000F3FF435AF484609A90DF091FD0028B2
:10B580003FF42EAF2A4609A90BA8FFF7B1FD27E724
:10B59000002625463446BAE7039B012B94BF0AF1E7
:10B5A000020A0AF1420ACCE7BAF1000FCFD1697959
:10B5B000B94209D9A5F802B06F71002B8AD1002ECB
:10B5C00092D024E025461446049A002A3FF408AF9E
:10B5D0008F427FF405AF039307F0E9F983077FF407
:10B5E000FFAE039BA5F802B06F7170E7FF23EB710C
:10B5F000002CBBD001252379A4F802B023F003036B
:10B600002371B4E7FF23EB71002C3FF46DAF0025ED
:10B61000F1E7002CD3D167E7002E7FF470AFB2467C
:10B6200025460126534635E7BAF1000FB0D15646FC
:10B63000524644E7543E0020723A0020BA490020A6
:10B6400070B50C4B4FF6FF751C78002302460A4874
:10B650009C4201D1002005E00688964206D1AA420C
:10B6600001D10B7070BD8679002EFAD001330830FD
:10B67000DBB2EDE7B9490020723A0020002210B594
:10B680000A4B1C780A4BD1B28C4201D8002010BD65
:10B690005988814204D11979890701D1997911B169
:10B6A00008330132EFE70120F1E700BFB94900207C
:10B6B000723A002010B5084B01461C780023074A57
:10B6C000D8B2844201D8FF2010BD914203F101039A
:10B6D000FAD00832F4E700BFB9490020723A0020DE
:10B6E00038B50446FFF7E6FFFF28054603D13F21A2
:10B6F0000B48DDF7C3F94FF6FF7320462380A37193
:10B7000003210DF043F9074B07481A78002107324F
:10B71000D21002FB0500BDE838400EF0D4B900BFDE
:10B72000DDD50300BB490020DF3D0020F8B504460D
:10B730000026124D124F3A78F3B29A4209D80022ED
:10B740004FF6FF710F4B1D780F4BD0B285420BD8CF
:10B75000F8BDFF2C02D0AB79A34202D12846FFF7F7
:10B76000BFFF08350136E6E7FF2C02D0187AA04269
:10B7700001D1198019720A330132E6E7723A0020CA
:10B78000B9490020B8490020223A0020FF28F8B526
:10B7900004462CD0164B1B78834203D880211548D1
:10B7A000DDF76CF94FF6FF75134A32F8341002EBEF
:10B7B000C4000379A94203F0030318D0012B16D16A
:10B7C00000220E4B1F780E4BD6B2B74203D8BDE80D
:10B7D000F840FFF785BF1E88AE4205D093F807C03A
:10B7E000A44504D0B14202D00A330132ECE7F8BDDF
:10B7F000B9490020DDD50300723A0020B849002085
:10B80000223A00202DE9F74306F00BFB324B1B7860
:10B81000033B012B21D9314B1D88451BADB2E5B14E
:10B8200018804FF6FF7700202D4A13782B44C3F37E
:10B83000C81403F07F0313702A4B2B4A1E78C3B23F
:10B840009E420DD800264FF6FF77284CDFF8A090D7
:10B8500099F80020F3B29A4216D803B0BDE8F083FD
:10B860001388BB420DD0137999070AD104EB9311C9
:10B87000022928BF022103F03F0389B243EA811362
:10B88000137108320130DAE734F80A8CB84506D073
:10B8900014F8043CAB4205D95B1B04F8043C0136A8
:10B8A0000A34D5E70BF0BAF8804534F80A3C04F8BE
:10B8B000027C24F80A7C09D018460DF10701FFF735
:10B8C000BFFE18B19DF80700FFF760FF14F8030CE6
:10B8D000FFF75CFFE3E700BF543E0020223C00205E
:10B8E000193F0020B9490020723A00202C3A00206C
:10B8F000B8490020F0B500244FF6FF770346104802
:10B90000DFF844C006780F48E5B2AE4201D8002007
:10B910000FE005889D4210D13AB1012A16BFC579C2
:10B9200005793CF83550A94207D1BB4202D1142316
:10B930008371F0BD057A002DFBD00A300134E3E7B6
:10B94000B8490020223A0020723A0020F8B50D468E
:10B95000114607461646FFF773FE002836D1024609
:10B960004FF6FF7C1E4B1F4C1978D3B2994206D874
:10B9700000231C4C8B4221D1F8BD0834F5E7B4F804
:10B9800000E00132E645F8D13370012327802371AE
:10B990000021A17165B1144B45F008051A78257195
:10B9A000D31DDA103078114B02FB00300EF08BF80B
:10B9B0002379204603F03F032371DDE722799209C2
:10B9C000022AE1D001330834DBB2D3E7037904461D
:10B9D0009A071EBF23F0030343F001030371D7E767
:10B9E000B9490020723A0020BB490020DF3D002009
:10B9F00073B50DF107010546FFF722FE40B103794B
:10BA00009A0705D113F0300404D043F00303037107
:10BA100002B070BD28460CF0C9FF094B4FF6FF710C
:10BA20001D7823469DF80760064AD8B28542EFD9B3
:10BA3000D0790133B04204BF118011720A32F4E7A9
:10BA4000B8490020223A002010B5134B1B788342DE
:10BA50001DD9124B1B78033B012B18D9104A04B295
:10BA600002EBC0039879A0B932F834200A805A88D2
:10BA70004A801B7903F003020A719A0952014A7144
:10BA8000C3F30112C3F381038A71CB7110BD01208E
:10BA9000FCE72D20FAE700BFB9490020543E002002
:10BAA000723A002030B50A4BCC081B78094D073399
:10BAB000DB1000FB0340012301F007018B402C5CED
:10BAC000DBB212B11C432C5430BD24EA0304FAE764
:10BAD000BB490020DF3D002070B50B4B04461B78AE
:10BAE000834204D840F24B210848DCF7C7FF002509
:10BAF000074E3378E8B2834200D870BD0022214659
:10BB0000FFF7D0FF0135F4E7BB490020DDD5030086
:10BB1000B9490020FF2810D0FF290ED0084BCA08D1
:10BB20001B7801F007010733DB1000FB0323054AF4
:10BB3000D05CC84000F0010070470020704700BF93
:10BB4000BB490020DF3D00200148EFF72DBE00BFBC
:10BB5000243C00202DE9F04397B006460F461446DA
:10BB60000AF05CFF20B10225284617B0BDE8F0833B
:10BB70003A4B1D6815F00205F5D10DF1340834B9C2
:10BB800040460AF099FE98B140F61245ECE720468F
:10BB90000CF0DFFB0028F3D12246444602F1100CE2
:10BBA000234610685168083203C362451C46F7D12A
:10BBB0004FF0010911A806F07BFF05A911A8ADF807
:10BBC000449007F0BDFA03A807F065FA09A911A887
:10BBD0009DF80E408DF8459007F0B2FA9DF80D20C3
:10BBE0009DF80F3072B31B1BDBB2802B2AD81022BA
:10BBF000404609A90DF03DFF0028B4D14FF6F77378
:10BC00009E4288BF0023164A88BF3B6012788ABFD5
:10BC10007B6023232123012A1BD0022A08BF212372
:10BC2000CDE900830022012339463046FBF7BAF9FB
:10BC300088B14FF6F7739E4296D90A4B1A780A4B91
:10BC40001A7091E7611C00224046C9B2FAF700FF62
:10BC5000D4E72323E4E7192586E700BF7C2B0020E7
:10BC60001A3F0020513E00201B3F002013B50AF070
:10BC7000D5FE90B91E4B1C6814F002040DD1684625
:10BC800007F009FA9DF802309DF803209B1ADBB2F9
:10BC9000802B02D99DF801301BB90224204602B046
:10BCA00010BD0AF0BBFE134B19780BF0D7F9D8B9C9
:10BCB0002146FAF723FF09238DF800300E4B224668
:10BCC0001B78022168468DF801300AF060FB0246BD
:10BCD00008B91924E2E7012321464FF6FF70FBF76C
:10BCE00049F80028DAD1F4E740F60C44D6E700BF63
:10BCF0007C2B00201B3F00204E3E00202DE9F0470A
:10BD00001E464D4B8CB01B681546074688469DF86D
:10BD1000509003F0080A0AF081FEA8423FD1B9F121
:10BD2000000F14D06EB9ADF806603D4604242246DB
:10BD3000414628460CF0E2FE00F001000CB0BDE8E0
:10BD4000F0870023ADF806303D4606243AE0384639
:10BD5000FEF79EFAFF28044605D0F2F77DF910B1F0
:10BD60002046FEF7C5FE96B10023ADF80630F7F782
:10BD7000C9FE0028E8D0062440460DF1060202A9BB
:10BD80000BF04FFED8B94046F8F7DAF817E0ADF8F7
:10BD90000660F7F7B7FE0028C7D00424ECE73EB3EF
:10BDA000BAF1000F2ED000230B24ADF80630B9F104
:10BDB000000F0AD1F7F7A6FE2F460028DCD13D463A
:10BDC000002EB4D0BAF1000FB1D004F00402414605
:10BDD00042F0110228460CF091FE224606464146EA
:10BDE00028460CF08BFE002814BF30460020A3E745
:10BDF000BAF1000F14D00124ADF80660B9F1000FBC
:10BE000095D1D7E70B24284602A9F0F75BFF074638
:10BE100068B902A807F062FB20B9ADF80600EDE7AB
:10BE20000124F0E744F00204ADF80670E6E70023D1
:10BE3000ADF80630E2E700BF7C2B0020F7B50646E0
:10BE40000F4615460AF0EAFD28BB144B1C6814F097
:10BE5000020420D14FF6F7739E421CD8F4F77AF90A
:10BE600060B101232A46394630460094FFF746FF69
:10BE7000002808BF1924204603B0F0BD0AF0CEFD0B
:10BE8000A8420CBF06220B2239460CBF304628467A
:10BE90000CF034FEECE70224EDE700BF7C2B002021
:10BEA0002DE9F0471E46744B8CB01B7807460D46B3
:10BEB0001446DDF85080002B3ED00AF0AFFD30B3C1
:10BEC0006E4B1B68980722D44FF6F7739C4233D809
:10BED00043463A4631462046FBF798FC0AF09EFD61
:10BEE000854200F0C5803046FEF780F9A04203D1BC
:10BEF000FEF7CEF90CF071FCBA1E534253412946AD
:10BF0000002220460CB0BDE8F0470DF0A0BAE7B122
:10BF1000F91ED1F1000949EB01094FF6F7739C4274
:10BF200016D90321204606F055FD03233A46314633
:10BF30002046009506F09BFD0AF070FDA84200F037
:10BF400097804FF6FF739C42CBE74FF00109E4E77F
:10BF50002B463A463146204606F0BBFA2146CDE94B
:10BF600000082B463246384607F0CDFA8046014697
:10BF7000204606F02FFDB8F1000F61D1B9F1000F96
:10BF800012D100233A4631462046009506F06FFD57
:10BF900088F001032A4631462046CDF8009003F090
:10BFA0000103FFF7ABFE99E7002FEAD003AA924600
:10BFB000334B03F1100E9446186859680833ACE807
:10BFC000030073456246F6D107A806F071FD03230E
:10BFD000306871688DF81C3008AB03C39DF82930B8
:10BFE00007A843F002038DF8293006F0F2FF90B164
:10BFF0003068716808AB03C3042307A88DF81C30B0
:10C0000006F0E7FF38B1022307A88DF81C3006F0D0
:10C01000E0FF0028B5D1514607A807F063F80028D3
:10C02000AFD0F4F779F80028ABD103233A46314674
:10C030002046009506F01BFD0AF0F0FCA84250E7F0
:10C0400043463A4631462046009506F010FDB8F1C9
:10C05000010F9DD0B8F1020F7FF440AF284607A929
:10C06000F0F730FE20B93246284607A90CF001FD52
:10C070000CB0BDE8F08700BF4F3E00207C2B0020B5
:10C08000EDD50300044B1A880AB100221A80002162
:10C090000846F9F769BD00BF243C002000232DE9C4
:10C0A000F0478EB004460E46CDE903334F780AF0D0
:10C0B000B5FC50B1AE4B1B689A0706D4092103A802
:10C0C00006F0C7FC0EB0BDE8F087204603A9F0F7E4
:10C0D000F9FD0546002840F04481022F3DD0042F91
:10C0E000ECD1E1F71BF8002800F01181E1F716F818
:10C0F000022840F00E8109AE2B462A4631462846DA
:10C1000007F054F9012103A89DF8255007F021FA02
:10C110002840FF2800F0218105AD28460AF0CCFB1D
:10C12000002840F01C8195E80F0086E80F003A4691
:10C13000314603A807F049F80246002840F00D8177
:10C14000032303A9CDE9005320463B46FAF72AFF13
:10C1500000280CBF13210621B1E7854B1B689B0704
:10C16000ACD402360822314682480DF082FC002809
:10C17000A4D0E0F7DFFF002800F0C9807E4B7F4DA0
:10C180001B78F3B9FFF77EFF2988002953D103AF4D
:10C190003146384606F088FC002800F0B68030466C
:10C1A0000DF10A01F0F768FD38B90DF1240A504687
:10C1B0000AF082FB8046002873D0FFF763FF0F214F
:10C1C0007DE72988B9BB0846EFF78EFD2880002857
:10C1D00000F0C9800123082203A92846EFF714FEC6
:10C1E0003146012308222846EFF70EFE01233A4686
:10C1F00009A92846ADF82440EFF706FE2888EFF796
:10C20000C9FC29460646204602F036FA2888EFF790
:10C21000C1FCF6B2864208D1FF238DF824300123F9
:10C2200028461A4609A9EFF7EFFD00210120F9F78A
:10C230009BFC0C2143E70846EFF790FC0746288853
:10C24000EFF78CFC2C88112100F108082046EFF74D
:10C25000A9FE102181462046EFF7A4FE08220446DD
:10C2600003A940460DF005FC00287ED10822314686
:10C2700038460DF0FEFB002877D104EB0924464632
:10C28000A4B285E728884FF0010828B11221EFF702
:10C2900089FEFF2881461ED13246B94620464023FA
:10C2A00004E03A46B1464346BDF80A0043F00303B2
:10C2B000CDE900A349460323FAF774FE00283FF4B2
:10C2C0007CAF0721484606F0C4FBB8F1000FD9D077
:10C2D000FFF7D8FEF6E600210846EFF705FDADF8BA
:10C2E000140048B1204605A902F0C6F9BDF81400B3
:10C2F000EFF750FC0028CFD1142300934A4639466B
:10C3000020462B8802F070F9C6E7FFF7BBFE11212B
:10C31000D5E6E0F703FF012801D00621CFE605AE00
:10C320002A462B463146009503A8F9F72FFB024613
:10C3300008B10A21C3E60E4B20461B6803A95B0027
:10C3400003F0040343F00303CDE900633B46FAF72F
:10C3500029FE0028E1D11321B1E60521AFE6122123
:10C36000ADE60B21ABE61021A9E60E21A7E600BF42
:10C370007C2B0020CF3E00208B3D0020243C002061
:10C38000012330B50D4C85B022788DF80430D518D6
:10C390008DF805200E228DF806200A682570CDF84C
:10C3A00007204A6801A9CDF80B200B22EFF72CFDDE
:10C3B000B0FA80F0400905B030BD00BF503E00200B
:10C3C00070B500230C4686B002AE05461A463146CB
:10C3D00020460093F9F7DAFA58B903232146CDE94C
:10C3E000006328460423044AFAF7DCFD80F00100CC
:10C3F000C0B206B070BD00BFCF3E0020142330B5E0
:10C4000018498BB07F22054609880DEB030005F023
:10C410006EFDBDF81430DA0721D413F0060FC3F314
:10C42000410208BFC3F341220F4B0DF116019C5C82
:10C43000684622460DF059FBBDF8263004F128026B
:10C440006A4402F8283C02341B0A02F8273C694679
:10C450002A46E0B20BF0C2FA00200BB030BD232018
:10C46000FBE700BF04AD0300FDD5030010B58AB0A3
:10C47000ADF826200022CDE9052204920CAA0292F2
:10C480004FF6FF7201464FF4947401200192074A5F
:10C49000039004FB0122DC3200924CF620010DF1E6
:10C4A00026020CF04DFB0AB010BD00BF282F002063
:10C4B00000B58BB0ADF824309DF8303003208DF8F6
:10C4C0002630002303900A4909A8CDE90130CDE9BF
:10C4D0000533049301F1DC030093B1F8D830022056
:10C4E0004CF660410CF02CFB0BB05DF804FB00BF78
:10C4F000282F002010B54FF6FF741E4A8AB0B2F8FC
:10C50000E400B2F8DA10A042ADF82600B2F8D83054
:10C510004FF6FD70ADF8241018D081424FF00000A6
:10C5200094BF48F660014CF66001CDE90500CDE905
:10C530000300CDE9010094BF09AADC3200920DF19D
:10C54000260204200CF0FCFA0AB010BD81424FF024
:10C5500000008CBFDC3209AA00928CBF4CF660410F
:10C5600048F66041CDE90500CDE90300CDE90100C1
:10C57000014AE6E7282F00200E30002000B50E4BC0
:10C580000022B3F8DA308BB0ADF824304FF6FF73E9
:10C59000CDE90522CDE90322CDE9012209AA0092C5
:10C5A0004FF400610DF126020720ADF826300CF0A3
:10C5B000C7FA0BB05DF804FB282F002030B58BB014
:10C5C0008DF825301B0A8DF8263000230E4991F88E
:10C5D000D440D1F8D850B1F8D800CDE90533049350
:10C5E0000723DC31039308ABCDE9010300914FF63B
:10C5F000FF734CF62041082008958DF824400CF07C
:10C600009FFA0BB030BD00BF282F002070B54FF649
:10C61000FE76274C1D46B4F8DA30B4F8D810B34291
:10C6200094F8D800A2B04FEA112131D14FF4404321
:10C63000DC348DF80B008DF80C10ADF8083003CC0D
:10C640000DF11504CDF80D00CDF811102270120A6D
:10C650006270002211461046A270E270ADF806200A
:10C660000CF02EFCADF8060080B102A90434621A69
:10C670000123D2B20DF10600EFF7C6FBBDF80600AC
:10C680002A460121EFF708FBBDF8060022B070BD75
:10C690004FF400448DF80D301B0AADF808408DF8BA
:10C6A0000B008DF80C108DF80E300DF10F04CDE756
:10C6B000282F00202DE9F04F002485B0DFF8E0B0EE
:10C6C000BDF838A01F46BBF8DA3050460093154637
:10C6D000BBF8D890ADF80E40EFF75CFA5FFA80F83F
:10C6E0003846EFF757FA22462146C6B220460CF0EC
:10C6F000E7FB08EB06021632ADF80E002346214692
:10C70000D2B20DF10E00EFF77FFBBDF80E0000284E
:10C7100040D0EFF723FAE222034680F813904FEA65
:10C7200019290474427480F8149008220BF1DC017A
:10C73000153001930DF0ADF9019B03F11D04BAF121
:10C74000000F08D05046EFF709FA4246014620464E
:10C750000DF0CBF9444447B13846EFF7FFF93246C4
:10C76000014620460DF0C1F93444009B2570A370AA
:10C770001B0AE3704123237100232D0A63710748CC
:10C78000657001F047FA4FF47843A071BDF80E00D0
:10C79000A4F8073005B0BDE8F08F00BFE73E0020E9
:10C7A000282F002018B1034B002019607047024B5E
:10C7B000FAE700BFD8300020DC3000202DE9F84334
:10C7C0001046174606F031FFDFF81C810546D8F801
:10C7D00000302BB9424B1B6813B90020BDE8F88329
:10C7E00015F4406905F040060FD136BBB5F5804F12
:10C7F00052D24FF48074D8F80030002B56D1384B09
:10C800001B68002BE9D0002262E0F81C06F00DFF47
:10C810004FF6FF73984214BF0124022486B1052607
:10C8200005F44043B3F5004F44F0080424D0B5F5B7
:10C83000804F23D244F4807420E04C460326EFE777
:10C84000B5F5804F4FF00506F4D3B9F5406F14BF2E
:10C85000022008203044384406F0E7FE214B05F45E
:10C860004045B3F8D83083420CBF44F0080444F08C
:10C870000404B5F5004F01D144F08004B9F5006F10
:10C880000ED1B81906F0D1FE164BB3F8DA30834258
:10C89000B1D144F01004AEE74C4603260220D9E79C
:10C8A000B9F5406F08BF44F02004A4E70022D1B2DC
:10C8B00033F8110033F911100029A0DBA04202F176
:10C8C0000102F4D1012089E7A04202F10102F9D06E
:10C8D000D1B233F8110033F911100029F4DA7CE7F2
:10C8E000D8300020282F0020DC3000202DE9F04F28
:10C8F000104685B01646984606F097FE5D4F00F04C
:10C900000803B7F8D810044600F00709F01C02939A
:10C910000391B7F8DAB006F088FE06F1050A05467D
:10C92000504606F082FE03464FF6FF70854218D04F
:10C930000399A1EB050CDCF1000545EB0C056D003E
:10C940004FF6FF718B420ED145F0040500F0E8F977
:10C95000029B6BB1B9F1000F11D0422005B0BDE8C8
:10C96000F08F0125ECE79B4508BF45F00805EDE792
:10C97000B9F1030FF1D8DFE809F0021B795D00F08F
:10C98000CFF908B9A807E8D524F00804A4B2B4F593
:10C99000004F05D0B4F5624F02D0B4F5404FDCD162
:10C9A0000025294697F8242100200CF089FA3CE064
:10C9B000D7F8FC30E3B9002132460846FFF7FEFE07
:10C9C000D8B948F6410224F038039BB29342C4D14F
:10C9D0000A2D49D0062DC0D197F8F330023B012B28
:10C9E000BBD8EDF7BFFD0028B7D140F6040505E040
:10C9F0004146304698470028DDD00825E20648BF6A
:10CA000045F08005A30648BF45F4805505F00C03AA
:10CA1000042BC6D1F01D06F008FE97F824313246EB
:10CA2000009341462B460CF020FA08B30E9B188069
:10CA3000002093E7A90705D14FF6FF73B7F8D82078
:10CA40009A428AD104F44063B3F5006F0AD0B3F57B
:10CA5000406F82D10822504607490DF00AF800289D
:10CA60007FF47BAF0C25C9E70425C7E7432075E7B2
:10CA7000192073E7282F002004300020034B1A7878
:10CA80001AB1FF2A04BF00221A7070471D3F002010
:10CA900070B5084C084E2378F55C1DB13E2107485F
:10CAA000DBF7ECFFFF2223782846F25400232370A3
:10CAB00070BD00BF1C3F00201D3F002002D60300B8
:10CAC000034B044A1B78D05CFF3818BF0120704725
:10CAD0001C3F00201D3F00200023074A0749136028
:10CAE000074A1360074A1360074A11600121074A89
:10CAF0001170074A13607047EC3000201B8F030051
:10CB0000E8300020E430002064480020FB49002089
:10CB1000F43000200E2A70B50C460646154619461C
:10CB200003D9FFF7D9FF502070BD012807D100209D
:10CB3000EDF732FDB0B1FFF7CFFF2120F4E78022FF
:10CB40000021224B1A70224B1960224B1B684BB1FB
:10CB50003420EFF7C9F8204B188018B9FFF7BCFF55
:10CB60000120E1E724F0FF6323F4FF231BB1FFF76B
:10CB7000B3FF4F20D8E774B92046EDF729FD012413
:10CB8000032510F0800F43B21BBF00F01F039C4031
:10CB90009C4044F078440020104B24F078441E70F0
:10CBA0000F4B10491D70104B1C60104B1870104B30
:10CBB0001A68EEF70DF918B1FFF78EFF0420B3E7FE
:10CBC0009DF810200B4B1A70AEE700BF1E3F0020EF
:10CBD000F0300020E4300020263C0020233F0020DD
:10CBE000213F002055CF0200F4300020223F0020DA
:10CBF000EC3000201F3F002010B5164B187860B1B4
:10CC0000154C2368CBB14FF4707200201349EEF736
:10CC10000DFB2368013B236010BDEDF721FD10499A
:10CC2000104A91F90040136884420B4C03F1010350
:10CC300013602368B8BF087053B90B4809F0DEFDD4
:10CC40000028E9D1BDE8104001460748EFF7ECB9EC
:10CC50000822DAE7233F0020F8300020F9CB020059
:10CC60001E3F0020F0300020684800207FB5244B94
:10CC700000251A7801232348234903FA02F2007899
:10CC80001A440A60ADF80E5020B3984236D11F4CBA
:10CC90001F4B20781B680DF10E0198471D4EBDF803
:10CCA0000E20307092B11C4B294600932846022377
:10CCB0000195EEF7CFF83278237822B1012A12BF1E
:10CCC0001B230133DBB2237004B070BD013818BFE1
:10CCD0000120F0E778235A43013A0A6008220F49FD
:10CCE000EEF7A4FA0B49094A0978137821B1012912
:10CCF00012BF1B230133DBB21370E5E71846E3E7ED
:10CD0000213F0020233F0020F8300020223F002058
:10CD100064480020FB49002091CF0200F9CB0200BB
:10CD2000054B1B682BB9054B1868003818BF01204C
:10CD300070470120704700BFE8300020E430002039
:10CD400037B505461C46FFF7EBFF68B974B1084BD1
:10CD50001A60084B0A461C600123294600930323EE
:10CD6000FFF7D8FE03B030BD4D20FBE72520F9E7E3
:10CD7000E0300020E830002013B50446FFF7D0FF74
:10CD800058B962B1074B1A6001230A460093214645
:10CD90000323FFF7BFFE02B010BD4D20FBE72520A7
:10CDA000F9E700BFE43000202DE9F0410446DDE959
:10CDB00006861D469DF82070FFF7B2FF88B99EB128
:10CDC000A2B10B4B01201A600A4B0A46C3F800803F
:10CDD000094B21461E602B460697BDE8F041FFF740
:10CDE00099BE4D20BDE8F0812520FBE72120F9E721
:10CDF00064480020EC300020E83000200148EEF7C5
:10CE0000D3BC00BF263C00202DE9F0410020EDF707
:10CE100041FF0F4B0F4C1E680F4B20881D680F4BB6
:10CE20000F4FD3F8008010B13978EEF7CFFE002015
:10CE30003870FFF751FEEEF7B5FA0EB14046B04735
:10CE40001DB12088A84700232380BDE8F08100BFE2
:10CE5000E8300020263C0020E4300020F4300020A0
:10CE6000243F0020F8B52F48EFF77AF92E4B1878B9
:10CE700030BBEDF7ADFB2D4F06463B6803B32C4BA3
:10CE80002C4D1C6824B195F900301A461946A0476C
:10CE9000294B1B6883B1294C2378312B0CD8284BA4
:10CEA0001888EEF75BFE23785A1C22702A78C25449
:10CEB00023785A1C2270C65480232B7000233B60B9
:10CEC000204C23781A2B22D81F4A1278012A09D124
:10CED00000211E4A156825FA03F0C007DAB20ED504
:10CEE00001B122700020EDF773FB2178884212D146
:10CEF0000022174B1A70FFF7B9FE40B9F8BD013395
:10CF0000D8B21A284FF00101E5D90A442270BDE8D1
:10CF1000F840FFF779BF0020EDF76CFB0028E7D061
:10CF2000F5E700BF68480020233F0020F0300020D4
:10CF3000E03000201E3F0020E4300020243F00208D
:10CF4000263C0020223F0020FB490020F430002036
:10CF5000203F002008B50B4B187880B90221EDF76F
:10CF600009FB094B1B782BB100214FF6FF720846D5
:10CF7000EDF7DAFABDE808400448FFF773BF002177
:10CF80000846ECE7233F00201F3F002068480020B0
:10CF900038B5144B0C461D78012D21D181B90846B6
:10CFA000EDF716FB104A05FA00F013680F4923EA63
:10CFB0000003136020462A46BDE83840EEF736B934
:10CFC0000B4A13780133DBB2022B137004D9BDE88E
:10CFD00038400848FFF746BFFFF748FE0028F6D163
:10CFE00038BD00BF233F0020F4300020F9CB020001
:10CFF000203F0020684800202DE9F0431E46574B93
:10D000008FB01B780746033B012B0C4615469DF855
:10D01000588007D8F3F7EEFE20B1EFF743FA08B1D6
:10D0200044F400544E4B1B7813B924F40074A4B29A
:10D03000200509D546B9284604A9EFF743FE002884
:10D0400046D024F40064A4B2ADF81840ADF81A50EC
:10D0500009F0E4FC434BADF81C00B8F1000F02D01E
:10D060001A78424501D293F800803F4AE1051378CF
:10D0700048BF0DF1210103F10103DBB2137058BF6A
:10D0800008A922058DF81E808DF81F3006D533685B
:10D09000083141F8083C736841F8043CE30407D5C3
:10D0A000324A0831136841F8083C536841F8043C9F
:10D0B0000DF11808A1EB08005FFA80F9002148463D
:10D0C000EEF712FE064628B900200FB0BDE8F08347
:10D0D00004AEB9E7EEF742FD41464A460CF005FDC5
:10D0E0003046EEF757FD80463046EEF737FD002319
:10D0F000024600934FF6FF7004235FFA88F10BF0AD
:10D10000B4FEADF80E000028DED040F201131C4240
:10D110001AD14FF6F7739D4216D8EEF73BFD0DF18D
:10D120000E010446284601F0A7FABDF80E00EEF7FE
:10D1300031FDE4B2A04207D9BDF80E000BF0E2FECB
:10D14000437843F004034370BDF80E003A460121D2
:10D15000EEF7A2FDBDF80E00B7E700BF543E002079
:10D160004F3E0020A2490020513E0020CF3E00202B
:10D17000024B18780130C0B218707047513E002041
:10D18000F0B50829D58889B028D00C2926D0AE045E
:10D1900024D405F040030B43424C267816B105F029
:10D1A000200423432FB2002FB8BF43F0800303298C
:10D1B00020D11223AC068DF80430937A10D48DF868
:10D1C00005300DF1060401A9621A0123D2B2EEF76F
:10D1D0001BFEB0FA80F0400909B0F0BD0B46DBE75A
:10D1E00032228DF805308DF80420002EE9D00DF1A3
:10D1F0001304E8E70C298DF804300ABF138953792A
:10D200008DF80530548805BF1B0A8DF806308DF85F
:10D2100005300DF1070318BF0DF106031C70240A39
:10D220005C70148802399C70240ADC70147901291E
:10D230001C7111D8917A002F597131DA02211289AB
:10D240009971DA71120A03F109041A72002EBAD028
:10D25000AB06B8D50534B6E7A9071AD4002F0CDA07
:10D26000117A51B1917A59711189127A03F1080436
:10D2700092B102229A71D971E8E70B4C217801F141
:10D28000010C84F800C091729C1D002F5971DDDAE9
:10D29000EAE7917A9C1DF8E70122090A9A71EAE708
:10D2A0009C1DD3E74F3E0020503E0020014B1880CC
:10D2B000704700BF283C0020014B1888704700BF12
:10D2C000283C00202DE9F843074604F0A6FD05465A
:10D2D0001B4809F093FA1B4B60B31C683C1B2C44A1
:10D2E000A4B20022184BDFF868901B78174D03EBAF
:10D2F000830399F8006005EB43055FFA82F8464521
:10D300000AD9AB8805F10A00A34216D90A23B21A3A
:10D3100029465A430CF0BDFB013689F80060AC8009
:10D32000B8F1000F03D139460548EEF77DFE2846D7
:10D33000BDE8F8833C461D60D3E705460132DCE7D3
:10D3400088480020FC300020253F00204A3700207C
:10D35000263F00201FB5154A154C1378013BDBB260
:10D3600013706168206801AA03C221891180114AE3
:10D370001278D21805D00A2320465A43E1180CF03F
:10D3800088FB9DF806301B070DD0BDF80C00FFF799
:10D3900099FF03468288ADF8082001AA03CA1288C3
:10D3A000186059601A8104B010BD00BF253F0020ED
:10D3B0004A370020263F0020002108B5084B0948C5
:10D3C0001970094B1970094B1A7802EB820252004E
:10D3D0000CF079FBBDE808400548EEF7C1BE00BF80
:10D3E000263F00204A370020253F0020B249002078
:10D3F00088480020F8B50024084D094F094E3B78B5
:10D400003178E2B20B449A4204F1010400DBF8BD2A
:10D410002846EEF7C9F90A35F1E700BF4A37002080
:10D42000263F0020253F0020F8B516460C4B0D4A3C
:10D430001B781278074613440B4A0D461278934224
:10D440000CD03046FFF73EFF01350681078085701E
:10D45000044604F0DDFCE0800120F8BD0020FCE77C
:10D46000253F0020263F0020B249002010B5064C81
:10D47000207828B10548F5F7DFFA10B1034B18887A
:10D4800010BDFFF767FFF3E7253F00204A37002074
:10D4900008B50A4A0346107860B1094A10889842D4
:10D4A00009D121B99378103323F00F039370FFF75C
:10D4B00051FF012008BD0020FCE700BF253F0020F0
:10D4C0004A3700202DE9F74F002604F0A6FCDFF8CC
:10D4D000F890B24699F80070B3463A46DFF8EC800F
:10D4E0001FFA80FEB8F800C0344CAEEB0C039BB2C0
:10D4F00001932378324D009303EB830305EB430341
:10D50000ACEB0E0C5FFA86FEBE4515D3BAF1000FE8
:10D5100001D0009B2370BA422AD3002F37D00A22B1
:10D520002378C8F8000002FB03532648998803B00B
:10D53000BDE8F04FEEF778BDB3F804E001998E45F1
:10D5400012D84FF0010A009993F802E001310EF170
:10D55000FF3EC9B2013AA3F804B083F802E000919B
:10D56000D2B20A330136CDE7E644A3F804E0F8E787
:10D5700089F800204AB10A222378C8F8000002FB8B
:10D58000035310489988EEF74FFD237813B903B081
:10D59000BDE8F08FFFF76AFF06460028F5D00BF0D4
:10D5A000D2FB0146304609F086FF20B100212888D1
:10D5B000FFF76EFFE9E740F60241F8E7253F00205C
:10D5C0004A37002088480020263F0020FC300020F9
:10D5D0002DE9F04192F808801F4608F1FF33DBB2D5
:10D5E000EF2B05460E46144688B00BD982238DF8E2
:10D5F0000E30314628469DF80E30204AFAF7AEFF2D
:10D60000012037E00E22002104A80CF05CFAB4F8E7
:10D6100009308DF81180ADF81230E37A03F07F0203
:10D62000032A08D0012B24D103238DF81030A389BD
:10D63000ADF815300EE0032B14BF022301238DF843
:10D640001030E368CDF815302369CDF81930237D0B
:10D650008DF81430A7F121014A420DF10E034A4121
:10D66000009321460DF10F0304A8FAF7C7FA00282A
:10D67000BFD1002008B0BDE8F08100BF1BD6030079
:10D680002DE9F04F00241D7895B0CDE902010492F8
:10D69000234622460120CDE90054404909F07BF899
:10D6A000ADF81E00F8B1A346264627460DF1200925
:10D6B0000DF1380ADFF71AFD5FFA84F8404516D8F5
:10D6C0003A460221BDF81E00EEF780FC32460421E6
:10D6D000BDF81E00EEF77AFCDDE903100022BDF86C
:10D6E0001E30FAF73BFF012015B0BDE8F08F4A4627
:10D6F00040460AA9FAF774FA9DF8282022B12DB104
:10D70000013DEDB20137FFB20134D3E7BBF1000FA9
:10D71000F8D199E803009DF829308AE803008DF8D4
:10D720004030BDF82A30032A8DF841304FEA1323E8
:10D730008DF8423017BF032301238DF843309DF845
:10D740002C30DDF83110DDF82D0014BF8DF84C3091
:10D750008DF8433011AB03C302980CBF4FF00E0895
:10D760004FF015080AF0C5FB0590BDF81E00EEF756
:10D7700011FA059900EB080399420BDB012342469D
:10D7800051460DF11E00EEF73FFB0028ABD10136EC
:10D79000F6B2B7E74FF0010BB4E700BF18D60300AD
:10D7A0002DE9F04FDFF8D89087B00746109BB9F805
:10D7B000000088461D7898B90024CDE901442C4B1F
:10D7C0000094224601201B782A4908F0E4FF034612
:10D7D000ADF81600002241463846FAF7BFFE3EE09B
:10D7E000EEF7D8F9C0F3C706002EE5D0B54239D21E
:10D7F000DFF87CB0741BE4B2082C28BF0824CDE904
:10D8000002540196B9F800300022FF3B18BF0123F3
:10D8100000939BF800301849012008F0BCFF4FEA44
:10D82000C40A0AF10701ADF81600C9B20DF11600DD
:10D8300008F0E1FECDF800A0EB000721B9F80020C8
:10D84000BDF816002C4408F0FEFEE5B20022414669
:10D850003846BDF81630FAF781FEAE42CAD807B096
:10D86000BDE8F08F8F220549012008F094FFAEE754
:10D870002B3F002017D6030016D603001BD603004B
:10D880002C3C00202DE9F043037805460E46144653
:10D8900085B0B3B9144F90F801803B7890F80290AE
:10D8A000434501D000F08CFAB9F1010F87F80080F0
:10D8B00007D16F790025A8460634E4B2EBB29F4247
:10D8C00002D805B0BDE8F083082322460DEB030023
:10D8D0003146CDF80080EEF729FB083402A800F0AD
:10D8E0005BFA0135E4B2E9E72B3F00207FB5154B29
:10D8F00015461B780126033B012B98BF124B8DF870
:10D90000090098BF1D780D230DF10B000C468DF812
:10D9100008308DF80A6005F08AFE00233146CDE913
:10D9200000632046062302AA8DF80D500BF051FB30
:10D9300030B1214609F0BFFD7040C0B204B070BDE7
:10D940001920FBE7543E0020273F0020034B032211
:10D950000120B3F8E410FFF7C9BF00BF282F002053
:10D9600010B50B4B04461B78033B012B03D98C21CC
:10D970000848DBF783F8084B93F9D630A34204DB61
:10D980006FF00E03A342B8BF2346044A137010BDC4
:10D99000543E00201DD60300282F0020FC49002003
:10D9A00008B5094B1B78033B012B03D9A421074879
:10D9B000DBF764F8064B93F9000010F1800F04BF09
:10D9C000044B93F9D60008BD543E00201DD6030039
:10D9D000FC490020282F00202DE9F04F85B0054696
:10D9E0000BF0F3F9074628460BF017FB411C0446E1
:10D9F000C9B22846EEF7D6FAA11CC9B2814628461C
:10DA0000EEF7D0FA033400EB4000E6B250FA84F4AB
:10DA10002846EEF7BFF8E4B284424BD8DFF8A8B04E
:10DA2000A6420ED3B9F1010F44D139460220234B4F
:10DA30001A78C2F1B302D2B205B0BDE8F04FFFF7D9
:10DA400055BF1F4B32461B882946ADF80C300023CA
:10DA500003A88DF80E3000930323EEF767FABDF8A4
:10DA60000CA09DF80E8008F0D9FF504510D1154B41
:10DA70001B78033B012B0ED8FFF792FF404440B2C6
:10DA8000FFF76EFF0D4B1B78C3F1B3038BF800302B
:10DA90000336F6B2C4E73846FCF7FAFB00F03CF96F
:10DAA00082463846FCF7F4FB08EB0A0149B200F065
:10DAB00049F9EDE705B0BDE8F08F00BFF73E002063
:10DAC00032D60300543E0020273F00208022014B25
:10DAD0001A707047FC49002008B50748EEF740FB74
:10DAE0000649074A0B780BB9137823B1002313704A
:10DAF000044A0B70138008BDA84800202A3F00206C
:10DB0000293F00202A3C002008B50448EDF74CFED0
:10DB1000BDE808400248EDF747BE00BF2A3C0020A0
:10DB20002C3C00202DE9F843294B074693F9D66099
:10DB30008E4204DB6FF00E068E42B8BF0E46254DB6
:10DB40002C88BCB921462020EEF7CEF8288010B9E9
:10DB50000020BDE8F8832021284608F04CFDE1B202
:10DB6000FF2228880134EEF731FA202CF7D1002269
:10DB7000194B1A70DFF8609099F800100229E7D865
:10DB80004FF0000801EBC101CCB204EB080117F81B
:10DB900008202888C9B208F10108EEF717FAB8F191
:10DBA000080FF2D104F1080101242888F2B2C9B2A9
:10DBB000EEF70CFA99F800300848013389F8003084
:10DBC000074B47F2E8611C70EEF72EFA2046C0E7DB
:10DBD000282F00202A3C0020293F0020A8480020B0
:10DBE0002A3F002038B5084B04461B78074D1BB967
:10DBF000287808B9206038BD054B00211888EEF759
:10DC0000BFF920602878F6E72A3F0020293F00204E
:10DC10002A3C00202DE9F341064601A8FFF7E2FF68
:10DC200038B100240D4BDDF804801F78E3B29F4229
:10DC300005D80B4B93F9D60002B0BDE8F08104EB98
:10DC4000C40545440822314628460BF012FF013432
:10DC50000028EBD195F90800EEE700BF293F00202E
:10DC6000282F00202DE9F04F85B0814603A8FFF74B
:10DC7000B9FF002844D105B0BDE8F08FA8EB050539
:10DC800005EBC5052A46304606F109010BF001FFF8
:10DC90004FF0FF3372191C44735187F800A0536092
:10DCA0001372E4B20134E4B297F80080A0451CD9A5
:10DCB000039B04EBC40B03EB0B06082249463046DA
:10DCC00001930BF0D6FE0028ECD1651C08F1FF3A59
:10DCD000A845019B5FFA8AFAD0D14FF0FF3287F84E
:10DCE00000A043F80B20726032723B78002BC2D147
:10DCF000054A06481370064A1380EEF731FABAE770
:10DD00000024044FD0E700BF2A3F0020A84800208D
:10DD10002A3C0020293F0020FF2810B5044608D0E7
:10DD2000FCF746FBC30704D5044B185710F1800FCE
:10DD300002D1034B93F9D60010BD00BF203E002056
:10DD4000282F0020FF2838B504460D461AD0FCF7CE
:10DD50002FFBC30716D50C4B93F9D630AB4204DB2F
:10DD60006FF00E03AB42B8BF2B46084A0849135563
:10DD70000878084A18B992F90000984202DA00209F
:10DD80001370087038BD00BF282F0020203E0020EF
:10DD9000FD490020283F002010B5084C014622888C
:10DDA00022B9082108F0F3FA208010BD2046BDE812
:10DDB000104001230822EEF727B800BF2C3C0020BA
:10DDC0000022014B1A8070472C3C0020F8B50F4D03
:10DDD00007462B88C3B90120F8BDE10001F0F80126
:10DDE0002888EEF7CDF8082239460BF042FE0136BE
:10DDF0000028F0D02888EDF7CDFEF4B2C0F3CF03B1
:10DE00009C42EAD30020E7E70026F3E72C3C002001
:10DE10002DE9F04F02290546144687B04CD019B9B8
:10DE2000012007B0BDE8F08F0AF0E5FF074604F1D6
:10DE30001E092388012B51D1E17828460331C9B24C
:10DE4000EEF7B0F8E178064602312846C9B2EEF79F
:10DE5000A9F841F6016300EB062080B2984223D175
:10DE600094F803A028460AF10201C9B2EEF79AF825
:10DE70000AF1030610F0010F8046F6B218D118F02F
:10DE8000020F1BD118F0040F0ED02379B34213D325
:10DE900031462846EEF786F864280DD104F087FD58
:10DEA00000F07F00642807D806344C45C1D1B7E79D
:10DEB000F0F74AFE0028E2D10020B2E72379B3420E
:10DEC000FAD331462846EEF76DF8384B0AF1040ACA
:10DED0001B785FFA8AF68342D4D2EDE7022BE3D1B6
:10DEE000E17828460231C9B2EEF75CF81B28DBD195
:10DEF000E17828460331C9B2EEF754F81928D3D196
:10DF0000E17828460431C9B2EEF74CF84A28CBD163
:10DF10004FF0050B4FF00008DFF894A0E178284699
:10DF200001315944C9B2EEF73DF8E178064659444B
:10DF30002846C9B2EEF736F800EB0626B3B20A2B34
:10DF400006F03F061FD102A8CDE9048809F05DF96B
:10DF5000E278294602325A44D2B204A80823CDF806
:10DF60000080EDF7E3FF082204A90DEB02000BF09F
:10DF700080FD0028A0D1023623795E445FFA86FB3B
:10DF80005B45CBD890E7412BF5D1E17828460231AB
:10DF90005944C9B2EEF706F89AF80030C3F1B3035A
:10DFA000C11849B23846FFF7BDFDE4E7F83E00204E
:10DFB000F73E00202DE9F74F81460C4692461E465B
:10DFC000EDF7E8FD83461CB9B5214148DAF756FD67
:10DFD0004846EDF7DFFD112803D8002003B0BDE867
:10DFE000F08F48460AF08EFF054605F01EFB092219
:10DFF000074600212846ECF765FE00250AEB4A0299
:10E0000080460021204652000BF05DFDBB053570B7
:10E01000E3D5012208F110085FFA8BFB5FFA88F85C
:10E020000634554505D037784744FFB2791C594529
:10E0300001DB0220D2E7C9B248460192EDF7B2FFF8
:10E04000394600904846EDF7ADFF009B96F800C0BA
:10E0500000EB032398B21BB2002BACBF4FF0000EB5
:10E060004FF0010E0CF1020CACBF00F07F01C1B209
:10E070005FFA8CFCACBFC009C0F3C32086F800C0B7
:10E08000019A04F8021C24F8060C04F804EC2DB1E3
:10E090006FEA030C4FEADC7C9445CAD1CA19934558
:10E0A000C7DB002B04F8037C0BDB7E280BD07F281A
:10E0B0000BD001223378013519443170EDB20634AA
:10E0C000AFE70F2801D00022F4E7012086E700BF68
:10E0D00036D6030038B505460D4B0E481C88EDF7C3
:10E0E0008FFF012D0CD10C4B1C88FA21614358B1D4
:10E0F000884209D28408012C204638BF012038BD4F
:10E10000022D08BF0224F0E70248EDF78DFFF2E789
:10E1100046370020482A002044370020012208B555
:10E12000054B06481A700021EDF77EFFBDE8084058
:10E130000020FFF7CFBF00BFD33D0020482A0020BA
:10E140001E4B73B51A8802F108039BB2012B02D84B
:10E150001B4B1B7823B902B0BDE87040EEF700B846
:10E160000024184B184D1C70184B1C702B787BB179
:10E170004FF6FC73164E0093224623462146308804
:10E180000AF032FA4FF6FD732C70338001200FE055
:10E19000104B10461978F3F78FFF0028F6D10C4B7F
:10E1A0001A884FF6FD739A42F0D0012302202B709B
:10E1B00002B0BDE87040FFF78DBF00BF48370020B8
:10E1C000D33D0020D63D0020D43D0020D53D002089
:10E1D00042370020D73D0020012808B50AD0022888
:10E1E0000CD020B9084B18700848EDF7B9FF4FF074
:10E1F000FF3008BDBDE80840FFF790BF0020BDE834
:10E200000840FFF767BF00BFD33D0020482A002029
:10E2100002280FD840F6024399420BD1064A1378E0
:10E220000133DBB21370054A12789A4202D80220F9
:10E23000FFF7D2BF704700BFD53D0020D83D00207A
:10E2400038B5A0F61343012B04460D4615D80E4AE7
:10E2500013780133DBB213700C4A12789A420CD84F
:10E260004FF6FD720A4B00201988914201BF00222F
:10E270001D80084B1A70FFF72DFF29462046BDE888
:10E28000384004F0C6BB00BFD63D0020D93D002079
:10E2900042370020D43D0020F8B5174F174EB7F88D
:10E2A00000C03588AC4525D801F10805ADB2012D77
:10E2B00020D8134D92009B0029803A8033809DF82E
:10E2C0001820104B1A709DF81C200F4B1A709DF8E7
:10E2D00020200E4B1A7000220D4B1A704FF6FD7263
:10E2E0000C4B1A8018B1FFF719FF0020F8BDFFF79B
:10E2F00073FFFAE70220F9E7463700204437002091
:10E3000048370020D93D0020D83D0020D73D0020CF
:10E31000D43D00204237002000234FF6FD71054A0E
:10E320001370054A1370054A1180054A1370054A97
:10E3300013707047D63D0020D53D002042370020A5
:10E34000D43D0020D33D002030B5094B02461B7858
:10E3500033B1084B084C19780023D8B2884201D356
:10E36000FF2004E0013334F823509542F5D130BD4D
:10E37000AE490020DB3D0020223700200022FF2193
:10E38000044B05481A70054B1970054B1A7892001A
:10E390000BF099BBDB3D002026370020DA3D002042
:10E3A000AE490020F7B58DF807100DF107010446BE
:10E3B00004F0E9F8234B1D78002D41D02046FFF7EB
:10E3C000C3FF214EFF283178204B05D1204A107819
:10E3D00085422DD9451C1570884219D01C4A1B4D09
:10E3E00092F800C00022D7B2BC450CD92F4697F84E
:10E3F00003E00132864505F10405F4D102B203EBD6
:10E400008202D278FA7002B203EB8202D1703070CD
:10E4100002B203EB820123F82240FF228A709DF8AA
:10E420000720FF2A02D003EB8203987003B0F0BDEF
:10E430000A46104603EB8202D278FF2AF9D1CBE7D5
:10E44000FF20F3E7AE490020DA3D00202637002008
:10E45000DB3D00202DE9F843FFF776FFFF28044657
:10E4600069D04FF6FF72354F03B2DFF8DC80344ECF
:10E4700027F8232098F80050A54202D10020BDE8DB
:10E48000F883337820B28100A34207EB800090F834
:10E4900003E010D00023294A5FFA83F94D459446E2
:10E4A00006D99CF803900133A14502F10402F3D18F
:10E4B0008CF803E001E086F800E0013DEDB22A1B94
:10E4C000D2B20431920039440BF0E3FA88F80050DC
:10E4D0003378FF2B04D0A34224BF03F1FF33337002
:10E4E00000214FF6FF70154BCAB2AA420CD300238D
:10E4F0004FF6FF71134ADCB2AC42BBD2013332F8A3
:10E5000023008842F7D1B5E79A78A2420BD1188050
:10E51000DA78FF2A04D0A24224BF02F1FF32DA7077
:10E5200001310433E0E7FF2AF2D0A24224BF02F116
:10E53000FF329A70ECE72D20A1E700BF26370020BC
:10E54000DA3D002022370020DB3D0020F8B51C4BCF
:10E5500005461B78084673B3FFF7F6FEFF2804460E
:10E5600029D02846FFF7F0FEFF2806D0154B164E9F
:10E570001A780023D9B2914218D3FF212846FFF719
:10E5800011FFFF28014616D00546104F23B207EBB6
:10E59000830237F823009678FFF704FFA84208BFEC
:10E5A000FF25FF2E214608D12846F8BD013316F875
:10E5B00023108142DED1FF25F6E73446E6E700BFAF
:10E5C000AE490020DB3D0020243700202637002004
:10E5D000014B1878704700BFDB3D0020014B1878D5
:10E5E000704700BFAE4900202DE9F04180460E463D
:10E5F0001F46002386B001A814469DF830508DF8C0
:10E600000330FBF747F9ADF804802EB13368CDF83D
:10E6100006307368CDF80A303846EDF79FFA0DF1F1
:10E6200003034219214601A804F001FA9DF80330C2
:10E6300093B931464046DEF7FFFE0E4B1B785BB1C7
:10E640000B2C09D8FF214046FFF7ACFE064605EB30
:10E650004404E4B2A54202D106B0BDE8F0812946E7
:10E66000384608F003F83146FFF79CFE02350646AF
:10E67000EDB2EFE7AE49002000232DE9F3470DF19D
:10E6800007028DF8073004460E4603F06EFF9DF832
:10E690000730054663B92046FFF756FE04465EB1D3
:10E6A0003088EDF777FA5FFA80F8FF2C44D1002527
:10E6B000284602B0BDE8F087B046F6E701320C2AE2
:10E6C000F5D02DB207EB8505AD78FF2DF6D112F010
:10E6D000FF0AECD04FEA4A050235EDB2002EE7D032
:10E6E00008EB05013046C9B207F085FF0028DED1EE
:10E6F000524641463088EDF769FC0AF1FF3208F1D5
:10E70000010108F102093088D2B2C9B25FFA89F971
:10E71000EDF75CFC24B207EB8404A478FF2CC7D08F
:10E7200023B2494637F82320308809F1020907F05F
:10E73000ADFF5FFA89F9EDE725460022004FC0E7FB
:10E7400026370020FF2818BF064B10B51BBF03EB70
:10E75000800433F820302D200B801EBFA3780020CA
:10E76000137010BD2637002008B5FFF7EDFDFF2818
:10E7700003460AD1002008BD0230C0B21BB202EB32
:10E7800083039B78FF2BF7D1F5E70220004AF5E7DA
:10E7900026370020037810B504466BB94378082B60
:10E7A0000AD1084B1B88562B07D100F077FD207249
:10E7B000002363600123237010BD007A00F074FD14
:10E7C000F6E700BFBC3B002003788BB943782F2BC2
:10E7D0000FD0302B0CD1084B084A1288522A0BBF9D
:10E7E0001B78028903811A700023436001230370A0
:10E7F0007047034BF0E700BF9C490020BC3B002062
:10E80000883D002070B51F4B1F4C198003880546BA
:10E81000238183781646E37208F06CF80822A07210
:10E82000291D20460BF035F96B7B2374174B636170
:10E830000323237346B1EDF72DFE10B11620EDF73B
:10E84000DDFD4FF4FA610EE00BF0A1F8C30705D42B
:10E8500004224FF6FD713046F2F7EAFEEDF71AFE9C
:10E8600058B94FF4FA710322094B0A481A700A4B3F
:10E870001E70BDE87040EDF7D7BB1620EDF7BEFD6A
:10E88000EFE700BF964900203431002000F8FF0771
:10E89000443F0020E8480020423F002038B50A4DA0
:10E8A0000A48EDF75DFC2A78094CFF2A04D021784C
:10E8B00011B9084608F01BFBFF232B700023054A03
:10E8C0002370137038BD00BFFE490020C8480020E7
:10E8D0002E3F00202D3F002008B50C4A0B46117832
:10E8E00011B90B4A10809370094A002001F0B2FA66
:10E8F000084B002219880648FFF784FF0120EDF736
:10E900007DFD034804F0C1F8012008BD403F002010
:10E9100000310020303C0020024B1878003818BF2E
:10E9200001207047443F002010B5074C2378062B88
:10E9300005D1152803D100232370F9F771FF207842
:10E94000003818BF012010BD443F0020024B18784A
:10E95000031F584258417047443F00202DE9F041C1
:10E96000294B80461B780D4613F00F0786B049D11E
:10E9700090F82830022B45D1061D01233146821C18
:10E980000AF06DFE0446C8BBB8F8260000F083000C
:10E990000BF009F898F828201C4BD8F804001A70DE
:10E9A0006B46D8F80810CDE9034403C3B8F800302B
:10E9B0002046ADF8083098F8023041F606318DF85F
:10E9C0000B3003238DF80C30114B8DF80A50059352
:10E9D00009F0D1FBB8F824106B46002908BF4FF4AA
:10E9E0004171012098F82820F0F70AFF04463846C4
:10E9F000EBF7B0FD10B1384607F091FC204606B0A9
:10EA0000BDE8F0810224F9E7533E0020433F002097
:10EA100000F8FF07024B1878431E584258417047D0
:10EA2000443F0020024B187808B9024B1878704711
:10EA3000433F0020543E00207FB51023072202A947
:10EA40000120EDF707FC9DF80B00F0F717FC1720ED
:10EA500004F003F800210DF10700EDF74FFD172832
:10EA600005D10020EDF7CAFC07B05DF804FBFFF705
:10EA7000D9FF022808D9054BB3F8E4204FF6FF73FD
:10EA80009A4201D10320EDE70220EBE7282F002076
:10EA9000014B1870704700BF433F00202DE9F84F2D
:10EAA000324BDFF8D88093461A7898F80030054644
:10EAB0000C4602F00F020BB1062B55D14223D34076
:10EAC000D90751D42A4F97F800A00AF060FFC20777
:10EAD00007D5FFF7A7FF012803D048F6990007F0F4
:10EAE000C6FF0AF054FF830704D540F0100080B23F
:10EAF0000AF059FF0DB91F4B1D681F4E337833B90B
:10EB000000F088FC284600F049FC0123337007F030
:10EB1000F1FEDFF86C9089F80000204607F0CFFE88
:10EB2000044620B1002333702046BDE8F88F0BF176
:10EB3000FF33032B17D80123042229460A2087F824
:10EB400000B088F80030EEF741FD04460028EBD015
:10EB5000002599F9000088F8005007F0B0FE87F80A
:10EB600000A03570E0E730700224DDE7533E00205E
:10EB7000433F002030310020413F0020443F00202F
:10EB80002F3F00200022014B1A707047413F0020A8
:10EB900070B5044620B91A48FFF780FE002003E054
:10EBA000184B1B780BB1022070BD174E3378002B29
:10EBB000F9D1134807F022FEB8B9114807F01EFE3C
:10EBC000054648B9014608F0A3F9104B0222187017
:10EBD0002946284608F08BF9631C0CD021460848CA
:10EBE000EDF722FA00233370D8E70548EDF708FA6D
:10EBF000A042E2D3D7E70248EDF7B2FA0123F2E7E9
:10EC0000C84800202E3F00202D3F0020FE49002054
:10EC1000014B1870704700BF2E3F002008B5054813
:10EC200007F0ECFD20B9044B187800F0010008BD96
:10EC30000120FAE7C84800202D3F002030B5414CA4
:10EC400041488BB0EDF78CFA2378032B5DD1FFF7A9
:10EC5000E9FE02289CBF062323703C4B1D78002D43
:10EC600040D03B4B186810F002000EBF41F6043153
:10EC700041F60631002009F07EFA0025354B1D7063
:10EC8000354B1988FFF7CEFE344B02462846F0F785
:10EC9000B7FD002846D1324D0AF079FE2B78002BC3
:10ECA0000CBF4FF0FF336FF48073184020F0010069
:10ECB00080B20AF078FE01232B70FFF7B3FE022822
:10ECC00006D94FF4FA612048EDF7AEF90723237017
:10ECD0000020EBF73FFC98B300200BB0BDE83040BC
:10ECE00007F01DBBF2F7F4FF294601221D48F7F794
:10ECF000AFFE68460AF065FE2A4641F6063140201E
:10ED00000DF11503F6F79EFDB7E7072B07D100239A
:10ED1000FF22194601202370F0F7C8FAD8E7043B18
:10ED2000012BD5D8104B1B782BB101200AF0EBFC3E
:10ED300000220D4B1A7000232370FFF77DFEC7E7FA
:10ED40000BB030BD443F0020E8480020423F002087
:10ED50007C2B0020533E00209649002034310020B7
:10ED6000FF490020303F00202C3F00202DE9F047D4
:10ED7000034605466D4F8EB03E7803AA06F00F0697
:10ED800000F1280C144618685968083303C4634519
:10ED90002246F7D1186820604224F44014F00104A0
:10EDA00040F0C180DFF8988198F80060002E40F0B4
:10EDB000BA8095F82830013B032B00F2B4800AF0AA
:10EDC000E6FDC20749D501213046F7F719FE044692
:10EDD00000286FD101F002F94FF6FF710120544A6B
:10EDE000F0F716FCEB8CDB0733D52C1D32460821DF
:10EDF000204607F056FD60BB6868A96804AB03C3F2
:10EE00002B88ADF80C3000238DF81930AB788DF8D5
:10EE10000E300AF080FC0128044608D10AF0B7FD44
:10EE200010F0010070D041F28830FFF7B1FE30469B
:10EE300003A900F071FF044600286AD101233B704A
:10EE4000042341F288313B4888F80030EDF7ECF8B4
:10EE500030E00023CDE90433D3E707F0FCFD824620
:10EE600008F07BFA0DF104090646484608F0CDF992
:10EE700008224846291D0AF0FCFDA8BB6A7BB31A8C
:10EE8000002BB8BF5B42C82B134617DDB24228BF28
:10EE90003346DBB29E421DD0FFF7C4FD022811D9D4
:10EEA00007F0BCFD012201462846FFF7ABFC00221B
:10EEB000214B1A7020460EB0BDE8F087B24238BF31
:10EEC0003346E6E7104608F062FAA878F0F7D6F97C
:10EED0000524EFE7B242FBD007F01AFD31460246A7
:10EEE000284600F0EBFFF3E704AB99E8030083E862
:10EEF000030095F828308DF81960022B14BF022604
:10EF00000126ADF80CA081E70AF0FDFB0B4B1C704D
:10EF10008DE70A4D2B78002BCCD001200AF0F3FBB3
:10EF200000232B70C6E70224C4E700BF533E002035
:10EF300057D60300E8480020FF4900202C3F00205E
:10EF4000443F0020F7B50F4F04463B780D46012B98
:10EF5000164614D10020EBF73BFB2B46CDE900060B
:10EF600022460020084907F016FC084B188030B1F3
:10EF700002233B7003B0BDE8F04007F0A8BF03B028
:10EF8000F0BD00BF443F002051D603002E3C0020BE
:10EF90002DE9FF411E4E00243378012B0CD11D4B6F
:10EFA000347093F9000007F08AFC204603F06BFDF3
:10EFB000012004B0BDE8F081022B26D1164D0120BE
:10EFC00003F061FD08212888CDE9024407F06CFBBD
:10EFD0000D2107462888ECF7E5FF082380460094BA
:10EFE000224629880DEB0300ECF7A0FF094B2C808B
:10EFF00093F9000007F063FC01223846C8F3C01300
:10F0000002A900F03DFA3470D2E72046D1E700BFF4
:10F01000443F00202F3F00202E3C0020F0B51E462C
:10F020005F4B0C461B780546D90717468DB006D4B2
:10F0300022462946012000F00DFF0DB0F0BD5A0711
:10F0400003D40AF0A4FCC307F2D500210DF10F0090
:10F05000EDF754FA18B99DF80F30012BE8D0FFF7FF
:10F06000E1FC022D5BD00228E7D8208B0AF019FCC6
:10F07000FF28DDD03246002008AB04F1100100F07B
:10F0800045FF0028D4D13B4604AA07F1080C1646D8
:10F0900018685968083303C663453246F7D11868C3
:10F0A00030609B88B380BDF81630BDF818209A42B6
:10F0B00038BF0023BDF814203CBFADF81630ADF8C2
:10F0C0001830BDF812309A4238BF0023BDF81C201A
:10F0D0003CBFADF81230ADF81430BDF81A30BDF8B1
:10F0E00014109A423EBF0023ADF81C30ADF81A3020
:10F0F000BDF81C30BDF816200093BDF81200BDF815
:10F100001A300AF017FC002892D1A67875B94EB9CA
:10F11000244B1E680421601803F04BFC09E0022810
:10F12000A3D88AE7012303FA06F6F3E7012303FADB
:10F1300006F623461C4A04F1280E944618685968BE
:10F140000833ACE8030073456246F6D11868174BE4
:10F15000CCF800003A881D70154B164F1A800DF13F
:10F16000300C08AB1A4603CA624538607960134612
:10F1700007F10807F6D12DB9032130460E4AEEF704
:10F18000F9F85AE700232046A21C211D0AF067FA6D
:10F1900000287FF44DAFA1782088FFF79DFB4CE756
:10F1A000893D00203031002000310020403F002008
:10F1B000303C0020303F0020D9E80200F0B51A4F63
:10F1C0001C463B780546042B164685B029D11748C6
:10F1D000ECF7C6FF00233B7025B105B0BDE8F04059
:10F1E000FFF72ABC07F01AFC054696B11023072248
:10F1F00069460120EDF72EF802AB03CB9DF80330F2
:10F200006060A370BDF80030A160238008F0A5F80D
:10F21000607301222946204605B0BDE8F040FFF7A3
:10F22000F1BA05B0F0BD00BF443F0020E84800201F
:10F2300008B50AF0ACFB20F4987080B240F00100F1
:10F240000AF0B1FB0022014B1A7008BD443F0020B8
:10F2500010B50446FFF7E6FB022811D8094B1B78CE
:10F2600073B18C420CD193070AD52046EEF756FCB9
:10F2700030B1017921B9BDE810400348ECF7D4BEA4
:10F2800010BD00BF4C3E0020E82A0020014B024A7E
:10F290001A6070477C300020A4D60300014B187818
:10F2A000704700BF893D0020014B18700020704757
:10F2B000893D0020014B1868704700BF30310020A5
:10F2C000014B1868704700BF2C310020014B1860BB
:10F2D000704700BF30310020014B1860704700BFFD
:10F2E0002C3100200148ECF75FBA00BF2E3C002013
:10F2F00008B502F092FD00F5FA50012838BF012050
:10F30000014B186008BD00BF4C31002030B500290A
:10F310000CBF03240B2489B0DAB111490A78551CBB
:10F320000D70112142F080020C9DCDE90412CDE94F
:10F3300006354CF25E024FF48053CDE902320B23C6
:10F34000002200930E21074B019407F015FA09B033
:10F3500030BD054A1921127842F08002E4E700BF6F
:10F36000503F00205FD603004F3F002073B50025BB
:10F370002C46094E3378E8B2834202D8204602B0C8
:10F3800070BDE9F739F9694606F043FB08B101346D
:10F39000E4B20135EEE700BFB93E002008B520B960
:10F3A00007F0B6FA012303FA00F003050FD40C238B
:10F3B0001B2B08D020FA03F1C90703F1010208D57D
:10F3C000DBB2054A13700522044B1A7008BD0B23EB
:10F3D000F7E71346ECE700BF4E3F00204D3F00200B
:10F3E00073B50A4E04463368094D834208D00023A2
:10F3F000022101A8019303F0DCFA019B34602B6029
:10F40000FFF776FF286802B070BD00BF54310020BE
:10F4100058310020002313B5022101A8054C0193A7
:10F4200003F0C7FA019B2360FFF762FF206802B078
:10F4300010BD00BF50310020012210B50E4B86B028
:10F440001B681146009302A80023FFF75FFF0AF034
:10F45000BEF904460AF09BFA084BCDE900400E22A3
:10F46000102102A807F088F90022102102A806F056
:10F470008EFF06B010BD00BF503100201AD6030029
:10F480002DE9F04FA5B01E4693460D91804607F03A
:10F49000C5FA0DF1480A514607460020EDF72EF84F
:10F4A00081460AF074FA40EAC615FFF75FFFB9F12A
:10F4B000170F0446ADB217D107F02AFA4FF6FD79BF
:10F4C0008DF85300012114A803F073FABDF85030F1
:10F4D000013B9BB24B45F5D80421504603F069FA35
:10F4E000BDF8500007F0C3FABBF1000F01D045F0A2
:10F4F0003005EB0748BF00234FF0000248BF8DF8EE
:10F50000583011464FF00103CDF8008018A848BFCD
:10F510004FF6FF77FFF7FAFE0AF0E2F983460AF0AA
:10F5200056F90F900AF0B0F90E904046FFF758FFD9
:10F53000DFF89C800E9A98F800100F9BCDE90A41E5
:10F54000BDF85010CDE9025208919DF85310CDE955
:10F5500000B307919DF858100490CDE905A10E2243
:10F560002721194B099718A807F006F9012C28D173
:10F570000020E9F741F810A9054606F04AFA18B943
:10F58000204625B0BDE8F08FC6B1BDF8403098F8F0
:10F5900000202E2104929DF8442000950392BDF88E
:10F5A000422018A8CDE901322722084B07F0E4F8E1
:10F5B0002E210D9A18A80AF01AF9E2E74CF25E0320
:10F5C000E5E72721F5E700BF68D603006FD6030003
:10F5D000883D00202DE9F04F2E4BA3B0064614467F
:10F5E000B3F800800F46FFF7C1FE00220546114622
:10F5F000032300960DA8FFF789FECDE900540E22E3
:10F600005121254B0DA807F0B7F811250026DFF88A
:10F610009090DFF890A0DFF890B008F0800899F89B
:10F620000030A34201D9042E09D13A4629460DA83B
:10F630008DF844600AF0DBF823B0BDE8F08F204677
:10F64000E8F7DAFF0BA9099006F0E3F90134E0B11D
:10F65000099BB8F1000F1AD0BDF82C2006949AF837
:10F6600000100DA805919DF83010CDE900B304916C
:10F67000BDF82E10094BCDE902212A46512107F091
:10F680007BF801361035F6B2EDB2E4B2C7E74CF2C2
:10F690005E02E3E7323C00201AD6030075D6030071
:10F6A000B93E0020883D0020CF3E002000232DE9F8
:10F6B000F04FDFF8749399B099F80070064617F090
:10F6C0000107CDE90233B0F802B000F09881037869
:10F6D000032B00F29481CD4B1B78002B40F08381EB
:10F6E00033780DF10808012B8CBF17241124002357
:10F6F000A4F10802594640460093D2B20823E51D02
:10F70000ECF714FC43462A465946092002F005FF4F
:10F71000002800F074815846ECF73CFA04F10D0320
:10F72000834280F26C812146708806F09FFF8246FA
:10F73000A11C7088ECF736FCBAF10B0F40F08E81FB
:10F7400020F00C03032B40F08981337800F00C008B
:10F75000012B00F25681082840F051817088E11C8D
:10F7600006F084FFB0F5805F40F078817088611DFD
:10F7700006F07CFF4CF25E03984240F06F81294610
:10F780007088ECF70FFC04F1090182467088ECF7F1
:10F7900009FC1628054600F26181BAF1000F40F01D
:10F7A0004781C10740F14981708804F10A0106F0E0
:10F7B0007BFF8146002800F02281002D00F050815F
:10F7C000934B1B68834204D0924B1B68834240F0EA
:10F7D0001681DFF858A2DAF80030002B00F00F8114
:10F7E00002F01BFBDAF80030C01AB0F1004F40F213
:10F7F0000681FFF77DFDEB1EDBB20C2B40F243814F
:10F80000162D00F240810F2D40F22A81A5F10C0A3D
:10F810005FFA8AFA7088ECF7BDF97F4B13F80A306B
:10F820002344984200F03381012D40F0E880708835
:10F83000ECF7B0F904F12E03984240F0E08058460E
:10F8400004F10801ECF7AEFB744B04F10E0A1870DA
:10F850002C2200210DA875880AF035F998E80300DC
:10F86000002614AB83E8030002230DF1100BCDE951
:10F8700006668BE80300514628468DF84030CDF8E7
:10F880004490ECF78FFB04F10F018DF85F002846E0
:10F89000ECF788FB04F110018DF85C002846ECF7CA
:10F8A00081FB04F11101ADF85A00284606F0DEFE96
:10F8B00004F11301ADF84C00284606F0F5FE04F102
:10F8C000170208232946129000960EA8ECF72EFB8B
:10F8D00004F11F012846ECF765FB04F120018DF8C7
:10F8E00041002846ECF75EFB04F121018DF836005B
:10F8F000284606F0BBFE04F12301ADF8340028468B
:10F9000006F0B4FE04F12501ADF858002846ECF7E6
:10F9100049FB04F126018DF85D002846ECF742FB17
:10F9200032468DF85E0008210EA806F0BAFF0028C6
:10F9300000F005813046EAF74BFE8DF836009DF861
:10F940005C2002F00303012B00F00A81022B00F07F
:10F950000181002B53D1BDF84C008DF85C7009F08B
:10F96000A0FFFF284BD09DF85D30012B29D1284600
:10F97000ECF710F904F12706801B06283FDD31461D
:10F980002846ECF70FFB04F128018DF818002846F3
:10F9900006F06CFE04F12A01ADF81A00284606F0C4
:10F9A00065FE04F12C01ADF81C002846ECF7FAFACC
:10F9B00004F12D018DF81E002846ECF7F3FA8DF8BE
:10F9C0001F009DF85D4008A8651E18BF0125F9F7C6
:10F9D00061FF012C0CBF5A460022294608AB0DA836
:10F9E00003F04FF80BE00E4B93F900400D4B93F9E9
:10F9F000005009F075FF28448442BFF671AE012023
:10FA000042E000283FF4AAAEF9E700BF9B4900207E
:10FA1000543100205031002099D603004F3F002080
:10FA2000F73E00209C490020893D00204C310020F9
:10FA3000BAF1110F09D1C2070DD4072D3FF4B4AEAE
:10FA400099F800309807DAD5AEE6BAF1190F02D16D
:10FA5000C3073FF5A9AE072D3FF4A6AEFF25A3E6E9
:10FA6000AA46D7E6A5F11003DBB2062B0BD801237B
:10FA7000AB4013F4281240F0118113F4A81F7BD17E
:10FA8000162D00F02C81002019B0BDE8F08F05F094
:10FA9000FD03112B01D0152D0FD1974A1378FF2BA1
:10FAA000ADD00133AB42AAD1FF2340461370934936
:10FAB000082209F0DEFF0028A1D1584604F1080110
:10FAC000ECF770FA8E4B022D04F10E0A187049D033
:10FAD000C8D8002D7FF4BCAE04F10F017088ECF79C
:10FAE00061FA884B884C1B6820804B4587D0C10643
:10FAF00085D5864B93F90060854B93F9007009F02A
:10FB0000EFFE384486423FF77AAFFEF783FF68B1D5
:10FB100009F03DFFC2077FF572AF2288D3073FF59A
:10FB20006EAF49464046FFF70DFA68E723882A463C
:10FB300041464846C3F3C013FFF7A2FC5FE79DF8B8
:10FB40003630002B3FF45BAFBDF83430002B7FF430
:10FB5000F6AE54E712F0040F0CBF04270327FAE6B1
:10FB60000227F8E651467088ECF71CFA4146024637
:10FB70004846FFF72FFD42E7102D00F08680122D3A
:10FB800018BF0227758800262C2200210DA809F035
:10FB90009AFF52460823294600960EA8ECF7C6F9AC
:10FBA00004F116012846ECF7FDF900968246102371
:10FBB000294604F1170208A8ECF7B8F904F1270662
:10FBC0003FB131462846ECF7EDF904F128068DF8EF
:10FBD000410031462846ECF7E5F9711C8DF83600F6
:10FBE000284606F043FDF11CADF83400284606F027
:10FBF0003DFD711DADF81000284606F037FDF11DE2
:10FC0000ADF81600284606F031FD06F10901ADF801
:10FC10001800284606F02AFD06F10B01ADF8120087
:10FC2000284606F023FD06F10D01ADF81400284624
:10FC300006F01CFD06F10F01ADF81A00284606F08B
:10FC400015FD14ACADF81C000FBB29462046082357
:10FC5000009706F11102ECF769F9284606F119013F
:10FC600006F004FD012303FA0AF3ADF84C30294BEA
:10FC7000ADF858001B683846129304AA08AB0DA9CA
:10FC8000CDF84490FFF7CAF9B9E617467AE798E845
:10FC9000030084E803004FF6FF70E3E77688112D38
:10FCA0005146304610D1ECF77DF90DAA054604F116
:10FCB0000F01304609F0C5FD00273A464146284667
:10FCC0000DABFFF77BFA9AE6132D03D1ECF76AF937
:10FCD0000546F2E7ECF766F902270546EDE75146DF
:10FCE00070880DAA09F0ADFD06F098FE01460DA83A
:10FCF00009F014FD83E600BF004A0020453F0020C4
:10FD00004F3F002054310020323C00209C4900200D
:10FD1000F73E0020583100202DE9F0410546C88CFF
:10FD2000A8B00C460AAA91F82A10C0F3400000F0CF
:10FD300069F928B9012212A917A808F09EFA20B182
:10FD40000125284628B0BDE8F081208B09F0A9FDE7
:10FD5000FF280646F4D00DF138084346012017AAC3
:10FD600004F1100100F0D2F80028E9D1002D5FD095
:10FD7000012D0CBF122714272369012200210093B3
:10FD800017A83B46FFF7C2FA231D00930E2242211B
:10FD9000CDE90168294B17A806F0EEFC002D49D0EB
:10FDA0002822637B8DF88330BDF8343042210893DC
:10FDB000BDF8323017A80793BDF82C300693BDF874
:10FDC0002A300593BDF830300493BDF82E300393EC
:10FDD000BDF82830029323880193A3780093184B31
:10FDE00006F0CAFC45BB06F019FE164B42210190F5
:10FDF00000933822144B17A806F0BEFC422104F1F0
:10FE00001C06324617A809F0F2FC054668B912A88C
:10FE1000F9F740FD12A90AA802F031FE0B4B0C4A7B
:10FE20001F70E3691360236A5360FFF761FA88E784
:10FE30001027A1E72722B7E73921E0E77DD60300A5
:10FE400081D60300CF3E00208BD60300004A00205D
:10FE5000453F002070B50D460646116AD0698EB048
:10FE600005AB144603C31DB3012D0CBF132315238B
:10FE7000226907A8009200221146FFF747FA8DF881
:10FE80002A60BDB923880434039314F8023C1B2173
:10FE90000293637A0F2201930094074B07A806F0A0
:10FEA0006BFC1B2105AA07A809F0A1FC0EB070BDD0
:10FEB0001123DDE70F21F5E78ED6030070B5044668
:10FEC0000D46164690B0216AC06907AB03C323698B
:10FED00009A80093012216230021FFF717FAA38C2B
:10FEE0000E22049334F8043B1C21CDE90263CDE9D2
:10FEF0000045054B09A806F03FFC1C2107AA09A8EC
:10FF000009F075FC10B070BD93D603002DE9F043E5
:10FF100006468FB008890D461746984609F0C1FC81
:10FF2000FF2856D00F2809AC01D0042835D12A6803
:10FF30006B6812BA1BBA2046CDE90522CDE907331A
:10FF400002F0B6FD052305AD20468DF82430DDF71F
:10FF50000DFC2A4629460120DDF7C8FB95E80F0075
:10FF60000DF1040C8CE80F00204602F0A1FD0923DE
:10FF700020468DF8243002F09FFD01A9204603F0B1
:10FF8000C0F82046DDF7F2FB424639463046DDF741
:10FF9000ADFB00200FB0BDE8F0830028E4D1A646F9
:10FFA0002B686A680C4D93FA83FC12BA05F11009AC
:10FFB000734628686968083503C34D459E46F7D1E6
:10FFC000CDF828C00C9201AD94E80F0085E80F0031
:10FFD000CAE72120DEE700BFAED6030007B5084B15
:10FFE0004FF6F7711A784FF6FF630093531C003AEF
:10FFF00018BF0122022009F09DFC03B05DF804FB4C
:020000023000CC
:10000000883D002070B586B00DF1160300930646BA
:1000100005AB0D46144604A90DF112020DF10E00B8
:1000200009F06AFCBDF80E30FBB907F0E4FA208055
:1000300015B1BDF8142022BB00232381E380BDF855
:100040000E0006B158BB00236380A3806381A381A7
:10005000BDF81630BDF812200093BDF81010BDF8A1
:10006000143009F067FC002004E0BDF810209A422B
:1000700002D1012006B070BD23800133ADF80E30EF
:10008000D6E7BDF816309B1A0133AB42F1DB1544BD
:10009000ADB26B1EE2802381ADF81450CFE71D4A4C
:1000A0005188E1B19388D3B16180A380518911B3A4
:1000B000938903B36181A381BDF810308342D8DDF9
:1000C000A28863889A42D4DDBDF81620BDF81430AA
:1000D0009A42CEDDA28963899A42B9DCC9E7BDF8AC
:1000E00010100B18013BC3F34F036380013BA18049
:1000F000ADF81030DAE7BDF81620BDF81430A28153
:100100001344013BC3F34F036381013BADF8163049
:10011000D2E700BF343C002081F0004102E000BF84
:1001200083F0004330B54FEA41044FEA430594EAB7
:10013000050F08BF90EA020F1FBF54EA000C55EAF2
:10014000020C7FEA645C7FEA655C00F0E2804FEAC3
:100150005454D4EB5555B8BF6D420CDD2C4480EAA5
:10016000020281EA030382EA000083EA010180EAD5
:10017000020281EA0303362D88BF30BD11F0004F23
:100180004FEA01314FF4801C4CEA113102D0404259
:1001900061EB410113F0004F4FEA03334CEA133394
:1001A00002D0524263EB430394EA050F00F0A780AC
:1001B000A4F10104D5F1200E0DDB02FA0EFC22FAA7
:1001C00005F2801841F1000103FA0EF2801843FA9B
:1001D00005F359410EE0A5F120050EF1200E012A8C
:1001E00003FA0EFC28BF4CF0020C43FA05F3C018CA
:1001F00051EBE37101F0004507D54FF0000EDCF143
:10020000000C7EEB00006EEB0101B1F5801F1BD3EB
:10021000B1F5001F0CD349085FEA30004FEA3C0CEF
:1002200004F101044FEA445212F5800F80F09A80E5
:10023000BCF1004F08BF5FEA500C50F1000041EBE9
:10024000045141EA050130BD5FEA4C0C404141EBED
:100250000101013C28BFB1F5801FE9D291F0000FE8
:1002600004BF01460020B1FA81F308BF2033A3F197
:100270000B03B3F120020CDA0C3208DD02F1140C8E
:10028000C2F10C0201FA0CF021FA02F10CE002F1C9
:100290001402D8BFC2F1200C01FA02F120FA0CFCC2
:1002A000DCBF41EA0C019040E41AA2BF01EB04510B
:1002B000294330BD6FEA04041F3C1CDA0C340EDC09
:1002C00004F11404C4F1200220FA04F001FA02F34C
:1002D00040EA030021FA04F345EA030130BDC4F10A
:1002E0000C04C4F1200220FA02F001FA04F340EAFF
:1002F0000300294630BD21FA04F0294630BD94F0B0
:10030000000F83F4801306BF81F480110134013D96
:100310004EE77FEA645C18BF7FEA655C29D094EA07
:10032000050F08BF90EA020F05D054EA000C04BF85
:100330001946104630BD91EA030F1EBF0021002070
:1003400030BD5FEA545C05D14000494128BF41F00F
:10035000004130BD14F580043CBF01F5801130BD73
:1003600001F0004545F0FE4141F470014FF00000FE
:1003700030BD7FEA645C1ABF194610467FEA655CAF
:100380001CBF0B46024650EA013406BF52EA033551
:1003900091EA030F41F4002130BD00BF90F0000F3F
:1003A00004BF0021704730B54FF4806404F132047B
:1003B0004FF000054FF0000150E700BF90F0000F34
:1003C00004BF0021704730B54FF4806404F132045B
:1003D00010F0004548BF40424FF000013EE700BF2B
:1003E00042004FEAE2014FEA31014FEA02701FBFBB
:1003F00012F07F4393F07F4F81F06051704732F0ED
:100400007F4208BF704793F07F4F04BF41F4002143
:10041000704730B54FF4607401F0004521F00041A1
:100420001CE700BF50EA010208BF704730B54FF02B
:1004300000050AE050EA010208BF704730B511F02C
:10044000004502D5404261EB41014FF4806404F164
:1004500032045FEA915C3FF4D8AE4FF003025FEAEA
:10046000DC0C18BF03325FEADC0C18BF033202EB6E
:10047000DC02C2F1200300FA03FC20FA02F001FAC8
:1004800003FE40EA0E0021FA02F11444BDE600BF6B
:1004900070B54FF0FF0C4CF4E06C1CEA11541DBF1A
:1004A0001CEA135594EA0C0F95EA0C0F00F0DEF8E5
:1004B0002C4481EA030621EA4C5123EA4C5350EACA
:1004C000013518BF52EA033541F4801143F480131B
:1004D00038D0A0FB02CE4FF00005E1FB02E506F0AC
:1004E0000042E0FB03E54FF00006E1FB03569CF001
:1004F000000F18BF4EF0010EA4F1FF04B6F5007F07
:1005000064F5407404D25FEA4E0E6D4146EB060678
:1005100042EAC62141EA55514FEAC52040EA5E5001
:100520004FEACE2EB4F1FD0C88BFBCF5E06F1ED8AB
:10053000BEF1004F08BF5FEA500E50F1000041EBE2
:10054000045170BD06F0004646EA010140EA02008F
:1005500081EA0301B4EB5C04C2BFD4EB0C0541EAB1
:10056000045170BD41F480114FF0000E013C00F3C6
:10057000AB8014F1360FDEBF002001F0004170BDEA
:10058000C4F10004203C35DA0C341BDC04F1140403
:10059000C4F1200500FA05F320FA04F001FA05F28F
:1005A00040EA020001F0004221F0004110EBD3705C
:1005B00021FA04F642EB06015EEA430E08BF20EA88
:1005C000D37070BDC4F10C04C4F1200500FA04F32B
:1005D00020FA05F001FA04F240EA020001F00041BD
:1005E00010EBD37041F100015EEA430E08BF20EA30
:1005F000D37070BDC4F1200500FA05F24EEA020E78
:1006000020FA04F301FA05F243EA020321FA04F0A6
:1006100001F0004121FA04F220EA020000EBD3705D
:100620005EEA430E08BF20EAD37070BD94F0000F5D
:100630000FD101F00046400041EB010111F4801F91
:1006400008BF013CF7D041EA060195F0000F18BF42
:10065000704703F00046520043EB030313F4801F7E
:1006600008BF013DF7D043EA0603704794EA0C0F38
:100670000CEA135518BF95EA0C0F0CD050EA41064E
:1006800018BF52EA4306D1D181EA030101F00041CB
:100690004FF0000070BD50EA410606BF10461946F3
:1006A00052EA430619D094EA0C0F02D150EA0136FF
:1006B00013D195EA0C0F05D152EA03361CBF104640
:1006C00019460AD181EA030101F0004141F0FE41DF
:1006D00041F470014FF0000070BD41F0FE4141F463
:1006E000780170BD70B54FF0FF0C4CF4E06C1CEA63
:1006F00011541DBF1CEA135594EA0C0F95EA0C0F18
:1007000000F0A7F8A4EB050481EA030E52EA0335D2
:100710004FEA013100F088804FEA03334FF08055F3
:1007200045EA131343EA12634FEA022245EA111520
:1007300045EA10654FEA00260EF000419D4208BFD1
:10074000964244F1FD0404F5407402D25B084FEA7E
:100750003202B61A65EB03055B084FEA32024FF42A
:1007600080104FF4002CB6EB020E75EB030E22BF87
:10077000B61A754640EA0C005B084FEA3202B6EB47
:10078000020E75EB030E22BFB61A754640EA5C00F6
:100790005B084FEA3202B6EB020E75EB030E22BF86
:1007A000B61A754640EA9C005B084FEA3202B6EB87
:1007B000020E75EB030E22BFB61A754640EADC0046
:1007C00055EA060E18D04FEA051545EA16754FEAA8
:1007D00006164FEAC30343EA52734FEAC2025FEAC6
:1007E0001C1CC0D111F4801F0BD141EA00014FF055
:1007F00000004FF0004CB6E711F4801F04BF014326
:100800000020B4F1FD0C88BFBCF5E06F3FF6AFAE41
:10081000B5EB030C04BFB6EB020C5FEA500C50F1D1
:10082000000041EB045170BD0EF0004E4EEA113154
:1008300014EB5C04C2BFD4EB0C0541EA045170BD5B
:1008400041F480114FF0000E013C90E645EA060E9F
:100850008DE60CEA135594EA0C0F08BF95EA0C0FCD
:100860003FF43BAF94EA0C0F0AD150EA01347FF415
:1008700034AF95EA0C0F7FF425AF104619462CE7EC
:1008800095EA0C0F06D152EA03353FF4FDAE10464F
:10089000194622E750EA410618BF52EA43067FF4A0
:1008A000C5AE50EA41047FF40DAF52EA43057FF430
:1008B000EBAE12E74FF0FF3C06E000BF4FF0010C3B
:1008C00002E000BF4FF0010C4DF804CD4FEA410C9F
:1008D0007FEA6C5C4FEA430C18BF7FEA6C5C1BD06C
:1008E00001B050EA410C0CBF52EA430C91EA030FED
:1008F00002BF90EA020F0020704710F1000F91EA4A
:10090000030F58BF994208BF90422CBFD8176FEA17
:10091000E37040F0010070474FEA410C7FEA6C5CE5
:1009200002D150EA013C07D14FEA430C7FEA6C5CEC
:10093000D6D152EA033CD3D05DF8040B704700BF18
:100940008446104662468C461946634600E000BF66
:1009500001B5FFF7B7FF002848BF10F1000F01BD38
:100960004DF808EDFFF7F4FF0CBF012000205DF803
:1009700008FB00BF4DF808EDFFF7EAFF34BF012088
:1009800000205DF808FB00BF4DF808EDFFF7E0FF21
:1009900094BF012000205DF808FB00BF4DF808ED72
:1009A000FFF7CEFF94BF012000205DF808FB00BFD9
:1009B0004DF808EDFFF7C4FF34BF012000205DF8BB
:1009C00008FB00BF4FEA410212F5001215D211D503
:1009D0006FF47873B3EB625212D94FEAC12343F03C
:1009E000004343EA505311F0004F23FA02F018BFBE
:1009F000404270474FF00000704750EA013005D187
:100A000011F0004008BF6FF0004070474FF0000049
:100A1000704700BF4A0011D212F5001211D20DD555
:100A20006FF47873B3EB62520ED44FEAC12343F0F4
:100A3000004343EA505323FA02F070474FF000009E
:100A4000704750EA013002D14FF0FF3070474FF04D
:100A50000000704753B94AB9002908BF00281CBFDD
:100A60004FF0FF314FF0FF3000F082B9ADF1080CCC
:100A70006DE904CE00F006F8DDF804E0DDE90223BC
:100A800004B070472DE9F04F099D0C46002B4DD165
:100A90008A420F4684469646B2FA82F360D94BB139
:100AA00002FA03FEC3F120029F4000FA03FC20FA81
:100AB00002F217434FEA1E461FFA8EF44FEA1C4219
:100AC000B7FBF6F106FB117701FB04F042EA07429F
:100AD000904208D91EEB020201F1FF3702D2904288
:100AE00000F231813946121A1FFA8CFCB2FBF6F083
:100AF00006FB102200FB04F44CEA024C644508D9C2
:100B00001EEB0C0C00F1FF3202D2644500F21E8194
:100B1000104640EA0140ACEB040C002125B12CFA50
:100B200003F30022C5E90032BDE8F08F8B4205D9FE
:100B30000DB1C5E9000100210846F5E7B3FA83F1DC
:100B400000294DD1A342C0F0F380904280F0F080A4
:100B5000064623460846002DE6D0C5E90063E3E7D4
:100B6000002B40F0A3808A1A4FEA1E471FFA8EF628
:100B70000121B2FBF7F407FB14204FEA1C4242EAC2
:100B8000004206FB04F090420FD91EEB020204F172
:100B9000FF382CBF4FF001094FF00009904203D9F4
:100BA000B9F1000F00F0CC804446121A1FFA8CFCF9
:100BB000B2FBF7F007FB102200FB06F64CEA024CF2
:100BC000664508D91EEB0C0C00F1FF3202D26645D7
:100BD00000F2B3801046ACEB060C40EA04409DE7FF
:100BE000C1F120068B4004FA01FE22FA06F720FA32
:100BF00006FCF4408A401F434EEA0C0300FA01FE53
:100C00004FEA17484FEA13491FFA87FCB4FBF8F084
:100C100008FB104449EA044400FB0CF9A1450ED935
:100C20003C1900F1FF3A2CBF4FF0010B4FF0000BC5
:100C3000A14503D9BBF1000F00F08B805046A4EB17
:100C400009041FFA83F9B4FBF8F308FB134403FB10
:100C50000CFC49EA0444A44506D93C1903F1FF38C9
:100C600001D2A4457BD8434643EA0040A4EB0C04E0
:100C7000A0FB02984445CC46434602D306D1CE455C
:100C800004D20138B9EB020C68EB0703002D6CD0DD
:100C9000BEEB0C0264EB030422FA01F304FA06F63D
:100CA000CC4000211E43C5E900643DE702FA03FE83
:100CB000C3F1200104FA03F200FA03FCCC404FEA2E
:100CC0001E4720FA01F11FFA8EF6B4FBF7F00A4333
:100CD00007FB1044110C41EA044100FB06F48C426E
:100CE0000ED91EEB010100F1FF382CBF4FF00109B6
:100CF0004FF000098C4202D9B9F1000F2CD04046C8
:100D0000091B92B2B1FBF7F407FB141142EA01424E
:100D100004FB06F1914207D91EEB020204F1FF38F1
:100D200001D291421ED84446521A44EA004120E7BB
:100D3000861A64EB030301200DE7F44402384AE706
:100D4000023C724431E702397244CCE6F444023882
:100D5000DFE602383C4472E702387144D0E7023BD8
:100D60003C4481E7023C7244DEE72946DCE600BFF2
:100D7000704700BF08B5064B044613B10021AFF31E
:100D80000080044B1B6803B19847204600F004FA2A
:100D90000000000094320020024B0146186801F068
:100DA00046B900BF0849002070B50D4D00260D4C16
:100DB000641BA410A64209D10B4D00260B4C08F071
:100DC000AFFE641BA410A64205D170BD55F8043BCC
:100DD00001369847EEE755F8043B01369847F2E7AD
:100DE000044A0020044A0020044A0020084A002047
:100DF00001F039BE704708B501F0B3F901F0BEF952
:100E0000D9F7A2FAFAE7D4F7AFBA08B5D5F704FFD5
:100E100000F0F7FAD5F70CFF00F0F5FAE5F79EF8C9
:100E2000DBF790FFDBF7A2FFDBF7F8FFBDE8084038
:100E300004F097BE70477047704708B501F0C1FADB
:100E400001F0CFFABDE80840E7F77CBC704708B571
:100E5000D6F7ACFED3F79CFFBDE80840D7F73CB906
:100E600008B5D9F705FE00F096FCBDE80840FFF78D
:100E7000EEBFD3F79BBF012070470120704738B504
:100E800000F0D7FF044601F07CF8051E18BF254688
:100E9000DCF716F8041E18BF2C46FFF7ECFF0028FD
:100EA00018BF204638BD38B5D9F74CFB0446D3F7F8
:100EB00083FF04281ED002284FF0000508BF01243C
:100EC00000F0B9FF042817D0022808BF012401F060
:100ED000B4FA042812D0022808BF0124FFF7CDFF7E
:100EE00004280DD0022808BF0124002D18BF0024BB
:100EF000204638BD0125E3E70125E8E70125EDE7B8
:100F00000024F5E7FF20704708B5FFF7FBFF00203E
:100F100008BD704770477047704710B50446E7F743
:100F20004FFD2046E6F758FF2046BDE8104004F08C
:100F3000C0BA04F0F6BB10B50446E7F749FE2046F8
:100F4000E6F7B0FF2046BDE8104004F0E2BA10B565
:100F50000446E7F769FC2046E7F7F0F82046E6F795
:100F6000DBFD2046E6F79EFD2046BDE81040FDF77C
:100F700011BCFFF7ECBF10B50446E7F783FC204631
:100F800008F0FFF92046E7F709F92046E6F700FEEA
:100F90002046E6F79FFD2046BDE81040FDF714BC53
:100FA00010B50446E7F7B2FC204608F0FAF92046EF
:100FB000E7F742F92046E6F711FE2046E6F78AFDFC
:100FC0002046BDE81040FDF7FFBBE6F727BCE7F77A
:100FD000BBB97047E8F77ABB7047704708F0FAB9B9
:100FE000704708F0FBB9E8F735BB04F01EBE04F00B
:100FF000E7BB04F00EBC04F02ABE10B49DF8044018
:1010000001945DF8044B04F019BC70477047E7F792
:1010100035BBE7F75DBBE7F74FBA04F04ABC04F015
:1010200060BC08F0DCB904F032BCE8F72DBB04F07A
:1010300022BE04F089BC04F093BA04F09FBA04F015
:101040009CBC04F0BCBC08F060BA08F099BA08F087
:10105000A9BA08F0D9BA04F058BC03F0D4BF70475D
:10106000704770472DE9F0419DF818409DF81C50DD
:101070009DF820609DF824709DF82CC09DF834E008
:101080009DF83880CDE90867CDE90DE8CDE9064542
:10109000CDF82CC0BDE8F04103F03DBF7047FEE73E
:1010A00010B53AB1002350F8234041F823400133F2
:1010B0009A42F8D110BD002070474FF400407047AD
:1010C0004FF47A7070474FF0005300201B6882B0D5
:1010D0009AB262F30F001B0C63F31F4002B070471B
:1010E0007FB500239E6A0446B6F5804F0D460DD2AB
:1010F00001A80393D3F782FF039B5B0506D529461E
:101100002046336C04B0BDE87040184704B070BD91
:101110001FB500239A6AB2F5804F04D340F2011044
:1011200005B05DF804FB126BB2F5804FF6D20122D8
:1011300001A8CDE902338DF80420D3F75FFF039BAC
:10114000DB03EBD5029B1A0EE8D0012A03D1C3F3CF
:1011500007430A2BE2D900239B6A1B6B1B6C984741
:10116000DEE7EFF3108072B6704700B962B67047E1
:10117000302383F311887047EFF31180302383F31A
:101180001188704780F3118870470023036070470F
:1011900003680B6001607047FEE74FF06042012377
:1011A000D2F8001E83400B430020C2F8003E704777
:1011B00010B588B004460E98009207900D9822460C
:1011C00006909DF8300005900B9804909DF828003B
:1011D00003900020CDE901300B460121D4F74CF9F2
:1011E00008B010BD704713B5044601A8D5F702FB3F
:1011F0009DF8063023804FF480736380D5F708FB99
:101200006060002002B010BDD5F770BA08B5D5F700
:1012100061FA002008BD10B5044644EA010313F04A
:101220000303084609D1934201D1002010BD54F8B0
:10123000231040F823100133F5E72146920008F00F
:1012400054FCF2E7704708B5D3F770FEBDE80840DC
:101250000021D4F7B7BB02210320D4F75DBE08B547
:10126000FFF7F1FFBDE80840FFF7F5BF10B50446F2
:10127000D3F74AFE0021D4F7A5FB1CB1BDE810400E
:10128000D4F73ABE10BD704770477047704770B5CD
:10129000054614460E46FFF764FF2B685C40344059
:1012A0005C402C60BDE87040FFF75FBF70474FF0B7
:1012B00050234FF400321A6770474FF0B0435A681A
:1012C00012B19A6A002AFAD17047012200F58053C0
:1012D0005A60CB43934003F00A034361416111B963
:1012E00000F500504260704783695B06FCD5C1631E
:1012F00070474369002B07DB39B9436ADB07FCD42D
:1013000000F5005001234360704700F58050F9E775
:10131000436810B5DA0704460AD5FFF72DFF636A64
:10132000DB075CBF0123E360BDE81040FFF72ABF85
:1013300010BD436810B50A46044633B1636A002BFA
:10134000FCD1012104F5005359605378D1781B0179
:1013500043EA4103917820460B43117943EA810324
:10136000517943EAC103917943EA4123D17943EAB0
:101370008123117B43EA0123917A43EA0163D17A05
:1013800043EA0173517A43EA0143A3601178FFF7FE
:10139000B0FF137A0BB10023236210BD436813B171
:1013A000436A002BFAD17047002070470F20704726
:1013B0000F207047002070470F20704700207047B3
:1013C0000F207047002070470F207047002814BF7F
:1013D0000F20002070470020704700207047002039
:1013E0007047002814BF0F2000207047012070476D
:1013F00001207047012814BF0F20002070470F20E4
:101400007047DFF7F3B8002307B5CDE900330123B8
:1014100069464FF0FF308DF8023003F005F803B055
:101420005DF804FB00207047B0F5802F22D010D863
:10143000B0F5003F20D007D818B3B0F5803F08BF03
:10144000482018BF01207047B0F5403F08BF2C204E
:10145000F7E7B0F5302F11D007D8B0F5E02F0FD057
:10146000B0F5202F08BF1020EBE7B0F57F0F08BFC5
:101470000620E6E74B2070472A207047112070476E
:101480002120704708B570B100F068F94FF098431B
:101490005A6CD202FCD5586D10F4702004D0BDE80F
:1014A0000840FFF7C1BF212008BD08B528B12022A0
:1014B000002108F008FB002008BD2120FCE710B542
:1014C00008B9212010BD0029FBD0036813F0704239
:1014D00005D1C3F30E030B607BB10020F2E703F0EC
:1014E0005044B4F1004F05D0B2F1304F02D0B2F108
:1014F000404FE6D103F07F03EDE74368002BE0D0D7
:101500000B60EAE773B50D46064610B9212002B01C
:1015100070BD0029FAD0002301A90193FFF7CFFF86
:101520000028F4D13468019B14F0704403F10303E4
:1015300023F003030AD0B168B4F1004FC1F3803245
:10154000C1F3403104D102EB410253432B60DEE78B
:10155000B4F1204F01D10A44F7E7B4F1304FFAD08B
:10156000B4F1404FF7D0D1E773B50C46002876D0E0
:10157000002974D000230B60036803F070430B60F4
:10158000C26822B1032A6AD143F080630B6083688A
:10159000C2689D0103F0407154D5B1F1407F54D031
:1015A000002A5CD04FF00073226822F040721A4388
:1015B0002260C368032B09D10369F62B4FD91B04A2
:1015C00003F47F0322F47F021343236083681E0425
:1015D00042BF236843F400432360C368032B09D050
:1015E0002368026823F4FF4323F07F03C2F30E0253
:1015F0001343236002688368002A08DA5D0403F459
:1016000000512ED459B3226842F40052226002687D
:1016100002F0704202F10042B2F1804F05D25A0549
:1016200042BF226842F480622260056815F070466D
:101630001ED5002301A90193FFF741FF00282ED0FA
:1016400002B070BDB1F1407F03D142B14FF04073A1
:10165000AAE703F08073002AA6D1002BA4D0212092
:10166000EEE7226842F4804222600029CBD1CEE727
:1016700013F4C843F3D101A90193FFF720FF002819
:10168000DED1002EEBD12368019A23F4FF4323F02F
:101690007F03C2F30E02134300202360D0E705F05E
:1016A0005045B5F1004F05D0B6F1304F02D0B6F13C
:1016B000404FD4D1019B2268013B03F07F0322F00D
:1016C0007F02E8E738B131B101234B604FF000539E
:1016D00000208B6070472120704737B50C460546C7
:1016E00010B9212003B030BD0029FAD001234B608E
:1016F000C36893B901A90193FFF704FF0028F1D152
:10170000019B6A699A4206D32A6943F0005322601A
:101710000020A360E6E71D20E4E7032BE1D10023CE
:10172000F6E7436813B9416070475B685A68012A5D
:10173000FBD159607047836813B9816070475B685B
:101740005A68012AFBD159607047C369032B9FBFB8
:1017500000EB83020133D160C3617047C369042B7E
:1017600014D84FF09842116CC902FCD504339B0089
:1017700013650168103B11604168116050F8081F43
:1017800011604FF098420344984200D1704750F8DE
:10179000041F1160F8E7FFF745BE20F00803102B87
:1017A00005D0202814BF6FF086000020704700206D
:1017B00070471346428870B50732072A0C464FEA35
:1017C000D20101D0A14222D14668058820221846C4
:1017D000002108F078F9360A0346DEB9BCB141F2BF
:1017E0000102954205D0B5F5885F02D0B5F5905F4E
:1017F00002D100205C6070BDB5F5105F0DD1182CD2
:1018000003D0202C01D0102C01D11C60F1E76FF027
:101810008600F0E76FF08B00EDE76FF08500EAE7F8
:10182000F0B51C46436806461B0A0F46154689B0AC
:1018300035D122462946FFF7BCFF68B9EB1C23F0DF
:101840000303C4E90307636145B920220021204650
:1018500008F039F96FF0860009B0F0BD014620228A
:10186000684608F030F96A4629463046FFF7A1FF7E
:101870000028EAD12368009A9A42E6D16368019A67
:101880009A42E2D1A368029A9A42DED1A369069AEB
:101890009A42DAD1E369079A9A42DDD0D5E76FF030
:1018A0008B00D9E7D5F758BED5F75CBF00F008B874
:1018B00009B100F007B822207047012100F043B8B9
:1018C0000020704770B506460D46FFF755FC0446EC
:1018D0001C2E35D8DFE806F00F18341C1E203422E9
:1018E000243434342628342A2C2E303434343434FE
:1018F000343434343200D3F7EDFA00262860204621
:10190000FFF740FC304670BD0120D4F76FFAF4E7D2
:101910000320FAE70420F8E70C20F6E70220F4E7BA
:101920000620F2E70720F0E70820EEE70520ECE7C5
:101930000920EAE70A20E8E70D20E6E71020E4E7BF
:1019400000202126DAE700207047D5F7D5BF70B513
:101950000C46154610B9D6F709F938B143682BB1D2
:101960002A462146BDE8704000681847232070BD14
:10197000F7B50D4616461C4648B103B901AC876859
:101980005FB12346324629460068B84706E0D6F7DD
:10199000EDF804B901AC0028F1D1232003B0F0BD6B
:1019A00007B501228DF807100DF10701FFF7CFFFF2
:1019B00003B05DF804FB0B4601461846FFF7F0BF85
:1019C00000230122FFF7D4BF0EB403B503AA52F8D7
:1019D000041B0192D6F7D6F802B05DF804EB03B011
:1019E00070474FF06042D2F8803E1B02FBD4704734
:1019F0002DE9F84F0F4615461E46002402F1040853
:101A00009DF828B002F109094FEA132A5FFA88F815
:101A10004C4502D30020BDE8F88F052C12D8DFE832
:101A200004F01E09030B0D0FD1210820D3F702FD8E
:101A30000134EDE74146F8E7F1B2F6E75146F4E745
:101A40005946F2E7AB1DA3420BD0EB1DA34208D0D1
:101A500005F10803A34206D0BB1F195DE5E75B2132
:101A6000E3E75A21E1E75D21DFE7034670B190F833
:101A7000382090F83C002AB1022803D1012283F8D3
:101A80003C20704704284FF00102F8D00120704735
:101A900080F82C10704790F82C00704790F83900AF
:101AA00070473022037A534303F1A04303F58023A8
:101AB000D96ED0E903231344994214BF0846104657
:101AC000704770B504460568D6F750F8844202D1D5
:101AD0000020D6F73FF895F93600D6F719F895F9B2
:101AE0003600D5F7F5FF95F93700D6F711F895F9D7
:101AF0003700D5F7EDFF287AD3F768FE287AD3F7B9
:101B0000CBFDD3F7A7FD00232846C4E90033C4E981
:101B10000433A360AB6ABDE870401847F8B50446CB
:101B20000D4690F8393081B173B990F83A60FFF7FB
:101B300018FB054601213046D8F76AFB2846FFF717
:101B400014FB012384F83930F8BD002BFCD090F849
:101B50003A70FFF706FB064629463846D8F758FB89
:101B60003046FFF702FB84F83950EDE72DE9F843E2
:101B7000044616460D4690F82C80FFF7FDFA94F8BF
:101B8000382003469AB1FFF7FDFA94F83B90FFF72F
:101B9000E8FA074601214846D8F73AFB3846FFF7EE
:101BA000E4FAFFF7E9FA0022034684F838201846E1
:101BB000FFF7E8FA2E44B54204D101212046236AFA
:101BC00098473DE094F82D302BB3FFF7D5FA237EEC
:101BD0000746EBB12046FFF764FFE1680138884211
:101BE00038BF2069D4F830C03CBF00F1FF30401846
:101BF00003469C450BD013F80129112A01D0132A62
:101C000021D1A2F111035A425A4184F834202063B1
:101C10003846FFF7B7FA94F83430002BCBD0B8F140
:101C2000000F06D02B780A2B03D10D212046E36943
:101C300098472046E36915F8011B98470028BAD059
:101C40000020BDE8F883994282BF236903F1FF3386
:101C50005B18CEE7F8B590F83830044603F0FF067D
:101C6000A3B93146036A9847012384F8383094F8C1
:101C70003B70FFF776FA054631463846D8F7C8FA82
:101C80002846FFF772FA022384F83C30F8BD026C54
:101C9000D36C43F00403D364704710B50446026C60
:101CA00093695906FCD5002394F846101A4694F817
:101CB0004500D4F715FC002394F848101A4694F810
:101CC0004700D4F70DFC94F84D30DA0707D5002310
:101CD00094F84A101A4694F84900D4F701FC94F895
:101CE0004D309B0707D5002394F84C101A4694F802
:101CF0004B00D4F7F5FB206C0021C36C23F00103EB
:101D0000C364C36C23F00403C364FFF7DEFA00204E
:101D100010BD08B5006CFFF7E7FA002008BD036CA2
:101D2000DA6C19B142F00102DA64704722F0010264
:101D3000DA64012203F500539A64704738B50468E9
:101D4000206C856C15F001050BD0012200F50053C5
:101D50009A6483699B060FD52046BDE83840FFF79B
:101D600079BF042384F83C30237E33B9C36C23F05D
:101D70000403C3640123237638BD637E1BB394F848
:101D80002D3003B3132184F83550FFF7ADFA236CDF
:101D9000DA6C42F00402DA645B6ADBB2112B0DD11B
:101DA000012384F834303022237A534303F1A043D3
:101DB00003F58023DB6E013B2363DDE7132BDBD1CF
:101DC00084F83450EFE7C36C23F00403C364D3E713
:101DD00010B508201C4601F0E9FD002820600CBF6A
:101DE0001B20002010BD002808BF42200A44914259
:101DF00000D1704711F8013B434001F8013C00F06D
:101E00000103C0F34700002BF1D080F0B800EEE7EB
:101E100008B5D6F705FB80B208BD08B5D6F700FBBC
:101E200008BD08B5FFF7F9FFFA23B0FBF3F080B265
:101E300008BD012070470420704740F2016000F0A7
:101E400046B8704770477047032000F05BB8012028
:101E5000704710B50C46D6F73BFB08B1006808B9CF
:101E6000012010BD2146FFF7ABFD0028F9D01B284B
:101E7000F6D1F6E710B50C46D6F72AFB40B100685C
:101E800030B12146FFF78CFD003818BF012010BD8E
:101E90000120FCE701464FF0FF3002F050BB08B5CF
:101EA0004FF0FF3002F04DFB80B208BD49BA89B255
:101EB00080EA0103C3F303125340180380B2584071
:101EC0005B0103F4FF535840704742DE704710B582
:101ED0000446FFF74DF94FF000534FF20F021C80FC
:101EE0005A80BFF35F8FBDE81040D5F7DFBD10B457
:101EF00004460846114622465DF8044BD9F79AB9C4
:101F0000D9F7D8B9D9F716BA10B40446084611461D
:101F100022465DF8044BD9F72BBAD9F7CDBAF8B5FC
:101F2000002706463D463046E9F734FE854200D399
:101F3000F8BD3046E9F72EFE441BE4B2202C2946BA
:101F4000304628BF2024EAF71BF8224601463846CF
:101F5000FFF749FF2C440746E5B2E4E701460120BC
:101F6000FFF788BF10B5014604460120FFF771FF57
:101F700018B11B2803D018232370002010BD272080
:101F8000FCE700207047104430B5054602B930BD6B
:101F900001F00F030A2B34BF30243724013A2344C5
:101FA000090905F8013DD2B2F0E770B504464518BD
:101FB000073549420D40A5F10806304600F03AF8D1
:101FC000A188331BC3F3CF036288194489B2D21AA4
:101FD00025F8041C25F8062CA28882B1A4EBC202C5
:101FE000D180518819445180E2887AB1D31A9BB2CA
:101FF00004EBC20425F8023CA380304670BD15F8FE
:10200000082C42F0020205F8082CEDE725F8022C16
:10201000F3E707B500224FF0FF3101AB0192D7F78C
:10202000CDFD019803B05DF804FBD7F7C5BE0846A7
:10203000FFF7EFBF0023038043808380C380704796
:1020400010B5FFF78EF80446D8F74EF82046BDE8E5
:102050001040FFF78AB8D8F731BC704701207047AD
:102060004FF4C870D8F760B97047002307B56846C9
:1020700000938DF80430D4F729FA03B05DF804FB1F
:102080002DE9FF410D4616461F460446A8B14FF004
:102090000008C0F81C80D8F725FDBDF82C3042465A
:1020A00002939DF828302946CDE900732046334637
:1020B000D8F77EFC04B0BDE8F0812220FAE7F0B545
:1020C0001F46002387B00D46164604468DF817308C
:1020D000A8B1C3610DF11701D8F734FD9DF81720A1
:1020E0007AB9BDF83430294602939DF83030204645
:1020F000CDE900733346D8F75BFC07B0F0BD222072
:10210000FBE70320F9E738B5FFF736F8054600F09E
:1021100006F804462846FFF735F8204638BD4FF04C
:10212000B0439A6A1207FCD4186A704782074FF0CE
:10213000B04200F00103916948BF43F008030B432C
:10214000936170474FF0B04301285B6904D00228C7
:1021500005D1C3F3C000704703F0010070470020B1
:10216000704708B5D2F74AFDFEF74DFEFEF778FE40
:10217000FEF74BFEBDE80840FEF75CBE08B5FEF773
:102180005AFEFEF759FEFEF758FEBDE80840FEF77E
:102190005DBE70472DE9F34112F001050446884603
:1021A00022D110F0030525D12F465208BA4209D199
:1021B000D4F790FA0026B74204EB860008D1D4F792
:1021C00095FA11E054F8273001330CD10137EDE7CF
:1021D000042258F826300DEB0201019307F0ACFC05
:1021E00030B1D4F783FA3D25284602B0BDE8F0812E
:1021F0000136E0E70125F7E71FB52A38062869D838
:10220000DFE800F0040B2C4D52575E0006F0EBF8AF
:1022100003F053FD012004B010BDE7F765FA044652
:10222000E7F762FA8DF80000E7F75EFA8DF8010033
:1022300003F039FDADF80200E7F756FA0DF105019C
:102240008DF804000820E7F757FAE7F74DFA6946DA
:102250008DF80D00204603F010F9D9E7E7F744FAAE
:10226000694606F0B1F803F028FD9DF80000E7F795
:1022700059FA9DF80100E7F755FABDF8020003F09E
:1022800008FD9DF80400E7F74DFA08200DF105015F
:10229000E7F758FA9DF80D00E7F744FABAE7E7F7D1
:1022A00023FA03F0ECF8B3E7E7F71EFAF4F702FBC2
:1022B000F2E7E7F719FAF5F77BFB03F0EAFCA9E789
:1022C000E7F712FA044603F0EEFC01462046F5F764
:1022D00095FB9FE700209EE770B574288CB027D04F
:1022E00006D86F2827D0732817D000200CB070BDF7
:1022F000A8283BD0A928F8D103F0D5FC044602A9B0
:102300000820E7F7F9F907A91020E7F7F5F92046C3
:1023100007AA02A906F0E6FB06E0102007A9E7F7E6
:10232000EBF907A806F0E0FB03F0C7FC0120DDE7AE
:10233000F9F79CFCF8E702A803F091FDE7F7D4F960
:102340000446E7F7D1F90546E7F7E4F907AE211EA1
:1023500003462A4618BF0121009602A803F092F80E
:1023600003F0ABFC304603F06FFDDFE703F09BFCAE
:10237000044602A90820E7F7BFF907A90820E7F7F4
:10238000BBF9204607AA02A906F073FBCCE70020A0
:1023900070474FF6FF707047FF207047002070476E
:1023A000022003F08ABC0020704708B50E2003F01D
:1023B00084FC012008BD002070477047D6F730BE6E
:1023C000704708B5D6F724FDBDE80840EAF706BC1B
:1023D0007047704708B5FFF7FBFFFFF7FAFF08BD2E
:1023E000704708B5D6F714FDFFF7FAFFFEF794FD26
:1023F000BDE80840DAF7B4BC002070479DF804003F
:1024000070470020704700207047704738B5054678
:10241000FEF7A7FE044601212846D7F7F9FE20461D
:10242000BDE83840FEF7A1BE0120704708B5E7F7C8
:10243000B3F8B0FA80F0400908BD08B5DAF740FDFE
:1024400000280CBF0420012008BD082808D84FF43C
:102450008B73C34013F0010F14BF0020212070477D
:1024600021207047012070470120704700207047ED
:1024700008B5022003F021FCBDE808400020E7F782
:1024800051B9022003F019BC70472DE9F34104460D
:102490000D4616461F46DDF82080CDF80080FEF779
:1024A00096FD3B46324629462046CDF80080FFF790
:1024B000EBFF02B0BDE8F0811FB5089C02949DF8C7
:1024C0001C400194BDF818400094E5F79BFF04B050
:1024D00010BD08B5E5F7AEFB08BD70472DE9F34127
:1024E00016461F4604460D46BDF82080CDF80080F4
:1024F000FEF76FFD33464246294620460097FFF718
:10250000ECFF02B0BDE8F081704708B5FEF762FD50
:10251000FFF7FAFF08BD012070472DE9F04105469D
:102520000E4617469846FFF7F6FF044643462846F0
:102530003A463146FEF750FD2046BDE8F0810120C5
:1025400070472DE9F04105460E4617469846FFF7BD
:10255000F6FF0446434628463A463146FEF73DFD1F
:102560002046BDE8F081FEF739BDF8B505460E46B8
:10257000174606F031FF04463A4628463146FEF734
:102580002FFD2046F8BDFEF72CBD704710B5044660
:10259000FEF729FD2046FFF7F8FF10BD704738B55C
:1025A00004460D46FEF721FD29462046FFF7F6FFBB
:1025B00038BD704770B504460D461646FEF717FD48
:1025C000324629462046FFF7F4FF70BD704738B504
:1025D00004460D46FEF70DFD29462046FFF7F6FF9F
:1025E00038BD704738B504460D46FEF704FD294650
:1025F0002046FFF7F6FF38BD70472DE9F34104464A
:102600000D4616461F469DF82080CDF80080FEF747
:10261000F4FC3B46324629462046CDF80080FFF7C1
:10262000EBFF02B0BDE8F081704738B50546E5F72D
:102630009FF904460146284600F0CFF9204638BDF0
:1026400038B504460D46FEF7E0FC29462046FFF764
:10265000EBFF38BD704738B50546E5F7F7F9044696
:102660000146284600F0B7F9204638BD38B5044683
:102670000D46FEF7CBFC29462046FFF7EBFF38BDA1
:10268000704710B50446FEF7C2FC2046FFF7F8FF7E
:1026900010BD704738B504460D46FEF7BAFC294612
:1026A0002046FFF7F6FF38BD704770B504460D466B
:1026B0001646FEF7B0FC324629462046FFF7F4FFE7
:1026C00070BD704738B504460D46FEF7A6FC294696
:1026D0002046FFF7F6FF38BD704738B504460D4673
:1026E000FEF79DFC29462046FFF7F6FF38BD7047F0
:1026F00070B504460D461646FEF793FC3246294651
:102700002046FFF7F4FF70BD704710B50446FEF792
:102710008AFC2046FFF7F8FF10BD704710B504464D
:10272000FEF783FC2046FFF7F8FF10BD704710B599
:102730000446FEF77CFC2046FFF7F8FF10BD70470B
:1027400070B504460D461646FEF773FC3246294620
:102750002046FFF7F4FF70BD704710B50446FEF742
:102760006AFC2046FFF7F8FF10BD704738B50446F5
:102770000D46FEF762FC29462046FFF7F6FF38BDFE
:102780007047F8B504460D4616461F46FEF757FC3F
:102790003B46324629462046FFF7F2FFF8BD704718
:1027A00070B504460D461646FEF74BFC32462946E8
:1027B0002046FFF7F4FF70BD7047F8B506460C469B
:1027C00017461D46FEF73FFC3B463246294620464B
:1027D000FFF7F2FFF8BD704710B50446FEF735FC71
:1027E0002046FFF7F8FF10BD704738B504460D4688
:1027F000FEF72DFC29462046FFF7F6FF38BD70474F
:1028000010B50446FEF725FC2046FFF7F8FF10BD83
:1028100070472DE9F34104460D4616461F46DDF884
:102820002080CDF80080FEF716FC3B463246294654
:102830002046CDF80080FFF7EBFF02B0BDE8F08145
:10284000704738B504460D46FEF707FC294620467A
:10285000FFF7F6FF38BD0E2070470E20704738B5E1
:102860000446FFF7FAFF05462046FEF7F8FB204630
:10287000FFF7F1FF284638BD704710B50446FEF754
:10288000EFFB2046FFF7F8FF10BD00207047002047
:10289000704738B50446FFF7FAFF05462046FEF7B5
:1028A000E0FB2046FFF7F1FF284638BD70472DE9D1
:1028B000F04F8FB09DF880B0219C9DF87490CDE9C9
:1028C00008B41E9C9DF860509DF864609DF8687087
:1028D0009DF86C80CDE905941C9C9DF87CA0CDE909
:1028E0000384CDE901670095CDE90C23CDE90A0108
:1028F000CDF81CA0FEF7B6FBDDE90A01219BCDE96E
:102900000167CDE908B31E9BCDF81CA0CDE9059366
:102910001C9B0095CDE90383DDE90C23FFF7C6FF7F
:102920000FB0BDE8F08F08B5FEF7B8FBFEF760FA10
:1029300008BD00207047022070470020704730B566
:1029400089B00446ADF806108DF81020E9F71AFD9D
:1029500005462046E9F726FD03469DB1BDF8060071
:10296000ABB903F0E7FFFF2808BF00200DF10F030C
:102970008DF80F0005932046DDE90412DAF7E2FA3C
:1029800009B030BD0028F6D00DF10603F2E703F0E0
:10299000D1FFFF2808BF0020BDF806308DF80F00DA
:1029A000ADF81A308DF8180006ABE3E77047D6F79C
:1029B000C1B908B5E8F7F2F8002840F6124018BF90
:1029C000002008BD0120704770477047704770476E
:1029D000704770477047FFF749BEFFF731BEFFF7FA
:1029E000DFBEFFF7CEBE10B49DF8044001945DF841
:1029F000044BFFF702BEFFF744BEFFF74BBEEAF7FA
:102A00009DB8FFF782BEFFF750BEFFF73EBDFFF750
:102A100064BEFFF757BEFFF76BBE30B4BDF8084089
:102A20009DF80C50CDE9024530BCFFF745BDFFF7DE
:102A30009ABDFFF7B4BDFFF7BDBDFFF71EBFFFF79F
:102A4000C6BDFFF7CFBDFFF7E4BEFFF779BEFFF7C6
:102A500084BEFFF78BBEFFF766BFFFF797BDFFF79A
:102A60005DBE03F0E3BBE8F745B8E9F725BD10B458
:102A7000BDF8044001945DF8044BFFF72FBDFFF74C
:102A8000B4BEFFF79ABEFFF7A7BEFFF7B9BE00209E
:102A9000704770470020704770470E207047012034
:102AA0007047704701207047012070470E20704723
:102AB0001422002107F007B8704730B540780C4663
:102AC00001284FF0110387B001F1100516D1022241
:102AD00001A9E9F7BFFB234601AC224618685968F3
:102AE000083303C2AB421446F7D11123022200205F
:102AF00001A9E9F7AFFB002007B030BD0622012095
:102B000001A9E9F7A7FB234601AC224618685968DA
:102B1000083303C2AB421446F7D111230622E6E77D
:102B200030B50C46407887B001284FF011030DBF37
:102B300002220622012001A918BF01A9E9F78AFB98
:102B4000234601AA05AD144603CCAC421860596077
:102B5000224603F10803F6D1002007B030BD10B5BE
:102B60000C4688B01A23082201A90120E9F772FB5C
:102B700021460DF10E0304F1100251F8040B9142AD
:102B800043F8040BF9D11A230822002001A9E9F720
:102B900061FB002008B010BDF0B58BB004460D46B7
:102BA00003F03CFFA8B101A8F2F7C2FE88B1667B32
:102BB000271D16F0020F05D00822384601A906F09D
:102BC00058FFD0B901AB46F0020603CB60607960D4
:102BD00066731A23082203A90120E9F73BFB294663
:102BE0000DF116030DF1260253F8040B934241F840
:102BF000040BF9D100200BB0F0BD2D20FBE770B520
:102C000005460C468AB0252200210DF1030006F08E
:102C10005AFF6B68CDF81D30AB68CDF821302346E4
:102C200001AC03F11006224618685968083303C244
:102C3000B3421446F7D101236A7B8DF8023012F0BB
:102C4000040F0CBF4FF480734FF4A073110748BFFB
:102C500043F48063ADF80030930748BFBDF80030FF
:102C6000684644BF43F00803ADF80030F1F7C6F8FA
:102C70000AB070BD30B5427B0D46D10704468BB01B
:102C800007D5407801A9F1F723F9D8B12D200BB071
:102C900030BD9307FAD5C2F3800310074FEA8313C0
:102CA000ADF8023044BF43F48063ADF80230BDF8A4
:102CB0000220201D0AB10DF1020201A904F0ABFEB1
:102CC0000028E3D001AB03CB9DF81430A16023733F
:102CD000BDF810306060590642BF627B42F00402CA
:102CE00062735A0542BF627B42F0080262731B079F
:102CF00042BF637B43F0020363732B4606AC0AAD0D
:102D0000224603CAAA4218605960144603F1080318
:102D1000F6D10020BBE730B505468BB028230C4622
:102D20007F221D216846FFF7E2F82B78052B0DF175
:102D300015030AD10DF1050252F8041B9A4244F81A
:102D4000041BF9D100200BB030BD0DF1250253F862
:102D5000041B934244F8041BF9D1F3E730B5054650
:102D60000C468BB028237F221D216846FFF7BFF851
:102D70002B78052B04F1100310D10DF1050254F846
:102D8000041B9C4242F8041BF9D128236A467F2188
:102D90001D20FFF7B5F800200BB030BD0DF1150276
:102DA00054F8041B9C4242F8041BF9D1EDE710B51E
:102DB00003780C46072B42788EB011D134231F21A3
:102DC00001A8FFF794F80DF116030DF1260253F850
:102DD000041B934244F8041BF9D100200EB010BD2F
:102DE0003023212101A8FFF782F80DF112030DF124
:102DF000220253F8041B934244F8041BF9D1ECE778
:102E000070B503780C46072B45788EB001F110069B
:102E100016D134232A461F2101A8FFF768F80DF1C7
:102E2000160354F8042BB44243F8042BF9D134238D
:102E300029461F2001AAFFF763F800200EB070BDDD
:102E400030232A46212101A8FFF751F80DF1120382
:102E500054F8042BB44243F8042BF9D1302329460B
:102E6000212001AAE7E7F0B504460D4693B02522DC
:102E700000210DF1230006F026FE636804F1040C26
:102E8000CDF83D30A36809AECDF841302B4605F1B1
:102E90001007324618685968083303C2BB42164609
:102EA000F7D105238DF82230637B5B0103F40073B7
:102EB000ADF820306378FF2B1AD1002360461A4604
:102EC00001A900F073FA9DF80530FF2B0DD1002306
:102ED00001A91A46184600F069FA9DF80530FF2B43
:102EE00003D11C26304613B0F0BD9DF80530637049
:102EF0000020617808AADAF7B3FD06460028F1D170
:102F000019236278194601A8FEF7F1FF2B4603AD9D
:102F10002A4618685968083303C2BB421546F7D1E0
:102F2000637B6178DB0648BF9DF81C3001AA44BF73
:102F300063F07F038DF81C3019231846FEF7E0FF7D
:102F4000D0E710B504468AB02422002101A806F07B
:102F5000BAFD637B590744BF4022ADF810201A0721
:102F600042BFBDF8102042F48062ADF81020DB07AC
:102F70000FD5607801A9F0F7ABFF10B12D200AB092
:102F800010BD01AB03CB637B606043F00203A16023
:102F9000637304A9201D04F040FD0028EED000203A
:102FA000EDE710B5427B0446930707D5D200012117
:102FB00002F080020430DAF7DFFC60706178FF29EC
:102FC00005D0BDE8104000220120DAF749BD0120FC
:102FD00010BD1FB5694600F0B3F8002818BF2D20BA
:102FE00005B05DF804FB73B50D4614460646DAF7E6
:102FF000FDF96B881A071AD522463146102004F0D5
:10300000EDFC2046DAF7F2F96B88D90717D50023D3
:10301000224601210DF107008DF80730DAF7AAFAF0
:103020006B88002B0CBF2120002002B070BDDE0693
:10303000EAD522460821281DDAF79CFAE1E79A072B
:1030400001D50223E4E75B07EAD50323E0E71FB5D8
:10305000044610220021684606F035FD2378013B26
:10306000082B14D8DFE803F005050B0F050505054F
:1030700005006946204600F044F804B010BD204623
:10308000FFF75FFFF9E72046FFF78BFFF5E7212009
:10309000F3E70F20704710B5044686B001A902225D
:1030A00011230120E9F7D6F89DF8143001A8E37048
:1030B00005F04FF980F00100062201A9607011238C
:1030C0000120E9F7C7F89DF8143001A8A37005F0B6
:1030D00040F980F001002070F0F7A4FF606000204C
:1030E00006B010BD1FB50C46694600F029F8102245
:1030F0002146684606F0BDFCB0FA80F0400904B0F5
:1031000010BDD8B1D1B14388C3B90378013B082BB6
:1031100014D8DFE803F00507090B0D0D0F0F1100A0
:10312000FFF7CBBCFFF71BBDFFF769BDFFF79BBEE9
:10313000FFF714BEFFF764BEDAF762BB21207047C9
:1031400038B50D4639B330B30378013B082B20D88E
:10315000DFE803F0050D1013161619191C00FFF710
:10316000DFFC0446284604F0A8FE204638BDFFF7E1
:1031700013FDF6E7FFF77EFDF3E7DAF7ADF9F0E7C9
:10318000FFF7C9FDEDE7FFF712FEEAE7DAF742FBCA
:10319000E7E72124E6E72124E7E770B586B0064695
:1031A00001A80C461546FFF783FC04238DF8043074
:1031B0001CB12068616802AB03C3294601A88DF8E1
:1031C0000560FFF79EFF06B070BD70B586B004467F
:1031D00001A80D461646FFF76BFC032320686168C3
:1031E0008DF8043002AB8DF8116003C3294601A8A5
:1031F000FFF787FF06B070BD0022FFF7E6BF30B5CE
:1032000085B00D4669460446FFF79AFF20B92A4665
:1032100021466846FFF7E7FE05B030BD10B504460D
:1032200086B011230622012001A9E9F713F8A3783B
:103230009DF814209A4207D08DF8143006221123ED
:10324000002001A9E9F706F811230222012001A9B3
:10325000E9F700F8E3789DF814209A4207D08DF83A
:10326000143002221123002001A9E8F7F3FF06B071
:1032700010BD30B5437B044613F001020D468BB000
:1032800007D0407801A9F0F723FE70B12D200BB0D4
:1032900030BD9B07FAD5ADF8022001A90DF102025D
:1032A000043004F0B8FB0028F0D000210E22A81C46
:1032B00006F009FCBDF810302B80039BAB60BDF815
:1032C0001230AB819DF81430237301AB03CB6060E7
:1032D000A1600020DBE770B5437B0446DB070E46A8
:1032E0008AB003D42D2528460AB070BD69464078BF
:1032F000DAF7F6FA05460028F4D1DDF81D300E2283
:103300006360DDF821300146A360637BB01C43F0AD
:103310000203637306F0D7FBBDF80030069A43F052
:1033200004033380059BB2607360DCE70B4610B585
:10333000044610220021184606F0C5FB2278032A15
:1033400009D0042A0DD0022A11D101462046BDE839
:103350001040DAF769BA01462046BDE81040FFF791
:1033600088BF01462046BDE81040FFF7B4BF2620C5
:1033700010BDF8B5074608460C4616461D46FFF731
:1033800097FB04232370637B314643F001032046FF
:1033900067706373FFF7D4FE08B12D20F8BD29468E
:1033A0002046FFF7C3FF0028F8D0F6E7F8B505463A
:1033B00008460C461F461646FFF77AFB0423237087
:1033C00025B108222946E01806F063FB637B43F031
:1033D000020363734EB9324601212846DAF7CCFA6C
:1033E000FF28607007D12D20F8BD31462046FFF739
:1033F000A7FE0028F7D1637B43F0010363730DB987
:103400000020F1E7002FFBD039462046FFF78EFF62
:10341000F6E7F8B50C460746084616461D46FFF780
:1034200047FB03232046394600F8043B082206F0F8
:1034300030FB637B314643F0020320466373FFF7A2
:103440007FFE08B12D20F8BD29462046FFF76EFF0C
:103450000028F8D0F6E7F8B5074608460C461646A9
:103460001D46FFF725FB03232370637B314643F0A2
:103470000103204667706373FFF762FE08B12D20D9
:10348000F8BD29462046FFF751FF0028F8D0F6E79F
:103490000020704718B180220121DAF76DBAFF20B1
:1034A000704730B589B00D46FFF7F4FFFF2804469A
:1034B00012D019230246194601A8FEF718FD286804
:1034C000696801AB03C319232146184601AAFEF718
:1034D00017FD002009B030BD2D20FBE7002307B504
:1034E0001A4619460093F2F751FAB0FA80F04009F3
:1034F00003B05DF804FB70477047002070477047C9
:103500000F20704770479DF8000070470F207047EC
:103510000F207047002070470F2070470020704731
:103520000020704784B08DE80F00002004B0704781
:103530000020704770477047002070477047002098
:103540007047704700207047012070477047002087
:10355000704700B58FB061B105AB01AA09A9FFF7AB
:1035600025FF20B99DF825000FB05DF804FBFF2072
:10357000FAE70220F8E710B586B0044601A8FFF785
:1035800097FA04238DF80430012301A88DF8054033
:103590008DF81130FFF75BFD002818BF212006B021
:1035A00010BD002310B586B00C461A4601A9FFF7DE
:1035B000FDFE9DF80500FF2807D0002C0DBF04225A
:1035C000002204210021DAF7B5FA06B010BD30B5AB
:1035D00087B0044601A81546FFF76AFA4FF6047350
:1035E00020686168ADF8043002AB03C3294601A826
:1035F000FFF787FD054630B105212046FFF729FA80
:10360000002007B030BD9DF80500FF28F8D0022249
:103610002946DAF78FFA01212046FFF71AFA2846E1
:103620002946F2F7A1FA0120EBE700887047017004
:10363000090A4170704710B50024E3B210B9C3F114
:103640000303DBB20134042CCA544FEA1222F4D132
:1036500010BD10B50B784C788A78C97828B9104617
:103660002246044608461946034642EA012043EA38
:10367000042343EA004010BD10B50446C069FEF7BC
:10368000D4FC2046BDE810402422002106F01BBADD
:1036900070472DE9F84F9846DDE90B490D9B15461B
:1036A0009A0706460F4623D02A460A9B03EB040AD4
:1036B0001444A24220D10D9B9B0705D5A2EB050A1D
:1036C000D14505EB0A0420D82046BDE8F88F4346D3
:1036D00039462020B0470AF1010ACA450AEB0B021D
:1036E000F5D3A9EB04024C4588BF00222A44DCE74D
:1036F000A246A5EB040BF0E702F1010B4346394665
:103700001AF8010DB0475A46D3E7434622463946D8
:103710002020B0470AF1010AD2E72DE9F0479E4682
:10372000DDE90D3CDDE90874DDE90B651CF0020FF5
:103730009DF828801FD10CF001094BB1B9F1000FA1
:1037400006D0B8F1000F02D11CF00C0F00D0013BE5
:103750004FF0300A02E007F804A00134A54201D975
:10376000202CF8D1B9F1000F05D04FF03009A34259
:1037700001D9202C1BD11CF0100F15D01CF4806F28
:1037800032D1C4B1AC4201D09C422DD1651E12D0C1
:10379000102E3FD11CF0200FA4F1020456D1782640
:1037A0003E5530266C1C7E55202C29D00DE007F8A4
:1037B00004900134DBE7102E10D11CF0200F2FD124
:1037C00078243C7030247C700224B8F1000F31D092
:1037D0002D253D55013414E06224F2E7022EFBD082
:1037E00030243C700124F0E7102E1BD11CF0200F78
:1037F0002AD1202C04D07826651C3E55202DD0D10E
:103800002024CDE90A3CCDE908747346BDE8F047B1
:10381000FFF73FBF022EC4D162247C550135EDE78E
:103820005824CEE7022E03D1202CE9D02546F3E719
:103830002546E3E71CF0040F01D02B25C9E71CF057
:10384000080FDED02025C4E7202CD9D05826651CCF
:10385000D3E72DE9F04391B0189D1A9F1D9E2DB915
:1038600026F0100416F4806F264622D116F0200FA1
:1038700014BF4FF0410E4FF0610EAC4600250DF124
:103880002008AEF10A0EBCFBF7F907FB19C95FFA75
:1038900089F4B9F1090F94BF30347444E4B2BC45E3
:1038A00008F8014B05F10105BCFBF7F401D3202D0D
:1038B00010D11C9C069605941B9CCDE903749DF8C1
:1038C0006440CDE9015408AC0094FFF726FF11B025
:1038D000BDE8F083A446D6E72DE9F04F95B0CDE9D9
:1038E0000A23DDE91E76DDE9229B57EA0603CDE9CE
:1038F0000801269C05D124F0100314F4806F1C46A7
:1039000037D114F0200F14BF4123612300250DF19E
:10391000300AA3F10A0831464A465B463846FDF7AD
:1039200099F8D2B2092A94BF303242444F45D2B2FC
:1039300076EB0B0605F101050AF8012B01D3202DCA
:1039400014D1259B06940593249BDDE90801CDE95C
:1039500003939DF88030CDE901530CAB0093DDE972
:103960000A23FFF7DAFE15B0BDE8F08F07460E46D2
:10397000D1E70025E5E708B100F014B8704710B1B1
:10398000D1E900311847704738B5441E14F8015F7B
:1039900025B90A2000F006F8284638BD284600F070
:1039A00001F8F3E701460020FDF7FABF10B50B461A
:1039B000EFF311844FF0200181F311881946DAF7F3
:1039C00025FC84F3118810BDDAF7EABB4369406C2B
:1039D000DA1C1438B2FBF0F203EBC203CA1D033346
:1039E000B2FBF0F2B3FBF0F30132023301EBC201A0
:1039F00000FB0310704738B5446905462146FFF7C0
:103A0000E5FF6A6CE31D143AB3FBF2F3013304EBF8
:103A1000C304204438BD73B506460D460024F36B3D
:103A2000012201A928195B699847019B013309D13B
:103A30000434736C62195B426A401A42EFD020462C
:103A400002B070BD0024FAE770B505460C46D1F708
:103A5000ABFFEB6B2046DB68BDE87040184770B5E4
:103A6000002586B004460562E369AB4202D8206AAD
:103A700006B070BD666C0522206801A9E36B06FBE9
:103A800005005B69984701A800F007FC00F02AFCDC
:103A900010B1236A013323620135E5E738B50446E6
:103AA000456C006804F1400305FB0101E06B00F088
:103AB00026FC05462046FFF7D2FF284638BDF0B564
:103AC000054687B00026EC69013CB44203D80C4699
:103AD000204607B0F0BD01B14C1E6F6C052228686E
:103AE00001A9EB6B07FB04005B69984701A800F094
:103AF000D4FB00F0F7FB0028EAD101362146E2E7CB
:103B0000F0B5044687B0466C0D4600680522E36BAD
:103B100001A906FB05005B69984701A800F0BDFB01
:103B200000F0E0FB20B101A800F08EFB07B0F0BD73
:103B300029462046FFF7C3FF676C0646E36B206803
:103B400005225B6901A907FB0600984701A800F060
:103B50007BFB431CEAD0B54238BF0130E6E72DE9D4
:103B6000F043D0F824804FF6FF7987B004460E4624
:103B7000C84514BF454600250027E369BB4202D86B
:103B800007B0BDE8F083E26B01A92368606CD2F84E
:103B900014C0052200FB0530E04701A800F07DFBC2
:103BA000022806D0C8450CD1721C29462046FFF7D2
:103BB00075FF0135E3690137B5FBF3F203FB1255DD
:103BC000DBE729462046FFF79BFFB0F1FF3F14BF1C
:103BD000024632460132E8E70368F0B5CC1A436C7E
:103BE00087B006460025B4FBF3F4F36937685A1E24
:103BF000706C954208D3706C336800FB043007B0DA
:103C0000BDE8F04000F079BB013401A9B4FBF3F248
:103C100003FB1244F36B05225B6900FB04709847B9
:103C200001A800F03AFB00F05DFB0028E3D101356C
:103C3000DBE710B423F003049B07436C2244C3F179
:103C400000030A4418BF043282EA0104234203D06D
:103C50005DF8044BFFF7C0BF10465DF8044B70479A
:103C60002DE9F041D0E90A3686B004469E4228D1BB
:103C7000C3691422456802FB1355284606B0BDE807
:103C8000F081206801A9676C331AE26BB3FBF7F38C
:103C9000D2F8148007FB03000522C04701A800F0FA
:103CA000FCFA012804D0636C1D44013B3340ED1A3B
:103CB00031462046FFF790FF0646A36AB342E0D1A3
:103CC000DBE70025F9E7F0B5002587B004462E466E
:103CD000E369B34202D8284607B0F0BD636C052201
:103CE000276801A903FB0677E36B38465B699847B1
:103CF00001A800F0D2FA00F0F5FA58B1384600F009
:103D0000FCFA01462046FFF786FE636C143B8342B3
:103D100008BF01350136DBE708B508301346D1E9A5
:103D20000012DBF7C9FE012008BD13B50C460021C7
:103D300021760093134661682246DAF7E5FA18B156
:103D4000E37D03B1A07EA075A07D02B010BD73B568
:103D500000F1080516460C460DF1070209682846D1
:103D600000F098F9032E06D16368834203D12168DD
:103D7000284600F076F9012002B070BDD01E009BED
:103D800042424241187E824211D11A688A420ED8BC
:103D90005A688A420BD35A6901325A61D3E9030245
:103DA00082423FBF986840F8221001321A61012018
:103DB0007047032A10B5029C07D1A26A5340626C77
:103DC0005242134201D100F04CF9012010BD08B558
:103DD000C36800209847BDE80840D1F7EDBD012831
:103DE00070B514BF04200220002442431C70CC7D17
:103DF000101D02F002024CB91AB1012220F003009A
:103E00001A7000F108034868184470BD1AB1012205
:103E100020F003001A700C7E002301F12005DAB2B5
:103E2000944201D80020F0E735F833205E1C82422E
:103E300006D901EBC30300F10802D8691044E4E796
:103E4000801A3346EBE773B590F8426005461C468E
:103E50000DF103033046FFF7C2FFEB6B012E5B69E8
:103E60000DD1324601A998479DF8033013B1BDF832
:103E700006300193BDF80430236002B070BD01220A
:103E8000214602B0BDE870401847F0B50546002451
:103E900087B04868EB6B27460E4601225B6902A992
:103EA00008300294984795F84230012B40F0848006
:103EB000632C02D9029807B0F0BD612C08D805AB7D
:103EC000224631462846FFF7BEFF9DF814301BB34B
:103ED00005AB2246314628468DF81070FFF7B3FF38
:103EE00095F84230012B059B55D14FF6FF72934256
:103EF00000F09680082205A904A800F055F9059B5A
:103F00009DF81010C3F30722914240F08980DBB284
:103F1000029A1A44029283E095F84230012B30D184
:103F200003AB224631462846FFF78DFF04AB621CE7
:103F300031462846FFF787FF05ABA21C31462846CD
:103F4000FFF781FF102208230DF107000DEB02019E
:103F50008DF8073000F028F9102205A90DF10700AF
:103F600000F022F9039BDAB2002A52D19DF8072013
:103F7000B2EB132F4DD1DDE9043203EB0243029380
:103F800047E0302C2BD944E09DF80720B2EB134FCB
:103F90003FD1049BF3E7013342D0102205A90DEB7A
:103FA000020000F001F9059B9DF81010C3F30742D1
:103FB000914235D19BB2ABE7312C3FF67BAF87D036
:103FC00005AB224631462846FFF73DFFBDF81430C9
:103FD000002B7FF47DAF95F84230012BA0D003ABCE
:103FE000224631462846FFF72EFF04AB621C3146BD
:103FF0002846FFF728FF102320220DF107000DEBC4
:1040000003018DF8073000F0CFF8039B9AB2002A25
:10401000BAD095F84230012B14BF012302231C446F
:10402000013440E713B500240194049C0094DAF7AE
:10403000FFFC02B010BD30B5002344684FF0FF32E2
:104040009C4202D10023037230BD016801EBC3051D
:1040500041F8332001336A60F2E7C0E90012FFF74C
:10406000EABFF0B5002345689D4210D00468DF0028
:1040700054F8332004EBC306B2F1FF3F08D0C2F37B
:104080001302914204D14FF0FF33E3517360F0BD4E
:104090000133E9E7F0B5002345689D4202D14FF0B6
:1040A000FF300EE00468DE0054F83340671C09D08E
:1040B000C4F31307B94205D1240D147003683344C7
:1040C0005868F0BD0133E8E713B500230446014604
:1040D0001B220DF107008DF8073000F065F822680B
:1040E0009DF80730B3EBD26F0CBF0120002002B067
:1040F00010BD13B500230446014620220DF1070030
:104100008DF8073000F050F80DF107001A22211D3C
:1041100000F04AF862689DF80730B3EB926F0CBF6D
:104120000120002002B010BD0068431C58425841D5
:104130007047006810F07E0F0CBFC0F3C160002014
:1041400070470068C0F3D3107047006800F07F002C
:1041500001288CBF002001207047036813F07E0FF8
:1041600014BF042008207047036813F07E0F03D1AA
:10417000406820F07C40704713F078001CBF03F0CB
:104180007F03D81F7047006800F07F007047032846
:1041900009D0022803D1C1F10201C8B27047002939
:1041A0000CBF0720002070471F2A0B689EBF4FF0EE
:1041B000FF3191408B43590801F055315B1A03F0F0
:1041C00033319B0803F033330B44017803EB1313B3
:1041D0000A444FF0013103F00F334B43A2EB13625B
:1041E0000270704737B501F10C0405464369694612
:1041F000012220469847BDF80030012201A9019311
:104200002046AB69984703B030BD37B501F10C04C7
:10421000436901226946054620469847009B4FF6B0
:10422000FF7299B291420DD11B0C012201A92046C7
:104230001B0443F4254343F0A5030193AB6998475E
:1042400003B030BD0020FBE737B5044600251B2234
:10425000011D0DF107008DF80750FFF7A5FF6068FD
:104260009DF80720B2EBD06F03D120F0784003B067
:1042700030BD0DF107001B2204F108018DF8075035
:10428000FFF792FFA0689DF80730B3EBD06F01D124
:10429000C043EAE74FF0FF30E9E703684BF29A22A8
:1042A000B2EB134F10B5044613D19BB2012B13D1BF
:1042B000FFF7CAFF01300CD0E0684FF6FF72B2EB97
:1042C000104F4FEA104309D180B2C01A18BF012025
:1042D00010BD2368013303D00420F9E70220F7E77B
:1042E0000320F5E701288CBF002001207047033828
:1042F00001288CBF002001207047143070472DE941
:10430000F04105469846036908460E461746984709
:10431000044638B943463A4631462846DBF7A8FCFE
:10432000044618B131462846FFF75CFF2046BDE839
:10433000F0817047431E012B03D9031F5842584197
:1043400070470120704700F081BB4FF4C472002118
:1043500005F0B9BB10B50446002100F077F82046FF
:10436000BDE81040DDF7F4B9DCF75EBB10B50C46D4
:104370001146DCF77FFBDDF7F9FC012801D10020B5
:1043800010BD002CF7D10420FAE7DCF7BFBD00F028
:1043900063B9DCF7C1BD00F06FB970B50023242507
:1043A000D0F8C000C4689C4201D1012070BD826871
:1043B00005FB0322D6898E4202D8128A8A4201D294
:1043C0000133F0E70020F1E7408B70470A7838B5F9
:1043D00005461046FFF7AEFF60B14C782046FFF768
:1043E000A9FF38B12243530704D42846BDE838401A
:1043F000DCF7B2BD012038BD10B504460878FFF7E0
:1044000099FF58B14A781046FFF794FF30B1042A5B
:1044100004D02046BDE81040DCF7D4BD012010BD1B
:10442000DCF7A8BADDF7F8B80846DDF767BEDCF7B9
:104430003BBC38B504460D46DBF75AFE28B9294681
:104440002046BDE83840DCF7F1BB38BDDDF768BC7D
:1044500070B516460C46FCF784FE314605462046EC
:10446000DFF76CFD04462846FCF77FFE204670BD52
:1044700000F0ECB838B5044648880D4600F0E8FA7C
:10448000D4F8D4302BB929462046BDE83840DCF7B3
:10449000CFBD022038BD00F0DDBA00F004B973B51D
:1044A000044600200D4600F0D3FAD4F8D4606946E3
:1044B0002046FFF7F2FF5EB99DF800102A4620461D
:1044C000D2F7BCFA01462046DCF74EFE02B070BDC2
:1044D000002329461A462046B047F7E7DCF73EBAE4
:1044E000DEF702BD38B505460C46FCF73AFE6B6BAD
:1044F0001C402B6B23432B63FCF737FE211E18BF98
:1045000001210020490238BD38B504460D46FCF7AC
:1045100028FE636B1D40236B23EA05052563FCF72A
:1045200024FE284638BD006B704710B504460121B3
:10453000FFF7EAFF2046BDE81040E0F7B3B800F00F
:1045400063B900F074B938B504460D464FF48811CC
:10455000FFF7DAFF29462046BDE83840DDF78ABD7F
:104560000846DEF7ADBD00F0ADBADEF7AFBF0847D5
:10457000022A01D800F0A1B901207047022A01D80F
:1045800000F0ACB901207047022A01D800F0B8B998
:1045900001207047DDF7D8BC0846DDF7F5BC00F018
:1045A000ECB900207047002070477047836B03F020
:1045B0006003402B0DD0602B03D0203B5842584164
:1045C000704749B10B68012B06D9486940F00100DA
:1045D000704740F20110704700207047F0B5144654
:1045E0001E460F4687B019B90024204607B0F0BD1B
:1045F000002AF9D00028F7D001A9DDF7F5FF00283F
:10460000F2D0BDF80630A2199A42BDF80850C4BFD6
:104610009B1B9CB2B54212D90399AD1BADB231447C
:10462000A5420391ADF808500DD22A46384605F050
:104630005CFA0499621B781905F057FAD5E70499DA
:10464000761B3144049122463846F5E70846DFF7E9
:1046500017BC0220DEF724BFD0F8C8304BB11A686F
:10466000022A06D993F8250028B11B6AB3FBF0F0A3
:104670007047FFF78ABE7047D0F8C8207AB1136838
:10468000022B0CD9536A13F47F4FC3F3072106D0D2
:10469000126ADBB253438B42B3FBF1F201D2FFF754
:1046A00078BE104670470346D0F810010860B3F892
:1046B000143100208B80704790F810310C2B14BF00
:1046C000C07DFF20704738B50C464FF400610546A9
:1046D000E1F720FB70B17CB195F8FE3073B94FF46F
:1046E00080724FF480712846E1F700FB003818BF54
:1046F000012038BD2202F4E72246F2E70020F8E765
:104700004FF48071E1F706BB08B54A024FF400711F
:10471000E1F7ECFA002008BD08B58A024FF4806189
:10472000E1F7E4FA002008BD4FF40071E1F7F2BAB6
:1047300070B506468D880C46DCF7F4FB727CEB0006
:10474000053A012A98BF033388B1B3F5803F0ED8EC
:104750004FF22441420901FB03230009B3FBF0F3AC
:1047600022680020D21A05232260A37170BD0220A6
:10477000FCE73F2B084610B5114619D9B3FA83F36D
:10478000C3F11902D2B2062A01D8192B0ED0062A7B
:1047900028BF06220124931DDBB29C40A4B2A14293
:1047A00028BF2146DDF716FD204610BD0022F1E7A7
:1047B0000024F9E7138808463F2B10B516D9B3FA41
:1047C00083F3C3F11901C9B2062901D8192B0BD003
:1047D000062928BF062101238C1DE4B2A3401380C3
:1047E000DDF718FD002010BD0021F4E70120FAE7F5
:1047F00010B5144608460121DFF7DAF92046BDE876
:1048000010400121DFF7D4B938B50D46DDF7AEFA17
:104810000128044609D12846D1F722FD054610B9E2
:10482000D1F780FD2C46204638BD0224FBE7D1F7A6
:104830004FBDF8B504460E461746FCF792FC3A46C3
:1048400005463146204600F0D7F904462846FCF7D5
:104850008CFC2046F8BD0220704703207047DEF72D
:1048600017BE10B5DDF7A2F8044608B9E0F7EAFB79
:10487000204610BD704770B505460E46144600F040
:10488000ECF831462846DBF76DFC00F0E6F823072C
:1048900004D50B2C9CBF24F00804A4B22146284662
:1048A000DCF7E2F800224FF400312846E1F71EFA67
:1048B000002070BD8021E1F72DBA7FB5531C05AAF9
:1048C000ADF81410029202210022DBB2CDE90021E2
:1048D0001146E1F729FA07B05DF804FB7FB5531CD8
:1048E00005AAADF81410029204210222DBB2CDE930
:1048F000002100220121E1F717FA07B05DF804FB5F
:104900001FB5531C029100220821CDE9002101228C
:10491000DBB21146E1F708FA05B05DF804FB07B514
:1049200091F82830009391F82B3091F8292091F8D4
:104930002A10DDF7CFFA03B05DF804FB38B5054661
:10494000DCF78CF804462846DCF766F8072811D116
:10495000D5F8C43024F47F41DB6921F0080103B1AC
:104960005B7841EA032141F020012846BDE8384048
:10497000DCF77AB824F02001F7E7081E18BF012001
:10498000704738B5054610460C46DDF72BFBD5B110
:10499000D5F8C430BBB15B69ABB1421ED2B2FD2ABF
:1049A00013D90A68013204BF6FF001020A600A6875
:1049B000FF281A6007D16268013202D16FF001024C
:1049C000626062685A60002038BD0128F2E72DE974
:1049D000F74F01251C469DF83030064601930368C9
:1049E000174603F0070306339D4005F1FF380B46D9
:1049F000A1B1416804EA080BA5EB0B0A41F000598C
:104A0000524509EB0B0114D95246184605F06DF8D2
:104A100049467A1B5A44504405F067F8019B2BB174
:104A20003C4448EA050804EA0804F46003B0BDE821
:104A3000F08F1846F0E737B5002514460095FFF7CC
:104A4000C6FF204603B030BDDDF740B900207047F7
:104A500000207047002070477047704730B549000C
:104A60000446056812B102291FD90339C90395B953
:104A7000E1B1B1FA81F3C3F12003C3F10F000128C2
:104A800038BF012003F01F03D940A94201D90138E2
:104A90004908216030BDB5FA85F339B1B1FA81F228
:104AA0009B1A002BE9DC0F20EFE700210F20F0E735
:104AB000012805D9023818BF4FF0FF30C0B2704747
:104AC0000120704708B5DEF755FEBDE80840DEF767
:104AD00079BE38B50446FFF7F5FF0546FFF7F2FF4C
:104AE000431BA342FAD338BD38B50D460446DEF762
:104AF00041FE35B1844200D90139204601F003015D
:104B000038BD844238BF0131F7E708B50121FFF70E
:104B1000EBFFBDE80840DEF755BE0B0CB3F5384F90
:104B2000F7B506460D468FB216D04BF601029342FA
:104B300014D04BF60202934212D0B3F5304F14BF9B
:104B400004240324D6F8C4300BB1196851B9D6F83F
:104B5000C0309BB928680FE00024F3E70124F1E797
:104B60000224EFE7234668463A46DEF76FFE9DF8DB
:104B700004300098002BEAD103B0F0BD1968002979
:104B8000E8D0234668463A46DEF760FE9DF80430DA
:104B90000098002BDED1EFE7D0F7CCB900F030035E
:104BA000202B10B513D110F4E02FC0F302440AD02B
:104BB000C0F3C423B3FBF4F410F4C01F18BF6400A7
:104BC000052C0ED86408DFF7CBF8604310BD6FF0FA
:104BD0001204C0F382131C4104F00104C4F1020466
:104BE000F1E70424EFE74FF0384359699A6903F578
:104BF00000530A405A617047F7B505460F466846AC
:104C00001146DFF727FA064698B197B1DDE9003182
:104C10001B0A43EA0163A5FB0343090A05FB0135AF
:104C2000FFF7BAFF0023024629462046FBF712FF92
:104C30003860304603B0F0BD03207047E0F7F0BBAA
:104C4000E0F7EEBBE0F7ECBBE0F7EABBE0F7E8BB70
:104C500000228A4202D14FF0FF30704750F82230D4
:104C600093FAA3F30BB90132F3E7B3FA83F000EB45
:104C700042107047022070470020704701207047A3
:104C800000207047002070470120704700207047C7
:104C9000DDF76CB8084611460122FFF767BB70B517
:104CA00005460C4611461A46E1F77AF806682B4687
:104CB0002046B446BDE87040604710B5E1F770F893
:104CC000BDE8104083681847FFF7CBBDDCF772BF23
:104CD000FFF7AFBBDFF76CB84942FFF7FBBF70B51A
:104CE00004460D4616464FF48811FFF70DFC324678
:104CF00029462046BDE87040DDF794B973B50D78BC
:104D000006460C4635B304238DF80430237930462B
:104D100001A98DF80530FFF76FFB0546B8B9227879
:104D2000A37952BB8DF80430E379304601A98DF8A0
:104D30000530FFF74BFB054648B923783BB1618846
:104D40003046DCF743FB01213046FFF7BCFC284628
:104D500002B070BD2946FFF7B6FC29463046FFF782
:104D6000D3FC29463046FFF7D7FC2378002BCAD165
:104D700023798DF804306379C9E702228DF8042085
:104D8000D3E7FFF7C1BCFFF7CFBCFFF7F2BCFFF7DB
:104D900011BD08461146DDF727BCC0F8D010002031
:104DA0007047DCF74BBB70B5144605460E4686B01F
:104DB000122200210DF1060004F085FE23686946E9
:104DC00028460093ADF80460FFF7B2FC009B236017
:104DD00006B070BD084611461A46BDF80030FFF710
:104DE000FDBB002070472DE9F0410E46A2B01446ED
:104DF00002A98022E1F732F8D6B30025013E16F869
:104E0000013FABB3A3F13002092A07D805EB8505B2
:104E100003EB4503303B03F0FF05F0E7622B4AD07C
:104E200017D8462B3CD006D8422B2ED0442B24D06A
:104E30008DF804302FE0572BFAD154F8042B0120C1
:104E400001A9FEF7F8FB022201A90020E1F730F8E2
:104E5000D5E76C2B21D0702B01D0662BE8D154F80C
:104E6000041B2A460020E1F723F805460028C6D097
:104E7000E1F70CF822B0BDE8F08154F8042B0120D2
:104E800001A9FEF7D8FB0422DEE7012054F8042B29
:104E900001A9FEF7D0FB0122D6E714F8045BAEE7C8
:104EA000002554F8041B4B5D0BB9EDB2D9E7013571
:104EB000FF2DF8D1D5E734F8048BB8F1000F9ED060
:104EC0004046E6F74BFE07464046E6F763FE3946A6
:104ED000C2B20020E0F7ECFF002890D0C8E70EB483
:104EE00003B503AA52F8041B0192FFF77CFF02B03E
:104EF0005DF804EB03B07047E0F7DABF0EB403B51A
:104F000003AA52F8041B0192FFF76DFF02B05DF88F
:104F100004EB03B070472DE9F04F97B09DF89C501B
:104F2000299E0A959DF8A0509DF89470CDE90856E9
:104F30000A9E9DF880B00796269E9DF884A0CDE934
:104F400005769DF888909DF88C80249ECDE901A976
:104F5000CDE90386CDF800B01C46CDE90B010D92DA
:104F6000FDF74FFA002842D1C5210EA8FEF75FFBDE
:104F70000B9B8DF83A300C9B8DF83B300D9B8DF8D8
:104F80003C30237A8DF83D30A3BB012022680DF11F
:104F90003E01FEF750FB012022680DF14201FEF7B1
:104FA0004AFB637A0120249A0DF14B018DF84630BB
:104FB0008DF847B08DF848A08DF849908DF84A805B
:104FC000FEF739FB0120269A14A98DF84F70FEF7E1
:104FD00032FB0A9B1E218DF854300023299ACDE91B
:104FE00000330EA82B468DF85550E4F7DFFA17B0C2
:104FF000BDE8F08F022B01BF2368CDF83E30636817
:10500000CDF84230CDE737B505460C46FDF7FBF944
:1050100078B9C7216846FEF70AFB01200DF10201AD
:105020002A46FEF708FB072168468DF8064000F087
:10503000F2FD03B030BD2DE9F34106460F4615469B
:105040000AB90DF1070501213046E6F711FE20B13E
:1050500030460121E6F70CFE064600213046297055
:1050600001F004FB10F0400F2B7802D1B0F5804F17
:105070000CD2042F14D10333D9B2297010F4406F2D
:1050800000F0F280304601F0F1FA17E00124991C9B
:10509000C9B2012F297005D13046E6F783FF0DE034
:1050A0000024F4E7D91CC9B2022F297000F4406231
:1050B000E4D032B9032F12D14FF0FF3002B0BDE877
:1050C000F081591DC9B2032F297003D1B2F5006FC9
:1050D000D8D0F1E7B2F5006F05D107332B70042F5C
:1050E00006D12978CEE7B2F5406FF8D10D33F5E758
:1050F00014B12B7802332B70052F00F4404003D1FC
:10510000B0F5004FD8D1ECE7B0F5004F2B7810D1B7
:1051100002332B700D2F2C7810D030462978E6F70B
:1051200041FF030611D4062F804615D0297801319E
:1051300019E0B0F5404FEDD10833EAE73046E6F725
:1051400029FD8442E9DB0020B8E73046297801F0E8
:105150008DFA062F804601D14046AFE710F0800F50
:105160002978E4D00231C9B20D2F297022D13046FE
:10517000E6F710FD2B788342E5D208F03C020C2ABA
:10518000E1D140F2037218EA020F2FD104332B70E1
:1051900008F4E063B3F5007F08BF2B7808F480586B
:1051A00004BF01332B70092F2BD1B8F1000F83D02E
:1051B000297807E040F20373072F08EA030307D1B9
:1051C000002BC0D1304602B0BDE8F04101F06CBA0E
:1051D00013B92B7804332B70082FD9D108F4E06071
:1051E000B0F5007F7FF468AF297855E708F4E062F6
:1051F000B2F5007F08F4805804BF01332B701FFA0A
:1052000088F8B8F1000F02D02B7804332B700A2FE6
:10521000EAD00D2F0DD13046E6F7BCFC2C78A04229
:1052200091D90134E4B22C70B8F1000F13D10120F0
:1052300044E72B780B2F03F101032B703FF43CAFB5
:10524000B8F1000F3FF438AF3046E6F7A3FC011F7A
:10525000C9B22970B6E73046E6F79CFC03348442B5
:10526000ACBF0020012029E7FF232B7024E7002892
:105270000CBF8121012100B5137A8FB0022B8DF86C
:10528000041020D10C238DF80530FF238DF8073052
:105290008DF80830136805A9CDF809305368CDF8AA
:1052A0000D308C238DF8113082238DF81230537A13
:1052B0008DF8133001A8091A002289B201F067F8AD
:1052C0000FB05DF804FB08218DF80510EBB91368E9
:1052D000FF228DF8072023B96FF0724303A90293D0
:1052E000E8E76FF0E642029280228DF80C201A0A5D
:1052F0008DF80D308DF80E201A0C1B0E8DF80F2036
:105300008DF810300DF11101D4E70DF10701D1E74F
:10531000024600B589B05168006804AB03C39068C9
:105320000DF10A021860002303A81946E0F750FEA9
:10533000A0B1E6F713FC0022BDF80A10143001F00A
:1053400026F840B1009000219DF81C309DF80D001A
:1053500004AAE0F777FF03A8E0F794FE09B05DF830
:1053600004FB70B506460D461068516886B002AC65
:1053700003C490682060CEB101228DF814309DF8EE
:1053800030308DF804208DF81530BDF834309DF89C
:1053900028200B9901A88DF80550ADF81630E0F7DC
:1053A000B1FEB0FA80F0400906B070BD01A8E0F788
:1053B00069FE80F00100C0B2F6E738B5037A054611
:1053C0000C463BB90A7AEAB900680B68C31A58421E
:1053D000584138BD022B15D10B7A022B12D108226D
:1053E00004F047FB70B96B7A607A83420CD0013BC2
:1053F000DBB2FD2B08D80138C0B2FD2894BF0020D5
:105400000120E6E70020E4E70120E2E7036898B224
:1054100018B14FF6F8729A4312D1B0EB134F80EAED
:10542000134205D04FF6F87022F00701814204D1F3
:105430009BB223B1083A90B27047104670470720DC
:10544000704738B505460C46E2F732FA90B96CB1B0
:10545000FDF76FFA214660732846F2F713FB044606
:1054600010B92846E2F74CFA204638BD2846F2F734
:10547000E1FAF4E740F60444F6E7FFF7E2BF002163
:10548000FFF7DFBF70B50E4605461146049C1A466D
:1054900066B102F041FA064635B12CB1A5421FBFF4
:1054A0000FCD0FC42B682360304670BD02F0CCF9DD
:1054B000F1E7002313B5ADF806300378044603BBCB
:1054C00002220274027A102A09D03B2A1BD00A2A2F
:1054D0000FD143600DF10600F1F764FA07E001A86F
:1054E000EEF7A2FFBDF804306060ADF8063001238E
:1054F000237023782BB1BDF8061004F11100FEF7DC
:1055000096F802B010BD4360D7F72CFEADF8060048
:10551000EDE737B505780446ADB9037A102B14D101
:1055200000F111010120FEF794F8054604F1150081
:10553000FEF77BF801A9ADF804002846EEF744FF1A
:1055400001236060237003B030BD3B2BFBD11130D1
:10555000FEF76BF8D7F70CFE012365602370F2E7C6
:1055600013B504466E2101A8FEF761F8032101A8D6
:105570008DF8064000F04FFB02B010BD30B5044678
:105580000D4685B001A89B21FEF751F823680B2139
:10559000CDF80630636801A8CDF80A308DF80E50BA
:1055A00000F039FB05B030BD10B586B00A9C009202
:1055B0000494099C4FF6FF7203949DF82040CDE9B6
:1055C00001340023E2F7AEFB06B010BD70B4044610
:1055D0009DF810509DF814609DF80C00CDE904561C
:1055E00003931346224670BCE2F79CBB70B404469A
:1055F0009DF810509DF814600846CDE904561146F8
:105600001A469DF80C30039470BCE2F78BBB10B4C3
:105610000446084621465DF8044BE8F767B9E8F709
:10562000EFBCE8F7F9BCF9F78DB8F8F7D7BFF8F792
:10563000CFBF2DE9F843089C0D46904609992246B4
:1056400007461E46DDF82890F2F78EFB2046F2F75B
:1056500055FCB0FA80F4640942462946384689F878
:105660000040F2F76FFC28B931462846BDE8F84300
:10567000F2F7B4BCBDE8F88338B505460C46D7F759
:105680001DFDA8420CD9D7F715FD30F8252000EBF9
:105690008503002022809A78A270DB78E37038BD01
:1056A0000220FCE738B504460D46D7F707FDA042B7
:1056B0000BD9D7F7FFFC2A8800EB840320F82420BD
:1056C0000020AA78D8709A7038BD0220FCE7E6F76F
:1056D00015BF38B50C460546E6F77AFE08220146A6
:1056E000284604F0D6F9E6F76DFE2080BDE8384084
:1056F000E6F772BEE9F7DABDF6F7A0BBF8F76CBDC6
:1057000070B5A2B00E4601A9054601F0BDF80446E9
:1057100020B93246284601A900F007FD204622B0F4
:1057200070BD037813B50446B3B90122436002701B
:10573000007A904212D002281CD008BB217B0DF1C8
:10574000060200F08BF90223BDF806106060237496
:1057500004F11100FDF76BFF02B010BD03230DF142
:1057600006002374EBF7ECFEBDF80610607404F13C
:105770001200EFE7A0892274F8F7F6FF6074EBE7F8
:105780002370E9E770B506460C46054636F8021B5D
:105790002046FDF74CFF31460822A01C04F079F9A1
:1057A000AB7A04F10E01A372EB7A0120E3722B7B3A
:1057B00023736B7B63732A69BDE87040FDF73BBFC1
:1057C000F0B50446274615460E4687B001A81B21B2
:1057D000FDF72DFFA37837F8041B0DF107008DF8B6
:1057E0000630FDF724FF63681221CDF809307B688D
:1057F00001A8CDF80D30E3788DF814608DF81130E4
:10580000A3898DF81550ADF8123000F004FA07B0F6
:10581000F0BD37B50C4605461C216846FDF707FF6D
:1058200022460DF1030101208DF80250FDF703FF20
:105830000721684600F0EFF903B030BD30B50446EB
:105840000D468BB0FDF779F8FDF775F805A92046F0
:10585000F5F774F901A82321FDF7E9FEBDF81E1044
:1058600002A88DF806408DF80750FDF7E0FE05AB65
:1058700003CB9DF81C30CDF80A00CDF80E1001A81E
:105880000F218DF8123000F0C6F90BB030BD13B502
:1058900004467C2101A8FDF7CAFE21460DF1060051
:1058A000FDF7C5FE04210DEB010000F0B4F902B0D4
:1058B00010BD37B505460C4668468021FDF7B7FE9A
:1058C0002A460DF102010120FDF7B5FE21460DF13A
:1058D0000600FDF7ACFE0821684600F09CF903B015
:1058E00030BD37B50C460546C4216846FDF79FFE1E
:1058F00021460DF103008DF80250FDF798FE0521B9
:10590000684600F088F903B030BDF0B5154607468B
:105910000E4689B002A846211C46FDF788FE28469F
:1059200003A98DF80A708DF80B60FFF72BFF002399
:105930001721CDE900330E9A234602A88DF81E40A8
:10594000E3F734FE09B0F0BD7FB5164605460C46B8
:1059500002A89821FDF76BFE32460DF10A010120E5
:10596000FDF769FE00232246CDE9003306212B46D0
:1059700002A8E3F71BFE04B070BDF0B505460F4664
:105980008BB002A8922114461E46FDF750FE2B68EC
:105990003846CDF80A306B680DF11201CDF80E30A3
:1059A000FFF7F0FE00233246CDE900331D212346E8
:1059B00002A88DF82440E3F7F9FD0BB0F0BD7FB5E8
:1059C00006460C4602A893211546FDF730FE3246E6
:1059D0000DF10A010120FDF72EFE00232A46CDE934
:1059E00000330721234602A88DF80E40E3F7DEFDC1
:1059F00004B070BDECF756BB70B49DF80C409DF838
:105A000010509DF814600394CDE9045670BCF8F76B
:105A100043BC38B505460C46FCF78FFF2B460246C3
:105A200001210020E2F76AFD28B921462846BDE899
:105A30003840FCF7ACBCE6F791F805460130FDF7BD
:105A4000F4FD2080E81CFDF7F0FD60806B790120FB
:105A50002371AB796371EB79A37138BD0B460021DB
:105A600070B5064614460846FF22E2F747FD054694
:105A700080B1E6F78FF8411EC9B22846E6F780FAF2
:105A80002EB1238803F007030370002070BD037854
:105A90002380FAE73620F9E7F8B507460E461546A3
:105AA000FCF74BFF3B46024601210020E2F726FDB2
:105AB000044630B92A4631463846BDE8F840FCF77E
:105AC00068BCE6F74BF8012E14BF08218179204607
:105AD00002BF49000831C9B201EB450101F0FE01E6
:105AE000BDE8F84000F0C2BD2DE9F743884669469D
:105AF00007461546FFF78DFF044620B900242046CF
:105B000003B0BDE8F0830026012D0CBF9DF8069080
:105B10009DF80590F2B29145F0D929463846FFF735
:105B2000BBFF404506F10106F4D1E8E738B5002295
:105B300004460D46FFF7D8FF30B929462046BDE898
:105B400038400122FFF7D0BF38BD0020E2F77EBD0C
:105B50000120E2F77BBD0220E2F778BD0320E2F7E7
:105B600075BD08B50020FCF729FCBDE80840D7F753
:105B700035B81FB501238DF80430002301A8CDE905
:105B80000233CFF73BFA0298C0F30343C0F303623A
:105B90001B0243EA0233C0B2184305B05DF804FBB0
:105BA00000207047704710B4044669B1022A07D03C
:105BB000032A07D0012A07D15DF8044BE6F734BA6F
:105BC0000902F9E70904F7E720465DF8044BE6F718
:105BD000C7BA0020E3F7C6BC0120E3F7C3BC70B529
:105BE00006460C46154600F009FE70B13046E6F751
:105BF00007FAB0F5803F09D3B0F1807F4FEA102358
:105C000006D30323000C2B70208070BD0123FAE71C
:105C100018460223F7E7002307B51A46CDE90033FB
:105C2000E3F7C4FC03B05DF804FB37B505460C464A
:105C300001A84821FDF7FBFC04210DEB01008DF8C4
:105C400006508DF80740FFF7E6FF03B030BD37B5CB
:105C500005460C466846D221FDF7E9FC29460DF1C0
:105C60000200FDF7E4FC052168468DF80440FFF7CB
:105C7000D2FF03B030BD13B50446F22101A8FDF7F1
:105C8000D6FC032101A88DF80640FFF7C4FF02B03F
:105C900010BD10B50446C0B2E3F744FD200ABDE8CC
:105CA0001040E3F73FBD10B5E3F71EFD0446E3F7F0
:105CB0001BFD04EB002080B210BD10B5044680B27D
:105CC000FFF7E7FF200CBDE81040FFF7E2BF10B57B
:105CD000FFF7E9FF0446FFF7E6FF04EB004010BDC5
:105CE00038B500F10C0400F1240514F80C0CE3F7AE
:105CF00019FD14F80C3C013B012B0CD934F8020CB3
:105D0000FFF7C7FF0820A4F10A01E3F71BFD0C34DD
:105D1000AC42EAD138BD34F8080CFFF7BAFF34F8CA
:105D20000A0CFFF7B6FF34F8080CFFF7B2FF34F89F
:105D30000A0CFFF7AEFF34F8080CFFF7AAFFE6E7FE
:105D4000014610B504460820E3F7D6FCFFF7ABFF89
:105D50002081E3F7C9FCA072E3F7C6FCE072E3F729
:105D6000C3FC2073FFF79FFFE081E3F7BDFC2074C5
:105D7000FFF7ADFF606110BD10B50446FFF793FF5C
:105D80002080FFF790FF6080E3F7AEFC2071E3F71F
:105D9000ABFC6071FFF787FFE080FFF784FF208195
:105DA000E3F7A2FCA07210BD10B504460088FFF70F
:105DB00070FFA078BDE81040E3F7B4BC10B504460E
:105DC000FFF771FF2080E3F78FFCA07010BD10B5C6
:105DD00004460078E3F7A6FC6088BDE81040FFF7B2
:105DE00058BF014610B504460820E3F785FCE3F7E9
:105DF0007BFC2072FFF757FF6081E3F775FC20738F
:105E0000E3F772FC6073E3F76FFCA073FFF75FFFCB
:105E1000206110BD10B50446E3F766FCA070FFF7E3
:105E200042FF214621F8040B0820E3F765FCE3F765
:105E30005BFC003818BF0120E070E3F755FC2073CD
:105E4000E3F752FC607310BD10B504460146102004
:105E5000E3F778FC2069BDE81040FFF72EBF01464C
:105E600010B504461020E3F747FCFFF730FF206130
:105E700010BD10B50446FFF716FF208010BD10B509
:105E80000446FFF724FF2060FFF721FF6060FFF763
:105E90000AFF208110BD10B50446FFF7BBFF04F1D7
:105EA0001000FFF7ECFF04F11C010820E3F724FCCD
:105EB000FFF7F9FEA084FFF7F6FEE084E3F714FC99
:105EC00084F82800E3F710FC84F82900E3F70CFCC1
:105ED00084F82A00E3F708FC84F82B0010BD10B505
:105EE00004460068FFF7E9FEA088FFF7D2FEE088CD
:105EF000FFF7CFFE2089FFF7CCFE6089FFF7C9FED0
:105F0000A089FFF7C6FEA07BBDE81040E3F70ABCFE
:105F100010B50446FFF7DBFE2060FFF7C4FEA0804B
:105F2000FFF7C1FEE080FFF7BEFE2081FFF7BBFE5A
:105F30006081FFF7B8FEA081E3F7D6FBA07310BD28
:105F400010B504460068FFF7B8FE2079E3F7EAFBD6
:105F5000611D1020E3F7F6FB04F115011020BDE8E8
:105F60001040E3F7EFBB10B50446007AE3F7DAFB25
:105F7000237A53B92068FFF7A0FE2068FFF79DFE43
:105F8000607ABDE81040E3F7CDBB022BF8D1214683
:105F90000820E3F7D7FBF3E710B50446E3F7A4FBCB
:105FA000207248B9FFF793FE2060FFF790FE206053
:105FB000E3F79AFB607210BD0228F9D12146082050
:105FC000E3F79AFBF4E738B5841C00F11A05E3F710
:105FD0008BFB04F8020C013801280AD9FFF763FE95
:105FE000214620810820E3F787FB0C34AC42EED138
:105FF00038BDFFF758FE6080FFF755FE2080FFF7A1
:1060000052FEFFF750FEFFF74EFEEEE710B50446D6
:106010000078E3F787FB6068FFF74FFE04F10800A4
:10602000FFF7A1FFA08AFFF734FEA07DE3F77AFB1C
:10603000A069FFF742FE04F11C011020E3F782FB88
:1060400004F12C00FFF74CFE94F84400E3F76AFBE0
:1060500094F84500BDE81040E3F764BB10B5044672
:10606000E3F742FB2070FFF71EFE6080201DFFF764
:1060700093FFE3F739FB207404F11200FFF7A3FF4D
:10608000FFF711FE6085E3F72FFB84F82C00E3F7A0
:106090002BFB84F82D00FFF71AFE04F13401206376
:1060A0001020BDE81040E3F727BB10B50446007888
:1060B000E3F738FB6088FFF7ECFD201DFFF753FF87
:1060C000207CE3F72FFB04F11200FFF709FE608D3F
:1060D000FFF7DFFD94F82C00E3F724FB94F82D0084
:1060E000E3F720FB206BFFF7E8FD04F134011020FB
:1060F000BDE81040E3F726BB10B504460088FFF763
:10610000C8FD6088FFF7C5FDA088BDE81040FFF717
:10611000C0BD10B50446FFF7C6FD2080FFF7C3FDE4
:106120006080FFF7C0FDA08010BD002310B502F80D
:10613000010BDCB2A04202F1040201F1040100D81B
:1061400010BD31F8044C013302F8044C31F8044C12
:10615000240A02F8034C31F8024C02F8024C31F8E0
:10616000024C240A02F8014CE3E710B5044600781B
:10617000E3F7D8FA6078E3F7D5FA6088FFF789FD8E
:10618000211D0820E3F7DEFA207BE3F7CBFA607BE2
:10619000E3F7C8FA2069BDE81040FFF78EBD10B5DF
:1061A0000446E3F7A1FA2070E3F79EFA6070FFF768
:1061B0007AFD211D60800820E3F79EFAE3F794FA48
:1061C0002073E3F791FA6073FFF781FD206110BD42
:1061D00010B504460088FFF75CFD6068FFF76DFDB1
:1061E000A068FFF76AFDA089BDE81040FFF751BD28
:1061F00010B50446E3F7A8FB21460020E4F778FE3B
:10620000BDE81040002000F06CB8704708B5E5F715
:10621000F3FD80F00100C0B208BD08B5E5F7DCFD74
:106220000028FBD108BDFEF79EB9704700207047DB
:1062300070B5144681F0010519B90D2A07D1FF2068
:1062400018E00D2A03D100780538C0B212E00844E6
:10625000FDF7EBF9C5F1040110F440660246C9B23E
:1062600009D1042C084605D0052C16D112F0400F98
:1062700018BF084670BDC5F10603042CD8B2F9D08A
:10628000B6F5006F03D1C5F10805E8B2ECE7B6F545
:10629000406FE9D1C5F10E05F7E712F4404107D18F
:1062A000062CE7D0072CE5D0082C13D10130CCE721
:1062B00055065CBF831CD8B2062CDBD0B1F5004F6D
:1062C00002D1831CD8B2EDE7B1F5404FEAD100F11D
:1062D0000803F7E7130744BF0530C0B20C2CC9D937
:1062E000ADE70020E4F71ABD70B51D469DF81030EB
:1062F0000C46002B10460A4614BF08218821059E33
:1063000002F0DEFD024640B100202B462146CDE9D9
:106310000460BDE87040E4F79DBD012070BD08B584
:10632000E4F7B8FF002008BD4088C0F30C0003303C
:10633000800840000430704708B520B1E5F722FA24
:1063400000F0010008BD0120FAE708B5E5F760F9A3
:10635000BDE80840FFF7F0BFF8B506460D460A2035
:1063600000211746E5F7C0FC0446E5F751F960B196
:10637000038807816FEA43436FEA5343C0F80A601A
:106380000380C0F80E502046F8BD0446FBE770B508
:106390000E46054611463046E5F7A6FC044635B1E3
:1063A00028B1E5F7DBFB3246294603F072FB2046B5
:1063B00070BD0088B0FA80F040097047008810B1C5
:1063C000C9B2E5F755BC70472DE9F041B0F800803F
:1063D00006460C46D5B2B8F1000F11D0294640460A
:1063E000E5F746FC2246074629464046E5F754FCB9
:1063F0003A4629462046E5F74FFC3480BDE8F08157
:106400000F46F5E738B5058800220446FFF7DCFFA4
:1064100005B1258038BDF8B507460D460088002136
:106420001646E5F725FCB042044605D12946384614
:10643000BDE8F840FFF7E6BF00212046E5F718FC6D
:10644000B04205D020460021E5F712FC0446F3E7F0
:106450002A4620460021E5F71FFC32462846BDE8C3
:10646000F8400021E5F718BC03461B8808468B421C
:1064700002D00021E5F7FCBB0020704738B5044688
:1064800038B10021FFF79AFF002301465D1C09B9CE
:1064900098B238BD2046FFF7E7FF2B460146F5E7E7
:1064A000F8B5058807467DB1CCB221462846E5F708
:1064B000DFFB8542064609D100233B8000222146AE
:1064C0003046E5F7E9FB35462846F8BD2146E5F7B5
:1064D000CFFB214602462846E5F7DEFBEEE72DE935
:1064E000F04707888246884614465FB33846E5F78A
:1064F00051FB3D460646E4B221462846E5F7B8FB87
:106500004045814616D12146E5F7B2FB21460246B9
:106510002846E5F7C1FB474504D1454508BF00259E
:10652000AAF80050002221464046E5F7B5FB304668
:10653000BDE8F0878742FAD0E5F72CFB30444D46A2
:1065400086B2D9E73E46F2E72DE9F04780460F468E
:106550000646002402F1FF39BC4202D219F8015F5D
:1065600025B9A6EB0800C0B2BDE8F0879A46A5F1B0
:106570003102012A5AF8041B10D83246322D02F893
:10658000011B06D10134E4B2A74232D30912B21C76
:106590007170013453461646E4B2DDE7342D0CD158
:1065A0000334BC42DDDA0B0A317073700B0C090E38
:1065B000B370321DF170E4B2EBE7A5F13302062AA5
:1065C0000DD8303DEDB22B19BB42CADA2A4630460F
:1065D000013C03F05EFA55FA84F47219EBE7A5F179
:1065E0004102062A01D8373DECE71D7903F1080A7C
:1065F000E9E71646B5E770B5054600880C46E5F7AD
:10660000C9FA844228880AD9E5F7C4FA0023221A75
:1066100019462846BDE87040D2B2E5F7F5BB2146E1
:10662000E5F7D4FA002070BD38B50546E5F796FACF
:1066300004462846E5F7AEFA002201462046BDE8AA
:106640003840FFF7A4BEF8B516460C461D46BDF807
:106650001870E5F783FA04443046E5F77FFA3A46C6
:1066600041192046BDE8F84003F013BA70B50C4656
:106670000131C9B20646E5F795FC2146054630468C
:10668000E5F790FC00EB052080B270BD1FB501233B
:10669000ADF80C2000930A460223014603A8E5F753
:1066A00045FC05B05DF804FB2DE9F0410C460131D5
:1066B000C9B20646E5F776FC214607463046E5F7BF
:1066C00071FCE11C0546C9B23046E5F76BFCA11C24
:1066D0008046C9B23046E5F765FC05EB072500EBBF
:1066E000082005EB0040BDE8F0810FB437B5069DEA
:1066F0000021A8B2E5F7F8FA0446E5F72FFA2CB125
:10670000002207AB0193D1B28D4205D8204603B0D9
:10671000BDE8304004B0704753F8041B8154013287
:10672000F1E7F7B504460E46402000211746E5F78D
:10673000DBFAADF80600E5F711FA0546BDF80600EC
:1067400068B13B46324640212819FFF7FDFE21186B
:10675000C9B20DF10600FFF74EFFBDF8060003B009
:10676000F0BD10B41446091B1A462044019BC9B25F
:106770005DF8044BFFF7E8BE08B410B585B007AC70
:1067800054F8043B00940394FFF7EBFF05B0BDE819
:10679000104001B070470EB403B503AA52F8041BB1
:1067A0000192FFF7BEFF02B05DF804EB03B0704743
:1067B00000220123C0E900237047F8B504460127F1
:1067C0000026FAF7D9FC23683BB9FAF7DBFC002274
:1067D0006368012B0ED16360F8BD1D691F612660DF
:1067E000FAF7D0FC012DF2D02B462D691E61012D48
:1067F000FAD1E6E719691A610B46EAE70069003841
:1068000018BF01207047036823B94068012803D0EE
:10681000E5F7F6BB002070474FF0FF307047F8B542
:106820000546FBF7FAFA012306460027A8602B73FA
:10683000FAF7A2FC2B6802467BB11C692169A142D0
:106840000CBF2F60196127611046FAF79BFC012CE1
:1068500008D0204663689847EAE76C68012C04D1A9
:10686000FAF790FC00232B73F8BD6169711AB1F13E
:10687000004FF5D8216969602361E5E70220704780
:1068800002207047022070470220704770470220A4
:106890007047022070470220704702207047002096
:1068A00070470144884201D10120704710F8013B34
:1068B0009342F7D0002070470821FCF77AB870B5F2
:1068C0000146064692B00020E3F766FE044670B922
:1068D000FCF72FF8054601466A462046E4F714FA0D
:1068E0006A46294620468DF80260E4F721FD2046DD
:1068F00012B070BD00B593B0FCF71BF86A460146B4
:106900000020E4F701FA9DF9020013B05DF804FBE2
:1069100000B593B0FCF70DF86A4601460020E4F795
:10692000F3F99DF8000013B05DF804FBE4F7A6B995
:10693000012070470020704707B56846E3F7CAFD9D
:106940009DF8030003B05DF804FBF8B506460D465C
:10695000E5F756FE0328044621D02846E5F750FE09
:10696000032807461BD010F0020318D1A0070DD54D
:10697000F90716D401233C43E20704D431892A895C
:10698000914218BF002303F00100F8BD08222946F8
:10699000304603F06EF8B0FA80F35B09EBE70020B5
:1069A000F3E71846F1E770B50D4600210646FFF7FC
:1069B00005FD044630B1E5F7D1F801462846FFF75A
:1069C000C4FF08B1204670BD21463046FFF74CFD9C
:1069D000EFE77FB54FF6FF7101AAE5F7FDFE20B1A5
:1069E000BDF80C0007B05DF804FB4FF6FF70F9E747
:1069F00008B5FFF7D8FF003818BF012008BD08B55B
:106A00001046E7F7C7F9BDE80840E7F7A7BA7047AF
:106A1000704770477047704770477047002100B556
:106A200093B06A460846E4F76FF9BDF8060013B064
:106A30005DF804FB002110B592B004466A46084692
:106A4000E4F762F900216A460846ADF80640E4F72B
:106A50006FFC12B010BD002100B593B06A46084625
:106A6000E4F752F9BDF8040013B05DF804FB00210F
:106A700010B592B004466A460846E4F745F900218D
:106A80006A460846ADF80440E4F752FC12B010BD67
:106A9000704710B5002486B00494BDF82C400394D0
:106AA0009DF828400294099C0194BDF82040009470
:106AB000E6F7AAF906B010BDF0B587B09DF83C40E6
:106AC000BDF84070BDF844C0029405460E9C0846CF
:106AD00011461A46BDF83430CDE9037CCDE90034C7
:106AE000BDF830309DF84860E6F78EF9044670B185
:106AF0000146002310220120FBF723FD40B132465E
:106B00002146284607B0BDE8F040E6F7E9B919206C
:106B100007B0F0BD10B588B09DF83C400694002445
:106B20000594BDF8384004949DF8344003940C9CBF
:106B30000294BDF82C400194BDF828400094FFF762
:106B4000BBFF08B010BD70B50646E6F793F90446E2
:106B50003046E9F76DFC2246034600213046F5F742
:106B600055FD0546C0B102F0CDF904462846E4F7CC
:106B7000F5FFE21D121A002329460820D2B2FBF7C6
:106B8000E0FC0138C0B2012806D829463046BDE8ED
:106B900070400122E6F7A4B970BD134610B50A464D
:106BA00000210446F5F70AFD014628B12046BDE85C
:106BB00010400222E6F794B9012010BD07B50093FA
:106BC00013460A460021F5F773FC28B1002103B0F3
:106BD0005DF804EBF3F738B8012003B05DF804FB6F
:106BE000F0B50E46114646F6655289B0ADF818204C
:106BF000044600221846FFF7CAFB054658B306AF05
:106C0000C4B1FFF728FF02224FF6FF734FF448414B
:106C1000CDE90172009003957C2007AAADF81C30E5
:106C2000FFF737FF0146C0B100221046E6F758F9DA
:106C300009B0F0BDFFF70FFF0223CDE90004CDE955
:106C400002734CF6604233467C212046CDE9045461
:106C5000FFF760FFECE71920EAE70120E8E72DE9FC
:106C6000F04F85B00C469146804602F048F8054644
:106C7000671C3846FCF7D9FC042D40F08A8040465A
:106C800002F040F90378092203F00303012B4FF0CF
:106C90000101204614BF4FF0020B4FF0030BE4F745
:106CA00011F80922002105462046E4F70BF8217867
:106CB0008DF80F0001390022204689B2FFF767FBEB
:106CC00004EB090A0646D0B12A4601460DF10F032E
:106CD0005846FBF736FC0228054626D13046E4F735
:106CE00059FF0023C0B22070013800930122C3B2C3
:106CF00031463846E5F71AF92378013323704046C8
:106D000001F0F3FF020424D49AF8013021789B07A4
:106D10001FD50139A1EB090142465046C9B2EBF734
:106D2000E9F923781844207013E020B92070284630
:106D300005B0BDE8F08F032809D15046FCF775FC7B
:106D400020F4007189B25046FCF771FCD7E70428A3
:106D5000D5D10125002220462178FFF718FB0646F1
:106D60000028E4D00023014601221846FBF7E9FB86
:106D7000022819D13046E4F70DFF0023C0B220707D
:106D8000013800930122C3B231463846E5F7CEF808
:106D9000CDE780F0800520F0800081B23846C5F351
:106DA000C015FCF744FCD5E70028C0D12070BEE731
:106DB00008B50020FFF72AFA80F00100C0B208BD34
:106DC0000A4608B501460020E6F78AF8B0FA80F0D6
:106DD000400908BD0020E4F7EDBB00210846E4F7B8
:106DE0002BB80020FFF719BA0020E3F7B3BB70B54A
:106DF0000446FCF71AFC0422002106462046E3F76D
:106E000061FF2044FCF711FC0322054600212046C7
:106E1000E3F758FF2044FCF708FC4FF6FF730540EA
:106E2000ADB29D4214D1F30712D5062200212046AF
:106E3000E3F748FF2044FCF7F8FB0446E6F7F4F8D4
:106E4000844214BF02240624E6F7E2F8204070BD15
:106E50002046FBF71EFDC400E4B2F5E708B5FFF7D6
:106E6000C6FF003818BF012008BD0120704701206F
:106E7000704700221A210320E8F79EBDF8F788B872
:106E800010B50446F8F716FA08B9F8F719FA030529
:106E90000FD40C231B2B01D1002009E020FA03F1B1
:106EA000C90703F1010206D5DBB2E31A5842584183
:106EB00010BD0B23F9E71346ECE710B50C46098823
:106EC00019B90846F5F75AFB2080012010BD08B516
:106ED000F5F79AFF002008BD0022E6F74BBA08B587
:106EE000104600F02DFBBDE80840FBF773BA70B503
:106EF00004460D46164692B06A46E3F705FF6A4619
:106F0000294620468DF81F60E4F712FA12B070BDD2
:106F100000B593B06A46E3F7F7FE9DF81F0013B083
:106F20005DF804FB07B50DF10701E6F7F5FC20B1AC
:106F30009DF8070003B05DF804FBFF20FAE710B5E9
:106F40000C46E6F7FDFD2046BDE81040E6F700BD23
:106F50000129F8B505460C461DD003291ED0052988
:106F600020D0072922D00026002400270120E3F7A3
:106F7000EDFD304485421DDA0320E3F7E7FD2044B0
:106F8000854219DA0520E3F7E1FD38448542B4BFB4
:106F900007200520F8BD6FF00406E5E76FF0040454
:106FA0000526E2E700266FF00407DFE70024052747
:106FB0002646DBE70120EDE70320EBE738B5054681
:106FC00000242046E3F7C2FD0134A842E4B202D90E
:106FD000062CF6D10724204638BD38B14379490044
:106FE00023F00C0301F00C010B434371704710B503
:106FF000044678B141794088490801F00601013121
:10700000000AFFF7A5FF024601462046FFF7E5FF0D
:10701000104610BD0722FBE738B50D46E6F77EFDAA
:10702000044608B9002038BDFFF7E1FF002DFAD172
:10703000237913F00703F5D0984238BF1846C0B241
:10704000F1E7037923F007031943017170470379CE
:1070500003F00F0343EA0113037170470022E7F7BF
:10706000CBB90021012208B5E7F7C6F9401A18BFCD
:10707000012008BD38B51546FFF7F0FF0446284645
:10708000FFF750FF84B1FF2804D0626822FA00F3B2
:10709000DB0701D5012038BD012383401343636022
:1070A000E3780133E370F5E72046F4E7E7F726BC21
:1070B0000146102307220120E5F7CCB810B5E4F70C
:1070C0004DFD00F110042046FCF7AFFA20F40071EA
:1070D00089B22046BDE81040FCF7A9BA2DE9FF416E
:1070E0001546019101218DF80D301B0A8DF80E30E7
:1070F0009DF82C308DF80C008DF80F3028460423B5
:10710000009103AA9DF828809DF830709DF83460A6
:1071100001F05FFF044670B1294601F02AFEB8F184
:10712000000F02D12046FFF7C9FF2FB146B9314603
:107130002046F2F789FD0024204604B0BDE8F08126
:10714000002220461146E7F75BFBF4E74FF47A7024
:10715000E7F7AEBCF0B5064687B010461C460F46B2
:10716000154601F0CFFE9DF83030184443789CB1AD
:107170006178012211F0020F0CBF032100210020D1
:10718000CDE90142CDE9031007223946304600958A
:10719000E7F736FD07B0F0BD22462146EFE708B518
:1071A000E4F7DEFFBDE808400020E7F765BF1FB544
:1071B00004466846FFF77CFF54B100238DF8053084
:1071C0001023072269460020E5F744F804B010BDFB
:1071D000FFF724FCADF80600FFF73DFCADF800001A
:1071E000EEE708B5FFF7E3FF002008BD00B58BB060
:1071F0006846FFF75DFF009BBDF8060004A90693F3
:10720000E7F7E0FB0BB05DF804FB1FB504466846EA
:10721000FFF74EFF02AB03CB2060616004B010BDEE
:107220001FB5062304468DF80C30E8F7ABF80023B1
:107230008DF80D00CDE9003301210223204603AA79
:1072400001F0C7FE04B010BD70B50C460546012024
:10725000E9F72AF8237B4BB1FFF7E0FB0146234611
:107260002A46BDE870400120E8F7CABA4FF6FE7121
:10727000F5E71FB50A2301201A4601A9E4F7EAFF42
:107280004FF6FF73BDF80C209A420AD00822FF2166
:1072900001A8FFF706FB80F00100C0B205B05DF861
:1072A00004FB0020FAE7F8B50E46074601F02AFE77
:1072B0000546FCF7BAF900F44040B0F5404F14BF62
:1072C0000022062202F10A03EB5C0B325C0004F0A0
:1072D0000E045B08144403F0380338461C4401F0E4
:1072E00016FE844208D2001BC2B20F2A28BF0F220A
:1072F0003046291902F0F9FB2046F8BD13B5F2F724
:1073000045FF6946044601F0A2F958B1FFF786FB34
:1073100040B1E5F767F828B100230222694620460C
:10732000F0F774FA02B010BDFF224FF6FF71EAF7D2
:107330007FB937B505460C46082309226946012066
:10734000E4F788FF15B19DF806302B700CB1009B57
:107350002360BDF8040003B030BD07B500210DF176
:107360000700FFF7E6FF9DF8070003B05DF804FB98
:1073700007B508238DF80600ADF8041000926946A1
:1073800009220020E4F766FF03B05DF804FB13B5A3
:10739000044601A90020FFF7CCFF019A01462046D0
:1073A000FFF7E6FF204602B010BDF0B50F46002102
:1073B00087B0044608461646FFF7BBFF0123054683
:1073C0000DF10A008DF808408DF80930FFF71DFF18
:1073D000092C1DD131460DF11200FCF728F905AB3F
:1073E000002102AA9B1A2846CDE90011DBB26421D4
:1073F00001F0EFFD0546E0B1092C15D1EAF7FAFAE4
:10740000044688B12846EAF709FB204607B0F0BDDC
:1074100031460DF113008DF812704FF6FF75FCF731
:1074200006F90DF11503DBE7284600F02EF80446B7
:10743000EBE70446E9E77FB50D461646ADF80E00CA
:10744000E4F7A8FB841BE4B2BDF80E20631B9BB2DB
:107450001046294600937319FFF7F5F821460DF100
:107460000E00FFF7C8F804B070BD38B504460D46ED
:1074700001F028F940B1AC4206D02046F2F708FFEF
:10748000BDE8384001F0A9B938BD10B5044601F097
:1074900039FD0230FCF7C9F84FF6F77398422046E1
:1074A00003D9BDE81040EAF73DBCEAF787FCB0FA23
:1074B00080F0400910BD0022EAF758BB70B50546C0
:1074C00001F020FD0646284601F0A7FD01462846AA
:1074D000E4F768FD0446284601F035FC4FF6F773E3
:1074E000984208D8337803F00303012B05D1A31E7B
:1074F0005842584170BD0120FCE70020FAE741F2F4
:10750000033330B585B00D46ADF808300446FFF7BB
:1075100085FA8DF80A00FFF781FA0021000A8DF83C
:107520000B0005232046CDE9001102AA8DF80C506E
:1075300001F04FFD10B12146FFF7BDFF05B030BD92
:1075400070B504460D46D9B13F294FF0000600D171
:107550003546204601F0D3FB082813D101212046EF
:10756000E4F786FB0646E4F715FB04463046E4F7ED
:10757000F5FA2A460146E0B2BDE87040FBF765BA6D
:107580000126E6E7204601F0BAFB024630B9BDE825
:1075900070404FF6FF710120FBF7D1B9204601F092
:1075A000BFFBB0F5006F0ED1204601F0CCFB4FF6CB
:1075B000FF739842014617D0002D0CBF0320052011
:1075C0000022FBF7BCF929462046E7F7D7F968B94E
:1075D00029462046ECF7AEF840B932462946204607
:1075E000BDE87040EAF7E2BE0120E9E770BD014660
:1075F0000320EDF717BF37B54FF6F675FBF7D7F950
:10760000431E9BB2AB420446F8D8E6F787FA00283F
:10761000F4D169462046E5F755FB0028EED0204618
:1076200001F0D3F90028E9D12046FFF71AFD002820
:10763000E4D12046ECF7E6F80028DFD1204601F03F
:1076400041F80028DAD12046DEF748FE0028D5D1DF
:10765000204603B030BD73B504460E46ECF7D2F8B1
:10766000054688B92046ECF727F921462B460D221E
:107670004FF6FD70009500F056F83146204602B0F6
:10768000BDE87040ECF7DAB802B070BD37B505461A
:1076900014460C2914D8DFE801F02C132C13131313
:1076A00007131313132424006946E5F70BFB18B9DD
:1076B00001216846F0F792FC41202946F6F7C0FD0B
:1076C000D4B1204601F01EFC0230FBF7AEFF4FF6AE
:1076D000F773984210D9204603B0BDE83040EAF76E
:1076E00041BD40F6144040F613430B2908BF18462D
:1076F000E3E7F4F77DF9E3E703B030BD1FB50346D8
:10770000084603218DF80D308DF80C10012300215F
:10771000ADF80E20CDE9003103AA042301F059FC95
:1077200005B05DF804FB2DE9F34106460F4614460B
:107730001D469DF82080FFF771F9B04207D1002265
:107740002146384602B0BDE8F041FFF79FBF3A46F8
:1077500031462046FFF7D2FFADF8060060B10D2C90
:1077600005D100224FF6FF712820FBF7E8F835B964
:10777000BDF80600FFF789FE02B0BDE8F0810123E5
:10778000424629460DF10600E4F73EFBBDF80630FF
:10779000002BEDD1F0E7F7B50C46054601F0B2FB42
:1077A000611CC9B206462846E4F7FCFBA11C07464B
:1077B000C9B22846FEF75AFF014604463846FBF791
:1077C00026F90D2F34D12046ECF71CF878B1301D86
:1077D000FBF72BFF04462846F67901F0F6FA31460E
:1077E0000246204603B0BDE8F040FFF743BCB01CA2
:1077F000FBF71BFF4FF6F773984202D92846EAF7CA
:10780000B1FC2046ECF758F8FFF708F9A04205D183
:10781000002003B0BDE8F040ECF792B86B46B068CA
:10782000F16803C369462046ECF708F803B0F0BDE1
:107830002A463946204603B0BDE8F040FFF726BF90
:107840001422002102F03FB92DE9F04F11F00F078B
:1078500004460E4615468FB05CD10120D5F7B4FF23
:1078600009A8FBF725F9092309A88DF82430FBF7AF
:1078700023F909A8D5F77AFF01A909A8FBF760FC4D
:1078800026F00F08A84404F1100904F10F0A454539
:1078900011D1236901A93344236109A8FBF731FC05
:1078A0000020D5F791FFB6F1005F28BF27273846A3
:1078B0000FB0BDE8F08F05AA234696469446186897
:1078C00059680833ACE803004B456246F6D12B46B5
:1078D000224605F1100B53F8041B5B4542F8041BCC
:1078E000F9D1714609A8FBF70CFC09A8D5F73EFFB2
:1078F000224621460120D5F7F9FE013D631E13F80B
:10790000012F15F8011F534582EA01021A70F6D1C2
:107910005D46BCE70227CAE7F0B5174685B00546C5
:107920000C4610220021684602F0CDF8BFB3C4B364
:107930000F2C04F00F0608D924F00F043A46214614
:107940002846FFF781FF40BB274432463946684648
:1079500002F0CBF880222F6906F1100337446B4404
:10796000B7F5005F03F8102C2F61C6F110061AD38B
:10797000062E1FDDFB001A0E8DF80A201A0C5BBACA
:107980008DF80B20ADF80C306A4610212846FFF721
:107990005BFF00202B69103B2B6105B0F0BD3E461C
:1079A000D8E72646D6E7022E04DDFB005BBAADF829
:1079B0000E30E9E76A4610212846FFF745FF2B699C
:1079C0001022A3F11004002168462C6102F07BF81C
:1079D000B7F5005F4FEAC403CDD2E7E770B50E46B6
:1079E000054686B001A81446FFF72AFF324629460D
:1079F00001A8FFF791FF2246054601AB05AE1C46E4
:107A000003CCB44210605160234602F10802F6D163
:107A1000284606B070BDECF731B80A460021ECF7F5
:107A20002DB8F0B58BB00C4601A9ECF727F8054648
:107A300080B325220021E01C02F045F80123A37049
:107A40000E23BDF810702380FA0510D523464FF49D
:107A5000877206AE23F8042B0DF1280C324603CAB8
:107A6000624518605960164603F10803F6D13B06DB
:107A700005D5238843F080032380069B636001AB18
:107A800003CB039BC4F81D00C4F82110A361EDF7DC
:107A9000FBFA606128460BB0F0BD30B505460C46D8
:107AA00087B001A8FBF704F82868696802AB03C334
:107AB0009DF8113043F002028DF8112074B1228834
:107AC000510644BF43F006038DF81130530542BF01
:107AD0009DF8113043F008038DF8113001A8FBF731
:107AE00030FAB0FA80F0400907B030BD70B58AB006
:107AF0000D46002201A90446EBF7C0FF88B12046DD
:107B000004A9FFF7CAFF60B1BDF81060FEF786FF59
:107B100038B9720601D5730503D529462046FAF710
:107B200098FF0AB070BD2DE9F3410F460546164691
:107B3000E4F730F84FF00008C41BE4B229463046A1
:107B400023463A46CDF80080E4F7F0F901212846B3
:107B5000E4F78EF888B101212846E4F789F8074652
:107B6000E4F718F8C5B22B46301942463946CDF82D
:107B70000080E4F7DBF92544ECB2204602B0BDE812
:107B8000F0812DE9F74F0C9E8946054693461C4629
:107B900001279DF83480E3F7FDFF23464A46294636
:107BA000824600975846E4F7C1F939462846E4F77B
:107BB0005FF84C4428B339462846E4F759F85FFA91
:107BC0008AFA5445814611DAE4B2AAEB040B5FFA53
:107BD0008BFB224630465B4629460097E4F7A6F920
:107BE0004444A4EB0A045E4404F0FF08012300228D
:107BF0000C9349464346304603B0BDE8F04FE4F7E6
:107C000095B9434629460C97E2B2F4E72DE9F041D5
:107C1000002686B0074608460C4615469846CDE92C
:107C2000026604968DF81460E3F7B4FF411BCBB2F3
:107C30000D2B28BF0D232A462146009602A8E4F703
:107C400075F9424602A93846ECF7A8F906462946D6
:107C500020469DF80820E4F7B9F9304606B0BDE8A3
:107C6000F0812DE9F04F0F461546ADF5057D0DF17C
:107C7000100881464246294638469A46FFF753FF88
:107C8000041FE4B2F82C04D900200DF5057DBDE8F1
:107C9000F08F5545F8D8B9F1000F36D0AAEB05069C
:107CA000F6B2B4420ED904230193A5EB0A03234490
:107CB000DBB208EB06020093012100238E980292AA
:107CC000D5F79AFC4FF0040B0DF5887A33464246FF
:107CD0000121CDE9004B8E98CDF808A0D5F78CFC9A
:107CE0005A468F990AEB040001F0C3FE03460028B0
:107CF000CAD1B9F1000F06D0024629463846CDE96F
:107D00000084FFF73EFF0120BFE72646DAE72DE9B2
:107D1000F04F0E46CBB00121054617461C46E3F74F
:107D2000A7FF23463A462946814606A8FFF76EFF7D
:107D30000DF1280A00EB070B5246314628465FFA40
:107D40008BFBFFF7F0FEB34503D200204BB0BDE83C
:107D5000F08FABEB06085FFA88F808F1040398424D
:107D6000F3DB331F18440423C4B20193A31BDBB21B
:107D70000093524643460021CDF808A006A8D5F747
:107D80003BFC0028E1D1A4EB0B040AEB0803E4B2AE
:107D9000524628463146009301944346FFF7F1FED0
:107DA00039462846E4F7FEF8394600F0F80228463E
:107DB000E4F70CF901212846E3F75AFF002818BF21
:107DC0004D462846ADF81650E3F7E4FE011FC9B250
:107DD0000DF11600FEF70FFC0120B7E72DE9F04189
:107DE000044601F01AF9411C074689B2204601F009
:107DF000E7F890B339462046E4F7D4F800F00C03D6
:107E0000042B054629D000F00308B8F1020F00D179
:107E10001BBB284601F083F92B060744BEB216D5DA
:107E2000711C204689B201F0CBF8B0B1F9B22046FE
:107E3000E4F7B8F8B8F1010F014600F003030CD0E5
:107E4000032B0AD0284601F079F9304486B2314636
:107E50002046BDE8F04101F0B3B80020BDE8F08154
:107E6000F8B5064601F09BF805460446304601F099
:107E700049F843785B0718D5AC1CA4B221463046BC
:107E800001F09EF8B8B129463046E4F78BF8074672
:107E9000691C3046C9B2E4F785F81FB1874201D8A2
:107EA000FF2808D104EB4704A4B221463046BDE8C0
:107EB000F84001F085B80020F8BD13B5044601A8CC
:107EC000ECF7B2FABDF80430DA0710D49B0707D4F8
:107ED00010220021204602B0BDE8104001F0F3BDA1
:107EE000224621461020FFF779FD0028F0D102B08C
:107EF00010BD024608B5ECF7C3FA510544BF083877
:107F0000C0B2130544BF0838C0B208BD0146012005
:107F1000EDF788BAF0B5D30705460C468BB04AD5C5
:107F2000008801F07AF800230646029314B9CDE9DF
:107F3000034403AC002208212046FEF7B2FCA8B19E
:107F4000288800F0DFFF0230FBF76FFB2146074671
:107F5000E4F7B8FE50B1002240231146384600F045
:107F600056FB40F6094528460BB0F0BD314628883F
:107F7000E4F718F810F0030F0CBF01260026EBF70A
:107F8000C1FD46EA4000C0B200900021204602AB8D
:107F900005AAEDF7FBFC0546EBF7B4FD0028E2D09F
:107FA000002DE0D000212046009602AB05AAEDF797
:107FB000EDFC0546D7E740F60A45D4E72DE9F04F3A
:107FC0001D4600238BB00C4617460646ADF82430FC
:107FD00010B1A1F10904E4B2002221463846FEF7AF
:107FE000D6F9ADF82600002800F0BB800021E3F7A9
:107FF000D9FF830640F1B7800020E3F7CBFD804630
:108000000020E3F7ABFD0023024600934FF6FF701C
:1080100004235FFA88F100F028FFADF8240000285F
:1080200000F09B800EB10534E4B204F11001C9B236
:1080300009A8FEF7E0FA044600284FD103461021B4
:10804000BDF82620BDF824000095FEF7FCFABDF827
:108050002620002E104614BF4FF0050B4FF0000BEA
:10806000BDF824A00792E3F795FD05F11009401B28
:10807000CB4480B22B465946079A00905046FEF7F3
:10808000E2FA0DF123030193149BC8465FFA89F9C4
:10809000CDE903440294009349462346102009AADF
:1080A0008DF82360EDF706F80446B8B9BDF8240052
:1080B0002EB3E3F76FFDA0F11005EDB229460DF1E7
:1080C0002600FEF798FA002849D110232146BDF872
:1080D0002420BDF826000095FEF7B5FABDF826501D
:1080E0004DB12846E3F756FD0022C3B22946384673
:1080F0000092E3F71BFF20460BB0BDE8F08F494626
:10810000E3F750FF10F0200FBDF8240014BF4FF02C
:108110000D094FF00509E3F73DFDC5F1F0060644F2
:10812000A6EB09062146BDF82420BDF82600F6B2CC
:1081300010230095FEF787FA2946BDF82600BDF802
:108140002420009609EB0803FEF77DFAA919C9B2AD
:108150000DF12600FEF74FFAC0E71924BEE70446EA
:10816000BCE71924C7E70224C5E701461A23082201
:108170000120E4F76FB800231A46EDF763BB38B56A
:10818000002204460D46FEF78CFB50B9FF2229461B
:108190002046FEF786FB80F00100C0B200F001002F
:1081A00038BD0020FAE730B58BB005AD044628464F
:1081B000FAF77EFC0223284601A98DF81430FAF75D
:1081C000BFFF234601AA144603CCAC421860596095
:1081D000224603F10803F6D10BB030BD08B50023E9
:1081E000024619461846EDF72DFB012008BD37B5AC
:1081F00004466846EDF79CFB054648B10822214637
:10820000684601F036FCB0FA80F0400903B030BD9A
:10821000FF2208212046FEF744FB034628B1062131
:108220002846FFF7A8FF0120F0E722460146EDF7B8
:1082300009FBF8E707B56846EDF77AFB10B1684629
:10824000FBF74CF900F0010003B05DF804FB0120DE
:10825000EEF798B8704737B50446084600F08FFD32
:108260000546FEF7DBFB00230146009322462B4622
:108270000120F3F715FE03B030BD2DE9F04114469F
:108280004FF0010894B006460FA80F46FAF710FC0D
:1082900001A88DF83C800BADFAF7FDFEF4B1002388
:1082A00029460FA803AC8DF83D30FAF749FF95E851
:1082B0000F0084E80F009DF80650334604F11006C5
:1082C000224603CAB24218605960144603F10803FB
:1082D000F6D100203D7014B0BDE8F08129460FA80A
:1082E00007AC8DF83D80FAF72BFF95E80F009DF85D
:1082F000075084E80F00E0E730B50124054689B057
:1083000003A8FAF7D5FB01A88DF80C40FAF7C3FED5
:108310009DF806209DF80730AA4209D0AB4209D14A
:1083200003A88DF80D40D5F721FA012009B030BD22
:108330000024F5E70020F9E7002208B511461046B1
:10834000EEF786FBBDE8084000214FF6FF70FFF70F
:1083500012BF00221021FEF7A4BA7FB50D460246D7
:108360000D2317216846F9F7C2FD6B462A4602AE77
:108370001C4603CCB44210605160234602F108024F
:10838000F6D1206810602379137100236B7304B059
:1083900070BDF0B585B06C4606460B46224601F12D
:1083A0000807254618685968083303C5BB422C46A0
:1083B000F7D11868314628601B7917202B710D23DF
:1083C000F9F79EFD05B0F0BD38B504460D46D4F76B
:1083D0008DFEA04205D920462946FFF7BEFF0020AA
:1083E00038BD2820FCE730B5002485B08DF800406A
:1083F000D4F77CFEE5B2A84204D8EFF753FC002086
:1084000005B030BD69462846FFF7C3FF0134EFE7EA
:1084100038B504460020F1F70BFFFF2805460FD0C2
:10842000F1F7C6FF10F0010009D02846F1F7C0FFB0
:10843000400840EAC17080F0010000F0010038BD42
:1084400004F00100FBE70146F8B506460020EFF70F
:1084500063FBFF2801D00120F8BDD4F72BFE0024D8
:108460000546871CD4F72AFEE3B2984201D80020C3
:10847000F2E735F82430B34203D117F82430002B4B
:10848000E9D10134EEE738B50D4601210446E3F7A2
:10849000EFFB30B101212046E3F7EAFB2880012001
:1084A00038BD20462C8000F08AFE0130C0B2F7E7CC
:1084B0002DE9F04788B00746894610460DF10A01BC
:1084C0001D469046FFF7DFFF4FF0000ABDF80A6037
:1084D00004463046CDE905AACDF81BA0E3F75AFBC8
:1084E000031BDBB20B2B28BF0B2322463146CDF8F2
:1084F00000A005A8E3F71AFD48F21F039D4243D0F0
:108500000BD885F40043012B15D923464246494632
:1085100028460097FAF7FAFF33E048F23A039D4203
:10852000F3D1FEF77BFAB8422BD02246414605A88C
:10853000F5F7A8F925E09DF8143013BBBDF81D40F0
:10854000DDF81500DDF8191003AB03C3204603A9BD
:10855000D4F772FF0122204603A9EBF725FAA742C0
:1085600006460ED0012103A8EFF738FD48F20103BB
:108570009D4206D12EB9334632463946204600F098
:1085800066FF08B0BDE8F0879DF81450002DF8D1C3
:10859000A84602349DF81570E4B2EBB2BB42F0D2AB
:1085A00022460823314603A8CDF80080CDE9038890
:1085B000E3F7BCFC03A8F1F719FEF1F769FE0834F4
:1085C00000F00BF90135E4B2E7E708B5E3F7C8FDC1
:1085D000BDE80840EFF746BF10B500244180848015
:1085E0000480C280038110BD13B5BDF81040CDE9F1
:1085F00000340023F0F79EF802B010BD13B5BDF8AB
:10860000104001900094F0F795F802B010BD07B546
:1086100000930123FFF7F2FF03B05DF804FB012193
:10862000F1F712BB08B500F00EF8FF2804D0F1F7FF
:10863000BFFEC0F3C00008BD0120FCE701464FF6B5
:10864000FF70F1F723BA01460020F1F7F1BD10B534
:108650000C46F1F71DFEFF2808D0F1F7AFFD20B161
:108660000368236043680120636010BD0020FCE7BD
:1086700010B5044600F054FBB0F5006F204605D15C
:1086800000F061FBBDE81040F1F702BE00F077FB9F
:10869000BDE81040FFF7D7BF08B5F1F7F9FDFF2897
:1086A0000CD0F1F785FE10F0010309D0400840EA34
:1086B000C17080F0010000F0010008BD0020FCE75F
:1086C0001846FAE708B5F1F7E3FDFF3818BF0120B7
:1086D00008BD08B5F2F7C0F8002008BD30B585B078
:1086E00005460C46D4F70EFDA8421CD920686168E7
:1086F00001AB03C36389ADF80C30237A022B10D091
:10870000DA1E53425341DA0000231A4318208DF831
:108710000E200B23294601AAF9F7F2FB002005B031
:1087200030BD0022F1E72720F9E71FB502460B23F1
:1087300001A81821F9F7DBFB9DF80E0005B05DF8E4
:1087400004FB30B589B001F0010503A90446F2F736
:10875000F5F99DB190B92046F1F72AFE10F001011C
:1087600009D02046F1F724FE430843EAC17383F0A1
:10877000010303F0010103A8EFF730FC2046F3F7F3
:10878000ABF99DF81430294600932046BDF8162019
:1087900003ABFAF728F909B030BD30B585B00C4607
:1087A0000546F1F7F3FCA04215D04FF6F7739C4253
:1087B00011D80B232A46182101A8F9F798FB29465E
:1087C00018200B2301AAADF80C40F9F799FB2146BC
:1087D0002846F1F777FD05B030BD10B50446D4F753
:1087E00091FCA0420FD92046F1F7D0FC4FF6FF7361
:1087F000984208D020460021FFF7A3FF2046BDE89D
:108800001040F2F7F3B910BD4FF6FF73984210B560
:108810000C4605D0FEF786FBFF2801D0E5F790F95E
:1088200034B12046BDE810404FF6FF71E5F78CBA31
:1088300010BD38B5014605460020F1F7F9FC0446A5
:108840004FF6FF712846E5F77FFAFF2C04D020464B
:10885000F2F7CCF9002038BD0120FCE710B5044642
:10886000FEF7DCF8002102462046BDE81040F2F792
:1088700021BB2DE9F04114460F460546984600F00D
:1088800041FB06460430FAF7D0FE2080284600F06F
:108890009CFA6080B379791CE372C9B22846E3F789
:1088A00081FBB91CA072C9B22846E3F77BFBFE1C12
:1088B0002072F6B2B8F1000F18D031462846FDF705
:1088C000D5FE0537FEB23146A0802846FDF7CEFE24
:1088D000B11CE080C9B22846E3F764FB6072217ADC
:1088E000A0880122BDE8F041F3F704B82088EAE748
:1088F0002DE9F04186B090461E4604460D46FEF72F
:108900008DF84FF6F7739845074632D80523A042F5
:108910008DF80C304FF0010214BF012300234FF0FB
:10892000000118BF8DF80D30CDE9002114BFADF85E
:108930000E008DF80D30284614BF0423022303AA2D
:1089400000F047FB0546A0B1A7421AD000F0DAFAC2
:10895000074621460430803EFAF769FE2046FE7144
:1089600004A9FFF774FE40B9204604A9E3F7D4FE3A
:1089700018B9002006B0BDE8F081284604A900F02F
:10898000AFFB41462846FEF796FDF3E7037923F057
:108990000303194301F03F010171704707B50DF161
:1089A0000701F2F74DFE03B05DF804FB08B5FFF7D1
:1089B000F5FF18B1BDE80840F2F792BE08BD0022ED
:1089C0004FF6FF701146F2F795BF10B50446FFF75A
:1089D000E5FF024638B901462046F2F78BFF003822
:1089E00018BF012010BD0120FCE7F8B5174604466A
:1089F0000E46FFF7D3FF0546386068B1037903F0F0
:108A00000303337023B93A68137903F03F031371FA
:108A10003B685C882046F8BD01462046FEF7FCFA1C
:108A2000074628B1E5F7F8FA874201D83570F1E733
:108A300031462046FAF764FD0028EBD003234FF6B9
:108A4000FF743370E6E707B501AA0DF10301FFF7E4
:108A5000CCFF9DF8033053B9019828B1037913F086
:108A6000300F14BF0120002003B05DF804FB00208C
:108A7000FAE72DE9FF410646104688461546F1F70C
:108A8000B5FB0746FDF7CAFF044648BB4FF6FF7328
:108A90009E4225D09F4206D00146384604B0BDE82C
:108AA000F041E8F7D5BE07238DF804302B68024665
:108AB000CDF805306B68092101A8CDF80930FDF724
:108AC00066FC024618B9192004B0BDE8F081012304
:108AD00041463046EEF74EF90028F4D02046F3E741
:108AE0000220F1E7F3F736B807B5024669464FF6BC
:108AF000FF70F3F72FF803B05DF804FB2DE9F043A6
:108B000090460F4606464FF0010991B00BA803AD01
:108B1000F9F7CEFF07AC29460BA8ADF82C90FAF771
:108B20000FFB95E80F0084E80F004B460022394602
:108B30003046CDE90048EEF735FA11B0BDE8F083D4
:108B40002DE9F04F002785B081460C467E2039463E
:108B50009846BDF83CB09DF844A0BDF84C50019239
:108B6000ADF80E70E3F7C0F80646002800F08980E3
:108B7000E2F7F4FF39467E2200F0A5FF3046E2F727
:108B8000EDFF00903046E2F7E9FFB9F1FF0F0CBFAF
:108B9000274644F003073B0A14F440620770437011
:108BA00074D14FF00808C31C18464246019900F0E2
:108BB00070FF034604F44044434484B1790606D46C
:108BC00019464FEA1B2201F802BB5A700B46B4F556
:108BD000004F6BD0A4F5404254425441E400224679
:108BE00018460E9900F055FF009A03462044A0EB6A
:108BF00002085FFA88F89DB14FF47C521A53841C26
:108C00002846E2F7ABFF83462846E2F7C3FFC5B22A
:108C10002A465946204600F068FF60190235EDB239
:108C2000B9F1FF0F44D05246109900F8019B00F0B3
:108C30005CFF08F101015AFA81F129443046E2F75C
:108C4000C5FF0C210022FF0007F0800710463943C2
:108C500000F036F9ADF80E003046E2F77FFF04462B
:108C60003046E2F797FF2146C2B201230DF10E0014
:108C7000E3F7CAF80121BDF84820BDF80E00E3F77C
:108C80000BF8BDF80E0005B0BDE8F08FB2F5006F2F
:108C900080F803804FEA182880F8048000F105036B
:108CA00014BF4FF008084FF002087DE7022496E752
:108CB00008EB0A0129443046E2F788FF0821C1E7A2
:108CC00010B50C46E2F74AFF048010BD38B50C46DB
:108CD0001546E2F743FF03881DB11C43A1B2018092
:108CE00038BD23EA040189B2F9E708B5E2F736FF97
:108CF000008808BD08B5E2F731FFC07808BD08B5A7
:108D0000E2F72CFF008800F00C0008BD08B5E2F780
:108D100025FF008800F00C00031F5842584108BD91
:108D200038B50546E2F71AFF04462846FFF7EEFF7E
:108D300030B904F11000FAF778FC00F4406038BD57
:108D40004FF40060FBE738B50546E2F707FF04463D
:108D50002846FFF7DBFF014648B9103420460422BD
:108D6000E1F7B0FF2044BDE83840FAF75EBCA088C8
:108D700038BD10B50C46E2F7F1FE848010BD38B561
:108D80000546E2F7EBFE04462846FFF7BFFF014623
:108D900008B1201D38BD103404222046E1F792FFAF
:108DA0002044F7E738B50546E2F7D8FE04462846E2
:108DB000FFF7ACFF30B904F11000FAF736FC00F40D
:108DC000404038BD4FF40060FBE738B50546E2F798
:108DD000C5FE04462846FFF799FF014648B91034FE
:108DE00020460622E1F76EFF2044BDE83840FAF73E
:108DF0001CBCA08838BD38B50546E2F7AFFE044676
:108E00002846FFF783FF014608B1201D38BD103406
:108E100006222046E1F756FF2044F7E708B5E2F7BF
:108E20009DFE007A08BD08B5E2F798FE90F90900AA
:108E300008BD08B5E2F792FE807A08BD08B5E2F7F2
:108E40008DFEC06808BD10B50C46E2F787FE0472BF
:108E500010BD10B50C46E2F781FE447210BD10B58E
:108E60000C46E2F77BFEC46010BD2DE9F8430F46C7
:108E70008046002107F1100016469946E2F734FFBC
:108E80000446D0B1E2F76AFE05462046E2F782FECC
:108E900000210246284600F016FE00232046AB7053
:108EA00049F00401FFF70CFFA5F804802EB13A4603
:108EB000314605F1100000F018FE2046BDE8F883A9
:108EC000F8B505460F4610200021E2F70DFF0446D5
:108ED000B0B1E2F743FE06462046E2F75BFE002112
:108EE0000246304600F0EFFD002339462046B370BD
:108EF000FFF7E6FE25B12A4601212046E2F7CCFE27
:108F00002046F8BD08B5E2F729FE103008BD08B5C7
:108F1000E2F740FE1038C0B208BD10B50C46098813
:108F200021B90846F3F72AFB208008B1012010BDC3
:108F30000220FCE72DE9F7430F4601218146164642
:108F4000E2F796FE054658B1FDF76EFB308088B912
:108F50002846E2F71FFE68B1192003B0BDE8F08390
:108F60004846E2F717FEFF2FA0EB0704E4B214D047
:108F700014B934800020F0E72A4621462846FDF740
:108F800006FA80460028E7D03B464A462946009428
:108F9000FDF759FBA6F80080ECE70120DDE708B5F6
:108FA000FFF7B0FF437803F001001A074CBF103001
:108FB0000830DB0644BF0830C0B21030C0B208BD74
:108FC00010B50C46E2F7E6FDA04234BF00200120B8
:108FD00010BD7FB514460091024641F2092141F6C9
:108FE00009209DF820601D46002E18BF0146099BF0
:108FF0000020F4F701F8ADF80E0010B9002004B01D
:1090000070BD01232A4621460DF10E00E2F7FCFE59
:109010000028F3D1BDF80E00F1E738B50546FFF79B
:10902000BEFF04462846FFF76DFF43785B0707D570
:1090300021462846E2F7B6FF013004EB4004E4B2D3
:10904000204638BD30B585B0ADF80E00E2F7A2FD80
:109050000446BDF80E00FFF7E0FF00F10E03DBB29F
:10906000E5B2BDF80E20ED1AADB2014600951046EE
:10907000FDF7E9FAA4F10E01C9B20DF10E00FDF7FA
:10908000BAFA05B030BD4278034612F0080006D0A7
:10909000D20702D403F10800704703F109007047BA
:1090A00037B505460C46FFF72DFF437813F0100245
:1090B00012D09CB103F001021B074FF000032046C1
:1090C000009329464FF0080354BF18322032E2F7CC
:1090D0002DFF012003B030BD1046FBE72046F9E725
:1090E00073B505460C46FFF70DFF437813F01002E9
:1090F00011D094B1012603F001021B0720464FF066
:109100000803294654BF183220320096E2F70EFFBA
:10911000304602B070BD1046FBE72046F9E700F08C
:109120000303012B08D0C30606D400F00C000C2862
:1091300014BF08200920704702207047034611F031
:10914000030005D003F00303022B14BF0220032009
:109150007047F8B507460D46E2F724FF0646FFF7CD
:10916000DEFF330604460AD52918C9B23846E2F7AD
:1091700019FF01463046FFF7E1FF0444E4B2204600
:10918000F8BD70B506460D46FFF7E3FF29460446D5
:109190003046E2F707FF82060FD529193046C9B2DB
:1091A000E2F700FF00F01803082B14BF0534063463
:1091B000E4B2830644BF0834E4B2204670BD38B53B
:1091C0000546FFF72AFF044601462846FFF7D9FF68
:1091D0002044C0B238BD2DE9F04387B005460C46A7
:1091E000FFF790FE8046FAF720FA07462846FFF779
:1091F00014FF064601462846FFF7ABFF0022034650
:1092000000922946324602A8E2F790FE9DF80860D7
:1092100006F00C030C2B06F003090BD0B9F1010F7B
:1092200059D0F10657D49DF809300DF10A050020F8
:10923000637107E0FF230DF109006371FAF7F5F997
:109240000DF10B05208198F80130DA0704D508F1FB
:109250000200FAF7EAF92081B9F1010F5FFA89F803
:109260003DD0F3063BD42846FAF7DFF96080A81C0E
:10927000FAF7DBF9053515F8013C208023712B78CE
:10928000B006A37206F0400348BF43F0200339063E
:1092900027D543F40073F80448BF43F480633905CD
:1092A00048BF43F400633206E38011D56A7812F0B8
:1092B00003020DD06FEA43436FEA5343A978B8F134
:1092C000020FE3800B4611D1EB7841EA03212181A3
:1092D00007B0BDE8F083FF230DF10905A7E7FF23E1
:1092E000CCE77A0648BF43F48073D4E7012A04BF71
:1092F0000B029BB22381EBE7F0F748BFF0F7C8BF42
:1093000073B50546E7F7EEF806462846E7F790F806
:1093100004463EB330B32846E3F7ACFD0096024660
:10932000234600212846F3F7C5F90646D0B1FFF7DA
:10933000E9FD04463046E2F711FC04F10D02121A71
:10934000002331460820D2B2F9F7FBF80138C0B249
:10935000012807D801223146284602B0BDE87040F6
:10936000E3F7BEBD02B070BD00B589B00B46052263
:109370006946F4F71FFE023818BF012009B05DF8F6
:1093800004FB037810B5044643B901220270427809
:1093900043601A2A03D1D3F7F1FE208110BD037078
:1093A000FCE738B50378044663B9012202704278BD
:1093B00043601A2A0CD10589D3F7E0FE854202D911
:1093C0002123636038BD207ABDE83840D3F7DCBE86
:1093D0000370F7E7F9F71FBB002070477047F0B53F
:1093E00005462F4687B00C4602A859211646FAF7C3
:1093F0001EF937F8021B0DF10A00FAF718F90022DE
:10940000D5F80200796803AB03C3AB890F21ADF82F
:1094100014306300CDE9002203F0FE03324602A8B7
:109420008DF81640E0F7C2F807B0F0BD002108B58E
:109430000846E2F759FC00280CBF1920002008BD9F
:10944000F4F76CBE0020F4F7C7BEF4F797BF0BB17A
:10945000F5F700B80AB9F5F779B8FF21F4F7A2BF1C
:1094600070B50546837808462E460C4600F8013B49
:1094700036F8041BFAF7DBF808223146E01C00F04E
:1094800008FBEB780120E3722B7B04F10E012373C0
:109490006B7B63732A69FAF7CEF86A69012004F1DD
:1094A0001201FAF7C8F8298B04F11600FAF7BFF891
:1094B000082205F11C0104F1180000F0EAFAA98C59
:1094C00004F12000FAF7B3F8E98C04F12200FAF76E
:1094D000AEF895F8283084F8243095F8293084F8CF
:1094E000253095F82A3084F8263095F82B3084F80A
:1094F000273070BD0B4611461BB1012B03D0212034
:109500007047F5F72BBAF5F731BCF0B507460D46B5
:1095100095B00021144601A84C221E4600F0D3FA53
:10952000B62101A8FAF783F838460DF10601FFF7D6
:1095300097FF0DBB23686189CDF82F3063680EA8B3
:10954000CDF83330237A8DF82E508DF83730FAF776
:109550006EF8A1890DF13A00FAF769F8E389ADF8E0
:109560003C3030460DF13E01FCF70CF94C2101A8CE
:10957000FCF751FB15B0F0BD01238DF82E30F0E75C
:1095800013B50446B7216846FAF751F822460DF1A3
:1095900002010120FAF74FF806216846FCF73BFB71
:1095A00002B010BD30B504460D468BB001A8B821FD
:1095B000FAF73DF821880DF10600FAF738F86188CE
:1095C00002A8FAF734F8A1880DF10A00FAF72FF88B
:1095D000E18803A8FAF72BF821890DF10E00FAF7BC
:1095E00026F8618904A8FAF722F8A1890DF1120082
:1095F000FAF71DF8284605A9FCF7C4F8222101A8AE
:10960000FCF709FB0BB030BD10B504468CB001A8C7
:10961000BB21FAF70CF820460DF10601FFF720FFF9
:109620002A2101A8FCF7F7FA0CB010BD70B5164658
:10963000FF2204460D46FDF734F9024610B146B943
:10964000022070BD29462046FDF72BF90028F6D1EF
:10965000F7E720466908BDE87040F9F7AAB970B588
:109660000646144608461A4608211D46FFF7DEFF47
:10967000A0B92A4602213046FFF7D8FF70B92278F8
:10968000531EDBB2FD2B0AD80120904020F0FF6072
:1096900020F4FF20003818BF0120400070BD1923BE
:1096A0002370FBE708B500F0AEF9002008BD0022EA
:1096B00030B58DB00346CDF826200846CDF82A20D7
:1096C000ADF82E2041F6063200F12504ADF8042055
:1096D00001F115020DF1060152F8045BA24241F8B6
:1096E000045BF9D10DF1160203F1100153F8044B9C
:1096F0008B4242F8044BF9D100F085F901A8EDF74F
:1097000063FA0DB030BD0021002814BF01220222EF
:109710000846FDF7ECBB0020E1F7A0BD37B50446D5
:109720006846FDF772FD08226946201D00F0A1F988
:10973000D0B92588FDF78FF9854215D1FDF70DFECB
:109740000246607B131A002BB8BF5B42C82B13463E
:109750000CDD824228BF0346DBB29A4204D0FDF7FB
:1097600016FEA078E5F78AFD03B030BD824238BF0F
:109770000346F1E710237F221C21F8F7B8BB28230A
:109780007F221D21F8F7B3BB10B50C46FFF7F2FF9F
:109790002046BDE81040FFF7F2BF024610237F21AC
:1097A0001C20F8F7ADBB08B500F0F1F880F480702C
:1097B000C0F3002008BD10B5044600F0E8F820F022
:1097C0000200204380B2BDE8104000F0ECB808B5BC
:1097D000F5F728F9012806D0022806D0032814BF7F
:1097E0000220062008BD0420FCE70520FAE730B57A
:1097F000154689B00022FCF7CAFD0446E0B10146D7
:10980000002307220920F8F79CFEB8B1FDF723F9E1
:10981000034600200122CDE901304FF6FF73CDE968
:10982000050200934CF621422B46FF21CDE90304AB
:10983000FDF742F909B030BD1920FBE740F60140C1
:10984000F8E773B5002315460C4606460A46009312
:1098500001460823281DE2F769FB04F108013046A0
:10986000C9B2E2F79FFB04F109016873C9B230463F
:10987000E2F798FB04F10A01A870C9B23046FCF780
:10988000F5FE288002B070BD00B58BB0684600F0D0
:1098900098F801209DF80430984080B20BB05DF834
:1098A00004FB10B50446FFF7EFFF2040C30B0DD1BA
:1098B0000E235A1C01D1FF2007E020FA03F1C9074B
:1098C00003F1FF3204D558B2C0B210BD0F20FBE740
:1098D0001346EEE7024610237F211C20F8F710BB49
:1098E0001FB5102368467F221C21F8F700FB9DF866
:1098F0000E0005B05DF804FBF0B507460E461546B0
:1099000085B01C467F2210231C216846F8F7EFFA29
:10991000BDF80430BDF80C203B80BDF80630338024
:10992000BDF808302B80BDF80A3023800A9B1A80CE
:1099300005B0F0BD2DE9FF410E4615461C46074611
:10994000BDF8288018B14FF6F77399421DD8B5F5C8
:109950007F4F1AD214B1B8F57F4F16D210237F2251
:109960001C216846F8F7C3FA6846ADF80470ADF8F4
:109970000660ADF80850ADF80A40ADF80C80FFF76E
:10998000A9FF002004B0BDE8F0810120FAE71FB56F
:10999000102368467F221C21F8F7A9FABDF80000C1
:1099A00005B05DF804FB1FB5044610237F221C217F
:1099B0006846F8F79CFA68460094FFF78BFF04B0FE
:1099C00010BD10B590B004467F221D2106A82823A3
:1099D000F8F78DFA002323609DF81C3001A823714D
:1099E000F9F766F8052301A8E1188DF80430F9F7B6
:1099F000A7FB062304F1150101A88DF80430F9F73F
:109A00009FFB10B010BD002310B590B006930379F2
:109A100006AA04467F218DF81C301D202823F8F764
:109A20006FFA01A8F9F744F801A8F9F745F80523FA
:109A300001A8E1188DF80430F9F763FB062304F15F
:109A4000150101A88DF80430F9F75BFB10B010BDCB
:109A50001FB57F221C2168461023F8F748FA009BA7
:109A6000684643F480730093FFF734FF05B05DF858
:109A700004FB0139024410B5904201D1002005E0F9
:109A8000037811F8014FA34201D0181B10BD01301B
:109A9000F2E7884210B501EB020402D98442234662
:109AA00007D8431EA14208D011F8012B03F8012F5B
:109AB000F8E7024401468A4200D110BD13F8014D77
:109AC00002F8014DF7E702440346934200D1704784
:109AD00003F8011BF9E710F8012B11F8013B012AEB
:109AE00028BF9A42F7D0D01A70470A44431E9142C9
:109AF00000D1704710B511F8014B914203F8014FA6
:109B0000F9D110BD431C08BF0020D7F785B800006D
:109B10000000000000000000000000000000000045
:109B2000F8B500BFF8BC08BC9E467047F8B500BF4A
:109B3000F8BC08BC9E4670475FF800F081400020EA
:109B40005FF800F0E53F00200300000076636F6DD2
:109B500000000000050000000000000000C201003D
:109B600000050000001000000000000000000000E0
:109B700013B779FAC925DDB7ADF3CFE0F1B614B864
:109B80000102000000000000FFFFFFFF01000000D5
:109B900001000000000000000000000000000000C4
:109BA00000000000000000000000000000000000B5
:109BB00000000000000000000000000000000000A5
:109BC0001E0000030D12030009120300E711030039
:109BD000E511030065590000171203002959000020
:109BE0002C00000002000102000801B4909C030058
:109BF0000008015A4C9C030000080040089C030028
:109C000000000000000000000000FCFEFFFF00005C
:109C100000000000FFFF000000000000FFFF000048
:109C200000000000FFFF00000000000040001806D8
:109C3000F4D200002C00B0023DBE00001700F2007C
:109C40000C7C00000C0041009E4200006400FCFE01
:109C5000FFFF000000000000FFFF00000000000008
:109C60005A00F306A554FEFF2100A301A1FEFFFF49
:109C70001100A600832700000A006100DC26000016
:109C800006003B00F820000003001500AD130000A3
:109C9000C800FCFEB4008B087BC0FBFF4D00E40253
:109CA000E756FFFF2C00A20183EBFFFF1A00030120
:109CB000B31A00001100A300552900000A005E003D
:109CC0005A28000006003A00212200000400180073
:109CD000731600000B0000000B00000002000000E3
:109CE0000000202000000000030000008C8C3C00DD
:109CF000000000000000000000000000000000580C
:109D00001200000000000000FFFFFFFFFFFFFFFF49
:109D1000FFFFFFFF64656275670073696C616273C2
:109D20007675617274646F776E0076756172740017
:109D3000473A2F576F726B2F53696D706C69636967
:109D4000747953747564696F2F73646B732F7364C4
:109D50006B2D32342E362E302F706C6174666F721C
:109D60006D2F736572766963652F6C6567616379C2
:109D70005F68616C2F7372632F626173652D72650A
:109D8000706C6163656D656E742E63002C20002518
:109D900073203D2025346C78005265736574206310
:109DA000617573653A205761746368646F672065F5
:109DB0007870697265642C206E6F2072656C6961C1
:109DC000626C6520657874726120696E666F726D71
:109DD0006174696F6E0A0052657365742063617502
:109DE00073653A205761746368646F6720636175B7
:109DF000676874207769746820656E68616E636552
:109E00006420696E666F0A00496E737472756374BC
:109E1000696F6E20616464726573733A2025346CD7
:109E2000780A0052657365742063617573653A2022
:109E30004173736572742025733A256C640A00526D
:109E4000657365742063617573653A204861726457
:109E5000204661756C740A00484653522E5645439D
:109E60005454424C3A206572726F7220726561647C
:109E7000696E6720766563746F72207461626C65C9
:109E800020666F7220616E20657863657074696FFB
:109E90006E0A00484653522E464F524345443A20DC
:109EA000636F6E666967757261626C652066617565
:109EB0006C7420636F756C64206E6F7420616374C2
:109EC00069766174650A00484653522E44454255EE
:109ED000474556543A206661756C742072656C6112
:109EE00074656420746F206465627567202D206539
:109EF0002E672E2C20657865637574656420424B4F
:109F000050540A0052657365742063617573653A35
:109F1000204D656D6F7279204D616E6167656D656D
:109F20006E74204661756C740A00496C6C656761DB
:109F30006C2061636365737320616464726573731D
:109F40003A2025346C780A00434653522E25730A72
:109F50000052657365742063617573653A204275BC
:109F600073204661756C740A004164647265737392
:109F7000206973206F6620616E20696E737472753C
:109F80006374696F6E2061667465722062757320F8
:109F90006661756C74206F636375727265642C20E2
:109FA0006E6F74207468652063617573652E0A0096
:109FB000434653522E286E6F6E6529206C6F616484
:109FC000206F722073746F726520617420616E203F
:109FD000696C6C6567616C20616464726573730A97
:109FE0000052657365742063617573653A2055731B
:109FF000616765204661756C740A0052657365740B
:10A000002063617573653A204465627567204D6F02
:10A010006E69746F72204661756C740A0070726F9D
:10A0200063657373006D61696E0054687265616485
:10A030000048616E646C6572002573206D6F646505
:10A04000207573696E6720257320737461636B20BC
:10A050002825346C7820746F2025346C78292C20C6
:10A060005350203D2025346C780A002575206279F4
:10A07000746573207573656420282575252529204E
:10A08000696E20257320737461636B20286F75746B
:10A09000206F6620257520627974657320746F7453
:10A0A000616C290A005350206973206F75747369BD
:10A0B000646520257320737461636B2072616E6721
:10A0C00065210A004E6F20696E7465727275707436
:10A0D00073206163746976650A00496E74657272F3
:10A0E000757074732061637469766520286F7220BF
:10A0F0007072652D656D7074656420616E64207387
:10A100007461636B6564293A0A00202575000D0AA5
:10A110005B4153534552543A25733A25645D0D0A09
:10A1200000554E4B00474F200042544C00474F32E1
:10A1300000474F3300474F3400474F3500474F36F5
:10A1400000474F3700474F3800474F3900474F41CE
:10A1500000474F4200474F4300474F4400474F4599
:10A1600000474F46004A4D5000424452005550525D
:10A170000042544D004D534D0046544C00554E4B3B
:10A1800000474F200042544C004241440046544C8A
:10A1900000465243004F54410044534C004241504A
:10A1A0000055504700544D450046415500545A460D
:10A1B00000554E4B0050494E00454D3400554E4B16
:10A1C0000048562000554E4B00455850004C574D06
:10A1D00000554E4B005242540044534C00454D3400
:10A1E00000554E4B0041535400554E4B00564659B6
:10A1F00000494E4800554E4B004C434B0058544CC0
:10A20000004F424600554E4B00485244004D454DCC
:10A2100000425553005553470044424700444D41C6
:10A220000056435400554E4B0055502000525020CC
:10A230000041503000415031004150200044502036
:10A24000004445430000000021A1030025A10300B4
:10A250007DA10300B1A10300BDA10300C5A10300BE
:10A26000D1A10300E1A10300E9A10300F5A10300CE
:10A2700005A2030025A20300554E4B0046494200AB
:10A2800042544C0045585400505752005744470020
:10A290002053570043525300465348004241440064
:10A2A000464C540042524F000104010303060105CD
:10A2B000010501090600060B0000070B050B000055
:10A2C0000000000000000000523000523100523205
:10A2D00000523300523400523500523600523700DB
:10A2E000523800523900523130005231310052316F
:10A2F0003200523133284C5229004D5350005053F4
:10A30000500050430078505352004D535020757305
:10A310006564005053502075736564004353544185
:10A32000434B20626F74746F6D0049435352005366
:10A330004843535200494E545F41435449564530B7
:10A3400000494E545F4143544956453100434653FA
:10A350005200484653520044465352004D4D41521C
:10A360002F4246415200414653520052657430001C
:10A370005265743100526574320052657433005274
:10A380006574340052657435004461743000446172
:10A39000743100004941434356494F4C3A2061749F
:10A3A00074656D7074656420696E7374727563741E
:10A3B000696F6E2066657463682066726F6D2061D8
:10A3C000206E6F2D657865637574652061646472B5
:10A3D000657373004441434356494F4C3A206174BE
:10A3E00074656D70746564206C6F6164206F722099
:10A3F00073746F726520617420616E20696C6C6586
:10A4000067616C2061646472657373004D554E53CF
:10A41000544B4552523A20756E737461636B2066DB
:10A42000726F6D20657863657074696F6E207265F8
:10A430007475726E20636175736564206163636512
:10A4400073732076696F6C6174696F6E004D53543D
:10A450004B4552523A20737461636B696E67206694
:10A46000726F6D20657863657074696F6E206361CB
:10A4700075736564206163636573732076696F6CBF
:10A480006174696F6E004D4D415256414C49443ADA
:10A49000204D4D415220636F6E7461696E7320765A
:10A4A000616C6964206661756C74206164647265B6
:10A4B000737300494255534552523A20696E737482
:10A4C00072756374696F6E20707265666574636817
:10A4D0002063617573656420627573206661756CB5
:10A4E00074005052454349534552523A20707265A8
:10A4F00063697365206461746120627573206661AD
:10A50000756C7400494D5052454349534552523A77
:10A5100020696D7072656369736520646174612080
:10A52000627573206661756C7400554E53544B45CB
:10A5300052523A20756E737461636B696E67206F57
:10A540006E20657863657074696F6E2072657475CE
:10A55000726E20636175736564206461746120624A
:10A560007573206661756C740053544B4552523AB2
:10A5700020737461636B696E67206F6E206578630A
:10A58000657074696F6E20656E7472792063617591
:10A5900073656420646174612062757320666175FF
:10A5A0006C74004246415256414C49443A2042465E
:10A5B000415220636F6E7461696E732076616C69BD
:10A5C00064206661756C74206164647265737300E5
:10A5D000554E444546494E5354523A20747269656B
:10A5E0006420746F206578656375746520616E20E2
:10A5F000756E646566696E656420696E73747275E4
:10A600006374696F6E00494E5653544154453A2065
:10A61000696E76616C69642045505352202D206527
:10A620002E672E2C20747269656420746F207377F6
:10A630006974636820746F2041524D206D6F6465AA
:10A6400000494E5650433A20657863657074696FCF
:10A650006E2072657475726E20696E7465677269BA
:10A66000747920636865636B73206661696C6564E7
:10A67000004E4F43503A20617474656D7074656488
:10A6800020746F2065786563757465206120636F41
:10A6900070726F636573736F7220696E7374727515
:10A6A0006374696F6E00554E414C49474E45443ABC
:10A6B00020617474656D7074656420616E20756EC0
:10A6C000616C69676E6564206D656D6F727920617C
:10A6D00063636573730044495642595A45524F3A71
:10A6E00020617474656D7074656420746F20657882
:10A6F00065637574652053444956206F7220554434
:10A70000495620776974682064697669736F72208E
:10A710006F6620300000000094A30300D4A3030060
:10A7200020A103000CA403004DA4030020A10300FA
:10A7300020A1030086A40300B3A40300E2A4030045
:10A7400004A503002AA5030069A5030020A10300B6
:10A7500020A10300A3A50300D0A5030006A60300C3
:10A7600041A6030071A6030020A1030020A103005D
:10A7700020A1030020A10300A6A60300D6A6030083
:10A780000400E40C0A0042426C660042424242422B
:10A7900000473A2F576F726B2F53696D706C696366
:10A7A00069747953747564696F2F73646B732F7355
:10A7B000646B2D32342E362E302F706C6174666FC0
:10A7C000726D2F736572766963652F6C656761635F
:10A7D000795F6E63705F6173682F7372632F61734B
:10A7E000682D6E63702E63004242426200000000DA
:10A7F00000CA9A3B00E1F5058096980040420F00A0
:10A80000A086010010270000E8030000640000009B
:10A810000A000000010410400100000005000200D1
:10A820000003000008AB030004AB0300F0AA030020
:10A83000ECAA0300E8AA0300E4AA0300D2AA0300DA
:10A84000C2AA0300A8AA0300A0AA030096AA0300B4
:10A8500094AA03007CAA030079AA030071AA03004A
:10A8600060AA030050AA03003EAA030024AA030022
:10A870001CAA030010AA03000CAA03000AAA0300E2
:10A88000FDA90300F2A90300D9A903007DA90300D3
:10A890007CA903006CA9030044A9030030A90300AC
:10A8A000FCA80300F8A80300C8A80300C4A803007C
:10A8B000B9A80300B8A803000F00000000000000C2
:10A8C0000000000000000000FF00FFFFFFFFFFFF8F
:10A8D000FFFFFFFFFFFFFFFFFFFFFFFFFFFFFFFF88
:10A8E000FFFFFFFFFFFFFFFFFFFFFFFFFFFFFFFF78
:10A8F000FFFF0000FF00FF0000000000FF0000005D
:10A90000FFFFFFFFFFFFFFFFFFFFFFFFFFFFFFFF57
:10A91000FFFFFFFFFFFFFFFFFFFFFFFFFFFFFFFF47
:10A92000FFFFFFFFFFFFFFFFFFFFFFFFFFFFFFFF37
:10A93000FFFFFFFFFFFFFFFFFFFFFFFFFFFFFFFF27
:10A94000FF00000000000000000000000000000008
:10A9500000000000000000000000000000000000F7
:10A9600000000000000000000000000001000000E6
:10A970000000000000000000000000000F000000C8
:10A9800000000000000000000000000000000000C7
:10A9900000000000000000000000000000000000B7
:10A9A00000000000000000000000000000000000A7
:10A9B0000000000000000000000000000000000097
:10A9C0000000000000000000000000000000000087
:10A9D0000000000000000000000000000000000077
:10A9E0000000000000000000000000000000000067
:10A9F0000000000000000000000000000000000057
:10AA00000000000000000000000000000000000046
:10AA1000FFFFFFFFFFFFFFFFFFFF00000000000040
:10AA20000000000000000000000000000000000026
:10AA30000000000000000000000000000000000016
:10AA40000000000000000000000000000000000006
:10AA500000000000000000000000000000000000F6
:10AA600000000000000000000000000000000000E6
:10AA700000FFFFFFFFFFFFFFFF9C0000FF00000043
:10AA800000000000000000000000000000000000C6
:10AA9000800000000000FFFFFFFFFFFFFFFFFFFF40
:10AAA00000000000FFFF00000000000000000000A8
:10AAB0000000000000000000000000000000000096
:10AAC0000000FFFFFF000000000000000000000089
:10AAD0000000000000000000000000000000000076
:10AAE0000000000000000000000000000000000066
:10AAF0000000000000000000000000000000000056
:10AB00000000000000000000FC0301010101010140
:10AB1000010101010101010101000000000000012B
:10AB20000020200C002001010105000000000002AF
:10AB3000041104040211101A080A02180108111065
:10AB4000111A080A04020D0B195C011028123404B2
:10AB500030040B01000000000000000000000000B5
:10AB600000000001010101010100010101010101D9
:10AB700000000001010101010100010001010000CC
:10AB800000000000000000000000000000000100C4
:10AB900000000000000000000000000000000000B5
:10ABA00001FF010023E1010075E4010063E20100FF
:10ABB00063E5010062E1010079EB010064EE010050
:10ABC00024E1010025E1010026E1010027E1010067
:10ABD00028E1010029E101002AE101000000010053
:10ABE000800001000001010080010100000201005D
:10ABF0008002010020E201000003010000050100C5
:10AC00008005010000060100800601000007010028
:10AC100001E5010002E5010058E2010080030100A6
:10AC20008004010000040100800701000008010009
:10AC300080080100473A2F576F726B2F53696D7070
:10AC40006C696369747953747564696F2F73646B8D
:10AC5000732F73646B2D32342E362E302F706C614F
:10AC600074666F726D2F736572766963652F746F8A
:10AC70006B656E5F6D616E616765722F7372632FB6
:10AC8000736C5F746F6B656E5F6D616E616765722B
:10AC90002E6300473A2F576F726B2F53696D706C9C
:10ACA000696369747953747564696F2F73646B7326
:10ACB0002F73646B2D32342E362E302F706C6174EE
:10ACC000666F726D2F736572766963652F746F6B33
:10ACD000656E5F6D616E616765722F7372632F734E
:10ACE0006C5F746F6B656E5F6D616E7566616374CA
:10ACF0007572696E672E6300FFFFFFFFFFFFFFFFA6
:10AD000034B62C3370326032043200116810641093
:10AD1000381034103010201010100C100210496E32
:10AD200069743A2064656661756C74204343412000
:10AD30006D6F64652073657420746F2025643A20FC
:10AD40003078255800473A2F576F726B2F53696D33
:10AD5000706C696369747953747564696F2F736477
:10AD60006B732F73646B2D32342E362E302F70722E
:10AD70006F746F636F6C2F7A69676265652F61709E
:10AD8000702F6672616D65776F726B2F636F6D6D7B
:10AD90006F6E2F736C5F7A69676265655F73797335
:10ADA00074656D5F636F6D6D6F6E2E6300526573BA
:10ADB000657420696E666F3A2030782578202825E2
:10ADC000732900457874656E646564205265736507
:10ADD0007420696E666F3A20307825325820282515
:10ADE000732900473A2F576F726B2F53696D706C40
:10ADF000696369747953747564696F2F73646B73D5
:10AE00002F73646B2D32342E362E302F70726F7488
:10AE10006F636F6C2F7A69676265652F6170702F41
:10AE20006672616D65776F726B2F636F6D6D6F6E9C
:10AE30002F7A69676265655F737461636B5F736CBA
:10AE40006565702E63000D00473A2F576F726B2FA8
:10AE500053696D706C696369747953747564696F53
:10AE60002F73646B732F73646B2D32342E362E3038
:10AE70002F70726F746F636F6C2F7A69676265658C
:10AE80002F737461636B2F636F6E6669672F736CCA
:10AE90005F7A69676265655F636F6E666967757221
:10AEA0006174696F6E2E63000020000002010A00C9
:10AEB00006000A0026002A000080000000000000B2
:10AEC0000000473A2F576F726B2F53696D706C6992
:10AED0006369747953747564696F2F73646B732F2E
:10AEE00073646B2D32342E362E302F70726F746F68
:10AEF000636F6C2F7A69676265652F737461636B2A
:10AF00002F73656375726974792F7A6967626565F5
:10AF10002D73656375726974792D6D616E616765F6
:10AF2000722D6E6F2D7661756C742E6300473A2F0B
:10AF3000576F726B2F53696D706C696369747953C5
:10AF4000747564696F2F73646B732F73646B2D3228
:10AF5000342E362E302F70726F746F636F6C2F7AB1
:10AF600069676265652F737461636B2F7A696762C5
:10AF700065652F6170732D6B6579732D66756C6CCB
:10AF80002E630080000000000000000022002B0063
:10AF90002100666E692B00666E69006E616E006648
:10AFA0006E692D0000000000000000000000F03F6E
:10AFB0000000000000002440000000000000594094
:10AFC0000000000000408F40000000000088C340E7
:10AFD00000000000006AF8400000000080842E415C
:10AFE00000000000D01263410000000084D79741A8
:10AFF0000000000065CDCD415465726D696E616CD5
:10B0000000000000000000545452205245474745BC
:10B01000530002020300000000000000880100004D
:10B02000101400200000020800000000FFFFFFFFD6
:10B03000FFFFFFFFFFFFFFFF000000000000000018
:10B040000000000000000000000000000000000000
:10B050005241494C00000000A000000079030100AB
:10B06000500000005904010000000001000001012F
:10B07000000101010000000000000000FFFFFFFFD1
:10B08000FFFFFFFFFFFFFFFFFFFFFFFFFFFFFFFFD0
:10B09000FFFFFFFFFFFFFFFFFFFFFFFF00010202B7
:10B0A0000303040506080C0C0C0001020304070747
:10B0B000C8C8C8C8C8C8C8C8C8C8C8C8030404081D
:10B0C0000808080800B801B802B800B018CD03009D
:10B0D00000CD030003040408080500000000000080
:10B0E0000000000000000000000000000407000055
:10B0F0004870AE0F4470700E3070D4130298F4177D
:10B100003870960F3470BC0F3070A6102C70A610DB
:10B110002870261224703E122070A00F1C70E612B8
:10B120001870621314709C0FB110086001D80A7176
:10B1300004B87F78020C7E78641000C6881F00A0D7
:10B140001DB8707803B018600F3027B30F330111AA
:10B15000C0480698780229B0086001D8087109DD56
:10B16000047109BB11101660A04808600410011298
:10B17000FF3221500860D0480860008806988E147D
:10B1800000C42C1F00A000BA03DF107109DF067293
:10B19000029832031DB8507800A0441328144115BA
:10B1A0008110086002D81471108806987A1900C0BE
:10B1B00014C000B80698EC1B009106988E0201603E
:10B1C000B83020D806711EBC637C084D5412F03292
:10B1D00040DE0472404804DB08720DDD0C72044B43
:10B1E000EF3014480698FA0400C4E04000544412BA
:10B1F000086201322140087C811140D91C72B112D1
:10B200003032CF4A013AB1DA107208D8067104D848
:10B210000871804C237C4470684C4412FF328722B2
:10B22000047580B8E84C81D8367140D90472237C0B
:10B23000084B0698FA0404BA1CB9767900C120407C
:10B2400001B835797F216121007906B906A901D8B5
:10B2500006710298FE01804C307C0298600208D88A
:10B260006A7100C1544000B8141110D95E71584C75
:10B27000441280BDA26DFF25784C4412FC22513A45
:10B280002814104C00C20CC101B824122814086202
:10B2900028140862281408622814304C304C00C16D
:10B2A0001C4000B814111814086100C5284001B8EA
:10B2B0005415FF35047110491814B04C441208623B
:10B2C0000132067102980401804C08D80C7107BA4B
:10B2D00024D8047106BA187004D80C7101BA40D889
:10B2E0000E7102BA0A7005BA20D8047203BA204C53
:10B2F0004411C04C1814086118149111911500885C
:10B30000069836050090DF315141383111429111D4
:10B31000186110D90472EF3200C1084001B814114D
:10B3200010311E6111422814A111086118140698E9
:10B33000D21B181400C1084001B814111861FF3164
:10B34000181400C1448001B81411181408611814AD
:10B350003088024806989003009308DB047101F8D6
:10B3600000A027B00F3000A01088B111186180D95B
:10B370000A7100C1884000B80811009100A000C403
:10B38000684000B8441000A000C08840005004117C
:10B390008261041082601050F07200A05415504574
:10B3A000127106980A0506989A0407B8707802B8D0
:10B3B00041781EBA5B7A5C7A5D7A00C220C001B81F
:10B3C00024120698841900C5301F00A0541551148A
:10B3D00000C3FF010000313D09647F3406989802E4
:10B3E000015851280475015841280E7581110861D2
:10B3F00002D90472FF0FCC7007B8727800F8EBBD69
:10B4000000C02C1F00A00411113D10D91271FF3390
:10B41000186300C1781002B8381107B97479581050
:10B4200000A006988E020D300472044809DC0472F4
:10B43000084800C11CC101B8141100C3B81E00A007
:10B44000911504351A7218131CBB08D804716C7B53
:10B4500004D804716A7B1DBB2F7C5B7B1670044B88
:10B4600018131CBB08D804716F7B04D804716D7B62
:10B47000217C0C300260069886040698260C00B8E1
:10B48000B111186140D906720298600401BC00C273
:10B49000084001B800DC0A7124150265604A0A7090
:10B4A0002C4A241508654C4A043508D90471202417
:10B4B00000C1241F00A01412008800DC327120D8C3
:10B4C000067101B80C70F0DA0C720CDB087102B86E
:10B4D00006988E04482400C3384101B834138F7B8A
:10B4E0000E7102B9911308DB047203B928700C497C
:10B4F00014111110FD300DDC1C7200C08C1E00A058
:10B50000041080D8107100C0448001B80410E520F8
:10B510000475804900C3884000B8FFB8012011417C
:10B520000871014118130824014200C1284000B8E5
:10B53000141101411C6551419115009000DC067108
:10B540000698360520351E655141181328134813F7
:10B5500000C3844000B8341003D81671073005DCEE
:10B560001071B1108F780A7200C384C40350217B1C
:10B570001DB8507800B800C1241F00A014121C6030
:10B580002150F0300152281100A04024076400C06F
:10B59000FFFF0100013C17B002200158402806754A
:10B5A00018AC01EC00A0208800C020C001B8041233
:10B5B00017B4211304123052F8711964402400C3E7
:10B5C0005C1F00A0341014110698580E19610092E7
:10B5D00011592129067600BB11590698380E876249
:10B5E000313B0472215A412A00A000C2686000B8B1
:10B5F000B8B91F610D49181200A0308801B9116156
:10B6000000C30000C0FF3110312800BC002D0C75B4
:10B61000115418AC01EC312DF470196451134155DB
:10B62000312C009300A0511010D80C720698A81766
:10B6300001D804710E6500A000C3C00FFEFF50B218
:10B64000313A014250AA00A006986C07FFB08678F4
:10B6500008715CB86B786E7800C2548001B800C085
:10B66000D81F00A004100812B822217A237A52B8F9
:10B67000417801B80C6021A809B819604CA800C035
:10B68000FFD1C1FF4FB2013A00C0002E300001428D
:10B690004FAA24B86E78ACB9FFB004D804714CB985
:10B6A00023A90698C20500C013900100069848051A
:10B6B00000A000C0401F00A017B1181006980A058E
:10B6C00019B81460FFB28C620F32826A214006986A
:10B6D000480549BC21B952B849B207DE2A7105DED6
:10B6E0000871627C607C1D0C6179677864786B7886
:10B6F0006278657863786078617C010C010C687809
:10B70000020C69786C78020C00C22C8001B8277A90
:10B71000287A267A6A78050C41790A0CB11040D84B
:10B7200006710298DE06784A2B7A327A584A247AD1
:10B7300000C400011100404A00C01084000008123B
:10B74000508800C584100100FBAD10BD01BB8A6BA1
:10B7500021B9FAA9C44A1812217A227A00C01C1F02
:10B7600000A00410FCA88264411030300129F9A91E
:10B77000F8ADFBB08260FBA80330A065211004483F
:10B7800020EC237A0410037A184A2411DC4A015869
:10B790000029241004753150F8B1115081632A71C9
:10B7A000514031400812FCB18461FCA90F310E7187
:10B7B00017B0112817B111591028FA76C44AF9B1F7
:10B7C0001812217A227AA07000950812F8A800C2F7
:10B7D0000C8001B8207A844A00B80812020CA44AEE
:10B7E000087A020C21B84178784A0B7A127A00C2A2
:10B7F000C81F00A0FFB008D80472184A241000DC4B
:10B800000A7140A80422241041A80698980200C298
:10B81000301F00A02410015100C4FF010000413975
:10B820001150081200A006986C0700BC00C20C80E2
:10B8300001B8217A52B84978020C4878020C49B80C
:10B84000417852AC21AC204A087A067A077A49AC92
:10B8500000C0481F00A017B1181000A059B84078C8
:10B860005AB101D9FC72427857B8407858B101D921
:10B87000FC72427800A000C20C8001B8217A227AC2
:10B8800021B8547852B8BC4A24119979127107B979
:10B8900015614CA9617800BB03BC0C64147009B934
:10B8A00019614CA9417801BB126300C4002E30001D
:10B8B00000C0FFD1C1FF4FB1013941414FA9E44A56
:10B8C000C8B8081224AB4CB823A80698C20500C01B
:10B8D000541F00A017B1181000C004900100FFB160
:10B8E0008679047108480698480500C08009004020
:10B8F00040A809B8FFB108D9047103B853A8B11022
:10B9000004D80C7156BB607B57BA627A607A02D851
:10B910000C7156BB607B59BA627A607A04B86E7853
:10B920003DB8607800C05638000000C1B08001B852
:10B9300014119979087200C0D604000000C124C017
:10B9400000B814119F79047208484CA82EB8FFB1B2
:10B9500008D906714AA804704BA80FB834A800C0D3
:10B960000C5E000046B2014246AA00C12C4001B85C
:10B97000141108610631087100B90698A6110698DD
:10B980009414B11101D90E710698F81B02D90672F0
:10B990000698020D06988E14511406989A0400C059
:10B9A000501F00A017B11810069880110698BE17F6
:10B9B00000A00698A81701D80A711CB85B7807B8D0
:10B9C000757800B84CA84AA84BA800C0F321FFFF27
:10B9D00046B1013946A904B86F7800A000C0441FE1
:10B9E00000A017B11810FABC1964415C512C00C0BA
:10B9F000581F00A00410012C067506989A0406989A
:10BA0000DA0FB110186005D8347140BA0698641482
:10BA10001DBC7F7C04B86578911004D816711CB8E1
:10BA20006E7800C0684000B821780698CE110140B9
:10BA30000872427C0698A0140298C00B1DB8717859
:10BA400004B86C7841B8427863784478FFB104D97F
:10BA500006720298180A00C004900100FFB18679AE
:10BA6000047108480698480500C3141F00A000C2CE
:10BA700074C000B82414481300BC48120C4B1C4A74
:10BA80002414481300BC4812384B584A2414481355
:10BA900001BC48124ABA447A427A4BBA447A427A92
:10BAA000FFB086780472617A4CBA647A657A3DBADE
:10BAB000607A4DB942B83FBB5B7966796179020C17
:10BAC0006479050C63796079050C627965795A7936
:10BAD00000C2340102B8241305B8196031400812BD
:10BAE00042B86A78020C4A78020C40BCFFB208DA0D
:10BAF00006714ABA06704BBA627A657A677A667AD4
:10BB00006A79667B0298F20A00C3141F00A000C283
:10BB100074C000B8241448130C4B1C4A2414481356
:10BB20003FBC48121C4A00BC4812384B444A2414FB
:10BB3000481301BC48124ABA647A627A4BBA647AF2
:10BB4000627AFFB3867B0472617A4CBA647A657A52
:10BB50003DBA607A01D94E71647800C1708001B835
:10BB600000C08000080008110698E80B42B8617810
:10BB70004DB97F797E796A7868786278020C7B7932
:10BB80000F0C7A79140C7479417860787579050C0A
:10BB9000FFB208DA06714AB804704BB8657801BC88
:10BBA0001664407002D93C710698E80B42B84DB952
:10BBB0006878407841787F797E797B790F0C7A7943
:10BBC000140CFFB208DA087171794ABA06707079FC
:10BBD0004BBA7279657A6A78020C4A78050C01BC16
:10BBE0001664020C417940790C0C00C04C0102B87B
:10BBF00048100698FA0400C4784000B8007C00C0E1
:10BC00008C1E00A0041180D93271911104D92C72BC
:10BC10007F201D200411FD310DDD207200C0448005
:10BC200001B80411E521147600C0244001B80411C4
:10BC30008A790871207C104C207C2AB862785114D3
:10BC400000C0581F00A00410012C17B00111876814
:10BC5000015841280E7605218769415C412D112D3F
:10BC6000067006989A0400C0541F00A017B118105F
:10BC700042B84DBB7C7B6478020C29B868785114BB
:10BC80004044067506989A0442B844782AB8427827
:10BC9000FFB101D90C7100C1548001B8CBB80811B3
:10BCA00000C04C1F00A017B11810911004D81471D7
:10BCB00000C08C1E00A0041080D8067107B853780D
:10BCC00000F807B800C1B41E00A000C220C001B82F
:10BCD00024122811777800F8B110947838710698FA
:10BCE0009802E4B911591128067600B80C70A0B971
:10BCF000115901290475A0B8826000C3C01F00A0BB
:10BD00003413012B341000C3FFFF00FF42B131395F
:10BD1000114042A800A01DB09178FA7142B8647831
:10BD2000020C00BA29AA00C4548001B842B84DB927
:10BD300000C3C04001B83413977B047240EC020C7E
:10BD400044785C7953AA0A0C281442B84DB9FFB361
:10BD500001DB2671244C00C3FF0FFF013814547916
:10BD6000407841785579020C5B795A79140C5F79E7
:10BD70005E794A784278347002DB147152795179D5
:10BD80005079020C5B795A795F795E791E7004DB19
:10BD90001A7100C4FF07000000C3342102B8481321
:10BDA0003FBB467B020C5B795A793DBB407B4CBB69
:10BDB000447B457B00C3181F00A03414403C207115
:10BDC00000C068C000B8481028130C4B1C4834143D
:10BDD00048102813344B44483414481028134AAAF6
:10BDE0004BAA04B86D781DB851785CB84B784E7882
:10BDF00000A000C074C000B80411108800B9181069
:10BE000068480411108801B90B6118102C480411FE
:10BE10001088008800C1231C000018104AB86478FC
:10BE20004BB86478260C28B000C1FFFF0FF0113822
:10BE300071B90B61114028A828B97379747900C2CF
:10BE40001010303045AA54790E0C00C0E84001B8FB
:10BE5000041100C23030101045AA0E0C04100088E6
:10BE600010880698C40D0091009020888F618F6023
:10BE70000698C40D0090886A21400112906A035808
:10BE800000C13F3F00001138FFBC02244128113897
:10BE9000014245AA28B953794AB844784BB8447846
:10BEA00000900091181000912C48181000916848DB
:10BEB000181000A09168436091694361115B012BE8
:10BEC000112841603128315B00BA302806763128CC
:10BED000204A4163302806763128104A41633028D1
:10BEE00006763128084A4163302806763128044A0C
:10BEF0004163302806763128024A416330280476AF
:10BF0000014A00A0115910D906710860086008D9CB
:10BF10000471086004D90471046002D904710260DC
:10BF200001D90471016000A000BA01D8067101486E
:10BF3000112A1F61016001D8F6720138F67200A063
:10BF400000C220C001B82412115921291273002106
:10BF50000E7100C238C001B824120121212900A0AD
:10BF600002B020D8147100C0981E00A0041002B9BD
:10BF700045790698CC13EA7003B09F78087200B830
:10BF800006A800F806986C0700C5641F00A050883A
:10BF9000044D1CBC00C09C1E00A0811101D91E7163
:10BFA000407C009501153C4D5088044DFFBB186343
:10BFB000315B04110698500E3129F8750698CE1A97
:10BFC00054150698F81B01D9087206988607067062
:10BFD00006982C081CBB547B0698A81701D806723B
:10BFE00002987C0FFFB901211038F67281129B7AFA
:10BFF000F07100C2448001B8241400C0A81E00A043
:10C00000041001130020041040500C7200B906986F
:10C010008A0F18B90A7018B906988A0F00B900B8C3
:10C020000698800F704A08B80698800F00C2284012
:10C0300000B814B80698800F00C2EC4001B80CB8E4
:10C040000698800F202210B80698800F108830883C
:10C05000069886070093009106988A0F00C0AC1ED0
:10C0600000A00412FFB9012121411810009500F829
:10C07000312811280410081200A004B83128112812
:10C08000F8B1181000A00698C2080E700698260C89
:10C090000698C2080698C812069836079112211908
:10C0A00000C02C4001B80A78097800F810B901BA2C
:10C0B00006985A14069880110698BE1700C5641F8A
:10C0C00000A081109D78FC7200F8911203321CB917
:10C0D00000C38C1E00A0341300C4B04000541DB82F
:10C0E0004278707903DE067144783E707179A11050
:10C0F00020D80A71069886070298B21080DB1C715E
:10C1000002D8187205B80814A1101030024808149B
:10C1100000B808149110086008141DB86278A110C6
:10C1200000DC0676517900BA911120311D61911021
:10C1300004D80E7200C1381F00A0141101D90A7171
:10C1400020880698A611009200C1204000B801DBAB
:10C150001871084C03DE0471904C441400C3FF1F97
:10C160000000413BFF233811944900C3384101B816
:10C170003413086380DB0C7103BA186206989A10B6
:10C180000870186206989A100C49087909791410F9
:10C190002140081100A000BD0698720210B903DC0E
:10C1A000047100B901BA06985A1402D90671004008
:10C1B0004E7203B118610F310698CE11FFD8287264
:10C1C000811008D8187106DD0A710698720203DC26
:10C1D0000C72069812120698A0140C7006DD1071ED
:10C1E00006981812487020B804A806DD1072069848
:10C1F000C2080698360701F840B804A800F800C045
:10C200008C1E00A00413086301DB22719110011140
:10C21000186111381DB910D8087144790298B2100C
:10C2200002DBFA72A11328DBF47203BD06987411C5
:10C230000698C20800C5681F00A00698720200BADE
:10C2400003DC1672044DA11002D804711C4D00C10C
:10C250000CC101B80698B6045415212D069858054E
:10C260000298EC089110015503355150011900A0B6
:10C2700000C1341F00A0141001D8427101480860A9
:10C28000FE200E75811020D8087100C1381F00A053
:10C29000141101D9287100C02C4001B80412215199
:10C2A00008610F3118611152281000C0084001B810
:10C2B00004119112215120311152211900A0811332
:10C2C00080DB067201B800A000C314C001B83410AE
:10C2D00006302E726C4B34121C4B34101860023036
:10C2E0002072811080D8DE713410014A0862046027
:10C2F000803021508C480A717F234D233410013047
:10C3000000A000BD069874111CB8477845784378A2
:10C3100002B8447800A00698C2080698121200C518
:10C32000741F00A05415069858050298EC08B11324
:10C330008F7B0A7200C384C40350017B0698941457
:10C3400000C1384101B814118F790E7100C1B84095
:10C3500000B800BA06989A1050BA06986414069865
:10C36000CE11FFD84A71911004D84872811008602C
:10C370001CD8407220D938721112FF322151347109
:10C3800080218021111400C0C01E00A00413FFBA38
:10C390003151113A215111531DB938107B79404464
:10C3A0000E7200B900C2941E00A01812067004B8E4
:10C3B000607806988E1400F800B900C2A4400054BA
:10C3C0001812644A0AB918121CBA507A517A1DB967
:10C3D00042795F7900A00698720207DC1072911012
:10C3E00000200A750698C8120298C80F06983607EA
:10C3F00001B9911004D8047100B910BA06985A1402
:10C4000000BA0040347100C08C1E00A00411086105
:10C4100001D9127104D9E2728110086001D8DA7171
:10C420001DB8647800C11CC101B80698B60401B8F3
:10C430001160002A047600BA0698C81200C5781F59
:10C4400000A05415212D0698860700C57C1F00A06A
:10C4500000F800BC811108D9167280D9207201B988
:10C4600010BA06985A1400400E7101BC107006985C
:10C4700012120698A01420B804A800F80698C81252
:10C4800081110231127100B900C214400054181217
:10C49000244A02B918120698121200C5801F00A083
:10C4A00054150698561B0298EC08041101211471CA
:10C4B0001CBA737A042004122811042004110121EB
:10C4C000F47200A00698FA0401F80698A81701D89B
:10C4D0001671FFB9012110380E7281109B78087116
:10C4E00004B9677900F8911010D8287100C51CC1F3
:10C4F00001B854110698500E00C5B01E00A0541586
:10C500005129EA7507B876781DB8447801B804A8AF
:10C5100000F8B110186010D82E7100C050400054BF
:10C5200000C3084000B83114984C4411341108611C
:10C5300001D9FA71441228100862281008622810E4
:10C5400008622810E8700298AC0206988E02113832
:10C5500004721E6202BB00C1C01E00A0141120396B
:10C560000C72911210DA0672417B00A006989414A6
:10C5700000C28C1E00A0241220DA0472617B1CBA57
:10C58000527A00A01CBA727A811204DAFC7200A0FE
:10C590001CB86B7800C0684000B82F7800A00698DF
:10C5A000BA110698A81701D83A7100C22C4001B8F8
:10C5B00024100360911120310151383111501D6058
:10C5C00008121DB9537900C2448001B8241200C07A
:10C5D000A81E00A004101820002004102050047190
:10C5E000737910631EB9637900B902EC00CD11456F
:10C5F00002EC00CC01DB087100BB02982C1903B8D7
:10C6000041110731FA211C760621911210DA0871C6
:10C6100002DD10721E7020B80698140E30381472A5
:10C6200008B80698860400C02C4000B82978207805
:10C6300000F8056020D806710298661602EC00CA60
:10C6400005B823DA187104DBDA7120DAD67110DA52
:10C65000D2721EB8617800B801DA067202EC00C826
:10C66000911110D9267100C1A01E00A01411115003
:10C67000FF300C720761A110115002300A7180DB8B
:10C680000A720AB89E701DB97C7918609111114028
:10C690002111C031114001191EB8411108D904718E
:10C6A000667820D904726578A11002D80672C0DAC3
:10C6B0001E711EB8273123DD087210DB10726078FE
:10C6C00025DD0A7121DD087208DB0471627803B888
:10C6D000411107310872A1152035AA7102DD2072BF
:10C6E000A11120D9A07102D91672CCDA9872411129
:10C6F00040D9927206B8054D5A7202980815211158
:10C700004049C0D94C71A0314115403502655141B5
:10C710000461086308DA1E7204DA36721049A11542
:10C720000235067110DB0E7201340A7108DB2271CA
:10C730001EB86778CC3211101A300ADC0872CCDED1
:10C740000471FD3100C00D0F0C0D216001D85C7229
:10C7500007B80298321500BA411108D90C7102ECE1
:10C7600000CA05B830DAEC720734F031036101DA3F
:10C770000471014900C0F300A3E3216001D8D27124
:10C7800000C09814406821604030014440DA0471D0
:10C79000204C04320262204A111006301F60014210
:10C7A00018311D61114202985015204A00C005172A
:10C7B00008502160113001422088FFBB0DDA507112
:10C7C00000C1DE1B250180BC04DA107208DA0A728F
:10C7D00000C120841000E024A024086341430264C7
:10C7E00001DA06711E49024B00C0081F00A0086351
:10C7F0003810BC2002DA127101B91159A11380DB83
:10C80000087100C100FCFF0118100298B81800C49C
:10C810008C1E00A0441080D87C710092D0DA067182
:10C820000DDA0C711EBD437DEFBD06981003046246
:10C830000DDA8672A11105D95C7100C24040005426
:10C8400024121024281401D9067202D9327140D959
:10C850001E7102EC00CA211018320471FA2220D88D
:10C8600004720822FE22087502EC00C8F87001D993
:10C870000E7102EC00C802D9067204DC187200C006
:10C880008C1E00A004101D6001D806711EB86478CB
:10C8900007B8737802982C1900C08C1E00A00410F1
:10C8A00080300A7100C0AC1E00A0041000A00698E1
:10C8B000A81701D82E71911010D828728110A0D815
:10C8C000227203B084781C7200C12C4001B814108D
:10C8D0000DBA487A697A6B7A08111CB87B7807B868
:10C8E000757800A0641000C6881F00A0C3B8069821
:10C8F000780200C42C1F00A014BA281400B8011A32
:10C90000B1108F780A7200C084C40350017891106E
:10C910001030011905BA0698641402D9067101B8DD
:10C9200004A800C08C1E00A0041380DB06710298CE
:10C93000AE141DBA7C7A01DB6A7100C20C1F00A024
:10C9400024111114FF3402EC00C8FF24FA760861A8
:10C950000698240E046111380F300461111401117E
:10C9600041100698240E01D8087203B802983215B7
:10C970001C4A01DB227124101128112804120230F4
:10C980000471106200C0FFFF0000213800C2204087
:10C9900000B8FF200812411008600698240E01D844
:10C9A0007C7120BC1033767100BB00C1081F00A051
:10C9B0001415C021112C511218620F320E714088CB
:10C9C00051140698541941430094511208651C6291
:10C9D0000F320E7141115114069854191C644143D1
:10C9E0000865513B00C1C41E00A014111112311082
:10C9F0000F30127100BA056101D804711142016053
:10CA00000FD8F472311003601E30047201B8003A7E
:10CA1000087204B80298321502981E1700C03841F7
:10CA200001B804118F7914717F2069200411086105
:10CA3000303110DD06711DBA637A0698BA11069876
:10CA40000E0300F830885088FF34087102ECFF2490
:10CA5000F87002EC00CD1410595001440421FF225B
:10CA6000F2720F4C0095009300A000C1901E00A030
:10CA7000141100A030880698A81B8111086102D902
:10CA8000067202986C1A1CBB557B086120D906718E
:10CA900002985C1A0088A110186006987A1908217B
:10CAA0001415FC251EBB5C7B5D7B00C1084001B8F2
:10CAB00014110731FE21307608D82A725113FC2355
:10CAC000341304DB20711863FF33315B00C110C0E5
:10CAD00000B81411086180490C71FF31302960756C
:10CAE0001EBB7B7B1C707B7B7C7B00DD04717D7BB4
:10CAF00001BB3815811318634033067107BB717B86
:10CB0000EC25541300DF5471042505DF54715415CE
:10CB1000211120880698500E009251293E7500C1BF
:10CB2000084001B8141102DB0C710731315B312967
:10CB30002A760C7004DF0872016180D91E72069893
:10CB40007A1900C010C000B80698EC1B06987A1934
:10CB50001411FFD960720298B21A0090009300A0DD
:10CB60005415A111186110D9A672082508D8A07112
:10CB7000082510D89A71208821110698500EFC259E
:10CB80005412112AF82554110C2520D80871F025CB
:10CB90005411102520290476215918150092029865
:10CBA0001E1A07B97179811010D80A711CB844781F
:10CBB00002B841781CB9747904B9677900F881101A
:10CBC000A0D808711CB9497900A0086002D8FA7190
:10CBD00006987A19108806989414106210DA087171
:10CBE00008211415F025541100C20020FEFF202951
:10CBF00012750698F81B01D90A720698C2080698A1
:10CC0000360700941CBB41100C200698BA13411142
:10CC1000082114100698BA13312844111112086122
:10CC2000FF31FF32012210521072186118140424CF
:10CC30004413042438140C7018612141181408247A
:10CC4000081402988E144044147100C1941E00A070
:10CC5000141551131C630FDB0C72196506980A0535
:10CC6000411500A000C3784000B83413807B0672E1
:10CC7000069836070698941408BB51140698161B9C
:10CC80004415FC25541500C3784000B83413807B4C
:10CC9000047100A0029858051CB900C38C1E00A0A6
:10CCA0003413086308DB1A718113A0DB067149791C
:10CCB00010706979086302DB087204B9677900F8BB
:10CCC00000A08111086102D910711CB9757906980C
:10CCD0007A191411FF3100A0FFB900A00410082137
:10CCE0001411F421081100A08111106110310E718E
:10CCF00006987A1908211411F821141100A00000D7
:10CD000058CF03000000000030CD030001000000F8
:10CD10000000000000F0490258CF030000000000AE
:10CD200054CD0300010000000000000000F04902A3
:10CD300078CD03004063598F404B4C000B000B0033
:10CD40001A00FF7FD844002000000000000000000F
:10CD50000000000068CE03004063598F404B4C0038
:10CD60000B000B001A00FF7FD844002000000000D9
:10CD70000000000000000000FC1F010358D1030068
:10CD80001CC0011000F807001CC00130140208008C
:10CD900050C00100874130042440060107006200B2
:10CDA0003870000000000000000000030068010F60
:10CDB00040B8244058400101FC0069008040050152
:10CDC0002363E0119BC34A74F0030000038000005A
:10CDD000BE0A0000E040010133000000F040040101
:10CDE000590B0000640483078813C83A90200A0096
:10CDF00028410101001E00003C410B0100148C0081
:10CE0000141A21282E343B42495043557698BA0CC7
:10CE100028690000010000000721286414171A0087
:10CE20002004C869A1203A093C4201012900000000
:10CE3000A080020170780300D5C00000A880011115
:10CE4000F0010000A88001310542CB01AC80011146
:10CE5000F0010000AC80013105228D00B08001019D
:10CE600000030002FFFFFFFFFC1F0103A8D1030026
:10CE70001CC0011000F807001CC00130F5020800BA
:10CE800050C001008741300C2440060107C0520009
:10CE9000000000000000000000000003000000008F
:10CEA00000000000584001016402FF0080400501BD
:10CEB0004B01A0089BC34A74F0030000000000006F
:10CEC00000000000E040010133000000F0400401D8
:10CED00000000000640483078813C83A9C200A00FD
:10CEE00028410101031000003C410B01000000003B
:10CEF0000000000000000000000000000000000032
:10CF00000000000001000000000000000000000020
:10CF100000000000000000003C4201010000000091
:10CF2000A080020170780300D5C00000A880011124
:10CF3000F0010000A88001310542CB01AC80011155
:10CF4000F0010000AC80013105228D00B0800101AC
:10CF500000030002FFFFFFFF0C40020001801400ED
:10CF60007F400000204002000000000000000000A0
:10CF7000304007000000000000000000000000003A
:10CF8000000000000000000000000000A0070000FA
:10CF900050400100000000005C4002000000000062
:10CFA00000000000A840010007000000B440040099
:10CFB00000400000FF4C000000410000FF4D000059
:10CFC00008C001000000000020C00110FF000000A8
:10CFD00020C001300043000024C00400EC80B303F3
:10CFE0004375A802000000002E02000054C0030098
:10CFF0000E2D09E654060708D1B6020064C00800E9
:10D000000430000040201006C8F248181FE8F6005F
:10D01000BD4B721511A3180510325476980A000002
:10D0200088C00100000000000800010104070000A2
:10D030001800010100000000200001010884000028
:10D040001C4002011000000020F913045C4005019F
:10D050004108000001000000B0070800A700000020
:10D0600000000000944007010101103050707F7FE4
:10D0700000000000000000000000000000000000B0
:10D0800000000000E440010100000000EC4001014C
:10D090007DA8D98B0041020100612000B7563512EE
:10D0A0000C410301F95412002030042988BB4000D0
:10D0B0002441010100000000304103016406660CB8
:10D0C0000C010000E853FA0068410301640483077F
:10D0D00088138200000000003042030100000000BD
:10D0E0000000000E000000004442010100000000AA
:10D0F0001080010103000000388002011149100076
:10D100000100000088800101000000009C800101F6
:10D11000EB400200B48001013700000188000202E8
:10D12000000C00044C000000940001020004000008
:10D13000D00002020E00000090029608E4000102F6
:10D140003D094204F4000102000000001801010240
:10D1500060005102FFFFFFFF1000000066666600DE
:10D160000000000004D20300F8D10300000000001A
:10D17000001A9A00005A620280841E000420FE00F9
:10D1800011495002000000000000000000000000F3
:10D190000000000000000000B0841E00000000003D
:10D1A000000000000000000010000000666666003D
:10D1B0000000000004D20300F8D10300000C0000BE
:10D1C000001A9A00005A620280841E0004200000A7
:10D1D00011495002000000000000000000000000A3
:10D1E0000000000000000000B0841E0000000000ED
:10D1F0000000000000000000E1190000E11900003B
:10D2000000000000193F01060410010000010106A2
:10D2100000102700000900000000000000000000CE
:10D22000490E0100F90D0100050E0100F10E01008B
:10D2300053460300754C0300794C0300854C0300F2
:10D240007D4C0300814C0300FFFFFFFFFFFFFFFF4A
:10D25000000002010A000080BB490020B449002000
:10D26000A9490020B7490020B9490020B849002049
:10D27000B64900209A490020673E0020A2490020BC
:10D28000A0490020A8490020903D0020E549002049
:10D290009F4900208D3D00208A3D0020FA49002052
:10D2A000B3490020DE3E0020E249002011020306BF
:10D2B00007082B2C1910131C1D20222A2E3334355D
:10D2C00037FF80556E737570706F7274656420637C
:10D2D0006F6D6D616E64204944202578007776007B
:10D2E0007576007575007775007775620075770043
:10D2F0007575620075627570000000000110000015
:10D3000018AD03000210000016AD03000302000078
:10D3100014AD03000510000002AD03000708000073
:10D320000CAD0300000200001AAD0300040200006F
:10D3300012AD0300095C000008AD03000A140000F0
:10D3400004AD03000D0200000AAD03000C0800004C
:10D350001CAD03006C6F7765722D6D61632D72617A
:10D36000696C2D3830322E31352E342E63006C69C5
:10D37000627261696C2E610000010304756E636C5A
:10D3800061696D6564006275666665722D6D616EBA
:10D390006167656D656E742E63006C6567616379A6
:10D3A0002D7061636B65742D6275666665722E63A0
:10D3B000006576656E742D71756575652E63000068
:10D3C0000700100008001A000600110002001100FA
:10D3D0000400040001000400090008000A000A001B
:10D3E0000B00020000000000EBD5030091D5030004
:10D3F00000000000ECD5030083AF03000000000034
:10D40000BCAE0300BEAE030000000000C0AE0300CF
:10D4100069D5030001D6030056D60300BDAE030054
:10D4200000000000C1AE0300C2D20300BBAE030087
:10D4300035D60300BFAE0300BAAE030002030405F5
:10D4400008090A0B0001020304051D2087000800DB
:10D450000000AA00FFFFFFFFFFFFFFFFFFFF7A6949
:10D46000676265652D737461636B2E630000000055
:10D47000219C0200D9AC0100CDE70100F5D30200E8
:10D48000D9EA0100116A0300136A0300156A030058
:10D49000176A030021650200713A02003D82020012
:10D4A000FDCD020069D301000F6A0300293F02008D
:10D4B00049BB020049C20100CD610100E5F2020052
:10D4C00029CA01000B250300000000007A69676289
:10D4D00065652D75707065722D6D61632E63006ECC
:10D4E00065696768626F722E63006173736F636949
:10D4F0006174696F6E2E6300003F1B901B194A9385
:10D500000000130000000000000000000000000008
:10D5100001000000FD42020002000000617E0300E5
:10D52000030000005942020004000000DD7D0300FA
:10D5300005000000F94102000000000000000000AA
:10D540000023001B2200FF00000000000C09020263
:10D55000000000001C1A0B0303FF0608040202026D
:10D5600004020A0B030302030480FF0204FF01010B
:10D570000101080000000000000000313832317362
:10D58000005A6967426565416C6C69616E6365301C
:10D59000398031343232310031323100327300316E
:10D5A00032323131320032383100383131003138E5
:10D5B0003231310031323131313231323232317344
:10D5C000003132313132323100323238000000184D
:10D5D0003810300000000000008F8E8C80726F7554
:10D5E00074652D7461626C652E630081815A696770
:10D5F000426565416C6C69616E6365303906080C83
:10D6000010806D61632D6D756C74692D6E65747716
:10D610006F726B2E630031313131313100636869D3
:10D620006C642D68616E646C696E672D7232322E87
:10D630006300000000806D61632D696E666F2D656B
:10D640006C656D656E742D70617273696E672E63A3
:10D650000038343132008000000000000000003249
:10D6600031323231313134003131313234383131CB
:10D6700032323131003831323231313100383147D4
:10D680000031323232323232323200383200383106
:10D6900031320038313132320010270F51421B39FC
:10D6A0000F390F1C06000A0026002A00008050686F
:10D6B0004C6900000000434C534E00000000000085
:08D6C000C074FC7F01000000B2
:0CD6C800D4D603000044002072040000CF
:10D6D400644400200C44002080440020A016002054
:10D6E4004C9B030002000000B14C0000A016002077
:10D6F400F2000000354D0000C0EA2101C0EA21011A
:10D704000080000000F04902FFFFFFFF40440020BA
:10D71400006007000080000068180020C8000000B6
:10D72400FE00000000000000C49B030098100020CD
:10D73400FFFFFFFF801F0020149D03000400000072
:10D74400AD7B0000801F002002000000E3190300ED
:10D75400981F00202A9D030003000000D9800000C8
:10D7640080A7030033000000EDCD00000F0000008F
:10D774003343030018B00300FFFFFFFFA745030076
:10D78400A3450300FFFFFFFFAB45030020C001B822
:10D79400FFFFFFFF29380100FFFFFFFFFFFFFFFF2F
:10D7A400FFFFFFFFFFFFFFFFFFFFFFFFFFFFFFFF85
:10D7B4006C3000208D5F01000000000020A10300F8
:10D7C4000000000000000000000000000000000055
:10D7D4006C3000206D5F01000000000020A10300F8
:10D7E4000000000000000000000000000000000035
:10D7F4006C300020F17401000000000020A103003F
:10D804000000000000000000000000000000000014
:10D81400D04500200000000000000000B0450020BA
:10D8240000000000000000009045002000000000FF
:10D83400000000007045002000000000000000000F
:10D844006C3000205D5B03000000000020A1030099
:10D8540000000000000000000000000000000000C4
:10D864006C300020575B03000000000020A103007F
:10D8740000000000000000000000000000000000A4
:10D884006C300020515B03000000000020A1030065
:10D894000000000000000000000000000000000084
:10D8A4006C3000204B5B03000000000020A103004B
:10D8B4000000000000000000000000000000000064
:10D8C4002046002000000000004600200000000068
:10D8D4006C300020D95B03000000000020A103008D
:10D8E4000000000000000000000000000000000034
:10D8F4006C300020D35B03000000000020A1030073
:10D904000000000000000000000000000000000013
:10D914006400000020A10700000000001D9D01001C
:10D9240000000000C53E0020000000006C30002014
:10D93400FD9A0100F5BF010020A1030000000000D2
:10D944000000000000000000000000006C30002017
:10D95400C5A801000000000020A103000000000091
:10D964000000000000000000000000006C300020F7
:10D9740055B40100F5BF010020A103000000000020
:10D984000000000000000000000000007CD3030041
:10D994006C30002089C601000000000020A10300B3
:10D9A4000000000000000000000000000000000073
:10D9B4006C30002065E001000000000020A103009D
:10D9C4000000000000000000000000000000000053
:10D9D4006C30002075E601000000000020A1030067
:10D9E4000000000000000000000000000000000033
:10D9F4006C30002039FC01000000000020A103006D
:10DA04000000000000000000000000000000000012
:10DA1400B80B00006C30002025020200000000005A
:10DA240020A103000000000000000000000000002E
:10DA3400000000006C3000207D0D0200000000009A
:10DA440020A103000000000000000000000000000E
:10DA5400000000006C300020450F020000000000B0
:10DA640020A10300000000000000000000000000EE
:10DA7400000000006C3000200511020000000000CE
:10DA840020A10300000000000000000000000000CE
:10DA9400000000006C300020FD15020000000000B2
:10DAA40020A10300000000000000000000000000AE
:10DAB400000000006C300020591C0200000000002F
:10DAC40020A103000000000000000000000000008E
:10DAD400000000006C3000204F82030000000000B2
:10DAE40020A103000000000000000000000000006E
:10DAF400000000006C300020ED81020000000000F6
:10DB040020A103000000000000000000000000004D
:10DB1400000000006C300020459B02000000000063
:10DB240020A103000000000000000000000000002D
:10DB3400000000001B8F03006C30002065CE020043
:10DB4400F5BF010020A10300000000000000000058
:10DB540000000000000000006C300020C5D402006A
:10DB64000000000020A103000000000000000000ED
:10DB740000000000000000006C300020D9DA020030
:10DB84000000000020A103000000000000000000CD
:10DB940000000000000000006C3000209DE802003E
:10DBA4000000000020A103000000000000000000AD
:10DBB40000000000000000006C3000203DEC02007A
:10DBC4000000000020A1030000000000000000008D
:10DBD40000000000000000000C49002000000000CC
:10DBE4005C310020C43100202C32002000000000F1
:10DBF4000000000000000000000000000000000021
:10DC04000000000000000000000000000000000010
:10DC14000000000000000000000000000000000000
:10DC24000000000000000000FFFF0200CEFAEFBE7B
:10DC34002C01B80B2C0140061027FFFF04F8FFFF4E
:10DC44000C0000000000010000004000FDFF2C015A
:10DC54009C000000FFFFFDFFFFFFFFFF60EA800064
:10DC6400800010C1CDABFFFF01010F01D80F0102ED
:10DC740008031E200516010C01320C0805200707B5
:10DC8400050705101A01C808081001200101040144
:10DC9400030101FF0C01FF405AB4103020407F0102
:10DCA40050403000FFFFFF0B03FF64FF01FF050B33
:10DCB4000101FF03010305020201FFFFFFFFFFFF54
:10DCC400FFFF010102FFFFFF40FF01018001FF018F
:10DCD400FF0000005D4B0000354B00000000000019
:10DCE4000000000000000000000000000000000030
:10DCF4000000000000000000000000000000000020
:10DD0400000000000000000000000000000000000F
:10DD140000000000000000000000000000000000FF
:10DD240000000000000000000000000000000000EF
:10DD340000000000000000000000000000000000DF
:10DD440000000000000000000000000000000000CF
:10DD540000000000000000000000000000000000BF
:10DD640000000000000000000000000000000000AF
:10DD7400000000000000000000000000000000009F
:10DD8400000000000000000000000000000000008F
:10DD9400000000000000000000000000000000007F
:10DDA400000000000000000000000000000000006F
:10DDB400000000000000000000000000000000005F
:10DDC400000000000000000000000000000000004F
:10DDD400000000000000000000000000000000003F
:10DDE400000000000000000000000000000000002F
:10DDF400000000000000000000000000000000001F
:10DE0400000000000000000000000000000000000E
:10DE140000000000000000000000000000000000FE
:10DE240000000000000000000000000000000000EE
:10DE340000000000000000000000000000000000DE
:10DE440000000000000000000000000000000000CE
:10DE540000000000000000000000000000000000BE
:10DE640000000000000000000000000000000000AE
:10DE7400000000000000000000000000000000009E
:10DE8400000000000000000000000000000000008E
:10DE9400000000000000000000000000000000007E
:10DEA400000000000000000000000000000000006E
:10DEB400000000000000000000000000000000005E
:10DEC400000000000000000000000000000000004E
:10DED400000000000000000000000000000000003E
:10DEE400000000000000000000000000000000002E
:10DEF400000000000000000000000000000000001E
:10DF0400000000000000000000000000000000000D
:10DF140000000000000000000000000000000000FD
:10DF240000000000000000000000000000000000ED
:10DF340000000000000000000000000000000000DD
:10DF440000000000000000000000000000000000CD
:10DF540000000000000000000000000000000000BD
:10DF640000000000000000000000000000000000AD
:10DF7400000000000000000000000000000000009D
:10DF8400000000000000000000000000000000008D
:10DF9400000000000000000000000000000000007D
:10DFA400000000000000000000000000000000006D
:10DFB400000000000000000000000000000000005D
:10DFC400000000000000000000000000000000004D
:10DFD400000000000000000000000000000000003D
:10DFE400000000000000000000000000000000002D
:10DFF400000000000000000000000000000000001D
:10E00400000000000000000000000000000000000C
:10E0140000000000000000000000000000000000FC
:10E0240000000000000000000000000000000000EC
:10E0340000000000000000000000000000000000DC
:10E0440000000000000000000000000000000000CC
:10E0540000000000000000000000000000000000BC
:10E0640000000000000000000000000000000000AC
:10E07400000000000000000000000000000000009C
:10E08400000000000000000000000000000000008C
:10E09400000000000000000000000000000000007C
:10E0A400000000000000000000000000000000006C
:10E0B400000000000000000000000000000000005C
:10E0C400000000000000000000000000000000004C
:10E0D400000000000000000000000000000000003C
:10E0E400000000000000000000000000000000002C
:10E0F400000000000000000000000000000000001C
:10E10400000000000000000000000000000000000B
:10E1140000000000000000000000000000000000FB
:10E1240000000000000000000000000000000000EB
:10E1340000000000000000000000000000000000DB
:10E1440000000000000000000000000000000000CB
:10E1540000000000000000000000000000000000BB
:10E1640000000000000000000000000000000000AB
:10E17400000000000000000000000000000000009B
:10E18400000000000000000000000000000000008B
:10E19400000000000000000000000000000000007B
:10E1A400000000000000000000000000000000006B
:10E1B400000000000000000000000000000000005B
:10E1C400000000000000000000000000000000004B
:10E1D400000000000000000000000000000000003B
:10E1E400000000000000000000000000000000002B
:10E1F400000000000000000000000000000000001B
:10E20400000000000000000000000000000000000A
:10E2140000000000000000000000000000000000FA
:10E2240000000000000000000000000000000000EA
:10E2340000000000000000000000000000000000DA
:10E2440000000000000000000000000000000000CA
:10E2540000000000000000000000000000000000BA
:10E2640000000000000000000000000000000000AA
:10E27400000000000000000000000000000000009A
:10E28400000000000000000000000000000000008A
:10E29400000000000000000000000000000000007A
:10E2A400000000000000000000000000000000006A
:10E2B400000000000000000000000000000000005A
:10E2C400000000000000000000000000000000004A
:10E2D400000000000000000000000000000000003A
:10E2E400000000000000000000000000000000002A
:10E2F400000000000000000000000000000000001A
:10E304000000000000000000000000000000000009
:10E3140000000000000000000000000000000000F9
:10E3240000000000000000000000000000000000E9
:10E3340000000000000000000000000000000000D9
:10E3440000000000000000000000000000000000C9
:10E3540000000000000000000000000000000000B9
:10E3640000000000000000000000000000000000A9
:10E374000000000000000000000000000000000099
:10E384000000000000000000000000000000000089
:10E394000000000000000000000000000000000079
:10E3A4000000000000000000000000000000000069
:10E3B4000000000000000000000000000000000059
:10E3C4000000000000000000000000000000000049
:10E3D4000000000000000000000000000000000039
:10E3E4000000000000000000000000000000000029
:10E3F4000000000000000000000000000000000019
:10E404000000000000000000000000000000000008
:10E4140000000000000000000000000000000000F8
:10E4240000000000000000000000000000000000E8
:10E4340000000000000000000000000000000000D8
:10E4440000000000000000000000000000000000C8
:10E4540000000000000000000000000000000000B8
:10E4640000000000000000000000000000000000A8
:10E474000000000000000000000000000000000098
:10E484000000000000000000000000000000000088
:10E494000000000000000000000000000000000078
:10E4A4000000000000000000000000000000000068
:10E4B4000000000000000000000000000000000058
:10E4C4000000000000000000000000000000000048
:10E4D4000000000000000000000000000000000038
:10E4E4000000000000000000000000000000000028
:10E4F4000000000000000000000000000000000018
:10E504000000000000000000000000000000000007
:10E5140000000000000000000000000000000000F7
:10E5240000000000000000000000000000000000E7
:10E5340000000000000000000000000000000000D7
:10E5440000000000000000000000000000000000C7
:10E5540000000000000000000000000000000000B7
:10E5640000000000000000000000000000000000A7
:10E574000000000000000000000000000000000097
:10E584000000000000000000000000000000000087
:10E594000000000000000000000000000000000077
:10E5A4000000000000000000000000000000000067
:10E5B4000000000000000000000000000000000057
:10E5C4000000000000000000000000000000000047
:10E5D4000000000000000000000000000000000037
:10E5E4000000000000000000000000000000000027
:10E5F4000000000000000000000000000000000017
:10E604000000000000000000000000000000000006
:10E6140000000000000000000000000000000000F6
:10E6240000000000000000000000000000000000E6
:10E6340000000000000000000000000000000000D6
:10E6440000000000000000000000000000000000C6
:10E6540000000000000000000000000000000000B6
:10E6640000000000000000000000000000000000A6
:10E674000000000000000000000000000000000096
:10E684000000000000000000000000000000000086
:10E694000000000000000000000000000000000076
:10E6A4000000000000000000000000000000000066
:10E6B4000000000000000000000000000000000056
:10E6C4000000000000000000000000000000000046
:10E6D4000000000000000000000000000000000036
:10E6E4000000000000000000000000000000000026
:10E6F4000000000000000000000000000000000016
:10E704000000000000000000000000000000000005
:10E7140000000000000000000000000000000000F5
:10E7240000000000000000000000000000000000E5
:10E7340000000000000000000000000000000000D5
:10E7440000000000000000000000000000000000C5
:10E7540000000000000000000000000000000000B5
:10E7640000000000000000000000000000000000A5
:10E774000000000000000000000000000000000095
:10E784000000000000000000000000000000000085
:10E794000000000000000000000000000000000075
:10E7A4000000000000000000000000000000000065
:10E7B4000000000000000000000000000000000055
:10E7C4000000000000000000000000000000000045
:10E7D4000000000000000000000000000000000035
:10E7E4000000000000000000000000000000000025
:10E7F4000000000000000000000000000000000015
:10E804000000000000000000000000000000000004
:10E8140000000000000000000000000000000000F4
:10E8240000000000000000000000000000000000E4
:10E8340000000000000000000000000000000000D4
:10E8440000000000000000000000000000000000C4
:10E8540000000000000000000000000000000000B4
:10E8640000000000000000000000000000000000A4
:10E874000000000000000000000000000000000094
:10E884000000000000000000000000000000000084
:08E8940000000000000000007C
:0400000300004E01AA
:00000001FF
