:10400000001000200D4E0000F98D0000FD8D000015
:1040100053120300018E0000098E000053120300AA
:1040200053120300531203005312030053120300F0
:104030000D8E0000309D0300531203005312030045
:10404000531203005312030053120300C152000025
:1040500053120300531203005312030053120300C0
:10406000531203005312030059B10000B94D000070
:1040700027100300531203005312030053120300CE
:104080005312030053120300531203005312030090
:1040900053120300AD5800005312030053120300E3
:1040A0005312030053120300531203005312030070
:1040B0005312030053120300531203003D5E01002C
:1040C000FD4D0300F94D0300D1550100094E0300D9
:1040D000014E0300015E0100054E0300FD42010098
:1040E0007D5E01005312030053120300198F00007C
:1040F00053120300071B0300531203005312030063
:10410000531203005312030053120300531203000F
:1041100053120300531203005312030053120300FF
:1041200053120300531203005312030053120300EF
:044130005312030023
:10413400F0B5114A114C124E00F00105E3695F0716
:1041440013D40DB9334213D103EA00078F4207D1C8
:104154000B4A1A40002A0CBF00206FF00100F0BD8A
:10416400013AEBD16FF00200F9E74FF0FF30F6E7C8
:104174006FF00100F3E700BF809698000000035041
:10418400020001000B4B70B5D96911F480310DD1D7
:1041940001244FF48072084E084DF46020462C64CC
:1041A4001A61FFF7C5FF3464EC6070BD6FF0010065
:1041B400FBE700BF00000350001003500020035031
:1041C40038B541F6713301220C4C0021E569E363F3
:1041D4000B4B05F48035DA600223606121202361F2
:1041E400FFF7A6FF10B92120FFF7A2FF0122054B1C
:1041F400DA600DB10023E36338BD00BF0000035053
:10420400001003500020035070B5134C6061E36943
:104214005B071ED40E4656F8043B8D18A361AE42CC
:104224000BD10423002121202361FFF781FF58B91A
:10423400BDE870402120FFF77BBF08210846FFF747
:1042440077FF10B10423236170BD56F8043BA361CA
:10425400E5E74FF0FF30F7E7000003502DE9F8439E
:10426400154641F67132164B8946DF69DA6301223D
:10427400064603F58053DFF8508007F48037DA6090
:1042840055B9284601220F4BDA601FB10022A3F56D
:104294000053DA63BDE8F88306F5005404EA080421
:1042A400A41BAC4228BF2C46494622463046FFF7A1
:1042B400ABFF0028E6D12644A1442D1BE0E700BF54
:0C42C400000003500020035000E0FFFF4A
:1042D0002DE9F04F93B0CDE90A32DDE91C530E937E
:1042E00053EC102BCDE90801104619468DED060B55
:1042F0001E9E2CF00DFC80B1DDE906014FF0FF326F
:10430000C54B2CF02DFC40B9DDE906014FF0FF3222
:104310006FF480132CF006FC70B1DDE908019DED0F
:10432000060B0E9B1E96CDE91C53DDE90A3213B035
:10433000BDE8F04F00F088B90022DDE90601002356
:104340002CF0F0FB002800F03381DDE906A303F137
:10435000004BCBF30A5016F48063A0F2FF3008BF85
:1043600006250F932CF002F99BA3D3E900232CF030
:1043700067F99BA3D3E900232BF0ACFFCBF3130425
:10438000894644F07F5180460022A44B504641F4B8
:1043900040112BF09DFF94A3D3E900232CF050F99A
:1043A00002460B46404649462BF094FF2CF0E2FBB8
:1043B00004462CF0DBF88EA3D3E90023804689461F
:1043C0002CF03EF90022964B2BF084FF2CF0D2FB10
:1043D00089A3D3E900230746494640462CF030F92B
:1043E0008046384689462CF0C1F885A3D3E90023DE
:1043F0002CF026F902460B46404649462BF068FF52
:1044000002460B46CDE90C232CF01AF9DDE90C230A
:1044100080468946104619462BF05CFF0022CDE904
:104420001001804B404649462CF034FA00227E4B66
:104430002BF050FF02460B46404649462CF02AFA24
:1044400000227A4B2BF046FF02460B464046494677
:104450002CF020FADDE90C238046894600204FF03D
:1044600080412BF035FF02460B46404649462BF073
:1044700031FF02460B46DDE910012CF00BFA07F282
:10448000FF3700226A4B2BF025FF00223B052CF062
:10449000D7F852465B46804689462CF061FB0028DF
:1044A00040F08980CDE90C8904F16303C72B34BF48
:1044B0000427052731051BD553A3D3E90023504614
:1044C00059462CF043FB00287FD051A3D3E90023A9
:1044D000504659462CF026FB002876D00027A542EE
:1044E000C6BF2C1B04F1FF3500253C4646F4806610
:1044F0000E9B9F422CBF4FF00008A3EB070816F05D
:10450000020903D0002F18BF4FF000083CB1DDE9CD
:104510000C23504659462CF0BDF982468B46DDE906
:104520000601002200232CF0FDFA10B10BF100432C
:104530009B46DDE9080126F40063CDE90183DDE94E
:104540000A324BEC10AB009500F07EF802465FB3E8
:10455000DDE9091316F0200F00F10105089E0CBFDC
:1045600065204520B047DDE90801052300220593B9
:104570000A23002CCDE9023207F1FF374FEAD4734A
:10458000B8BF64422A46019304970A9B00942FF017
:104590003EFA0246B9F1000F06D00B9BC41A0B9BE2
:1045A0001A190E9BA34245D8104613B0BDE8F08FF0
:1045B000DDE906ABCDE60022404649461A4B2CF019
:1045C00069F9013CCDE90C016EE7002D90D00F9BFD
:1045D000002B8DD0013D8BE7FB799F501344D33FD7
:1045E000B3C8608B288AC63F61436F63A787D23FF9
:1045F00071A379094F930A401655B5BBB16B0240C0
:10460000EF39FAFE422EE63F2D431CEBE2361A3F0D
:104610000000000080842E41FFFFEF7F0000F83F84
:104620000000E03F00002C40000024400000184043
:104630000000F03F2020DDE90913089DA847013460
:10464000ADE700BF000000002DE9F04F5BEC10ABC0
:1046500097B0CDE90501DDE92057CDE907235046A4
:1046600052465B465946229E2CF052FA70B90323FB
:10467000CDE902760193B04B0093DDE90501DDE958
:1046800007232FF0E4F817B0BDE8F08F4FF0FF32AA
:104690006FF48013504659462CF044FA28B1042395
:1046A000CDE902760193A54BE6E74FF0FF32504685
:1046B0005946A34B2CF054FA68B1A24A06F0040301
:1046C000002B08BF0322A04B1CBF13460422CDE9D8
:1046D00002760192D0E7504693A3D3E900235946CE
:1046E0002CF03EFA38B992A3D3E90023504659463C
:1046F0002CF018FA68B1DDE90723DDE905014BEC80
:1047000010ABCDE92176209517B0BDE8F04FFFF74B
:10471000DFBD00220023504659462CF003FA002842
:1047200000F09A805B465246002000212BF0D0FD1D
:10473000012382468B46099316F4806400F08E8034
:10474000092D40F28E80002430210EABA5F1090224
:104750000134202C03F8011BA5EB040901D094427D
:10476000F6D1594650462CF005FA784B054603EB36
:10477000C90393ED007B8DED0A7B2BF0F7FE02461B
:104780000B46504659462BF0A3FDDDE90A232BF0DA
:1047900057FF02460B46CDE90C232CF013FA804656
:1047A0002BF0D4FE02460B46DDE90C012BF090FD08
:1047B00002460B46CDE90C230022654B2CF0D0F9C4
:1047C000002851D008F1010840462BF0BFFE0246F8
:1047D0000B46DDE90A012CF0AFF910B14FF00008EB
:1047E0000135B9F1000F50D128462BF0BFFE02462B
:1047F0000B46504659462BF06BFD0022544B804629
:1048000089462CF08FF930B1002240464946504B82
:104810002CF0A6F910B1E80700D501350A210EAB3E
:104820001A19202C0AD095FBF1F001FB10553035F8
:1048300002F8015B013405460028F2D106F00302BC
:10484000012A57D1002F55D0099A12B916F00C0F32
:1048500000D0013F302245E009906DE74FF0060996
:104860007FE7A94600247CE70022DDE90C01384BF4
:104870002CF058F90028B4D1B8F1000F02D018F08C
:10488000010FAED008F10108ABE70A210EAB2344BB
:10489000202C0ED0B8FBF1F001FB1082B8F1090F0B
:1048A00002F1300209F1FF3904F1010403F8012B90
:1048B00011D83021A1440EAA202CAFD0A14504F17B
:1048C00001030AD11C4609F158030DEB03092E23FD
:1048D00009F8203CA2E78046DAE7A1541C46EBE742
:1048E0001A550134A74205D9202CF9D1CDE9027619
:1048F0000194C1E6202CF9D0099A3AB12D2104F196
:1049000058026A4402F8201C0134EFE7710704D50D
:1049100004F158022B216A44F4E73207E6D504F18A
:10492000580220216A44EDE70000000065CDCD412A
:104930000000000065CDCDC16DB2030071B203006F
:10494000FFFFEF7F64B2030069B2030078B2030097
:104950000000E03F0000000070B58EB02C22002166
:1049600003A835F08EF964234FF002320893CDE9A5
:1049700005230B2301218DF83430534B8DF8101093
:104980001B88D80700F19880084615F031F80A22F4
:104990004E4B4F491A704FF428734E48ADF8123001
:1049A00011F0E2FA4C4C206020B94FF416714B48DC
:1049B00004F01EF9052120682FF0B4FD20B14FF45A
:1049C0001A71464804F014F9206800F007FA444BC5
:1049D000206819682FF02CFE0C2515F027FF68437E
:1049E000099015F023FF68430DEB0501079020683F
:1049F0000BF034FD20B140F27D21384804F0F8F886
:104A0000256818F0C9FA0022014628462FF09AFEC0
:104A100020B140F27F21314804F0EAF840F203531C
:104A2000304D314E2B80052396F90000AB707F2866
:104A300001D115F041F93378EB7015F0F7FE00EB7A
:104A400080008000A88015F0F1FE0023C0004FF028
:104A5000FF31E880AB604FF0FF3019A3D3E90023AA
:104A600015F088F92149206830F075FA206802A90C
:104A70002FF047FE20B14FF42E71184804F0B8F81B
:104A8000042220680DEB02012FF0C0FD042804D0A1
:104A900040F2BB21114804F0ABF801A901202EF02F
:104AA000B6FE04F0EDF9012016F068F92CF060FD77
:104AB00016F09CF915F020F80EB070BDAFF3008031
:104AC0000A0020FF42030000664000206F430020E0
:104AD000199A01004C4A0020FC2F002024D6030024
:104AE00090480020F02F0020CE4D0020C59B0100F3
:104AF0000348044B834202D0034B03B1184770476D
:104B0000C8590020C859002000000000064B074982
:104B1000C91A891048BF0131491003D0044B0BB1A9
:104B200001481847704700BFC8590020C8590020E5
:104B30000000000010B5064C237843B9FFF7D8FFFA
:104B4000044B13B10448AFF300800123237010BD60
:104B5000E64000200000000090D9030008B5054B96
:104B60001BB105490548AFF30080BDE80840FFF7D9
:104B7000CDBF00BF000000003816002090D9030010
:104B8000A3F5803A704700BF174B002B08BF134BAB
:104B90009D46FFF7F5FF00218B460F461348144A48
:104BA000121A35F06EF80E4B002B00D098470D4BC3
:104BB000002B00D098470020002104000D000D4874
:104BC000002802D00C48AFF300802CF0C5F920007B
:104BD00029002CF0E8F92CF0A5F900BF000008002E
:104BE00000000000000000000010002098100020CD
:104BF000F8430020000000000000000007B501A8F5
:104C000001F0FEFD9DF80530012B27D1224A936D5E
:104C1000DB0313D4536B23F4FF0323F4FE4343F469
:104C2000BC1343F4A0635363136B23F4704343F446
:104C300040431363136B43F4E06313639DF8043044
:104C400063B94FF000531B68144B1B68144B1B686F
:104C5000144B1B68144B1B68144B1B68144AD2F886
:104C6000803043F00303C2F8803002F0BBFF2CF029
:104C700046FF2CF0F5FE2CF044FF2EF083FF05F0EC
:104C80002FF800F0E3FA03F0A3FC00F049FE03B0B4
:104C90005DF804EB05F03ABB00C000500040002076
:104CA0000080002000C00020000001200040012002
:104CB0000080005030B51B4D95B00DAC0FCD0FC42A
:104CC00095E80700032384E807008DF84D30164A65
:104CD000164B4FF4A021CDE9032306230E22CDE984
:104CE00005130DF12600002134F0CBFF4FF4802096
:104CF0000F4B0DAACDE907030B238DF824300C23AD
:104D00008DF825300B4B07A90A9320230B93012321
:104D10008DF83130084B0948009303AB03F0C8F914
:104D200015B030BD149D0300008005502101010124
:104D300024800550E740002050160020A0160020D7
:104D4000831E012B10B512D8012922D80121114B45
:104D500004221B6C0846C3F3400301F0C7FB0E4B53
:104D60001B681868A8B1BDE81040436A18478B1E3D
:104D7000012B0CD801280CD8BDE810400121054BAF
:104D800000221B6C0846C3F3400301F0AFBB0129AE
:104D9000E5D910BD00C003501C48002008B50449E7
:104DA000044805F069FBBDE80840FFF783BF00BF7A
:104DB00020480020C416002001482DF09DB800BFF7
:104DC000A0160020014B1A6A18681047A016002090
:104DD000014B1878704700BF0741002008B50BF061
:104DE0006BFB0022014B1A7008BD00BF0741002079
:104DF0000348044A0449121A92102CF02BBA00BF3F
:104E000034410000D0420000F843002008B500F013
:104E10002FF8FFF7EDFF124B12498B4212D30020FF
:104E2000114B12498B4218D3FFF7AEFE186850F8A9
:104E30002240586840F82240013298688242F5D3F7
:104E40000C33EAE70022F8E71C6844F8220001323C
:104E50005C68A242F8D30833E4E70022F8E700BF19
:104E600098D90300A4D90300A4D90300A4D903004E
:104E7000124B134A70B59A60D3F88820114D42F452
:104E80007002C3F888206FF0010205F50054226615
:104E900041F2FF7262660222C3F8D020BFF34F8F47
:104EA000BFF36F8F4FF44036032002F0EBFE032078
:104EB000E66002F0D9FE2E6170BD00BF00ED00E09B
:104EC0000040000000800044014B1868704700BF9C
:104ED0002C480020014B1860704700BF2C48002070
:104EE000084B1B6F03F00703022B04D0032B05D0E4
:104EF000012B05D0FEE7044B18687047034BFBE716
:104F000003487047008000502C480020344800209F
:104F1000002D310108B5FFF7E3FF054B1B6FC3F30D
:104F200001330133B0FBF3F0024B186008BD00BF42
:104F300000800050284800200048704700B4C40496
:104F4000014B1868704700BF34480020054B1860BB
:104F5000054B1B6F03F00703032B01D1FFF7DABFEB
:104F6000704700BF34480020008000500048704760
:104F7000002D3101174B9868C0F304400C280AD863
:104F8000DFE800F00B0909090909072119091B1DB0
:104F90001F0011487047002070479B6803F0407362
:104FA000B3F1807F11D0B3F1007F10D00B4A002BFA
:104FB00008BF104670470A4870470A4870470A48B9
:104FC00070470A4870470A4870470A4870470A48BD
:104FD000704700BF0040015A405DC60000093D0017
:104FE000C0EA210180BA8C010048E801005A62023F
:104FF0000024F40080841E0040420F00014B18681A
:10500000704700BF3048002000239B6AB3F5804FF3
:1050100003D21968064A914203D0002303708360CB
:105020007047012202709A689B694260F7E700BFEF
:1050300007B0CD5E73B5494B04461A781AB1022207
:105040001A7002B070BDCDE900220028F9D0012607
:105050001E702CF06BF9424D424B18600EF064F854
:105060002B785BB900F05CFC40B93F4808233F4A0D
:105070003F4900680AF05AFC00B92E703D4B5A684F
:10508000E2603D4A9A601A6E22605A6E6260D3F8FE
:105090007021A2601B6E5C0440D5384AD368D807E3
:1050A000FCD4374B1A68531C3DD04FF48013934007
:1050B000344A13660423334C23664FF4806323661B
:1050C0002CF000F901300ED02CF0FCF840F2011366
:1050D000984208D04FF4804323664FF40043236680
:1050E0001023C4F870311023264C4FF08042236601
:1050F0004FF400536846236601A9226663662CF0CC
:10510000C9F8009B2366019B63662B78002B98D01F
:10511000164B1A6822665B68636692E71A4AD36880
:10512000D907FCD4BDE7194B1B78002BC2D1184B13
:105130005A68144B12B94FF480121A66154A526815
:1051400012B94FF400121A66134B5B68002BB1D1F1
:105150004FF480020B4B1A66ACE700BF09410020F8
:105160000A410020DC1600205C480020E0160020E8
:10517000007108000080004455CEAC0000000440DF
:1051800038480020009000440000045008410020EE
:105190000080055000C005500000065038B5224D73
:1051A00004462B78012B02D001232B7038BD002838
:1051B000FCD02CF087F8013009D02CF083F840F2B5
:1051C0000113984203D0194AD368DB07FCD4226844
:1051D000174B1A6662685A66A268C3F87021E268C3
:1051E000D40744BF00229A60124B1A68013213D1CF
:1051F000114A127882B911494968C80748BF1A6034
:105200000F4A5268D10744BF01221A600D4A526802
:10521000D20744BF02221A600DF08EFF0A4B1868B5
:105220002CF08AF80023C0E7094100200000044068
:1052300000800044384800200841002000800550CC
:1052400000C0055000000650DC16002000239B6AB9
:1052500070B5B3F5804F26D21A68144B9A4222D10A
:10526000134D2B7813F0FD0402D00024204670BDAE
:105270004FF480360F48FFF7DDFE032002F002FDF9
:105280000D4B0320DE6002F0EFFC0C4B1E61A36AA5
:10529000DB69984704460748FFF780FF002CE5D1FB
:1052A00001232B70E1E74FF48174DFE707B0CD5E97
:1052B00008410020CC16002000A0004400900044CB
:1052C00013B5214B1B7803B9FEE700231F4CCDE932
:1052D00000336A4608231E4920680AF027FB00BBFA
:1052E0001C4AD2F84031D2F840211F2B4FF0010365
:1052F00012D9203A9340019A1A43019208236A4630
:10530000134920680AF0C8FA4FF00053124A1A6095
:1053100002F086FC02B010BD9340009A1A4300923E
:10532000ECE70E4B9842EFD10A4AD2F84031D2F85E
:1053300040211F2B4FF0010385BF203A934093403B
:10534000019398BF0093D9E7094100205C480020F1
:1053500000710800008000440B020FF00BE000F029
:10536000034B5868C0F30800003818BF012070478D
:1053700000ED00E013B50024294801942CF077FBE0
:10538000012304220321204601F0B0F820462CF02E
:1053900067F80122234B0520C3F8442401A92CF00F
:1053A00061FB002839D1204BD3F8F02042F00102F4
:1053B000C3F8F020D3F8FC2042F08072C3F8FC2040
:1053C0001A4AA3F55D431A60019B194A03F5D523D8
:1053D00003F2FC43B3FBF2F3164A013B13610223D1
:1053E000C2F8F0304FF48073C2F804334FF06043DA
:1053F000114AC3F8B02F114AC3F8802ED3F8002EFB
:1054000042F48072C3F8002EFF2283F82020D3F8E4
:10541000002E22F48072C3F8002E02B010BD00BF2F
:10542000D09E030000D0035000ED00E0FF030040D9
:10543000F8590D00000004E055CEACC5090001008C
:105440004FF06043D3F8802E30B5D20715D5012434
:105450000B4D8440D5F8FC2042F08072C5F8FC204A
:10546000D3F8002E2243C3F8002E53F82020002A40
:10547000F0D003F82010002030BD1120FCE700BF61
:1054800000ED00E02DE9F04F9A46564B85B01B78B1
:1054900006460F461546DDF83C909DF844B0DDF811
:1054A0005080002B00F09780072A00F296800E9B18
:1054B000002B00F09280B9F1000F00F08E80129B5B
:1054C000B3F5006F00F38980012803D1109B002BF6
:1054D00000F08380444B03EB05131B7B002B7ED035
:1054E000424C10220021684634F0CBFB04EB4514FB
:1054F0001022A7BB3946204634F0C3FB43F2100309
:105500006380BBF1000F03D1E37843F00303E37042
:10551000364A0E9B02EB451CCCE90193129B6901B4
:10552000581E9DF84C30C0F30A0003F003039B069D
:1055300043EA001E53582E48012E00EA03004EEAAB
:105540000003CDF800A0535017D0B8F1000F2ED1B2
:105550009CF8023068F304138CF8023027E0002135
:10556000204634F08EFB4FF444736380BBF1000F90
:10557000CED1E37843F03003C9E713230CF1100ECA
:10558000CCF80C309CE80F008EE80F006FF00301A0
:10559000DCF81C20109B61F39F02012FCCF81C202B
:1055A000CCF8143003D1CCF81890CCF80430002794
:1055B0000D4A290102EB051342F80180159A28468D
:1055C0005A60694622469F605E7301F013F83846C0
:1055D00005B0BDE8F08F0748FAE70748F8E7074845
:1055E000F6E700BF0B410020E8170020E816002076
:1055F0000F80FFF3028000F0018000F0078000F0D0
:1056000038B5124B05461B78DBB1E0B12BF08EFEAE
:105610000F4A00231146147B54B92B6001251A014F
:1056200001EB03131D738C502BF086FE204638BD12
:105630000133082B02F11002EDD12BF07DFE05485D
:10564000F5E70548F3E70548F1E700BF0B41002007
:10565000E8170020048000F0028000F0018000F0D4
:1056600038B52BF063FE002305460B4A147B6CB95A
:105670000133082B02F11002F8D100F077FF074B3D
:1056800028461C702BF058FE204603E028462BF0DD
:1056900053FE034838BD00BFE81700200B4100202F
:1056A000058000F00D4B10B51B78044693B1072818
:1056B00012D82BF03BFE0A4B03EB04131A7B2AB1E2
:1056C00000241C732BF038FE204610BD2BF034FE56
:1056D0000448FAE70448F8E70448F6E70B410020DD
:1056E000E8170020068000F0028000F0018000F042
:1056F000154B13B51868002301908DF804302BF07A
:1057000015FE124B1C7824B12BF016FE104802B087
:1057100010BD01221A702BF00FFE0E4B01A81C7356
:105720001C7783F82C4083F83C4083F84C4083F886
:105730005C4083F86C4083F87C4008238DF8073088
:1057400000F030FF2046E2E7809D03000B4100207F
:10575000038000F0E81700200A4A08B512785AB111
:1057600007280BD8084A02EB00131B7B43B100212A
:1057700000F00AFF002008BD0448FCE70448FAE7EF
:105780000448F8E70B410020E8170020028000F0F1
:10579000018000F0078000F00A4A08B512785AB17B
:1057A00007280BD8084A02EB00131B7B43B10121E9
:1057B00000F0EAFE002008BD0448FCE70448FAE7D0
:1057C0000448F8E70B410020E8170020028000F0B1
:1057D000018000F0078000F00A4A08B5127852B143
:1057E00007280AD8084A02EB00131B7B3BB100F0E4
:1057F0004DFF002008BD0548FCE70548FAE70548CD
:10580000F8E700BF0B410020E8170020028000F0FD
:10581000018000F0078000F00D4B1B7893B1072842
:1058200012D889B10B4B03EB00131B7B73B10A4BEE
:105830001A6D01238340134214BF0123002300206B
:105840000B7070470548704705487047054870471A
:105850000B410020E817002000000450028000F0F7
:10586000018000F0078000F00B4A10B512780C465A
:1058700062B107280CD859B1084A02EB00131B7B10
:1058800043B100F015FF2070002010BD0448FCE774
:105890000448FAE70448F8E70B410020E817002025
:1058A000028000F0018000F0078000F0184B2DE925
:1058B000F0411F6D5B6D1F4000D5FEE701260025FE
:1058C000144CDFF85880374218D02368C8F850606D
:1058D000A3B1A168284601316268A1609847637B43
:1058E000012B0BD150B90C4B03EB45131A7B60F322
:1058F00041021A731A7F60F341021A770135082DAD
:105900004FEA460604F11004DDD1BDE8F08100BF86
:1059100000000450E8170020E81600200020045082
:10592000024B1968024B186809F0DCBE3C480020A5
:105930005C48002070B59400224605460E4634F0BF
:10594000DBF9431C0AD058B922463146284634F0C8
:105950006EF90028034808BF002070BD0248FCE72C
:105960000248FAE710E000F021E000F024E000F047
:1059700010B5044634F0C4F9431C10D088B900F0C7
:105980004DFF234620F003002044984201D100201F
:1059900010BD53F8042B0132F7D00348F8E7034851
:1059A000F6E70348F4E700BF0EE000F021E000F066
:1059B00024E000F008B52BF0AEFC014B186008BDE8
:1059C000581F0020014B18682BF0A9BC581F00205D
:1059D00041F67133124A30B5D469124DD3639368DE
:1059E000A84204F4803423F4401306D893600E4A8E
:1059F000D2F8183223F002030AE043F480139360D4
:105A00000A4B9842F3D9084AD2F8183243F00203FD
:105A1000C2F8183214B10022014BDA6330BD00BF66
:105A200000000350005A620200C0075080F0FA02E2
:105A30002E4B98424AD022D82D4B984240D014D8B1
:105A40002C4B984239D00AD82B4B984232D02B4B52
:105A500098422FD02A4B98422CD000207047294BD7
:105A60009842FAD1284B186F7047284B98422AD099
:105A7000274B9842F1D1244BD3F880007047254B37
:105A800098422BD009D8244B984223D0234B9842DC
:105A9000E3D11D4BD3F88C007047214B984221D0A5
:105AA00003F5740303F510539842D6D1164BD3F87F
:105AB00098007047144B986D7047134B586E7047A1
:105AC000114B586F7047104B986F70470E4BD3F8BF
:105AD000840070470C4BD3F8880070470A4BD3F80A
:105AE00090007047084BD3F8940070470048E801D5
:105AF0000024F400C0CF6A0080841E0000093D002D
:105B000040420F00405DC6000080E00FC0EA210166
:105B100080BA8C01007E560380D54302006CDC0203
:105B20000090D00338B5134B0546D3F820010C463E
:105B300000F0070004281AD8DFE800F003090D116F
:105B40001500012305B1286004B1236038BDFFF7BB
:105B5000BBF90423F6E7FFF7F3F90323F2E7FFF7B6
:105B600009FA0523EEE7FFF701FA0223EAE700232B
:105B70001846E7E70080005037B50C460021114B6E
:105B80000191D3F88031054603F00303022B0ED0B8
:105B9000032B11D0012B03D101A8FFF7C3FF0D2167
:105BA0000DB1019B2B6004B1216003B030BDFFF744
:105BB000E1F905210190F3E7FFF7D8F902210190FF
:105BC000EEE700BF0080005038B5104B0546D3F813
:105BD00040310C4603F00303022B0BD0032B0DD0F6
:105BE000012B0FD12BF043FB082305B1286004B132
:105BF000236038BDFFF702FA0723F6E72BF03AFBE4
:105C00000923F2E701230020EFE700BF00800050E6
:105C100038B5104B0546D3F860310C4603F003034A
:105C2000022B0BD0032B0DD0012B0FD12BF01FFB20
:105C3000082305B1286004B1236038BDFFF7DEF901
:105C40000723F6E72BF016FB0923F2E701230020D8
:105C5000EFE700BF0080005038B5144B0546D3F87D
:105C600000020C4600F0070004281BD8DFE800F013
:105C700003090D111500012305B1286004B123604B
:105C800038BD2BF0F4FA0823F6E7FFF7B7F907233E
:105C9000F2E72BF0EFFA0923EEE7FFF73BF90C23CD
:105CA000800AE9E700231846E6E700BF00800050BD
:105CB00038B5144B0546D3F808020C4600F007002F
:105CC00004281BD8DFE800F003090D11150001239B
:105CD00005B1286004B1236038BD2BF0C8FA082351
:105CE000F6E7FFF78BF90723F2E72BF0C3FA092356
:105CF000EEE7FFF70FF90C23800AE9E700231846C7
:105D0000E6E700BF0080005038B5104B0546D3F8D9
:105D100040320C4603F00303022B0BD0032B0DD0B3
:105D2000012B0FD12BF0A3FA082305B1286004B191
:105D3000236038BDFFF762F90723F6E72BF09AFAE4
:105D40000923F2E700231846EFE700BF0080005068
:105D500038B5104B0546D3F800310C4603F0030369
:105D6000022B0BD0032B0DD0012B0FD1FFF7E8F83E
:105D7000032305B1286004B1236038BDFFF73EF965
:105D80000723F6E72BF071FA0623F2E70123002040
:105D9000EFE700BF0080005038B50C4605462BF0F9
:105DA000BAFA054B9A6A54402C4054409C62BDE8B4
:105DB00038402BF0B4BA00BF00C00050032814D004
:105DC00005D8012805D0022809D0002005E00F28B9
:105DD000FBD1084B186FC0F3013001307047054B01
:105DE000D3F89000C0F30460F7E7024B186FC0F3DC
:105DF0008020F2E7008000501FB500230193252882
:105E000017D8DFE800F0131A1D272C363B51565BDC
:105E100060656A78161A401616561A272C27361A05
:105E20005127783B3B3B3B2727275B60FFF758F820
:105E30000190019805B05DF804FBFFF76BF8F7E7F8
:105E4000FFF74EF802460220FFF7B8FFB2FBF0F270
:105E50000192EEE7FFF75EF802460320F4E7FFF752
:105E600059F802460320FFF7A9FFB2FBF0F25208EF
:105E7000EEE7002101A8FFF77FFEDAE7002101A885
:105E8000FFF750FED5E702934FF0E0231B695B0755
:105E900005D5FFF73FF80290029B0193C9E703A9DC
:105EA00002A8FFF791FEF7E7002101A8FFF78CFE9B
:105EB000BFE7002101A8FFF7ABFEBAE7002101A868
:105EC000FFF7CAFEB5E7002101A8FFF7F1FEB0E732
:105ED000002101A8FFF73CFFABE7094BD3F8803066
:105EE00003F00303022BA8D0032B01D000209FE76F
:105EF000FFF740F89CE7002101A8FFF705FF98E7AE
:105F00000080005008B50120FFF776FFBDE808408B
:105F10000349884294BF01210221032000F002B806
:105F200080F0FA02032810B50C4627D004D80128C7
:105F300004D0022817D010BD0F28FCD12BF05DFA39
:105F40002BF063FA124A013C136F23F4405343EAE7
:105F500004331367FEF7DEFF0021FFF739FDBDE8CC
:105F60001040FFF7CFBF0A4A4C1ED2F8903023F002
:105F7000F85343EA0463C2F89030DCE7044A4C1E4D
:105F8000136F23F4806343EA84231367D3E700BFCE
:105F9000008000501FB500230193252821D8DFE899
:105FA00000F013202020202A2F454A4F54595E71BB
:105FB00020203420204A202020202A204520712F14
:105FC0002F2F2F2020204F54314B1B6F03F007033E
:105FD000013B032B05D8DFE803F00C02080A042379
:105FE0000193019805B05DF804FB0323F8E706234D
:105FF000F6E70223F4E7002001A9FFF7BDFDF0E773
:10600000002001A9FFF78EFDEBE702934FF0E0239C
:106010001B695B0705D5FEF77DFF0B230393039BED
:10602000DEE703A902A8FFF7CFFDF8E7002001A9EA
:10603000FFF7CAFDD5E7002001A9FFF7E9FDD0E78A
:10604000002001A9FFF708FECBE7002001A9FFF718
:106050002FFEC6E7002001A9FFF77AFEC1E70C4B2F
:10606000D3F8803003F00303022B03D0032B05D0B9
:106070000023B5E7FEF74EFF0B23B1E7FEF77AFFEB
:106080000523ADE7002001A9FFF73EFEA9E700BF09
:1060900000800050024A536A23F0010353627047A4
:1060A00000C0075038B50546FFF7C2FC204B044638
:1060B0005A68012A04D11F494A609A699207FCD1A3
:1060C0000020FFF767FF042803D12BF096F92BF08F
:1060D0009CF9194A24F0407395421FD0174A954203
:1060E0001FD0174AD16811F0060FFBD1906893605A
:1060F00091684B4013F4F81F16D12846FEF7EAFECC
:106100000020FFF747FF042810D1FEF703FF00210E
:10611000FFF75EFCBDE83840FFF7F4BE43F00073C4
:10612000DFE743F08073DCE79060E9E738BD00BF4C
:1061300000C0015000E0015040420F0080841E006A
:1061400000000150F8B504460020FFF723FF0328A4
:1061500000F0818045F60E0302213F4AC2F88030EC
:106160003E4B9962012103F580539962936DD903E7
:10617000FCD4D4E900131B0543EA0163E17B94F8E6
:1061800020500B43217BE77E43EA0143617B6D0195
:1061900043EA0133A17B43EA811313619169D4E996
:1061A00004031B0643EA806301F000410B43A17E18
:1061B00094F823000B43217E43EA0143617E43EAC6
:1061C00001239361136AE66923F00D0394F822100A
:1061D00043EA870366BB1362966A94F8213045EA66
:1061E000031326F033052B4343F0010393621C4D48
:1061F000194A936D35EA0303FBD10225174B9D62C3
:10620000936D5B00FCD41369A56823F4700343EA23
:10621000055313614FF00042104B9A6119B90222E5
:1062200003F580539A6278B901220E4B9A620BE013
:10623000334343F008031362936A23F033030343A9
:106240002B4343EA4103936294F824301BB1024B81
:10625000054AC3F88020F8BD00C0005000D00050AF
:106260000300014000E00050F1A7FFFF70B5184C9B
:10627000FF28A66A2AD8A36D13F4803F18BF012215
:10628000144B18BF9A6202229A62A56D15F08045E0
:10629000FBD1114AA36992F9002023F47F03024441
:1062A00023F47F4382F3080243EA002343EA0243D4
:1062B000A36131460220FFF76FFDA36DDB0303D519
:1062C00031460120FFF768FD284670BD2125FBE718
:1062D00000C0005000D000500C41002070B50F4CA1
:1062E000A66AA36D13F4803F18BF01220C4B18BFA0
:1062F0009A6202229A62A36D5A00FCD431460220AF
:10630000A569FFF749FDA36DC5F30725DB0303D599
:1063100031460120FFF740FD284670BD00C0005007
:1063200000D00050014B93F9000070470C41002051
:1063300001231248124A816A9362836D03F00303BA
:10634000032BFAD1022393620C4A936D5800FCD4BC
:106350000C48936D30EA0303FBD10122084B1A6508
:10636000A3F580539A6D9207FCD49A6D9007FCD5E3
:106370009A6D9207FCD50320FFF70EBD00C00050B8
:1063800000D0005003000100014B1880704700BF8F
:10639000584D0020284B984242D01AD8A3F5B70395
:1063A000A3F55863984237D00CD8244B984225D097
:1063B000234B98422AD0234B984217D00023224ADD
:1063C00093607047214B9842F8D1214BD3F8BC30F1
:1063D0001FE0204B984227D01F4B984228D01F4BDC
:1063E0009842EBD11A4BD3F8C83012E0184BD3F8CF
:1063F000A03023F0407343F00073E0E7144BD3F870
:10640000A03023F0407343F08073D8E7104BD3F8EB
:10641000A03023F04073D2E70D4BD3F8B830F8E743
:106420000B4BD3F8C030F4E7094BD3F8CC30F0E78E
:10643000074BD3F8D030ECE7C0EA210180841E007E
:1064400000093D0040420F000040015A0024F400C2
:106450000080E00F0048E801005A620280BA8C0117
:106460000C4A10B51369044643F00403136104F0A9
:10647000EFF92AF0E2FF084B084AC3F8202430BFA6
:106480002AF0DCFF04F006FA1CB9BDE81040FEF764
:1064900041BD10BD00ED00E000E003500000FFFF33
:1064A0000A4A10B51369044643F004031361084B0C
:1064B000084AC3F8202404F0CBF930BF04F0EAF90D
:1064C0001CB9BDE81040FEF725BD10BD00ED00E091
:1064D00000E003500000FFFF034A0179D36E23F070
:1064E00030030B43D366704700400050F8B50446B4
:1064F0000D461F4616464AB101238B403021184AEB
:1065000001FB0022F7B141F21001535004EB4403A8
:10651000072D4FF00F014FEA031316D8A80006FA13
:1065200000F281400F4818442AF08BFF4EB9012336
:1065300030210B4AAB4001FB042277B141F210013C
:106540005350F8BD42F21001DFE7A5F108008000CA
:1065500006FA00F281400448E5E742F21001EFE755
:1065600000C0035004C003500CC0035008B51520F0
:1065700001F068FB0022FF21024B5A6599625A60C4
:1065800008BD00BF00000450044A054B002908BFA5
:106590001346012282401A60704700BF4010045029
:1065A0004020045010B50446417802780120104B79
:1065B000120658609A60A278152042EA01429A6158
:1065C000FF229A6200229A631A644FF000425A65D1
:1065D0004FF0FF3203F500531A6501F053FB15200D
:1065E000E17801F05DFBBDE81040152001F03CBBF7
:1065F00000000450F8B50125C3B2DFF88CC0D1F813
:1066000000E09D408F7ACB7A0C46097BCCF8505045
:106610000CF5005C4CF820E04FF0300E184E1B05D6
:106620000EFB006094F80DC043EA074343EA415370
:1066300022F00302C0F860C0C36502672AF076FE4C
:10664000104B5D65237A13B1336C2B433364637A4B
:1066500013B1B36B2B43B3632279A37943EA0243AB
:10666000094A93616179E37943EA014305498B6102
:10667000034B55639D64BDE8F8402AF05DBE00BF42
:1066800000000450001004500020045010B50124F4
:10669000C0B284402AF04AFE044B5A6D22EA04023A
:1066A0005A659C62BDE810402AF046BE00000450C6
:1066B00010B50124C0B284402AF038FE074BDA6AD4
:1066C000224208D15B6B9C430CBF012400242AF0BA
:1066D00033FE204610BD0024F9E700BF000004503F
:1066E00041F67132034BDA63012203F50053DA609D
:1066F000704700BF0000035041F671320121044B86
:10670000DA6303F50052D1600022DA63704700BFFC
:1067100000000350044B1868421C02BF034AD2F821
:1067200094001860704700BF60480020004000508F
:10673000CB784A7810B55B010C7843EA82030A797A
:10674000234343EA02130C22424302F1B042136393
:10675000012C02BF8A78024B43F8202010BD00BFF5
:10676000D080035008B54FF0B0435A686AB958B1A9
:106770005B680BB12AF07BFE01210D4B59602AF0BA
:1067800076FE4FF0B043D96008BD5B680BB12AF0CC
:106790006EFE0028F0D12AF06AFE4FF0B0430222CC
:1067A000DA602AF064FE0122024B5A60ECE700BF77
:1067B00000100058002000584FF0B0414B6810B551
:1067C0000BB12AF054FE01220B4BC4785A60837837
:1067D000934043EA840344782343047943EA04134F
:1067E000447943EAC4038B60044B5A600378C3F1D5
:1067F0000203CB6010BD00BF0020005800100058FD
:10680000054B5B69C3F38512827003F03F021B0BDB
:1068100042700370704700BF00C007500120034B57
:106820009B680A3303F01F03984070470080E00F15
:106830000D4B984208D1A3F50033C3F88411C36D02
:1068400043F08003C3657047084B984204D1A3F519
:106850001033C3F89411F2E7054B984204BFA3F537
:106860002033C3F8A411EAE70080055000C00550AA
:106870000000065070B5054616461C4619B903209F
:10688000FFF7BAFA0146402C1BD003D8DCB1202C0C
:106890001BD070BD602CFCD1042303FB06F253080F
:1068A00003EB4113B3FBF2F3094A203B02EAC303B3
:1068B000AA6822F06002AA60AA681443AC60EB6187
:1068C000E7E70623E9E71023E7E70823E5E700BF4A
:1068D000F8FF7F00012200F580535A6040F6AA635A
:1068E00041F20502436100230D498360C365C26024
:1068F00000F500520361C361C36491640949836573
:10690000884203D103650023436506E006498842B7
:10691000F8D001F580418842F4D0012353607047DC
:10692000FFFF01000080055000C0055070B50D4606
:10693000FFF7D0FF012300F580567360AB7C04465F
:106940001BB1836843F080438360EB7C1BB120461E
:10695000297DFFF76DFF2A8A6B7B20461343EA8966
:106960001343E3602B7BD5E90112FFF783FF6B7DB7
:106970001BB1A36843F48033A360AB7D1BB1A36854
:1069800043F40043A360EB7D2A7E1B07120502F44B
:10699000E00203F0E0431343A365697E1F4A8B1EA8
:1069A000012B1F4B1DD8944217D002F58042944210
:1069B00015D002F5804294420CBF02224FF0FF3204
:1069C00003EB4213022041F2AC520329985020D12C
:1069D0000423F3652B78636170BD0022F0E7012288
:1069E000EEE7944211D00F4A944210D002F5804253
:1069F00094420CBF02224FF0FF3203EB42130220FD
:106A000042F2AC5201299850E1E70022F5E7012259
:106A1000F3E7042204F50053DA65DBE70080055054
:106A200000C0035000C0055038B50446054D2DF098
:106A300010FE0FCC0FC594E80F0085E80F00002072
:106A400038BD00BF5C1F002047F6FF739A42F0B5C7
:106A500072D0022972D83A4B5B5C022B6ED8394D4A
:106A6000DF0005EBC304A17815F83330012938BFE6
:106A70000121012B13D10025E078401AA84202D849
:106A80000844C0B2F0BD431B6668A0EB530336F95F
:106A900013609642D4BF1D4603F1FF30EEE76068F5
:106AA0000028EFD0B0F90040944204DBB0F9024076
:106AB0009442B8BF144683883D44FF2B19BFC822B7
:106AC0004FF0280CB0F90620B0F908C0A2EB04037F
:106AD0000CBF0126002693FBFCF333446E781BB2F7
:106AE0009E4201DD002B01DA731E1BB24FF47A7C4B
:106AF00001339BB2071D5D1E2DB24FEAC50E00EBA0
:106B0000C505EA88AD689E4214FB025222EAE27291
:106B100002F15C02B2FBFCF204DD37F833500133C2
:106B20009542E8D200EB0E039888904228BF1046A9
:106B3000884238BF0846A4E7FF20A3E70020A1E76A
:106B4000A59D03005C1F00200229F0B560D8314BE1
:106B5000595C02295CD8304B13F83100012816D15A
:106B600003EBC1039C78D878012C214638BF012162
:106B7000904294BFC1EB0001C1EB0201001BCAB2FD
:106B80008242C8BF00225B6833F91200F0BD002AC0
:106B90003CD003EBC1035968002939D09878904262
:106BA00002D3B1F90200F1E7DC78B1F900009442B8
:106BB000ECD95C788B88013CA3F1FF06734201F1AC
:106BC0000405E4B2734101F10C07DEB2B44216D8F9
:106BD00005EBC3034FF47A756A43B3F902405B686F
:106BE000D21A04EBD47302EB630292FBF4F29042EC
:106BF000CCDBB1F902009042C8DC10B2C6E737F82E
:106C000033C05E1C9445E3D33346DEE70348BDE75B
:106C10000348BBE7A59D03005C1F00200CFEFFFF9F
:106C20000080FFFF08B50448FFF7FEFEBDE80840FE
:106C300001202DF033BD00BFA89D03007FB51422B5
:106C4000002101A833F01DF8044B01A94FF0FF30DB
:106C500002932DF063FD07B05DF804FB006A180095
:106C60002DE9F0418CB08846DDE912761D460446D8
:106C7000002847D0002945D0002F43D0002E41D016
:106C800013F00F033ED120482049A360002A08BF1B
:106C90000146E361C4E90013404609A92AF03EFD1C
:106CA00068BB204609992AF02AFE294620462AF088
:106CB00026FE694640462AF0DFFD00BB69462046B5
:106CC0002AF009FE404603A92AF0E1FDB8B92046A2
:106CD00003A92AF000FE06970127204645F000553B
:106CE00006A9079708952AF0F6FD204609A90996F6
:106CF0000A970B952AF0F9FD20462AF09DFC0CB06E
:106D0000BDE8F0812120FAE7000100040001010440
:106D10002DE9F04F97B0894690461F460546DDF8AD
:106D200080A0002800F0BB80002900F0B8803AB1B4
:106D3000229B002B00F0B380239B002B00F0AF8040
:106D4000BAF1000F00F0AB80219B002B00F0A78070
:106D500067B13C680026229B43440293464507D313
:106D600007B13C60002017B0BDE8F08F3C46F1E76A
:106D70005CB1229B219A9B5D125D01345340239AA2
:106D800004F00F0493550136E8E7A8EB060BBBF1BE
:106D90000F0F58D9434B4846C5E90034AC60EC614D
:106DA00013A92AF0BBFC0028DDD1284613992BF04B
:106DB0000F0B2AF0A4FD594628462AF0A0FD4846AC
:106DC00004A92AF059FD0028CDD1284604A92AF0AB
:106DD00082FD484607A92AF05AFD0028C3D128465B
:106DE00007A92AF078FD012322992F4ACDF828A07F
:106DF0000B930C928A190D9228464BF000520AA967
:106E00000E9303920F922AF066FD28460DA92AF0F0
:106E100062FD239B039A99190123109111931292F9
:106E2000214A284610A9CDF84CA0149315922AF0B7
:106E30005CFD284613A92AF058FD28462AF0FCFBE1
:106E40005E4400288FD1229B03EB060B239B1E443C
:106E5000029B5B4501D1464680E7ACB9219B2246A7
:106E6000CDE900A3494610232846FFF7F9FE002884
:106E70007FF479AF0AF1100212F8013D0133DBB261
:106E800013700BB95245F7D1219A1BF8013B125DE3
:106E90000134534006F8013B04F00F04D8E72120E9
:106EA00061E700BF03030004100000202DE9F04F4C
:106EB00097B0894615469A460446209FDDF888809B
:106EC000DDF890B0269E002800F09D80002900F09B
:106ED0009A80002E40F08A80002B00F09480B8F158
:106EE000000F0AD0219B002B00F08D80002A40F07B
:106EF0009F80F10700F1878002E0002A40F0858042
:106F0000FB1F062B7FD8524B0BEB05029A427AD817
:106F10000023504A4846C4E90023A360E36113A953
:106F20002AF0FCFB00285ED1204613992AF0E7FCEA
:106F3000204646EA07412AF0E2FC414620462AF074
:106F4000DEFC294620462AF0DAFC484601A92AF050
:106F500093FC002847D1204601A92AF0BCFC4846F2
:106F600004A92AF094FC00283DD14FF001092046E5
:106F700004A92AF0B0FC239B45F000550793219B00
:106F8000CDF82090204609950DA90A9347F00057A7
:106F900048F00053CDF82C900C93CDF834A0CDF8E8
:106FA00038900F972AF097FC20460AA92AF093FC04
:106FB000204607A92AF08FFC259B204610A946F001
:106FC0000056CDF840B0CDF8449012951393CDF80B
:106FD000509015962AF089FC204613A92AF085FCCA
:106FE00020462AF029FB17B0BDE8F08F259B53B14E
:106FF000BAF1000F07D0B8F1000F01D0219B13B1F7
:10700000B5B9022E20D12120EDE7239B002BFAD029
:10701000BBF1000FF7D0C7F10F03DBB2032B3FF634
:1070200068AF0122DB0002FA03F3AB42EBD9E8E7D9
:10703000239B002BE7D0BBF1000FE4D0C7F10F0377
:10704000DBB2032BDDD8ECE7102E7FF652AFDAE788
:1070500000000120000005042DE9F04F99B088469A
:1070600015469B460446229FDDF89890289E60B105
:1070700059B1279B4BB1BBF1000F06D0249B0BB13C
:10708000239B13B11DB9022E13D121239AE0259B16
:10709000002BFAD0B9F1000FF7D0C7F10F03DBB224
:1070A000032BF0D80122DB0002FA03F3AB42ECD948
:1070B000E9E7731E0F2BE8D816F0010AE5D1FB1F94
:1070C000062BE2D8414B09EB05029A42DDD8404B32
:1070D0004046C4E9003AC4F808A0C4F81CA015A9A9
:1070E0002AF01CFB034600286CD1204615992AF093
:1070F00006FC204646EA07412AF001FC2046249976
:107100002AF0FDFB294620462AF0F9FB404603A958
:107110002AF0B2FB0346002854D1204603A92AF0E6
:10712000DAFB404606A92AF0B2FB0346002849D103
:107130004FF00108204606A92AF0CDFB259B2046EA
:10714000099345F00053CDF8288001930B93239BBE
:107150000FA90C93249B47F0005743F00052CDF841
:1071600034800E92CDF83CB0CDF8408011972AF0D3
:10717000B2FB20460CA92AF0AEFB204609A92AF052
:10718000AAFB019B204612A9CDF84890CDF84C806F
:1071900014932AF0AAFB279B204615A946F0005617
:1071A0001593CDF8588017962AF095FB20462AF0C3
:1071B00043FA034630B101902A465146484632F020
:1071C00060FD019B184619B0BDE8F08F000001205A
:1071D000000006047FB50E461D460446F0B102B914
:1071E000E3B901230192029345F000530393002376
:1071F0000B4AA360C4E90023E361204601A92AF0F9
:107200006AFB314620462AF07AFB204629462AF0BE
:1072100076FB20462AF010FA04B070BD2120FBE76F
:107220000000094330B5048804F4E043B3F5005F7F
:107230002ED1C4F30223042B2AD181F0AA6383F454
:10724000807333F47E132AD081F0AA6383F4007331
:1072500033F47E1323D00023144D21F47E11A94270
:107260001AD1B4F5105F17D1418821F04000802871
:1072700002D0B1F5807F15D1191F0C2912D8DB0778
:1072800010D4073A072A34BF00206FF0860030BDC3
:1072900042F204039C42DED16FF08500F7E7C1F3B0
:1072A0000543D9E76FF08600F1E700BF0001400514
:1072B0002DE9F04F9BB08146DDE928761D468B46CF
:1072C000DDF8A880DDF8BCA0099241B138B1249B5B
:1072D0002BB1269B0BB9279B0BB91FB94EB16FF091
:1072E00086047FE02EB1B8F1000FF8D02B9B002B65
:1072F000F5D02C9B002BF2D0BAF1000FEFD02E9BD3
:10730000002BECD02D9B002BE9D0B9F8003003F412
:10731000E042B2F5005F69D1C3F30222042A65D1CD
:1073200085F0AA6383F4807333F47E1306D085F06E
:10733000AA6383F4007333F47E1360D1C5F305436D
:1073400029464846259ACAF80030FFF76BFF0446E5
:10735000002847D1014620220AA832F092FC2022C0
:10736000214612A832F08DFC0AA82AF078F90028EC
:1073700055D159464846099A12AB2AF02BFB0446D0
:1073800000282FD12B9B9E424CD8DAF800302E9A41
:10739000934247D8474508D2BB19984505D239468C
:1073A0003246404632F053FC4746204B25F47E15CA
:1073B0009D4226D1DAF80030324606932D9B039782
:1073C000CDE90483279B12A90293269B0AA8019367
:1073D000259B0093249BFFF769FD212819D0D8B97C
:1073E0002C9B1E6020461BB0BDE8F08F42F20402C9
:1073F000934204D185F0052383F480139BE7002397
:107400009EE76FF0880400232C9A1360CAF80030BE
:10741000E8E76FF08604F6E76FF09204F3E76FF0A9
:107420009204DFE76FF08904DCE700BF000140054C
:107430002DE9F04F99B08A46DDE9266593469846D6
:1074400081462A9F28B96FF08604204619B0BDE80E
:10745000F08F0029F7D0229B002BF4D0249B13B986
:10746000259B002BEFD10EB9002DECD117B92B9B2A
:10747000002BE8D12C9B002BE5D0289B002BE2D0E1
:1074800041464846239AFFF7CDFE04460028DCD14A
:10749000202201460DEB020032F0F3FB20222146B0
:1074A00010A832F0EEFB08A82AF0D9F810B16FF05E
:1074B0009204CAE75A465146484610AB2AF08AFA67
:1074C00004460028C1D12B9B9D422AD8BE4208D237
:1074D00073199F4205D231462A46384632F0B7FB2F
:1074E0003E46144B28F47E1898451DD1299B2A4608
:1074F0000693289B0396CDE90473259B10A902935C
:10750000249B08A80193239B0093229BFFF7A4FDD3
:10751000212898D02C280AD00028C8D12C9B1D6087
:1075200093E76FF0890490E76FF088048DE76FF0C0
:1075300094048AE700014005084B984202D0084BAA
:10754000984207D10B88B3F5105F0CBF00206FF095
:10755000850070476FF08500704700BF004440040D
:107560000013C0042DE9F04F99460023A3B09346C1
:10757000DDE92E74DDE93068CDE90633CDE9083365
:10758000CDE90A33CDE90C33DDF8C8A004900591AC
:1075900029B96FF08605284623B0BDE8F08F002A90
:1075A000F7D00FB9002CF4D12C9B13B92D9B002BD5
:1075B000EFD116B9B8F1000FEBD1BAF1000FE8D056
:1075C00048460499FFF7B8FF05460028E3D1014675
:1075D000202212A832F055FB202229461AA832F0A8
:1075E00050FB12A82AF03BF8002878D1DDE904010D
:1075F0005A461AAB2AF0EEF905460028CBD11A9864
:107600002AF0A5F905460028C5D114B9CAF800002A
:10761000C1E7B7420AD23B199E4207D24445B8D8C7
:1076200039462246304632F012FB37464E4B9945DA
:1076300058D003F54073994515D04C4B994540F00F
:107640008C804445A5D814F00F02A2D12346CDE981
:1076500000761AA912A8FFF703FB0746002834D1C9
:10766000CAF8004097E700234445CDE90E33CDE941
:1076700010338ED82D9B0D2B8BD101238DF83830F4
:107680002C9B0DF1390203F10C0153F8040B8B42D2
:1076900042F8040BF9D11B78137001238DF84730A1
:1076A00014F00F0933D10F2CDAD906AB01930EABCE
:1076B000CDE90276009324F00F0200231AA912A844
:1076C000FFF726FB0746002843D0424600213046FC
:1076D00032F0D7FA0023012FCAF8003040D06FF003
:1076E000920558E744453FF654AF2D9B102B7FF48D
:1076F00050AF2C9B0DF1380C03F1100E6246186848
:107700005968083303C273459446F7D1C8E724F09B
:107710000F033B440DF1280C03F1100E624618686C
:107720005968083303C273459446F7D10F2CBCD86F
:1077300024F00F03334403930AAB029306AB019387
:107740000EAB00934A4600231AA912A8FFF7E0FAED
:1077500083E7B9F1000F83D0EAE76FF085051AE7F8
:107760006FF08B0517E700BF0010C0040044400411
:107770002DE9F04F994600239FB09346DDE9286537
:10778000DDE92A788A46CDE90633CDE90833CDE92B
:107790000A33CDE90C33059029B96FF086042046F1
:1077A0001FB0BDE8F08F002AF7D00EB9002DF4D13C
:1077B00017B9B8F1000FF0D12C9B002BEDD0484643
:1077C0000599FFF7B9FE04460028E8D101462022BA
:1077D0000EA832F056FA2022214616A832F051FAAD
:1077E0000EA829F03CFF002844D15A46514605987E
:1077F00016AB2AF0EFF804460028D0D116982AF0EC
:10780000A6F804460028CAD115B92C9B1860C6E713
:10781000BE420AD273199F4207D24545BDD83146B0
:107820002A46384632F013FA3E46344B994549D041
:1078300003F54073994520D0314B994554D14545C6
:1078400055D82B07A9D12B460122CDE9006716A9EF
:107850000EA8FFF705FA2C9B06461D6000289ED057
:1078600042460021384632F00CFA00232C9A012EB1
:1078700013603FD06FF0920491E70D3D454536D837
:1078800001238DF8283033460DF1290206F10C0151
:1078900053F8040B8B4242F8040BF9D11B780D36D8
:1078A00013704FF48073ADF8363006AB01930AAB1A
:1078B00000932A460023CDE9026716A90EA8FFF718
:1078C00027FAC8E7103D454511D833460DF1280C7D
:1078D00006F1100E624618685968083303C27345F2
:1078E0009446F7D11036E0E76FF0850457E76FF064
:1078F000890454E76FF08B0451E700BF0010C00407
:107900000044400430B58BB06C46554D0FCD0FC4CC
:107910000FCD0FC495E8030084E80300514BD3F862
:107920004C21110340F18380A3F5FE431C884FF6E0
:10793000FF739C4208BF8C248DF81940FEF7F2FCBF
:10794000044484F3080448488DF81840FDF7FEFA13
:107950006846FEF7F7FB3220FEF716FD434C44481D
:10796000FEF7A0FB4348FEF715FD29F052FD236FFB
:10797000002023F0070343F003032367236F23F45E
:10798000505343F48063236729F04AFD3A4BD3F800
:10799000FC20D2014FD4D4F8803023F0030343F00D
:1079A0000203C4F88030314BD3F8202122F00702C3
:1079B00042F00202C3F82021D3F8802122F0030212
:1079C00042F00102C3F88021D3F8402122F00302E3
:1079D00042F00102C3F84021D3F8602122F00302F3
:1079E00042F00102C3F86021D3F8402222F00302E2
:1079F00042F00102C3F84022D3F8002222F007022D
:107A000042F00102C3F80022D3F8082222F0070254
:107A100042F00102C3F80822FEF73CFB4FF0E022DF
:107A20000020136963F0040313610BB030BDD3F879
:107A30005041E4B280E7D3F8FC2022F08072C3F812
:107A4000FC20D4F8802022F0030242F00202C4F8A5
:107A50008020D3F8FC2042F08072C3F8FC20A2E71B
:107A6000949E03000080E00F00F049020080005067
:107A700000B4C404C0EA210100ED00E070B503F0D9
:107A8000CFF80446D8B903F0B3F94FF41673434363
:107A90000C4A03F5742303F23F23B3FBF2F30A49C4
:107AA0000A480B600A230268094D0E68013B45F83D
:107AB000046B0E6813F0FF033244F6D102602046D7
:107AC00070BD00BF40420F00B01F0020801F00208B
:107AD000841F0020F8B51F4C2378E3B12AF0F1FB96
:107AE0001D4B1E4D1B68C01A28602B68A3B12B6864
:107AF0002B6003F07DF94FF416725043184A00F5DD
:107B0000742000F23F20B0FBF2F02B682B68834218
:107B100004D900232370F8BD0123E9E71148124E70
:107B20000378296856F82320104F511A3A68521AE0
:107B300029683A6046F823100A210932B2FBF1F2B3
:107B40000B4D0133DBB22A60B3FBF1F201FB1233C0
:107B50000370DEE70D4100207C1F0020AC1F0020D9
:107B600040420F000E410020841F0020801F002093
:107B7000B01F002038B50A4C02210A4D2D2000F01C
:107B80008FF804F500535D672D201D6700F07AF82B
:107B900004F580542D2000F067F8656738BD00BFFC
:107BA00000C00050010000A00C4B10B51C6FE20794
:107BB00007D5012203F500531A67FFF78BFF02F088
:107BC0008DFD14F000521CBF054B1A67002CBEBF80
:107BD0004FF00042024B1A6710BD00BF00C00050BA
:107BE00000E000506FF00403502110B50A480B4C20
:107BF00013F0800F03F1010206D123443D2A83F8DC
:107C000000131346F4D110BD03F00F03043B0344EB
:107C100019761346ECE700BF00ED00E000E100E05C
:107C2000BFF34F8F0549064BCA6802F4E062134365
:107C3000CB60BFF34F8F00BFFDE700BF00ED00E05A
:107C40000400FA0500280CDB01220649430900F074
:107C50001F008240203341F82320BFF34F8FBFF332
:107C60006F8F704700E100E0002807DB0123410926
:107C7000034A00F01F00834042F82130704700BFE4
:107C800000E100E0002808DB01224309034900F07D
:107C90001F008240603341F82320704700E100E07C
:107CA0000028ACBF00F16040064B4FEA0111C9B299
:107CB000ABBF00F5614000F00F0080F800131954CD
:107CC000704700BF14ED00E010B5044629F023FB17
:107CD000024B1C6029F023FB002010BDB41F0020C4
:107CE00010B529F018FB034B1C6829F018FB20463F
:107CF00010BD00BFB41F002038B50C461546014624
:107D000010B9FFF7EDFF01462B462246034806F067
:107D10000FFB0028D4BF3720002038BD731B0300A1
:107D200010B5002400F024F80348044B846043603D
:107D3000FFF7CAFF204610BDB81F0020417D00009C
:107D400013B5064C23780093054B1B8829F02EFFB2
:107D500010B923780133237002B010BD0F41002009
:107D60005A4D0020014B1880002070475A4D0020CA
:107D700008B5074B1A6842B9012208201A6029F099
:107D8000E6FA0449044802F077FB002008BD00BF72
:107D9000CC1F002078480020C41F002030B51446B6
:107DA000054687B0104629F05AFF636902468342B0
:107DB0003CBFD4E903315B181B1A7BB10F49049413
:107DC00003910021CDE90131012300932846D4E934
:107DD000001329F0C7FA002007B030BD01226276F7
:107DE00094F82D20002AF6D084F835301321E36969
:107DF000204698472046636A9847ECE79D7D00003F
:107E00002DE9F04788B004460F461646984629F0FB
:107E10008DFA8146002E7AD0237E03F0FF02002BDC
:107E200000F0A280204629F01AFF6569A84205D11A
:107E3000637ED4E9033213445D1B01E0F9D9451B8D
:107E4000B54228BF354629F071FA94F82D308246A4
:107E5000002B6DD12A463846616931F024FF6369F1
:107E60002E462B44636121E0037803F0FD011129C4
:107E70005BD1216B814205D1A3F111014B424B41F2
:107E800084F83430013E6369216B01328B4203F187
:107E9000010308BF2363636195426069E4D1D4E9BB
:107EA0000323216B1344994200D122630025D4E9B6
:107EB000032361691344994208BF6261207A6576A1
:107EC000FDF74AFC204629F0CAFE6369834232D19D
:107ED000257694F82D30E568656103B12563204669
:107EE000636A9847214B0494039300230293236908
:107EF0002A4601930123009363682168207A29F0C0
:107F000031FA207AFDF748FC504629F015FA484628
:107F1000C8F8006029F010FAD8F80030002B0CBF28
:107F20001B20002008B0BDE8F08707F8013BAAE756
:107F30002E460022B0E70123207A23760DF11E01A0
:107F4000FDF792FC9DF81E30002BDAD00DF11F01D9
:107F5000207AFDF761FC9DF81F100029D1D122463F
:107F6000207AFFF71BFFCCE71646D0E79D7D000087
:107F70002DE9F0410C461546064686B04022002108
:107F800020461F4631F07DFE95E8030000232A6954
:107F90002376EB6884E80300C4E904232A7DE360C8
:107FA00084F82C20AA7D2363012384F8343084F8DC
:107FB00035300C9B84F82D2023620D9BE7616362B2
:107FC0000E9BA3622B7A84F836306B7A84F83730B4
:107FD0002D4B346073602D4BB3602D4B33612D4BB3
:107FE00073612D4BF360FDF783FB38B12B4B984247
:107FF00004D01024204606B0BDE8F081002104F131
:108000000800FDF7FDFA07460028F2D14FF00108FD
:10801000234B3362234B84F83C80B361224BF361E2
:108020009DF8403084F8390084F83B309DF83C30AE
:10803000204684F83A30697D84F8388029F04CFE77
:1080400095F90900FFF71EFE95F90900FFF70CFEF0
:10805000164B0494CDE902732369CDE9008363686C
:10806000E2682168207A29F07DF904460028C0D111
:1080700095F90800FFF706FE95F90800FFF7F4FDF3
:108080003046FFF721FEB5E7291D0300017E000001
:108090004D1C0300531C03007F1C0300038000F0F1
:1080A000271C0300D91C0300591C03009D7D000000
:1080B0002DE9F0414FF001081C46574B86B0029362
:1080C000564B0C9D0193564B174600930A46CDE93B
:1080D00003882946534BFFF74BFF0646002840F024
:1080E0009280236804222B64237985F84430A17997
:1080F00085F84610607985F84500237A85F8483080
:10810000E37985F84730A37A85F84A30637A85F8B1
:108110004930237B85F84C30E37A85F84B30434671
:10812000FEF7E4F943460222217AE079FEF7DEF910
:108130003E7039462068FEF7F9FB1421A27B3A4BCA
:1081400003EB4210C0F8AC1594F806C061792E32EA
:1081500003EB421341EA0C415960227AE37943EA86
:108160000243C0F8BC3585F84D607B7E032B50D8A8
:10817000DFE803F03A4D021D022385F84D3000235D
:108180000422217BE07AFEF7B1F941F2AC520221E0
:10819000A37B5B0103F1A04303F570339950217B6E
:1081A000E27A42EA014241F2B8515A501CE00127FA
:1081B00085F84D3002220023A17A607AFEF796F905
:1081C000A17A627AA37B42EA014241F2B4515B0197
:1081D00003F1A04303F570335A500422236803F5DA
:1081E0008053DA65002FCAD163792A6C85F845304F
:1081F000A379052185F84630D36C206843F0040349
:10820000D36429F03CF9304606B0BDE8F081002780
:10821000CEE72326F7E700BF571E03004B1E0300DF
:10822000DB1E0300CF1E030000C0035013B5064C35
:1082300023780093112329F0B9FC10B92378013376
:10824000237002B010BD00BF1041002037B5FFF70A
:108250008FFD01250E4C0F4A0F4920602023009509
:10826000082006F0F5F80D4B204663600C4BA36028
:10827000FFF72AFD29F04FF804462946284602F068
:1082800081F8204629F04BF8002003B030BD00BF34
:10829000D01F002011410020DA9E03002D82000033
:1082A0008D1F03001A2812D8102814D940F28523F4
:1082B000A0F11102D2B2D340DB070CD50122064B4C
:1082C00080F020001A70054B18707D2003E0A0F1AB
:1082D0007D03012BF2D9704738410020374100203F
:1082E000F8B50E461446204B00B3204A20491070C2
:1082F00000221A7022700A704FF6FF721D4B1A800E
:108300001B4D2B78EBB91B4F3046398829F0ACFE5A
:10831000164A38801378013BDBB213706BB9012326
:108320002B703046BDE8F840FFF7BCBF1A78002A32
:10833000E6D01870104B1878F8BD237801332370FD
:10834000EFE7012B05D102232B700A4B1888000A96
:10835000E8E7022B04D103232B70064B1878E1E7E2
:10836000FF237E202370E7E73841002035410020BD
:108370003641002072330020374100202DE9F047BC
:10838000394E8846337817465BB9384A1370384AF5
:108390001370384A1370384A13704FF6FF72374B18
:1083A0001A807D2850D02DD8182851D01A2852D0A4
:1083B000314B2E4D1A78DFF8BC9080EA020400227F
:1083C0001A702B78CD2B9CBF01332B702B78022B8E
:1083D00012D9DFF8A8A099F80000BAF8001029F027
:1083E00043FE2B78AAF80000CD2B9FBF99F8002000
:1083F000023B88F800203B701D4B1A781C7089F8EE
:10840000002006E07E28D3D1184B1B781BB91A4AEE
:108410001370202011E0FF2B1FD0184A1188154A35
:108420001078134A127802EB0022914217D1022BE6
:1084300017D9CE2B34BF00207A20A0F1200253425E
:1084400053413370BDE8F08720220B4B1A70E0E7F0
:10845000FF22064BFAE77420EFE77720EDE776205E
:10846000EBE77920E9E700BF3941002034410020E3
:108470003241002031410020334100207033002080
:1084800008B529F0A3FD4FF6FF73002818BF034677
:10849000014A138008BD00BF7633002010B5074C99
:1084A000208850B129F092FD2388C01A044B00B2F5
:1084B0001B889842B4BF0020012010BD76330020F5
:1084C000743300204FF07E624FF6FF732DE9F041C8
:1084D000B2F84670B2F84460154D9F4208BF4FF4A1
:1084E00048679E4208BF4FF4C8762C88DFF8448066
:1084F00050B164002C802B88BB4215D92F800023FB
:10850000A8F80030BDE8F081B8F80030002BF2D0B8
:1085100029F05CFDB8F80030C4EBC404C01A80B286
:1085200004EB8004E408E5E7B34238BF2E80E6E7B9
:10853000743300207633002008B529F047FD4FF052
:108540007E634FF6FF72B3F85430934208BF4FF486
:108550007A73034413F47F6FC3F3071208BFFF223B
:10856000014B1A7008BD00BF3A41002010B5084CFD
:10857000237843B129F02AFD2378C3EB10131B069F
:108580005CBF002323702078B0FA80F0400910BD52
:108590003A41002007B502F011FC6A4602F074FC73
:1085A00018B14521034800F023FBDDE9000103B0C9
:1085B0005DF804FBF09E030008B502F031FB18B132
:1085C0006D21024800F014FB002008BDF09E03005E
:1085D00008B500F059FA0D4A536A43F47023536208
:1085E000EFF308834FF0CD31094A043B93420AD29E
:1085F00029F00FFE00F098FCFFF7DEFFBDE8084011
:108600000448FEF711BA43F80419EFE700ED00E063
:1086100000000020A89D030007B5042200200DEBF8
:1086200002012BF0F3FF042803D0F621044800F0E8
:10863000DFFA019800F024FC03B05DF804FB00BFF2
:10864000F09E03001028034670B535D020D80328CB
:1086500015D9002070BD032202231A491A4D0C6857
:108660000021C8B28442F4D955F8200028B1067A16
:108670009E4202D1467A9642ECD00131F1E7421E89
:10868000022A19D8DFE802F0021B16000022E3E7F5
:10869000A0F12002032ADCD8213B022BF6D801A24C
:1086A00052F823F0B1860000B5860000578600001E
:1086B0000122D1E70222CFE700220323CDE70122E6
:1086C000CBE700BF089D030000480020082310B539
:1086D0000A0A41400648C9B201F00104490804B140
:1086E0004140013B13F0FF03F6D181EA020010BDC7
:1086F0002083B8ED2DE9F8430025134C134EDFF825
:108700005480134FDFF8509023780BB9BDE8F883FD
:1087100022464146002056F8043B29F033FA2278DD
:1087200023460134002AFAD15B7853B105F00303E4
:10873000032B0CBF39464946002029F023FA0135A6
:10874000E2E73946F8E700BFA4A4030000100020C8
:10875000FDA203006E9F03006B9F030040F60522FD
:108760006A4B2DE9F0411B8893420ED8B3F5206F78
:108770000DD840F20252934218D040F20172934257
:1087800020D040F2015293420AD0BDE8F081A3F616
:1087900002235F4C032B1ED8DFE803F0376396B249
:1087A0005C490020BDE8F04129F0ECB900205A49AD
:1087B00029F0E8F9564B1A6C0020BDE8F041574902
:1087C00029F0E0B9524A0020D2E92423BDE8F04163
:1087D000534929F0D7B90020524929F0D3F994F828
:1087E00068309E0703D500204F4929F0CBF994F853
:1087F0006B305D0603D500204C4929F0C3F994F98C
:108800006B30002BC1DA4A49CBE70020494929F0F7
:10881000B9F994F86430980704D00020226C3F49DD
:1088200029F0B0F994F96430002B04DA0020226FAB
:10883000414929F0A7F900250126404FDFF80881BA
:10884000626E06FA05F3134207D057F82520137815
:108850001BB14146002029F095F90135082DEFD1D3
:1088600093E73749002029F08DF92C490020226C2C
:1088700029F088F994F86530590703D5002031496B
:1088800029F080F994F96530002B04DA0020226F7A
:10889000294929F077F90825284E2B4F636EEB40C4
:1088A000DA0707D556F8252013781BB13946002082
:1088B00029F068F90135102DF0D194F864000028F2
:1088C0007FF463AF21496DE72149002029F05AF96F
:1088D0000020226C114929F055F91025174E1A4F26
:1088E000636EEB40DB0707D556F8252013781BB1E4
:1088F0003946002029F046F901351A2DF0D144E718
:108900000020144929F03EF9226C55E77833002005
:1089100000100020789F0300B69F0300E79F03002C
:1089200002A003001EA0030037A0030072A00300F2
:10893000A6A00300E3A0030009A10300F4A803001C
:1089400030A1030048A1030027A103008FA1030069
:10895000C0A10300DAA103002DE9F04F3D4C85B022
:10896000D4E90D32580748BF0026D4E9121B48BF8E
:10897000B046D4F83CA05FBFD4F850808B469246F6
:10898000354E54BFDFF8F890DFF8F89013F0080F79
:10899000324B334A18BF1A46B6EB08071FBF642391
:1089A0007D0803FB0B55B5FBF7F50CBF3D46ADB29B
:1089B0004B462C490020CDE9016ACDF80080BFB2BA
:1089C00029F0E0F82B460020CDE9009726491FFA50
:1089D0008BF229F0D7F8B24501D8C24504D24A46F5
:1089E0000020224929F0CEF8D4E91703184309D111
:1089F0001F4929F0C7F800201E4905B0BDE8F04F17
:108A000029F0C0B800201C4929F0BCF80025012637
:108A10001A4FE26D06FA05F3134204D02A4639468E
:108A2000002029F0AFF80135202DF2D100250126D4
:108A3000124F226E06FA05F3134205D03946002084
:108A400005F1200229F09EF80135202DF1D10020FA
:108A50000849CEE7001000200010002009A2030002
:108A600010A2030018A203004AA2030084A203007C
:108A7000A3A20300FEA20300B9A20300E9A203001F
:108A800004A20300FCA1030037B5FDF743FE054631
:108A900028F0E7FCEB072ED4012319461A4601FA09
:108AA00002F42C4003F1010327D0214B33F812408C
:108AB00028F0E3FB062C83B21E4A4FEA104022D175
:108AC0004FF20F0188421BD1B3F5406F28BF4FF41E
:108AD000C06313804CF23C314FF00053598040F298
:108AE000017312889A4201BF134B144AD2E9000164
:108AF000C3E9000117E00022D7E7102BCED1D7E75A
:108B00004FF4C063E5E740F207218C420DD14FF2EC
:108B10000F01884209D1A34207D14FF000534CF214
:108B20003C315980148003B030BD1480D7E700BFBA
:108B300084A4030078330020DC1F00209010002064
:108B4000014B1888704700BF78330020014B18880C
:108B5000000A704778330020164B1888020A10F07C
:108B6000FF00134604D1012A23D143F0800070474F
:108B7000072BFAD801A252F823F000BFA18B000006
:108B80006B8B00009D8B0000B18B0000B18B00004F
:108B9000A58B0000A98B0000AD8B00000920704759
:108BA00018467047032070470B2070470620704717
:108BB0000220704778330020044B05481B881A0AAE
:108BC000B3F5406F38BF00EB820070477833002068
:108BD00054A40300044B1888044B020A53F82230B3
:108BE000C0B203EB800070477833002024A4030058
:108BF00038B504460D460B4602460749002028F0CA
:108C0000C1FF00F0BFF928F08DFB29462046BDE8E2
:108C1000384029F038BA00BFEDA203006D4A2DE9B3
:108C2000F0416D4B55686D4C5D65516A99656C49B5
:108C3000D1F80002D865D1F80412586B1966916A10
:108C400010F0040F5966D16A4FF000009966116B5D
:108C5000D966516B1967D26BD8645A67D3E90E1283
:108C600018BF11465F4A91421A655DD301F1200099
:108C7000A04259D88869C5F308051864CE69062D45
:108C80005E6455D1584DA84252D3584DA8424FD298
:108C900005884DF6426085424AD11868C3F89000B5
:108CA0005868C3F8940040F20170A242154604D2FD
:108CB0002E680432B6F1CD3FF7D00022C3E91E2260
:108CC000C3E92022C3E92222641BDFF81CC1434D03
:108CD000DFF818E19C648D422DD8D3E91EC7D3E993
:108CE0002065D3E922414FF0000E013AD2B2FF2AAB
:108CF0003CD1BEF1000F05D0C3E91EC7C3E9206512
:108D0000C3E92241B3F85430C3F308030C2B3BD81A
:108D1000022B54D9DA1E092A51D8DFE802F0315764
:108D2000404350505050504D0021C3E910112D497F
:108D30004FF42060B9E755F8044D6445CBD3744532
:108D4000C9D2E607C7D50026294F57F8048FA0459A
:108D5000C1D00136062EF8D132B1013AD2B202F1B9
:108D60001E0643F82640B6E70522F8E7E0464FF036
:108D7000010EBC4637462E4625460C464146B4E712
:108D800040F60120BDE8F0813B2B18D1194B9B69BF
:108D900013F0020F40F2025318BF1846F2E740F6F4
:108DA0000320EFE740F2017240F60423B0F5206F94
:108DB00014BF10461846E5E740F60520E2E740F606
:108DC0000722013B4B2B98BF1046DBE740F6022001
:108DD000D8E700BF00ED00E00010002000100020E8
:108DE00000E100E000000020D0420000E09C030011
:108DF000741000200080015A00F00CB800F00AB88E
:108E000000F008B800F006B800F004B800F002B8AE
:108E100000F000B872B61EF0080F09D01EF0040F63
:108E20000DD0DFF850E0AEE8FF1F6FF002000CE05D
:108E3000DFF840E0AEE8FF1F6FF00E0005E0DFF85E
:108E400034E0AEE8FF1F6FF006006946EFF30982D9
:108E50008EE8070086460848084C854501D3A5459D
:108E600001D384F30888FFF7D9FE84F3088829F03A
:108E70000CF900000010002040000020001000202D
:108E80004BF6EF6283B2002B08BF1346044A000C76
:108E900013804FF6CE2308BF1846024B1880704748
:108EA0005E4D00205C4D00200B4BB3F9002018886C
:108EB000002AB8BF80F0620042001A80074AB2F967
:108EC000001013880029BCBF83F4805383F00B0388
:108ED00059001180584070475E4D00205C4D0020C5
:108EE00008B502F09FF960B10A4B0344072B0DD877
:108EF000072B0BD8DFE803F00C060A080A0A0A045D
:108F00005D2008BD5A20FCE75B20FAE75C20F8E70B
:108F10005920F6E7FF1FFF0F024B9A6903F5005334
:108F20009A6170470080015A30B5144885B028F026
:108F30009EFD0023CDF80930CDF80130CDF8053085
:108F400001238DF800300D238DF80930032302250D
:108F50000B4C694620468DF80A3028F0C4FA2B20C5
:108F6000FEF790FE04F500532B209D61FEF77CFE7A
:108F700004F58054E56105B030BD00BFC89E030014
:108F80000080015A014828F09DBA00BF0080015AB4
:108F900010B5054C204628F0DBFA2046BDE810400D
:108FA000002128F080BA00BF0080015A024B5868A7
:108FB00000F00100704700BF0080015A10B5094A57
:108FC000137813F002040CD1074908480978007897
:108FD000884206D0064863F07D030480054813707C
:108FE000017010BD084200200F4200200D420020F9
:108FF000763300200C420020054B064A198812885F
:10900000914202BF0121044A117000221A80704768
:1090100084330020823300200642002007B5034637
:10902000009102223D2003492CF037F803B05DF88F
:1090300004FB00BF69A9030007B5064B02221B7899
:109040003D200093044981232CF027F803B05DF8FC
:1090500004FB00BF1242002069A9030038B50C4D83
:109060000C4C2A7823789A4200D138BD00210A4856
:109070002DF0F4FA094B1B88834202BF0122084BF2
:109080001A702378013303F007032370E9E700BF68
:109090000F4200200A4200207C330020823300204F
:1090A00006420020074B93F90030002B08DB064AEC
:1090B000137803F04101402904BF43F00503137006
:1090C000704700BF1242002008420020282307B545
:1090D000054A3D20CDE900320449702302222BF0DD
:1090E000DCFF03B05DF804FB3800E00F62A9030069
:1090F0007028034607B504D103B05DF804EBFFF711
:10910000E5BF074A3D20127806490192064A1278C7
:10911000009202222BF0C1FF03B05DF804FB00BFF8
:109120000742002068A903001242002008B50A483F
:1091300012F012FC094812F00FFC094812F00CFC66
:10914000084812F009FC084812F006FCBDE8084087
:10915000064812F001BC00BF843300208033002099
:109160007E3300207C330020823300207A330020BD
:1091700008B5CA22002104482DF0CCF90122034B86
:109180001880034B1A7008BD3C4100208233002038
:109190000642002030B585B0FFF7EAFFFFF7F2FE88
:1091A0004FF07E634FF6FF72B3F84C30214D93427F
:1091B00008BF4FF47A732B8000231F4C2380FFF7E6
:1091C0005FF9FFF76BF90028FBD04FF07E634FF695
:1091D000FF72B3F84230934208BF4FF4C8632B804C
:1091E00000232380FFF7B8FC431E144DDBB20A2B8B
:1091F000134C287018D840F2035222FA03F3DB070D
:1092000012D50222C1230290CDE900323D208423F1
:109210000C492BF042FFFF232B70D023237005B0A5
:10922000BDE83040FFF752BFFFF750FFA023237087
:1092300005B030BD7433002076330020104200208A
:109240000842002067A9030037B504460D4612F016
:1092500079FD022825D84FF48B711B48FFF7C8FC15
:109260001A4B197801F14003DBB2022B1FD901F030
:10927000A003A02B04D00B0619D57E20FFF7CEFE4D
:109280004FF07E63B3F8403013B1204628F025FF3D
:10929000B5B1002221460E4803B0BDE830402DF0A4
:1092A00071B9204612F04EFDCA28D4D8D8E7CDE9CE
:1092B0000014842302223D2006492BF0EEFEDFE756
:1092C0002A4621460448E7E76DA90300144200201E
:1092D00080330020E3A903007E3300202DE9F84FFE
:1092E000FFF7DCF8A84C48B32378580626D5990731
:1092F0004CBFA64BA64BA74A1B7812789A4232D095
:109300000120FFF7DFF87320FFF7F2FEA24A4FF6C5
:10931000FF7113780133DBB213704FF07E62B2F845
:1093200048208A4208BF0322934219DD51229B4BF9
:1093300072201A70FFF7DCFE20232370984D994E9F
:1093400094F900202378002A18DA13F030030ED0A5
:109350001A2028F0E1FE237803F07F032370EFE763
:10936000FFF72CFEEAE700228F4B1A80E6E72A7807
:10937000022AF0D18C4A2B701380E9E72A78012A5F
:1093800000F0F1800DD9931E012BD9D83178FF2937
:1093900000F01E81002940F0EE80844B197832469F
:1093A000E7E09A0719D579497A4A794892F800C0D6
:1093B00007780A78ACEB0200BA1A02F0070200F054
:1093C0000700904298BF81F800C00A78BA4204D1E1
:1093D00023F002032370FFF741FE237813F0300FD0
:1093E0001ED013F0200F714F15D0C2233B706B4B72
:1093F000187802237B702378B87023F03C03237025
:109400000320012332462B70684B1978FEF768FF62
:1094100028F082FE94E7C1233B70FFF79DFBE8E74D
:1094200013F00C081FD0624F13F0040F39785F4B14
:109430000FD06039C9B280201970FFF7EFFD237893
:1094400003F0F3033A7823705A4B1A70012318463D
:10945000D8E781F080017E201970FFF7DFFD2378C7
:1094600003F0F703EEE79B0732D5DFF820A1524B5C
:109470009AF800701B78DFF844B1FF1A27F056FF06
:10948000414681464D482DF077F8804607F00707A2
:10949000B7B9484627F050FF494B4046A3F8008033
:1094A00012F050FC424B9AF800201B78013043EA3E
:1094B00002133E4A43F008031370C0B20323A1E72E
:1094C000414658462DF0AEF8013F8046FFB2DFE737
:1094D000304B4FF6FF7019784FF07E63DB8F2C4FC7
:1094E000834208BF05233A780B44013B521A5B1AAA
:1094F00002F0070203F007039A42DFF8B48028DC89
:1095000030482DF034F8E0B92E482DF030F80146FF
:109510002C4B2D48002908BF18462C4B0021186001
:109520002DF02AF8264B188012F00CFC3A7898F8A7
:109530000030013043EA02131C4AC0B21370022308
:1095400060E721482DF013F818B9FFF70FF800284D
:10955000DAD1184B1A7898F800309A425ED0237806
:1095600043F00803FAE63378FF2B4DD032460F491B
:10957000C95C00204AE7124B0139C9B2188812F0C1
:10958000E9FD01460BE700BF084200200C42002025
:109590000D4200200F42002009420020104200200E
:1095A000114200203B41002076330020144200206D
:1095B0000B4200200E4200200A4200207C33002093
:1095C0007A330020803300207E330020E41F002007
:1095D000022A1CD1124A00211378013303F0070339
:1095E0001370104B18682DF039F80F4B00221988B2
:1095F0000E482CF0C7FF0E4B1B880BB9FEF740FF3F
:109600000C4B1A780C4B1A7000232B7098E60B4AFF
:109610001378013303F007031370ECE7BDE8F88F0C
:109620000D420020E41F00207A3300207C3300200C
:10963000763300200B4200200E4200200C42002016
:109640002DE9F04F8046A44F85B00023DFF8B89293
:10965000A8F8003099F8003013B93B70FFF7CCFC44
:10966000DFF8A8A29D4E0DF10E0028F059FD272825
:1096700000F0A0813A469DF80E000DF10F013D78F3
:10968000FEF77CFE2028044630D070B1FFF7B4FC12
:109690007A2804D8732878D8272C00F08B814FF4CF
:1096A000AA718F48FFF7A4FAD4E73B789D4205D012
:1096B000022B3FD89DF80F208A4B5A55DFF8249291
:1096C0003B7899F80010884CC02940F08380012B2A
:1096D00040F0CB80FFF7B0FCFFF7AEFC28F08BFC2E
:1096E000FFF78AFC23785806AFD4BBE03B789D4255
:1096F000B9D0022B04D89DF80F207A4B5A55B2E707
:10970000032B1FD0754B1888784B1B888342AAD136
:1097100012F018FBDFF8C4B1C5B2691C5846C9B2D3
:109720002DF047F829469DF80F20BBF8000012F0F5
:1097300025FD20E0032B05D06C4B30881B8883422D
:10974000BCD1E5E79AF80030684D83B14FF0000BCB
:109750003388012128462B808AF800B02DF029F8A3
:10976000012300935A462988614812F0B7FC3088DB
:109770002B888342CCD0202C3FF475AF7A2C8ED826
:10978000732C02D8002C87D198E7743C062C86D81D
:1097900001A353F824F000BFB59700009F96000086
:1097A000BD970000C99700009F960000CD9700006C
:1097B000D19700007420FFF79BFC4BE77620FFF762
:1097C00097FCFFF76FFC45E77720F8E77920F6E78D
:1097D0007A20F4E70E0607D4032B46D926787306C1
:1097E00045D4FFF709FC3DE001F0E002802A23D1D7
:1097F000012B3AD17D20FFF711FCFFF7FDFB267806
:1098000071062FD50225DFF808C13A4A99F80030D1
:109810009CF80000117803F0070BABEB000E091A5F
:109820000EF0070E01F007018E4529D97820FFF7C9
:109830005FFCFFF737FC08E7A02A0BD1012B14D1FE
:109840007F20FFF7EBFBFFF7D7FB2678720609D5E1
:109850000325D8E77B20FFF74BFCFFF7CDFB2378F0
:109860005D06E6D420232370EFE67C20F3E7224B4D
:109870001B78B3EB111F01D0FFF7BEFB0125C2E738
:10988000A5F1020A83451FFA8AFA0DD000211B4870
:109890008CF800B0017016F002004DD0184A11800B
:1098A000184A12785A4535D1BAF1010F39D91249FF
:1098B00099F800200B78C2F3021098426FD10B4D3B
:1098C0002888002846D12620FFF7ECFBFFF710FC84
:1098D000262005B0BDE8F08F07420020823300202B
:1098E0006DA90300124200200842002084330020AA
:1098F000134200200D4200200B42002009420020AC
:10990000763300200C42002039410020064200201E
:109910000F420020FEF7B4FDBAF1010FC7D899F845
:10992000003013F0080312D1234A1370032D7FF483
:109930008CAEFFF743FB88E6FEF7C4FD1F4A1378A1
:109940005B4501D0FEF79CFDFFF788FBE4E7FEF7DF
:10995000F3FDEBE7013303F007030B704FF07E6379
:10996000160742BF227842F008022270227822F0C5
:1099700005022270B3F840300BB128F0AEFB2B8803
:109980003D20019399F80030022200930C49852371
:109990002BF083FB2B880020A8F8003099E71207F2
:1099A000237802D543F008035DE7DB073FF541AFBD
:1099B00075203CE727208CE73A4100200D4200202B
:1099C000E3A9030008B50F4B1B780BB1002008BDBD
:1099D0000D4B1A780D4B1B789A42F7D10FF044FFCC
:1099E0000028F3D10A482CF0C2FD0028EED0094827
:1099F0002CF0BDFD0028E9D0074B1878B0FA80F0B4
:109A00004009E4E7394100200E4200200B420020CB
:109A10007E3300208033002011420020F0B551B188
:109A2000002807DA2D23B0F1004F137000D0404218
:109A3000012100E0002100252C460E4F002357F89D
:109A4000046B01E06346801B864203F1010CF9D9E7
:109A500013F0FF0300D125B14D1C30335354E9B24C
:109A600001250134E4B2092CE8D130305054481CAF
:109A7000C0B2F0BDE8A903002DE9F04F002495B075
:109A80002146029480461646A1464422274603A852
:109A900002AC9A46254630F0F4F8317859B9641B87
:109AA000E4B2224629460020C047002840F09080BA
:109AB0003819C0B28DE0252918D0B9F1000F19D19D
:109AC00004F8011B12AB9C42C0F0D680641BE4B2C8
:109AD000294622460020C0470146002878D13C4450
:109AE00048222846E7B230F0CCF8C4E0B9F1000FC4
:109AF00000D101363278622A48D022D8252A3FD0B8
:109B000004D8002ACBD04FF00009DBE7392A15D85A
:109B10002F2AF8D9717801F0DF01582940F0DB8055
:109B2000322A06F1010940F0C380204604223AF8A7
:109B3000041B28F006FB04464E46E4E7582A17D0DB
:109B4000E1E7632A6BD0A2F1640C5FFA8CFCBCF1F4
:109B5000140FD8D80121614B01FA0CF919EA03005E
:109B600040F08C8019F4104960D1BCF1140FA9D1D8
:109B7000204602221AF8041B28F0E3FA0446C2E742
:109B8000214601F8022B62700C46BCE74FF0000939
:109B9000DAF800300DF1480B0193DAF80430009345
:109BA000009B994502D10AF1080AACE7019B2046C7
:109BB000022213F8091028F0C4FA5845044612D3BB
:109BC000441BE4B2294622460020C047014618B192
:109BD000002015B0BDE8F08F3C4448222846E7B28B
:109BE00030F04FF82C46009B5A1E4A4584BF202275
:109BF00004F8012B5C450FD3641BE4B229462246CE
:109C00000020C04701460028E2D13C4448222846B3
:109C1000E7B230F036F82C4609F10109C0E75346A7
:109C200053F8042B9A4604F8012B6CE7D146641BC9
:109C3000E4B22246294659F804ABC04783460028BF
:109C4000C6D101463C4448222846E4B230F019F817
:109C50005FFA8BF31AF803005F460BF1010B002843
:109C6000F6D1FFB23A465146C0470028B0D1CA46A5
:109C700081463C44E7B22C4601360EE76C2ADAF8FE
:109C800000000AF104090FD17378752B01D0642B01
:109C900004D1B3F1750118BF012101362246FFF747
:109CA000BDFECA4604442EE7752A08BF0021F5E729
:109CB000342A10D1564656F804AB04224FEA1A4112
:109CC000204628F03EFA1FFA8AF1042228F039FAD9
:109CD000B246044630E74FF00109F3E60101020005
:109CE00073B50024684600F0E7F90C4B00981C603F
:109CF0000B4B0C4D1C600C4E0C4B306018602C60F4
:109D000028F076FA2046019B3268083BDB08538036
:109D10002B6801332B6002B070BD00BFEC1F002028
:109D2000E81F0020F01F0020F81F0020F41F002073
:109D30002DE9F04F0026154689B04A1C0C4614BF89
:109D400089464FF0080998460796002B00F0DB8003
:109D50001E60002800F0D980C71D27F0E7FA27F021
:109D6000070B07AB2146039000932A46334658461B
:109D700000F0ACF9079C064604B130B9039827F00F
:109D8000DBFA192009B0BDE8F08FDFF89CA16288EA
:109D9000DAF80010D300C0EBC2020139272A04937D
:109DA000CAF8001040F28280002D5AD183450BF191
:109DB000080551D04946204628F0D5F9814607903C
:109DC000079A02EB050B584628F012FA0799C5F3DB
:109DD000CF054A88ABF80450521BABF80220CA8862
:109DE000002A3BD0551BADB201EBC202ABF80650C6
:109DF00095808A884849A9F80420BBF80420FF0808
:109E0000A9F806200A68A9F80270944208BFC1F8B0
:109E100000B042490A68944201D1C1F800B099F8F3
:109E2000002042F0010289F80020DAF80020013217
:109E3000CAF800203A4A0398136833441360394A39
:109E400011688B4288BF136027F076FA09F1080386
:109E50000020C8F8003095E7A146B1E7ABF806202E
:109E6000C7E704EB02094846059228F0C1F9079CB0
:109E7000059AF108E088A9F80210D108A9F80410A1
:109E800088B1049BC3EBC0013144C1F3CF0104EBA3
:109E9000C000A9F806108180083AD2086280B9F89B
:109EA0000420E280BBE7A9F80600F5E7012D2ED1DA
:109EB00004F10802B2FBF9F109FB11224AB3494649
:109EC000204628F050F9814699F80020DAF8003051
:109ED00042F00102104F114D89F8002083B13B6818
:109EE0009C4204D14946002000F038F938602B68C4
:109EF0009C429FD14946012000F030F9286099E743
:109F00003B602B6096E722203CE721203AE783451F
:109F1000D5D1A146D8E700BFF81F0020F41F0020CC
:109F2000EC1F0020E81F0020F01F00202DE9F74360
:109F30000446684600F0C0F8002C00F0B18027F01D
:109F4000F5F914F808CC81461CF0010F00F0AA8046
:109F500034F8061C002900F0A580534D34F8047C29
:109F6000D5F800E04A1C0EF10103A4F1080692B2F4
:109F70002B60002F37D0A6EBC70393F800800CF0BE
:109F8000020C18F0010F20D1BCF1000F20D15A882B
:109F9000023111448AB2C5F800E034F802CCBCF1B9
:109FA000000F22D114F8085C511E6FF3000504F86D
:109FB000085C002589B224F8065C5980197865F39D
:109FC000000119700021D9802FE0BCF1000F0AD0E8
:109FD00014F8081C17446FF3410104F8081C002111
:109FE000BAB29980D9E73346D7E706EBCC01DDE971
:109FF00000700744B942D5D216F83C6016F001074C
:10A000002ED014F8085C6FF3000504F8085C0025F6
:10A0100024F8065C541E5C801C7865F300041C70F8
:10A02000CC1AC4F3CF04DC808C80204C216819B199
:10A03000994201D8498801B923601D4C216819B1A2
:10A04000994201D3498801B923601A4948460B68EF
:10A050009B1A0B6027F070F9002003B0BDE8F08375
:10A060004E884F8001363244CE8892B2B6B101EBB1
:10A07000C6012E68013E2E6014F8085C6FF30005DF
:10A0800004F8085C002524F8065C541E5C801C78EB
:10A0900065F300041C700029C2D193E73146E8E75C
:10A0A0002220DAE70120D8E7F01F0020F81F002067
:10A0B000F41F0020EC1F00200249034A0160521ADD
:10A0C00042607047C859002000000120F0B54C1CC8
:10A0D000074608BF0821AAB91E480468002C37D0DB
:10A0E0006688DB0003EBC606C1F1000C2078C007D0
:10A0F0000AD52ABBE08850B304EBC004668803EBA2
:10A10000C606F3E71448E8E7BE42F2D362B904F1A9
:10A110000805B5FBF1F001FB1055E8190DB1B0428F
:10A12000E8D8059B1C60F0BD08290ED06588013574
:10A1300004EBC505E81B00EA0C00281A8642F0D2A1
:10A14000A08820B1A4EBC004D8E73846E9E704466C
:10A150002046E6E7F81F0020F41F002013B5044650
:10A16000084621B96846FFF7A7FF6CB90098037845
:10A17000DA0707D55CB9C3889BB100EBC30003784D
:10A18000DB07F8D402B010BD164B1868EFE7012CBE
:10A1900007D183882BB1A0EBC3000378D907F8D48B
:10A1A000F0E76846FFF788FF002300980278D2079F
:10A1B0000CD4002CE6D0C388002BE3D000EBC30204
:10A1C00010F83330DB0706D503461046C28822B1AB
:10A1D00000EBC200EAE71046EDE7002BE6D0184698
:10A1E000D0E700BFF41F0020054B1A782AB95B782E
:10A1F000002B0CBF0320022070470120704700BFD6
:10A20000204200200329F8B598BF124B05460E46A0
:10A210008CBF00245C5C032805D8DFE800F002084E
:10A220000B0E44F002040C4B1F684FB9F8BD44F00C
:10A230000804F8E744F02004F5E744F08004F2E76E
:10A240007B681A68144203D0314628465B689847F9
:10A250003F68EAE70CAA03002820002038B5104D1B
:10A260002B78ABB10F4C23781BB100F051FB0023CE
:10A270002370002027F0D0FF0B4C50B100F09AFB68
:10A280000023012120782B70FFF7BCFF01232370EE
:10A2900038BD0122054B1A702278054B1A70F7E77A
:10A2A0001C4200201A420020224200201D420020B1
:10A2B0001E42002010B527F02EF8064B04461B78EE
:10A2C0001BB1BDE8104027F02AB8FFF7C7FF2046B2
:10A2D000F7E700BF19420020094A137830B1013373
:10A2E0001370084B1B78012B03D87047013B137088
:10A2F0007047054B1B780BB9FFF7B0BF704700BF25
:10A3000020420020224200201D42002070B527F08C
:10A3100002F8164E05463378D3B900F081FC0446A6
:10A3200020B1284626F0FBFF204670BD104827F0DC
:10A3300006F800F037FF0F4B1C6000F059FD0E4B84
:10A340000E4A1860536F43F00103536727F06BFF09
:10A3500000F0E2F927F062FF094B002418600123A6
:10A360002846337026F0DBFFDEE700BF23420020E3
:10A3700028200020FC1F0020242000200040005046
:10A38000002000202DE9F843284A0138135C39B138
:10A39000274F013339781354012904D8BDE8F883D5
:10A3A000013B1354FAE7FFF71FFF0128044635D895
:10A3B00026F0B1FFDFF88480054698F8003013B32B
:10A3C0001C4E33781BB9012232701B4A1370DFF820
:10A3D000709099F8003023B100F09AFA002389F8C0
:10A3E0000030284626F09BFF012027F015FF26F0BD
:10A3F00092FF337805461BB100F0DCFA002333707E
:10A40000002388F80030284626F089FF38788442F7
:10A41000C4D02146FFF7F6FE3C70BFE70329F5D113
:10A420000228F3D127F0FEFEF0E700BF2042002013
:10A4300022420020194200201D4200201C42002020
:10A440001A42002038B526F066FF094B05461B78F6
:10A45000012B04D826F063FF0024204638BD054BAD
:10A460001C6800F0E5FA0444284626F058FFF4E79B
:10A4700022420020FC1F002038B54160044626F02F
:10A480004AFF05462146044826F05CFF2846BDE801
:10A49000384026F044BF00BF28200020054B1B6831
:10A4A0005843054B00F5742000F23F20B0FBF3F059
:10A4B000704700BF2420002040420F002DE9FF47D5
:10A4C000EFF3108772B6AFF3008026F0B2FD0028DC
:10A4D00071D06D4EDFF8D481337823B10020FFF7BF
:10A4E000FBFE00233370FFF77FFE0446002869D08F
:10A4F000841EE4B2012C6CD9FFF776FE01280546D4
:10A50000624CDFF8AC9100F28E802078A84205D032
:10A5100099F80030002B00F0A5802570207800F01D
:10A5200071FA99F8003013B1594B1B782370AFF3CF
:10A53000008007B962B6EFF3108772B6554B1A78F0
:10A5400052B100221A70524B20781B78984203D1E6
:10A5500001212170FFF756FE4F4800F09BFB26F0CB
:10A560007CFD05460028B7D1DFF8488198F8003017
:10A57000A3B189F80000DFF8309199F800301BB1E1
:10A5800000F0C6F989F80050002027F045FE0028A9
:10A5900070D000F00FFA002388F80030337823B130
:10A5A0000020FFF799FE0023337000212078FFF789
:10A5B00029FE00232370AFF3008007B962B604B010
:10A5C000BDE8F0873378002B96D0FFF785FE347016
:10A5D00092E7002003A900F0ABFB044600288BD1D2
:10A5E000D8F80030039A9A4205D80120FFF774FE8C
:10A5F0000123337080E7294B1D6800F019FA039B93
:10A6000005449D42F1D200F02BFA8200039942F0FA
:10A61000020292B2CDE900422346214A491B1E485C
:10A6200027F00CFE68E7DFF88CA09AF800300BB931
:10A6300000F000F92078854203D099F80030ABB1E2
:10A6400025709AF80030002B7FF468AF154B1B780B
:10A6500023B900F057F90122134B1A7001238AF82D
:10A6600000305BE72946FFF7CDFD56E72946FFF7A7
:10A67000C9FDE5E7012000F0C5F907B962B6EFF3BF
:10A68000108772B680E700BF1B42002022420020E4
:10A690001E4200201742002004200020FC1F002042
:10A6A000B5A200001F4200201A4200200020002016
:10A6B0001D4200201C42002010B526F02CFE002276
:10A6C000054B1C781A7026F02AFE00F0A9FCE4B2B3
:10A6D0002043C0B210BD00BF1842002010B5094B86
:10A6E0001B786BB1084C237853B100F063F9002359
:10A6F000064A237013700123054A1370054A13702C
:10A7000010BD00BF224200201D4200201C4200203C
:10A7100018420020174200203B4A3C49136F70B595
:10A7200003F007030B60D2F80011394801F0030170
:10A7300001603849384D8969032BC1F34001297004
:10A7400059D0D2F8203103F00703981E4342434109
:10A75000D2F88022314C02F0010213434FF4C8704A
:10A760002370FFF79BFE00222D4B2E4918602E4EC2
:10A770000B680132D2B20A2A46F8040BF9D103441D
:10A7800000EBC00003440B602B78284D63B32378A3
:10A790001D4A3BB9D2F8003103F00303591E4B4266
:10A7A0004B412370D2F8003103F00303022B24D075
:10A7B000032B25D0012B17D1FAF7C2FB024698B123
:10A7C000144B1B4EDC6800231946C4F30B04013400
:10A7D00004EB84040138E4FB060126F013FAFFF7CA
:10A7E0005DFE2B6803442B601F20FFF757FE2B688C
:10A7F00003442B6070BD0123AAE7FAF7FFFBDDE7F6
:10A8000026F033FDDAE700BF00800050642000200E
:10A810006820002000C0015027420020284200206C
:10A820002C20002030200020342000206020002038
:10A8300040420F00044B054AD3F8203103F00703D0
:10A84000136026F0FCBD00BF008000506C2000208B
:10A8500008B50D4B1A7892B100221A700B4A136F8B
:10A8600023F0070343F001031367D2F8203123F0EC
:10A87000070343F00403C2F82031FAF74BFB01222F
:10A88000034B5A6708BD00BF2642002000800050DD
:10A8900000E000500122154B10B55A67144B154CBF
:10A8A0001B7813B3022027F02BFDF0B100F070FAF3
:10A8B000D8B1A36DD90302D5E36D9A0715D40D4B1A
:10A8C0009B6DDB0711D401220B4B1A7027F0F9FCAA
:10A8D000BDE81040094B0A4A1860136F23F00703C4
:10A8E00043F003031367FAF715BB10BD00D0005007
:10A8F0002842002000C00050254200205C2000209B
:10A90000008000500122014B1A707047264200203F
:10A91000F8B51F4B1B78002B39D01E4C2378B3B9E8
:10A920001D4B9A6DD10302D5DA6D92072FD49B6D22
:10A93000DB072CD427F0C5FC184B194A1860136F9D
:10A9400023F0070343F003031367FAF7E3FA27F052
:10A95000B8FC124B134D1B68134EC01A2B78134FC3
:10A9600056F8232046F82300111A3A681048521A64
:10A970000A213A600932B2FBF1F20133DBB2026024
:10A98000B3FBF1F201FB12332B7000232370F8BDEF
:10A99000284200202542002000C000505C200020FA
:10A9A000008000502442002034200020302000206D
:10A9B0002C20002008B526F043FD0D4A0D49136FE9
:10A9C000096823F007030B4313670B49D2F82031C2
:10A9D000096823F007030B43C2F82031074B1B78AB
:10A9E00013B10122064B9A62BDE80840FAF792BA09
:10A9F00000800050642000206C20002028420020AD
:10AA000000E0005002280AD003280BD001280CD106
:10AA1000064A136923F00403136130BF7047002016
:10AA2000FBF71EBD0020FBF73BBD704700ED00E0CB
:10AA3000054B187818B1054B186800EBD000044B93
:10AA40001B681844704700BF284200202C200020BB
:10AA5000602000200122014B1A707047284200201C
:10AA6000014B1878704700BF284200200222014B9A
:10AA70001A6770470040005038B527F02EFC0025BB
:10AA8000084B094C1A682368C31A2AB123B15169CB
:10AA9000994203D3C91A5161206038BD55615B1AD0
:10AAA0009268F2E77820002074200020C38870B5F7
:10AAB00004460D463BB9FFF7C5FC8542064602D267
:10AAC00027F09CFB35460E4965610B688BB90C601D
:10AAD000A3600DE0AD1A9A68184665616AB1134625
:10AAE0005A69AA42F6D930B18460521BA3605A61F8
:10AAF00070BD0020F4E70C60F7E79C60A260F7E708
:10AB00007820002038B5134D2B685B6993B1124A49
:10AB1000022014681C4427F0E7FB204600F0CAFA24
:10AB200000230E492A680B70D088800709D50123BD
:10AB30000B7038BD022027F0D7FB022000F004FB89
:10AB4000EEE79268002AF4D050690344012BEBD958
:10AB5000EFE700BF78200020742000202A42002068
:10AB600070B516469DF81420C0E903360271049AA8
:10AB7000BDF818300260002204460D468260C38092
:10AB8000EEB927F0AAFB2844A0619DB12E4626F01D
:10AB9000C2FB0546FFF770FF31462046FFF786FFF0
:10ABA000104B1B68A34201D1FFF7ACFF284626F0EB
:10ABB000B6FB02E0E36865617BB9002070BD27F059
:10ABC0008CFB3044A061002DE0D1E3686561002B6F
:10ABD000DDD0204621689847D9E72046216898476C
:10ABE000EBE700BF7820002000220C490B687BB106
:10ABF00083420AD183687AB1936083681BB15A6932
:10AC000041690A445A61002070471A469B68EEE782
:10AC10000028EFD0022070470B60EEE7782000207C
:10AC200070B526F083FB144E05463478FCB9134BFF
:10AC30001C60134B1C60134B1C8000F0FDF90120BD
:10AC400027F052FB00F0A2FA0F4B0246186020B921
:10AC5000284626F071FB232070BD234640F2E731E1
:10AC60000A4825F0CFFF0A4B1860012333702846AD
:10AC700026F062FB0020EFE72B4200207820002026
:10AC800074200020863300207C20002018FCFFFF69
:10AC90007020002070B5044640B326F03CFB144EF3
:10ACA0000546FFF7E9FE3068A04209D02046FFF7CD
:10ACB0009BFF0446B0B1284626F031FB204670BD0C
:10ACC000FFF792FF04460028F5D133683BB9022014
:10ACD00000F022FA284626F022FB0024EEE7FFF7D8
:10ACE00011FFF7E73368002BF4D1F0E72224E5E702
:10ACF0007820002038B50C460546A8B1A1B1002344
:10AD00000B7026F013FB0121084B1B6833B926F0AA
:10AD100013FB002038BD9D4204D121702278002A07
:10AD2000F9D0F4E79B68F1E72220F3E778200020D0
:10AD3000F8B506460F4626F0F9FA00250446124BF0
:10AD40001B6823B9204626F0F7FA1B2011E05A6948
:10AD50001544DA88B2420DD127F0BFFA0B4E3368A2
:10AD6000C01AA8420AD3002320463B6026F0E4FA2A
:10AD70000020F8BDFF2EEFD09B68E2E727F0ADFA88
:10AD800033682B441B1AEFE7782000207420002042
:10AD900008B5084B1B7803F0FF004BB127F091FA80
:10ADA000054B1B689B69C01A02288CBF002001203C
:10ADB00008BD00BF2A4200207820002070B526F090
:10ADC000B5FA064627F089FA084B04461D8801208B
:10ADD000ADB227F095FA18B127F07FFA0446013595
:10ADE000304626F0A9FA2046294670BD8633002059
:10ADF000014B1868704700BF7C200020F8B50C4B51
:10AE000005461B680E4683420FD3002440F2E7300C
:10AE10002146084B4FF47A721F680023E5FB0701B7
:10AE200025F0F0FE30602046F8BD2120FCE700BF91
:10AE3000702000207C200020014B1868704700BF64
:10AE4000702000200F4B10B51A689AB14FF47A7138
:10AE5000531E1342A0FB01010ED1B2FA82F2C2F1DD
:10AE60001F04531CD243E04001FA03F3184321FAB4
:10AE700002F20243104610BD002325F0C3FE024635
:10AE8000F8E700BF7C20002038B5154B14468342FC
:10AE9000144B8B4121D3144B1A68F2B14FF47A75DD
:10AEA000A0FB050305FB0131531E134211D1B2FA79
:10AEB00082F2C2F11F05531CD24301FA03F3E840AA
:10AEC00021FA02F218431043E940C4E900010020CE
:10AED00038BD002325F096FEF7E72120F8E700BFF4
:10AEE000EFA7C64B378941007C200020C2072DE91F
:10AEF000F04704460BD5474A138801339BB21380B1
:10AF0000FFF7BAFD444B1B680BB1FFF7FBFDA3072E
:10AF10007ED526F00BFA4FF0000905464E46FFF7A6
:10AF2000ABFDC8463C4F3C680CB163698BB1002255
:10AF30003A4B012E1A7003D119F0020F18BF1E7080
:10AF4000002C61D0FFF7DEFD2846BDE8F04726F073
:10AF5000F3B923465A693AB91A792179914288BFDF
:10AF60001C469B68002BF5D1284626F0E5F925699B
:10AF7000DDB127F0B2F9A269A0EB02094FEAE9734B
:10AF80004D4578EB030311DA23691344A361E368A9
:10AF9000B4F80690013613B120462168984726F090
:10AFA000C5F90546FFF768FDBDE7A94626F0BEF9DD
:10AFB00082462046FFF718FE504626F0BDF9236969
:10AFC000002BE4D0A38BB5EB090533B1E28B13441E
:10AFD0009BB2B3F57A7F0FD2E38326F0A7F98146BF
:10AFE00029462046FFF762FDA369226948461344BB
:10AFF000A36126F0A1F9CAE7A3F57A73E383A369F5
:10B00000013D013BA361E8E7022000F085F89BE7E2
:10B01000BDE8F087863300207820002029420020F8
:10B0200010B526F083F9034B1C7826F085F9E4B2BD
:10B03000204610BD294200201FB500241A4B186875
:10B040009A880290D3F806009B7A00901748ADF8D2
:10B050000C208DF8043026F00AFD02A88DF8084077
:10B060008DF80C40FBF7A8FB694601208DF80040E5
:10B07000FBF75EFB4FF0B0431F219A6922F01F02DD
:10B080009A610B4A51619A6A12F00802FBD11A6266
:10B090000120FBF767FB0A20FCF7F4FD0A20FCF710
:10B0A000E3FD04B010BD00BF10AA0300CC9E030056
:10B0B0000020005810B5044626F02DF94FF0B0429C
:10B0C000936A1907FCD4136A116C5269120704D4ED
:10B0D000CA1A032A01D899420ED1E21A022A98BF4D
:10B0E000DC1CB4F1FF3F38BF013C4FF0B0431C649F
:10B0F0009A6942F008029A6126F011F9054A13781C
:10B100003BB14FF0B041CB6B43F00203CB63002364
:10B11000137010BD984D0020820700F001030AD57E
:10B120000121084A43F0080311704FF0B041CA6B87
:10B1300022F00302CA634FF0B0418A6922EA030396
:10B140008B617047984D0020830742BF0822014B56
:10B150005A6170470010005810B526F0E7F84FF01C
:10B16000B04304465B691A07074A03F0010003F085
:10B170000D0348BF40F002005361FFF7B7FE2046C1
:10B18000BDE8104026F0D8B80020005807B5044BA1
:10B1900001A9187926F066FC019803B05DF804FB5C
:10B1A000BC9E03000A4B10B5D3F8403203F00303F2
:10B1B000013B012B0BD826F0AEF8044601210220FA
:10B1C000FFF7E0F82046BDE8104026F0A8B810BD13
:10B1D0000080005024282DE9F341054604D82C4670
:10B1E000204602B0BDE8F08100240B4E0B4FDFF883
:10B1F00030800023CDF800801A461946386828F0C0
:10B20000EFFF8442EBD2252CE9D056F8043BAB4249
:10B21000E6D00134EDE700BF98AD03005C480020A4
:10B22000FFFF0F002DE9F04F634E644D3168286831
:10B2300089B004F057FA0446002827D03368002468
:10B24000D3E900019A6912689047336804A89B69A2
:10B250009B689847336802209B69DB68984732688F
:10B2600005985368E7B2B3FBF0F3BB42916904F170
:10B2700001044CD8CB680020984733689B695B6811
:10B2800098473168286804F02DFA04460026DFF854
:10B2900048914B4FDFF84481DFF844A1F4B9494BA2
:10B2A00028689B5D002B00F08280D7F800B002ABCD
:10B2B000594603AA04F058FC504507D070B9039BC7
:10B2C000012B0BD05946286804F092FCD9F80030C5
:10B2D00059461A68286804F077FB04460136252E83
:10B2E00009F1040907F1040708F10108D6D1B4FAFD
:10B2F00084F3354A5B0913702B681B7C1BB1C52195
:10B300003248FDF775FC204609B0BDE8F08F1268A1
:10B310000B6907FB00209847A1E73B6803AA194483
:10B3200002AB019104F020FC5045034601992ED058
:10B3300028682BB30BF1010B009B5FFA8BF199424C
:10B340002868EAD3224B9B5D002BC7D0DDF800B004
:10B350005FFA8BF37E2B2868C0D8396802AB59445A
:10B3600003AA009104F000FC5045B7D0009928686A
:10B3700004F03EFC0BF1010B04460028E8D0ADE7D9
:10B38000039B7BB998F80020029B9A42D2D098F890
:10B390000030D9F80020286804F07EFA0028C9D0CF
:10B3A0000446CFE7019104F023FC0199EFE7094B34
:10B3B000A3469B5D0093BFE73C4800205C4800200B
:10B3C00098AD030071AD03002C4200202CAE0300A9
:10B3D0004CAD030002AD03001CAA030027AD03001F
:10B3E0000BE000F0F8B50D4616461F46FFF7F2FEDB
:10B3F000242804461CD8164B1B780BB3154B186831
:10B40000154B53F82410154B1B5D3BB1324604F02D
:10B4100027FB0446A0B126F09AFF12E07F2D08BF5B
:10B4200000253B46324651FA85F104F07FFAF0E7F9
:10B43000FF2808D981B23B463046EAB226F042FEE8
:10B4400000242046F8BDFB210548FDF7D1FBF7E7B6
:10B450002C4200205C48002098AD030071AD030031
:10B460002CAE0300F8B50D4616461F46FFF7B2FE98
:10B47000242804461CD8164B1B7803B3154B1868B8
:10B48000154B53F82410154B1B5D3BB1326804F08B
:10B490009BFA044698B126F05AFF11E07F2D08BFB1
:10B4A00000253B46324651FA85F104F0F5F9F0E704
:10B4B000FF2807D93A46314680B226F00CFE002418
:10B4C0002046F8BD40F235110548FDF791FBF6E73F
:10B4D0002C4200205C48002098AD030071AD0300B1
:10B4E0002CAE030010B5FFF775FE0A4B1B7813B99D
:10B4F0000024204610BD084B002253F82010074BB3
:10B50000186804F0EBFA04460028F1D026F01FFF7B
:10B51000EFE700BF2C42002098AD03005C480020FC
:10B5200073B516461D46002B6FD04BF2346398421C
:10B5300010D1082D28BF082535492A4630462EF05F
:10B54000B2FB2A46304633492EF071FB30B300205F
:10B5500002B070BDC9B27F2980B208BF00219842F5
:10B5600018D17F2241F202016846082326F0AAFD85
:10B570000822684627492EF05AFB30B908237F225B
:10B5800041F2F011684626F09DFD6B4603CB30601A
:10B590007160DCE741F2F01398421CD11E4B701E23
:10B5A000996CDA6C2B462C1F013B9C4200F8011F62
:10B5B0004FEA11210CD1002CC9D00423D9B207299C
:10B5C000F2544FEA1222C2D001339D42F6D1BEE7B7
:10B5D000002BE9D1BBE700F47043B3F5805F0AD1DB
:10B5E000C0F30B0404F17E642A46304605FB01419A
:10B5F0002EF059FBABE700F46043B3F5005FA6D132
:10B60000C0F30B0404F5FC24EEE72120A0E700BF03
:10B610000200E00F2EAF03000080E00F30B51346AC
:10B6200000F07E62B2F17E6F89B00DD10A46C0F3A0
:10B630000B016846FBF7CEFD20B14FF4BD71094800
:10B64000FDF7D6FA09B030BD5A0826F081FE002871
:10B65000F8D040F26F11034809B0BDE83040FDF763
:10B66000C7BA00BFAAAE03002DE9F7430446E007BE
:10B670000F46154604D540F2C5113748FDF7B8FA14
:10B68000E90704D54FF4E3713348FDF7B1FA04F448
:10B690007043B3F5805F41D1C4F30B042F4A04F12A
:10B6A0007E646B1E2344934232D82646DFF8A8906E
:10B6B00006EB0508464544D1A2070ED04FF6FF73AE
:10B6C00037F8022BA01E43EA024304220DEB0201CD
:10B6D0000193FFF7A3FF0234023DAB070ED0023DFA
:10B6E00025F00103FB5A04226FEA03436FEA134378
:10B6F0000DEB020160190193FFF790FF25B12A4677
:10B7000039462046FFF78AFF002003B0BDE8F083EA
:10B7100040F2CB111048FDF76BFAC6E704F4604322
:10B72000B3F5005F04D1C4F30B0404F5FC24BCE7BB
:10B730004FF4E9710848FDF75BFA6FF00F0600243B
:10B74000B4E716F8013BFF2BB4D04FF4EE71484636
:10B75000FDF74EFAAEE700BFAAAE0300FF03E00F0D
:10B760002DE9F04FE2289FB02CD8DC2808D87028AB
:10B7700000F0CC80C03883B2092B0AD900205CE0ED
:10B78000DE38042800F29680DFE800F09FA6B1B60C
:10B79000BD000928F2D801A353F820F0A7B8000093
:10B7A0007DB700007DB700007DB700007DB70000C9
:10B7B0007DB7000041B800007DB7000091B80000DF
:10B7C000D7B70000F52800F0A480B0F58C7FD5D164
:10B7D0000BF028FF2EE02AF058FB044609A82AF0B7
:10B7E000B9FC0EF059F805462AF03BFB06462AF054
:10B7F00038FB07462AF035FB0DF11C0A80465146FE
:10B8000008200DF1300B0EF04FF8594610200EF0C5
:10B810004BF82AF03AFB81460EF03EF83346CDE96C
:10B8200004902A462046CDE902ABCDE9007809A96B
:10B830000BF0A8FD0EF04EF801201FB0BDE8F08F10
:10B840000EF02AF804460EF027F805460CA82AF058
:10B8500081FC0EF021F806460EF01EF807460EF0A9
:10B8600031F880460EF018F881462AF0FAFA291EBF
:10B8700018BF0121CDE90290201E334618BF0120D8
:10B88000CDE900780CAA29F04AFE2AF0F4FAD3E7B1
:10B890000EF002F80CA90BF0C3F92AF0ECFA0CA890
:10B8A0002AF092FCC8E70CA82AF054FC0CA80BF074
:10B8B0000FFABFE70DF0F0FF0CA90BF093FE2AF092
:10B8C000DAFA0CA82AF0CFFCB6E70CA82AF042FC62
:10B8D0000CA80BF00DFEADE70DF0DEFF04460CA842
:10B8E0002AF09AFC20460CA90BF09EFFCDE70DF044
:10B8F000D3FF0BF087FF9FE70CA82AF02BFC0CA8C6
:10B900000BF03AFE96E70BF067FF95E70CF018F89E
:10B9100092E70DF0C1FF04462AF0B7FA014620462F
:10B920000BF00AFE88E700BF2DE9F0436A288DB0CE
:10B9300000F2868032280DD80020D7E06FF49B7388
:10B940001844032800F27581DFE810F078017D01CA
:10B950008C01940133383728EED801A353F820F036
:10B96000E3BA0000F3BA000039B9000033BB0000AD
:10B9700039B9000093BB0000DFBB000039B90000FB
:10B9800039B9000039B9000039B9000039B90000EF
:10B9900039B9000039B9000003BC000017BC000031
:10B9A00039B9000039B9000039B9000039B90000CF
:10B9B00039B9000039B9000039B9000039B90000BF
:10B9C00039B9000039B9000039B9000039B90000AF
:10B9D00039B9000097BC0000D5BD000039B900009E
:10B9E00039B9000039B9000039B9000039B900008F
:10B9F00039B9000039B9000039B900008DBC000028
:10BA0000B5BC0000BFBC000039B90000DDBC0000BF
:10BA100039B900006BBD000089BD000039B90000D4
:10BA200099BD0000AFBD000039B900007FBB000028
:10BA300039B9000039B9000039B9000007BE00006B
:10BA400040F21B13984200F0EA81B0F58E7F33D2AA
:10BA5000EF2800F0DB8122D8822800F05D810DD82C
:10BA60007E2800F04C817F287FF466AF082009A96A
:10BA70000DF01AFF09A81CF019FB87E0AE287FF42F
:10BA80005BAF2AF0EEF904460DF006FF05460DF017
:10BA900019FF2946024620462DF0A6FD76E0F4283F
:10BAA00000F0AC81FE2800F08D81F3287FF444AFD4
:10BAB00009A814F03DFCACE1B0F59D7F3FF63CAF2A
:10BAC000B0F59B7FBFF43AAF40F21D13984200F0EF
:10BAD000A98140F2211398427FF42EAF1BF010F899
:10BAE00001E018F0A5FD0DF0F5FE01200DB0BDE858
:10BAF000F0830DF0D1FE04462AF0B3F9054609A8FB
:10BB00002AF018FA2AF0ADF906460DF0C5FE0746F0
:10BB10000DF0D8FE07ABCDE901032946204600977A
:10BB2000F3B209AA29F01EFE2AF0A5F99DF81C001F
:10BB3000D9E72AF096F905462AF093F906460DF062
:10BB4000ABFE074609A82AF0F5F90DF0A5FE8046E0
:10BB50002AF087F904460DF09FFE81460DF0B2FEF3
:10BB6000E4B207ABCDE903033A4631462846CDE9B6
:10BB70000084CDF8089009AB29F006FED4E7082030
:10BB800009A90DF091FE09A818F046FD2AF073F9F5
:10BB9000ABE709A82AF0CEF90DF07EFE05462AF0A3
:10BBA00060F906462AF05DF907460DF075FE8046FD
:10BBB0002AF057F904460DF06FFE81460DF082FE23
:10BBC000E4B207ABCDE9030332463B462946CDE953
:10BBD0000084CDF8089009A829F0E6FDA4E72AF032
:10BBE00040F9044609A82AF0A5F90DF055FE0546CE
:10BBF0000DF068FE2A46034609A920460CF0B0F96C
:10BC0000C4E72AF02EF904460DF046FE0146204610
:10BC100016F02AFBBAE72AF024F904460DF03CFEA0
:10BC200005460DF039FE2946024620460CF042FE3C
:10BC3000ACE72AF016F915F0F9FBA7E72AF011F99D
:10BC400015F012FCA2E72AF00CF909A90446082015
:10BC50000DF02AFE0DF020FE09A9024620461FF035
:10BC6000C7F993E7082009A90DF01EFE09A82CF0DA
:10BC7000BEFE8BE72AF0F5F8044609A908200DF06E
:10BC800013FE204609A92CF09DFE2EE70DF004FEC0
:10BC900029F012FE7AE72AF0E4F809A90446082000
:10BCA0000DF002FE2AF0DDF809A90246204629F02F
:10BCB00001FE6BE70DF0F0FD1AF0EEFE13E70DF05C
:10BCC000EBFD09A9044608200DF0EEFD2AF0C9F8A5
:10BCD00009A9024620461CF00DFA57E70DF0DCFDDD
:10BCE00009AA07A91CF018F92AF0C5F8BDF81C002C
:10BCF0002AF0ADF8082009A90DF0FCFDF5E609A928
:10BD000008200DF0D1FD0DF0C7FD011E18BF012167
:10BD100009A81CF03BFA39E70DF0BEFD07A904465F
:10BD200008200DF0C1FD2AF09CF805460DF0B4FD89
:10BD30000DF1190302930DF11A03019309AE031ECD
:10BD400018BF01232A4607A92046009629F04FFD77
:10BD50002AF091F8314608200DF0CCFDBDF81A000C
:10BD60002AF075F89DF81900BDE609A908200DF024
:10BD70009BFD07A909A811F057F82AF07CF8BDF837
:10BD80001C002AF064F8B0E62AF06BF809A911F05B
:10BD900071F82AF070F8ADE70DF07EFD09A929F0E1
:10BDA00049FD2AF068F809A82AF0DCF89DE60DF0B4
:10BDB00073FD044609A82AF0DFF8204609A929F0F6
:10BDC0004FFDE3E60DF068FD003818BF01202BF0B1
:10BDD000E6FADBE60DF060FD04460DF073FD054666
:10BDE0000DF05AFD06460DF057FD031E18BF012346
:10BDF00032462946204629F0E8FCC7E62AF045F8F5
:10BE000017F06AFD71E62AF075FE6CE609A814F0D9
:10BE1000BDFA2AF030F809A82AF0B7F865E62CF048
:10BE200036FDB3E60DF038FD04460DF035FD011E7C
:10BE300018BF0121204613F027FAA7E62DE9F043A9
:10BE4000D328A9B000F23281C92806D84C2800F2C4
:10BE5000E98003284ED80020F1E1CA380928FAD831
:10BE600001A353F820F000BF45C2000057BE0000F8
:10BE700057BE000057BE000057BE000057BE00006E
:10BE80009FC50000A9C5000057BE00008DC200007C
:10BE9000B9380A28DFD801A353F820F0CDC7000035
:10BEA00057BE000057BE000057BE000057BE00003E
:10BEB00057BE000057BE000057BE000069C5000015
:10BEC00063C500005DC5000095380728C3D801A3ED
:10BED00053F820F00DC6000057BE000057BE00000A
:10BEE00057BE0000F1C50000FDC5000057BE0000B0
:10BEF000C7C3000004384828ADD801A353F820F088
:10BF000041C7000057BE000057BE000057BE0000EA
:10BF1000C1C7000057BE000057BE000057BE00005A
:10BF200057BE000057BE000057BE000057BE0000BD
:10BF300017C6000079C6000057BE000057BE0000BB
:10BF400057BE000031C200004FC2000059C20000BD
:10BF500067C2000057BE000071C2000057BE00005B
:10BF600057BE0000A1C20000A7C20000B5C2000079
:10BF70008BC3000095C30000BDC3000057BE000086
:10BF800057BE000057BE000057BE000057BE00005D
:10BF9000EBC300005FC4000057BE000057BE0000A6
:10BFA00057BE000057BE000057BE000057BE00003D
:10BFB00057BE000057BE000057BE000057BE00002D
:10BFC00057BE0000EFC6000057BE000037C7000094
:10BFD00057BE000057BE000057BE0000CBC2000095
:10BFE000C7C7000057BE000087C5000057BE00004D
:10BFF000FFC6000057BE000057BE000057BE00003D
:10C0000057BE000057BE000057BE000057BE0000DC
:10C0100057BE000057BE0000D3C400000DC700008B
:10C020001FC700009C282AD894283FF64DAF7A28D5
:10C0300000F0BD827B2800F0BD8279287FF40BAF31
:10C040000DF02AFC06A912F083F829F014FFBDF8C0
:10C05000180029F0FCFE9DF81A000DF03BFC9DF83D
:10C060001B000DF037FC9DF81C000DF033FC9DF813
:10C070001D000DF02FFC0DF11E01082058E3C32810
:10C080003FF6E9AEB8283FF603AFAC2800F0428295
:10C09000AD287FF4E0AE06A908200DF005FC29F0DC
:10C0A000F4FE014606A812F05FFAC5E0F73883B245
:10C0B0005A2B3FF6D0AE5A283FF6CDAE01A353F827
:10C0C00020F000BFCDC6000083C60000AFC6000050
:10C0D000B9C60000D3C6000057BE00003BC4000034
:10C0E00057BE000007C6000057BE000057BE000044
:10C0F00057BE000057BE000057BE000057BE0000EC
:10C100002BC5000053C5000057BE000057BE0000FD
:10C1100057BE000057BE000057BE000057BE0000CB
:10C1200057BE000057BE000057BE000057BE0000BB
:10C1300057BE000057BE000057BE000057BE0000AB
:10C1400057BE000057BE000057BE0000D7C7000012
:10C15000EFC7000057BE000057BE000057BE0000EA
:10C1600057BE000003C8000057BE000057BE0000C5
:10C1700019C8000023C8000029C8000039C8000001
:10C1800057BE000009C8000057BE000057BE00009F
:10C1900057BE000057BE000057BE000057BE00004B
:10C1A00057BE000057BE000057BE000057BE00003B
:10C1B00057BE000057BE000035C500003FC5000057
:10C1C00057BE000057BE000057BE000057BE00001B
:10C1D00057BE000079C400007DC4000079C400008F
:10C1E00083C4000089C40000A9C40000AFC40000DB
:10C1F000BBC40000C7C40000CDC4000093C400004D
:10C2000099C4000057BE000057BE000057BE000092
:10C2100057BE000057BE000057BE000057BE0000CA
:10C2200013C8000059C600005FC6000065C60000C4
:10C2300029F017FE1CF0F4FD29F01DFE012029B0A5
:10C24000BDE8F0831CF0E6FD29F001FEF6E729F0D9
:10C2500008FE1CF0EBFDEFE706A829F0E8FE06A8B3
:10C2600013F002FCE8E710F0EDF90DF033FBE5E721
:10C270000DF012FB044629F008FE05460DF00CFBFC
:10C2800029460246204611F079FAD5E729F0FDFD4E
:10C2900004460DF001FB014620462AF0FBFECBE7E9
:10C2A0002AF0F3FEC8E706A829F028FE06A813F036
:10C2B000D1FAC1E70DF0F0FA044606A829F01EFEF7
:10C2C000204606A92BF09EF8B6E70DF0E5FA1622F7
:10C2D0000021044606A82DF0D4FC0DF0DDFA8DF8FF
:10C2E0001C000DF0D9FA8DF81D000DF0D5FA8DF86F
:10C2F0001E000DF0D1FA8DF81F000DF0CDFA8DF86B
:10C3000020000DF0C9FA8DF821000DF0C5FA8DF866
:10C3100022000DF0C1FA003818BF01209DF8253029
:10C3200060F300038DF825300DF0B6FA003818BF21
:10C3300001209DF8253060F341038DF825300DF084
:10C34000ABFA003818BF01209DF8253060F3820356
:10C350008DF8253029F085FDADF8180029F081FD14
:10C360000DF12601ADF81A0008200DF09DFA0DF030
:10C3700093FA05460DF090FA031E18BF01232046DC
:10C380006AB206A913F0B8F956E70DF085FA2BF05A
:10C39000A9F851E70DF080FA044629F076FD05462C
:10C3A0000DF07AFA06460DF077FA0346201E324663
:10C3B000294618BF012029F07BFA3DE70DF06CFA01
:10C3C00012F032FF38E729F04CFD044629F05DFDFC
:10C3D00005460DF061FA064629F043FD3246034654
:10C3E000294620461CF09CFA26E706A905A829F054
:10C3F0004CFA29F040FD9DF814000DF06BFA06A9E7
:10C4000008200DF077FABDF8200029F020FD9DF8F6
:10C4100022000DF05FFA9DF823000DF05BFA9DF805
:10C4200024000DF057FABDF8260029F010FD9DF804
:10C4300028000DF04FFA0B98FEE60DF02DFA06A934
:10C4400010F086F929F017FD9DF818000DF042FA5A
:10C450009DF819000DF03EFA9DF81A0005E705A9B0
:10C4600006A829F014FA0DF035FA082006A90DF0F7
:10C4700041FABDF81400E7E60020F6E600F01AFFE6
:10C48000F3E611F015FCD7E629F0FFFC11F0A6FD4C
:10C49000D2E610F02BFCD7E610F028FC10F0070FC6
:10C4A0000CBF01200020E0E62AF0C1FFDDE610F01D
:10C4B0001DFCB0FA80F04009D7E61AF021FB80F0AD
:10C4C0000100C0B2D1E610F09FFCB7E62AF083FB72
:10C4D000B4E60DF0E1F906A91EF008FC29F0CBFC4A
:10C4E00006A908200DF006FA9DF820000DF0F2F9DB
:10C4F000BDF8220029F0ABFC9DF824000DF0EAF90C
:10C500009DF825000DF0E6F99DF826000DF0E2F902
:10C510000A9891E60DF0C0F9044606A829F03FFDFF
:10C52000204606A92CF0B8F986E60DF0B5F92CF0F6
:10C53000C1FF89E60DF0B0F921F0C6FCC1E70DF0AE
:10C54000ABF904460DF0A8F941B2204621F0D2FC27
:10C5500074E629F086FC2CF0AFFF86E629F043F95B
:10C5600083E629F042F980E60DF096F905AA06A9BE
:10C5700029F037F929F07FFCBDF8180029F067FC95
:10C580009DF8140071E6082006A90DF08DF905A9A3
:10C5900006A811F0C9FF29F06EFC05984CE60DF0D5
:10C5A0007BF929F01AF947E629F019F95DE611F04F
:10C5B000C1FD5AE60DF070F906A91FF01DFB29F028
:10C5C0005AFCBDF8180029F042FCBDF81A0029F009
:10C5D0003EFC9DF81C000DF07DF99DF81D000DF04E
:10C5E00079F99DF81E000DF075F99DF81F003CE6E5
:10C5F0000DF052F940B22AF040FA1DE60DF04CF968
:10C6000012F0ECFE18E62AF061FA2EE60DF044F97D
:10C610002AF06AFA10E60DF03FF9044629F021FCF1
:10C62000054629F01EFC064629F01BFC07460DF0C6
:10C6300033F980460DF030F981460DF02DF9CDE942
:10C640000190201E3B463246294618BF0120CDF8F6
:10C65000008029F0AFFAEFE52CF0D0FFEEE52CF0EA
:10C66000CFFFEBE529F011FC044629F0FAFB014667
:10C67000204621F0BDFEE1E50DF00EF929F098FA13
:10C68000DAE50DF009F904460DF006F905460DF05E
:10C6900003F906460DF000F907460DF0FDF83246A5
:10C6A0000090294620467BB22AF0CFF9C4E50DF070
:10C6B000F3F82AF0CCF9BFE50DF0EEF804460DF0E2
:10C6C000EBF841B220462AF0C4F9B5E521F016FA9C
:10C6D000B2E50DF0E1F804460DF0DEF805460DF088
:10C6E000DBF82946024620462AF0B5F9A4E506A85B
:10C6F0002AF0A2F929F0BFFB9DF81800B5E506A8BD
:10C7000029F0E5FD06A82AF099F995E506A82AF092
:10C7100097F929F0B0FB06A829F0CCFD8EE50DF0C5
:10C72000BBF806A929F0CAF829F0A5FB862006A9BE
:10C730000DF0E0F882E50DF0AFF813F08DFE7BE52B
:10C740000DF0AAF806A913F055FE29F094FB9DF808
:10C750001C000DF0BFF89DF81D000DF0BBF89DF812
:10C760001E000DF0B7F89DF81F000DF0B3F89DF80E
:10C7700020000DF0AFF89DF821000DF0ABF89DF80A
:10C7800022000DF0A7F89DF8250000F001000DF043
:10C79000A1F89DF82500C0F340000DF09BF89DF82E
:10C7A0002500C0F380000DF095F8BDF8180029F0C1
:10C7B0004EFBBDF81A0029F04AFB0DF126015CE49E
:10C7C00013F044FE51E513F0F3FD35E50DF064F888
:10C7D00012F02CFE30E506A829F090FB0DF05CF875
:10C7E000011E18BF012106A813F08EF824E529F0D8
:10C7F00038FB04460DF050F80146204615F024F9A8
:10C800001AE512F079FA30E506A82AF0DCFD06A94F
:10C8100033E426F06CF928E50DF03EF811F0DAFC6F
:10C820000AE511F0E5FC20E50DF036F8003818BFF8
:10C83000012011F0E3FC01E511F0E6FC15E500BF75
:10C840002DE9F041B0F5957F98B009D2B0F5867F1B
:10C8500008D2762870D8662848D8142800F0DF80DF
:10C8600000208BE0A0F586701D28F9D801A353F8AD
:10C8700020F000BF6DCA0000D1CA000087CA0000C6
:10C88000A9CA0000E7CA0000F5CA00000FCB0000EB
:10C890001FCB0000A1C90000C3C900003FCA0000AF
:10C8A00061C8000061C8000061C8000061C80000E4
:10C8B00061C8000061C8000061C8000061C80000D4
:10C8C00061C8000061C8000061C8000061C80000C4
:10C8D00061C8000061C8000061C8000061C80000B4
:10C8E00061C8000035CB00003FCB000067380F283F
:10C8F000B6D801A353F820F0FDC9000043C90000D9
:10C9000083C9000061C8000039CA00002FCA0000B6
:10C9100061C8000061C8000061C8000061C8000073
:10C9200061C8000061C8000061C8000061C8000063
:10C93000DFC9000015CA0000B12891D101F0FCF94F
:10C9400019E029F08EFA0DF13601ADF8340010200F
:10C950000CF0AAFF0DF1460110200CF0A5FF0CF021
:10C960009BFF0DF157018DF8560008200CF09CFF3D
:10C970000DA81AF001FA29F07EFA012018B0BDE8DE
:10C98000F0810DA81AF0F2F829F075FABDF834001C
:10C9900029F05DFA08200DF136010CF0ABFFECE751
:10C9A0000DA829F0DAFC09A90DA826F0A7FC29F0AA
:10C9B00062FA102009A90CF09DFF0DA829F0B3FC24
:10C9C000DBE70DA829F0C9FC09A910200CF06CFFC9
:10C9D00009A90DA826F073FC29F04DFAEDE70DA981
:10C9E00008200CF061FF0CF057FF011E18BF012159
:10C9F0000DA826F08CFE0CF06DFFBEE729F031FA91
:10CA000004460DA908200CF04FFF20460DA91FF089
:10CA1000AFFDB0E70CF040FF26F08BFEABE708203F
:10CA20000DA90CF041FF0DA819F08CF9A3E70CF04B
:10CA300033FF19F04FFA9EE717F044F99DE70DA870
:10CA400026F007FC29F017FA9DF834000CF042FF9D
:10CA50009DF835000CF03EFF9DF836000CF03AFFD3
:10CA60009DF837000CF036FF0E9884E70DA829F0EA
:10CA700074FC09A90DA826F037FD29F0FCF909A8D6
:10CA800029F084FC99E70CF007FF044609A9082067
:10CA90000CF00AFF0DA910200CF006FF20460DAA8D
:10CAA00009A926F058FC66E70CF0F6FE09AB05AACA
:10CAB0000DA926F03CFD29F0DEF90DA829F033FC84
:10CAC000102005A90CF016FF09A829F05FFC54E717
:10CAD00003A908200CF0E8FE09AB05AA0DA903A8DC
:10CAE00026F042FDE7E70DA829F037FC0DA826F057
:10CAF0004EFB40E709A908200CF0D6FE0DA9102036
:10CB00000CF0D2FE0DA909A826F054FC33E70CF076
:10CB1000C3FE09AB05AA0DA926F07BFDCBE703A94F
:10CB200008200CF0C1FE09AB05AA0DA903A826F048
:10CB30004EFDC0E729F0A9F918F056FF1DE70CF0EB
:10CB4000ABFE06460CF0A8FE04460CF0BBFE054604
:10CB50000CF0A2FE07460DF13408414608200CF007
:10CB6000A3FE301E21463B462A4618BF0120CDF8C1
:10CB700000802BF001FB29F07EF9294620460CE7C6
:10CB800030B5DC2891B063D8B12804D8252800F04E
:10CB9000FA80002071E0B2382A28FAD801A353F8AD
:10CBA00020F000BF5BCC00007FCC0000DDCC00009B
:10CBB000F9CC000093CB000093CB000093CB000096
:10CBC00093CB000041CD000093CB000003CD0000CB
:10CBD00019CD00002DCD000027CD000093CB000023
:10CBE00093CB000093CB000093CB000093CB0000CD
:10CBF00093CB000093CB000093CB000093CB0000BD
:10CC000093CB000093CB000093CB000093CB0000AC
:10CC100093CB000093CB0000B3CC000093CB00007B
:10CC200093CB000093CB000093CB000037CD0000E6
:10CC300047CD000051CD00005BCD000061CD00006C
:10CC400067CD00006DCD000073CD00007DCD0000EC
:10CC5000F6289ED122F06EF80EE005A829F0F9F929
:10CC60000CF01AFE04460CF017FE214642B205A84D
:10CC70002CF01EFD29F0FFF8012011B030BD01A9F4
:10CC800010200CF011FE29F000F905900CF004FEC4
:10CC90000DF119018DF8180010200CF005FE0DF1B2
:10CCA000290110200CF000FE05A901A82CF0DDFDE3
:10CCB000E0E729F0EAF805900CF0EEFD0DF119011E
:10CCC0008DF8180010200CF0EFFD10200DF1290157
:10CCD0000CF0EAFD05A82CF0C3FDCBE729F0D5F850
:10CCE00004460CF0D9FD05460CF0D6FD69B20246AB
:10CCF000204621F0ABFFBDE729F0C7F822F020F86D
:10CD0000B8E705A901A82CF01DFE01A829F0C5F976
:10CD100005A829F0F3F9AFE705A829F0D7F905A888
:10CD20002CF019FEA8E72CF071FFA5E72CF019FEF6
:10CD30000CF0D0FDA0E70CF0AFFD2CF0C2FD9BE79E
:10CD40002CF0C7FDF4E70CF0A7FD21F079FF93E785
:10CD500029F087F82CF00DFE8EE721F0B5FEE7E70D
:10CD600022F034F8E4E722F07DFB83E722F080FB39
:10CD700080E729F08AF822F081FB7DE729F085F829
:10CD800022F082FB78E722F02BFB75E7032208B53F
:10CD9000054B00201A8029F0A7FEBDE80840024696
:10CDA0000021024809F08CB92440002054AF030050
:10CDB00038B50F4DFCF792FA2B886BB90D4C2388D0
:10CDC00063B900230A482380FCF73AFC288820B185
:10CDD0000EF09CFF084B1860012038BD25F0F6F8D6
:10CDE000064B1B88C01A238880B28342E9D3EDE743
:10CDF0008C33002088330020802000208A330020DC
:10CE0000034B1A881AB13C20024928F046B97047F2
:10CE10008C330020E6A9030038B50446064DFFF721
:10CE2000EFFF21462888FCF70FFA00232B80BDE88E
:10CE30003840FCF753BA00BF8C330020002273B592
:10CE4000054610460E4629F080FB044630B1054ADF
:10CE500000962B460021128829F0D3FC204602B010
:10CE600070BD00BF8C33002008B5034B18880EF04E
:10CE700069FFC0B208BD00BF8C33002010B5054C5F
:10CE80000146204629F095FC20880EF03FFF024B1A
:10CE9000186010BD8C3300208020002038B50021A0
:10CEA000094829F0DBFB05460EF04CFF074B044612
:10CEB00028461D800EF02AFF054B50FA84F41860B6
:10CEC000044B01201C6038BD624000208C330020E0
:10CED00080200020DC2F002010B5044625F076F8D5
:10CEE000024B1880024B1C8010BD00BF8A3300200B
:10CEF0008833002008B50FF093FE28B1BDE8084044
:10CF000043210248FBF774BE08BD00BF7BAF03009E
:10CF1000014829F062BD00BF8420002013B51C48E1
:10CF200029F024FD24F03EF824F0CDF824F0CCF8CC
:10CF300024F0CBF8FBF70AFE0446FBF73DFE234640
:10CF40000121144A0090042000F0B6F8FBF7F8FD28
:10CF50000446FBF73FFE23460F4A012100900420C0
:10CF600000F0AAF8FBF7F2FD012340F2A172834022
:10CF700013420BD00020FBF7EFFC0020FBF7EEFB89
:10CF8000002002B0BDE81040FBF7B4BB02B010BDFA
:10CF90008420002002B0030018B00300012908B566
:10CFA00009D1FCF703F8084B187060B1BDE80840E0
:10CFB0000020FBF7EDBF31B9034B1B781BB1BDE877
:10CFC0000840FBF7B1BF08BD994D0020012008B50E
:10CFD000064B187025F0F8FA022025F0F5FABDE8A6
:10CFE000084003490348FDF747BA00BF2D4200201F
:10CFF00094480020B420002070B525F0DEFD10F02C
:10D00000070F194D09D02B781BB90120287025F086
:10D01000DBFABDE8704025F006BE144C2378032BE4
:10D02000F1D925F0E1FA0028EDD025F0C6FD10B9C0
:10D030002378032B14D825F0F6FD04460028E2D00F
:10D040002B785BB100262E7024F065F90546314639
:10D050000120FDF797F9284624F061F9204670BDBC
:10D060004FF0FF34ECE700BF2D420020FA420020D1
:10D070001FB5FFF7C1FF0446FDF7DEFEA04228BF43
:10D08000204688B103A9FDF7B9FE034638B9CDE9BA
:10D090000000064A0399064825F0D0F818B18D2102
:10D0A0000448FBF7A5FD012004B010BDC72503000F
:10D0B0009420002038B003000CB413B502460C468F
:10D0C00025F0A1FA60B9094B1B681A4208D005A9DE
:10D0D0000498019101F01EF914B1054826F032FDC3
:10D0E00002B0BDE8104002B0704700BF9C4800206D
:10D0F000BAB003002DE9F34102AB03E90600044690
:10D1000090460FF017FA054620460FF023FA394FE4
:10D110009DF80060384BFDB1202C98F8002033F8C2
:10D12000141037F8140008D9814254D34FF6FF7217
:10D1300091421DD102B0BDE8F081012A32D84FF6EC
:10D14000FF752E4802EB4212224430F81210A94219
:10D1500002D0013120F8121033F8141037F81400FF
:10D16000814238D34FF6FF7291424FF0010502D051
:10D17000013123F8141004F0FD02092A2DD19A8AF6
:10D18000B98A32448A42B4BF9A82998233F8143001
:10D190008342CFD3002DCDD1204602B0BDE8F0416F
:10D1A00025F0A3BB022AD7D14FF6FF704FF6FF75CB
:10D1B000124A32F81410814218BF013104F12100E3
:10D1C00018BF22F8141032F81010A9421CBF013108
:10D1D00022F81010C0E70025CAE71D2CD6D15A8FBF
:10D1E00091198142BDBF02F1FF32B6185E875887A0
:10D1F000CCE700BF12340020643400208E330020BE
:10D2000008B55222002102482CF03BFD002008BD49
:10D210006434002008B55222FF2102482CF031FD71
:10D22000002008BD12340020024B23F8101000200B
:10D23000704700BF1234002038B505464FF4005047
:10D240000C4623F081FE4FF400532860236030B970
:10D250004FF4C371BDE838400148FBF7C9BC38BD85
:10D26000BCB0030000487047A63E0020014B187870
:10D27000704700BFB74D0020014B1880704700BFBA
:10D28000664D0020014B1888704700BF664D002096
:10D29000014B187000207047AD4D0020014B1878ED
:10D2A000704700BFAD4D0020014B18700020704743
:10D2B000A34D0020014B1878704700BFA34D0020FC
:10D2C000014B1878704700BFA54D0020014B18781E
:10D2D000704700BF35420020014B1870704700BFF7
:10D2E00035420020014B1878704700BF34420020BF
:10D2F000014B1870704700BF34420020014B187872
:10D30000704700BFA64D0020014B1870704700BF4A
:10D31000A64D0020014B1888704700BF644D0020C7
:10D32000014B1880704700BF644D0020014B1878F6
:10D33000704700BFAE4D0020014B1870704700BF12
:10D34000AE4D00202DE9F74F414B424A0193424B2D
:10D35000DFF844911B78DFF84481DFF844E1DFF81F
:10D3600044C13E4F3E4E3F4D3F49404802EB431AB9
:10D37000019B524503F1200309F1200908F120081F
:10D380000EF1200E0CF1200C07F1200706F120060B
:10D3900005F1200501930FD100221146344B324D87
:10D3A0001C78344E344B314FD0B2844203F1200309
:10D3B00046D803B0BDE8F08F304B314C53600023AA
:10D3C00049E907432F4CDFF8E0B048E907432E4C0A
:10D3D000C2E902304EE907432C4C11604CE9074387
:10D3E0002B4C136147E907432A4C49E9050348E9F7
:10D3F00005034EE905034CE9050347E9050349F830
:10D40000201C48F8201C4EF8201C4CF8201C47F823
:10D41000201C46F8201C46E90743019C45E907B358
:10D42000DFF888B046E9050345E9050344E907B399
:10D4300044E9050345F8201C44F8201C203297E7F6
:10D4400043E9085643E9061743F8101C0132ABE7DD
:10D45000002B0020202C0020BD4D0020602B002040
:10D46000402B0020202B002044310020FFA203008D
:10D47000B54D0020395E0200A02B0020CD06020031
:10D480005B7303006D1B020035A902008787030050
:10D49000BD3E020099630100002C0020E02B00201B
:10D4A000C02B0020802B0020F1E20200D5020200F8
:10D4B000002208B5074B1A605A6025F056FB064B50
:10D4C000187025F052FB054B1870054B1A78054B68
:10D4D0001A7008BDE6300020F7420020F642002016
:10D4E000A44D0020F5420020002100B593B008466D
:10D4F0006A460DF0E1FC0146C8B90E4B0E4A09938D
:10D500000E4B0D920A930E4A0E4B0E920B930E4A3F
:10D510000E4BCDE90F230C930D4B6A4611930DF082
:10D52000DFFF003818BF012013B05DF804FB0120B5
:10D53000FAE700BF1B6E0300091502001970030013
:10D5400055DA0100B72B03008D2C02009B700300FD
:10D55000DD0E0200074B1878112803D8064B034153
:10D56000DA0704D5A0F1430358425841704701201F
:10D57000704700BFF9420020CBFFFDFF08B5064B06
:10D580001B78013B022B05D80020FFF7E3FF013891
:10D59000C0B208BDFF20FCE7FA420020044B00F1B6
:10D5A000100250F8041B904243F8041BF9D1704755
:10D5B000FB420020044B03F1100253F8041B93427A
:10D5C00040F8041BF9D17047FB4200200022034BB6
:10D5D0001870034B1970034B1A7070470C430020EE
:10D5E0000D4300200B4300202DE9F04FDFF8908021
:10D5F000064698F800300D4685B0002B3AD04FF61D
:10D60000FB73984236D84FF0000B1C4FDFF874A024
:10D610003C7898F800305FFA8BF94B459AF8000097
:10D6200011D9484402AA0DF10601C0B21AF074FCE7
:10D63000082229460DEB02002CF0F9FA0BF1010B40
:10D640000028E6D14C463B78A34208D198F8002048
:10D65000631CDBB29A423B7004BF00233B7032462E
:10D6600029469AF800301C44E0B205B0BDE8F04FFE
:10D670001AF040BD05B0BDE8F08F00BF0B4300209D
:10D680000D4300200C430020F0B50546071D002285
:10D690000C463846082193B029F0E1F96A7B06462A
:10D6A000D0070BD5687808A900F0F2F9DDF83D3015
:10D6B0006B60DDF841307B6080B101E0910702D4FE
:10D6C0002D2013B0F0BDD2000121384602F08002B7
:10D6D00000F02AFAFF286870F2D0E6B119236A78C0
:10D6E000194601A824F0E1FC9DF81C305B0604D526
:10D6F0004FF4C0710A48FBF77BFA234603AD07AC31
:10D700002A4603CAA24218605960154603F108036D
:10D71000F6D10020D5E708A900F0BAF9CCE700BFA0
:10D7200056B103002DE9F04307468BB01D488846EB
:10D7300016460025FFF73EFF002D01AB0CBF36203B
:10D740005C2000249946174A12F8011B0134E4B208
:10D750004140102C03F8011BF6D105A82AF04EF920
:10D760004A46214605A82AF04DF9BDB941463A4638
:10D7700005A82AF0AFF9324605AC0DF1240C23467A
:10D7800003CB6345106051601C4602F10802F6D1DC
:10D7900015B10BB0BDE8F0830125CDE73246214637
:10D7A000E6E700BF2E4300202DE9F04F174699B061
:10D7B0009DF88CB0DDF890901D46DFF8DC80344B8E
:10D7C00082460C462022002110A89DF8886088F827
:10D7D00000B00F932CF055FA4F4504D02A46394635
:10D7E00048462CF034FA4FEA0B4303F47C1343F021
:10D7F000A86343F480737819711B09EB050C6CB3B3
:10D800000DAACDE90AB209EB060209920EAACDE9EA
:10D8100007120D22CDE9051CCDE90350CDE900A288
:10D820001C49102202970FA8F9F742FD07460FA8DE
:10D8300026F000F817F1950F24D02FBB0E9B761B16
:10D84000F6B29E4220D10CB398F800000D9B98428E
:10D8500014BF2120002019B0BDE8F08F0EAACDE939
:10D860000912BA19CDE905120D22CDE90350CDE90F
:10D8700000A2CDE907BC1022064902970FA8F9F7CC
:10D88000D7FDD3E72C20E6E72120E4E72046E2E7B6
:10D89000002480002E430020BE4D0020F0B500265D
:10D8A000074693B0194B0C461546314620220AA86C
:10D8B000CDE908632CF0E5F9102208ABDFB1CDE922
:10D8C0000523CDE90325CDE90164114B11490096EB
:10D8D00009A824F0C1F8044609A825F0ABFF14B943
:10D8E000089B102B04D040F23E210B48FBF780F937
:10D8F000002013B0F0BDCDE90323CDE90125044B91
:10D900000449009409A824F0A9F8E4E70024800061
:10D91000004440042E43002056B1030030B50546B4
:10D9200089B0694625F0EAFC6B8804ACABB12246AD
:10D930002946684625F035FC0E4A08AD234603CB40
:10D94000AB42106051601C4602F10802F6D1094852
:10D95000FFF724FE002009B030BD6B46054D1A4686
:10D9600003CAA24228606960134605F10805F6D192
:10D97000EDE700BF2E43002050B10B4B0B4A03F1E3
:10D98000100153F8040B8B4242F8040BF9D1704795
:10D99000064B054A03F1100153F8040B8B4242F881
:10D9A000040BF9D1704700BF2E4300200E43002026
:10D9B00008B5102202482CF04AF9002008BD00BF2B
:10D9C0001E43002008B50846102202492CF03FF9FA
:10D9D000002008BD1E4300202DE9F04186B0064618
:10D9E00003A80C4619F0C2F8054600284AD1BDF834
:10D9F0000C30980646D51022294620462CF041F9D5
:10DA000001A818F06DF8C0B1777B06F1040817F093
:10DA1000020F06D00822404601A92CF008F9002880
:10DA20002ED101AB47F0020703CB7060C8F8041099
:10DA30007773238843F008032380238843F002038D
:10DA4000238017F0F3FB606029F0C6F830B10E4B6D
:10DA50001B68A360238843F0040323800B4B1A68E0
:10DA6000D1035EBF238843F010032380130203D544
:10DA7000238843F400632380284606B0BDE8F08184
:10DA80002D25F9E72425F7E7502C0020542C002001
:10DA900030B5234B05461B780C46834289B03DD9EF
:10DAA00019230246194601A824F0FFFA182101A8FB
:10DAB0002AF043FC10B9292009B030BD01AB03CBDB
:10DAC0009DF81C30C4F8211013F0020F14BF082277
:10DAD0001822590748BF42F020022280C4F81D00D6
:10DAE000180642BF228842F400722280D907E2D58C
:10DAF0000523A3700B4B53F82530A36117F09CFB53
:10DB00002388606143F0060222809DF81C200020DB
:10DB1000520644BF43F086032380CDE72720CBE79E
:10DB2000A74D0020BC2000202DE9F04F8FB0064605
:10DB300002A80C46174625F099F804238DF8083002
:10DB40009DF8153043F001038DF81530002C56D0A8
:10DB50006B462C4A1068516803C39EB1082269467F
:10DB600030462CF064F8B0FA80F56D094FF00009EA
:10DB7000DFF898A09AF800305FFA89F4A34203D83E
:10DB8000FF2435E00125F1E71922FF2107A82CF039
:10DB900078F819232246194607A824F086FA9DF83A
:10DBA0003480B8F1FF0F03D188211748FBF720F824
:10DBB0003DB1082107A82AF0C0FBC8B109F101094D
:10DBC000D8E702A88DF8094025F0E1FA082283463B
:10DBD000314607A82CF02BF85BEA0000EED118F0D4
:10DBE000010FEBD0FF2F03D037B918F0800FE5D12C
:10DBF00020460FB0BDE8F08F37EA0808F7E70224A7
:10DC0000F6E700BF56B20300E0B10300A74D0020C5
:10DC1000F0B5324B0D461B7814468B4293B05AD95F
:10DC200080B11922002108A82CF02BF800242C4BDD
:10DC3000294643F82540192308AA184624F03EFA3D
:10DC4000204618E002F11D0630466A4604AB08A9DA
:10DC500025F08AFC88B130460FF0A2F9C0B1FF2749
:10DC6000384608A9FFF714FF2288BDF8203053403A
:10DC70009A050DD4212013B0F0BD30469DF82170D7
:10DC80000FF08EF90028EBD1FF2F01D0BD42E7D174
:10DC900023889B0512D5D4F81D00716808AB03C317
:10DCA00024F0DEFF002814BF0122032223889B10EA
:10DCB00023F07F0313438DF83830B7E704A817F03B
:10DCC0000FFF0028E7D00822304604A92BF0AFFF51
:10DCD0000028E0D1CEE72720CDE700BFA74D0020E8
:10DCE000BC20002070B5134B04461B780D468342C0
:10DCF000164688B01CD919230246194601A824F0FB
:10DD0000D4F9192101A82AF018FB10B9292008B06C
:10DD100070BD9DF81C30214623EA060219231543E5
:10DD2000184601AA8DF81C5024F0C8F90020EEE72F
:10DD30002720ECE7A74D002038B50024054D2B78AF
:10DD4000E0B2834201D8002038BD25F0F2FC013456
:10DD5000F5E700BFA74D00202DE9F04398461E4B84
:10DD600081461B780E46174685B0ABB9C6B91B4B2A
:10DD700018689B880190ADF80830194B1C68A4B155
:10DD8000184B1D788DB104EB450534F8023B9F42DA
:10DD90000ED0A542F9D103E025F0ACFC0028E5D176
:10DDA0000126304605B0BDE8F083032501ACEAE763
:10DDB000B8F1000FF5D19DF83430BDF8302047F4AC
:10DDC000004101A82AF0E6FC8D234846064A01A935
:10DDD0001AF09CFCE5E700BFBF4D00205EB20300D7
:10DDE000582C00203E430020EBD803002DE9F04FD3
:10DDF0009B4691B00B1E0A93AD4B904614BF8146D3
:10DE0000994600241A9E9BF8000070B9444538BF1B
:10DE1000224643464FF000000A9928BF08F1FF321E
:10DE2000C847204611B0BDE8F08F25280BF1010B43
:10DE300006D0224643460A99651CC8472C46E2E7AD
:10DE400000230DE02D2A2AD0302A06D0303A092AA4
:10DE50004FF0000711D80A2532E043F001038B464A
:10DE6000594611F8012B2B2A1CD0EBD8202A1CD0A4
:10DE7000232A1DD02A2A2BD000279BF800202E2AE7
:10DE800064D19BF801100BF10102A1F130000928C7
:10DE900043F4806351D800254FF00A0C26E043F08C
:10DEA0000203DCE743F00403D9E743F00803D6E7B5
:10DEB00043F01003D3E78B4605FB0722A2F130079E
:10DEC000594611F8012BA2F130000928F3D9D4E703
:10DED00056F8047B8B46002FBCBF43F002037F4201
:10DEE000CBE702460CFB0511A1F13005104610F8F6
:10DEF000011BA1F1300EBEF1090FF2D9114611F844
:10DF0000010B6C282CD024D8682830D06A2837D050
:10DF100011468B461BF8010B672875D857284BD83C
:10DF2000452807D085D9462800F03181472880D17F
:10DF300043F4006343F020033FE12A2907D156F858
:10DF4000045B0BF1020225EAE575D7E75A46002586
:10DF5000D4E7742801D07A28DAD143F48073D8E763
:10DF600050786C28F9D143F44073911CD1E7507874
:10DF7000682802D043F08003CBE743F0C003F4E706
:10DF800043F40073C5E70A2A00F06281072A7FF490
:10DF900050AF43F0210305930823CDE90353102329
:10DFA000CDE9011356F8043B224600934846434608
:10DFB0000A9925F02CFDFAE0A0F158020F2A3FF64D
:10DFC00038AF01A151F822F039E0000033DE000043
:10DFD00033DE000033DE000033DE000033DE0000FD
:10DFE00033DE000033DE000033DE000033DE0000ED
:10DFF00039E00000D9E1000039E00000B3E10000A1
:10E0000093E10000B3E10000A0F16902D2B20F2A4F
:10E010003FF60FAF012149F2410C914011EA0C018A
:10E02000B1D0782803F4806122D1002900F09080DB
:10E0300023F00D02102307E0622803F4806220D150
:10E0400042BB23F00C02022312F4007100F0838023
:10E05000CDE907720022CDE9043206F1070A2AF061
:10E06000070A06950292FAE80223CDE900233DE073
:10E070006F2812D123F00C0209B123F00D020823FE
:10E08000E2E7582816D1002A39D123F00C0242F0D9
:10E090002002CFE723F00D02D5E7692823F0100214
:10E0A00030D023F01C0209B123F01D020A23CBE774
:10E0B0004D38030042BB23F01002930527D50736E5
:10E0C00026F00706B24671685AF8083B0A26CDE9E1
:10E0D00007720027CA0F0029CDE90467069502924E
:10E0E00002DA5B4261EB4101CDE900314346224651
:10E0F00048460A9925F0CEFC0446564683E623F0AE
:10E100000D02C4E70029D8D023F01102D5E7D005CD
:10E1100006F1040A01D5336802E0510613D53378BD
:10E12000CDE904720A22002B02924FEAD3720395C2
:10E130000192B8BF5B4200934346224648460A9983
:10E1400025F065FCD8E71306E5D5B6F90030E7E71A
:10E1500023F00C026EE7D00506F1040A06D5CDE9DE
:10E160000472CDE9023501913368E4E7510608D520
:10E170003178CDE902350023CDE90472CDE90013F1
:10E18000DAE7316812F0800F18BF89B2F1E743F087
:10E190002003CDE90173073626F007060095B6EC9B
:10E1A000020B4346224648460A99F6F74DFA0446C2
:10E1B00029E6672801D143F40063CDE901730736EE
:10E1C00026F007060095B6EC020B43462246484669
:10E1D0000A99F6F77DF8EAE713F0020523D04FF02D
:10E1E000010A631C0B93224643460A9916F8040B56
:10E1F000C8475DB354460B9A1EE0434620200A9957
:10E20000C8470AEB04020AF1010A5745F5D8002F66
:10E2100007F1FF3308BF002307F1010A1C4408BFC0
:10E220004FF0020ADDE7AA46EBE7551C43462020E3
:10E230000A99C8472A460134BC42F6D3A7EB0A0321
:10E24000574538BF00230B9A1A440B920B9CDAE512
:10E250003246002D52F8046B14BF29464FF0FF31AF
:10E260000B9232463144107808B18A4211D1A2EBA8
:10E27000060A13F480620C9202D0AA4528BFAA466F
:10E2800013F002030D931BD1AAEB040322460F9354
:10E2900008E00132E7E7531C0E93202043460A9919
:10E2A000C8470E9A0F9BD3189F42F4D8A7EB0A03D6
:10E2B000574538BF00230AF101021C4403EB020A50
:10E2C000A31B0E9304E01D46434622460A99C84705
:10E2D0000E9BF41816F8010B28B10C9B002BF3D001
:10E2E0006B1E002DEFD10D9B93B12246AAEB0405C6
:10E2F00005E0561C434620200A99C8473246531968
:10E300009F42F6D8A7EB0A03574538BF00231C44A9
:10E310000B9E78E51FB5034600914FF0FF3203A92D
:10E320000248FFF763FD05B05DF804FB333B0300D3
:10E330001FB5CDE90201009302A9134603484FF02F
:10E34000FF32FFF753FD05B05DF804FB3B3B0300D4
:10E3500008B5154B4FF4E472002118462BF091FCE0
:10E3600009220346026142611048114A98614FF444
:10E370008061DA61002219629A625A62DA62C3F835
:10E38000F0000C48C3F8F400C3F8F8100A49C3F8C9
:10E390000021C3F8FC20C3F8042111F8010D9854A2
:10E3A0000132102AF9D108BD00580020C8B203007C
:10E3B0000054002000500020E1B203002DE9F84F86
:10E3C000DFF88880824698F800308946532B16463D
:10E3D00001D0FFF7BDFF182707FB0A87D7F80051C8
:10E3E000D7F8FCB05D452FD9D7F8F840D7F8F4102E
:10E3F000641BB44228BF34464846294422462BF0C9
:10E4000052FCD7F8F8302544AB4208BF0025A144A0
:10E41000361BABEB050B5E4528BF5E465EB118238D
:10E4200003FB0A83D3F8F4103246294448462BF004
:10E430003AFC3444354424B1182303FB0A88C8F855
:10E4400000512046BDE8F88F0024E2E70058002084
:10E450002DE9F843174E1F4633780546532B89465E
:10E46000904601D0FFF774FF082D1FD8EFF31182FB
:10E470004FF0200181F311886DB11824002304FBB3
:10E480000564C4F8F090C4F8F480C4F8F870C4F8D7
:10E490000031C4F8FC30182303FB0566089BC6F85E
:10E4A000043182F311880020BDE8F8834FF0FF307B
:10E4B000FAE700BF005800202DE9F04F144687B05E
:10E4C0009B46C36B06460D465B69012202A9606844
:10E4D0009847F36B012203A95B692846984702A875
:10E4E00025F000FF074648B10023A37563754FF080
:10E4F000FF33A360002007B0BDE8F08F03A825F02C
:10E50000FEFE0123A375237E04EBC303DD611F849C
:10E510006368AB420ED1206003A825F012FF4FF0D4
:10E52000FF332075A360237D043B022B25D80023F5
:10E53000A375DFE723681A1A03A853425341A37552
:10E5400025F0FFFE237D834203A818BFA77525F0A1
:10E55000DAFE074602A825F0D6FE874203A81CBFB4
:10E560000023A37525F0D7FE074602A825F0D3FEA9
:10E5700087421CBF0023A375D5E703A825F0C3FE7F
:10E5800080B1F36B022204A928465B69984704A86E
:10E5900025F0C8FE0346207D032839D8DFE800F0C7
:10E5A0003838040903A8F3E7237ECC2204EBC30325
:10E5B0001A8401F02BFC109B187003A8277E25F00D
:10E5C00096FE04EBC70787F8220003A8237E04EB1E
:10E5D000C303B3F8209093F8227025F094FE804690
:10E5E00003A825F098FE8246B8F1000F15D0F36B12
:10E5F000022204A928465B69984704A825F057FE23
:10E600006075637D6BB90023A3754FF0000838E097
:10E61000227E04EBC2021384CBE703A825F032FE6E
:10E62000EEE794F81680B8F1000FEED0B9F1000FC4
:10E6300009D1DFB10123627EE375002A44D19F42F4
:10E6400018D1677614E0736C05EB0A02594285EA2B
:10E65000020008421CBF0021A175591E0A409B1AE6
:10E660009945D0D8A37D002BE3D1CEE7E37D43B914
:10E670004FF000084B4652462946304625F0B7FB7E
:10E68000A060A27D12B123694B4423611349237E0C
:10E69000097899421ED901332376BBF1000F1BD0B4
:10E6A000D2B1E37DC3B1B8F1000F15D1032F13D060
:10E6B000A1684B1C10D0109B2246304600930123CA
:10E6C000FFF7FAFEA07507E0012FDAD0032F08BF8D
:10E6D000A376CDE70023A375A07D0CE7A49D0300DE
:10E6E0002DE9F04F0E468BB09846002304464FF0BC
:10E6F000FF31104617468DF8133001F071FBB6F567
:10E70000801F3BD3B21C53D1E56A6B1C57D1616AA1
:10E71000204625F0B2FA0546B31CDFF8189118BF61
:10E7200001230193636A05A9626C4FF0000B029309
:10E73000236802FB053AE36B05225B695046984764
:10E7400005A825F088FE25F0ABFE504625F0B3FE67
:10E75000824601464B1C05D0636C81EA0A025B428B
:10E76000134232D02946204625F087FA029BAB425D
:10E770004DD0BBF1000F4DD10546D3E7314605AA78
:10E7800004F1080025F064FD0146481C10D038460D
:10E7900001F026FB0DF1130301223946204625F036
:10E7A000A2FB28B19DF8133088F80030002003E068
:10E7B000237C002BA8D11D480BB0BDE8F08F236847
:10E7C000ED1A636CB5FBF3F5A6E7484601F008FBCC
:10E7D0000DF11303019A4946204625F084FB0346B8
:10E7E00090B1B21C03D0D9F80020B2420CD19DF8F0
:10E7F00013204946039338460D4B88F800201A68C9
:10E800002BF051FA039B9B46D9F80810A2E7BBF105
:10E81000000FD0D0B6F5801FC8D298F8003031462E
:10E820007A6804F1080001F01FFABFE70BE000F07E
:10E83000A09D0300D41E00202DE9F3410E4604469E
:10E8400017469846816A194DE36A8B422AD04B1CC1
:10E8500018E0284601F0C4FA0DF107030122294609
:10E86000204625F040FB30B143469DF8072029465D
:10E870002046B847B0B1A9684A1C05D0012E0AD07D
:10E88000E36A9942E5D10DE06968204625F082FAF5
:10E89000012E0146D8D16B6881EA0302636C5B42AA
:10E8A0001A42D1D002B0BDE8F08100BFA81E0020FE
:10E8B0002DE9F041036B9046826B90B007680E46DD
:10E8C0009A42426C01A9044688BF8363436A02FBF3
:10E8D0000377C36B05225B693846984701A825F08A
:10E8E000BAFD01280146307056D0656C06A9E26B6E
:10E8F0002368606AD2F814C0052205FB00300025A9
:10E90000E04706A825F0A7FD012823D001218DF8B6
:10E9100034800E958DF83C10D4E90A32CDE90B45D0
:10E9200093422AD11946204625F034FA236B626CB3
:10E930001433E0629B1A23630C9B53B99DF83C305F
:10E940003BB1626A616C2368E06B01FB023125F028
:10E950003AFD0C9DE36B052201A938465B69984797
:10E9600001A825F078FD3070236B2846A26B9A42EF
:10E9700088BFA36310B0BDE8F081237C33B90BAA34
:10E980001C4904F1080001F0BFF9D5E70BAB1A4AA6
:10E990002046FFF751FFCFE7237C23BB22461749D0
:10E9A00004F1080001F0B0F9616A204625F086F90B
:10E9B000616A421C204625F04FF9054620B9236BB9
:10E9C000626C1344143B2363A16A204625F0E2F9EC
:10E9D0002368A062C01A636CB0FBF3F0606220464B
:10E9E00025F01CFAB6E70023054A2046FFF724FF6E
:10E9F000DAE700BFB1F300002DF300006F3F030022
:10EA00000B3F030073B50D46D11E1C461B7E4A42C8
:10EA10004A419A4226D129682368994222D36368E1
:10EA200099421FD8114E0DF107033246FFF758FEE9
:10EA3000C0B972686B689A4214D19DF80730DA1E2B
:10EA400053425341227E93420CD163690133636187
:10EA5000D4E90323934205D22968A26842F823101F
:10EA600001332361012002B070BD00BF001F0020F0
:10EA70002DE9F04F8BB09A46DFF854B180469DF8EF
:10EA800050300D4616460293DBF810305345C0F067
:10EA90009880DBF80430D1460193B9F1000F00F003
:10EAA0008C80D8F83C30012207A901985B6998470F
:10EAB00007A825F024FCDBF80030984240F0848061
:10EAC00007A825F028FC0428074614D107A825F03C
:10EAD00029FC019B029A04463B44002A3ED186420F
:10EAE00012D9361A14460199404625F053F9A9EB7C
:10EAF00004090190D1E7D8F83C30022208A9019816
:10EB00005B69984708A8E2E7841B9F19544528BF12
:10EB10005446032CAAEB040A4FEA94021CD9D8F8F5
:10EB20003C302946384604F003065B69984724F0D8
:10EB300003031F441D44002ED5D0D8F83C300122D9
:10EB400008A938465B6998473246284608A93544E3
:10EB50002BF0A9F80026C6E72646ECE700F00302F2
:10EB60000344074603922A1805930492049BDD1B75
:10EB7000059BD81B039B9F420FD1002FB3D0D8F821
:10EB80003C30012208A95B6998473A4608A9284603
:10EB90002BF04DF878B93D44A5E7D8F83C30012278
:10EBA00008A95B699847042208A928462BF03FF87A
:10EBB00008B9043FDAE7DFF81C9048460BB0BDE81F
:10EBC000F08FDFF81490F8E7DFF81090F5E700BF5A
:10EBD0002C1F002012E000F011E000F022E000F015
:10EBE0002DE9F0410F4688B016469846044660B3BA
:10EBF00090F83450FDB1012125F004F80E9B00215E
:10EC0000CDF804800496CDE902379DF83C308DF8AC
:10EC10001C30237CCDE905118BB901AA0C4904F104
:10EC2000080001F071F8E06BDDE90553002E08BF24
:10EC30001D4625F0AAF9284608B0BDE8F08101ABD1
:10EC4000044A2046FFF7F8FDEDE70546F3E700BF6D
:10EC5000393F030005EA00007FB590F842600446A2
:10EC60000DF10B03019230460A46124925F095F941
:10EC7000012E0546E36B19D15B69324603A998471B
:10EC80009DF80B10039B019A59B19BB243EA0243D2
:10EC900003930122E36B03A928469B69984704B0BC
:10ECA00070BD1B0C92B21B041343F1E79B69012258
:10ECB00001A9F3E72C1F00202DE9F04F99B00F4672
:10ECC000044609920A69416C0E93D31D1439B3FBB3
:10ECD000F1F3013302EBC302036B9342C0F00F82E6
:10ECE0000023DFF824940D93E36A484619460793FE
:10ECF00001F076F8D7E9033604930E9B022B4ED130
:10ED0000CC2E40F08C81099B002B42D03946204606
:10ED100025F099F9656C079A6B1E14901340ED1A53
:10ED2000E36B012216A978685B69984716A825F05D
:10ED3000EAFA00280CBF04230823782E06933FD953
:10ED4000012300254FF0080A05933B6805990E98AA
:10ED5000C9F80030C9F8106025F0F7FA4FEA9A03B5
:10ED6000DDF81CB089F81400109300230B930F9367
:10ED700008930C93616C4A1E0BEA02028B1A002E58
:10ED80003AD05544AB4242D8236B5B1A13442363F9
:10ED9000ADE0049B1B68149308230693D0E7656CD1
:10EDA000782E079A05F1FF3303EA0203A5EB03056A
:10EDB00016D8FB7D7BB9099B002BB1D104230693A8
:10EDC000331DAB4210D9A6B1082DB9D804250023B4
:10EDD000AA460593B9E7099B002BA1D10823EEE7CA
:10EDE000099B002B9CD1D7E7002505954FF0040A1D
:10EDF000ABE704250596F9E75345C5D30BEB0A03AA
:10EE0000B0460393089B002B18BF032313E0A3EB2A
:10EE10000A03B0460BEB0A029E42039228BF9846B3
:10EE20009E42EFD9D9F810200123964289F8173075
:10EE300071D1C9F804B0089399F81730002B6CD041
:10EE400099F818200899D31C013209EBC30389F8FB
:10EE50001820C3F804B0A3F808809972B8F1000F25
:10EE600014D00E9B022B5BD10B9B7BB90F9B4344B1
:10EE7000032B0BD9E36B012214A903989B699847D4
:10EE80000546002840F03D8101230B93089B16A8FE
:10EE90000193059B0093434699F81420396800F0CC
:10EEA00055FFE36B109A16A99B6958469847051EB3
:10EEB0000D9B18BF5B4652460D935946434620466C
:10EEC00024F095FF236B08F10302C9F80800A3EBB7
:10EED0000A0322F003029B1A2363002D40F01181E4
:10EEE0000F9BA6EB0806DDF80CB043440F93594680
:10EEF000204624F04FFF00258346002E7FF43AAFD2
:10EF0000814A04F10800396893685268E3620E9BF5
:10EF100000F0AAFEDEE002238DE7C9F804B09DE709
:10EF2000099B002B30D1049BB8F1030F43440A9393
:10EF300027D9E36B4FEA98029B69DDE90301984703
:10EF40000546002865D118F003025FD028F00305BC
:10EF5000049B2B440493039B1D444FF0FF330499FF
:10EF600015A815932AF09FFEE36B2846012215A9E8
:10EF70009B6998470A9B05460493002D86D0039B06
:10EF800099E7039D4246E8E7039B0A9307F12003B4
:10EF90001193FB7D78689BB13D7E00230C9AD9B21A
:10EFA0008D4211D9119903F1010C31F833109142BE
:10EFB00026D907EBC3030699D8690A44104403E035
:10EFC0000C9B069A13441844E36B012215A95B6954
:10EFD0009847159B012213A913930C9B0A9804339D
:10EFE0000C93E36B9B699847039B0A9A054643443D
:10EFF0009B1A042B07D978B9134604330A93C8E740
:10F00000521A6346CBE70A9B0393B6E70A9B049325
:10F010003CE70A9B0493B2E70A9B0393AFE73B4E9E
:10F0200004F1080303932368079A606CA2EB030AB8
:10F03000BAFBF0FA00FB0A3025F03DFAE16A80469F
:10F04000204624F0A7FEA26A82424AD0626CD9F818
:10F050000830511E2568E0620B40216B891A0B4471
:10F0600023630D9B5D1BB5FBF2F5AA4536D1079BCB
:10F07000B3EB080A12D0E36B4FEA9A0241469B6950
:10F080009847E36A079A834653440398DA46E36253
:10F09000236B9B1A4344236325F0ABF82368616C10
:10F0A000E06B01FB053125F07BF9204624F0B5FD2E
:10F0B000204624F0B3FE2063BAF1000F11D03A6964
:10F0C000616CD31D1439B3FBF1F3013302EBC302BE
:10F0D0009042A8D2304619B0BDE8F08F4FF0000A38
:10F0E000DCE73A69616CD31D1439B3FBF1F30133EA
:10F0F00002EBC302236B9342BFF4F6ADEAE7044E82
:10F10000E8E72E468CE700BFD41E002023E000F085
:10F1100006E000F02DE9F3471E46436904468846A1
:10F12000B34217469DF828903DD300258DF807502F
:10F13000D4F830A0204624F03CFD82450AD2236A50
:10F14000B5EB430F06D200220DF107012046FFF771
:10F15000AFFB30B39DF80730012B05D100220DF134
:10F1600007012046FFF7A4FBB9F1030F06D0256B7A
:10F170003146204624F008FD854218D30D4D4FF04E
:10F18000FF31284600F02CFE4B460022294620463F
:10F19000C5F80080C5E9037602B0BDE8F047FFF787
:10F1A0008BBD0135C4E7044802B0BDE8F0870348D1
:10F1B000FAE700BF001F00200FE000F006E000F0BB
:10F1C0002DE9F04790F8426086B005468F1A012E6F
:10F1D000039115D1B7F5807F4FF0640828BF03264F
:10F1E0000024DFF844A14FF6FF7995F84230012B57
:10F1F00014BF322364239C420AD35FFA88F415E0DB
:10F20000B7F5803F4FF0320834BF01260226E7E70A
:10F2100005AB22465146284624F0F3FE95F84230CD
:10F22000012B059B34D14B452DD1E4B295F84230EA
:10F23000012B0CBF64223222121BB24217D3012EC3
:10F2400039D10022012B05978DF8132027D10822F0
:10F2500005A90DF1130025F085F89DF81330059AE6
:10F2600042EA032221462846FFF7F6FC40B102237A
:10F270002D4903AA28460093CC230968FFF74AFFCB
:10F2800006B0BDE8F087DBB203B902340134ACE765
:10F29000591CCAD09BB2002BF8D10134F6E71022DA
:10F2A00005A90DF1130025F05DF89DF81330059ABE
:10F2B00042EA0342D6E7039A012B059223D10823A1
:10F2C000202205A90DF113008DF8133025F04AF81E
:10F2D0009DF81320120221462846FFF7BDFC95F841
:10F2E0004230611C012BC9B21AD10028BFD1BDF830
:10F2F00014202846FFF7B0FC0028B8D10234BDF82E
:10F300001620E1B2AFE71023202205A90DF113006A
:10F310008DF8133025F026F89DF813201204DAE753
:10F320000028A4D1059A9EE72C1F0020032A2DE96E
:10F33000F34106460D4617461C4606D1237A012B9B
:10F3400023D0012002B0BDE8F081DFF860800DF12C
:10F35000070309684246FFF7C3F960600028EDD152
:10F360009DF80720237A032AE8D0D8F804106A68A9
:10F370009142E3D1012B2969D4F80CC007D10CEBE1
:10F3800001037269934202D92074207CDAE70831C4
:10F390003B46012230466144E1602946FFF78CFC80
:10F3A00060600028CAD00020CCE700BF001F00200A
:10F3B0002DE9F341089C032A1746266806D1237AD3
:10F3C000012B24D0012002B0BDE8F081DFF890804D
:10F3D0000DF1070330464246FFF782F960600028CE
:10F3E000EDD12568D8F80400A96AD5F844C0484092
:10F3F000227ACCF100031840E1D1012A09D1E26858
:10F40000D8F8103013447269934202D92074207CDA
:10F41000D9E72868EB6A1B1A081AB3FBFCF3B0FBA8
:10F42000FCF083420BD1706CF36A421E1340326BC6
:10F43000121A28461344336324F0ACFCE862D8F86F
:10F440001020E36808320649206813440122E36073
:10F450003B46FFF731FC60600028B0D00020B2E7E7
:10F46000001F00202DE9F04F4FF0FF334FF6FF72E1
:10F47000002500F10806044687B0C3620F46056206
:10F480000563C0E90923304624F0B3FE204624F08A
:10F49000C4FB28BB2046394624F03FFC204624F01C
:10F4A000BCFB28BB8A4D204624F0EBFCECE0E26B71
:10F4B00001A92368606CD2F814C0052200FB053056
:10F4C000E04701A824F0C7FF012828D1294620469B
:10F4D00024F0F4FB421C2946204624F0BDFB0135F4
:10F4E000E3699D42E3D3204624F097FB0028D1D066
:10F4F00000254FF0FF394FF6FF73CA46A846C4E90E
:10F500000853E369984514D3A5EB0905012D37D8B5
:10F51000636A4FF6FF72934247D16E4DC3E724F002
:10F52000C4FF0028DBD02946204624F0C7FB024652
:10F53000D1E7236801A9E26B606C5769052200FBE3
:10F540000830B84701A824F086FF834601A824F0BC
:10F5500059FF0746584624F0A3FF70B15745236A68
:10F56000BA4638BFC4F82480B94503F1010328BF67
:10F57000B946BD42236238BF3D4608F10108C0E7E5
:10F580004FF6FF7300256362E3699D42C0D2676C4A
:10F590000522206801A9E36B07FB050001355B69C3
:10F5A000984701A824F02EFFEEE7E26B01A9676CF3
:10F5B00020685569052207FB0300A84701A824F02D
:10F5C00021FF626A2368606C434D00FB023024F027
:10F5D00072FF4FF0FF33A0622A46E3626FF0010131
:10F5E0000DF103032046FFF77BF8002850D1AD68EA
:10F5F00029462046E56224F0ECFA206320B9E16A4E
:10F60000204624F0C7FBE0622946204624F0C2FBD6
:10F610000546A36A9D423DD165692046626CE91C9E
:10F62000143AB1FBF2F105EBC1050335B5FBF2F578
:10F63000023524F026FC8046A8423DD2616A20466D
:10F6400024F01BFB0027064604F1400A474512D36D
:10F65000626C01A9236802FB0639E36B05225B6932
:10F660004846984701A824F0CDFE53460246494635
:10F67000E06B24F022FF01373146204624F0FDFAEA
:10F68000AF420646E2D3154D284607B0BDE8F08FDD
:10F69000A56AADE72946204624F09BFA236B07466E
:10F6A000294603442046236324F074FB0546002FBB
:10F6B000AFD1C4E90B07ACE73046002524F099FD33
:10F6C0000023074A20461946FFF7B6F8EBE600BFCD
:10F6D00003E000F016E000F0001F002013E000F04F
:10F6E000D53E0300634A00232DE9F04117680E461A
:10F6F0000446136018B9604D2846BDE8F08190F8C3
:10F7000034500DB309680268914240F0AA807168D4
:10F710004268914240F0A580B1688268914240F011
:10F72000A080F168C268914240F09B8031694269D3
:10F73000914240F09680B169C26B914240F0918055
:10F7400072691D468261D7E750222946D0F8388079
:10F750002AF097FA336804F10800C4F8388023606F
:10F7600073686360336963617369D6E90212A361E8
:10F7700024F051FDB36904F14000E3639B689847AE
:10F7800094F8432020B1E561002AB4D03B4DB3E7A3
:10F79000656C002DF7D06668B6FBF5F3E361002ACF
:10F7A000A9D0B542F2D82268B2FBF5F105FB1122CF
:10F7B000002A58D105FB1363002B54D1204624F0B6
:10F7C000F8F9A369043303449E424ED3636940F6BB
:10F7D0003472CC3B93424AD8B5F5007FD6D303218F
:10F7E000204624F00FFAE36BD4E900011B68984728
:10F7F000E36B05460220DB6898471DB1002384F8BF
:10F8000034301EE039462046FFF72CFE1C4B0546DF
:10F81000984204D139462046FFF724FE0546636C22
:10F82000143B002DEAD1226A204602FB03F624F0A5
:10F83000C0F9A369043303449E4206D284F83450CD
:10F84000104DE06B24F0A1FB56E70F4A012384F82A
:10F85000343013680133D4E90001136021F0CCFD8A
:10F86000EFE70A4D48E70A4D46E7064D44E7094DE4
:10F8700042E700BF602C002009E000F004E000F047
:10F8800013E000F002E000F05C2C002008E000F043
:10F8900001E000F005E000F02DE9FF410F46904641
:10F8A0001E46054698B390F8343093B3B1F5801FE7
:10F8B00031D21A4C022124F0A5F90DF10F03224692
:10F8C00039462846FEF70CFF024678B1012342462E
:10F8D0003946284600933346FFF71CFC0446E86B84
:10F8E00024F053FB204604B0BDE8F0819DF80F30B2
:10F8F000012BEBD12169B142E8D100934146334657
:10F900002846FFF7B5F804460028DFD1E7E7044CA6
:10F91000E8E7044CE6E7044CE4E700BF2C1F0020B6
:10F9200009E000F007E000F00AE000F02DE9FF41F7
:10F930000C4616461F46054688B390F8343083B30C
:10F94000B1F5801F2FD2DFF87C80012124F05AF915
:10F9500021460DF10F0342462846FEF7C1FE04463C
:10F9600070B99DF80F30012B11D1D8F81030BB427F
:10F9700013D10246009031462846FFF779F8044635
:10F98000E86B24F002FB204604B0BDE8F081074C90
:10F99000074A022B08BF1446F2E7064CF0E7064C74
:10F9A000F1E7064CEFE7064CEDE700BF0BE000F097
:10F9B0000CE000F011E000F009E000F007E000F0DA
:10F9C0000AE000F02C1F002070B586B00E460546F8
:10F9D0000392A0B390F834309BB3B1F5801F32D2BC
:10F9E000022124F00FF90DF11703184A3146284679
:10F9F000FEF776FE044618B99DF81730032B0ED19A
:10FA0000022303AA314628460093CC23FFF782FB4A
:10FA10000446E86B24F0B9FA204606B070BD022B0C
:10FA20000BD10A49284624F00EFB03990246814275
:10FA3000EFD02846FFF7C4FBEAE7054CE9E7054CA1
:10FA4000EAE7054CE8E7054CE6E700BF2C1F00207D
:10FA50000DE000F009E000F007E000F00AE000F03F
:10FA600073B50C461646054630B390F834302BB3C8
:10FA7000B1F5801F24D2012124F0C4F821460DF1F4
:10FA80000703104A2846FEF72BFE044680B99DF86E
:10FA90000730032B0CD0022B0CD10A49284624F046
:10FAA000D2FA3060E86B24F070FA204602B070BDE4
:10FAB000054CF7E7054CF5E7054CF6E7054CF4E790
:10FAC000054CF2E72C1F00200BE000F00DE000F0E9
:10FAD00009E000F007E000F00AE000F0F7B50C469E
:10FAE0001646054668B390F8343063B3B1F5801F0D
:10FAF0002BD2022124F086F80DF10703144A214687
:10FB00002846FEF7EDFDC0B99DF80730032B14D051
:10FB1000022B14D10E49284624F095FA471C0246C0
:10FB200028463946FFF74CFB044606B13760E86BC0
:10FB300024F02BFA204603B0F0BD064CF7E7064C44
:10FB4000F5E7064CF6E7064CF4E7064CF2E700BF93
:10FB50002C1F00200BE000F00DE000F009E000F0A9
:10FB600007E000F00AE000F02DE9F3411F46002312
:10FB70000C46164605463B6050B390F834304BB304
:10FB8000B1F5801F28D2DFF86480012124F03AF813
:10FB900021460DF1070342462846FEF7A1FD044623
:10FBA000A0B99DF80730032B10D0022B0AD10123F6
:10FBB000336004233B60E86B24F0E7F9204602B091
:10FBC000BDE8F081D8F810303060F3E7034CF2E77D
:10FBD000034CF3E7034CF1E7034CEFE70BE000F0D5
:10FBE00009E000F007E000F00AE000F02C1F002020
:10FBF00030B50C4685B0054628B390F8343023B3B1
:10FC0000B1F5801F23D2022123F0FCFF0DF10F0379
:10FC1000104A21462846FEF763FD034688B99DF841
:10FC20000F20032A0DD003222146009202462846C7
:10FC3000FFF770FA0446E86B24F0A7F9204605B0F8
:10FC400030BD054CF7E7054CF8E7054CF6E7054CE9
:10FC5000F4E700BF2C1F00200BE000F009E000F0EB
:10FC600007E000F00AE000F02DE9F0414668002EC0
:10FC700046D005684FF0000CA846AE4655F83C400B
:10FC80000CF1010CC4F31307013401D0B94218D0B0
:10FC9000B4450EF1080EF1D12F46002403E0B44222
:10FCA00007F1080713D055F834C00134BCF1FF3F09
:10FCB000F5D1C1F313017A6041EA03513960BDE81F
:10FCC000F08141EA0353CEE90032BDE8F081032B15
:10FCD00016D0002403E0B44208F1080810D055F80B
:10FCE00034700134C7F30757032FF4D1C1F3130164
:10FCF000C8F8042041EA0353C8F80030BDE8F08199
:10FD000001230372BDE8F0812DE9F043476883B019
:10FD1000C7B106468846914600243368304653F8FA
:10FD2000345003EBC4030134C5F30752C5F3130188
:10FD3000013505D05B68CDF80090C04710B17768F9
:10FD4000BC42EAD303B0BDE8F08300BF73B5012A1B
:10FD5000044622489DF8185000EAC11123F07C4067
:10FD600007D9961E012E28D9073303F07F031943C4
:10FD700008E09DF81C300A43DB0603F0C053134330
:10FD800043F060410023C4E900108DF80730B5B19D
:10FD9000202221460DF1070024F0E4FA1A220DF189
:10FDA0000700211D24F0DEFA63689DF80720082073
:10FDB00043EA8263636002B070BD1143E2E71B2235
:10FDC0000DF10700214624F0CDFA23689DF80720A5
:10FDD000042043EAC2632360EDE700BF80FFFF0712
:10FDE00038B5094B0D46002104461A6829F049FF31
:10FDF00000234FF0FF322361A260E3822383A376C6
:10FE0000C4E9002538BD00BFA09D03000138C0B281
:10FE100005289ABF014B185C01207047E2B203002D
:10FE20002DE9F0410E46596888B007461546490A43
:10FE30000024012922464FEA510104F10104F8D8B7
:10FE4000DC78520399784FF0000824031B88C9021C
:10FE50000DF1070004F48054C3F30A0301F40061B8
:10FE600092B28DF807800C4302A923449C18254BBD
:10FE70001B22039325F07843ED436FEA0444029379
:10FE800024F070FA9DF8072025F07845029B02A91E
:10FE90000DF10700029543EAC2631B228DF807802B
:10FEA0006FEA1444049324F05DFA9DF8072007A933
:10FEB000029B06F11000079443EAC26301220593F6
:10FEC0004FF0FF330693BB6998470446BB6905A909
:10FED000012206F108009847404518BF0446BB6957
:10FEE00004A90122301D9847404518BF0446BB694C
:10FEF000012203A930469847404508BF204608B074
:10FF0000BDE8F08101009AB2431E033306D8044BCA
:10FF1000984228BF1846642838BF6420704700BF45
:10FF200040420F00F8B5054621F0F5F907460F4BA2
:10FF30001E6826B9384621F0F2F9344611E0B4685B
:10FF40008CB194F810C01CF0010F0CD14CF0010CD6
:10FF500095E80F0084F810C084E80F00384621F0BF
:10FF6000DEF92046F8BD3668E3E700BFA44800206C
:10FF700038B505460C4641B10B6833B11B680133F7
:10FF800003D0CB680BB18B684BB924F03BFEBDE8C6
:10FF900038404FF486724121002000F00DBA084627
:10FFA00002F0B0FC0023044A85F81C31C5E9304357
:10FFB000C2E9003338BD00BF0014002010B504466C
:10FFC00018B9054B054A136010BD00F0EDFDD4F8DB
:10FFD000CC30002BF6D1F4E7EF440300A04800201A
:10FFE000014B1868704700BF0014002008B5024696
:10FFF0000868FFF789FF08604868FFF785FF4860D9
:020000021000EC
:100000008868FFF781FF8860C868FFF77DFF0B698C
:10001000C860581C03D00B48834228BF03460B61BD
:100020004B69581C03D00748834228BF03468869A0
:100030004B61FFF769FFBDE808408861104601F099
:10004000EFBC00BF40420F002DE9F84FD0F8C4309C
:1000500006460F4613B1438B8B4244D0D6F8C0B04E
:10006000BBF1000F42D0DBF80830002B3ED0DBF8AC
:100070000C1000293AD0D6F8D4A0BAF1000F38D02D
:100080004FF000094D46C84601E0DBF8083005EBAB
:10009000C50203EB8204E3890135BB4214D8238AED
:1000A000BB4211D3B4F91220B6F92630934250DD89
:1000B000304696F81011F6F7C7FCB37D81468342AF
:1000C000A04606D9DBF80C108D42DED3B8F1000F44
:1000D00039D00023424630461946D0477783C6F8C8
:1000E000C48086F819910020BDE8F88F0320BDE890
:1000F000F88FD14647F6FF755446524604EBC408C4
:1001000003EB8808B8F80E30BB4216D8B8F81030A8
:10011000BB4212D3B8F91220AA4202D14FF0FF0914
:10012000DCE7304696F81011F6F78EFCB37D814679
:100130008342D3D94246DBF80C100134A14204D9E2
:10014000DBF80830DAE70120CEE7002AFBD0904642
:10015000C4E7A046BDE700BF2DE9F04782B00446E2
:100160000F46164601F0A8FE002856D1484D2B68D0
:10017000D4F8C0A0D4F8C4800BB1534568D04FF078
:100180000009AF6001F0CAFE0128074657D120469A
:1001900024F06EFC002844D12B68DAF80010D8F85F
:1001A000002013B1186888425DD0204624F0FEFB81
:1001B000C5E900A8D4F8D4508DF80760002D59D0B7
:1001C0000022204611460DF10703A847204601F002
:1001D000EFF80546B9F1000F0CD05EB9012F05D03C
:1001E00025B12C4B002103205B689847284602B0BC
:1001F000BDE8F087B5FA85F040F2DB3233214009E3
:1002000000F0DAF83146204601F0EEFA224B0546BE
:10021000414620461B689847E0E700231C4D6B6071
:10022000A5E794F91030002BB6DAA36B5B05B3D5C4
:100230001A4B0122002120461B689847ACE7002199
:10024000012000F0EFFC01F069FE0128FBD19EE7E0
:100250006B68002B93D0434591D1AB689F4214D07B
:100260004FF001098DE7696811B1096891429FD08B
:1002700059689AE7A17D94F819313246994228BF0E
:100280001946204601F016F8A0E70025AEE700BFAA
:1002900000140020AC480020A0480020D02C0020F2
:1002A000F8B50E46054621F036F831460746284691
:1002B000FFF7CAFE0446F8B1284624F0D9FB38B14E
:1002C00095F91030002B08DB0023114A82F8AC307E
:1002D000384621F024F82046F8BDAB6B13F4806358
:1002E000F3D0B5F80A31B3420FD0B5F80C319B1BEF
:1002F000B3FA83F35B09E8E701F0C0FD224631461B
:100300002846FFF729FF0446D6E70123DDE700BFB3
:10031000001E00B0F8B51C4B05461B680E4603B125
:10032000984731462846FFF723FED5F8C03073B111
:100330005B6963B124F00EFDD5F8C03040F2531272
:100340005B6942211B1A5842584100F035F80022DF
:100350004FF6FF734FF0240CF768D0B2B84208D3C1
:100360001C4621462846FFF79BFF24F053FC2046FD
:10037000F8BDB1680CFB0011CC899C4202D2002C64
:10038000EFD023460132E8E7CC2C002013B5044619
:10039000694624F060F9204624F06CFAFF280246F2
:1003A00006D020469DF80010F6F7CEFB02B010BD37
:1003B0000048FBE70080FFFF08B550B90548064B31
:1003C00001601A60054B1A68054B1A6018680AF03C
:1003D0008FFC08BDA8480020682C0020BC2D002000
:1003E000642C00202DE9F0418AB001AC05460B4693
:1003F0002746194A02F1200C264610685168083237
:1004000003C662453446F7D1002B08BF3B460027A0
:1004100010681C463060384603F10C0690B95FFA4C
:1004200087F842462846218824F025FB50B94246E9
:100430002846E18824F030FB20B942463146284660
:1004400024F03CFB0137032F06F1080604F10204F7
:10045000E4D10AB0BDE8F081FCB20300F0B589B088
:1004600005460E4624F039FB044600BB01AC06F1FC
:100470000C070FCF0FC497E8070084E8070001A915
:100480002846FFF7B3FD2846311D24F015FD04462C
:1004900048B92846074901F085FA044618B92846A4
:1004A00001F0D6FD044628463168FFF79BFF204641
:1004B00009B0F0BDF4B20300014924F036B900BF21
:1004C0002120010070B5164E032804460D463378EE
:1004D0001ED023FA04F202F00102AA421DD053B149
:1004E0000122A240A54023EA02032B43DBB2337072
:1004F0004BB1012070BD2DB10A4B01201B689847FC
:100500003378EDE73570074B00201B689847F0E71C
:100510009A07DED003F0FC03E9E7002070BD00BFBE
:100520003F430020A82C002038B504460D4605F0B6
:1005300041FD60B101F0D6FC48B9012D07D801207A
:1005400024F076FA0D4B1B6823B15B6898470C4B7F
:100550001C7038BD21F0B5FE0A4B1A68801A18606D
:10056000FAF770FC4FF47A72074B1B6802FB0030FD
:1005700024F0D9F8012001F0BDFCE8E7C82C0020E8
:10058000C14D0020A02C0020A42C0020F8B5054669
:100590000C4620F0C0FE104F06463B7833B1012DCB
:1005A00004D01CB90D48FAF775FB3C70214628466B
:1005B000FFF788FF0A4B04461B783BB93B782BB901
:1005C00024F02BFA10B1074B1B689847304620F0F7
:1005D000A6FE2046F8BD00BF404300207C2C002032
:1005E0003F430020AC480020054A0B46117831B14A
:1005F00000211170034A0121526818781047704792
:1006000040430020AC480020124B0239012910B5AC
:1006100018701ED805F0CEFCD8B101F063FCC0B153
:1006200001F05EFAA8B90C4B1C6834B123689847F6
:10063000BDE81040002024F0FBB924F072F8074B0D
:10064000186021F03EFE064B1860204601F052FC77
:10065000EEE710BDC14D0020C82C0020A42C0020C6
:10066000A02C002038B5044680B120F054FE0121B2
:1006700004460846F9F786FE01210B4A084621F098
:10068000CAFD2046BDE8384020F049BE20F043FEB8
:10069000054621460120F9F775FE01202146024A50
:1006A00021F0B9FD2846EDE720B30300F0B585B091
:1006B00020F031FE324D04462B7823B13148FAF751
:1006C000E9FA00284FD1FAF793FB02AA03A924F014
:1006D0008EF9034600283FD024F09DF9029B9842F2
:1006E00023D10020284B03991B68284E9942307073
:1006F00027D90027C91A012322482B70244A3346E0
:10070000CDE9007721F0B9FD002834D1214A1378D2
:10071000D90708D5317831B903F0FE03137013B946
:100720001D4B1B689847204611E024F072F9029B8C
:1007300098421ED0002318461349144A09681370C2
:1007400003910121FFF7BEFE002320462B7020F00D
:10075000E6FD002005B0F0BD20462B7020F0DFFD47
:10076000012005B0F0BD204620F0D9FD032005B0E2
:10077000F0BD0220B6E7032320462F703370F3E765
:10078000404300207C2C00209C2C0020C04D0020E9
:10079000E90501003F430020A82C002038B520F0D7
:1007A000BAFD0F4D04462B789BB90E4A0E491370C3
:1007B0000E4B0F4A0F481A600F4A5A60F9F75CFE59
:1007C0000E490F48F9F758FE0E4B0F4A1A600123E5
:1007D0002B70FAF73FF9204620F0A1FD002038BD2C
:1007E000414300204043002028B30300AC480020D0
:1007F000AD0601006C2C00208D05010030B3030014
:10080000742C0020A82C0020650601002DE9FF476C
:100810008D7880460F2D0E4603D9012004B0BDE827
:10082000F08725B90123314A00201370F6E791F8CB
:10083000009091F801A0B9F1000F3CD1BAF1000F7E
:10084000EBD196F90310F08803F042F80128E4D0C8
:1008500059EA0A03B088264F34D103F09DF84FF6C9
:10086000050184B24FF60400224A4FF00809136EC6
:100870009BB2834208BF0B463B808023012717664B
:10088000C2F880304B46002274B3611E02920122EE
:10089000013DEDB2009201954A4608F1D80002F000
:1008A0000BFF1FB14FF48012134B5A65134BB26804
:1008B0001A600223B7E7B9F1080FAED8BAF1080FF2
:1008C000ABD8BEE703F068F84FF604033A8884B269
:1008D0009A421EBF07490A663B80CA4553464FF0FD
:1008E000000738BF4B46CEE71146CFE74243002012
:1008F0006C4D002000C001B800D001B8B02C002021
:1009000010B50446D0F8F8200A4B4FF40061C3F844
:100910009020027C120202F4006205F0BFFA237CF0
:1009200013F0080F4FF4007314BF034A034A136710
:1009300010BD00BF001E00B0001002B8002002B8B9
:1009400037B50C461D4D41B90A46012105F0A6FAFE
:100950001B4BEC605C6003B030BD0122114605F01A
:100960009DFA0722174B0121DA60237901A82B7326
:100970006379019324F04AFA019BC2B2D34000F09C
:100980000F0040EA03106873A279AA73E279EA7350
:100990002068286183B1012102888B4205D8237920
:1009A000013B1344084A1362D5E730F81150013176
:1009B000AA4228BF2A46F0E71A46F0E7001F00B017
:1009C0000C1F00B0006000B8004000B8431C07D006
:1009D0006FF0FF02034B10401A62A3F580531862B8
:1009E000704700BF00E000B800F01803182B0AD0D1
:1009F00003070AD440F2011310F0100018BF184684
:100A0000034B986370470020FAE70120F8E700BF26
:100A1000001F00B0364B2DE9F7431E6801F4007942
:100A200000F00103174653EA090205460C4632D08E
:100A30004FF0000823B30023002200210120CDE95C
:100A4000008804F0B9F9042002F006FD4146304662
:100A500003F086FA01224146B083104623F064FD7C
:100A6000B16B06F1D80003F027FB22490868FFF7B5
:100A7000ADFF4FF0FF330B60337C43F0040333745E
:100A8000B9F1000F07D00121304623F009FE24F40C
:100A9000007405430C43D6E94E232A40234052EA12
:100AA000030103D01449304609688847FB070FD576
:100AB0001249134A08680021136811600121114A84
:100AC000117003B19847104B002102205B689847D2
:100AD00017F00E0F08D040F20B223B21002003B08C
:100AE000BDE8F043FFF768BC03B0BDE8F08300BF8A
:100AF000BC2D0020B4480020B8480020C02C0020A5
:100B0000C42C002045430020AC480020044B18684A
:100B1000830654BFC0F30F204FF6FF70704700BF2D
:100B2000982D0020F7B504461046D4E94EC7DDE9FC
:100B300008268CEA020587EA06010540194085EA85
:100B40000C057940C4E94E51002523F4004106EA22
:100B5000010320F0010043F40073024043F002035C
:100B6000CDE9005504F028F9237C9A0717D5D4F86D
:100B70003C319B0513D54FF48811204623F090FD9E
:100B8000237C65F341032374D4E94E2302400B40D8
:100B900052EA030103D00349204609688847002030
:100BA00003B0F0BDB848002038B10368044A002BF8
:100BB00008BF1346034A13607047014BFAE700BFB2
:100BC00067470300B8480020024B586A00F00F0046
:100BD000704700BF001F00B00F2938B505460C460E
:100BE0000ED801F09BF901280CD1074A2846536A18
:100BF00023F00F032343536223F07EFF002038BD10
:100C00000120FCE70220FAE7001F00B0014B986AC0
:100C1000704700BF001F00B0014B00209962704771
:100C2000001F00B003282DE9F347884655D82C4B08
:100C300013F800902B4B1E5C2B4B13F800A020F0F8
:100C40006AFB074604F072FA054640B10023002211
:100C5000CDE9003301200023002104F0ADF804F0B9
:100C60006DFA48B100230022CDE9003300200023B3
:100C70004FF4004104F0A0F86EB31C4BDC6C04F0A0
:100C800008041B4B31464846DC6404F061FB012339
:100C900052463146484604F0C3FB164BDC6465B14E
:100CA000154B1868816BD83003F006FA13490868B1
:100CB000FFF78CFE4FF0FF330B60B8F1000F04D04C
:100CC0000F4B002103205B689847384602B0BDE80F
:100CD000F04720F024BB3446D3E702B0BDE8F087EC
:100CE00040B303003CB3030038B30300004000B836
:100CF000006000B8005000B8BC2D0020B4480020AF
:100D0000AC4800200F4A136F13F0A00F15D1506F9D
:100D100010F0040013D10C4BD3F8C03E23F07F43F6
:100D200023F0FF035BB1D368C3F30362092A07D042
:100D3000B2F10C0018BF012070470020704701205D
:100D4000704700BF000002B8001000B070B50D463B
:100D5000064620B9194B1B68A3B1032011E001F02E
:100D6000DDF8012828D1164B93F90040C4F11C048A
:100D7000641BC4F11C03002BB8BF5B42232B0CDDAA
:100D8000012070BD81EAE173A3EBE173DBB2232B99
:100D9000F6D80B4B19700020F3E7B57420F0BBFABE
:100DA000084AE402D36904F4FF2423F4FF231C431C
:100DB000D46120F0B4FAEEE70220E2E7BC2D002077
:100DC0004343002000C000B818B9034B93F900005A
:100DD000704790F9120070474343002010B5044655
:100DE00023F046FE10B1012001F022F92046FFF762
:100DF00087FD20F090FA0A4A0121D2F88C3E044681
:100E000023F02003C2F88C3E0222064B08469A606B
:100E1000054B5B689847204620F081FA002010BD02
:100E2000001000B0001002B8AC480020094B084682
:100E30005A6A91020BD4D3F80021D20708D4D3F810
:100E4000803013F4706F14BF012000207047012020
:100E5000704700BF004001B8F8B50E46836B02EA48
:100E6000010423EA010323438363464A01F00B0391
:100E700023EA0401D1642340A2F580527707054696
:100E8000D36410D50121FFF7D1FF60B104F002FA5D
:100E90004FF4007314F0040F14BF3B4A3B4A5362F3
:100EA00004223B4B1A67F00606D514F0100F14BF4E
:100EB00000221B22374B5A6531061DD5220616D556
:100EC0004FF40012304B1A62012203F58053C3F82D
:100ED000002120F020FA0E210746032002F0F8FF3F
:100EE00040F201222B4B3846DA6220F018FA2146F4
:100EF00005F1D80003F0E0F8F30503D5E7052AD59E
:100F000002F0B6FFB00503D5A10527D502F0BCFF5E
:100F100016F48C6F1DD014F4806224D095F9103033
:100F2000002B0CDA6A8BB5F80A31934219D0B5F868
:100F30000C319A1A53425341174A82F8AC30D5F813
:100F4000C810284623F010FC8022144B5863144B21
:100F50001A610020F8BD02F085FFD3E702F08EFF92
:100F6000D6E70123E8E77305E9D595F91030002BA2
:100F7000E5DA094B114683F8AC200A4B28461B687A
:100F80009847DCE7006000B8005001B8006001B885
:100F9000002002B8004000B8001E00B0001F00B0E2
:100FA000000002B8D02C0020014B1868704700BF29
:100FB000BC2C002037B520F0AEF90024012300221C
:100FC000CDE90034002305461946104603F0F4FE2F
:100FD000022002F041FA064B21461C60054B02201C
:100FE0005B689847284620F09AF9204603B030BD48
:100FF000C42C0020AC4800202DE9FF4102290D46F9
:1010000016469846039004D1FFF7D4FF04B0BDE81C
:10101000F08120F080F91D4F04463B683BB1B3429C
:1010200005D020F07CF9002301203B60EEE7184B4F
:101030000022C3F8008001233E60CDE90033002385
:1010400000261046194603F0B7FE124B02201E7010
:1010500002F002FA33462A46022003A902F01AFAE5
:101060000D4B039A1A6008B92046DAE70B4D2B683E
:1010700098470128014604D0204620F050F900206E
:10108000C4E76B6802209847F6E700BFC42C002035
:10109000C02C002045430020BC2C0020AC48002080
:1010A000044B5B6E5B054EBF0120034B187800F0CC
:1010B0000100704700C001B845430020014B186A89
:1010C00002F026BF004001B8014B186A23F044BE6D
:1010D000004001B8437C5A1F012A01D9082B05D1D1
:1010E0004B7C2BB1012B05D0022B05D023F0A2BBEA
:1010F00002487047024870470248704720A1070025
:1011000048E8010040420F0070B50E4620F003F998
:10111000054600F027FF044620B1284620F0FFF8DE
:10112000204670BD04F0B6F8104B3278D3F8C03EBC
:10113000022A23F0F00315D0101F42424241520010
:1011400043EA02137278022A0ED0111F4A424A4122
:10115000520043EA8213054AC2F8C03E0422044BFF
:101160001A67DAE70122EBE70122F2E7001000B08C
:10117000002002B870B50E4620F0CDF8054600F00C
:1011800007FF044620B1284620F0C9F8204670BD6C
:1011900004F080F8104B3278D3F8C03E022A23F0D6
:1011A0000F0314D0101F4242424152001343727881
:1011B000022A0ED0111F4A424A41520043EA8203DA
:1011C000054AC2F8C03E0422044B1A67DBE701223D
:1011D000ECE70122F2E700BF001000B0002002B8E7
:1011E0002DE9F8430E780446042E0D4690F8108140
:1011F0000BD100275FFA87F9484601F0B5FC08B12A
:101200004E4602E00137042FF4D1304601F0ACFC29
:10121000002845D094F81031B34208D1AA88E36C75
:101220009A4204D16A88B4F812319A4235D084F8CF
:101230001061AB883046A4F814316B88A4F81231E1
:10124000AB8804F58875E364FF23E37523F00EFD96
:10125000A075284601F0B4FB18BB284601F07AFCC3
:10126000F8B9D4F8C43053B194F81011414506D000
:101270002046B3F91220F5F7E7FB84F81901204660
:1012800001F0D4FD0949A4F814010123084AD1F85A
:10129000FC1004F1D80003F081FB0020BDE8F883C6
:1012A00001200C2384F81031F8E700BF001F00B0C4
:1012B000581F00B0F8B5054690F810010C460C28F0
:1012C000164622D0FF2922D01AB14FF0FF32114B1F
:1012D0001A6023F0CBFC074695F8100101F0A2FC40
:1012E000844228BF0446E4B2BC4238BF3C46E0B268
:1012F000E87501F03DFD044616B9284601F0A6FC4C
:10130000A4F1FF0358425841F8BD0220FCE7012038
:10131000FAE700BFC048002010B590F8103104462D
:101320000C2B3DD0D0F8C4308175B3B3D0F8D420A5
:10133000D2B990F819318B421CD300222046FFF716
:10134000B9FF80B9174B1B78022B0BD8204601F050
:101350006DFD15490123154AD1F8FC1004F1D800A0
:1013600003F01CFB002010BDB0F92620B3F91230A9
:101370009A42E2DD0022204694F81911FFF79AFF05
:101380000028F0D1C4F8C400204623F0FBF8014641
:101390002046BDE81040FEF783BFFF23C375E1E799
:1013A0000220E0E7704D0020001F00B0581F00B081
:1013B000036C012B01D100207047F0B50546684948
:1013C0008DB023F088FCD5F8C46001466C8BC5F85D
:1013D000C80026B1336813B15B68002B68D11FF0D9
:1013E0009AFF1FF09CFF0123D5F8C8108DF8063036
:1013F000B389D6E90120E31A9BB200FB03225948C6
:10140000ADF80430036800928B4207D0284623F0E1
:10141000ABF980225449554B48631A61534C00F094
:101420007DFD0128FBD1A3689A06F8D428469DF8D3
:101430000620009906AB02F0D5FF002835D100F058
:101440006DFD01280446FAD1684606A903F082F929
:10145000064650BB6A8B464B5A642B7C60F34103B3
:101460002B7400F05FFFD5F8C4305969431E0F6834
:10147000DBB2FD2B029721D9FB1C35D84B68FF2826
:1014800008BF2746039368D1DE1C23D8024602A971
:10149000284623F054FBD7B9D5F83C3199053FD401
:1014A0002B7C43F002032B7411E002200DB0F0BD41
:1014B0001A68032A93D99B6A5B0E97E74B68012849
:1014C00003930FD00246284602A923F038FB0020E0
:1014D0000DB0F0BD0133274B5B6818D0DA1C30D853
:1014E0000393D3E70746CFE7224B01371B6818BFAA
:1014F0000127DA1C06D802934B68FF280393C3D058
:101500000020C3E7FF284B6824D00393C3E7DC1C0B
:101510001AD80246284602A9039323F010FBBBE722
:101520004FF48031284623F0BBF8D5E94E23024022
:101530000B4052EA0301CAD00F4928460968884780
:10154000C5E7FF28A7D1DBE7FF28A5D10022284661
:1015500002A9E2E72046039396E73246B3E700BFCD
:10156000FC1F00B0AC2C0020001F00B0000002B82F
:10157000008001B8C8480020B848002010B50C46CB
:1015800019B123F075FA00B10434204602F004FAD0
:10159000024B4042C3F8B00E002010BD001000B056
:1015A00070B58030814214BF0C46002416461FF0EF
:1015B000B2FE4FF49C530C490546CA68C2F303625D
:1015C000D340DA0702D50B6F9B030AD420460122D1
:1015D000314600F05DFF044628461FF0A0FE20467D
:1015E00070BD0324F8E700BF000002B82DE9F74FF3
:1015F00006461546084619B9012003B0BDE8F08F2C
:10160000002AF9D0032904D8002101F0C5F80028E8
:10161000F2D004888278B4F5804F02F0070180F0A0
:10162000CB80A1F1070C037990F80590C788DCF115
:10163000000040EB0C000529287394BF0020C2F382
:101640000010C2F3801C6873900985F810C000F088
:101650000200C2F3C00C40EA0C00C2F340126874EE
:10166000AA74AF820BB996F8FE30013BDBB2EB7483
:10167000B36BD80600F18C800639012900F288800E
:101680004FF001084D4B083C5B6D4D4BDF6B9B6B86
:1016900047F0005703F00703063308FA03F8002366
:1016A00008F1FF3804EA080417F804A0013404EA3A
:1016B0000804AB60631D03EA0803BAF1800FFA5C0B
:1016C000717C03F1010318BFAAF1320A03EA08038F
:1016D00008BF6FF07F0AFB5C18BF4FFA8AFA41B36C
:1016E0000020D6F8D0300BB151469847631CE87300
:1016F00085F80EA003EA0803F95C013303EA080346
:10170000FA5C013303EA080341EA0221FA5C01337F
:1017100003EA0803F85C41EA0241002341EA006160
:101720006A7C304603F0F8F906232860AB7100208C
:1017300063E742EA0323D9040FFA83FB25D5D6F8E1
:10174000C830ABB11A68022A12D993F82400CBF33F
:101750000B03DB0008B1B3FBF0F39945C0D8002BB5
:10176000BED0C9EB0920B0FBF3F0C043C0B2B8E76C
:1017700029463046FFF7AEFC0190304623F04AF888
:10178000019BB3FBF0F0C0B2E1E7385D4000EDE74C
:1017900000230020EB730B4B5A69C2F3072312049A
:1017A00048BF63F0FF035AB212F1800F1CBF323BF7
:1017B0005AB2AA730346B8E702201EE7004000B8F9
:1017C0000040005400C000B811F5004F1FBF01F3E6
:1017D0000E01044BC1F30E01002014BF99640120D7
:1017E000704700BF008001B8F8B504460E4611B935
:1017F000037C5A063FD44FF6FF73E18BD4F8C870D0
:10180000994204D0304B1B680BB1204698472F4DAE
:101810002B68BB424CD02E4B1B683BB11FB13A68C2
:10182000002A47D0BF6839462046984707272046F8
:1018300001F0FCFA002E31D006270126254B94F941
:10184000122093F900302449C3F11C039B1ACA6982
:10185000DB0222F4FF2203F4FF231343CB61D4F80D
:10186000C8301E4A2B601E4B976720461E7023F01F
:1018700043F90020F8BD4FF6FF71144DD0F8C87041
:101880002A6866F386139742C183037417D0104BFE
:101890001B68002BC2D101F0C9FA072711493B464A
:1018A000114AD1F8FC1004F1D80003F077F8C3E72F
:1018B0000127BCE71746204639469847B6E701F0AE
:1018C000B5FA0127EAE700BFB82C0020AC2C0020B5
:1018D000B42C00204343002000C000B8006000B8D2
:1018E00044430020001F00B0581F00B008B5482234
:1018F0000021024828F0C5F9002008BDC41E00B030
:101900000C2337B580F810310023837464234FF023
:10191000FF357822C0E93933C0E93B33C0F8E03005
:101920004FF6FF730446A0F8F4200376C383C56422
:10193000C58205628584057503F008FC2046FFF723
:10194000D5FF94F912102046FFF700FA602340F605
:10195000FF71114A2046D36402F11C42D162D16565
:101960000E4A2946D36440220D4B1A67A26BFFF73B
:1019700073FA0E230022CDE9003340F20223104611
:10198000194603F019FA01F00BF9204603B0BDE83F
:10199000304004F021BB00BF004000B8005000B848
:1019A000002002B810B50C46FFF7A0FFBCB1A37829
:1019B000082B16D8E278082A13D843EA021313F04A
:1019C000FF030CBF19466168074AC2F8C4102178AA
:1019D00082F80811617882F80B3182F80911002031
:1019E00010BD0120FCE700BF001E00B0012A10B5A9
:1019F00012D8032B10D803EB82020123074C93402B
:101A000094F80A01DBB221B10343002084F80A31C3
:101A100010BD20EA0303F8E70120F9E7001E00B03B
:101A2000034670B50C68B0F81421013408BFD3F830
:101A3000E0408D6808BF0C604C68D830013404BFAA
:101A4000D3F8EC404C606E1C38D1D3F8E840CE6837
:101A50008C60751C38D1D3F8E4500E69CD60013626
:101A600004BFD3F8D8600E614E69013604BFD3F8C5
:101A7000DC604E618E69013604BFD3F8F0608E6180
:101A80008E693EB35A32B24238BF32460E688A611E
:101A9000C3F8E8404C68C3E93865C3E93B420A69CA
:101AA000C3F8D8204A690C49C3F8DC20D1F8FC10EF
:101AB00007230A4A02F072FF002070BD02F15A04A7
:101AC000AC4238BF2C46C2E702F17805B54238BFB8
:101AD0003546C2E76422D9E7001F00B0581F00B0A6
:101AE00070B51FF018FC05460B4E00F017FA0128E0
:101AF00004D028461FF013FC022070BDF36813F0D9
:101B0000706FC3F30364F0D1B36ADB06EDD52846EA
:101B10001FF005FC2046F0E7000002B838B51FF0C2
:101B2000FAFB4FF6FF710A4A13888B4203D11FF06C
:101B3000F6FB032038BD074C074D1B046566A4F572
:101B40008054636611801FF0EAFB0020F2E700BFBB
:101B50006E4D0020006001B80000FFFF2DE9F74343
:101B6000044688461546FFF7CDF870B16F4F7B6984
:101B7000DB0740F1D8801FF0CEFB0646032001F0C2
:101B800067FD30B130461FF0CAFB022003B0BDE84C
:101B9000F0837F6917F00607F4D130461FF0BFFBD2
:101BA000634B4FF400612046D3F8C09ED3F8946E87
:101BB00004F088F940B14FF4007201215D4B0846F2
:101BC0001A673A4622F0B0FC94F91030002B06DA7E
:101BD000A36B5F0542BF4FF40022574B1A67414683
:101BE0002046FEF75DFB524BC3F8C09EC3F8946ECF
:101BF0000028CBD1237CD80601D4002D54D0C5F3C6
:101C0000400003F00DFB022315F4807F1BBF002171
:101C1000494A484A136717BF484A1367516113631B
:101C200003F038FB4FF4806315F0040F14BF444AEF
:101C3000444A15F0400F53624FF004023D4B2846D2
:101C40001A674FF0400314BF3F4A404AC2F8883039
:101C5000FEF7CAFE204622F031FE38B14FF4807301
:101C600015F0010F14BF344A324A1367A90644D550
:101C70004FF6FF72A38C93420FD0354A3549526E0E
:101C8000100CC2F301120132B3FBF2F308802C4AAC
:101C90002C4931481B0448665366003D18BF012596
:101CA000237C65F304132374204622F0E1FEF0B197
:101CB000204622F003FED0B14FF40031204604F05C
:101CC00001F9431C03229BB2244801A922F091FF91
:101CD0009DF8042002F00703052B9DF8053015D16F
:101CE00012070DD443F480731D4AC2F8A0300020BF
:101CF00003B0BDE8F04322F089BFFFF70FFFCCE748
:101D000013F0040F09D19DF80630EBE703F0300221
:101D1000202A05D113F0010FF4E74FF48073E3E7B5
:101D20009DF80630E0E7032030E700BF00C001B8AF
:101D3000001000B0002002B8001002B800400054AB
:101D4000005001B8006001B800D000B800E000B851
:101D5000004001B86E4D00200000FFFF0840005415
:101D6000001E00B02DE9F3410646884615461F4681
:101D70001FF0D1FA0446032001F06AFC38B1204676
:101D80001FF0CDFA0324204602B0BDE8F081042004
:101D900001F05EFC0028F2D120461FF0C0FA2A466E
:101DA00041463046FFF7DAFE04460028EBD1DFF863
:101DB000C880002F3CD088F8000039463046FEF736
:101DC00025FD002849D198F80030012B2DD0202284
:101DD000234B1A67234B5B6BB3F5817F30D2012015
:101DE00022F055FF1FF097FA1F4B06461B68019320
:101DF0004BB1042001F030FB00230122042001A993
:101E000001F048FB28B301F0A9FC2B061CD50022E9
:101E1000164B9A6701F0F4FC154B012100205B681A
:101E2000984730461FF07BFAADE703F0E3F9AAE7E5
:101E300098F80030012BF8D0002BC8D10124A2E77C
:101E400080220C4B1A61CAE701F0DAFC03F0BEF9FC
:101E5000E2E703F037FA0124E3E7044693E700BF23
:101E6000001002B8001F00B0B02C002000C001B864
:101E7000AC480020000002B84243002008B50B4BDC
:101E8000D3F84C114B1C0FD011F080410CD1032022
:101E9000FEF7C8FE4FF080624FF40071044BDA6722
:101EA000044AD16201225A6108BD00BF0080E00FE0
:101EB000001002B8004000B84FF40022034B186F26
:101EC00003F500531A67C0F3C0407047000002B822
:101ED000024B034A00201A60704700BFB42C002058
:101EE00041090100024B586900F00100704700BF32
:101EF00000C001B8084B5A69D10707D508B901F0ED
:101F000087BA5B69DA0706D401F074BA5B69DB074C
:101F100001D40028F8D1704700C001B80F4BDB682E
:101F2000C3F30363013B0B2B0FD8DFE803F0060676
:101F30000C06060606080A08080802207047042056
:101F400070470520704703207047054B5B6913F00D
:101F5000060F0CBF01200420704700BF000002B82C
:101F600000C001B8094AD368C3F303630B2B08D040
:101F70006FF49050184100F0010080F00100400023
:101F80007047106F10F48030EDD17047000002B838
:101F90000C4AD368C3F30363062B07D8042BD8B2CB
:101FA0000BD8C31E5842584140007047072B06D13A
:101FB000D2F830010028ECD1704702207047002091
:101FC000704700BF000002B8094BDB68C3F303632E
:101FD0009A1E012A8CBF00220122012B02701EBF13
:101FE0004FF4026222FA03F303F001030B7070470F
:101FF000000002B8094AD368C3F30363032B01D07E
:10200000072B08D1536FDB0605D4906F80F00800D2
:10201000C0F3C00070470020704700BF000002B846
:10202000024B0022196822F004BD00BFA0B30300D8
:10203000024B1B6803B11847704700BFDC2C00201F
:10204000024B1B6803B11847704700BFD82C002013
:1020500010B5FF224FF6FF71044622F00CFD68B95F
:10206000FF224FF6FF71204622F016FD30B92046C0
:10207000BDE81040FF22024922F020BD10BD00BF84
:1020800044B303002DE9F0411C46184B05461E6879
:102090000F46904646B1306801F02CFEF3681BB144
:1020A000B368186801F026FE114B1B682BB1DA6883
:1020B0001AB19B68186801F01DFE9DF8183064077E
:1020C00044EA08425B0503F0BC6342EAC7621A4374
:1020D0002846084942F4C87203F0E0FE0022284670
:1020E0001146FFF75DFA0020BDE8F0819CB30300C4
:1020F000A0B303009007E12D08B5FFF77BFF90B177
:102100000A4BDA6911030ED51A6F92030BD49B6F39
:1021100013F0100F4FF0100303D1054A002093670E
:1021200008BD044AFAE70220FAE700BF000002B83F
:10213000001002B8002002B838B50446F8B1124ABF
:10214000D3691B031DD5556F104BC5F38115032DA6
:10215000B3F89C300DD10822083B9BB221460C48B5
:1021600022F047FD0020084B25729B6F1B0A63720B
:1021700038BD022D05D1023B2A469BB2EEE7012075
:10218000F6E70220F4E700BF000002B8001E00B02E
:1021900038400054431EDBB2FD2B14D9FF280B68D6
:1021A00001D14A68134313F0802F1EBF42F201028F
:1021B000074BC3F8282251F82020054BC3F85022C2
:1021C000C3F8542270470128F5D10023E9E700BF86
:1021D000004001B8F0B585B06D460E460F4B07467E
:1021E00014460FCB85E80F000D4BD3F84802009042
:1021F000D3F84C2201923EB1631EDBB2FD2B0AD90B
:102200003060FF2C00D1726022462946384622F009
:1022100096FC05B0F0BD012CF4E700BF4CB3030001
:102220000080E00FF0B585B06E460D4B07460D46B9
:102230000FCB86E80F0000F075F8314604460246E1
:10224000384622F02AFE4DB140B9FF2C1BBF04AB2B
:1022500003EB8404009B54F8103C2B6005B0F0BDE8
:102260004CB3030030B50C4B0546187085B00823FD
:1022700080B90A4AC2F8FC3351B96C46084B0FCBFF
:1022800084E80F00074B2A4621461868FFF7A2FF93
:1022900005B030BD044AEDE7C24D0020001002B881
:1022A0005CB30300BC2D0020002002B838B5044602
:1022B00001F04EFCE0782179174A40EA0143C2F868
:1022C000CC34E579A37943EA0543C2F8D0342378C6
:1022D0001BB100230422F4F709F963782BB1002322
:1022E0000422E179A079F4F701F92278012372B18F
:1022F0000A4AC2F8C8346278022352B1074AC2F8C7
:10230000C834A0780021FFF7ADFF002038BD044A93
:10231000EFE7034AF3E700BF00C0035000D00350CB
:1023200000E00350014B1878704700BFC24D0020F9
:10233000124BD3F8E020D2031ED54FF4803210495F
:10234000C1F8E020A1F58051C1F8EC201A6CD1B29F
:10235000C2F30722C3F88010C3F880200422C3F818
:1023600080200022C3F88020C3F88020C3F880209A
:10237000C3F88020C3F88020704700BF004000549D
:1023800000600054F8B50D46174606461EF0C3FF20
:1023900001230421084C094A2363A760E6602561F4
:1023A000C2F8E010064AC2F884311EF0B8FF0DB141
:1023B00002232363F8BD00BF0040005400600054B6
:1023C00000E100E00122054B1860054B1A6640F65B
:1023D000FF729963D863DA65704700BFE42C002070
:1023E000004000542DE9F04F042A05460B4683B007
:1023F00039D901260978141F81615A7803F104093B
:1024000082619A788261DB7883610368D0F808B0D2
:1024100003F0070306339E4006F1FF3A0AEA0B0871
:102420004768A6EB0802944247F000570ED8494689
:10243000224607EB080027F036FC46EA0A0604EBC2
:102440000B023240AA6003B0BDE8F08F494607EBAB
:102450000800019227F027FC019A384609EB020197
:10246000A21B4244E7E7013A032AECD8DFE802F076
:102470000B08050213F8012B826113F8012BAA61E6
:1024800013F8012BAA611B78AB6103B0BDE8F08F94
:1024900038B50C46154601460F4B68B101220F486E
:1024A000C3F8C0202246FFF79DFF1DB104220A4B4E
:1024B000C3F8C020002038BD64B1D3F8A420A242E4
:1024C00084BF0122C3F8C0200222C3F8A040C3F891
:1024D000C020EAE70122FAE7004000549840005487
:1024E00010B51EF018FF0122174B18491A66C3F8E1
:1024F00090209A66164A0446DA660722C3F88C20B2
:10250000144B1A800023144A13804FF4A022C1F800
:10251000E020A1F58051C1F8EC20104A1360104B67
:102520001B6F5B020AD54FF480020E4B18680E4BEE
:10253000D8301A6750F8A01C01F0BEFD2046BDE857
:1025400010401EF0ECBE00BF00400054006000547C
:1025500098150020304000202E400020E02C002064
:10256000000002B8BC2D0020002002B807220D4B4D
:1025700001211A8000220C4B1A800C4BC3F8C010AA
:10258000C3F898204FF40052C3F89C00C3F8BC2055
:10259000F022074B9A64A022A3F580539A64FFF7B8
:1025A0009FBF00BF304000202E400020004000545C
:1025B000006000B82DE9F041044688B11EF0ABFE82
:1025C0003C4E3D4A3388032C03F0780105463B4FCF
:1025D00003F07F0C11445BD13C6824B91EF09FFED0
:1025E0000320BDE8F08124F00104386820F00100E8
:1025F000A04252D100223A6022888C426FEA4242C5
:102600006FEA524222803ED12D4CDFF8D0C027889D
:10261000ACF180083A46083A92B201F108006045F0
:1026200028BF4046082A04D9B0F800E0BEF5804F24
:102630003ED222803B440C8888789B1A2149DBB229
:10264000C4F30C044C6433804B67C1F88C204FF406
:1026500080221D4B00F00700C3F8E02001221B4B35
:10266000C3F88421FFF764FE04280CD14FF48002E4
:10267000174B1B6F174B1868174BD8301A6750F859
:10268000A01C01F019FD28461EF049FE0020A8E715
:10269000601E012898BF0C46A7E7094862440088DD
:1026A000A21A48BF803208389042A5DC284695E738
:1026B0000146B0E72E40002098150020E02C0020B5
:1026C00030400020004000540060005400E100E071
:1026D000000002B8BC2D0020002002B8181600200F
:1026E0001249134B0A881B8812481344083292B2CD
:1026F0000A801149073BC1F88C204FF480210F4A12
:1027000003F07803C2F8E0100121034498780C4AE2
:1027100000F007000428C2F8841103D10949CA68EF
:102720001203FCD4084A1360704700BF30400020F9
:102730002E400020981500200040005400600054F6
:1027400000E100E0000002B8E02C002010B5054CCC
:10275000206828B1C30701D4FFF72CFF00232360B2
:1027600010BD00BFE02C00204FF48033084AC2F8AF
:10277000EC30A2F58052C2F8E030064BD3F8883036
:10278000C3F30C03782B01D8FFF7D2BD704700BF0D
:1027900000600054004000542DE9F84304460E4602
:1027A0001EF0B9FD4F4B81461A884F484F4D02F03D
:1027B0007801032C2D8802F07F03014417D14C4C83
:1027C00024688CB92A44073A02F07802841803443A
:1027D000E31A48BF8033AB4210DB48461EF09FFD32
:1027E00000242046BDE8F88324F00104EFE7012C23
:1027F00002D0022CEBD1083D0C46E8E7002E40D079
:102800008C423C4941D1D1F8448001278A6B02F0C7
:10281000070206329740D1F88820C2F30C029A4290
:1028200046DD2588B5F5804FD7D2A378C5F30C05D2
:1028300003F007037A1EA5EB08053A43052B337016
:1028400005EA02052CD82DB2E84340F23A420421B1
:10285000C00FFDF7B1FD7580E378274A3374126825
:102860007B1E03EA0803D118B160A9B213FA85F5FB
:10287000BD4291BF0023FF1AB780F2609CBFB180B8
:10288000F36048461EF04BFDABE7A4F1080282421C
:1028900038BF04F17802B2F80080C8F30C08B4E73E
:1028A000164B5B6D003B18BF0123A5EBC305CAE7C0
:1028B0000B6C7A1EA3EB08033A431A40104B15B277
:1028C000DB6862B9C3F30363D91E4B424B41DB00A3
:1028D00033700B4B72809B6FC3F30723BDE7082354
:1028E000F6E700BF2E400020981500203040002061
:1028F000E02C002000400054E42C0020004000B8F0
:10290000000002B8054BA822D3F84C013121431C2A
:102910000CBF0120C0F38070FDF74EBD0080E00FBA
:1029200038B5094D0446286840F6A402003818BF9F
:1029300001202B21FDF740FDFA235C432B680A2080
:10294000B4FBF3F4604338BD182D0020174B30B5AD
:102950001A68431C164B22D0B2F1407F1FD3154D8D
:1029600000F03F04D5F8002122F03F021443C3F8E1
:10297000C84001F03F042243C3F8D020D5F8043109
:102980000D4A1A400D4B03EA500003EA510110436F
:102990001143074BC3F8CC00C3F8D41030BD00205E
:1029A0000146C3F8C800C3F8D000F2E70080E00F8A
:1029B000001F00B0000002B81FF087E1E0FFFF7FBA
:1029C00073B5574E0446317819B91C22554827F083
:1029D00058F92378544A6188137051804FF0FC6293
:1029E000524CFF21C4F8FC204FF47F02C4F80821A8
:1029F0004F4A022B4F4D117033D1042307224E4909
:102A0000C4F8FC23C5F8FC33C4F800114FF4C071BE
:102A1000C5F80011C4F8FC234FF48052C5F8FC330C
:102A2000C5F870214FF40052C4F87021C4F8083181
:102A30004FF4FF13C4F8FC304FF4BB13C5F8FC305F
:102A40008023C4F8703148F2C8023C4BC3F8D82048
:102A50003B4B3C4A0020C3F8C02F0123337002B027
:102A600070BD394A012BC4F80021384B27D14FF4EF
:102A7000C072C5F80021D3F83802D3F83C12FFF732
:102A800065FF0723C4F8FC330223C5F8FC334FF479
:102A90008053C5F870314FF40053C4F870310423EB
:102AA000C4F808310DEB0300F3F7AAFE9DF80530DA
:102AB000023B012B9CBF8023C5F87031C3E7244A39
:102AC000C5F80021D3F83002D3F83412FFF73EFFE7
:102AD0000723C4F8FC330123C5F8FC338023C4F872
:102AE00070314FF4805301A8C4F87031F3F788FEB9
:102AF0009DF80530012B05D19DF8043053B948F2FB
:102B00005D1309E0FBD9023B012B9CBF4FF400533E
:102B1000C5F8703148F25813084AC2F8D83097E720
:102B200046430020C41F00B0704D0020002002B8B2
:102B3000C64D0020001002B8C0F10F00001F00B009
:102B4000001000B0EC2C0020C0F70F000080E00F58
:102B5000C0F60F00034B1A6802609B888380002038
:102B6000704700BF704D002010B5044600F0F0FF24
:102B70000A4BD3F8F83724B983F40023C3F3C040D9
:102B800010BD012C05D113F4C02F0CBF0120002073
:102B9000F6E7A31E58425841F2E700BF000002B812
:102BA0006FF07F4208B5154BD3F8FC37934208D03D
:102BB000134A03F03F031370F123124A1370124AB1
:102BC00013701249124B09781A68A9B1B2F1A06FBB
:102BD00012D3D3F850120F4A0F4BB1F1FF3F18BF79
:102BE00013460E4A136022F0B5F841F66A03B0FBB3
:102BF000F3F00B4B186008BD074BF2E7000002B87A
:102C0000C74D0020C84D0020C94D0020C54D0020F3
:102C10000080E00F5082E00F80B30300E82C00201A
:102C2000182D0020012807D0022802D030B1002042
:102C30007047034B18787047024BFBE7024BF9E7EC
:102C4000C74D0020C84D0020C94D00200023F0B51D
:102C500090F8104185B002462046CDE90133CDF809
:102C60000B30FFF7DFFFD37D411EC9B28B4228BF77
:102C70000B46002C3CD0012C38D1042418464FF0D0
:102C80000F0C394E0DEB0405B0FBFCF7F75D013C72
:102C9000C01BC0B2814238BF00206055002CF3D168
:102CA00005240F278DF80830B3FBF7F0305C0344A0
:102CB000DBB28B4228BF0B462B5501340B2CF3D1D2
:102CC0000F2602F14C00783215F8013BB3FBF6F108
:102CD0004C1CC1EB01115B1A0133DBB2E4B21B04E3
:102CE00043EA045340F8043F8242EDD105B0F0BD01
:102CF000042418464FF00F0C1C4F0DEB0406B0FBDC
:102D0000FCF5EDB27D5D013C401BC0B2814238BF95
:102D10000020A055002CF2D105240F258DF8083095
:102D2000B3FBF5F0385C0344DBB28B4228BF0B46A3
:102D3000335501340B2CF3D10F2502F14C047832BA
:102D400016F8013BB3FBF5F1481CC1EB01115B1A0E
:102D50000133DBB2C0B21B0443EA005344F8043F22
:102D6000A242EDD1C2E700BF79B303006CB3030008
:102D700038B5284B05461A7827490C2A02D1FF207E
:102D8000087038BD104621F071FF04461046FFF769
:102D900049FFA84228BF2846C0B2A04238BF2046FB
:102DA0000B78C0B28342ECD0087088B1431EDBB20E
:102DB000022A1A490ED14FF0FC62C1F8FC20A1F59D
:102DC0000051D1F8FC2042EA4353C1F8FC30D8E767
:102DD0000346EDE7124A134C12685032C4F8C02F74
:102DE0004FF47F02C1F808210F49CA6FD202C8D43C
:102DF0000F22B3FBF2F2551CC2EB02129B1A0133F5
:102E0000D1F808411B0443EA05532343C1F80831B4
:102E1000B7E700BF704D0020C64D0020002002B86B
:102E2000BC2D0020001000B0000002B82DE9F04FCA
:102E300090F810510746C66C87B035BB1F2E38BFBF
:102E40001F26093E884B89481A6A4C230168C2F341
:102E50008212D34003F00108B1424346FA7D84490F
:102E6000DFF82CB2DFF82C9214D10C78444511D144
:102E70009BF80040AC420DD17E4C2478944209D19D
:102E8000B9F8040007B0BDE8F08F032E38BF032661
:102E9000023ED7E7066099F800000B70FFF7C2FE0C
:102EA000FF2A14D1284621F0E1FE0146B8F1000FB7
:102EB00016D0D7F8C810002900F0C8800B68082B7E
:102EC00040F2C48091F838A0002D51D00FE0411E8F
:102ED000914228BF1146012938BF0121C9B2E5E757
:102EE000012D2BD0022D00F0AF80BDB3C24621F0E2
:102EF00031FF40F27123B0FBF3F019237043B0FBB4
:102F0000F3F001225146059005A821F085FE4FEA15
:102F10004A01032938BF0321040244EA001403399B
:102F2000044300F01F0001FA00F0FFF7F9FC0AEB80
:102F30000A260AEB062600F5FA6860E00F23B1FBCB
:102F4000F3F35A1CC3EB0313C91A0131C9B2D2B24D
:102F5000090441EA0251C1F3074AC8E70F23B1FB54
:102F6000F3F1454B01311B6853FA81F111F801ACC3
:102F700021F0F0FE40F27123B0FBF3F41923744307
:102F8000B4FBF3F44FEA0A460294B8F1000F60D1A3
:102F90003A4BAAF14001A3FB042303A84246039342
:102FA00021F03AFEDDF80CA0354AA4EB0A04A2FB9E
:102FB000041200903021049204A8424621F02CFE15
:102FC000DDF810800190A4EB08040122102105A86F
:102FD000059421F021FE009B46F480461C02019BD3
:102FE00046F0100644EA0314059B04430AEB08006C
:102FF0001844FFF795FC00F50C5808F1280840F636
:10300000FF72204B4046C3F8C020A3F58053C3F89D
:10301000C040A3F580531C4CC3F8C460C4F80080C2
:1030200001F050FC4FF47A72184B404298652368C7
:103030001049B3FBF2F3A9F80430FB7DB8FBF2F0C2
:103040008BF800500B701DE78A4650E74FF0000ADE
:103050003AE70022514602A821F0DEFD040244F0C6
:1030600011040298C5E700BF004001B8C048002025
:1030700047430020C34D0020E82C002069C2F568BA
:10308000911E856B006001B81C2D0020001F00B050
:10309000C44D0020704D0020014B1870704700BFD8
:1030A000C54D002010B5044602F084FF78B1174BDF
:1030B0001B786BB964B1164B1B784BB1154B1B7861
:1030C000013B012B04D84FF40042134BDA6710BDCB
:1030D000124BDB6F1B04FAD41EF01DF94FF40042B3
:1030E0000F4B0446DA67A3F5A0435B682BB1FEF7EC
:1030F000F9FE10B1022021F0CAFD0222094B204640
:10310000BDE81040C3F884241EF009B948430020EC
:1031100049430020202D0020002002B8000002B802
:10312000001002B800D003500122024B00201A7098
:10313000FFF7B8BF484300200022024B01201A705D
:10314000FFF7B0BF4843002070B50546414C00F082
:10315000FFFC414B00201D70FFF7A4FF2378013BCB
:10316000012B0CD80122217CE37B8A4030214B4388
:1031700042F2100103F1A04303F570335A500022CC
:10318000364BC3F884248DB94FF6FF71344AC2F828
:103190008410F821A2F58052C2F88410C3F8845438
:1031A000304B4FF080420020DA6770BD636883B314
:1031B00021F0D0FD626800EB5203B3FBF2F3013B58
:1031C0001B0243F0F80326782549022E264A22D016
:1031D000032E4FF6FF7521482AD0012E33D143F03C
:1031E0000203C1F88450C2F884300723C0F8843445
:1031F0003021E37B01204B4341F21001227C03F19B
:10320000A04300FA02F203F570335A50FFF74AFF69
:1032100017E0F823D7E74FF6FF7043F00103C1F83A
:103220008400C2F8843006220C4BC3F88424DFE704
:1032300043F00503C1F88450C2F884300423C0F879
:1032400084340A4BADE7C1F88450C2F884300023BF
:10325000F5E700BF202D00204943002000C00350A7
:10326000006000B8002002B8005000B8001002B89A
:10327000F8B51F4F06463D4604460FCE0FC53368CE
:103280002B6000F065FC00221A4BC3F88424A17A5D
:10329000627A42EA0142C3F89024217CE27B42EA4E
:1032A0000142C3F88C24207B617B40EA0142C3F8D1
:1032B00088243B78032B19D8DFE803F01202060CB0
:1032C00000230422F3F712F900230422217CE07B7F
:1032D000F3F70CF901230422A17A607AF3F706F9D7
:1032E000054B1878BDE8F840FFF72EBF0120F8BD68
:1032F000202D002000C0035049430020034BDB6F0A
:10330000002BBCBF024BC3F888007047000002B816
:10331000004000B82DE9F04721F01CFD4FF47A760B
:103320004FF4FA73B0FBF6F6734307462948190EBB
:103330001B021818284A4FF0000341F100011DF04C
:1033400061FC264BA0F5807205461A6320B9432222
:103350002B21FDF731F801254FF47A724FF0000A66
:103360006A435346500831021DF04CFC1B4B1C4A6B
:10337000B7F57A7F9A601B4B4FEA056819601A4BC4
:103380008946044618604FEA152505D295222B215F
:103390005046FDF711F801264FF47A73A8FB03019C
:1033A00003FB05117308C01841F1000100233246E8
:1033B0001DF028FC0D4B023419600D4B49F100093A
:1033C000A408186044EA8974044B013C9C63BDE87E
:1033D000F08700BF20A1070040420F0000C001B8E5
:1033E00002110100402D00203C2D0020382D00202E
:1033F000342D00201022044BC3F884215A6001228E
:10340000024BDA60704700BF00E100E000C001B885
:103410001022064BC3F88421C3F88420BFF34F8FDA
:10342000BFF36F8F0422024BDA60704700E100E0C7
:1034300000C001B810B50446A242A2EB0000A3EB05
:10344000010104D2034B01399B6B0133184401F095
:10345000030110BD00C001B838B501250A4B0201B7
:103460009D504FF480730446084A834053661DF014
:1034700052FF074AA540137823EA05031370BDE8FD
:1034800038401DF04CBF00BF00E101B800E001B8BA
:10349000524300202DE9F84F164605468A461F463E
:1034A0001DF039FF022E00F0908080461DF03EFF97
:1034B000594B5A4AD3F82090147D5A6EE4B2520701
:1034C00044BFD3F82090013404F003041DF034FF0E
:1034D0004846214600F04EFA8446DAF80000012EF4
:1034E00004BF01306044ACEB000C08BFCAF8000018
:1034F000BCF1804F7DD300F04FFA8145A1EB040170
:1035000088BF454BDFF834C188BF01F1FF3101F0BE
:10351000030188BF9B6BA0EB090E0CF80510A1B14D
:10352000F90742BF41F61F723D4B5A67BA0742BFC7
:103530003B4B3C4A5A677B0742BF0022364B9A6797
:103540003C0742BF0022344B9A6511244FF0010A18
:10355000314B05F11002120103EB051BCBF80C01F6
:1035600031499C501A6A0AFA05F4586E0B78A2EB9E
:103570000902E4B2234372450B7025D34FF48073E4
:10358000AB40034220D11CF80520002A40D10EB3E5
:10359000264AF807536607D541F61F7140F201101D
:1035A0001F4B596750675967B90706D51C4B1D4A11
:1035B0001E491F485A6748675A677A0742BF012267
:1035C0001C4B1A613B071AD440461DF0A8FE01208F
:1035D000BDE8F88F184A2D0142F805A042F89C3C3E
:1035E0001DF099FE10490B7823EA04030B701DF0BF
:1035F00096FE40461DF093FE0020BDE8F88F212086
:10360000FFF77CFE4FF48032034B4046DA60DCE784
:10361000064A40465366D8E700C001B8A02D0020F6
:1036200000E001B800001F1F5243002000D001B885
:1036300000000101000002B800E101B84A43002087
:10364000024B1878003818BF012070475243002001
:10365000034B10300001185800F00100704700BF04
:1036600000C001B8044B01F0F071103041F00301CB
:1036700000011950704700BF00C001B870B5064680
:10368000FEF730FC044608B1FFF7C2FE0023084DE8
:103690003046AB61EB612B6200F07EF9054BC9B29D
:1036A000197528620CB1FFF7A5FE002070BD00BFA0
:1036B00000C001B8A02D00202DE9F0419DF8188030
:1036C0000D46B8F1000F08BF0022214EB5F5803F2E
:1036D000B168074621F4700141F4A001B1609DF882
:1036E00020409DF81C104FEA042444EA016444EA97
:1036F000031444EA084444EA02044FF0180140F27B
:10370000D3222CBF002001207465FCF755FE3564E0
:10371000B8F1000F1AD00F4BBC68D3F888305A2C80
:1037200038BF5A245B0606D500F0E4FB18B10A4BFB
:10373000B3FBF0F31C44204600F02EF90130854223
:1037400038BF0022024B34BF5A645864BDE8F08190
:1037500000C001B800C000B800093D00214B10B501
:103760001A6E1A66596C59B11F49C96800292EDBB7
:10377000596D4FF0FF3301F00F018B409A4326D172
:1037800010242020FFF7BAFD184B9C6002F038FB94
:103790002022174BC3F8842101F0C0FC48B100225D
:1037A00000200821FDF736F9124B5C66A3F5805323
:1037B0001C670D4AD36803F07063B3F1807FF9D9B9
:1037C000084B0D4A5A6741F201429A6710BD01F059
:1037D000A5FC0028F4D0094B064A5366A2F5805296
:1037E0001367EDE700C001B8000002B8001002B88E
:1037F00000E100E000E001B8011B0118100000200A
:1038000008B52120FFF77AFD4FF48032014BDA60D2
:1038100008BD00BF00C001B808B52220FFF76EFD4B
:103820004FF48022014BDA6008BD00BF00C001B830
:10383000F8B5184D04462B6A1B0426D500F00CFC85
:103840002B6AA0FB044613F0787F4FEA9367C3F31B
:103850004450C3F3044505D140F253422B21FCF7F9
:10386000ABFD0120AD01B5FBF0F010EB871005D1E9
:103870004FF48B622B21FCF79FFD012002460023B1
:10388000204631461DF0BEF9F8BD00F033FBA0FB29
:103890000401F9E700C000B80246012030B50B4C26
:1038A000A0F12003C0F1200524FA05F504FA03F382
:1038B0002B4304FA00F595428B4100D330BD0F280D
:1038C00001D00130ECE7FF20F8E700BF40420F00D5
:1038D00010B50C46FFF7ACFFC30943EA4163C01AB9
:1038E00061EBD111FFF7D8FFFF2814D00F220C4B4A
:1038F00040F01000C3F88820A3F58053C3F8880077
:10390000A3F580531B6ADBB2802B06D02046BDE8AE
:10391000104000F08DBB012010BD0220FCE700BF6D
:1039200000E000B838B51DF001FD084B084A1D6ADB
:10393000147D5A6EE4B2520744BF1D6A01341DF073
:10394000FBFC284604F0030138BD00BF00C001B8ED
:10395000A02D00200346064A103302EB00111B0184
:10396000D1F80C01D158C1F3400121F09BB900BF3F
:1039700000C001B8064B1B68434303EB8171054B44
:103980001B68A3FB003013F1004341EB00007047BC
:10399000382D0020342D00200C4A20F040430146F1
:1039A00010B5002014684FF00042E4FB0320084AE1
:1039B000890F126802FB0300064B9B6B984204D9E7
:1039C00001330131C01A01F0030110BD3C2D00206C
:1039D000402D002000C001B808B5064B4FF0304024
:1039E0001A680549920026F05EF9BDE8084001F02A
:1039F000BBB800BFBCB30300C0B3030070B50C6814
:103A0000651C15D0C4F302669E42C4F3074530D14D
:103A1000A4B294422DD804EB8506B24229D2141BDD
:103A2000A50824F003040E59340F04D0012C09D04A
:103A30000022012303E06B1C51F8232000230260C5
:103A4000037170BD0D4C34F8133042EA03431A6819
:103A50006B1C51F8234001EB83014B6822405E4010
:103A600036F07044EAD11B0F032B04BF8B681A4356
:103A7000E4E7013501EB8501C1E700BF94B3030022
:103A800007B501A8F2F7BCFE4822164B5A65164A44
:103A9000D2F8D43023F4FC33C2F8D430134B1B6873
:103AA0009DF80530023B012B19D84022104BC3F87A
:103AB000FC23104BD3F85C32DBB2FF2B00D1062382
:103AC000094A1B03D2F8FC139BB20B43C2F8FC3328
:103AD000D2F83021084B1A6003B05DF804FB00F007
:103AE0009BFEECE7008001B8000002B8002000B0A7
:103AF000001002B80080E00FD42C002000224FF408
:103B000000710F4B10B51A675A679A670D4AD16258
:103B1000012102F5E8325161DA6812F0706FFBD1D1
:103B20004FF0304201245A6602F5FC5208329C667E
:103B3000DA64054B1B689847044B5C6110BD00BFFD
:103B4000000002B8004000B8C4480020002002B8BD
:103B500001230F4A0F49C2F880328A6A22F002021A
:103B60008A620D4A53600D4A53600D4A5360A2F5B4
:103B700080425360A2F54042536002F5C032536068
:103B800002F580425360A2F500425360704700BFC7
:103B90000080005000C0005000D000B80050005419
:103BA000005001B808B5FFF7D3FF0E4B0E4ADA6795
:103BB00000F02AFEFFF764FF03220C4BC3F8E0205D
:103BC000012203F54043DA674FF460725A614FF403
:103BD0000072DA67FEF7A6FBBDE808400021FEF799
:103BE00041BB00BF000002B80048F000005001B81F
:103BF0002DE9F04F054687B002900F4657F8044B69
:103C0000631C06D1029B2C60E81A801007B0BDE847
:103C1000F08F5FEA147B18BF0123344AC4F30161BB
:103C200008BFC4F3074332F81120A4B24FEAC30A15
:103C30002F4844EA02440AF104022A4482421BD279
:103C40000722CA4002F0010201929A0004EB8303AA
:103C500003930123B94603FA0BF808F0940305F126
:103C6000080604920593039B09F10409A34208D1B5
:103C7000049955443944C0E71D4A9542E0D80020D4
:103C8000C4E7059B53B918F0420F19D118F0280F5B
:103C90000BD146F8084C59F8042C21E040F6F312F9
:103CA00032210020FCF788FBF3E740F6F8123221BE
:103CB0000198FCF781FB04F5805246F8082CEAE7EE
:103CC00040F6012232210198FCF776FB04F5005200
:103CD000BBF1010F46F8082CDDD159F8042CD24372
:103CE00046F8042C04340836BDE700BF94B3030043
:103CF000003000B0F8B50546F0B10026154B34464B
:103D00001F46154953F8042BBAB9A00000F1304002
:103D1000294600F50150FFF76BFF30B940F6A2329B
:103D20003621BDE8F840FCF747BB0C4B0134044496
:103D300047F8265023F81640F8BDAA42FCD00136B9
:103D40000C2E02D031F81640DCE740F6BC323621AA
:103D50000020E6E7442D00203040002032400020C3
:103D600070B50446A8B1C1B1384A52F8043B984234
:103D700015D1002336498A689206FCD49B00354A47
:103D800003F1304303F50153C2F898302022324B3F
:103D90009A6070BD01330C2B02D1304D12E001232B
:103DA00052F8041BA142F5D12D4A32F81330E1E755
:103DB00004D16268C3E90012083403E0012A01D18A
:103DC000043419602268531CE3D0C2F3016335F850
:103DD0001300110C93B211F0FE0F43EA0043606828
:103DE0000DD00434CAB2022A2168E1D9D4E90160B5
:103DF000033AC3E9001698600C340C33F3E7120F52
:103E0000072AD9D8DFE802F00704090D1013181D9E
:103E1000C04303F500531860CEE71A6842401A60A9
:103E2000CAE703F58053F6E720F031FFC4E701222B
:103E300003F580538240F2E7012203F500538240EC
:103E4000EDE71A6830EA0202FBD1B5E7442D002005
:103E5000000002B8001E00B0001002B894B30300C6
:103E6000304000200122014BDA677047001002B891
:103E70000122014BDA677047002002B84022014B53
:103E8000DA677047002002B84022014BDA677047BA
:103E9000001002B808B50C4B1B68D3F8C83023B12A
:103EA0001A68022A01D9186A08BDF1F749F8074BC8
:103EB00002469B6D98B20028F6D0C3F30743D208A0
:103EC0005343B3FBF0F0EFE7BC2D0020004001B8F6
:103ED000064BDB68C3F30363984206D1044A536A76
:103EE00023F0F00343EA011151627047000002B869
:103EF000001F00B0054B1B68D3F8C83013B11A6817
:103F00000A2A01D8FFF7C6BF186C7047BC2D0020E5
:103F100010B50446FFF7BEFF0F4AD2F838311B0434
:103F20000E4B48BF40089B6C03F4C053B3F5805F51
:103F30000ABF936BC4F30113C3F34163012B02D097
:103F4000022B02D010BD4008FCE7C4F3C4240134A6
:103F5000B0FBF4F0F6E700BF004001B8004000B845
:103F60002DE9F3470F4620F08BFE00258046DFF851
:103F7000B890DFF8B8A01DF0CEF90DF107010646A4
:103F80000DF10600FEF720F89DF806308BB9791C7C
:103F90002CD020F075FEA0EB080530461DF0BFF9CF
:103FA0009DF8063013B99DF8073053B3AF42E2D8FD
:103FB00027E0D9F80C3013F4603FE8D0D9F810307E
:103FC0001A04C3F389141ED4013701D020F058FE1F
:103FD00030461DF0A4F924B26FF4FF73A4F1C800B9
:103FE0009842B8BF184602B0BDE8F08730461DF0D1
:103FF00096F99DF80630002BBDD19DF80730002BB7
:10400000B9D10848EFE77B1C44EA0A0403D020F04A
:1040100037FEA0EB080530461DF081F914F5007F4E
:10402000BED0D9E700FEFFFF00C000B800FCFFFFD4
:1040300010F1800F04D04D28CEBF7F20323040B227
:10404000FF22044BC0B21A62A3F58053186200200D
:10405000704700BF00E000B80B4B0C491A6E70B5FA
:1040600002F007021E6E8C5C1D6EF0F769FFC6F34E
:10407000CD0606FB0444C5F3454505FB0444800119
:10408000B0FBF4F070BD00BF004001B88CB303007A
:10409000084910B5D1F89C3040B11C46CA68D1F827
:1040A0009C309C42F9D1C2F30362027003F00F000E
:1040B00010BD00BF000002B8094B01F080011B6F6A
:1040C00003F480030B4309D14FF40012054B1A622D
:1040D000837F1BB10122044BC3F80021704700BF4E
:1040E000000002B8006001B8005001B82DE9F04F9F
:1040F0000A460C4685B00021814625F0C2FD304BB2
:104100005D6915F0010504D00024204605B0BDE826
:10411000F08FFBF765FF0028F6D04FF06051294E75
:10412000294B2A4AD3F82080D6F88C3011624FF000
:104130000061A2F58052116224220421C6F88C206D
:10414000234A4FF4804B91604FF480522F46DFF8A2
:104150008CA0CAF868B0F262A74213D304211D4AAA
:104160009160A2F5F032C2F88C304FF06052174BDC
:104170001A6208EA0203184A13624FF48042174B8E
:104180009A66C2E7B26E5104FCD5B268D205F9D581
:10419000CAF868B0D6F890200135012D0392DBD91A
:1041A000E21B042AA8BF042209EB070003A901931C
:1041B000009225F078FD009A019B3A4497B2CBE734
:1041C000000002B8004000B8004001B8006001B82B
:1041D000001002B8002002B8005001B8006000B81A
:1041E0004FF604014FF60502044B01201B6C9BB2F5
:1041F0008B4208BF1346024A136670470080E00FE7
:1042000000C001B82DE9F74F81460F464FF0FF354A
:10421000FFF788FB002601908A462C463046DFF8DF
:10422000D8B006F110031B015BF8033003F003085C
:10423000B8F1010F15D13046FFF78CFB02460B4653
:1042400001985146FFF7F6F8DBF8643006F10802F2
:10425000D340DB0739D5002F40D000252C463E60E7
:1042600040460136082EDCD160B3234A0027D2F83D
:1042700008C0916B0CF440330131A4FB0141641977
:1042800041F10001B3F5003F30D1536B0CF4405CB9
:10429000013347F10006BCF5805F22D1156B15F59F
:1042A000807505FB06F647F1000203FB0266A5FBDD
:1042B00003323244594304FB0212A3FB0434144476
:1042C000C9E9003403B0BDE8F08FA84271EB0403E4
:1042D000C6D207B13E6005460C46C1E73D463C46A6
:1042E000BEE7320242EA13621B02E3E7136B13F5E7
:1042F000807347F10002DDE700C001B808B520F087
:1043000050FD044B5A7C012302329340024A536110
:1043100008BD00BFA02D00200020005870B52C4B18
:104320000C461A7812B92B4A926D1A702A4AD26F2B
:1043300052054AD51D78294B05F00F06B0FBF3F066
:1043400040434FEA151505D140F279622B21FCF765
:1043500033F80120224A0A217243B2FBF0F34843AA
:10436000B3FBF1F602EB5002B2FBF0F201FB1633A5
:10437000042BD2B207D8C3EB8310C3EB80035BB22C
:1043800083B96DB217E0C3F10B0303EB8303DBB218
:10439000B3FBF1F32B44DDB20F2DF2D9013AD2B2C7
:1043A000053DEEE7053B5BB293FBF1F31D44EBB239
:1043B0006DB2002D04DB002042EA0512226070BDC0
:1043C00001320533D2B25DB2F5E70220F7E700BF54
:1043D00053430020008001B8000002B8403B250094
:1043E000809698004FF0000C2DE9F84FA2FB017B5E
:1043F000C84EDFF85CE3BE1999466BF10003B64581
:104400007CEB030308D240F23D220E216046FBF70D
:10441000D3FF0220BDE8F88FD0F8C8A00C4615469F
:10442000BAF1000F04D0DAF80030032B00F21A8141
:10443000B94BBA4A9B6BD2F8FCA0C3F31408B84B33
:10444000D3F8EC305800B64B48BF48F400181B6E48
:1044500048EA456859074EBF4FF440039B0503F0F7
:10446000E07348EA0308F0F76BFD012D0646D0D152
:104470000028CED0AB4B984200F0038103F5122305
:1044800003F5F863984200F00281A74B984200F0D0
:104490003081002502462B4600204FF000711CF0B1
:1044A000B1FB2B46013007FB03F3C8F3130100FBFC
:1044B0000B33A1FB0662A7FB007001FB052203443E
:1044C00020339B09C9F80030F60C984B46EA423677
:1044D00018F4801F1C6008BF7642954B954DC9F8B3
:1044E000144034441E602C60BAF1000F00F0B88014
:1044F00000239149C8F381528A5C194618F0807FE5
:1045000018BF6408002EB8BF764292066008C2FB4E
:10451000060122461CF076FBDAF800300E2B08D993
:104520007F4B7D4A916BDA69D3F80C31D20600F1EA
:10453000CD8018F4001814BFC42240F207127F4E39
:10454000C0F31300C9F80400A6FB04064FEA561690
:1045500002FB06F6DAF818104FF4FA73B6FBF1F620
:1045600018BF4FF0000806FB03F3A4FB0202FA3366
:10457000A3FB013104FB08228342914138BF01367D
:10458000F6B246F4006CC9F808C0002E7DD0DAF807
:104590001C00A6FB00311CB1B4FA84F20E2A7DDDAA
:1045A000E203002977D1B2FBF3F2530003FB066369
:1045B000A3FB00714FEA044EBE454FEA144474EB6E
:1045C000010109D376003344A0FB0371BE4574EBAF
:1045D000010102F10102F6D2C2F30E024CEA0233EB
:1045E00043F00063C9F80830F0F7AAFC2B68002BF1
:1045F00000F08A80B3FA83F4D4F102044CBF1C4665
:1046000023FA04F44E4B9C4288BF6408002867D00C
:10461000B4FBF0F3642100FB134201FB02F2904271
:1046200065D85A1E52085B08013B120242EA031386
:10463000C9F80C30F0F754FC00285ED0B4FBF0F25F
:10464000642100FB124401FB04F4A04260D8531E15
:104650005B085208013A1B0243EA0213C9F8103002
:104660000020D7E6042BDAF828807FF4FCAE18F09F
:10467000807F0CBF08F0E0734FF4400328F0E0782F
:10468000EFE600232F481D460DE70120C2E6002378
:104690002D481D4607E73346002289E7C2F10F0780
:1046A00002F1110E01FA0EFEFB4043EA0E03A7F1E0
:1046B000200E21FA0EFE43EA0E03F940013341F1C8
:1046C000000104FA02F20029E5D16CE701F480113F
:1046D00003F40013194308BFC0F5801029E704460E
:1046E00040F2C1422B210020FBF766FE2346013B2E
:1046F00097E7002315481D46D5E640F2E4422B21FA
:10470000FBF75AFE621EA2E70028E8D01C46EEE73F
:104710001446F7E7006CCA88008001B8001F00B09B
:10472000004001B800F04902005A62027C2D0020CE
:10473000782D0020742D0020A4B30300D34D621007
:104740003FBE40250A3BB2DF313641DCD694BFD6AE
:10475000807C814A10B50B46044686B039B982790F
:10476000016821486B460068FFF73CFE6B461F4A14
:10477000196851631E4AD2F8FC2062B35A6842B1EC
:104780001C4A1D49C2F80C115968A2F58052C2F8A2
:104790000C119A6842B1174A1849C2F8EC1099688E
:1047A000A2F58052C2F8EC101549D868D1F86421FE
:1047B00022F4EE620243C1F86421D1F85C21186949
:1047C00022F4EE620243C1F85C21A1F5FF41586971
:1047D0002839FFF7A3FD0020A2880A4B9A6203F54F
:1047E000A033186406B010BDBC2D0020008001B8B5
:1047F000001F00B0006001B8FFFF0F00FFF8FF0FBF
:10480000000002B8004000B84FF48062014BDA6744
:10481000704700BF001002B84FF48062034BDA67A4
:10482000034B1B780BB1034A93657047002002B815
:1048300053430020008001B80523054A538692F8AF
:10484000313003F0010363F0730382F831307047B5
:10485000001F00B008B50A4BDB68C3F30363022BEB
:104860000CD120F005F930B1064B93F8AC2012B111
:10487000002283F8AD208022014B1A61002008BD80
:10488000000002B8001E00B010B590B10468012C01
:104890000FD902696AB11168094B102C196051686F
:1048A0005960916888BFD268996094BFD960DA6016
:1048B00010BD10220021024825F0E3F9F8E700BFFF
:1048C000842D0020084BC1171A68A2FB000302FBCD
:1048D000013310F1807043F10003400E40EAC31031
:1048E000803820EAE0707047942D00200722164B94
:1048F00070B5DA6620F02EFA144BC408010B054699
:10490000E005C018124A41F1000100231CF07AF9B9
:10491000104B114E18604EF66020FFF7D3FF404257
:10492000C6F884000D48FFF737F8024658B1E30196
:10493000500818184FEA15714FF0000341F10001BB
:104940001CF060F9F06570BD000002B8B2E60E0020
:1049500065CD1D00942D0020001F00B040420F00C7
:1049600010B5044698B10B4BD3F8FC00FFF78CFF51
:104970004FF47A7303FB04F0074BA0F6AC50DA68EF
:104980009B681044C01ABDE81040FFF79BBF4EF66D
:104990006020F8E7001F00B0842D00202DE9F843C7
:1049A0000546084614461E46FFF76EFF0DB306F097
:1049B000020716F004061ED1DFB14FF47A706B685F
:1049C0005843002B40F08C80FFF77CFF60626B69DE
:1049D000002B00F08C804B4AD0684FF47A7202FBB7
:1049E0000300A0F503501038FFF76CFF2062002E83
:1049F00057D1BDE8F8832869002868D04FF47A734E
:104A00005843404BA0F6AC509B68C01AFFF75AFFC2
:104A1000E061A88B00285DD04FF47A735843394B7E
:104A2000A0F6AC509B68C01AFFF74CFF2061364BD4
:104A3000E968D3F8008000294FD04FF47A735943C6
:104A4000304BA1F6AC519A685B68891AC91A2F4B92
:104A5000C8171A68DFF8BC90A2FB011302FB0033F1
:104A600011F1807143F10003490E41EAC31180390D
:104A7000274B6161DB6EA361D9F8003053B140462A
:104A80001FF0F6FF30B12246D9F800301D49D8F8A2
:104A90007C0098470021A869FFF762FFA062002F01
:104AA0008BD1A86830BB47F23050FFF70BFFA060F6
:104AB0004FF47A702B6858432BB1124B1B6803F5E7
:104AC0001C5310331844FFF7FDFEE06091E74EF6EB
:104AD00060209BE74EF66020A6E74EF66021B6E721
:104AE000084B1B6803F51C53103318446CE747F25E
:104AF000305079E74FF47A735843A0F503501038DB
:104B0000D3E700BF842D0020BC2D0020942D002071
:104B1000001F00B0802D002010B508461C4620F074
:104B2000D2F80D4BD3F8FC30A3B11A68012A11D981
:104B30001A690A4B002A08BF1A465368084A002B14
:104B4000A8BF4FF4FA721A44064B204492FBF3F2CA
:104B5000104410BD014AF0E7001F00B0ACB30300E1
:104B60000CFEFFFF18FCFFFF70B5124C88B001ADC2
:104B70000FCC0FC594E8070085E8070088220021C4
:104B80000D4825F07EF8EC2200210C4825F079F83C
:104B90000B4B0C4ADA61FFF74FFE0B4B1B783BB116
:104BA000044E01AD0FCD0FC695E8070084E807005D
:104BB00008B070BDC41F00B08C1E00B0141F00B040
:104BC000001F00B010111111464300200A4B197844
:104BD00001F0FF0229B10021197008499202C1F8C1
:104BE000B420597801F0FF0229B1002159709302D5
:104BF000024AC2F8B830704754430020005000B851
:104C0000064BD3F8C00E064B5B6F1A0103D4054B5D
:104C10009B6E1B0401D500F580707047001000B03A
:104C2000000002B8004000B808B51CF074FB0E4B41
:104C30001A78A2B90D4A126812F4843F0FD10C4AB7
:104C40001021D1671B7863B9084B1B68DB0508D4BA
:104C5000074B2022DA67BDE808401CF060BB054A1C
:104C6000EEE7044BF5E700BF58430020181600207C
:104C7000002002B8001002B810B51CF04CFB0E2149
:104C800004460320FFF724F940F20122034B20469B
:104C9000BDE81040DA621CF042BB00BF004000B823
:104CA0000022044B1A70044B197811B11A70FFF7E7
:104CB000BBBF7047574300205843002008B51CF085
:104CC0002AFB4FF00042224BC3F88020BFF34F8FE6
:104CD000BFF36F8F0122C3F88420BFF34F8FBFF360
:104CE0006F8F0222C3F88420BFF34F8FBFF36F8F03
:104CF0000422C3F88420BFF34F8FBFF36F8F0822C5
:104D0000C3F88420BFF34F8FBFF36F8F1022C3F817
:104D10008420BFF34F8FBFF36F8F2022C3F884200E
:104D2000BFF34F8FBFF36F8F4022C3F88420BFF3D0
:104D30004F8FBFF36F8F4FF48072C3F88420BFF39F
:104D40004F8FBFF36F8FBDE808401CF0E8BA00BF7B
:104D500000E100E008B51CF0DEFA4FF00042094B1C
:104D60001A6001225A6004225A6008225A601022F6
:104D70005A6020225A6040225A60BDE808401CF068
:104D8000CEBA00BF00E100E0012370B5074C2370EC
:104D9000074B1E68074B3240D3E9005319402840A7
:104DA000FBF738FE0023237070BD00BF5643002080
:104DB0009C2D0020181600202DE9F047DDF820A0DA
:104DC00003EA0108099B06460C4602EA000703EACB
:104DD0000A09BAF1000F40F04E81031F0B4300F0A7
:104DE0000E81052871F1000380F0E48050EA010390
:104DF00000F06081431E0B4300F02481FFF75EFF4B
:104E0000AD4AD2E9005323EA040325EA06053D43EF
:104E100043EA0807A94BC2E900571E68DFF8F4828D
:104E200026EA0A0646EA09061E60FFF7FDFE15F0AF
:104E30002A4F14BF48F202034FF40043A04AB007C0
:104E4000D26EA04848BF43F4005383EA020122EA2D
:104E50000302C2669C4A0B408166D366C5F380425A
:104E60001203290348BF42F48072EB0648BF42F4A4
:104E70000052964BAC0648BF42F400726806D3F865
:104E80000C3248BF42F48062290648BF42F40062F7
:104E90008F4882EA030123EA0203C0F80C328D4BEB
:104EA0000A40C7F34024A404C0F80812C3F80C2237
:104EB000EA0448BF44F48034AB0348BF44F4801490
:104EC000A80748BF44F4800415F4001F06D0D8F8A2
:104ED000000020F064F808B944F40024E90248BF57
:104EE00044F40034FA0648BF44F4000473077A4BD4
:104EF00048BF44F004041A6A44F4001484EA02032C
:104F000023F0010375491A400A621C40CB61744BBF
:104F100016F0010F1C62734B734A18BF1A46734B8D
:104F20007C071B6F48BF42F00062714882EA0301B0
:104F300023EA020303676F4B0A4041661A676E4A11
:104F400005F00103516CA0F5803081EA030221EAEB
:104F50000301416482631A40684B28025A64D8F8FE
:104F6000002048BF664B92F8292158BF654B69075E
:104F700048BF43F4806322B115F4C06F18BF43F4F7
:104F800080733207604A48BF43F00043D2F8EC1008
:104F90005E4883EA010222F4A0221140C0F8EC101E
:104FA0001340C0F8E0205A4ABDE8F047C2F8EC30A0
:104FB000FFF7D0BEA0F580630B4306D020F48063DA
:104FC000A3F500730B437FF419AF1CF0A4F93A4921
:104FD000D1E9003223EA060322EA040242EA080287
:104FE0003B43C1E900324B4A126892F82911474A03
:104FF00009B313F4C06F1ED04FF4807311E01CF09E
:105000008AF92D4AD2E9003123F004033B4341EAF7
:10501000080157EA0807C2E900314FF480633B4AB0
:105020000BD0C2F8E030A2F58052C2F8EC30BDE8F7
:10503000F0471CF074B94FF48073C2F8EC30C2F83A
:10504000E030F4E71CF067F91B4AD2E9003123F0A5
:1050500001033B4341EA0801C2E9003101232E4A22
:1050600057EA08071BBF9363A2F580525364536449
:1050700008BF9363DBE750EA01037FF4BFAEBAF1E8
:10508000010F7FF4BBAE1CF046F90C4A136823F005
:10509000010343EA090313604FF48063144AB9F132
:1050A000000F04D05366A2F580521367BFE7136761
:1050B0005366BCE7BDE8F087181600209C2D002041
:1050C000004000B8006000B8005000B8004001B8CF
:1050D000006001B8005001B8000002B8002002B81A
:1050E000001002B8041C00030418000300C001B83B
:1050F00000E001B800D001B800C000B800D000B88E
:105100000D0A0A09090A0A09004000540060005407
:1051100000500054BC2D002000E000B8024B58683D
:10512000C0F3C000704700BF18160020024B18687B
:1051300000F00100704700BF18160020024B5868AD
:10514000C0F3C030704700BF1816002010B50446E9
:10515000FEF728FDFFF7B2FD04F18000FDF706FA27
:10516000FEF7CCFCFEF7D6F8FEF744F9FFF7BEFBDE
:1051700013490723134AD1F8FC1004F1D800FFF7B4
:105180000DFC4FF080710020FEF76CFA4FF00072BA
:105190000D4B4FF400110120C3F80021FEF762FA15
:1051A000FFF71EF820B940F221321421FBF704F971
:1051B0001FF020FEBDE810400120FDF7C5BF00BF75
:1051C000001F00B0581F00B000D001B88022074B6C
:1051D0001A67082203F580531A67054AD2F88C3EF5
:1051E00023F02003C2F88C3E704700BF001002B8C5
:1051F000001000B010B51CF08EF801210446FFF736
:10520000E5FF054B00201961044B5B689847204679
:10521000BDE810401CF083B8000002B8AC48002084
:10522000F8B5194C0546207840F25E42B0FA80F09D
:105230003E214009FBF7C0F855B9607840F25E4264
:10524000BDE8F840B0FA80F03E214009FBF7B4B861
:105250004FF440660D4F0E4DD7F8B43040F25E4229
:10526000C3F381232370C5F8B46060783E21B0FA9F
:1052700080F04009FBF7A0F8D7F8B830C3F38123DA
:105280006370C5F8B860F8BD54430020004000B812
:10529000006000B8F8B5084C084D236F0423084F90
:1052A0002B67236F5B0300D4F8BD042602203E6702
:1052B0001FF0EDFC2E67F4E7000002B8001002B802
:1052C000002002B8A82238B51A4B1D6F03F5005311
:1052D0001A6710229A60A3F5804302F100521A6700
:1052E0005A66FFF773FC144B1B7813B90320FEF7C3
:1052F000B3F80024114B9C67FFF7CCFF104A114B09
:10530000D2F8C01E0B40C2F8C03E04220E4B1A67F2
:105310000E4BAA06C3F8944008D503F580735B6B67
:10532000B3F5817F22BF8022024B1A61BDE838406D
:10533000FCF7F4BB000002B85B43002000C001B8DA
:10534000001000B0DF0000FF002002B8001E00B017
:1053500010B528B971B94FF4C062164BDA6210BDAE
:1053600041B9154AD3681B0E13F00E0FF3D19368A1
:105370009A06F0D4FFF780FC0F4C0020FEF788FE61
:10538000032801D0092805D1636FDB03F5D4E36D51
:105390000C2BF2D9FFF77EFF4FF40072074BDA6255
:1053A000012203F5E8335A61042203F580531A679A
:1053B000D1E700BF006001B8000002B8004000B8AB
:1053C00008B503210920FEF783FD2022014B1A6155
:1053D00008BD00BF000002B838B505461BF09BFFB2
:1053E0000446FDF77DF835B1FFF75AFC2046BDE8CD
:1053F00038401BF094BF084B1B78002BF6D0074BAE
:105400001D78002DF2D1FFF74BFC2A464FF4804067
:105410000021FFF7B9FCE9E757430020564300207D
:105420002DE9F84F5B4B06460D4614461B6F002ACC
:1054300040F0AD8013F0A00F14BF4FF001094FF002
:105440000009FCF76BFBA0234FF0000ADFF8608136
:105450000320C8F87030FDF7FFFF0420FDF7FCFFC4
:105460004D4FFFF71DFC4D4B4FF0040B7B67C7F80A
:1054700078A0FFF70FFF4A4B4FF48071D3F88C2EC2
:1054800042F02002C3F88C2EFF22C8F80820414ABF
:105490001161D3F8C02E43491140C3F8C01EC8F8AB
:1054A00070B0C3F894AE7B6913F0060F04D0FEF71A
:1054B000B3F95846FDF7D0FFB9F1000F08D04FF40B
:1054C0000062394B1A674FF40042A3F5E0339A6645
:1054D00066B1364BDB6C180701D4FFF7CDFBFFF745
:1054E0006FFF0420FDF7B8FFFFF770FB294B5A69E7
:1054F000D10747D5DA6812F0706FFBD12C4B2D4ADB
:105500001A672D4A536A23F0F003536215B12046FF
:10551000FFF762FF294BD3F84C315A1C01D05B00D6
:1055200002D50122224B5A6164B3204BDA6E03F597
:1055300000539A6603F5D0331B6A1D4A23F001031A
:10554000D3611F4BD3F80C1203F50053C3F80812B4
:1055500003F50053D3F8841003F500539967194BF2
:10556000D3F8EC1003F50053C3F8E010164B596C58
:1055700003F500539963154903F5803359664FF6D7
:10558000084313670020BDE8F84FFCF751BD4FF00A
:10559000000956E7000002B800C001B80000010190
:1055A000001000B0DF0000FF001002B8004000B89B
:1055B000002002B810003000001F00B00080E00F93
:1055C000004001B80040005400C000B85000002F57
:1055D0009A4B2DE9F04F9A6EDB6E85B002EA030814
:1055E000974BC3F86880974BD3F8E060D3F8EC3062
:1055F0001E40954BC3F8E060944BD3F80822D3F8D3
:105600000C3202EA030A924BC3F808A203F52043C6
:10561000DA691B6A02EA03098E4B09F47702DA6140
:105620008D4BD3F80422D10606D4D3F80431DA0620
:10563000C3F3001740F1E1801BF06DFE874B5A6900
:105640005F6E1B6F12F0060F07EA0307844A27F00C
:10565000007323F4006314BF4FF0010B4FF0000BF5
:1056600053667B0704D57F4A137D0133DBB2137584
:105670001BF055FEB8F1000F00F0DD8018F4004477
:1056800027D01BF048FE0146FFF7BAFA0446764DD4
:105690002B6818681A689042FCD018689042FCD0B9
:1056A000FFF7AEFAA04240F0AA8008461BF037FE92
:1056B0006E4B1C606E4B1D6F15F4E05240F0A180E4
:1056C00024F07F4424F0DF040CB9FFF7FBFD4FF01A
:1056D000807418F0020F4FF0000514D0644B5D4940
:1056E0001B6F03F460420A67002A00F09E801D04CD
:1056F00000F19E8013F4005F0CBF4FF000534FF099
:10570000006300251C43C8F340384FEA4808594B52
:105710003340002B4AD016F4206F0AD040F6D50251
:1057200006210020FAF748FE0020FFF755FE26F478
:105730008026F00506D5FF22464B44F4C0649A60EB
:10574000FFF79AFA16F0090F0AD040F6EA0208218C
:105750000020FAF731FEFFF733FE0122394B1A63BE
:1057600016F0106F0CD040F6F30209210020FAF772
:1057700023FEFFF725FE002211461046FCF788FEA7
:1057800016F4202F0AD040F6FB0207210020FAF77A
:1057900013FE0020FFF720FE26F48026F10301D53A
:1057A000FCF7E2FF002EB8BF48F0080872070DD5DD
:1057B000244BDB6A13F4005F4FF4005317BF224AF7
:1057C0002D4AD36244F4000408BFD362730548BF76
:1057D00044F0040416F48023019300F0B080FCF739
:1057E0007FFF0138062849D8DFE810F0340137017F
:1057F00034013A013D0140014001BB463AE704460D
:1058000046E70192FFF75EFD124B019A1A6715F405
:10581000805307D115F4806F0CBF4FF080544FF0C8
:10582000806456E74FF0804453E74FF0007368E719
:105830004FF0004365E74446454668E7004000B83E
:10584000006000B80040005400600054004001B8FF
:10585000006001B8002002B800E100E000C001B81B
:1058600000E001B8A02D0020BC480020982D0020A9
:10587000000002B8090B0B890050005440F62C12AE
:1058800003210020FAF798FD0121824A936ED2F895
:10589000880003F00703063301FA03F3C0F30C009A
:1058A0001B1A9BB2072B12D97B4B1B6F58020ED4CD
:1058B0007A48936B926D406D58B103F0070306333D
:1058C0009940C2F30C03C91A89B2072901D844F4DC
:1058D0000074734B1B78002B31D06E4BD3F8E03043
:1058E00013F4A02F2BD16F4B6F4A1B7893B9FB0495
:1058F00010D4137873B1E3086C4943EA457383F01D
:105900000103D1F8C01E03F001035B0021FA03F389
:10591000980714D10420FDF79FFD654B6549596731
:10592000FFF7BEF9604A13782BB9634B634A1B68D3
:105930002340134201D144F4804427F48057BAF144
:10594000000F1DD01AF4805F18BF44F480241AF4AD
:10595000807F18BF44F400241AF4005F18BF44F09D
:1059600010041AF4007F18BF44F020041AF4806F6A
:1059700018BF44F040041AF4006F18BF44F08004CC
:10598000B9F1000F48D019F4001F0AD04C4B1B6826
:105990003BB1414A4B48116F00680022C1F3C0611E
:1059A000984719F4802F18BF45F4007519F4803F0B
:1059B00018BF44F4805419F4801F18BF44F4003415
:1059C00019F4800F18BF44F0020419F4003F18BF07
:1059D00044F4801419F4000F18BF45F0100519F4B1
:1059E000002F19D0314BD3F88C3E13F0C00F13D0D9
:1059F000294AD368C3F30363032B01D0072B05D1D6
:105A0000536FD90602D4936F1A0732D54FF4002290
:105A10002D4B29F40029DA61002F00F020813B058D
:105A200040F18A802949DFF888A0CB78284A002BEA
:105A300054D04FF40060013BDBB25066CB7033B9F9
:105A4000244B1B78C3B140F60142234B5A67002315
:105A500000226FE044F4803416E744F4006413E756
:105A600044F4806410E744F480740DE744F00804C3
:105A70000AE744F40014CFE7DAF8783013F4A05FB3
:105A800015BF4FF4807340F60143CAF85830CAF886
:105A90007830DCE700400054000002B8004000B855
:105AA000584300205743002059430020001000B005
:105AB00000C001B80000010118160020088D010087
:105AC000D02C0020BC2D0020002002B84A4300202A
:105AD00000E001B85B43002000D001B80320FDF7CF
:105AE000BBFCDAF81430AA4813F0060F04BF41F6E5
:105AF0001F73A84AA84908BF53674FF40062A54B1B
:105B00005A66DAF8143013F0060308BFCAF8783082
:105B1000438A13F400626AD023F4006343820B7853
:105B200003F0FF0A002B66D1FDF776FEFFF7CAFBF4
:105B3000534620221C431543B80009D52E20FDF7FB
:105B4000DDFB4FF00052934B45F008051A675A668B
:105B5000F90606D52B20FDF7D1FB10228D4B1A67D5
:105B60005A6617F0306F05D1FA046CD5BBF1000FFF
:105B700000F0B9803B0117D52920FDF7BFFB874B0B
:105B80005B6C13B11022864B9A60FFF7C7FA48B1DD
:105B9000844B85497F4A53660B6701F54051C968BC
:105BA00048042BD445F0040517F0007B31D00420C5
:105BB000FDF752FC2720FDF7A1FBFFF783FB4FF019
:105BC0000072744B5A66794BD3F8C02E520600F11E
:105BD0008380734B02229A60754B1B6823B1754812
:105BE000002201210068984745F0020528E00B7863
:105BF0004FF400539EE74FF4004329E7136720203A
:105C00005366FDF77BFB2D2045F00C05FDF776FB79
:105C1000CAE717F0807FDFF884A148D00420FDF7A1
:105C20001BFC2820FDF76AFBDAF87830002B3BD10B
:105C3000FFF748FB574B5B4A45F001051A675A6668
:105C40000022564B9A657A0509D55B4A9378002B5A
:105C500000F0C880013B9370002348EA0308534BCF
:105C6000D3F88C3E1B0603D520462946FCF7E8F9FD
:105C7000424620462946FFF787F8019B0BB1FCF707
:105C800065FD01224D4B06F00436C3F8E0604C4B35
:105C900019F4002FC3F884211EBF4FF40022404B9B
:105CA000DA6105B0BDE8F08FCAF878B0C2E7F90450
:105CB000C6D50420FDF7D0FB424BCAF87430FDF77F
:105CC000ABFDDAF8643013F0407FB9D12A20FDF73C
:105CD00015FBFFF7F7FA76E7D3F88C3E98063FF509
:105CE0007BAF394B76E7394B1B68013302D044F068
:105CF0000104A8E7304A13794BB1013BDBB21371C1
:105D000013B9294B324A5A6700231C439BE70420EE
:105D1000FDF7A2FB0320FDF79FFB204B294A5A67A2
:105D20001BF0F9FA82460DF10F00FEF7B1F9294B8D
:105D300083461B780BB1FEF79FFFBBF1030F0ED11B
:105D4000DFF89CB00020FEF7A3F9032807D1DBF8A9
:105D50007430D903F6D4DBF85C300C2BF2D99DF803
:105D60000F30032B06D101221B4B50461A701BF03B
:105D7000D6FAC9E7194BD3F8E03013F4A02FF2D1CB
:105D8000FEF78EFF50461BF0CAFA4FF48043BCE783
:105D9000A02D002000E001B85B43002000C001B846
:105DA000002002B81000002000D001B8001000B0A0
:105DB000D02C0020BC2D00204A430020006000545D
:105DC00000E100E000000101001002B8B44800202A
:105DD0000000010D5A4300205743002000400054AA
:105DE000000002B80220FDF737FB012335E700BFB2
:105DF0000122024B1A62DA61704700BF002002B82C
:105E00000C4B10B5DC691A6A14400B4A24F47F016C
:105E1000D161E20704D5D868C0F30360FFF7E8FF5B
:105E2000630706D5BDE81040042200200021FEF7DC
:105E3000ABBF10BD000002B8002002B80C4A08B584
:105E4000936B526C13400B4A9363DB070FD50A4BDD
:105E500040F674321878122100F00100FAF7ACFA1B
:105E6000BDE80840002201200021FEF78DBF08BDDB
:105E700000C000B800E000B818160020054AD2F8AB
:105E80008430DB07FBD4936FD2F884201340024A9E
:105E900093677047008001B800A001B870B5144640
:105EA0000D461BF038FA064BD3F88C6E74402C402C
:105EB0007440C3F88C4E1BF032FA06EA050070BD40
:105EC000001000B0034BD3F88C3E99430CBF012067
:105ED00000207047001000B02DE9F04117460A433A
:105EE000012A1D469DF818409DF81C60DDF82080B1
:105EF00029D8B44227D2082E25D8032B23D8B8F1AD
:105F0000000F20D00A460021FBF770FDFF21EB00B7
:105F10009940C943DFF834C008F1FF38FF00E2B20E
:105F2000964202D80020BDE8F0813D190CEB8505B2
:105F3000D5F8C82018F8010F0A4098401043C5F85A
:105F4000C8000134EBE70120EDE700BF001E00B000
:105F5000034B1868034B002808BF1846704700BF62
:105F6000B82D0020F0D40300F8B50D4610B9002478
:105F70002046F8BD0E4F3E68002EF8D1F9F7D2FF4B
:105F800004460028F3D03860FAF718F820461EF0CF
:105F9000BFFA38B130463E60FAF710F820461EF0DE
:105FA000B2FAE4E7002DE3D02046A847E0E700BFBF
:105FB000BC2D0020024B1868003818BF0120704724
:105FC000BC2D0020002108B5024B08465B689847AD
:105FD000002008BDAC4800204FF4007307B50A4903
:105FE0000DF10602ADF806301EF0AFFFBDF8063029
:105FF000B3F5007F05D1022808BF002003B05DF88B
:1060000004FB0120FAE700BFC02D002070B5064652
:106010000D461446F1F7A6FE0022044B1E80044BE9
:106020001D60044B1C60044B1A6070BD4A40002088
:10603000C82F0020C42F0020C02F0020054B10B512
:106040001968054C054B226818681BF05EFD00B905
:10605000206010BDC82F0020C02F002074480020F1
:106060002DE9F84F0E4614460AB34FF0000BDFF847
:106070004480DFF84490DFF844A0D8F80070D9F8E5
:106080000050DAF80000ED1BA54228BF2546384431
:106090002A46314623F0DBFD2F44641BC8F800700C
:1060A00004D0FFF7CBFF2E448346E6E75C4620464C
:1060B000BDE8F88FC02F0020C42F0020C82F00207B
:1060C0000FB400B50B4BA3B01B786BB1802202203C
:1060D00002A9FFF79BFF25AB0021249A06480193F4
:1060E000F3F7CAFCFFF7AAFF23B05DF804EB04B096
:1060F000704700BF5C430020B55003000022024BF4
:106100001A605A609A6070474C4000200122024B8E
:106110001A70FFF7F3BF00BF5C43002008B50548C5
:1061200006F0F6F8BDE808401022FF21024823F0EF
:10613000A8BD00BF00490020CC2F002070B50D4D38
:106140002B78A3B9BDE870400B4806F0E1B800F029
:1061500031FE01343378E0B28342F8D84FF47A71DB
:106160002B7805485943BDE8704006F035B8002447
:10617000024EEFE7B14D0020E048002084420020AD
:106180002DE9F3470F4600219846234B81461B8893
:106190001646118023B90024204602B0BDE8F087DE
:1061A0001E4820F0E9F90446DFF870A009F1040563
:1061B000002CF0D0204605F0A9FD011D28461FF057
:1061C000DAF910B3002514232A46214648460095E3
:1061D00005F084FF204605F0B5FD14280BD8358066
:1061E000002FD9D000231422009321463846EBB269
:1061F00005F074FFD0E7204605F0A4FDA0F11405DA
:10620000ADB245453580C7D8EAE72146504620F073
:1062100009FA0446CCE700BF584000205A4000204D
:106220000023024A1380024A138070475A4000201C
:10623000584000202DE9FF4100238DF80C304FF02D
:10624000FF33061D304601A901931FF094F905465E
:1062500018B1FFF7E5FF01250AE0144F3B883BB179
:106260000146134820F088F90446DFF844801CB941
:10627000284604B0BDE8F081204605F047FD011D29
:1062800030461FF078F950B100222146084820F02E
:1062900004FA3B88002BDED0013B3B80DBE7214644
:1062A000404620F0BFF90446E1E700BF5840002017
:1062B0005A4000202DE9F7430D461646074620B9FF
:1062C0000024204603B0BDE8F083FFF7B3FFDFF8FA
:1062D0006C80184BB8F800201B889A42F0D23DB36E
:1062E00006F1140189B20022104620F02EF904466E
:1062F0000028E5D04FF0010901461423002238465A
:10630000CDF8009005F0EAFE3DB114222146284662
:10631000CDF80090F3B205F0E1FE002221460648D8
:1063200020F030F9B8F800300133A8F80030C8E7A1
:106330001421D8E7764D00205A4000205840002014
:1063400008B500F0BFFE094B1B7853B14FF47A71CA
:106350000748594305F040FF064B074A00201A60E2
:1063600008BD034805F0D4FFF6E700BFB14D00209B
:10637000E04800205831002022D5030008B5044829
:1063800005F0EAFABDE80840024805F0E5BA00BFAA
:106390005A4000205C40002037B5124B124D1B784C
:1063A0000446F32B2A88114B14D11149097803298B
:1063B00010D100210193012308460093022320F00D
:1063C00071F808B100232B80204603B0BDE83040AF
:1063D00005F09EBF01930123009300231946184640
:1063E000EDE700BF5D4300205C4000200D6C010024
:1063F000814300202DE9F041214F86B0B7F800809D
:10640000BDF830608DF80F30B8F1000F34D11FF0B7
:106410000CF8ADF8160005F095FC01230DF10F0105
:106420001A4604460DF1160005F0C6FDBDF816002B
:1064300005F088FC0546304605F084FC2918C9B2F1
:106440000DF1160020F0B5F93046BDF8165005F0F4
:1064500079FC611C434632460090C9B2284620F0C0
:10646000D0F9BDF816309DF80F203B80054B142164
:1064700005481A7005F0B0FE06B0BDE8F08100BF17
:106480005C4000205D430020402B0020F8B504460E
:10649000002859D10020F8BD928AA24252D0482249
:1064A00002FB035292F82C20022A11D148224FF607
:1064B000FF7C02FB0352118E614507D192F8380030
:1064C000022814D1928F39E00846EFE78C4239D088
:1064D000482202FB035292F83810022906D14FF6E7
:1064E000FF71928F8A4202D094422BD040B1482053
:1064F00000FB035008301FF067F8A04222D00120B3
:1065000001363A78F3B29A42C4D9482159436A18FD
:10651000695C0129F4D1D2F804C01CF0800FBED010
:106520001CF4005FB8D192F82C000228CCD092F86D
:1065300038100229DBD14FF6FF71928F8A42D6D0F4
:106540009442D4D10120A6E70026024F3046024DE6
:10655000D7E700BFB04D00204821002037B50546E1
:106560000C4699B1FFF792FF80B1FF220821204627
:1065700020F075FA034648B96A4605490868496833
:1065800003C26A461946284612F05EFA03B030BDCF
:1065900018D503002DE9F04F144698464FF0FF330D
:1065A000B3B00546002289462046062110939DF887
:1065B000F0A01EF01EFE002206210C9020461EF0C8
:1065C00018FE00220A2100F4804620461EF011FE2B
:1065D000042DC3B20B9300F03681052D00F05481D9
:1065E000012D5FD119A81CF041FB092315AA1746FC
:1065F0008DF864300DF5847C3EAB154618685968FB
:10660000083303C563452A46F7D1394619A81CF05B
:1066100056FE19A8F7F782F998F8083011AD022B49
:1066200003BF2B46D8F80000D8F80410D8F8003083
:106630000CBF03C3CDE91133429B0A2113930523F9
:106640000DF13E0220468DF850301EF0D2FD06219D
:106650000DF13D0220461EF0CCFD0C210DF13F0254
:1066600020461EF0C6FDAAF1030C10AB1090DCF121
:106670000000CDE9005340EB0C0021469DF83E3070
:106680009DF83D2021F0CBFB002800F0D980BAF125
:10669000030F0AD04822914B429902FB09339A69B1
:1066A0008A420CD333B0BDE8F08F00220A21204685
:1066B0001EF09FFD00F0F000F028EBD1F2E74FF064
:1066C000000B429A9A6100220A2120461EF091FD99
:1066D000C3B20B9300220A2120461EF08AFDC0B2ED
:1066E000E02840F0D8800022062120461EF081FDDF
:1066F000450640F1D9800121204605F091FB002894
:1067000000F0E3800121204605F08AFB05460121C7
:10671000204605F085FB002800F0D98001212046A5
:1067200005F07EFB07460B2119AA20461EF061FDED
:10673000384605F007FB00220746062120461EF0DA
:1067400058FD9DF86430C0F30030FF1A0B21A7EB11
:10675000800715AA20461EF04CFD0023FFB20093CF
:1067600029463B469DF8542019A805F0B7FCB9F11D
:10677000FF0F15D0482202FB09F2584B99189A5C7A
:10678000FF2A0DD04A68BAF1000F03D1500407D494
:10679000897D29B9482101FB093342F4C0625A605E
:1067A0004F4B504A93F9003010780D9320F0E4FCE1
:1067B00002280D9B40F28D80042840F28C80062830
:1067C0008CBF00250125AD016FF06C029342B8BF6C
:1067D0001346082BA8BF08236E3343F34603002259
:1067E000012120461D441EF004FD002E14BF01238C
:1067F0000023EDB2C2B208D03B490E883B4909885C
:106800008E4294BF00260126760019A93343CDE9B4
:106810000871109903930C9B06910B99C3F3801395
:106820000591029342999DF8F4300491CDE900A3BB
:10683000294643465846CDF81C901CF016F931E71E
:106840004FF0070B3FE7BAF1000F14D1B9F1FF0F7A
:106850000ED04823214D03FB09556B685F0407D414
:10686000AB7D2BB95246012120461EF0C2FCA86127
:106870004FF0060B2EE700220C2120461EF0B9FC3B
:106880004FF0030B109025E7002E3FF40BAF40466E
:106890001EF01CFE06E700220A2120461EF0A9FC7D
:1068A000C0B2E2283FF41FAF0022062120461EF0AE
:1068B000A0FC00F0030001283FF41DAF002E3FF4C0
:1068C0001AAF40461EF002FE15E725461FE7274691
:1068D00029E7C02578E7802576E700BF482100201A
:1068E0009D4300209E430020764D0020584000200C
:1068F0002DE9F04F8DB080460F4615469946BDF8FC
:1069000058A000F0E5F90446002F39D108AE394609
:106910001022304623F0B5F9FF2C02AF22D04822D6
:10692000374B02FB04335A68500401D49B7DCBB132
:1069300000220A2150461EF05CFCC0B2E02811D0B3
:10694000CDF8189096E80F0087E80F000023524614
:1069500000932146434602200195FFF71BFE0DB030
:10696000BDE8F08FCDF8189096E80F0087E80F008B
:106970000023019500934346524621460420ECE74C
:10698000BB1E012BEBD8FF2808AE0DF1080B29D058
:10699000314600F0D7FB4822194B02FB04339B7DA4
:1069A000D906C3F3820201D4072A16D1BDB103F080
:1069B00003039F420ABF4FF0010C4FF0040C154631
:1069C000CDF8189096E80F008BE80F00434652462A
:1069D00021466046CDE90075BFE7002DE7D04FF0B6
:1069E000040CEDE710220021304623F04AF9CDF8DF
:1069F000189096E80F008BE80F00CDE90075BAE714
:106A0000482100202DE9F043002287B00D210446E3
:106A10001EF0EFFB002800F099800022062120469E
:106A20001EF0E7FBC0F3072515F0050640F08E8049
:106A30003246062120461EF0DCFB070400F186806A
:106A40003246062120461EF0D4FB400477D40022B3
:106A5000012120461EF0CDFB05F0070507468DF805
:106A60001450002D75D12A46072120461EF0C1FB87
:106A70000390644EFFB2337BB146BB420AD19DF80E
:106A80001420337A934205D1002B7CD13368039ACA
:106A90009A425BD00DF10C0898E8070089E80700DE
:106AA0004FF4FA615848377305F096FB002206212F
:106AB00020461EF09EFB00F0030001284FF000026C
:106AC0006CD10A2120461EF094FB00F0F000F02863
:106AD0003CD00022062120461EF08BFB10F4C05F44
:106AE000C0F3C12232D1062120461EF082FB0206ED
:106AF0002CD45DBB2A46062120461EF07AFB4306B5
:106B000002D440461EF0E2FC0022062120461EF080
:106B100070FB00220546062120461EF06AFB00227B
:106B20000646092120461EF064FB00940346C6F386
:106B300040324046C5F3C121FFF7DAFE06E00621E8
:106B4000324620461EF055FB410680D507B0BDE811
:106B5000F083022DFAD105210DF10B0220461EF023
:106B600048FB204605F0D2F89DF80B10082201449E
:106B700003A823F06CF80022082120461EF039FB00
:106B80008DF8150075E7022B84D10822314603A841
:106B900023F04DF800287FF47DAFD7E7062120468B
:106BA0001EF027FB10F00305D0D12A46062120460F
:106BB0001EF01FFB10F4C05F11D100220A212046F5
:106BC0001EF017FB00F0F000F028BFD000220A21D1
:106BD00020461EF00EFBC0B2E32895D1B6E72A4648
:106BE000062120461EF005FBC0F3C1200228E4D098
:106BF0002A46062120461EF0FCFAC0F3C1200328D5
:106C000082D0A3E7CC2F002000490020002108B546
:106C1000024B084619801BF0F2FE08BD5C400020C4
:106C200008B5204A0B461278824239D91E4900EB3A
:106C3000C000482201EBC001184623F008F8027892
:106C40000346012A02BF426842F018024260827D78
:106C50001AB1426842F4804242605A6803F1180057
:106C6000110619465CBF42F480525A6091F82C20FC
:106C7000022A0BD0032A0FD01AB95A6842F4803284
:106C80005A600C318842F1D1002008BD5A6822F4C4
:106C9000805242F48072F3E75A6842F04002EFE714
:106CA0002720F2E7B04D002048210020064B1B783A
:106CB000834207D948235843044B185C431E58426B
:106CC0005841704700207047B04D002048210020F7
:106CD0002DE9F843064600254FF048080C4FDFF831
:106CE00034903B78ECB2A34201D8FF240DE020465B
:106CF000FFF7DCFF08B90135F3E708FB04913046E4
:106D000008311EF038FC0028F5D02046BDE8F88395
:106D1000B04D00204821002030B5084B48211A789A
:106D20000023074CD8B2824201D8FF2005E001338E
:106D300001FB03F5655DFF2DF4D130BDB04D0020A2
:106D400000210020F8B50546FFF7C2FFFF280446E2
:106D500006462AD1FFF7E0FFFF28044625D003B2FC
:106D600003EBC303124FDB002868696803F10802D4
:106D70003A4403C2A8681C33106031461022F81848
:106D800022F07FFF482200214FF6FF706243BB18BC
:106D9000996183F844609882287A58600120B85439
:106DA000997583F82C6083F838602046F8BD00BFE1
:106DB0004821002013B5144B04461B78834220D988
:106DC000124B1B7883421CD9FFF770FF60B1482239
:106DD0000F4B02FB04339B69009304236A46214650
:106DE00020201BF06BF90CE0042322460DEB03007E
:106DF00020211BF05AF94FF0FF330093019B013320
:106E0000EBD102B010BD00BF84420020B04D002085
:106E10004821002070B54B4B04461B7896B0834246
:106E20006ED96E463422FF2109A822F02AFF1022D3
:106E3000FF21304622F025FF2046FFF737FF0028CC
:106E400049D048226243404DAB18AA5C8DF82420FB
:106E50005A680A921A7C002A54D19B680B934823E3
:106E600003FB04539A7D12F01C0F18BF1C338DF8DE
:106E700035201CBF0FCB86E80F00482303FB0451CD
:106E800091F82C20032A8DF8462046D103FB0453A9
:106E9000D3F82E00D3F8321012AA03C2D3F83A0066
:106EA000D3F83E1003C2482101FB045292F8383057
:106EB000032B8DF8473001D0002B39D101FB04554D
:106EC000D5F82E00D5F8321012AB03C3D5F83A002E
:106ED000D5F83E1003C33423214609AA1F201BF016
:106EE000EDF82046FFF766FF04A81BF0BFFE07235E
:106EF000314604A88DF810308DF811401CF0DFF9F0
:106F000016B070BD022AAAD1D96898680BAA82E887
:106F100003005B7C8DF83430A1E7002AB6D0022A4A
:106F200001BF0B8EADF84830CB8DADF84A30BAE7D3
:106F3000022B01BF938FADF85030538FADF8523014
:106F4000C9E700BFB04D0020482100202DE9F043E3
:106F50000027DFF82481474C97B098F80030FDB245
:106F6000AB4202D817B0BDE8F0832A4634231F2174
:106F700009A81BF09AF8E94604A81BF077FE07233E
:106F8000494604A88DF810308DF811501CF0B6F960
:106F900048239DF824206B43FF2A02D1E254013795
:106FA000DBE7E254DDF828C0E618C6F804C09DF817
:106FB000353006F11C0EB37599E80F008EE80F000E
:106FC0001CF0020206F108033BD0DDE90B0183E867
:106FD0000300022333749DF83430737448236B43E9
:106FE0002CF4C062E1184A609DF84620032A81F81B
:106FF0002C202AD112AA03CA482203F12E0604EB40
:10700000060CA051CCF804104FF6FD7102FB0542AE
:10701000D186482202FB05429DF84710032982F8D9
:10702000381000D0E1B93A3314AA03CAE618E05088
:1070300048234FF6FD7203FB05437160A3F842201D
:10704000ADE70B9B3274B360C8E7002AD2D0022AA6
:1070500001BFBDF848200A86BDF84A20CA85D8E796
:10706000022901BFBDF850309387BDF852305387D5
:1070700095E700BF48210020B04D0020F7B5FFF78D
:1070800065FF00240C4E0D4D0D4F3378A34202D9FD
:107090002B78A34201D803B0F0BD042322460DEBA8
:1070A000030020211BF001F8482303FB0473019A1D
:1070B00001349A61E4B2E8E784420020B04D002038
:1070C0004821002030B4084B48201978FF250023C0
:1070D000064CDAB2914202D830BCFFF7CFBF00FBBA
:1070E00003F20133A554F4E7B04D002048210020FD
:1070F000F0B40B4611490546097881421CD9482451
:107100001C2114FB00140E4E03F1100C34442746CE
:1071100018685968083303C763453C46F7D14823CC
:1071200003FB0566B37D284623F01C0343EA820275
:10713000B275F0BCFFF76EBEF0BC7047B04D0020DA
:1071400048210020034630B40E4A084612789A427D
:1071500004D830BC1022002122F093BD48221C210B
:1071600012FB0312084B1A44034602F110051446A1
:1071700003CCAC4218605960224603F10803F6D1F3
:1071800030BC7047B04D0020482100202DE9F84F59
:1071900004461E464D4B88461B789146A342BDF8D7
:1071A0002800BDF82C103FD9B8F1000F02D0B8F17B
:1071B000030F4FD1B9F1000F36D04FF0480B444FB9
:1071C00004EBC4050BFB047B9BF82CA0ED00BAF18B
:1071D000FF0F05D19BF83830FF2B0DD1002026E0A2
:1071E00005F12E0008224946384422F020FDA0B1C6
:1071F0009BF83830FF2B19D005F13A000822494698
:10720000384422F014FD38B1BAF1FF0FE6D0204621
:10721000BDE8F84FFFF7FEBD012048230C22634371
:1072200002FB00303844C686BDE8F88F01200C23ED
:107230004FF0480A58430AFB040A2E35BA44284442
:10724000082249468AF82C80384422F000FDAAF82A
:107250003660DCE7B8F1020FD9D148231C4A03FBA2
:10726000042393F82C60022E0BD1DD8D854223D0B0
:1072700093F83850022D11D15B8F8342C7D1012082
:107280001BE093F83850022D06D15B8F8342F6D075
:10729000FF2EBCD1002504E0FF2EFBD0FF2DB6D180
:1072A000012548230C26634306FB053313440222C1
:1072B000D88583F82C2006E0002048230C25634362
:1072C00005FB003313441986A1E700BFB04D002031
:1072D000482100202DE9F0471F4B05461B788946C1
:1072E0008342924635D900273E46DFF8708000EB96
:1072F000C00408EBC40494F82C30032B07D8013BDE
:10730000012B16D8DFE803F006200627F3E7FF2B52
:1073100018BF0126062F04F10C04F6D126B9482324
:10732000FF226B4308F803202846BDE8F047FFF72B
:1073300071BD0822494604F12E0022F078FC30B9D4
:10734000FF2384F82C30E5E7E38D5345F8D0012680
:10735000E0E7BDE8F08700BFB04D002048210020E5
:10736000064A03461278824206D94822FF21534337
:10737000034AD154FFF74EBD704700BFB04D002007
:10738000482100202DE9F04F04464FF6FF7585B0E7
:10739000174614F48032BDF83C60029208BF2E46B6
:1073A000E2060846BDF838909DF84C8007D5FFF7F7
:1073B0008FFCFFF7D5FF002005B0BDE8F08F210757
:1073C00071D514F4004BC4F3C22A04D09F2222FAD0
:1073D0000AF2D207EFD50393FFF7B4FC3D4A054606
:1073E0001278039B8242E6D93946CDE90096109A7D
:1073F000FFF7CCFEBBF1000F04D05246284611998E
:10740000FFF776FE14F4C06F334BC4F3412E04F43F
:1074100080702DD1482202FB053268B1129991612A
:10742000917D21F003019175482202FB05325168DC
:1074300041F02001516004E0917D906121F0030151
:107440009175482214F4003F08BF4FF0000802FB7A
:107450000533012F83F8448005D102995A68E9B9B0
:1074600042F080025A602846FFF7D4FC0120A3E7CF
:10747000AEF10202012A9FBF482202FB0532129997
:107480009161482202FB053292F816C02CF0030CE1
:107490004EEA0C0191750028D3D0C5E742F40252A0
:1074A0005A609E82DFE7FFF713FC0A4B1B7883428A
:1074B00081D9012F08D14822074B02FB00335A68BB
:1074C0009D8222F402525A6033464A461099FFF7D1
:1074D00001FFCBE7B04D0020482100204423584352
:1074E000024B185C431E584258417047042100204B
:1074F0002DE9F843064600254FF044080C4FDFF80D
:1075000034903B78ECB2A34201D8FF240DE0204632
:10751000FFF7E4FF08B90135F3E708FB04913046B3
:1075200004311EF028F80028F5D02046BDE8F88385
:1075300082420020042100204422024B02FB00333F
:10754000196370470421002030B500224424084B01
:10755000084D1978D0B2814201D8FF2007E004FB22
:1075600002F3EB5C0132013BDBB2FD2BF2D930BD03
:107570008242002004210020F8B50546FFF7B8FF3D
:10758000FF280446064628D1FFF7DEFFFF28044601
:1075900023D003B203EB0313114F9B0028686968E3
:1075A0001A1D3A4403C2A8683433106031461022D1
:1075B000F81822F066FB442200214FF6FF70624368
:1075C000BB18196383F82C605885287A58800120ED
:1075D000B85483F82D109E749E772046F8BD00BFE6
:1075E0000421002010B50D4B02461B780C46834247
:1075F0000ED9FFF773FF68B171B1094902EB0210B0
:1076000001EB80014422204622F021FB002010BD26
:107610002720FCE72D20FAE70120F8E7824200202E
:107620000421002000210A4610B5074B1C78C8B27F
:10763000844201D8104610BDFFF750FF08B1013257
:10764000D2B20131F3E700BF8242002013B5124BE2
:1076500004461B7883421CD9FFF740FF60B14422E7
:107660000E4B02FB04331B6B009304236A46214636
:1076700022201AF023FD0CE0042322460DEB030028
:1076800022211AF012FD4FF0FF330093019B0133CA
:10769000EBD102B010BD00BF8242002004210020C7
:1076A00070B50D4D2B78A3B9BDE870400B4804F0C0
:1076B0002FBEFFF7CBFF01343378E0B28342F8D816
:1076C0004FF47A712B7805485943BDE8704004F0B7
:1076D00083BD0024024EEFE7AF4D0020204900207B
:1076E0008342002070B53A4B04461B7896B0834223
:1076F00061D93022FF210AA801AE22F0C2FA10227D
:10770000FF21304622F0BDFA2046FFF7E7FE0028B1
:107710003CD0442262432F4DAB18AA5C8DF8282040
:107720005A88ADF82A201A7B002A46D15B680B9351
:10773000442303FB045393F82D208DF83520D20603
:107740001EBF34330FCB86E80F00442303FB0452E3
:10775000917C03FB04538DF84610022904BF526943
:1077600012929A7F022A08BF1B6A8DF8472008BF31
:107770001393442303FB04556B8DADF854302B7CDD
:107780008DF8563095F82C308DF85730302321463F
:107790000AAA21201AF092FC2046FFF757FF05A8FD
:1077A0001BF064FA0823314605A88DF814308DF8D3
:1077B00015401BF084FD16B070BD022AB8D1D3E984
:1077C00001010BAA82E803005B7B8DF83430AFE740
:1077D0008242002004210020F8B500244427074DF0
:1077E000074E2B78E0B2834200D8F8BDFF2207FB9A
:1077F00000F3F254FFF776FF0134F2E782420020F3
:1078000004210020064A03461278824206D9442207
:10781000FF215343034AD154FFF764BF704700BFB1
:10782000824200200421002038B50D4A0446127817
:10783000824212D90B4D41B94423FF224343EA54FB
:107840002046FFF74FFF002038BD00EB0010442218
:1078500005EB800022F0FBF9F2E72720F4E700BFF8
:1078600082420020042100202DE9F0430026324FFF
:10787000324D97B03B785FFA86F8434502D817B08F
:10788000BDE8F0834246302321210AA81AF00DFCFE
:1078900005A81BF0EBF908230DF10409494605A8DA
:1078A0008DF814308DF815801BF028FD44239DF8C9
:1078B000282003FB08F3FF2A02D1EA540136D9E756
:1078C000EA54BDF82AC0EC18A4F802C09DF835307F
:1078D00004F1340E84F82D301CF0020C99E80F00EE
:1078E0008EE80F0004F1040320D0DDE90B0183E8EA
:1078F0000300022323739DF834306373442202FB98
:1079000008529DF846309374129B53619DF847309E
:107910009377139B1362BDF8543053859DF856300E
:1079200013749DF8573082F82C30C7E70B9B84F80E
:107930000CC06360E2E700BF824200200421002007
:10794000F7B500234420FF261B4D1C4C2978DAB2E2
:10795000914216D8FFF788FF0024194E174F33784D
:10796000A34202D92B78A34210D8164B1B78E3B15F
:107970004FF47A715943144803B0BDE8F04004F065
:107980002BBC00FB03F20133A654E0E7042322469C
:107990000DEB030022211AF088FB442303FB047340
:1079A000019A01341A63E4B2D9E7074803B0BDE88D
:1079B000F04004F0ADBC00BF824200200421002052
:1079C00083420020AF4D002020490020F8B5204B15
:1079D00005461B882D2B28D82A2B28D901F05CFFBF
:1079E0001C4B1D4A1B680646053300211B481360CB
:1079F0001EF0C2FD0446194FCCB1032120461EF0F3
:107A000013FF312814D11221204604F0A3FBB04209
:107A100005D140F60F401EF02EFA00232B702146B0
:107A200038461EF0FFFD0446E6E7382BD6D0F8BDF9
:107A30003228F4D10521204604F08CFBB042EED16F
:107A400040F60F401EF017FA00232B70EFE700BF3F
:107A50006040002080200020E02F002062400020B5
:107A600070B50021054611481EF086FD04460F4EF4
:107A70000CB9204670BD032120461EF0D5FE3F28DC
:107A800005D0214630461EF0CDFD0446F0E7092121
:107A9000204604F05FFB0228F3D10A21204604F0BF
:107AA00059FBA842EDD10120E4E700BF624000206D
:107AB000F8B50021054619481EF05EFD0446174F33
:107AC00004B9F8BD032120461EF0AEFE45281ED1A4
:107AD0001B21204604F03EFBA84218D10521204678
:107AE00004F038FB831EDBB2012B0BD821460B4878
:107AF0001EF098FD06462146002208481EF0CDFDE6
:107B00003446DDE7FF221B21204604F037FB2146E7
:107B100038461EF087FD0446D2E700BF62400020D1
:107B2000F0B589B00446F5F7B9FB334B06461B7830
:107B3000112B1FD1607801A91EF049F820BB002746
:107B4000F5F7ACFBFEB2B0421CD9304603A920F0D9
:107B500019FD9DF80C500137002DF1D1214630461A
:107B600010F068F818B340F60445A84214BF8C25FD
:107B70008D251CE0122B05D1618860781EF0B4F8C9
:107B80000028D7D18C2512E040F20913BDF804205B
:107B90009A42D4D16388B3F5006FD0D1601D1BF039
:107BA00063F80E28CBD000280CBF00258D2503A834
:107BB00031211BF01AFE2388618804A8ADF80E302D
:107BC0001BF013FE237912218DF81230D4F8053002
:107BD00003A8CDF81330D4F809308DF81C60CDF827
:107BE0001730637B8DF81D508DF81B301EF0F1F8B7
:107BF000284609B0F0BD00BFCA4D002037B5144B70
:107C000005461B78113B012B0FD98D246846322184
:107C10001BF0EBFD072168468DF802508DF80340FC
:107C20001EF0D7F8204603B030BDFFF719FF00283B
:107C3000EBD128460FF0D6FF044618B92846FFF7C7
:107C400037FFE3E740F604439842DED08824DDE7BF
:107C5000CA4D002003787BB94378012B0CD1074B28
:107C60001B88562B064B15BF027A1B781A700372BD
:107C70000023436001230370704700BF6040002071
:107C8000CA4D002070B50578044665B94378042BC9
:107C900009D10C4B1B88522B06D1F5F7FFFA656012
:107CA00020810123237070BD0689F5F7F7FA86421B
:107CB00002D921236360F4E7207A6560F5F7E8FADA
:107CC000EFE700BF60400020037810B504466BB9B1
:107CD0000121194A436012880170417839B9174B64
:107CE000562A0BBF1B88027A03721A8010BD052921
:107CF0000FD1562A05D1F5F7E9FA40F0500020726D
:107D0000F4E7007A00F00F002072BDE81040F5F7AC
:107D1000E3BA06290ED1562A04D1F5F7E3FA40F06A
:107D20006000ECE7007A00F00F002072BDE8104020
:107D3000F5F7DEBA0370D9E7604000202440002048
:107D4000037810B50446CBB9012243604378027032
:107D5000242B14D006D80D2B09D01E2B0BD00023BA
:107D600023700BE0362BFAD1F5F7D4FA01E004F0DA
:107D700011FC208102E0034B1B78238110BD024BD4
:107D8000FAE700BFA74D002031420020037863B915
:107D90000122436043780270242B19D006D80D2BA2
:107DA00009D01E2B0AD0002303707047362BFAD15E
:107DB0000089F5F7B5BA007A04F0F2BB074B0289E7
:107DC0001978914202D22123436070471A7070479C
:107DD00003890A2BF7D8024A13707047A74D002079
:107DE000314200202DE9F043164693B00C461D4663
:107DF00007461AF080FE1AF07CFE02A80EF0B6FECE
:107E0000012EDFF8CC8045D0032E0ED04FF00309B1
:107E10001EF0E2FEA84213D02946384616F06EFC4A
:107E200021463846F5F7E0FB0AE018B9BDF80830FE
:107E30009B07EBD4B8F80030980746D44FF00209FE
:107E4000CDF8049098F80030324621460093384629
:107E50002B461AF0B1FB804624210DA81BF0C5FC6F
:107E600039460DF136001BF0C0FC206861680EAB8E
:107E700003C329460DF142008DF840608DF8418022
:107E80001BF0B3FC10210DA81DF0A3FF404613B05A
:107E9000BDE8F083B8F80030D907CFD5DA0603D4AF
:107EA00013F0200FB2D10BE009AB204605AA0DA9B3
:107EB0001BF08DFBB8F800309B06A7D40028BDD17D
:107EC000B8F80090C9F38009A2E713F0080FE9E7BA
:107ED000244000202DE9F04387B01746DDE91184E6
:107EE0001A469DF840300E9D7D2BBDF83CE030D801
:107EF000DFF86890B9F80090B9F1360F13D0B9F1F6
:107F0000380F1AD0B9F1340F25D100932A467346A1
:107F1000CDE901840CF0B4FD10B90CB1AB7A23703B
:107F200007B0BDE8F083CDE901E300902B46384669
:107F3000CDE903840CF020FDEEE7CDE901E30092EA
:107F40003B460A46CDE90384014628460CF054FD21
:107F5000E2E73820E4E70120E2E700BF60400020CC
:107F600010B4084C2478202C03D1B1F90640002C21
:107F700003DA5DF8044B0CF02BBE02205DF8044BD5
:107F8000704700BFCC4D00201FB503780446EBB905
:107F900001224360037A0274142B02700ED8142B52
:107FA0000ED8DFE803F02F101B0D0D0D0D0D150D74
:107FB0000D0D0D180D0D0D0D0D2528003D2B1DD09F
:107FC0000023237002E005F0FBF8607404B010BDDC
:107FD00006F06CFEF9E710F0FDFEF6E705F0FCF8A0
:107FE000014604F111001BF000FC02232374EDE7AD
:107FF00006F09AFEE9E715F093F9E6E7144B1B78D3
:108000004374E3E7102307226946012004F0FAF9DC
:10801000BDF8001004F111001BF0E7FB9DF80230E1
:10802000BDF80610E3749DF8033004F117002375C2
:108030009DF8043063759DF80530A3751BF0D5FBE2
:1080400002AB03CB1023C4F81900C4F81D10CDE710
:10805000E64D00202DE9FF4702780446002A40F053
:10806000118101230370037A292B2DD8292B31D8B4
:10807000DFE813F033005C006300300030006C0078
:108080006C003000A2008500AB00B100F7003000AA
:108090003000FC0030003000300030003000300094
:1080A0003000300030003000300030003000300050
:1080B000300030003000300030000B010B011C019B
:1080C000300030003000F500342B00F0F6803D2BFE
:1080D00000F0FB8000232370D4E0057C102D6BD1D1
:1080E00011301BF080FBE37CADF800008DF802300E
:1080F000237D04F117008DF80330637D8DF8043083
:10810000A37D8DF805301BF06EFBD4F81D10ADF883
:108110000600D4F8190002AA03C22B4607226946BA
:10812000002004F06FF900236360ABE0037C012BB7
:1081300042D1407C05F04AF8F5E7037C022B3BD1A5
:1081400011301BF050FB05F04DF8ECE7037C022BDF
:1081500032D111301BF047FB237A052B4FF6FF730A
:1081600007BFADF80000ADF80230ADF80200ADF881
:10817000003068468DF8043010F06EFED3E7564AA2
:10818000037C12785E08B2EB530F15D9534F00F100
:108190001105B8460FFA86F905EB460A55450DD18B
:1081A0004FF4004531464D4828F8195004F0D8FFE7
:1081B0000028B8D0A8F800502123B5E728461BF0C6
:1081C00012FB023527F8020BE8E711301BF00BFB1E
:1081D0000EF0AAFCA7E711301BF005FB404B05464B
:1081E0001B7833B94FF6F773984233D81EF000FD71
:1081F00099E74FF6F672431E9BB293422AD805F0D8
:1082000065FD38BB6946284604F034FE10B32846A5
:1082100020F0B9FCF0B928461FF001F8D0B9284683
:108220000BF0C8FBB0B9284620F02AFB90B92846CD
:10823000FEF72CF970B928461EF0DAFC40F6074329
:108240001322032027491CF037FF40F607401AF09D
:10825000E2FC68E71EF0C0FCA8423FF464AF0223D2
:1082600062E74FF0FF330093437C82E7457C123096
:108270001BF0B9FA6A46ADF80000294601201DF04E
:10828000CBFC606004B0BDE8F087037C042B93D185
:1082900000F1110101201BF0BAFA237A232B02D13D
:1082A0001FF083FAEDE71FF00FFFEAE7407CC31EE3
:1082B000012B81D806F0FCFF35E7437C0A49003BDF
:1082C00018BF012342600B70DCE7407C08F0C4F863
:1082D00000283FF428AF6FE79A4D0020B634002005
:1082E000F94200206AA90300DC4D0020144B0278FB
:1082F00010B51B8804466AB942604278032A0AD145
:10830000562B104B02D11B78237201E0227A1A708F
:108310000123237010BD022A02D1562B0A4BF1E72C
:10832000092AF7D1562B03D107F0CEFF2072EFE7D1
:10833000007A003818BF012007F0AEFFE8E700BF61
:1083400060400020CB4D0020CC4D002038B5037894
:10835000044673BB01220270427843601F2A25D075
:108360000DD8122A1FD0182A17D0052A0ED0174D63
:10837000D9B2685CFF281FD10023237019E0382A86
:1083800018D0402AF3D1F4F7B9FF11E0104B114A8D
:108390001B7812789B1A23810BE00F4B1B78B3FAE2
:1083A00083F35B09F7E70D4B1B88F4E7F4F76AFFEB
:1083B000208138BD0A4BF7E7824203F10103D7D190
:1083C000084B53F821301B78E5E700BF7CD503004C
:1083D000AB4D00200D430020BA4D0020624D00201F
:1083E0007E4D002028D503000278034630B4002AD1
:1083F0003CD10121017041784260192923D00DD868
:10840000122935D018292BD0052911D0324DD4B2DC
:10841000285DFF2843D100221A7027E0382933D085
:10842000402935D01F29F1D130BC0089F4F724BF91
:108430002A4A007A11782A4C42182478A2420ADD8E
:1084400019225A6012E0274A017A1078234A1278DA
:10845000801AC0B2EFE7234B1A7030BCF5F7B6B8FC
:108460000389214AB3FA83F35B09137030BC704768
:1084700047F230520089904201D92122E1E71B4B9B
:1084800030BC188011F0B2BC0289194B1A80EDE79C
:1084900000890228F1D830BCC0B2F4F735BF814260
:1084A00002F10102B3D1134A082C188952F8242092
:1084B00001D934290DD111788142C1D310705A6885
:1084C000002AD3D15A78112AD0D130BC187AF4F7C7
:1084D000EBBE1070CAE700BF7CD503000D4300203F
:1084E000AA4D0020AB4D0020BA4D0020624D002067
:1084F0007E4D002028D503002DE9F0438DB0DDF836
:108500005080B2F80090CDF8008007460C46164621
:108510001D461AF089F8002845D1452103A81BF013
:1085200064F921880DF10F008DF80E701BF05DF9D4
:1085300061880DF111001BF058F92379E1888DF85D
:10854000133063790DF115008DF814301BF04DF9DF
:1085500021890DF117001BF048F9A37A0DF11A01DA
:1085600030468DF819301DF0EBF948468DF82C5047
:1085700016F0D2F98DF80B00003818BF01200DF16C
:108580000B030190009342462B46212103A801F0E2
:10859000E5F818B1054B1B78212B04D1044A137858
:1085A00043F0040313700DB0BDE8F083CC4D002000
:1085B000BD4300202DE9F0430D46064691461C467A
:1085C00089B0014628469DF84480129F15F0F8FEB8
:1085D00002A83F211BF009F932460DF10A010120E2
:1085E0001BF007F949460DF10F008DF80E501BF0F6
:1085F000FCF821880DF111001BF0F7F861880DF1EE
:1086000013001BF0F2F82379E1888DF815306379B7
:108610000DF117008DF816301BF0E7F821890DF1E8
:1086200019001BF0E2F8A37ABDF8401007A88DF8F6
:108630001B301BF0DAF80B4B17211B7802A8402BDC
:1086400008BF00274FF0000308BFB846CDE900334C
:108650003A4643468DF81E8001F080F809B0BDE827
:10866000F08300BFCD4D00207FB504460D46164671
:108670007D2168461BF0B9F821460DF102001BF080
:10868000B4F82868696801AB03C30D2168468DF80A
:108690000C601DF09EFB044B196811B12046F4F7E5
:1086A000A3FF04B070BD00BFA03100202DE9F0474A
:1086B00005460F4619480021164698461DF05CFFF6
:1086C0004FF0000A0446DFF85490BCB1D5B15FFA10
:1086D0008AF080450AF1010A19D1204603F032FBE5
:1086E000411EC9B2204603F035FD0FB1C30705D5C1
:1086F000FF2E04D0C0F34100864200D00024204663
:10870000BDE8F0872946204603F024FDE1E7214635
:1087100048461DF087FF0446D7E700BF5E400020B3
:10872000014803F019B900BF5E4000207FB5ADF8E5
:10873000060003F0EBFA05468479C6791AF0D7F9FA
:108740000021400040F001008DF80F00FF22084694
:108750002B78FFF7ABFF10B1002004B070BDBDF85F
:10876000060003F0EFFA34446400083404F0FE0419
:108770008442F1D101230DF10F011A460DF10600DB
:1087800003F01AFC02460028E6D10548BDF80610A1
:108790001DF0F8FE034A0120137801331370DCE763
:1087A0005E4000205F43002010B50D4B04461B784F
:1087B00083420DD91AF09FF901210246234608464B
:1087C000FFF774FF50B1BDE81040002103F0C2BCB8
:1087D000C01AC0B2BDE8104019F0BCBEFF2010BDE9
:1087E0005F430020034B1878034B1B781844C0B23A
:1087F000704700BF5F4300205E43002070B50A4D04
:1088000000EB4004A60005EB84041AF072F909F0AD
:1088100077FE08B11AF0CDF9A279A188A859BDE870
:1088200070401DF09EBA00BF4049002013B50446B9
:108830001AF061F9114A00B200EB400002EB80022D
:10884000D4B13F2C18D0137A0133DBB2D179137233
:1088500099420FD800234321137268461AF0C5FFCE
:1088600001200DF1020122461AF0C3FF06216846DD
:108870001DF0AFFA02B010BD0023E7E74049002029
:1088800037B50B4B05461B780C46312B0ED14421D6
:1088900068461AF0AAFF29460DF102001AF0A5FF5A
:1088A000052168468DF804401DF093FA03B030BDF1
:1088B000CB4D002038B5030415D4032913D80B4B36
:1088C0000B4D1B7803EB430305EB8304A171E271AD
:1088D000A0800A46014655F823001DF042FABDE883
:1088E000384009F00DBE022038BD00BF62430020B1
:1088F0004049002010B50C4C237843B1F1F762F8E1
:1089000028B140F2022019F0C0FB00232370F4F7D5
:108910004FFA08B100F040FB044B187818B9BDE8D5
:10892000104000F00FB910BD6043002063430020E9
:108930002DE9F041234BDFF89C8005461868D8F8F4
:1089400000300E46C01A83B2CA2B174631D9CA204E
:10895000F4F794FA82241C4B1A7812B10022822474
:108960001A701A4B1A781AB1002244F001041A70D6
:1089700000F07AFF08B144F0040417B1F6B144F0F6
:108980000804D8F800305C706B1EDBB2012B04D8F1
:1089900000F06AFF002818BF00250D4B1D7000F085
:1089A00063FF08B919F0EAFD3046BDE8F041F4F77D
:1089B00033BAC0B2F4F762FA8024CCE744F0100472
:1089C000DFE700BFDC2F0020654300206843002064
:1089D0006143002080200020144B027810B51B88D2
:1089E0000446BAB942604278072A14D1562B07D1FF
:1089F0000BF08CFD012814BF63236223237207E070
:108A0000007AA0F16203584258410BF085FD606086
:108A10000123237010BD042AFCD1562B044B01D135
:108A20001B78EBE7027A1A70F2E700BF6040002083
:108A3000CD4D0020037810B5044653BB436001239D
:108A400003704378342B27D00FD8172B22D006D8A9
:108A5000012B17D00C2B11D00023237019E02D2BE4
:108A6000FAD1104B1B78238113E0412B16D0422BF7
:108A700016D0392BF0D119F0F0FA01E004F068FAC1
:108A8000208106E0084B1B68B3F5803FEBD31D2324
:108A9000436010BD054BE5E7054BE3E7054BE1E718
:108AA000054BDFE7B54D00203CB1030064430020D7
:108AB000B34D0020B04D002082420020037810B555
:108AC0000446B3B90122436043780270342B27D0A7
:108AD00008D8172B1BD02D2B0CD00C2B12D0002319
:108AE000237006E0392B21D0413B012BF7D802231C
:108AF000636010BD0389022B01D92123F8E70E4AD8
:108B00001370F6E7007ABDE8104004F027BA008938
:108B10001AF085F80028F0D12289084B1A70E8E78E
:108B2000074B028919789142E7D3F7E70089BDE83E
:108B3000104019F08DBA00BFB54D002064430020ED
:108B4000B34D002038B5054600F08EFE10B9002464
:108B5000204638BDF4F7A2F904460028F7D0034BAD
:108B6000012229461878FFF7E3FEF1E76143002070
:108B700038B503780446002B40F09B804360012306
:108B800003740370037A472B0AD8102B0BD8042BDD
:108B900000F0E380072B00F0C680032B00F0B880C4
:108BA0000023237085E0113B362BF9D801A252F83F
:108BB00023F000BF918C0100A18B0100A18B01006B
:108BC000A18B01002D8D0100A18B0100A18B010063
:108BD000A18B0100A18B0100A18B0100A18B0100E1
:108BE000A18B0100A18B0100A18B0100A18B0100D1
:108BF000A18B0100A18B0100A18B0100A18B0100C1
:108C0000A18B0100A18B0100A18B0100A18B0100B0
:108C1000A18B0100A18B0100A18B0100A18B0100A0
:108C2000A18B0100A18B0100A18B0100A18B010090
:108C3000B58C0100C98C0100CF8C0100A18B010013
:108C4000A18B0100ED8C01000B8D0100E78C010070
:108C5000C38C0100438D0100A18B0100A18B010099
:108C6000338D0100A18B0100A18B01003D8D01001E
:108C7000A18B0100BD8C01004F8D0100558D0100BD
:108C8000638D0100498D0100698D01006F8D010028
:108C90000723384D0374298811301AF0A6FDAB78EC
:108CA000E374EB7823752B7963756B79A375AB79D6
:108CB000E37538BD18F076FC6074FAE7ECF788F8D5
:108CC000FAE718F066FCF7E718F052FCF4E7042323
:108CD000037418F043FC024604F111010120BDE8C1
:108CE00038401AF086BD18F050FCE5E70323037402
:108CF00018F042FC30B10278437880786274A37433
:108D0000E074D6E703460246F8E718F02DFCD3E7F7
:108D10000223037402F0C2FD014604F11100BDE814
:108D200038401AF062BD03F0DDFBC5E702F050F8F1
:108D3000C2E7042303741DF011F8CCE708F02AF908
:108D4000BAE707F0EBFAB7E707F0DCFAB4E705F0AB
:108D5000D9FFB1E7084B1988DFE7084B1B7843744C
:108D6000A7E71AF073FCA7E704F0FEF8A4E70EF0FB
:108D700073FEA1E71CD70300684D00206343002069
:108D800038B503780446002B3DD101230370037AE4
:108D9000043B432B00F2B780DFE803F022B5B53087
:108DA000B5B5B5B5B5B539B5B58CB5B5B578B57D8D
:108DB0008689B5B5B5B5B5B5B5B5B5B5B5B5B5B5BE
:108DC000B5B5B5B5B5B5B5B56E4452B5B5644B5D81
:108DD000738E9AB59EB5A1A7B5B5B5ABB592B5B131
:108DE000037C012B1BD1437C484A003B18BF012365
:108DF0000020137019F0C2FB002311E0437C1BB16B
:108E000003F038FB606038BD03F048FBFAE7407CB4
:108E1000003818BF012018F0B1FB0028ECD0212346
:108E20006360F0E7407C003818BF012018F09EFB1B
:108E3000F3E7037C012BF2D1407C18F093FBECE7C5
:108E4000037C042BEBD100F1110101201AF0DFFCAF
:108E500018F086FBE1E7037C012BE0D1407C18F0A1
:108E60008FFBDAE7037C032BD9D1C37C827C002102
:108E7000407C18F07FFBD0E790F9110018F094FBCC
:108E8000CBE790F9110018F086FBC6E790F91100C6
:108E900001F0B8FCB0E7457C12301AF0A4FC0146A2
:108EA0002846F4F7C1F9A7E7F4F7B4F9A4E7F4F713
:108EB000A7F9A1E70223B3E7407C07F015FAA1E781
:108EC000407CBDE83840003818BF012007F020BAC8
:108ED000407C01F049FF95E71CF042FF93E7113019
:108EE0001AF081FC08F042F886E7407C08F044F86C
:108EF00082E711301AF077FC054B18807CE7407C44
:108F00000EF0B0FD78E7002303707CE76343002098
:108F1000684D002038B50446F2F706FD10B1012572
:108F2000284638BD2046F2F789FF0028F7D12046B1
:108F3000F3F786FC0028F2D1204619F0ABFA00289E
:108F4000EDD12046F3F71CFE0028E8D12046F2F7C9
:108F500007FC0028E3D1204619F003FB0028DED1EE
:108F6000204619F027FA0028D9D1204619F001FB34
:108F70000028D4D1204619F0EFFA0028CFD120469E
:108F800019F0F1FA05460028C9D121460148FDF73C
:108F900097F8C5E793D503002DE9F04FB5B0F3F787
:108FA0002FFFF3F761FFDFF844830646D8F800305F
:108FB000C84D9A78DFF8389302F0030101290BBFFE
:108FC00005200320B3F80110597808BFB3F8032037
:108FD00001F003042A8005941C780344BE48DFF89E
:108FE00014B303604FF00000C9F80030BB4B0CBF56
:108FF0004FF0000A4FF0010A09068BF80040187084
:1090000005D5582332202B8000F064FC2CE1B44FAE
:10901000397821B91AB1582330202B80F4E719F0A0
:10902000FFFA18B9582342202B80EDE74FF00103D7
:109030000FA88DF83C3018F0A2F89DF83C20002ACB
:1090400000F012812C88562C00F2B280462C31D8C8
:10905000272C57D92046FFF75DFF002840F00481F8
:10906000582331202B80CFE7A4F18F030E2BF1D8AA
:1090700001A252F823F000BF479601006396010059
:10908000E19601005590010055900100A196010064
:109090005590010055900100559001005590010038
:1090A0005590010055900100559001005590010028
:1090B000FD950100A4F147020F2ACBD801A151F878
:1090C00022F000BF179601005590010001950100A4
:1090D00055900100559001005590010055900100F8
:1090E00071950100419601005590010055900100D5
:1090F000A1920100F99201005590010053930100E3
:1091000071930100272CA5D801A252F824F000BFCA
:1091100043920100079601002F930100D9930100AB
:1091200055900100C7910100F7930100559001008F
:109130005590010009940100099401001794010061
:1091400017940100559001002395010055900100EE
:1091500055900100559001005590010011960100B5
:109160005590010055900100559001002D96010089
:109170005590010055900100559001005590010057
:109180005590010055900100559001005590010047
:109190005590010055900100559001005590010037
:1091A00055900100559001001D9601002796010081
:1091B0009D2C11D88E2C3FF657AF652C00F0FB810B
:1091C000812C7FF447AF052E4ED9D9F80030053EEB
:1091D0003344C9F8003047E0F12C00F0EC811ED890
:1091E000AA2C00F0DB80AB2C7FF434AF942200215A
:1091F0000FA820F046FD13AB0DF14D0201930120A5
:109200003849009211AA00F08BFB0FA817F06DFFF0
:109210009DF83C30002B40F08680212084E0FC2C1F
:1092200000F00B8240F205139C427FF413AF00F074
:1092300033FB044600F030FB0146204605F08CFA73
:1092400072E000F029FB04460E2000F043FB0220F0
:1092500000F040FB4FF400401CF0F9FD3A781AB9D9
:109260000E2C01D101223A70D8F800309BF8002072
:109270001A70D8F800209378002B40F03D82BAF1A4
:10928000000F00F039822B88937001212A880598FD
:10929000D31F5A425A4135B0BDE8F04FFFF748BBE3
:1092A0000023CDE90F33119300F0F6FA8DF83D005D
:1092B0000FA817F03AFF9DF83C301BB92122ADF8FA
:1092C00044301092084911AB10AA002000F028FB8E
:1092D000CAE700BF60400020E02F0020624300206A
:1092E00066430020C0D50300ADD5030080200020D8
:1092F000DC2F0020674300203878012801D00220AD
:1093000012E00023B449CDE90F3311930DF13D0272
:1093100011AB00F005FB0FA817F01CFF9DF83C30C7
:109320000BB92123109310981CF0A5FD9CE73B7806
:10933000012BE4D1711F0520C9B2F3F77FFD30B1D5
:10934000FFF7F4F900280CBF21200020ECE71920DA
:10935000EAE700230120CDE90F3311939F4911ABB8
:109360000DF13D0200F0DCFA0FA817F0DCFED5E7A6
:109370000023CDE90F33119300F08EFA8DF83D00F4
:109380000FA817F0BEFE9DF83C301BB921228DF8C6
:1093900044301092924911AB10AA96E79422002112
:1093A0000FA820F06EFC00F077FA8DF844000FA8AB
:1093B00017F08DFE9DF83C301BB921228DF84C3002
:1093C00010920DF14D0213AB0092002085490193DC
:1093D00010AA00F0A5FA47E7942200210FA820F078
:1093E00050FC0120804912AB11AA00F099FA0FA895
:1093F00017F079FEDEE70120FFF7A4FB002840F01C
:10940000828107232B802FE7A4F1090250425041AB
:1094100019F0A4F828E700F03FFA0628074616D10D
:109420000C2C3FF46CAF0024282000F053FA6F4B53
:109430001E88E2B2022331460FA818F036FE01342E
:10944000BDF83C001CF003FD142CF2D10CE70828F9
:1094500004D10C2C3FF453AF002065E70B28F8D063
:109460000C2C02D109283FF44AAF4FF00009604E9E
:109470003378BB4225D10C2C02D0707800F02AFA48
:1094800071680022737809880FA818F00EFE0C2C62
:1094900029D100F001FA0346707883427FF4BDAE13
:1094A00000230FAAD9B2884216D80FA900F0FCF900
:1094B0007368727818880FA918F00DFE00201CF050
:1094C000DAFC09F10109B9F10B0F06F10806CFD159
:1094D0000C2CC1D1272027E712F8011B0133FF29EB
:1094E000E0D03B2020E7092F05D1152200210DF106
:1094F000820020F0C6FB70780FA900F0FBF9B3E6FC
:1095000001210FA819F033FB30B91CF0B4FCBDF8F1
:109510003C001CF09CFCA7E621201CF0ACFC0020C9
:10952000F7E700F0B9F904461CF09BFC814600F017
:10953000B3F9074600F0B0F919F4004F06467FF47E
:10954000DEAE032F3FF6DBAE012C3FF6D8AE294846
:1095500023B200EBC3043A46494650F833001CF0EE
:1095600000FC002E18BF3E46A4F80490A67173E7D5
:1095700000F092F900230128ADF83C308DF82C3032
:1095800017D81C4B00B203EBC0040BAA53F83000F1
:109590000FA91CF002FCA3791C1E18BF0124BDF802
:1095A0003C001CF054FC9DF82C0000F093F9204680
:1095B0002AE51C46F3E729240F4E36F8020B013C3E
:1095C0001CF045FC14F0FF04F7D12B88652B7FF4C9
:1095D0004BAEF3F715FE47E6B0D50300B3D5030055
:1095E000B6D50300B9D50300BDD5030046AF0300CF
:1095F000CCD50300F0490020643400201CF031FC7D
:10960000F3F76AFC30E600F047F902F073FFFBE481
:1096100019F015F828E619F009F825E603F0BCFC66
:109620000146082069E71DF0D7FA72E70FA81CF081
:10963000FEFC0FA806F018FA76E61DF057FAE3E4F0
:1096400019F09EFAE0E41CF072FB4FF6FF739842AB
:1096500005D000F021F92D4B18700020D4E4012032
:10966000D2E408230BAA8DF81B3007ABCDE90132F9
:1096700003930DF11B030120254900930DF11A02FC
:109680000FAB00F04DF99DF81A000B9B003818BF86
:1096900001209DF81C200FA91DF080FBC0B2B3E48F
:1096A000102007A900F000F90BA9102000F0FCF829
:1096B0000FA819F0DBFA09230FA88DF83C3019F038
:1096C000D9FA0BA90FA819F0FAFD0FA8F4F726F99B
:1096D00007AA11460120F4F7E1F8102007A90CE7CA
:1096E0001CF025FB1CF0B3FB042000F0F3F818205D
:1096F00000F0F0F80F2087E42B88D370D8F8002012
:109700001B0A1371C1E535B0BDE8F08F604300203E
:10971000C4D5030013B504460A4B03EBC0018A7994
:1097200053F8300089881CF01CFB01A80F211AF0A7
:109730005CF8032101A88DF806401CF04AFB02B03A
:1097400010BD00BFF049002008B503481CF00FFF12
:1097500080F00100C0B208BD624000202DE9F04752
:1097600082460F4691461C469DF8248018F05AFF09
:1097700000283CD008F1030020440021384402F0C6
:109780008BFB054620B901221A4B1A70BDE8F08701
:1097900002F0BCFA184B06461B783A460370802349
:1097A0004370012351468370033020F07CFA2CB1C2
:1097B000F81C22464946304420F075FAB8F1000FF3
:1097C00006D003343C4442460899301920F06BFA25
:1097D000012018F0D3FE094A294613780848013BB6
:1097E000012B9CBF0023137000221CF0CBFE012034
:1097F000CCE700BF6843002067430020614300209E
:109800006240002013B504461921684619F0EDFFA7
:1098100022460DF10201012019F0EBFF06216846F6
:109820001CF0D7FA152C02BF0222024B1A7002B0AC
:1098300010BD00BF6643002013B50A4B04461B78D9
:10984000022B0DD10D2101A819F0CFFF21460DF1FA
:10985000060019F0CAFF04210DEB01001CF0B9FA53
:1098600002B010BDF942002008B503481CF07FFE8D
:1098700080F00100C0B208BD6240002008B5054874
:1098800002F06AF8FEF74CFFEFF750FCBDE8084025
:1098900018F071BE62400020024A1368591C116022
:1098A00018787047E02F002038B50446044D08466C
:1098B0002246296820F0CBF92B6823442B6038BD61
:1098C000E02F00200346024A1068034413607047EB
:1098D000E02F0020054B064A196812688A1AC92A27
:1098E000D8BF08701A6801321A607047DC2F002058
:1098F0008020002038B50446074D084B28681B68B7
:10990000C31A2344CA2B02DC224620F0A0F92B689C
:1099100023442B6038BD00BFDC2F002080200020B6
:109920000EB477B5054607AB53F8046B0193013EBF
:1099300016F8013F23B903B0BDE8704003B070478B
:10994000019A622B02F104011468019133D0703B3B
:10995000D9B20729ECD8072BEAD801A151F823F096
:10996000D1990100319901003199010081990100DB
:10997000319901008199010093990100A599010095
:109980001DB1FFF789FF2070D2E72078FFF7A2FF13
:10999000CEE71DB11CF065FA2080C9E720881CF0D5
:1099A00056FAC5E71DB11CF070FA2060C0E72068C8
:1099B0001CF061FABCE702F10803019353682146E9
:1099C000187815B1FFF770FFB2E7FFF793FFAFE725
:1099D00002F108030193002DAAD0044853680168DE
:1099E0001B780B4403602160A2E700BFE02F00203A
:1099F00038B50D46044617F099FC064A13889BB209
:109A00002DB123431380BDE8384017F095BC23EAFD
:109A10000403F7E7664000200022034B01214FF4C6
:109A200080701A70FFF7E4BF6F43002008B5054B44
:109A300018681BF00BFA00F00300C31E584258418F
:109A400008BD00BFFC2F00200023F0B585B0CDE994
:109A500001330393124B134D1B78134E8DF80430D2
:109A600017F064FC2A78337804469A420F4F0CD0E2
:109A70003178386801AA29701BF008FA50B140F615
:109A8000AF110B48EFF7B4F804E038681BF0DEF9CB
:109A90000128EDD0204617F04FFC05B0F0BD00BF07
:109AA000D94D0020D64D0020D74D0020FC2F00209E
:109AB00024D6030038B5044617F000FB0C4B0546CE
:109AC0001978987881420FD0631E082B0CD8DFE8F4
:109AD00003F0050D0B0D0B0D0D0D0D0000220146C1
:109AE000044B18681BF0B0F9284638BD0022F7E790
:109AF000D94D0020FC2F0020F8B52D4B1B7823B149
:109B00004FF438612B48EFF773F817F00FFC2A4B2E
:109B100007461C8814F0060409D001214FF4807018
:109B2000FFF766FF3846BDE8F84017F005BC214650
:109B30004FF48070FFF75CFF204601F067FC0228BD
:109B40000AD180221D4B802118681AF04EFD18F0B2
:109B500056FAFFF779FFE5E7204601F057FC054686
:109B600038B1012807D040F6C2311248EFF740F86B
:109B7000D8E70246E6E7FF22104E114B30681A7014
:109B8000FCF720FA30681BF061F901280CD02A4656
:109B9000294630681BF05CF921462C20FFF78AFF2C
:109BA00021460A20FFF786FF18F02AFABAE700BF1D
:109BB0006F43002024D6030066400020FC2F0020C5
:109BC000D64D002038B54FF0FF300C4620F078F825
:109BD0000A4B0546186820F073F8641B241A20B25B
:109BE00010F1630F06DB10F1240F05DA64308000FA
:109BF000C0B238BD0020FCE7FF20FAE7FC2F0020B0
:109C000010B50E4C236823B940F631410C48EEF7ED
:109C1000EFFF2068013019F0E6FD00F0070003288F
:109C20000AD1246809220121204601F023F9205C91
:109C3000031F5842584110BD0020FCE7EC2F0020C4
:109C400024D6030008B5134B1B78062B04D040F232
:109C5000DE711148EEF7CCFF104B1B881B0704D4B4
:109C600040F2DF710C48EEF7C3FF0D4B2A20197844
:109C7000FFF720FF00210820FFF7BAFE0222094B60
:109C80001A70094B1868FCF79DF9BDE8084018F0F8
:109C90007FBC00BF6F43002024D603006640002035
:109CA0006C430020D44D0020FC2F002000210148EF
:109CB00002F092BA7C4A00207F2837B5044612D1C0
:109CC0004FF6FF7318490246ADF8063009880223A3
:109CD0000DF1060018F0F6F9BDF80640E2054CBF9C
:109CE0006FF04A0464B217F021FB104B05461C705C
:109CF0000F4B1B88DB0710D50E4B1B78002B0E4B30
:109D00000CBF21466FF07F0118681AF08FFC20B15C
:109D100040F607610948EEF76BFF284603B0BDE83F
:109D2000304017F009BB00BF44AF0300CE4D002008
:109D30006640002070430020FC2F002024D6030042
:109D400008B50A4B1B88DB0604D440F6010108481D
:109D5000EEF74EFF00211020FFF74AFE002001F031
:109D6000AFFABDE8084018F013BC00BF6640002001
:109D700024D60300F7B5124CD4E9006586EA020C3C
:109D800085EA03070CEA000C0F405CEA070E15D0C9
:109D900086EA0C067D40C4E90065CDE900230B4648
:109DA0000849024608681AF019FC38B140F2F3116C
:109DB000054803B0BDE8F040EEF71ABF03B0F0BDB0
:109DC00020160020FC2F002024D6030010B517F029
:109DD000CFFB60B117F0DBFB0B4A80B141F20D0302
:109DE000BDE8104041F20D010748FFF7C3BF074B24
:109DF0001A789B789A4204D100220023F0E70D23C1
:109E0000EEE7034AF9E700BF400D0300D94D0020FB
:109E1000488D010038B5264B04461B889B0741D569
:109E20000128244B2DD1197859B30139C9B21970C1
:109E300011B92020FFF7DCFD00210220FFF7D8FD3B
:109E400004221D4B00211D481A7002F0C5F91C4C5C
:109E50002068013019F0C7FC00F44060B0F5006FD5
:109E600023D1246801210422204601F003F8204474
:109E700019F0B9FC0146BDE838400022202018F056
:109E80003CBE00210F4D02201970FFF7B1FD2B7869
:109E9000FF2B04D040F252610B48EEF7A9FE2C7064
:109EA00018F076FB012CD2D038BD4FF6FF71E2E7F7
:109EB000664000206E4300206F4300205C4A002073
:109EC000EC2F0020D54D002024D603002DE9F04FC3
:109ED0005706804614461D4691B005D5FFF7A6FDEE
:109EE00001460120FFF7E6FDEE0403D500212D20F9
:109EF000FFF7E0FDA00223D540461BF022F8014603
:109F0000F0B94020FFF774FD40460AA91AF022FC80
:109F1000B0B99DF83030022B6DD1BDF8280010F09B
:109F20008FFAFF2808D140461AF012FC40B90121EF
:109F30004020FFF75DFD03E010F0BAFA0028F2D1EF
:109F4000A10305D5FFF772FD01460320FFF7B2FD1F
:109F5000E20104F0807354D54B4B1B889B072FD52F
:109F60004A4E30681AF098FB50BB494B494F187065
:109F70003B78FF2B04D04FF4C2614748EEF738FE20
:109F80004FF0000900210220FFF732FD87F8009012
:109F9000424F3B78062B07D101210820FFF728FD0F
:109FA00049462820FFF786FD3B78052B06D1002186
:109FB0002B20FFF77FFD3068FCF704F818F0E8FA73
:109FC000210740F1D380314F0321386805AA1AF0E8
:109FD000BEFF064620B940F282612F48EEF708FE28
:109FE0009DF81430072B5BD0FFF720FD01460420BD
:109FF000FFF760FDBAE0032BA2D10AA81EF0F0FB28
:10A000009CE705F0020213430ED0244B262019785A
:10A01000A1F1060EDEF1000141EB0E01FFF74AFD52
:10A020000120FFF7F7FECBE704F080531A430CD072
:10A0300026201A4B1978A1F1060CDCF1000141EB46
:10A040000C01FFF737FD0220EBE704F088410B43DA
:10A0500006D0124B272019788F1F79427941F0E7FB
:10A0600005F008030B4302D02320FFF723FD6E0702
:10A0700003D500212420FFF71DFDE807A0D500210E
:10A080002520FFF717FD9BE766400020FC2F0020EE
:10A090006E430020D54D002024D603006F430020DE
:10A0A000314638680AAA1AF05AFF20B140F2896195
:10A0B000B648EEF79DFDBDF81610386802310AAAC1
:10A0C00089B21AF04EFF20B140F29361AF48EEF72B
:10A0D0008FFD0023009331460423386804AA1AF048
:10A0E00057FF042804D040F29961A848EEF780FD9C
:10A0F000DFF8B89299F80030002B40F0DB800DF1CA
:10A10000110019F070FB00F00700022840F0D28027
:10A11000FFF78CFC01460920FFF7CCFC9C4B1B7819
:10A12000062B23D19B4B9DF813201B789A421DD1FF
:10A130009DF8353023B940F2AF619448EEF758FDF1
:10A140000DF1110019F04FFBC0F300163146292024
:10A15000FFF7B0FC00210820FFF74AFC8E4B1E7071
:10A16000FFF74EFD10B93868FBF72CFFE70505D562
:10A17000FFF75CFC01460420FFF79CFC14F4863FCB
:10A1800005D0FFF753FC01460220FFF793FCA60120
:10A1900011D5FFF74BFC01460820FFF78BFC00218F
:10A1A0000420FFF725FC7A4B1B78012B03D17B4B56
:10A1B0001868FBF707FF14F0084F09D0FFF736FCCB
:10A1C00001460720FFF776FC00210420FFF710FC72
:10A1D000A00009D5FFF72AFC01460620FFF76AFC1C
:10A1E00000210420FFF704FCA10705D56C4B1B8858
:10A1F0001A0701D5FFF726FD6B0605F0400610D5BE
:10A20000674C00210A20FFF755FC23881F0701D562
:10A21000FFF718FD23885C0703D500210420FFF712
:10A22000E7FB280602D501201CF0CDF8E90527D56B
:10A2300040461AF007FE022800F0E380032840F0B1
:10A24000F980574C23885A0709D5FFF7EFFB0146E1
:10A250000720FFF72FFC00210420FFF7C9FB23880C
:10A260009B070DD526204A4B1978A1F1060CDCF18D
:10A27000000141EB0C01FFF71DFC0120FFF7CAFDB7
:10A28000A90503D501218020FFF7B2FB002E00F0C5
:10A29000D780434C23881A0701D5FFF7D3FC2388C6
:10A2A0009B0740F1CD800021042011B0BDE8F04FA4
:10A2B000FFF79EBBBDF816000121083080B201F007
:10A2C000EBFD039000283FF48FAE01F01FFD0799CE
:10A2D000BDF8182006461FF0E6FC089941B1BDF80C
:10A2E0001800BDF81620121A92B230441FF0DBFCA1
:10A2F00099F800A0BAF1000F20D106F1010B5846E1
:10A3000019F071FA82066BD538681AF01AFE074602
:10A31000FFF78CFB05370146F8B2FFF7CBFB584639
:10A3200019F061FA00F0070003281E4F40D0012108
:10A330000420FFF75DFB1AF0F4F9386000221A4997
:10A34000BDF816300978F718F1549DF83630BB7017
:10A350009DF83730FB70FF233B710A9B190C797114
:10A36000FB71190A99F80030B9712BB97378002A7A
:10A3700044D043F020037370002001F0E9F97870B5
:10A38000039801F0EFFD18F003F9EFE624D603007F
:10A390006F4300206A430020D44D0020FC2F002092
:10A3A00066400020E82F0020D64D00207243002098
:10A3B00001210922304600F05DFD305C01210428B6
:10A3C000B6D1FFF715FB1AF0ACF91F4B38601B88AC
:10A3D0005B06B3D551464020FFF70AFB0122AEE7EA
:10A3E000FFF724FB01460920FFF764FB174B1B789E
:10A3F000012BA3D13868FBF7E5FD9FE723F020038D
:10A40000B9E7114C23885F0709D5FFF70FFB014619
:10A410000720FFF74FFB00210420FFF7E9FA23880C
:10A420009C077FF52DAF094B1978881F41424141A8
:10A43000272020E740F697010548EEF7D9FB1FE7F4
:10A4400011B0BDE8F08F00BF664000206F430020D0
:10A4500024D60300F8B5164E0D46337802F00104F9
:10A4600023B14FF464711348EEF7C2FB124B134F44
:10A470001D60134DA4B1134B997801B10121202027
:10A48000FFF7B6FA2B783B700F4B1C780F4B00216F
:10A490001C70042333700E48BDE8F84001F09CBEE8
:10A4A00021462020FFF7A4FA2B783B70EEE700BF8F
:10A4B0006F43002024D60300EC2F00206C430020C3
:10A4C000D84D0020F02F00206D4300206E43002067
:10A4D0007C4A00202DE9F84316F028FFDFF8A08120
:10A4E0000546B8F80030614C13F4807F03D0237820
:10A4F00073BBFFF701FB00210846FFF7DBFA5C4B5B
:10A500001A78FF2A13D01A7802F0FF0632BBFF2216
:10A510001A702378052B0AD100232846237016F0E1
:10A520000BFF30461BF042FF16F000FF0546237874
:10A53000504E062B09D13378FF2B06D03378022BEF
:10A5400015D100214C4801F047FEFF2333702BE06A
:10A5500000214FF48070FFF74BFACCE71A78012AFC
:10A560004FF0FF0214BF33264C261A70D4E733781D
:10A5700013B13378012B22D1FFF742FB07463E4847
:10A5800096F8009001F0C4FEFF235FFA89F933705A
:10A5900077B1B9F1010F44D16421374884F80090B4
:10A5A00001F01AFEFFF750FA284616F0C5FE06E045
:10A5B0002846277016F0C0FE38461BF0F7FEB8F8A4
:10A5C00000301B0605D500218020FFF711FA18F096
:10A5D00020FB01F0D9FC294E308000B32778012FF1
:10A5E00042D101F093FB054610B3013019F0FBF89E
:10A5F00000F44060B0F5006F1AD1042239462846B5
:10A6000000F038FC284419F0EEF84FF6FF7398423A
:10A610000ED10020318800F099FD00233380BDE881
:10A62000F88300232846237016F086FE3F20C4E7F7
:10A63000114801F06DFE002108462170012500F04F
:10A640002FFD23780BB9FFF757FA0020318800F06F
:10A650007DFD00233380002DE1D020780028DED15D
:10A66000BDE8F8431BF01BBF0025EAE76F4300205D
:10A67000D54D0020D44D00207C4A002064400020AD
:10A6800066400020074B1A7842705A7882709B7897
:10A690001A1E18BF01220370034B02711B78C3708E
:10A6A000704700BFF02F0020D84D002008B513469A
:10A6B0000A461946064B18681AF03EF830B1BDE854
:10A6C000084040F2B2410348EEF792BA08BD00BF1D
:10A6D000FC2F002024D6030008B513460A4619466D
:10A6E000064B18681AF022F830B1BDE8084040F275
:10A6F000B9410348EEF77CBA08BD00BFFC2F00202B
:10A7000024D60300024B1878B0FA80F04009704755
:10A710006F430020024B1878431E5842584170473F
:10A720006F43002008B5064B1B7823B140F2E2418D
:10A730000448EEF75DFAFFF7DFF9002008BD00BF1F
:10A740006F43002024D6030008B5064B01EB8101BE
:10A750001868490019F081FF002814BF212000204B
:10A7600008BD00BFFC2F002008B5044B1868F5F7A2
:10A770000DFE0A2390FBF3F040B208BDFC2F002031
:10A78000014B1878704700BFD74D002008B5044B27
:10A79000186819F0E0FEB0FA80F0400908BD00BF6B
:10A7A000FC2F002038B5124D0C462B78012B04D914
:10A7B00040F203510F48EEF71BFA21460020FFF745
:10A7C000E5FF90B10C4B1C702B785BB9FFF794F947
:10A7D0000A4B93F900100A4BC901186819F000FFE1
:10A7E000002038BDFFF730F9F2E72120F9E700BF7C
:10A7F0006F43002024D60300D74D00207143002072
:10A80000FC2F0020014BD870704700BFF02F0020B4
:10A8100008B5054B012118681AF03CFB0028B8BFA9
:10A82000033040F3870008BDFC2F002008B5074B1C
:10A83000186819F08AFE30B1054BB3FBF0F083B213
:10A840000BB1184608BD0120FCE700BFFC2F00201B
:10A8500040420F0008B5074B186819F07AFE30B176
:10A86000054BB3FBF0F083B20BB1184608BD0120D5
:10A87000FCE700BFFC2F002040420F002DE9F3470A
:10A88000534F012017F0BDFB3B88990704D44FF4C8
:10A890003D615048EEF7ACF9DFF85C8198F8003084
:10A8A000053B012B04D940F6D2314A48EEF7A0F916
:10A8B000494E336823B940F6D5314648EEF798F94A
:10A8C0003C8814F020045CD001212220FFF7F2F82C
:10A8D0004FF47A74FFF7BEFF33681B7809334343A4
:10A8E00004EBC30498F80030A5B2062B0BD1FFF798
:10A8F0009DFF0446FFF7AEFF602358430C2303FB84
:10A900000400284485B2D6F80090344B99F80080B2
:10A910001C7808F1FF38324E1FFA88F8002C3FD11E
:10A920003B885A0532D57378DFF8C8A026468AF8E6
:10A930000030CAF8085016F035FE30B116F030FE7F
:10A94000012814BF102308231E43264D80234946A7
:10A95000424628681AF0F7FA234B1978234B1970EE
:10A960003B889B061FD5CDF800A03246204B2868B7
:10A970001AF08AFA10BB002002B0BDE8F04717F0C9
:10A9800040BB21462220FFF795F8A3E709F101001B
:10A9900018F029FF10F020047378C5D00124C3E714
:10A9A00000247378C0E73246124B28681AF06AFA1E
:10A9B000014618B92520FFF77DF8DCE7214626205F
:10A9C000FFF778F840F678310248EEF711F9D2E750
:10A9D0006640002024D60300EC2F002072430020A4
:10A9E000D94D0020FC2F0020D74D0020D64D00204F
:10A9F000F02F0020404A00206F43002008B5174B7D
:10AA00001B889B0704D440F635611548EEF7F0F833
:10AA1000144B1B78053B012B04D940F636611048D6
:10AA2000EEF7E6F8104B1B6823B940F638610C4886
:10AA3000EEF7DEF800220D4B21200D491A70FFF7CA
:10AA400039F818B9BDE80840FFF718BF022803D14C
:10AA5000BDE80840FFF7DEB908BD00BF6640002032
:10AA600024D603006F430020EC2F00206943002010
:10AA70000DAC0100F8B5594C23889A0704D54FF462
:10AA800037715748EEF7B4F8564801F041FC16F01C
:10AA90004DFC238805465B070BD519F042FE524B4F
:10AAA0001B68C01AB0F5717F03D900210420FEF79E
:10AAB0009FFF28464D4D16F03FFC2B78042B32D1DA
:10AAC00016F034FC238806465F0708D54548002168
:10AAD00001F082FB3046BDE8F84016F02DBC16F0C0
:10AAE0002BFC16F023FC424B06461B78414F13B952
:10AAF000238859050FD50523012102202B70FEF76D
:10AB000077FFFFF77BFF304616F016FC3B68DA78DC
:10AB1000394B1A70F8BD3868013018F064FE8206AF
:10AB2000E9D50623E8E7062B4DD1344B1B78FF2BE4
:10AB3000F0D1334E16F03DFD3378002B3DD016F0AA
:10AB4000F5FB238805465B0705D52648002101F063
:10AB500043FB2846BFE716F0EFFB3378013B337029
:10AB600016F0E4FB044601210220FEF741FFFFF747
:10AB700045FF20461F4C16F0DFFB2068013018F01F
:10AB800032FE00F44060B0F5006F13D1246801215B
:10AB90000422204600F06EF9204418F024FE0146FD
:10ABA000184B04201A783378D21AD2B2BDE8F84094
:10ABB00017F0A3BF4FF6FF71F2E740202B70BDE8FE
:10ABC000F8401BF0F3BB012BA4D100232B700E4BDC
:10ABD0001868FBF7F7F93F20F1E700BF6640002057
:10ABE00024D603007C4A0020E82F00206F43002079
:10ABF00072430020EC2F00206A430020D44D002037
:10AC00006C430020D84D0020FC2F002008B50A4BD3
:10AC10001A7882B9012210281A7004D040F62C61EB
:10AC20000648EDF7E5FF00212020FEF7E1FEBDE834
:10AC30000840FFF723BE08BD6943002024D6030067
:10AC400038B510200C460121FEF7D2FE064B1D68D8
:10AC5000FFF7ECFD012200FB04F1044B28461AF03B
:10AC6000FCF8002038BD00BFFC2F0020419D0100F2
:10AC700008B5094B1B88DB0604D440F2795107481C
:10AC8000EDF7B6FF10200021FEF7B2FE044B186866
:10AC9000BDE808401AF0EFB86640002024D6030053
:10ACA000FC2F002010B5064C206819F01AFDC307D0
:10ACB00004D52068BDE8104019F015BD10BD00BFD7
:10ACC000FC2F0020012208B5084B114618681AF025
:10ACD000BFF800212C20FEF7EDFE00210A20FEF730
:10ACE000E9FEBDE8084017F08BB900BFFC2F00203B
:10ACF0000148EDF77DBF00BF3ED60300014B400881
:10AD0000185C7047D04D002008B513460A46194616
:10AD1000064B186819F016FD30B1BDE8084040F642
:10AD200076410348EDF764BF08BD00BFFC2F00204B
:10AD300024D6030008B5044B18681AF087F80138C8
:10AD400018BF012008BD00BFFC2F0020054B10B527
:10AD50004C0022460146186819F058FC031B584263
:10AD6000584110BDFC2F002003289DBF024B1870D6
:10AD700000202120704700BF6D43002070B50546BC
:10AD800016F0D4FA0E4B0F4E1B880446DA073570C6
:10AD900008D50D4B0D4D1B78012B08D901212868D2
:10ADA0001AF0CDF82046BDE8704016F0C5BA1BB1C8
:10ADB00016F0D4FBC305F1D4317881F00101EEE740
:10ADC00066400020CF4D002070430020FC2F002063
:10ADD00010B5054C94F900007F2801D1FEF76CFFF7
:10ADE00094F9000010BD00BFCE4D00200C4B10B5F3
:10ADF0001B880446DB0711D5FEF7E8FF094B84F0FA
:10AE0000010208211868D20019F0EFFB30B1BDE84B
:10AE1000104040F6C4610448EDF7EABE10BD00BF23
:10AE200066400020FC2F002024D6030008B5044B08
:10AE30000146186819F091FC003818BF012008BDC0
:10AE4000FC2F002010B50A4C23787BB1FFF73AFFA6
:10AE500000210420FEF7CCFD00210220FEF7C8FDF2
:10AE600000232370BDE81040FEF746BE10BD00BFB2
:10AE70006F430020032A134601D91BF0B7BA014AD9
:10AE8000D05C704748D6030038B5094800F064FD2F
:10AE90000024084D95F8C030E0B2834200D838BD98
:10AEA000103005EBC00000F057FD0134F2E700BFA1
:10AEB0001C3100200030002008B51046024948220D
:10AEC0001EF0F1FE002008BDD430002008B5054872
:10AED0001BF072FD014620B9BDE80840014801F0B1
:10AEE0007BB908BD9C4A0020002238B51F4B15468F
:10AEF0001C4683F87F200132082AC3F88050C3F82B
:10AF00008450A3F8805003F10803F4D148220021B3
:10AF100017481EF0B6FE4FF6FE73A4F8E4306FF447
:10AF200080337F2200211148C4F8D8301EF0A9FEDA
:10AF3000104BC4E93155C4E9473584F8C05084F852
:10AF4000CC50C4F8D05084F82451EDF7ADFFFF2267
:10AF5000094B01211870094B00201A70E9F7FCFC1D
:10AF60000020FFF7B3FF002038BD00BF00300020F5
:10AF7000D43000200000FFFF73430020C3430020B3
:10AF800010B54FF49474094B04FB0030D0F8C43072
:10AF900053B990F8CC403CB931B1C0E931122046E8
:10AFA000FFF794FF204610BD2120FCE70030002071
:10AFB00038B54FF494730B4D03FB005595F8CC4016
:10AFC0006CB9204611F032FE95F87F30204643F0F0
:10AFD000020385F87F30FFF779FF204638BD012056
:10AFE000FCE700BF003000204FF49472044B02FBDA
:10AFF000003090F87F3023F0030380F87F307047F3
:10B000000030002070B51446234A06461278002A04
:10B0100040D14FF49471214D01FB0051D1F8C4206F
:10B02000C2BB91F8CC203AB1022B33D191F8C010B9
:10B03000072907D91C202CE091F8C0100729F9D85E
:10B04000012B0AD04FF4947000FB0650CA0000F1A7
:10B05000800188301EF0FBFD0021252303FB061133
:10B060009DF81430103125F8314005EBC101CB704B
:10B07000049B00244B604FF4947303FB065595F832
:10B08000C030204601338C7085F8C030FFF71EFFBA
:10B09000204670BD0120FCE77243002000300020F4
:10B0A000F8B5274B04461B780F46002B46D14FF4CA
:10B0B0009473244D03FB0053B3F81C3123B94FF4B0
:10B0C0004A712148EDF794FD4FF4947202FB04524B
:10B0D000D2F8206136B192F81F3139460020B2F81B
:10B0E0001C21B0474FF49473002148206343EA18B1
:10B0F000A2F81C11C2F8201192F8241100FB0133B0
:10B100002B44D3F814319E4218D092F87F309B071D
:10B1100010D54FF4947202FB045292F87F3020460F
:10B1200023F0020343F0010382F87F30BDE8F840CA
:10B13000FFF7CCBE11F09CFD0028EAD1F8BD00BF9E
:10B140007243002000300020A3D703002DE9F04F08
:10B150008BB0079008460D4600F0D8FD044618B99C
:10B1600021200BB0BDE8F08F284600F0EBFDC0B207
:10B170000838215C22180391517992F8029092F8D4
:10B1800003A004919179D279267806920022B4F82E
:10B190000130ADF82620474A059192F80080B8F1B9
:10B1A000000F09D0444B1B6823B1514620464FFA8B
:10B1B00089F298470020D4E703F00703022B76D0EA
:10B1C0000134092241462046FFF754FE023EF6B202
:10B1D000331A5FFA83FB1B060746C1D4374BD3F8FB
:10B1E0000C312BBB00210DF12603009322465B4658
:10B1F000084611F053FCC3B20546002B52D1BDF8EE
:10B2000026001DF061FED0B9BDF826001DF058FFE4
:10B210008046BDF826001DF057FEE8B901233246EE
:10B2200021460DF1260000F0C7FED0B1192098E7A5
:10B2300042460121284698470028D3D190E71F4B6A
:10B24000BDF82600D3F81031002BDDD0E119984766
:10B250000028D9D1022084E75A464046E1191EF061
:10B2600022FDBDF8260000F051FD039B049A837275
:10B27000059B07991B0243EA0243069A80F808A03F
:10B280001343C3604FF494730C4A80F8099003FB96
:10B29000012393F8CC10BDF8260029B1D3F8C830AB
:10B2A00003B19847E8B25CE7D2F8F430F8E7012040
:10B2B00057E700BF72430020E42F00200030002039
:10B2C0004FF4947370B50B4C054603FB0043D3F861
:10B2D000D06026B940F2E9310748EDF789FC4FF418
:10B2E000947303FB05440023C4F8D0303346BDE813
:10B2F0007040184700300020A3D703002DE9F84321
:10B3000008460F46164602F101091DF0DEFE804692
:10B3100038461DF0D2FD042856D138461DF0F1FD07
:10B3200048F661054FF6FF7248F64103294C9042FA
:10B3300008BF1D46B4F8D810301D18F056FA38462C
:10B340001DF0DFFD0146B01D18F04FFAB4F8DA1019
:10B3500006F1080018F049FA06F10A0438460EF022
:10B3600069FE10B145F01005ADB22946484618F007
:10B370003CFA38461DF0A4FE4246014620461EF027
:10B3800092FC3846012100F04BFD4444074660B171
:10B3900000F0D8FC0546384600F0B8FCEDB2014696
:10B3A0002A4620461EF07FFC2C440B4AA41B13782F
:10B3B0000134591C1170F37034703046BDE8F84305
:10B3C00009220121FFF756BD484618F00CFA4C46F9
:10B3D0000546C3E7003000207343002010B40C463C
:10B3E00011464FF49472084B02FB0033D3F8D0009F
:10B3F00028B9C3F8D0405DF8044BFFF721BC022008
:10B400005DF8044B704700BF003000204FF4947289
:10B4100010B5482450430A4B1A1892F8241104FB23
:10B420000100034493F8F300022806D092F8CC30D0
:10B430001BB9032818BF012010BD0020FCE700BF86
:10B440000030002070B508B1012070BD234C94F885
:10B450002451002DF8D12946B4F8D820FFF73CF943
:10B4600029462846B4F8DA20FFF720F9294628466D
:10B4700004F1DC02FFF748FC94F8F330002BE3D032
:10B48000284694F8D460FFF77BF9864215D1002056
:10B4900094F9D650FFF768F9854216D10020FFF7DE
:10B4A000B5FF04460020FFF72DF90028CDD0214636
:10B4B000BDE870400020FFF735B9284694F8D41055
:10B4C000FFF770F90028E2D0BFE7002094F9D6100A
:10B4D000FFF73AF90028E1D0B7E700BF00300020BD
:10B4E00003464FF4947010B51446174A00FB03222C
:10B4F00092F8F30002280CD1E07F022809D141B173
:10B5000012490978012913D992F8D410227891426E
:10B510000ED118462178FFF739F990B1482221461B
:10B520000B481EF0C0FB0020FFF7ECF808B9002024
:10B5300010BD054B93F824010028F8D1FFF782FFD6
:10B54000F5E72120F4E700BF003000209E4D0020E9
:10B55000D43000204FF4947208B50A4B02FB00333C
:10B560000020D3F8D020C3F8C80083F8CC001AB16B
:10B57000C3F8D000FFF77CFB0020FFF763FF00203B
:10B5800008BD00BF003000207FB51C4C94F824316A
:10B5900023B1002084F82401FFF754FF94F8D6303B
:10B5A000B4F81C518DF80F3025B940F2EE21144843
:10B5B000EDF71EFB114A29460020FFF79FFED4F845
:10B5C000F86002469EB10DF10F0301930023284657
:10B5D0000A490093B0470246247854B920462146D0
:10B5E000FFF75EFD2046FFF771FC04B070BD01223D
:10B5F000F2E700200149FEF72DFFF6E700300020BA
:10B60000A3D7030038B54F4B1C78002C5FD14E48B0
:10B6100000F07EFE2046FFF775F8002857D04B4C0F
:10B6200094F87F30D90738D594F8CC2022B123F094
:10B63000030384F87F304AE023F0010384F87F306D
:10B6400011F0FEFA94F87F3005469A0701D511F003
:10B65000EDFA2946002011F025F850B994F87F3012
:10B66000284643F0010384F87F30BDE8384011F0EC
:10B67000DDBA0023482284F81F3194F8243184F87D
:10B680001E5102FB0343D3F81431A4F81C01C4F883
:10B690002031BDE83840FFF777BF94F8C000B8B15B
:10B6A00004F58E7304F1800595E8030083E8030038
:10B6B000FFF76AFF94F8C0202846D20004F1880101
:10B6C0001EF0C5FA94F8C030013B84F8C03038BD94
:10B6D000D4F8C42072B99B0715D594F87F300020A8
:10B6E00023F0020343F0010384F87F30BDE83840C3
:10B6F000FFF7ECBB0123C4F8C40084F8CC309047BA
:10B7000094F87F3093E711F0B3FA0028E5D194F86C
:10B71000243173B1F1F732FF94F8CC30002BD6D13D
:10B72000FF2818BF84F82401BDE838400020FFF747
:10B7300089BED4F80831002BECD098470028C6D138
:10B74000E8E700BF724300209C4A00200030002040
:10B750004FF49472024B02FB003393F824017047BC
:10B760000030002038B505460020FEF7CBFF4FF42F
:10B7700094730C4C03FB054494F8CC300BB10020BF
:10B7800038BD0028FBD008481BF016F90028F6D178
:10B7900094F87F30002BF2D194F8C000B0FA80F01A
:10B7A0004009EDE7003000209C4A002028B1034BFF
:10B7B0001B68C01A4010013080B270474031002031
:10B7C00030B1044B00F100401B68013803EB40002E
:10B7D000704700BF4031002010B5084A03461AF0F8
:10B7E00081FE14684FF6FF7203EB40039C4218463B
:10B7F00003D9018802339142F8D010BD38310020BE
:10B800002DE9F047204F05463B88A3B3B0F902303D
:10B81000002B30DBDFF87C801C49D8F800001EF0DC
:10B8200038FA20B940F2C3111948EDF7E1F90026C2
:10B83000DFF85CA0DFF860903A88B3B29A4204D88F
:10B8400040F2C5115046EDF7D3F9D9F80030B2B245
:10B8500053F83200D8F8001003EBC20468B943F87B
:10B860003210A38828460133A3801AF03BFEE388F8
:10B8700003EB4003E380BDE8F0871EF00AFA0136CF
:10B880000028D9D1EDE700BF684000204CD6030066
:10B8900056D60300BC4A00202C31002038B5094C94
:10B8A000094D22682B689A4204D94FF481710748E8
:10B8B000EDF79EF928682368C01A20F0010080B2D5
:10B8C00038BD00BF383100203C31002056D603007F
:10B8D00038B5124C124D21462846F1F7ADFC2368CD
:10B8E0000BB12B681BB9D2210E48EDF781F92A68FC
:10B8F0000D4B0E491A60236823F0010313440B60BB
:10B900000B4B1A602AB9BDE83840EC210548EDF729
:10B910006FB9FFF7C3FF6428F5D938BD3031002077
:10B920003431002056D60300403100203C31002045
:10B9300038310020064B1B68834206D8054B1B6834
:10B94000834294BF0020012070470020704700BF51
:10B9500040310020383100202DE9F0411D4B0446D4
:10B960001B78012B24D10088FFF72AFF0546D8B1A8
:10B970000426DFF864802C4615F0D8FC07462046E4
:10B98000FFF73EFF638843EA08036380A05BFFF78D
:10B9900017FF0446384615F0CFFC1CB1B4F902304D
:10B9A000002BE9DA062E01D1BDE8F0810626E2E798
:10B9B000022BF9D115F0BAFC02462088FFF700FFF0
:10B9C00018B10388C3F30E0323801046BDE8F0418D
:10B9D00015F0B2BC744300200080FFFF2DE9F04F4A
:10B9E0000024BA4B97B006461C8015F09FFC01233B
:10B9F000DFF8EC82B64F3B70B8F80030A8F8004092
:10BA0000ADF81630B34B1B68019315F095FCB24BA3
:10BA100021461A88B14BD20018681EF032F90DF198
:10BA20001600FFF799FF002E3CD1DFF8B8924FF0D7
:10BA3000000B0125D9F80040019B9C4239D3BBF192
:10BA4000000F39D1002DF2D0D9F80040DFF898A2CC
:10BA500025462246019B9A4273D302230DF116001C
:10BA60003B70FFF779FF002E40F08F80D9F800601F
:10BA70003246AA4280F0A2809088FFF7A1FE18B15A
:10BA80000388C3F30E039380D088FFF799FE18B1A3
:10BA90000388C3F30E03D3801046FFF79DFE0246D2
:10BAA000E7E79847E3B256F823300134002BF8D18A
:10BAB000BBE7BBF1000F3ED00BF1FF335FFA83FB16
:10BAC00016AB03EB8B0252F8402CB2F902005188FE
:10BAD0000028B1DA4B04AFD4924641F48040931D64
:10BAE0002AF8020F02933AF8020FFFF769FEF0B14D
:10BAF000B0F902E0B0F802C0BEF1000F17DB6FEA48
:10BB00004C4C6FEA5C4CA0F802C00390FFF778FE43
:10BB1000BBF10F0F8FBF002516AB039A03EB8B0011
:10BB20009EBF0BF1010340F8402C5FFA83FB029BA0
:10BB30009A45D8D180E72046FFF74EFE22460446BC
:10BB4000C3E710461AF0CEFC8346B2F90200118812
:10BB500000280AEA010108DA2046FFF727FE084319
:10BB600081B204EB4B0402EB4B0510461180FFF74A
:10BB700033FE02466EE798475FFA8AF356F82330A1
:10BB80000AF1010A002BF6D170E74FF0000AF3E743
:10BB90003046FFF721FE82467EB1B6F90230718849
:10BBA000002B0ADA3088C0F30E00FFF709FE864248
:10BBB00003462DD1C1F30D0171805646AE42E7D345
:10BBC000DFF81CA115F0B2FB0021064650461AF022
:10BBD00045FDFFF7F5FD0546002800F0878030465B
:10BBE00015F0AAFB28461AF07DFC06462046FFF712
:10BBF000DDFD814676003246294620461EF027F8B4
:10BC0000002249460DF116001AF0BCFC3444D9E775
:10BC10001BD930461AF066FCC1F30D014200718059
:10BC20001846314692B21EF012F8C6E75046FFF7AA
:10BC3000D3FDD146854203D9B0F90230002B01DA99
:10BC4000824603E0FFF7C8FDF4E7B146554507D942
:10BC5000BAF80000C0F30E00FFF7B2FD8245E5D34D
:10BC6000B9F1000F30D0B9F80000C0F30E00FFF7B3
:10BC7000A7FD034638B93346CB46994513D8B1459D
:10BC80009BD0D946ECE748461AF02CFCB9F80220C4
:10BC90004946C2F30D02A9F80220420092B21846AA
:10BCA0001DF0D5FFE7E718460193FFF795FD019BCF
:10BCB0009B46854203D9B0F90230002B01DA0346D6
:10BCC000DBE7FFF789FDF4E7CB46DAE76A400020BF
:10BCD0007443002038310020684000202C310020BF
:10BCE0006C400020403100200080FFFFBDF816307E
:10BCF0003870A8F80030044B30461C6015F01CFB6F
:10BD000017B0BDE8F08F00BF3831002010B50446F1
:10BD100008B9002010BD1AF0F6FB20B940F2BA4174
:10BD20000748ECF765FF2046FFF74AFD0028F0D0F2
:10BD30000388DB0B14BFD0F80A000830EAE700BF25
:10BD400056D6030010B508B9002010BDFFF738FD26
:10BD500004461AF0CFFB20B940F2D4410648ECF774
:10BD600047FF002CF0D02388DB0B0ABF60882089B6
:10BD7000C0F30C00E9E700BF56D603002DE9F041FF
:10BD80000546FFF71DFD0F460446D8B11AF0B2FB79
:10BD900020B940F2E7412048ECF72AFF2846FFF798
:10BDA000D1FF05462046FFF717FDBD42064609D0E4
:10BDB00004D840F2EF411848ECF71AFF2588ED0B44
:10BDC00002D02781BDE8F081678020461AF08AFB07
:10BDD000074604EB400815F0A9FA104B1A68B24266
:10BDE0000AD1C3F8008015F0A7FA2A464046BDE8FC
:10BDF000F041FF211DF045BFA6EB0806B5B215F0D6
:10BE00009BFA072DF1D90023083D44F81730C8F8F4
:10BE10000430A8F80250D5E756D603003831002088
:10BE200038B5FFF7CDFC0D46044650B11AF062FB61
:10BE300020B940F22C510348ECF7DAFE023534F811
:10BE4000150038BD56D6030070B5FFF7B9FC0C4697
:10BE500016460546B0B11AF04DFB20B940F23751F5
:10BE60000C48ECF7C5FE3046FFF7AAFC1AF042FB7F
:10BE700020B94FF4A7610748ECF7BAFE023425F861
:10BE8000146070BD40F23C51BDE870400148ECF7D1
:10BE9000AFBE00BF56D603002DE9F84307468846DB
:10BEA00016F0A0FB20B940F277512A48ECF7A0FE2B
:10BEB000FC1CA408284B64000434B7F5005F1E681E
:10BEC000A4B204D340F27E512248ECF791FE15F063
:10BED0002DFA224981460B687BB9214B1D68761BE0
:10BEE000C6F34F06B44227D90025484615F024FA78
:10BEF0002846BDE8F843FFF759BCB8F1000F11D050
:10BF0000174A15685A1BC2F34F029442ECD81448E2
:10BF1000620005EB44040460B8F1000F0FD1134434
:10BF20000B600CE0F61AC6F34F0676B940F28F515B
:10BF30000848ECF75DFED7E705EB44041C600023DE
:10BF40006F80AB80EB802B80CFE7B442CCD8044A23
:10BF50001568DCE756D603003C310020283100206C
:10BF60003831002038B5054615F0E0F90446294679
:10BF7000044800221AF006FB2046BDE8384015F0C0
:10BF8000DBB900BF6C40002038B515F0CFF90021B7
:10BF9000054604481AF062FB0446284615F0CCF921
:10BFA000204638BD6C400020024B1888B0FA80F063
:10BFB000400970476C4000202DE9F74F0446008887
:10BFC0001F46FFF7FDFB8846154606461AF092FA13
:10BFD00020B940F2E6613F48ECF70AFE3388DB0BFC
:10BFE000009306D033892B443381002003B0BDE891
:10BFF000F08F2088FFF7A6FE82463046FFF7ECFB65
:10C00000019015F093F9DFF8D0B0019BDBF8002028
:10C0100081469A421DD1FFF741FC854204D948462A
:10C0200015F08AF91A20E1E705EB0A0373803FB1A6
:10C030002088FFF76BFE2A46414650441DF033FE30
:10C040003046FFF7C9FBCBF80000484615F074F9FD
:10C05000CBE715F071F92088FFF774FE28440099AA
:10C0600080B2FFF719FF06460028DBD0FFF74EFE2F
:10C0700081462088FFF74AFE82462088FFF762FE4D
:10C080005146024648461DF00EFE3046AFB1FFF75E
:10C090003DFE07462088FFF755FE2A4641463844B4
:10C0A0001DF001FE01212088FFF7BAFE01210246A2
:10C0B0003046FFF7C9FE268097E7FFF727FE804648
:10C0C0002088FFF73FFE2A46394640441DF0D9FD3F
:10C0D000E8E700BF56D60300383100202DE9F843C9
:10C0E0001E4607460846894615469DF82080FFF7FC
:10C0F0000DFEC6B1441916D04846FFF723FE35445D
:10C10000854203DD1D210948ECF772FD3246B8F186
:10C11000000F05D121463846BDE8F8431DF097BD14
:10C1200039462046F8E7BDE8F88300BF6AD6030029
:10C1300038B50C460546FFF705FE844203D3282197
:10C140000348ECF755FD2846FFF7E0FD204438BDD5
:10C150006AD6030070B506460D46FFF7D7FD0446C4
:10C1600048B13046FFF7EEFD854203D33021024847
:10C17000ECF73EFD605D70BD6AD6030070B50C46FD
:10C1800006461546FFF7DEFD844203D33A210448F4
:10C19000ECF72EFD3046FFF7B9FD00B1055570BD37
:10C1A0006AD6030033210148ECF722BD81D6030093
:10C1B000036910B55BB18268064B9A4201D1002039
:10C1C00010BD446915F007FF201AF9D5F7E74FF0C5
:10C1D000FF30F5E7A5C1010082684B4B2DE9F04126
:10C1E0009A4204460E46056815D121B140F20F115E
:10C1F0004648ECF7FDFC15F099F823691BB92B684C
:10C200002BB924612C60BDE8F04115F095B81A698E
:10C2100022611C61F6E715F0DEFE8046E9F7A0F822
:10C2200020B14FF493713948ECF7E2FC6FF0004312
:10C230009E4221694BD22B7B08EB0602002B4DD08E
:10C24000AB6893424AD1531C002949D06169994295
:10C2500042D01EB9521AB2F1004F3DD96361236931
:10C260006E689C4203D19A212848ECF7C1FC2F4606
:10C270000023B4420BD0002B41D172696169891A45
:10C28000B1F1004F32D83269374694422CD122693D
:10C29000BD420CBF6A603A617BB92669B44203D1E2
:10C2A000B5211A48ECF7A4FC3B46012E05D0626983
:10C2B0007169521AB2F1004F23D99D420BBF6B68CE
:10C2C0001A69236122610CBF6C601C6104E0434465
:10C2D00031B162699342C1D1BDE8F0811346B3E741
:10C2E0006A6822616C60B9E71646C6E7A8EB0202ED
:10C2F000B2F1004FC7D93B4637463669B9E71F460A
:10C30000F9E733463669D0E7A5C1010081D60300BD
:10C3100082681C4B70B59A420446056819D115F025
:10C3200005F8236923B1A34206D100222A601A61CD
:10C33000BDE8704015F000B81A4611461269A242D5
:10C34000FBD12A68A24208BF29600B610023236148
:10C35000EEE7036993B198426E6803D19A210A48C7
:10C36000ECF746FC2B46B44209D122699D4218BF26
:10C370001A614FF0000308BF6A60236170BD334645
:10C380003669F0E7A5C1010081D603002DE9F0432D
:10C3900006460025164FDFF85C808BB0BC7814B9D8
:10C3A0000BB0BDE8F083B7F800908EB90096234635
:10C3B0002A46B8F8001003A8FFF790FE234631463E
:10C3C000484603AA15F07AFE2544EDB20437E5E7A6
:10C3D0002346494603A8002215F067FE0123009377
:10C3E0002A462346B8F8001003A8FFF777FEEBE7CC
:10C3F00090D603006E4000200148FFF7ADBA00BFA1
:10C400006E400020F7B51546174A044608461188C5
:10C4100011B1164A1278CAB1D4B10022294603B02C
:10C42000BDE8F04015F041BE3A44D2B20436B778C8
:10C43000002FF1D0B6F800C0AC45F5D184F001046E
:10C440003B460094FFF74AFE03B0F0BD084EEEE70E
:10C4500002462146284615F031FE284603B0BDE8C5
:10C46000F04016F0DABB00BF6E400020DD4D00202A
:10C4700090D6030010B5074C238843B10020FFF786
:10C4800085FF0020FF22044B20801A7010BD02207F
:10C49000FCE700BF6E400020DD4D002038B50E4D9A
:10C4A0002B78FF2B14D100210C4B9C7864B92246C9
:10C4B00020461AF04AF80A4B188058B101202C7017
:10C4C000FFF764FF204638BD2144C9B20433ECE7CE
:10C4D0000220F8E71920F6E7DD4D002090D6030092
:10C4E0006E400020024B1888B0FA80F04009704777
:10C4F0006E400020142810B518D8082805D116F071
:10C50000A4FBC401E4B2204610BD0E2802D116F0EF
:10C510009FFBF6E7064B53F82040002CF3D00A2887
:10C520002478F0D107F0F2FF0443EBE7FF24EAE7B9
:10C53000B8D603000823064A12F8011B814205D031
:10C54000013B13F0FF03F7D11846704701207047F5
:10C5500014D703000823064A12F8011B814205D0B4
:10C56000013B13F0FF03F7D11846704701207047D5
:10C570000CD70300014BB3F8E400704700300020F3
:10C5800000487047E6300020014B1878704700BF24
:10C59000F2420020014B1878704700BFF54200209E
:10C5A000014B1870704700BFF5420020204B022855
:10C5B00010B5204C187002D00438012822D82378F6
:10C5C000042B0BD000211C48FFF706FE2378033B09
:10C5D000012B03D900211948FFF7FEFD184B1B68FA
:10C5E0009A0022D513F0805F40F6114418BF4FF433
:10C5F0004164204612F070FAC8B92046BDE81040E8
:10C6000016F009BB0C48FFF783FE0C48FFF780FECD
:10C610001AF0C1FC2378033B012B03D811F02EFB49
:10C620001624E6E70EF0DAFCFAE71524E1E710BD80
:10C63000F9420020FA420020E04A0020C02B0020EE
:10C64000542C0020024B187800F00F00704700BFF8
:10C65000F9420020034B187800F00F00831E584267
:10C6600058417047F942002008B51AF07FFCA8B184
:10C670001AF098FC90B10A4819F079FF70B1094896
:10C6800019F075FF50B116F0E8FA38B112F036FA29
:10C6900020B9BDE8084004481AF093B9002008BD4D
:10C6A00070400020A04000204431002030B50546F5
:10C6B0000C4693B081B910B9002013B030BD1023DF
:10C6C000072269460120FFF79DFE9DF805305A1E9E
:10C6D000052A28D91720F0E71822002120461DF04E
:10C6E000D0FA002DEBD1FFF7B5FF30B316F0FFF90C
:10C6F0006A4601460020FEF7DFFBBDF80430204605
:10C7000023819DF80230A3729DF80030E3721AF085
:10C710005AFE002304F11401237304F110001AF0EF
:10C72000E6FEE081C8E7084A9DF8041012789142BD
:10C73000D0D12B70002CD6D1BEE7044B1B78033B25
:10C74000022BD3D9C6E700BF32420020F9420020B5
:10C7500030B593B005460C46FFF77CFF20B90C4B73
:10C760001B78033B022B10D816F0C1F96A4601462C
:10C770002846FEF7A1FB00209DF802306070237070
:10C780009DF80030A37013B030BD1720FBE700BF49
:10C79000F9420020054B1878012805D000F0FD0073
:10C7A000A0F1310358425841704700BFF9420020C0
:10C7B00010B50822074904461DF039FAB0FA80F096
:10C7C0004FF6FF732289400940009A4208BF40F0AB
:10C7D000010010BD24D703002DE9F3410E460021CE
:10C7E000054619F0C9FE0023124FADF806002B8054
:10C7F0000DF1060019F0BBFE044610B102B0BDE811
:10C80000F08121460DF1060019F028FF8046FFF760
:10C810007DFA438AB34207D99B1B43822246414695
:10C82000284619F0AFFEE3E743895B07E0D53B8874
:10C83000F3E700BF684D002008B50A48FFF768FD20
:10C8400009484FF47A71FFF7C7FF074819F08FFEC8
:10C8500030B9BDE808404FF47A710248FFF7BCBC1C
:10C8600008BD00BFC04A0020784D002030B5044606
:10C870000D4685B002B9084A1068516801AB03C380
:10C8800001AB03CB20602046ADF80C501B886160E3
:10C89000238105B030BD00BF18D503001FB5014688
:10C8A000002201A8FFF7E2FF064801A91AF059F992
:10C8B00020B1FFF72BFA4089C0F3400005B05DF8C6
:10C8C00004FB00BF784D002030B585B00D46002236
:10C8D000014601A8FFF7CAFF084801A91AF041F96B
:10C8E00050B1FFF713FA04460146082228461DF00E
:10C8F000AEF96089C0F3400005B030BD784D00202E
:10C9000010B5044C204619F097FE6388181A80B2BF
:10C9100010BD00BF784D0020F8B50546F8B10021E4
:10C920000F4819F029FE0446A8B10D4F2046FFF725
:10C93000EDF90646FFF73CFF830705D40822294698
:10C9400030461DF074F938B12146384619F06AFEB8
:10C9500004460028EAD10024201E18BF0120F8BD9B
:10C96000784D002010B50C46014606481AF0F9F83B
:10C9700030B1FFF7CBF943891C4214BF01200020DE
:10C9800010BD00BF784D00201FB51446024601A817
:10C99000FFF76CFF074801A91AF0E3F840B134B182
:10C9A000FFF7B4F91422014620461DF050F901208A
:10C9B00004B010BD784D00201FB50146002201A82B
:10C9C000FFF754FF094801A91AF0CBF858B1FFF757
:10C9D0009DF94389024613F0020004D0507B80F099
:10C9E0000800C0F3C00005B05DF804FB784D0020DE
:10C9F000014601481AF0DAB8784D0020F8B504462F
:10CA00000E4614200021FFF747FA0546204619F08C
:10CA100013FE6388834225D925B3314620461AF098
:10CA2000C5F808BB2846FFF771F907460A223146C8
:10CA30001DF00DF9082206F10A0107F10A001DF0A8
:10CA400006F90A4B1B887B82238823B94FF47A713D
:10CA50000748FFF7C1FB20460022294619F092FD46
:10CA60000020F8BD1C20FCE72E20FAE7684D0020CE
:10CA7000C04A002010B5044686B0B0B1FFF798FE5A
:10CA800010F0020011D1CDF80E006168CDF812004F
:10CA9000ADF81600206801AB03C32289044801A940
:10CAA0001A80FFF7ABFF06B010BD2120FBE700BFE7
:10CAB000784D0020F8B50D4616461F46044648B38B
:10CAC000FFF776FE30BB2046FFF792FFE0B121462C
:10CAD00011481AF046F8FFF719F9438905734673B0
:10CAE000877343F0020321894381204601F086FCCD
:10CAF000FF28044606D001F087FB18B10022074B3F
:10CB000043F82420002004E02046FFF7B3FF00286C
:10CB1000DDD0F8BD2120FCE7784D0020B0220020B8
:10CB2000F7B59DF824400D4601949DF82040064637
:10CB300000941F460EF070F94FF6FF7188420446CC
:10CB400010D0BB0711D4284601F0D6F920460DF0CD
:10CB500077FCFF281FBF084A32F8103023F48043C7
:10CB600022F81030204603B0F0BD02462946304678
:10CB70001AF023F8EAE700BFE03F002073B50E4645
:10CB80000146144819F0EDFF0546D8B1FFF7BEF88D
:10CB900043890446334012D09B0736B20BD5002E92
:10CBA00009DAA17B437B0289007B0191012100917D
:10CBB0002146FFF7B5FF638923EA06036381628993
:10CBC00012B1012002B070BD2946024819F065FD7E
:10CBD000F7E700BF784D00200148FEF7BDBE00BF5B
:10CBE000784D00201FB50C460B4A014601A8FFF7FF
:10CBF0003DFE01A8FFF7FCFE60B101A9074819F04E
:10CC0000B0FFFFF783F80368236043680020636088
:10CC100004B010BD2D20FBE724D70300784D002081
:10CC200010B5FEF755FE15F0F0F91020FFF762FC85
:10CC300004060DD50020FFF75DFC000608D5274B44
:10CC40001A6A12F0020F12D140F61544204610BDA8
:10CC50001020FFF74FFC01060CD40020FFF74AFC20
:10CC6000020607D51D4B1A6A12F0010FEBE7DB69CC
:10CC70009B07E9D51A4817F044FC012019F0B3FBD3
:10CC8000ECF72EF904460028E0D100F073F91548BE
:10CC900019F06CFE00F010FAEBF7BEFC15F0B2F9DB
:10CCA0000BF0D8F80BF02AF9F0F74CFBF0F700FC8A
:10CCB000F0F71AFC05F0BCF815F0C9FF15F0CAFF33
:10CCC00012F0BCFB08480DF067F808F063FA16F0A4
:10CCD000FFFC0028BAD016F0FDFCB7E70080E00F9B
:10CCE000690345EC443100209DC8010010B51AF0DD
:10CCF0004FF970B301F0C4FE80F00104E4B20020EB
:10CD0000FEF718F844EA800424B21AF02FF910BB99
:10CD100002200443164819F04FFE44EA4014154817
:10CD200019F04AFE24B244EA0014134819F044FEF4
:10CD300024B244EA8014114819F03EFE24B244EAB9
:10CD400040240F4819F038FE24B244EAC02080B2D3
:10CD500010BD0124D3E70B4819F009FC0028D7D0F7
:10CD6000094819F004FC80F00100C0B24000D0E78F
:10CD7000204B0020044C0020E84C0020844B002075
:10CD8000E44B002070400020A040002008B501F0D6
:10CD90003BFC0EF00FFEFDF79DFB154819F0E7FB7D
:10CDA00008B906F069FD134819F0E1FB08B908F06D
:10CDB000DBF903F0FBFF0DF0A7F90F4819F00DFEAA
:10CDC0000E4B1B78043B022B09D80D4819F0F4FDDB
:10CDD00028B1FFF78BFF102801D109F08FFD15F066
:10CDE0003EFF19F0F7FEBDE808400648FEF7F6BD25
:10CDF00070400020A040002044310020FA42002072
:10CE0000044C002040D7030008B51AF0C1F820B93F
:10CE100040F291110348EBF7EBFEBDE808401AF031
:10CE2000BEB800BF2ED70300F8B54FF6FF77104B02
:10CE300006461B780C46033B012B0F8009D8304671
:10CE40000BF0C0F84FF6FF73984220800ED0002000
:10CE50000DE00DF0A3FAB84205462080F7D1304628
:10CE600000F014FFA8422080F1D1E8E72D20F8BDA2
:10CE7000FA4200204FF6F77370B5984204460D460B
:10CE800086B05AD819F0A8FEA04207D108222C4932
:10CE900028461CF0DCFE002006B070BD294EB6F816
:10CEA000E430A3420AD10022082106F1E60019F07D
:10CEB000D6FD18B9082206F1E601E9E7ACB1224B2C
:10CEC0001B78033B012B1AD8002301221946204668
:10CED00000930AF021FFFF2823D1294620460BF0BA
:10CEE000C5F880F00100C0B2D6E7184B1B689B075D
:10CEF000E5D4284608F0F4FD0028E0D0CBE7204632
:10CF000001F014FAFF2806D129462046FFF76AFEF1
:10CF10000028D9D1BFE7294601F02AFA0028F3D02A
:10CF2000B9E702A91BF02EFB0028D6D1DDF80D30A1
:10CF30002B60DDF811306B60ADE70120ACE700BF7E
:10CF40007543002000300020FA420020542C0020BD
:10CF5000014B1878704700BF32420020014B187017
:10CF6000704700BF32420020014B1878704700BF65
:10CF70009D4D002010B50649064C082320467F220F
:10CF8000098815F09FF8204619F060FE10BD00BF1B
:10CF900036AF0300754300200048704775430020FA
:10CFA000082208B503491CF042FEB0FA80F040099F
:10CFB00008BD00BF75430020F0B51F4601F4404393
:10CFC000B3F5004F05460C4616468BB01DD019F040
:10CFD00003FE104B00220692BDF85020ADF826004B
:10CFE0000592BDF84C20214604929DF84820284621
:10CFF0000392119A0292BDF84020CDE900323B46DF
:10D0000032461BF07BFE0BB0F0BD19F0E5FD0DF1D3
:10D010002603DFE775430020014B1870704700BFFF
:10D02000ED420020074B44F6FF701A7840F6FF737C
:10D03000012A18BF1846044B1B780BB140F400407E
:10D04000704700BFFA420020ED420020F7B50D46C0
:10D05000044616461F460021284602F0B1FA0B4B43
:10D06000002183F8D5402A463346204600970FF02A
:10D07000D5FA014630B10222204603B0BDE8F040A7
:10D0800000F006B8012003B0F0BD00BF0030002062
:10D0900013B513460C461AB1022A0CBF13460123DE
:10D0A0000021044A019100922246FDF7ABFF02B035
:10D0B00010BD00BF9B70030000B5002093B0FDF7CA
:10D0C00013FF1C4B18880CF06DFE1B4900200FF05D
:10D0D00041FC3422002168461CF0D3FD0B238DF85F
:10D0E00000306FF4803301934FF6FE73ADF81030CB
:10D0F000124B134A0793134B10680893124B516855
:10D100000993124B6A460D93114B0E93114B0F93DB
:10D11000114B1093114B119302AB03C3002108462E
:10D12000FEF7DEF96A4601210020FEF7D9F913B0B7
:10D130005DF804FB624D002040B1030000030001D4
:10D1400075430020ADD801001B6E030009150200D5
:10D1500055DA01008D2C02009B700300DD0E0200E9
:10D1600073B5164B0C4600934FF400430146ADF8DF
:10D17000043008BB01200FF0EDFB28B103E0AE4204
:10D1800000F1010003D1212002B070BD002002AEE9
:10D19000C2B206EB420232F8086C32F9082C002ABF
:10D1A000EDDA013331F9132031F81350002AE1DBB5
:10D1B000DAB29442EAD8DDE70023F3E79900890068
:10D1C000014B1878704700BF7D430020014B187059
:10D1D000704700BF7D430020014B1888704700BF97
:10D1E0007C4D0020014B1880704700BF7C4D002013
:10D1F0002DE9F84F804608460F4616F0F4FADFF89E
:10D2000034910546D9F8003043B9484B1B682BB917
:10D21000474B1B6813B9FF20BDE8F88F15F4406A2F
:10D2200005F0400610D13EBBB5F5804F53D24FF408
:10D2300080740023002B58D180253C4A1268002AB4
:10D2400069D0002108465FE0F81C16F0CCFA4FF6D2
:10D25000FF73984214BF0124022486B1052605F409
:10D260004043B3F5004F44F0080424D0B5F5804F97
:10D2700023D244F4807420E054460326EFE7B5F54A
:10D28000804F4FF00506F4D3BAF5406F14BF02206B
:10D2900008203044384416F0A6FA834619F0B9FC49
:10D2A00005F4404558450CBF44F0080444F004041C
:10D2B000B5F5004F01D144F08004BAF5006F0ED1EE
:10D2C000B81916F090FA054619F086FCA842B0D1BC
:10D2D00044F01004ADE7544603260220D9E7BAF51E
:10D2E000406F08BF44F02004A3E7012B05BF104A9C
:10D2F00040251025126818BFD9F800209FE7A742E3
:10D3000001F101010BD0C8B2CEB232F8167032F979
:10D310001660002EF3DA0133032B8BD17BE7B8F1D3
:10D32000000F3FF479AF88F8005075E754310020C2
:10D3300058310020B0310020034B1A78022A04BF74
:10D3400009221A70704700BF81430020044B1888DF
:10D35000044B1978044B1B6803B1184715F04FBCF8
:10D36000724000207F43002068310020002208B571
:10D3700010461A2102F0F8FB0022014B1A6008BD8A
:10D380006431002070B5114E05463378042B05D169
:10D390000F4C207801F08CFF0023237035B93078D2
:10D3A0000022BDE870401A2102F0DEBB094B1C7858
:10D3B000E1B21A29F3D825FA04F3DB0703D5442296
:10D3C000307802F0D1FB0134F2E700BF8143002046
:10D3D0007E430020DF4D0020F0B50C8805460E4648
:10D3E0008BB0E4B94FF6FF77ADF8247012F0FCF87B
:10D3F00010B902200BB0F0BDCDE90340CDE90544E2
:10D40000134A0294B2F8D830DC32019300923B46C2
:10D410004CF60101FF2009AA1BF070FC3080284661
:10D4200019F00CFE0B4C70B1237863B1013BDBB2F9
:10D430002846237019F002FE38B12078B0FA80F047
:10D440004009C0B2D6E70523F2E70120F9E700BFA3
:10D4500000300020DE4D0020034B11461B6803B155
:10D46000184715F0C4BB00BF64310020F8B50D4B60
:10D4700005461B78012B13D100244FF6FF770A4E87
:10D480003088FEF743FC2B88025B9A4203D1308838
:10D49000FEF73CFC07530234202CF1D10120F8BDEB
:10D4A0000020FCE780430020744000202DE9F04775
:10D4B000174B80461B781546012B26D100246FF0B0
:10D4C0007F092746134E3088FEF720FC00EB44000E
:10D4D00090F901304FEA440A4B4506DD3088FEF7EB
:10D4E00015FC504490F90190E7B20134102CEAD1B8
:10D4F0004D450ADA3088FEF709FC00F817803088BD
:10D50000FEF704FC7C0020444570BDE8F08700BFB6
:10D5100080430020744000200148FEF71DBA00BF80
:10D52000744000202DE9F04705460E4690460FF066
:10D53000CFFC044638BB01462020FEF7ADFC134F5C
:10D54000388000B30122124BA1461A70114BC3F868
:10D5500000804FF07F083888FEF7D8FB00F8049071
:10D560003888FEF7D3FB20440234202C80F8018059
:10D57000F1D1094B31461D602846BDE8F047074B05
:10D58000074A0FF0B5BC0120BDE8F08774400020C9
:10D5900080430020683100205C31002059D6010012
:10D5A000ADD40100F0B585B004460D4617461E46C1
:10D5B0000FF08EFC90B90A4B1F600127094B1F70BA
:10D5C00019F076FA084A0346009229462046CDE92A
:10D5D0000167064A0FF0C0FC05B0F0BD4D20FBE727
:10D5E0006031002081430020ADD801007770030036
:10D5F0002DE9F041144F00253C784FF6FD781F2CA3
:10D6000091BF0024C4F341141C34E406202D0CD136
:10D6100001203B78032103F01F03984020430B4B6C
:10D620000B4ABDE8F041FFF7BDBF15F09EFA431E5F
:10D630009BB243450646F8D8064B1888FEF766FBB2
:10D6400046530235E2E700BF7F43002009D70100BF
:10D650006DD4010074400020F8B5284D02262888BA
:10D66000FEF754FB90F901402888FEF74FFB304449
:10D6700090F90130A34205DA2888FEF747FB3044D1
:10D6800090F901400236202EEED10027662CDABF39
:10D69000193466B27F263C462888FEF737FB3844AB
:10D6A00090F901300237B342BCBF0134E4B2202FFD
:10D6B000F2D114B9124B1C70F8BD15F056FAB0FB3C
:10D6C000F4F3002703FB1400C4B22888FEF71EFB06
:10D6D000384490F90130B3420CDA4CB92888FEF78F
:10D6E00015FB084BC25D1A70BDE8F840FFF780BF1C
:10D6F000013CE4B20237202FE7D1F5E77440002067
:10D70000804300207F43002070B5154B1B78012B10
:10D710001ED100244FF6FF76124D2888FEF7F6FA48
:10D72000035BB34215D02888FEF7F0FA035B83B1A0
:10D730002888FEF7EBFA0C4B025B0C481A8001219B
:10D740000B4B0C4A0068FFF72DFF00220A4B1A60B2
:10D7500070BD0234202CE0D1BDE87040FFF748BF17
:10D760008043002074400020724000205C31002083
:10D770004DD3010027700300603100207FB50546BE
:10D780000C4616460FF0A4FB00286ED1062D03D8D8
:10D790005223EB40DB071AD4B4F1006F05D3E30E3C
:10D7A0001C3B032B18D94F2031E00022314B1A606B
:10D7B000314B1D7019F07CF903460A2D57D8DFE86C
:10D7C00005F0301B414C1B281B565644390002F013
:10D7D000EFFDB4F1006FE2D20021264B042D196059
:10D7E000254B1D70E6D12548FEF760FF022001F0B1
:10D7F0005FFD19F05DF9034601220292204A019271
:10D80000204A0092204A314620460FF0A5FB04B082
:10D8100070BD314620461D4A04B0BDE870400FF08F
:10D8200083BB314620461A4B1A4A04B0BDE870400B
:10D830000FF05EBB00220292174A0192114A009239
:10D84000164AE0E702220C4B1A70002210461449D7
:10D8500004B0BDE87040FDF793BB00220292114A6C
:10D860000192084A0092104ACDE74D20CFE70120EF
:10D87000CDE700BF64310020814300207E430020BB
:10D8800085D30100ADD801007770030095850200B3
:10D890006DD3010059D4010039700300D9D30100C0
:10D8A00039D301002F7003002B700300F0B585B051
:10D8B000ADF8060018B975216448EBF799F9BDF881
:10D8C00006001BF0FAFA0446BDF806001BF0F5FA54
:10D8D000082846D00C2CBDF8060042D11BF0F0FB06
:10D8E000074615F080FF0DF10F010646BDF8060052
:10D8F0001BF018FE002879D0092200213846FDF7D8
:10D90000B9FA9DF80F301033C518BDF80600FEF7C0
:10D9100019FAEDB2854269D22946BDF80600FEF734
:10D9200019FC06F44C4416F44066054614D0F81C65
:10D9300015F059FF4FF6FF73984208BF44F04004BA
:10D94000B6F5006F08D1781D15F04DFF4FF6FF7347
:10D95000984208BF44F010049DF80F305BB3072DC8
:10D9600044D1BDF806001BF09EFA0446BDF806003F
:10D970001BF0A3FA082817D0A30615D524F0200120
:10D9800089B2BDF806001BF079FABDF806001BF05D
:10D9900097FB00210922FDF76DFA00F11001C9B2D1
:10D9A0000DF1060018F005FF0022BDF8061028480A
:10D9B00018F0E8FD1AE0082D16D8BDB1013D072D7D
:10D9C00014D801A353F825F025DA010031DA01005B
:10D9D000EDD90100F1D90100EDD901003DDA0100D6
:10D9E00063D9010043DA01007C2D24D005B0F0BDDD
:10D9F00024F48844A4B2B4F5084FF7D1BDF806006A
:10DA00001BF056FABDF806100CF06CFA0028A8D0EE
:10DA1000BDF806001BF0B7FA00220146022015F0FF
:10DA20006CF8E3E724F48064A4B2B4F5484F97E7B8
:10DA3000B4F54C4F94E7B4F54C4F92D04CF65003EC
:10DA400001E04CF640439C428AE700BF9CD70300AC
:10DA5000704000202DE9F0410F4690460646FEF743
:10DA600055F904463046FEF76DF9C5B2083D2C4421
:10DA7000E178084BA2781970074B31461A700020E4
:10DA800043463A4614F027FE003818BF0120BDE88F
:10DA9000F08100BF9E4300209D43002037B514460F
:10DAA00000221D4618F051FD024648B10021054BE9
:10DAB0000846CDE90053234618F0F4FC03B030BD0E
:10DAC0001920FBE79B700300002270B50A4B1C78FD
:10DAD0000A4BD5B2AC4202D800200C7008E01E8878
:10DAE0000132864205D30D701B881B1A58425841DB
:10DAF00070BD1233EDE700BFF3420020C03C0020B0
:10DB00002DE9F04FDFF84081DFF8409198F80020D0
:10DB100099F8003006469A4285B004D34FF48A71D2
:10DB20004248EBF765F830460DF10F01FFF7CCFFE7
:10DB300020B140F217113D48EBF75AF898F8007001
:10DB40009DF80F403D1B15F0FF0530D04FF0FF3C16
:10DB5000374B01211B78A140184699F800304FF649
:10DB6000FF790CFA03FC0023324A01F1FF3E0193D6
:10DB7000C1F1000A9DF80430984243D8122004FBFA
:10DB800000002D4BA0F1120105EBC5025200194413
:10DB900004F1010918441CF05AF84FEA8909274892
:10DBA000A9F104010144AA0048441CF050F822499C
:10DBB00004EBC40201EB420321F81260204A013752
:10DBC00012784FF6FF71DA731A745A7412025A807F
:10DBD0001C4A0D2012781A7110225A7100229A7371
:10DBE000C3F80620C3F80A20144B43F8242088F811
:10DBF000007014F082FF0EB909F054F9204605B008
:10DC0000BDE8F08F13884B450AD053680AEA030B2E
:10DC100003EA0E030B4403EB4B0343EA0C0353608C
:10DC2000019B083201330193A4E700BFAFD7030083
:10DC3000B64D00209C230020C03C0020B0220020D4
:10DC40009E43002082430020F3420020B44D002078
:10DC50002DE9F041074600250A4B0B4E93F8008052
:10DC6000ECB2A04503D8FF242046BDE8F08108228D
:10DC70003846B11D1BF0DBFF01350028F4D0123609
:10DC8000EEE700BFF3420020C03C002008B5FFF7DC
:10DC9000DFFFFF281DBF00B2044B00EBC0004FF6B2
:10DCA000FF7018BF33F8100008BD00BFC03C002053
:10DCB00008B5044BB3F8E40019F012FA024B53F81C
:10DCC000200008BD00300020B022002007B50DF173
:10DCD0000701FFF7F9FE30B19DF80730034803EB69
:10DCE000C30300EB430003B05DF804FBC03C00201D
:10DCF0002DE9F843294E044633785D1E2D1A8342E0
:10DD0000EDB204D840F23F112548EAF771FF012334
:10DD1000A3404FF0FF305F1E3B4400214FF6FF7ED3
:10DD20006FEA03081F4A92F800C01F4A1278904019
:10DD30001E4ACBB29C4523D8BDB127B204EBC40424
:10DD40001B48640005EBC50204F1120101445200B6
:10DD500020441BF07CFFBF001648AA00391D014477
:10DD600002F0FC0238441BF072FF33780022013BC2
:10DD700033704FF6FF71BDE8F8430E2014F0BDBEBE
:10DD80001388734507D0536808EA03093B4003EB47
:10DD900059030343536008320131CAE7F3420020BC
:10DDA000AFD70300B64D0020B44D00209C230020C7
:10DDB000C03C0020B022002010B50A4C207858B991
:10DDC000094B1B781A2B03D994210848EAF710FF56
:10DDD0000322074B1A7010BD0138C0B2FFF788FF4D
:10DDE000ECE700BFF3420020B44D0020AFD70300A2
:10DDF000EF4200202DE9F047054619F071F9FF28A0
:10DE0000044624D1DFF884901E4B99F800201B783B
:10DE10009A422BD22846BDE8F047FFF771BE3888FA
:10DE20003B79504518D86F2B4FEA131214D85B0773
:10DE300010D0123708F1010899F800105FFA88F63F
:10DE4000B142ECD80023104ADEB28E4214D32046F1
:10DE5000BDE8F087022AECD90DF0E8FC0028E8D1F3
:10DE600029463046BDE8F04719F047B94FF00008A1
:10DE70004FF6F77A044FDFE7107901338F28EFD898
:10DE80001232E1E7B44D0020C03C0020F3420020F4
:10DE90004FF6F773984210B514D8FFF7ABFFFF2881
:10DEA00010D0134C00B200EBC00004EB400414F09F
:10DEB00081FB104938B962880B7802EB0313A3EB9E
:10DEC0001213638010BD227C637C09789A42E2734E
:10DED0002374617407D98B4203D213468B4228BF47
:10DEE0000B461B02EDE78A42F8D31346F9E700BF61
:10DEF000C03C00209E4300202DE9F04106460F461D
:10DF000000240E4DDFF8388098F80030A34201D885
:10DF1000BDE8F0810822294630461BF088FE40B952
:10DF200035F8063CBB4204D02046FFF7E1FE013C39
:10DF3000E4B20134E4B21235E6E700BFC63C00208B
:10DF4000F3420020F8B5054608460E46FFF780FE6E
:10DF5000FF2830D01D4B294653F820703046FFF77C
:10DF6000CBFF2846FFF746FFFF28044625D10CF0DB
:10DF700089FBFF280AD1164C207838B114F0F5FD42
:10DF80002378B0FBF3F202FB1300C0B2294619F06C
:10DF9000B4F8044623B20F4D03EBC30305EB43056E
:10DFA00008223146A81D1BF052FE2B79204603F0B3
:10DFB0000F032B71F8BD0027D3E7074B1B78002B0D
:10DFC00018BF0027014B43F82070E3E7B022002080
:10DFD000B44D0020C03C0020E04D00200A2330B5A5
:10DFE00085B01A46054601A90120FEF70BFA4FF647
:10DFF000FF73BDF80C209A4202D1012005B030BD5C
:10E000000822FF2101A818F02AFD04460028F4D1B7
:10E01000BDF80C0001A9FFF795FF024B43F8205013
:10E020002046EBE7B022002038B50B4B04461B78A6
:10E030000D46834204D840F25B210848EAF7D8FD38
:10E04000074804EBC40400EB44002946BDE838400F
:10E05000082206301BF0FBBDB44D0020AFD70300F3
:10E06000C03C002070B5044608460E4619F038F84A
:10E07000FF28054610D02046FFF7EAFDFF2807D00D
:10E08000084B1B7823B9084B53F8202043F8252070
:10E0900021462846FFF7C8FF31462046BDE87040BC
:10E0A000FFF72ABFE04D0020B02200202DE9F84301
:10E0B0000026804601273446114DDFF84C9099F830
:10E0C0000030A34210D83E430134E4B21A2C4FEA88
:10E0D000470705F11205F2D14FF0FF30094B1B78CD
:10E0E00098403043BDE8F8832B884345EBD0284661
:10E0F00019F05BF80328E6D82B796F2BE3D8E3E718
:10E10000C03C0020B44D0020F342002010B5084C64
:10E1100000EBC00004EB400423795B0707D12046E5
:10E1200019F043F8237923F007031843207110BD39
:10E13000C03C0020044B1B78033B012B86BF034BE4
:10E1400018780020704700BFFA420020F3420020F8
:10E1500038B5144B0C461B78834220D9124B1B78E0
:10E16000033B012B1BD9114B00EBC00003EB400517
:10E1700033F8103028460B806B881B0A8B7019F01F
:10E1800014F8E0702B79A91D03F007021B09227116
:10E1900063710822A01D1BF05AFD002038BD01202C
:10E1A000FCE700BFF3420020FA420020C03C002000
:10E1B000072805D8C30703D5024B18700020704705
:10E1C00021207047E14D0020014B1878704700BFB7
:10E1D000E14D002018B1072805D8C30703D5034B2C
:10E1E0001870002070472120704700BF8243002034
:10E1F000014B1878704700BF82430020014B187014
:10E20000704700BFE04D0020014B1878704700BFF9
:10E21000E04D002070B51A48FEF77AF8194B1B78CC
:10E22000033B012B28D805F0EDFC03F083FCBDE88F
:10E2300070404FF47A511248FDF7CEBF23798F2BEF
:10E240004FEA131111D80131204618F0DEFF0629DC
:10E2500001D8032909D12379002223F007034FF6BF
:10E26000FF710F20237114F048FC1234013532780D
:10E27000EBB29A42E2D8D6E70025034C034EF6E70C
:10E28000E04A0020FA420020C03C0020F342002077
:10E290000022084B1878084BD1B2884203F11203D0
:10E2A00000D8704713F80D1C013221F0100103F85B
:10E2B0000D1CF1E7F3420020C03C00202DE9F0479F
:10E2C00002261227DFF85C90DFF85C8099F80040A6
:10E2D00000250CE007FB05F338F803A000215046A9
:10E2E00018F078FF10B15CB1013CE4B2013599F847
:10E2F0000030EAB29342EDD8A34204D14FF6FF7A40
:10E300005046BDE8F08714F030FC99F80030012E3B
:10E31000A3EB040390FBF3F202FB1300C4B2EDD0B5
:10E320000126D5E7F3420020C03C002010B504468A
:10E3300018F0D6FEFF2808D120460CF081F8FF28FF
:10E340001FBF024B1B78C018C0B210BDB44D0020D7
:10E35000044B00211A78044B04481B781A4492009D
:10E360001BF08FBCB44D0020BB4D0020B02200201C
:10E3700010B5134B0C461B7886B0834212D9114955
:10E3800000EBC00001EB40010822204606311BF0E3
:10E390005EFC00220821204618F061FB80F001009D
:10E3A000C0B206E0C01A01A9C0B20CF09FFC10B1C7
:10E3B000002006B010BD01AB03CB20606160E8E730
:10E3C000B44D0020C03C002008B5074B024653F86E
:10E3D00020308B4206D915204FF6FF7114F08DFBCB
:10E3E000002008BD0120FCE7B0220020024B0131D3
:10E3F00043F82010704700BFB02200202DE9F347FA
:10E4000081460C4600272A4EDFF8ACA09AF800306F
:10E41000FDB2AB4210D8694620461AF0F6F9C0B3F7
:10E420000822694648461BF002FC90B34946204644
:10E4300019F0EFF9FE2537E006F1060808224146FB
:10E4400048461BF0F4FB90B94FF6FF739C422BD06B
:10E450003388A34228D020460BF0F2FFFF2814D1C6
:10E460004946204602B0BDE8F047FFF76BBD14B93E
:10E4700012360137CAE73388A342F9D100220821B6
:10E48000404618F0ECFA0028F2D12846FFF730FC9D
:10E49000CCE7494600200BF0A3FFFF28054603D038
:10E4A000044B1B780344DDB2284602B0BDE8F08778
:10E4B000C03C0020B44D0020F342002008B5FFF717
:10E4C000E7FE054B1B78013B012B03D8BDE8084054
:10E4D0000CF0F8BB08BD00BFFA4200200F4B1B78C0
:10E4E00083420CD8C01A0E4AC0B232F81030D90498
:10E4F00011D443F4805322F8103001207047094BA7
:10E5000000EBC00003EB40035A79D10603D442F07C
:10E5100010025A71F1E70020704700BFB44D00208F
:10E52000E03F0020C03C002038B505460C46FFF710
:10E530008FFBFF280ED1294600200BF051FFFF284A
:10E540000CD0074B074A1B78034452F823300020B5
:10E55000236038BD034B53F82030F8E72D20F8E74F
:10E56000B44D0020B022002038B505460C46FFF718
:10E570006FFBFF280DD1294600200BF031FFFF284B
:10E580000BD0074B074A1B78034442F82340002076
:10E5900038BD044B43F82040F9E72D20F8E700BFD1
:10E5A000B44D0020B0220020F0B5134B06461B7876
:10E5B000FBB100251148DFF84CC090F800E010488E
:10E5C00007781F44E8B2864501D80020F0BD7C1BC7
:10E5D00094FBF3F003FB10440CEBC4003CF8344014
:10E5E000B44204D1002AF1D184788C42EED00135B6
:10E5F000E8E71846EAE700BFB64D0020402C0020AF
:10E60000F14200209C23002070B513F0E8FC142593
:10E610000F49104E0B78328830809B1A03449BB20E
:10E62000B3FBF5F405FB14330B700B49E2B20B7826
:10E63000934292BF00239B1ADBB2032A0B7088BF60
:10E64000002306499EBFD2000B68D3400B6070BD0B
:10E650008543002076400020F0420020402C00201E
:10E66000084B1868084BC2B21B789A4208D2074B75
:10E67000C0F307201B78984234BF00200120704768
:10E6800001207047402C0020B64D0020844300201C
:10E69000F8B505461746FFF7E3FF064610B9184BD5
:10E6A0001A783AB9212001224FF6FF7114F025FAA9
:10E6B0000020F8BD1348DFF854C003780133B3FBE2
:10E6C000F2F402FB143303700F48DCF8002000EB77
:10E6D000C30420F8335002F10132A1703846CCF85F
:10E6E0000020FFF7E3FCE670606018F075FAA842BE
:10E6F00001D10120DDE7E3780133E370F9E700BFE2
:10E70000B64D0020F14200209C230020402C002028
:10E7100010B50B4C0B4A2378063B137013F05FFCCB
:10E720000022094BFF211880084B09481A60227803
:10E73000D2001BF0A6FA0422064B1A7010BD00BFCF
:10E74000B64D00208443002076400020402C00205D
:10E750009C230020F042002004289FBF034B187028
:10E76000034B002094BF1970212070478343002081
:10E77000E24D002048B139B1044B1B780B70044BBB
:10E780001B780370012070470846704783430020C0
:10E79000E24D00202DE9F843074613F01CFC054626
:10E7A0001B4818F009F91B4B60B31C683C1B2C4438
:10E7B000A4B20022184BDFF868901B78174D03EBCA
:10E7C000830399F8006005EB43055FFA82F846453C
:10E7D0000AD9AB8805F10A00A34216D90A23B21A56
:10E7E00029465A431BF033FA013689F80060AC80A1
:10E7F000B8F1000F03D139460548FDF7EDFC284676
:10E80000BDE8F8833C461D60D3E705460132DCE7EE
:10E81000004B00206C31002087430020203C00206A
:10E82000884300202DE9F74F002413F0D4FBDFF8D4
:10E83000BC80A24698F800E0A3467246DFF8B0908C
:10E840001FFA80FC0746264EB9F800003178ACEB81
:10E8500000039BB2234D0093A0EB0C0001EB81035E
:10E8600005EB430301905FFA84FCF4451AD3BAF137
:10E87000000F00D03170724504D2002088F80020CB
:10E88000FCF724FB98F800303BB30A223378164893
:10E8900002FB0355A988C9F8007003B0BDE8F04F2A
:10E8A000FDF79ABCB3F804C00098844510D84FF027
:10E8B000010A93F802C001310CF1FF3C013AA3F8C0
:10E8C00004B083F802C0C9B2D2B20A330134CAE735
:10E8D00001988444A3F804C0F7E703B0BDE8F08FC3
:10E8E00087430020203C0020004B0020884300206C
:10E8F0006C31002030B51E4A1E4C137885B0013BA8
:10E90000DBB213702068616801AA03C22189204626
:10E910001180194A04F10A01127813440A225A4359
:10E920001BF095F99DF8064014F00F050FD1BDF8C6
:10E930000C000EF093FD24092A460CBF0121002192
:10E94000BDF8040005B0BDE8304003F007BEBDF8D7
:10E950000800FFF71FFF03468288ADF8082001AAD0
:10E9600003CA1288186059601A8105B030BD00BF13
:10E9700087430020203C002088430020F8B5002475
:10E98000084D094F094E3B783178E2B20B449A4268
:10E9900004F1010400DBF8BD2846FCF7DDFF0A3571
:10E9A000F1E700BF203C002088430020874300207F
:10E9B00070B5124B06460D46104611491A78114B98
:10E9C00009781B780B44934206DB1F204FF6FF713A
:10E9D00014F093F8002070BDFFF7DCFE01350680CF
:10E9E0008570044613F0F2FAE0800EF03DFD2081C0
:10E9F0000020FCF76BFA0120EDE700BFB34D0020CB
:10EA00008843002087430020844600230A222DE902
:10EA1000F047DFF86480DFF8649098F8007099F8A8
:10EA20000050134907EB050EDCB274451DDA02FBFA
:10EA300004F631F806A00133E24501EB0600F3D1FC
:10EA4000631CAEEB03030A365A4331441BF0FFF854
:10EA5000A5428BBF05F1FF3507F1FF3789F800505C
:10EA600088F800700CB9034B1C70BDE8F08700BF3C
:10EA7000203C00208643002088430020874300205C
:10EA8000044B054A1B781278D3420CBF01200020AA
:10EA9000704700BF8743002088430020024B18784E
:10EAA000003818BF0120704787430020002108B5B7
:10EAB000094B0A4819700A4B19700A4B19700A4B16
:10EAC0001A7802EB820252001BF0DBF8BDE8084026
:10EAD0000648FDF71DBC00BF88430020203C0020F5
:10EAE0008743002086430020B34D0020004B0020C8
:10EAF00010B50B4C23784BB10A4803F0BFFE58B158
:10EB0000084B0121188818F039FA08B9002010BD07
:10EB10000122054B1A70FAE7FFF7ECFEEAE700BFA7
:10EB200087430020203C00208643002010B50E4B78
:10EB30001B78B3B10D4C238883424FF0000310D1F2
:10EB40000B4A137049B9A3781033A37018F094FDE1
:10EB500018B9A37823F00F03A370FFF7CBFE0120B1
:10EB600010BD1846FCE700BF87430020203C002072
:10EB70008643002070B592B00C46064613F0B7FFEE
:10EB8000E17A05460020FBF701FE28B394F90A005C
:10EB900017F073FF10BB134BE27A294683F8D42099
:10EBA000A27A83F8D6206A46FCF786F94FF6FE7300
:10EBB0009E420CBF4FF6FF7323896A462946002008
:10EBC000ADF80660ADF80430FCF78AFC40B9228944
:10EBD000054B5A8012B070BD5520FBE75620F9E76F
:10EBE0002120F7E7003000207031002010B50446E6
:10EBF0000146082209481BF02AF8237B022B0AD879
:10EC0000002B14BF3122012205490B7017234B61E1
:10EC1000044B1A7010BD00230122F5E77431002067
:10EC200070310020F9420020014B5861704700BF4D
:10EC300070310020014B1878704700BF7031002000
:10EC400010B5054C2378112B03D0D6210348E9F7E2
:10EC5000CFFF4123237010BDF9420020BAD7030033
:10EC6000064B01461B78042B04D1054A137E05335D
:10EC7000137670470348FDF7AFBA00BFFA42002091
:10EC800070310020204B002008B50648FCF764FED8
:10EC90000548FCF761FE0FF00FF8BDE8084001F0F1
:10ECA000A3BB00BF70400020A0400020064B187896
:10ECB000332806D000F0EF00A0F14303584258413A
:10ECC00070470120704700BFF9420020002208B5BC
:10ECD000074B4FF6FE701A7017F08AFF4FF6FF7061
:10ECE00017F0A3FF034B5869BDE8084013F093BF2A
:10ECF000F942002070310020014B1878704700BFA6
:10ED0000EE42002008B5064B187838B10548FDF7EB
:10ED10004FFA4FF47A73B0FBF3F0C0B208BD00BFF6
:10ED2000EE420020002C0020014B187C704700BFF1
:10ED3000703100202DE9F0438BB007461546984608
:10ED40000E469DF8489049B9104605AC0BF078FB8B
:10ED500021460BF0CBFF172818BF2646B9F1000F4C
:10ED60000AD1124B1B781BB9284619F073FDD0B994
:10ED70002846FDF721FE02E0284619F06BFD80F0E1
:10ED80000104E4B29DF850302A4602939DF84C30BD
:10ED90003146CDE9009338464346039418F07CFA97
:10EDA0000BB0BDE8F0834C46ECE700BFF542002015
:10EDB0002DE9F04F97B099469DF88830BDF880B0A6
:10EDC000219D08939DF88C300E4658460FA9049259
:10EDD00007931AF043FA05B3002800F0208195F854
:10EDE00001A00FACCAF3400A8E4B19F0800F1B78BC
:10EDF00014BF4F4649F08007022B17D04FF6FF781B
:10EE0000002D40F08781022558461AF051F82B4614
:10EE10004246214617F0B0FFBCE058461AF0C9F848
:10EE20000446002800F0FB80AA46DDE71EB97E4BB1
:10EE30001B78002BE2D00DF13A012046FDF7F4FFDC
:10EE400058461AF0C9F8012838BF0120C3B205930B
:10EE500095B3281D14F0C7FC804609F00203204634
:10EE6000069317F094FE21460990814600200BF08E
:10EE7000B7FA069A099B12BBFF2820D1EEF71AFABF
:10EE80006A4A1278824200F032814FF6FF72099B83
:10EE9000934214D1FDF734FD002800F028814FF68D
:10EEA000F773984523D918F084FC11A98146FDF722
:10EEB000E1FF0028F7D02EE0BDF83A80CDE74FF60D
:10EEC000F772904520D8934211D898450FD0194633
:10EED00022460AA8FDF7CAFC0A980B9913AB03C394
:10EEE000BDF83020022113A81A80FDF747FE4046E6
:10EEF00011A9FDF7BFFF024628B9082111A817F094
:10EF0000AEFD002866D0C1464FF6F67209F1FF3318
:10EF10009BB29342C7D8BAF1000F03D1444B1B7880
:10EF2000002B60D1584619F0C3FF059B4A46019358
:10EF30000123214600933B46FDF7F2FD4FF6FF7398
:10EF40009842804600F0D380014600220AA8FDF7CF
:10EF50008DFC0A980B9913AB03C3BDF83020022136
:10EF600013A81A80FDF70AFE002D3FF44DAF002EC6
:10EF700040F0D28045460123C7F3C0074246CDE9A1
:10EF8000016321462B4604980397CDF800A018F0A2
:10EF900083F9A846BAF1000F0FD04FF6FF739845DA
:10EFA0000BD040460BF04CFAFF281FBF214A32F825
:10EFB000103023F4804322F81030089B7BB317F005
:10EFC0000BFE249B014600934246234607980DF012
:10EFD0003FF824E00822204611A91AF028FE002854
:10EFE0007FF461AF8FE7002D64D0134B1B68980747
:10EFF00027D5049B0F2B21D0281D14F0F4FB0223EE
:10F000000121CDE901310023C7F3C0070246009377
:10F0100021464FF6FF730498039718F03DF917B097
:10F02000BDE8F08FF9420020EE420020F2420020BD
:10F03000F5420020E03F0020542C0020079B012BCC
:10F04000DAD1281D14F0CFFB80460BF0F9F90990B6
:10F05000404618F045F84FF6FF71BDF83A208A4255
:10F0600056D04245099B53D1FF2B4AD0184619F080
:10F070003AFC784010F0EF0F14BF01230023BDF8D5
:10F080003A0009930BF0DCF90690BDF83A0018F04D
:10F0900027F8099B66B14FF6FF7CBDF83A10614531
:10F0A00006D0414504D0069A0240D2B2FF2AA3D12D
:10F0B000002BA1D1224649460AA8FDF7D7FB0A98A2
:10F0C0000B9913AB03C3BDF8302058461A8019F0D2
:10F0D000EFFE3A460146059B13A8FDF7EBFC30B95D
:10F0E0004FF6FF73BDF8548098457FF43DAF4FF65F
:10F0F000FF789DB10126281D14F075FB454680461A
:10F1000039E7FF2804D0069BB3FA83F35B09B6E71F
:10F110000023B4E70226EEE70026ECE7012573E6BC
:10F120000022014B1A7670477031002008B50B4B56
:10F130001B78022B10D10A4B1B78033B012B0BD9F8
:10F14000084B187800F00100FDF766FF0023064A1F
:10F15000C2E90133538008BD0020F3E7F9420020E3
:10F16000FA420020EE4200207031002038B5174DE1
:10F170002B78033B012B1CD8154BB3F8E4204FF63A
:10F18000FF739A4215D10320FDF710FA02F0C4FC78
:10F19000FFF7CCFF2B78033B012B01D909F000FAD4
:10F1A0000020FBF7AFFA78B1BDE83840002017F037
:10F1B00094B9FDF7E5F90446FDF7DCF90146204670
:10F1C00008F05CFC0220DFE738BD00BFFA420020F7
:10F1D0000030002008B5114A114B58611378032BF9
:10F1E0001BD0D3B1332B01D0432B10D10D4B1B7847
:10F1F000033B012B05D803231370BDE8084013F02F
:10F200000ABD13F008FDBDE80840FFF7AFBF21239A
:10F210001370BDE8084002F077BA08BDF94200203B
:10F2200070310020FA42002038B504461348FDF73B
:10F230006FF8134B1B78013B012B1DD8114D5CB9A6
:10F240002B7823B140F619402C7013F0E4FC002415
:10F25000FFF76CFF204638BDFF2C05D04FF47A71C4
:10F2600006486143FCF7B8FF2B78002BEFD1012350
:10F2700040F618402B70E8E70224E9E7002C002054
:10F28000FA420020EE42002038B504460D46FDF754
:10F29000D9F928B13DB1204618F057F9002038BD02
:10F2A000024B1C70FAE70220F9E700BF8B430020F5
:10F2B00038B5114D04462B78834218BF28700FF0E3
:10F2C00085FD80B124B920460FF07AFD02220DE0C1
:10F2D00001200FF075FD2B781A1F012A05D9062B86
:10F2E000F4D1032202E0002CF5D10122BDE8384020
:10F2F0000021084617F0D9BEFA42002030B5044676
:10F3000085B068460D4617F0B1FF94B1002128463C
:10F31000144A18F00BF9144B20681B7861688DF8BB
:10F320000430124B1B788DF8053002AB03C306F096
:10F33000ADFB0F4B93F8D42093F8D6308DF8032013
:10F340008DF8023017F065FCADF8000017F044FCB2
:10F350001023ADF80600072269460020FDF752F899
:10F3600005B030BD00F8FF0732420020FA4200200D
:10F370000030002010B5144B04461A78134B0020BF
:10F3800083F8D420FBF7BEF910B1002017F0A5F8E0
:10F3900000210846FFF7B2FF0D4B1B78033B012B02
:10F3A0000ED80EF06BFC2046FCF7D4F840F6174060
:10F3B00013F031FC0023074A1380074A138010BD65
:10F3C0000BF00CFEEFE700BF894300200030002067
:10F3D000FA4200202C4000202A40002010B50146AF
:10F3E00004460020FBF7D2F990B10C4B1B78023B8E
:10F3F000032B0FD80A4B1C700DF06AFD60B9094A47
:10F400000949FBF7BDFD003818BF0120800010BD81
:10F410005520FCE70220FAE74D20F8E7F9420020EA
:10F4200089430020352D020075F30100F8B506462A
:10F430000DF04EFD044668B9FBF764F950B1064D76
:10F44000204695F8D47085F8D46017F046F810B1CE
:10F4500085F8D4704D20F8BD003000202DE9F04132
:10F4600080461846033B012B0E46174602D918B1B9
:10F4700021243CE0FFF71CFF294B1B78012B4CD0CB
:10F48000284B1D78022D08D0032D46D1B8F1000F6E
:10F4900003D1254B1B689B073FD43320FDF786F82B
:10F4A00001F08AFDB6F1006F34BF204B05223146D2
:10F4B0004FF0060038BF1A78FEF760F9044628BB03
:10F4C0001B4D2873012000F0C7FF17F0A2FB6880D6
:10F4D0002846B8F1000F0DD0022300F8043B17F0C6
:10F4E00072FF6C732F613946304613F04CFB204697
:10F4F000BDE8F081012300F8043B17F064FF6C7352
:10F500002F613946304613F03DFBF0E72846FDF702
:10F510004DF8B8F1000FF4D0E5E70224E7E700BFAB
:10F52000FA420020F9420020542C0020E34D002034
:10F5300070310020034B187818B9034B034A1B782D
:10F54000D05C7047F8420020FA420020A8D803009F
:10F5500038B5174B04461B78033B012B06D8437B79
:10F56000DB0703D590F909000EF0D2FA0025114B04
:10F5700083F8D5502079FFF759FFFFF7DBFF61884B
:10F580002488034622462846FDF760FD044620B144
:10F590001720FFF71FFE204638BD1723064DC82150
:10F5A00006486B61FCF718FE03232B76F3E700BFD8
:10F5B000FA4200200030002070310020204B002053
:10F5C000F0B51A4D06460C4693B0A5F8E40005F1D7
:10F5D000E60729BBC5F8E610796013F088FA6A4699
:10F5E00001460020FBF768FCD5F8E630ADF8106066
:10F5F000CDF812307B68CDF8163013F078FA6A46F1
:10F6000001460020FBF76CFF4FF6FF73B5F8E400EE
:10F61000984203D014B1064913F0B8FA13B0F0BD04
:10F62000082238461AF013FBD7E700BF003000204D
:10F63000E63000202DE9F041DFF8B8801F4698F849
:10F64000003005460C4616461BB102252846BDE88B
:10F65000F081531E052BF8D80DF03AFC0028F4D1A8
:10F660003B7B032B14D14FF6FE739C4212D1012E2B
:10F6700009D0022EE9D117F0AFFA4FF6FB7398428A
:10F6800003D817F0A9FA044604E018F092F8FAE754
:10F69000012EDAD0EDB939462046FFF76BFA054660
:10F6A0000028D3D198F80030332B03D0532B1CBF44
:10F6B0000E4B18613046FFF7FBFD00214FF6FF703F
:10F6C000FFF77EFF0A4B1B78002BBFD00BF05AFCD4
:10F6D000BCE7397B721ECB1E594259415042504102
:10F6E00007F066FA05460028D5D0AFE77031002054
:10F6F000E44D0020F9420020F0B50C461E46184BA0
:10F70000074687B001F1140051F8045B814243F8C9
:10F71000045BF9D16D4609881980D4F80E00D4F83D
:10F720001210238803C5ADF8083023798DF80A201C
:10F730008DF80B3000233A468DF80C304FF6FE71F1
:10F740006B460120FFF776FF40B96846FFF74EFA97
:10F750002046FFF7FDFE08B9024B1E7007B0F0BD52
:10F76000784000208A4300201FB5144B04461B88B4
:10F77000DB0707D44FF6FF700021FFF721FF0020C1
:10F7800004B010BD0A2301201A4601A9FCF73AFE75
:10F790004FF6FF73BDF80C209A42EBD00822FF21F0
:10F7A00001A817F05CF90028E4D10CB90120E7E7C3
:10F7B000BDF80C0001A9FFF703FFF7E79040002018
:10F7C00038B50C46154617F013FA04F0C3F829466D
:10F7D0002046FFF7F5FE00F039FE48B1074BDB7914
:10F7E0000E2B28BF0E230133DBB2054A137038BD40
:10F7F000044B1B78013B18BF0123F6E7784000203B
:10F80000A2430020FA42002038B500220821044615
:10F8100017F025F90546C8B917F0DEF92A464FF664
:10F82000FF71FFF7CDFF2046217CFFF767FD62697E
:10F83000E189207C17F07AFE054B1B78012B01D162
:10F8400007F020FBFFF792FC002038BD0120FCE709
:10F85000FA42002038B5274B04461B780BB1022032
:10F8600038BD4FF6FF7302899A42F8D00DF030FB95
:10F870000028F4D1204D2B6813F0020007D017F0B8
:10F88000ABF94FF6FE73984201D117F092FF214673
:10F89000FFF770F90028E3D12B689B074CBF0220CB
:10F8A0000120FFF705FD0021012007F081F9002864
:10F8B000D6D1124B1B780BB10BF064FB0022082150
:10F8C000204617F0CCF858B90D4B20461B7823740E
:10F8D0000C4B63610023E381BDE83840FFF794BF20
:10F8E0000421204613F043F90028EDD040F61240E1
:10F8F000B6E700BFF9420020542C0020E44D002060
:10F900008B43002000F8FF0770B5264B05461B7897
:10F910000E4613B10224204670BD4FF6FF730289D4
:10F920009A42F7D00DF0D4FA0028F3D117F054F929
:10F930004FF6FE73984201D117F03BFF2946FFF7BF
:10F9400019F904460028E6D1EEB10520FFF7B0FC16
:10F950000121002007F02CF904460028DBD10246E3
:10F960000821284617F07BF878B90F4B28461B78FA
:10F970002B740E4B6B610023EB81FFF745FF0446B0
:10F9800066B905200BE00620E0E70421284613F0C5
:10F99000EEF80028E9D040F61244BCE70420FCF75A
:10F9A00005FEB8E7F94200208B43002000F8FF076E
:10F9B00038B51D46FFF73EFE0446C8B92B7B2846E6
:10F9C000032B03D1BDE83840FFF71EBFFFF70EF948
:10F9D000084B25469C8117F079F80121064B8140A0
:10F9E0001A780620FDF7CAFE044608B1034B1D70C5
:10F9F000204638BD70310020E34D0020F942002040
:10FA000030B5012087B0FFF7AFFE6B460446144ABD
:10FA10001068516803C384B906F046F802A817F0CD
:10FA200025FC4FF6FF752246BDF80E002946FFF76C
:10FA3000C7FEF7F723FB07B030BD6B46094AD2F883
:10FA4000E600D2F8EA10B2F8E45003C306F02CF84E
:10FA500002A817F00BFC6A46BDF80E00E6E700BFEF
:10FA600018D503000030002073B53A4B04461B78CC
:10FA70001BB10224204602B070BD0DF029FA002807
:10FA8000F7D100F0F3FC14B12288334B1A80002127
:10FA90000DF10700FCF70AFE002856D117F084FC90
:10FAA00004460028E6D12D4D9DF80700FFF700FC25
:10FAB0002B785A1E012A1FD8FFF7A2FF2B78033B91
:10FAC000012B01D801F01EFAFFF750FB012016F0C0
:10FAD000C4FF034600283AD12A78033A012AC9D83C
:10FAE0001D4A108810F0020521D0052201201C4972
:10FAF000FFF7B4FC0446BDE7033B012B04D82046C6
:10FB0000FFF732FE0028D7D12B78053B012BB1D867
:10FB1000FFF776FFFFF72AFB2B78052B0CBF04209D
:10FB20000520FCF743FD012016F097FFE2E70D4E9C
:10FB300002230B2231460120FCF764FC33885B076B
:10FB400098D5284601F0F2F994E7172492E7044685
:10FB500090E700BFF942002090400020FA420020C8
:10FB600000F8FF072840002001232DE9F347614DED
:10FB7000074688460020604914466B7300F03AFC43
:10FB80000FF0DEFA5C4E38B9012F01D9042F10D1E5
:10FB90002146404613F031F8102000210AF056FDAE
:10FBA000002800F09E80002002B0BDE8F047FBF77F
:10FBB0008DB9002CF0D1514B1B78212B03D0062B93
:10FBC00001D0532B02D101F09FFDE5E7FCF7E2FDE8
:10FBD0000028E1D000F03AFC28B9287BC0F11800D9
:10FBE000FFF7F8FAD8E7464B31462046019300F07C
:10FBF00001FC20B140F2F5714248E8F7F9FF3D49B8
:10FC0000307B01AA13F075FD95F80090B9F1000F53
:10FC100003D13948FFF79CFCBEE7DDF804A016F0DD
:10FC2000DBFFDFF8EC80044698F80030033B012B43
:10FC300006D8737BDB0703D596F909000DF068FF42
:10FC40003079FFF7F3FB00217088FFF7B9FCFCF770
:10FC5000A1FD2D4F60B14FF6F672631E9BB2934229
:10FC600006D917F0A6FDB7F8E43004468342F8D071
:10FC7000204616F0BDFF308816F0D7FF4946B7F88A
:10FC8000E400D047044608B91920A9E7B7F8E41002
:10FC900019F04DF9002387F8D5302B7803F0FB03DA
:10FCA000022B02D0204617F0E7FA00222046114628
:10FCB000FEF77EFE98B117236B6198F80030042B95
:10FCC00006D1C8211148FCF787FA03232B7663E796
:10FCD0004FF416710D48FCF77FFA0023F6E7172062
:10FCE0007EE7FEF7DBFE00287FF45DAF02B0BDE8E3
:10FCF000F08700BF7031002078400020F9420020DA
:10FD0000DD730300BAD7030000300020204B002031
:10FD1000FA4200207FB50024184E194D3278E3B224
:10FD20009A4201D804B070BD4FF6FF73B5F8E420D5
:10FD30009A421AD0134B1B88DB0714D5124AB5F828
:10FD4000E43010685168ADF80C3001AB03C30A23EE
:10FD500000201A4601A9FCF755FB02230B220020C4
:10FD60000A49FCF74FFB0134D8E700220821064876
:10FD700016F075FE0028F6D1DCE700BFB54D002077
:10FD80000030002090400020E63000202840002075
:10FD900010B501F011F902F08DF8D8B10E48FCF75A
:10FDA000B7FA0E480E4C017A0E30FFF7A7FA237807
:10FDB0001BB100F0FDFA002323700022094B1A73D7
:10FDC000FFF7D4F908F004FE01F080F9BDE8104017
:10FDD000FFF7A0BF10BD00BF204B002078400020DF
:10FDE0008A4300207031002010B51B48FCF790FAC0
:10FDF00002F060F830B1194B1B781BB9BDE8104018
:10FE0000FFF7C6BF02F056F878B1154C237E83B1D8
:10FE1000C8211148FCF7E0F90021237E0846013B88
:10FE20002376BDE81040FBF7C3B8FCF7B3FC00280D
:10FE3000EBD1FCF7AFFC38B90A4B1B78112B03D080
:10FE400003F0FD03412B05D1BDE81040044B586978
:10FE5000FFF7C0B910BD00BF204B0020F5420020C5
:10FE600070310020F94200202DE9F04F0F4685B097
:10FE700002AD044629463846914619F0EFF94FF095
:10FE8000000B82463846CDF804B019F019F94678CF
:10FE9000022C804606F0020609D85CB1FCF77AFC19
:10FEA0000446002848D1754B01241B7865E0043CCA
:10FEB000022C3AD9FCF76EFC384619F07AF8002487
:10FEC0000546A046DFF8D8A1384619F0F9F850F8F1
:10FED00009300DF10500019313F085FC9DF807B082
:10FEE0000746B8F1000F4DD1BBF1000F5BD0DFF832
:10FEF0008C9199F800300BB1002E63D0002C61D0AA
:10FF00005F4B1B78022B5DD1BBF1000F53D13846FC
:10FF100016F06EFE58465946FFF7F0F908F058FD06
:10FF200040F6074012F077FE34E017F0EDF9FCF7E9
:10FF300031FC0446F8B15C464EB1524B1B78012BA4
:10FF400002D0043B012B0BD805B0BDE8F08F4B4B22
:10FF50001B782BB14B4B1B7803F0FB03022BF3D028
:10FF6000BAF1000F404608BF002519F06AF94FF0BA
:10FF700001088246A8E7414B1B78002BF0D0002EE9
:10FF8000EED1E1E7BAF1000FAED05046FDF708F828
:10FF90000028A9D10020FAF7B5FB0028D4D0002012
:10FFA00016F09BFAD0E74FF6F7739F429FD91720C0
:10FFB000FFF710F9EEE7FCF7EDFB48B13248FCF72C
:10FFC000A7F9F4E7FCF7E6FB10B1BBF1000FF5D1A0
:10FFD000FCF7E0FB0028DDD02846FDF739FEFF28BE
:10FFE000DFF89CA0294C03D09AF80030012B04D1F3
:10FFF0002946B4F8E400FDF7A5FFFEF787F82A4686
:020000022000DC
:100000003846B4F8E410FFF7DBFB214B214A93F9A3
:1000100006301B0213809AF80030012B19D0312BC7
:1000200014BF432311238AF800301B4B164819686C
:10003000FCF7D2F800F066FF0023124C99F800108C
:10004000237641B91048FCF7C7F840F61B436361BB
:10005000A0E71123E7E7B8F1000F03D016B1FFF7CF
:1000600097FEF2E70D4B1B78042BEED105210648D5
:10007000FCF7B2F809232376E7E700BFF54200203A
:10008000F942002070310020204B00200030002079
:10009000784000208E400020404B0020FA42002093
:1000A000754300202DE9F043084693B00D4619F042
:1000B00007F8092200218046FAF7DCFE04462846AC
:1000C00018F077FF052207460DF1090328460AA913
:1000D0000EF048F8022881461CD09DF809302946C8
:1000E0001C44E4B204F1100200230120D2B218F83B
:1000F000046012F0F0FA68B1072E09D856B1013E3B
:10010000062E07D8DFE806F00918068A0625410002
:100110007C2E45D013B0BDE8F0835B4B1B78013BD0
:10012000012BF7D8284618F0C3FE00232A461946AB
:10013000009417F0EDF8EDE7544B1B78012BE9D153
:10014000534B18780028E5D122462946FFF78CFE4C
:10015000E0E74D4B1B78013B012BDBD838460AF01A
:100160001DF94FF6FF739842044606D0284618F052
:100170009FFE2246394616F0EEFD444B1B78022BBB
:10018000C8D1384612F037FDC4E73F4B1B78013B1E
:10019000012BBFD8494628460AAA00F079F9B9E7E9
:1001A000394B1B78013B012BB4D8A04498F80120AF
:1001B00098F80230652AADD16D2BABD12846FBF7FC
:1001C000C1FD1334E4B28442A4D20822394603A804
:1001D00019F03DFD214628460DF10A0218F088FF6E
:1001E000002897D1BDF80A30002B93D005A809F05C
:1001F00029FC0123274DBDF80A002B70FBF7A2FD57
:100200000446BDF80A00FBF781FDE2B2034605A9EA
:1002100003A812F0C4FC00232B707BE71A4B1B7859
:10022000013B012B3FF676AF062200214046FAF74C
:1002300021FE404413F0D7FA0746FCF72FFB044693
:1002400000287FF467AF284618F02DFEC3047FF521
:1002500061AF46F204030121ADF8143038460223A1
:10026000CDE9004405AA18F092FF064600283FF4A5
:1002700051AF394618F05BFE284618F019FE2246A9
:100280003146FCF705FF45E7FA420020F94200201D
:1002900070310020BD43002008B5084B187050B1E4
:1002A000074B1B883BB14FF47A7106485943FBF763
:1002B00093FF002008BD0120FCE700BFEC420020B6
:1002C0007E4D0020002B0020014B1878704700BFA6
:1002D000EC42002008B5FCF71BF80022014B1A7015
:1002E00008BD00BFEC420020022881BF4FF47A73A2
:1002F0005843034B18608CBF00202120704700BF7B
:10030000404B0020014B1878704700BF8C43002001
:10031000014B1870704700BF8C430020034B1868D6
:100320004FF47A73B0FBF3F0C0B27047404B00203B
:1003300010B50B4B0B4AB3F9004092F900105388EB
:100340004CB1B1EB242F06DD43F040035380017024
:100350004380002010BD23F040039BB2F6E700BFAE
:100360008E400020804D002007B5074B8DF8070018
:1003700018700D22012300200DF10701FCF742F84F
:1003800003B05DF804FB00BF804D002038B5074D79
:10039000044695F9003090F90000834201D0FFF740
:1003A000E3FF638800206B8038BD00BF804D0020D4
:1003B00010B50024044B05481C80054B1C70FBF74E
:1003C000A7FF204610BD00BF92400020444B0020F4
:1003D0009643002008B50348FBF79AFFBDE80840A4
:1003E000FFF7E6BF444B00200148FBF7B5BA00BF5A
:1003F00092400020F7B5134B04461B780E46EBB134
:1004000083421DD90021104816F0B6F80025014698
:100410000D4F09B9012009E0A54209D10024304659
:10042000162322460094FBF759FE204603B0F0BD88
:10043000384616F0F7F801350146EAE71820F5E7E7
:100440002720F3E79643002092400020014B1878C4
:10045000704700BF9643002025289DBF024B1870AF
:1004600000202120704700BFE64D0020012307B582
:1004700018460D220DF10701FBF7C4FF9DF8072078
:10048000024B1A7003B05DF804FB00BF804D0020E2
:10049000F8B507460E46144618F08BFD1A4B054674
:1004A0001B78022B2FD1194816F086FA58BB284624
:1004B0000DF064FD38B32246314638460DF080FD1C
:1004C00008B312F052FB0446384618F0F1FC104B0A
:1004D000012E1A784FF00F0303FA02F39BB2B4FB1C
:1004E000F3F203FB124404F10104A1B206D1094B5B
:1004F000094A1E702B6813606B6853600348BDE89F
:10050000F840FBF769BEF8BDF9420020202C00201E
:10051000E54D0020954300208D43002084B010B5A8
:1005200002AC84E80F00082227480DF11601089C50
:1005300019F07DFB08BB9DF815309A0705D4234BB5
:100540001B7803F0FD03312B1DD121496378097815
:1005500003F00F028A4203D0012922D1022A12D1CC
:10056000227882B91B09022B0DD11A4BA0781B7877
:10057000022B1AD1C0F3800006E0002208211248A5
:1005800016F06DFA20B90020BDE8104004B07047A5
:10059000114BBDF808205B889A42CCD0002BCAD002
:1005A000F1E70229EFD1012AD9E7030609D40B4B61
:1005B000B3F8E420BDF80A309A42E4D1FEF776FBA6
:1005C000E2E70120E0E700BF74310020F94200209B
:1005D00032420020FA42002070310020003000201A
:1005E000284BF0B55D88002387B08DF80830264B86
:1005F0000DF10B001B7805F0010743F020038DF887
:10060000093016F0E0FE6FF07F43ADF813308DF83F
:10061000153016F080FF1D4B8DF816001B7805F085
:100620001006DB00DCB2ECF745FE194B1B78834269
:100630002CBF44F0040344F084032FB1A9061ED458
:1006400026B143F0020301E0AA07F9D400210846CD
:100650008DF80A30FBF720FCADF8060058B10123F5
:100660000F2202A90DF10600FBF7A6FC18B90DF147
:10067000060013F03BF8BDF8060007B0F0BD43F0EC
:100680000103DDE7804D002032420020A24300201C
:10069000F24200201FB50C4A01AB10685168127A73
:1006A00003C3002109201A70FBF7F6FB044640B192
:1006B000FBF72CFB034601AA03CA127818605960A5
:1006C0001A72204604B010BDC8D7030010B5FBF75E
:1006D0001FFE0A4B1B78022B0CD1094B1B78033BE6
:1006E000012B07D9074C207828B1002018F0E6FE2E
:1006F0000023237010BD16F004FBF9E7F942002037
:10070000FA4200209543002084B02DE9F04788B0DC
:1007100010AC84E80F00DFF824A1454BBAF80220A2
:100720009DF8459012F0010E9DF94A409DF85D80BC
:100730009DF95E109DF860509DF962609DF946C07C
:100740009DF848701B7834D09DF86500C0F34002D6
:10075000C0F38000002B48D0364B1B78022B09D108
:10076000B44242DB23D1E81BC0B280288CBF0020FA
:10077000012015E0304B1B78012B00D1BAB178B1C4
:100780009AF800301E335BB29942D4BF0021012198
:100790009C45D4BF002301238B4206D1B442E1DA49
:1007A00008B0BDE8F04704B070470846F8E70020FD
:1007B000F6E7920718D5C3B1760814BF01200020D0
:1007C000640814BF012300238342E9D1EB1BDBB291
:1007D000802B0AD9BD42EAD18C4506DB25D1C14523
:1007E0002CBF00200120DBE70BB90120D8E7BD4278
:1007F00004D18C45F9DB01D1C145F6D302AC16AE6C
:100800000FCE0FC496E8030044F8040B2180DDE905
:10081000140110AB0090ADF804100FCB12F060FF84
:100820000028E2D1BD429ED1BAE77046B8E700BFCA
:1008300096430020FA420020F9420020804D00201B
:1008400084B02DE9F04F8FB06A4E18AC08AD84E843
:100850000F0016220021284619F013FA33783BB90D
:100860000024654B32781B789A4239D2002726E063
:100870000021624815F080FE00270446B846DFF8E4
:100880007C91002C45D13FB1224639465B4815F09A
:1008900004FF3378013B33703378002BE0D0002124
:1008A00056484FF0000915F067FE4F468046CA468D
:1008B000DFF848B1B8F1000F6CD1002FD1D016216C
:1008C000002218A815F041FE014648B1002F00F0A3
:1008D0008B802246494815F07CFE33780133337013
:1008E000454B32781B789A4207D944480022018848
:1008F00015F0D3FE3378013B33703378012B03D1ED
:100900003F494048FBF768FC0FB0BDE8F04F04B02A
:1009100070470022214628461623CDF80080FBF7B9
:10092000DDFB1622294618A819F081F90028EBD022
:100930009DF864209DF824309A4225D1BDF86020AE
:10094000BDF820309A421FD108220DF12E010DF181
:100950006E0019F06CF9B8B902AF0DF1600CBCE88B
:100960000F000FC79CE8030047F8040B39800EAB5B
:1009700013E903000090ADF8041095E80F00FFF7AD
:10098000C3FE0028C0D027462146484615F04AFE3F
:10099000044676E71623002241462846CDF800A0FB
:1009A000FBF79CFB02AF0DF1600CBCE80F000FC71A
:1009B0009CE8030047F8040B39800EAB13E90300F1
:1009C0000090ADF8041095E80F00FFF79DFE074674
:1009D00020B1B9F1000F04BF444681464146584654
:1009E00015F020FE804665E73A46044815F0CAFD3A
:1009F00073E700BF96430020E64D002092400020A0
:100A000020BF0200444B00202DE9F04F0021044696
:100A10009FB010AF162238460E91CDE90C11CDF8DB
:100A20003B1019F02EF9052220460DF11F0316A9DF
:100A30000DF098FB0228804600F00381204618F054
:100A40003FFB064612F0CFFE8146F01C12F0CBFEB3
:100A5000ADF84000701D12F0C6FEB8F1010FADF800
:100A60004200204640F0F08018F02AFB0546204660
:100A7000FBF74CF90D352D1A3B4621460820EAB20A
:100A800011F029FE002800F0DC80204618F01DFB44
:100A9000B8F1010F83469DF84D3040F0EF800025FE
:100AA00043F001038DF84D3016AE04953388022BC8
:100AB00058D1F17820460231C9B2FBF74BFB1B2815
:100AC00050D1F17820460331C9B2FBF743FB192816
:100AD00048D1F17820460431C9B2FBF73BFB4A28E4
:100AE00040D14FF0050AF178204601315144C9B296
:100AF000FBF730FBF178804651442046C9B2FBF742
:100B000029FB00EB082083B200F03F02932B0592F3
:100B100040F0A28096F803802146D0445FFA88F81E
:100B200008F10203DBB204930023049A00930CA89B
:100B30000F23FBF7D3FA08F11101C9B2204615F0D3
:100B400073FE08F113010546C9B2204615F06CFE8C
:100B5000ADF84200059B023353445FFA83FA3379C0
:100B60005345C0D806360DF17603B3429ED19DF8A9
:100B70004D20C5F3C03363F3410220468DF84D206C
:100B800018F035FA8DF84400204618F025FA8DF853
:100B90004500204618F025FA9DF83230BBF1190FB8
:100BA000C3F3C3028DF84720DDF833208DF84600EB
:100BB000CDF84E20DDF83720CDF8522094BF00222A
:100BC0009DF83E208DF8482003F003028DF84A205E
:100BD0006F4A1278022A9DF84D200CBFC3F38003A0
:100BE000DB0963F382026B4B8DF84D201B78022BDF
:100BF00059D1BDF8406016F00CF8864253D108A8D0
:100C000016F0E1FBBBF1190F4AD908220DF14E0194
:100C100008A819F00CF800283FD1B9F5004F02D010
:100C2000B9F5624F0DD140F6FF7325F440459D4262
:100C300007D1002208210DF14E0015F010FF002809
:100C400041D01FB0BDE8F08F18F03AFA05462046B3
:100C5000FBF75CF807350EE7412B7FF47BAFF178AB
:100C6000204602315144C9B2FBF774FA4A4B1B7853
:100C7000C3F1B30318448DF849006BE76FF3000329
:100C8000F01D8DF84D3012F0AEFD0CA90546204642
:100C900016F0E7FB0023049369E700F0F3FFBCE7DD
:100CA00000F0F0FFCDE7B9F5004F02D0B9F5624F83
:100CB000C7D140F6FF7325F440459D42C1D1BBF139
:100CC000190FBED9B5E7BBF11A0F06D004993A4601
:100CD0001F312046C9B212F00BFD304C304D637B02
:100CE000DBB12B78012B1DD1012323730CAB0293B5
:100CF00014AC94E803000090ADF8041097E80F00DE
:100D0000FFF70CFC90B194E803000090ADF80410DC
:100D100097E80F00FFF794FD08E0FBF73BFD002884
:100D2000DFD0E1E703F0FD03042BDDD02B78012BAE
:100D300001D0042B85D11B4BDDF84E001B78DDF86C
:100D400052108DF82230BDF84030ADF820309DF8BB
:100D50004D30C3F340038DF823309DF8313003F05C
:100D60000F038DF82C309DF848308DF82D3009ABED
:100D700003C30D4B1B681BB1394608A8984760E7B1
:100D80009DF946209DF8451008A811F032FF58E75C
:100D9000FA420020F94200209D43002070310020DB
:100DA000814300209C430020603100202DE9F04366
:100DB000424B434C1B7885B0033B012B22D811F0EA
:100DC0000AF92378022B31D13E4A1468A0422DD073
:100DD0003D4910600A68121B10443C4A08601278B2
:100DE00072B1013A93403C2253434FF47A72534319
:100DF00098421BD9032005B0BDE8F043FBF7D6BBF2
:100E00000A23F2E711F0E7F82378022B0ED12D4ADE
:100E10001568A8420AD00027DFF8BC802C4E10606D
:100E2000451B98F80030FCB2A34202D805B0BDE8DB
:100E3000F08356F8243020462B4446F8243009F03D
:100E40008FFBC3074FF0000910D5204609F056FB71
:100E500070B156F82430242B08D9102200232046E4
:100E6000CDF8009009F09AFB46F824900137D8E7B6
:100E7000184B1B5D13F00F031FBF03F1FF3202235A
:100E800093403C220CBF0A2353434FF47A725343DE
:100E900056F824209A42E9D9204609F04FFA02A9CF
:100EA00017F0B3FC28B1204609F048FA02A911F066
:100EB0006EFE204617F06FFDD8E700BFFA42002013
:100EC000F94200204C2C0020482C0020A04D00208E
:100ED0007C2A002037420020BB4D0020064B1B8897
:100EE000DB0708D50022054B43F82020044A135C99
:100EF00063F00F0313547047944000207C2A0020B5
:100F00003742002008B511F066F80022024B186045
:100F1000024B1A6008BD00BF4C2C0020482C00205A
:100F2000014B1868704700BF482C002008B50C48DA
:100F3000FBF7EEF9FBF78EFB80B10A4B0322B3F807
:100F4000E41001200CF0AAFD4FF47A71064B04481E
:100F50001B885943BDE80840FBF73EB908BD00BFF8
:100F6000644B002000300020604D0020014B1880B1
:100F700000207047844D0020044A054B18701388E8
:100F800023F0030318431080002070479440002092
:100F9000A14D0020024B188800F00300704700BFED
:100FA00094400020034B1888C0F30E00003818BF8F
:100FB000012070472840002008B5FFF7F3FF30B14B
:100FC0000020044902230B220880FBF71BFA0020B3
:100FD00008BD00BF28400020024B1888C0F30E0057
:100FE000704700BF284000200023084A01201370EA
:100FF000074A08491370084B084A1B7843F004035A
:10100000138002230B22FBF7FDB900BF9943002098
:101010009843002028400020A14D0020944000204B
:1010200013B514468DF80710CAB9CAB20E2A16D8DD
:101030000D4B1B881341DB0711D509F001FAFF287E
:1010400001460ED09DF80720084B1A5401231B209F
:101050000DF1070211F032F8204602B010BD012454
:10106000FAE70224F8E700BF844D00203742002051
:1010700030B5012100240B2385B0104D019400915F
:101080008DF80C308DF80D000323B5F8E40003AAA9
:101090008DF80E4018F07BF868B1B5F8E41016F042
:1010A000E8FA40B10522064B64211A70054B064848
:1010B0001C70FBF791F805B030BD00BF0030002078
:1010C0009843002099430020844B0020064B1B7856
:1010D000033B012B06D8054B1B781BB9044B187832
:1010E000FFF7C6BF704700BFFA42002097430020B9
:1010F000A04D002010B51548FBF70AF9144B1978DC
:10110000F9B9144A13787BB1013B1370124B1B7869
:10111000042B02D10846F9F74BFFBDE810404FF40D
:1011200096710A48FBF758B80C4A128802F003027D
:10113000022A0AD1BDE81040032201200849FEF727
:101140008DB9BDE81040FFF7C1BF10BD844B002032
:101150009943002098430020FA42002028400020B4
:1011600000F8FF071FB50C238DF80C300B4B0C4615
:101170001B88012123F004038DF80E3000238DF825
:101180000D00CDE900132046032303AA17F0FFFF4B
:1011900010B1214616F06DFA04B010BD9440002045
:1011A000F8B5064617F0EFFE0546304618F013F87E
:1011B000411C0446C9B23046FAF7CCFF0234074658
:1011C000E1B23046FAF7C6FF394602462846FFF735
:1011D00027FF022816D02946FFF7C4FF0A4B1B88B9
:1011E00003F00303022B0DD1284609F029F9FF284B
:1011F00008D00022054B43F82020054A135C63F019
:101200000F031354F8BD00BF944000207C2A002037
:1012100037420020084B1A785AB10223013A934012
:101220004EF66022534303210448B3FBF1F1FAF771
:10123000D3BF42F21073F6E7A04D0020844B00208C
:1012400070B505461748FBF763F80122164B284690
:101250001A7017F0C0FF411C0446C9B22846FAF7BD
:1012600079FFA11C0646C9B22846FAF773FF0F4C56
:10127000022320800B2221460020FBF7C3F886B909
:10128000238803F00303022B03D1FFF73BFEFFF794
:10129000C1FF23885B0704D5BDE870400448FFF711
:1012A00045BE70BD844B002099430020284000209B
:1012B000644B00202DE9F043204C89B02388002B9B
:1012C00035D01F4D00214FF4807009F027FC2B789A
:1012D000DB072AD501212088FAF7A2FD06462088DF
:1012E00017F0EEFE023012F07EFA05A98046208843
:1012F00018F04FF82B78304613F0020F114B40F6E0
:101300000247B3F8009018BF0027FAF71BFD054607
:101310003046FAF7FBFCEDB2029042460621384611
:10132000CDE9009505AB11F056FC0023238006485B
:1013300009B0BDE8F043FAF7EBBF00BF9C400020C6
:101340009A43002098400020A44B00202DE9F0474C
:10135000304F80463D880E4614469946ADB3104640
:1013600017F0BCFDB0F5006F2FD1204617F0C9FD76
:10137000824609F065F8FF2827D02EB1264A32F8B8
:1013800010302B4322F81030B5F5007F36D0B5F57C
:10139000806F33D0B5F5807F17D1204B1B88A342D7
:1013A0001CD14FF6FF718A450FD0204617F0BFFDC4
:1013B000284609F0E1FB50B91948FFF77BFF0023ED
:1013C000184A1380184A3B801370BDE8F08702204A
:1013D000002109F03BF90028EED1F0E7114D2B88F0
:1013E000A342F2D14FF6FF718A45EED024B12046D8
:1013F00017F09DFD00232B800023E3E700230A4A1A
:101400003B80137031464B4622464046BDE8F047CC
:1014100015F043BE96400020E03F00209C40002095
:10142000A44B00209A4000208643002010B509F00C
:1014300007F8FF28044601D1172010BD09F090F8E5
:10144000C107F9D5204609F08BF8820700F00203A6
:10145000F2D40449184631F8142042F0100221F861
:101460001420EAE7E03F002010B508F0E9FFFF286C
:10147000044601D1172010BD09F072F8C107F9D553
:10148000204609F06DF8820700F00203F2D4044907
:10149000184631F8142022F0100221F81420EAE74F
:1014A000E03F002010B504460C48FFF703FF012180
:1014B0004FF4807009F032FB78B10022084B1C8099
:1014C000084B1A700BF0D0FFBDE81040064B188097
:1014D000064B02481988FAF77FBE10BDA44B0020C6
:1014E0009C4000209A43002098400020624D00203C
:1014F000044A137818B943F001031370704743F09E
:101500000303FAE79A4300202DE9F04FDFF84C91EE
:1015100087B099F80060002E40F08C80DFF840B171
:10152000DFF840A19BF80030F4B2A34207D80022B4
:10153000424B1A8007B0BDE8F04FFDF7D9BA2046FC
:101540003AF8145008F0DAFF8046002860D02046B0
:1015500008F0F4FE15F40071074645D001464FF639
:10156000FF720E2016F0A8F90546002850D0394623
:1015700017F0DDFC4FF400730027304E2046338017
:101580003AF8142022EA03032AF814301022002328
:10159000009709F003F82A4B1B88DB0707D5294B76
:1015A000294A43F82470135D63F00F031355182084
:1015B00000216043254B264C0093019101232A46CC
:1015C000205CF9F71FFD002814BF0123002389F8D0
:1015D000003005D13388B3F5807F01D11D4B1880D1
:1015E000404607B0BDE8F08F680513D5059116F0A9
:1015F000E0F8012205990346009207203A46CDE91A
:101600000111FDF797FB4FF480630546002DB3D120
:10161000013687E7104B18880028F9D0EA05F7D57E
:10162000394617F084FC0C4B1D880A4B1D804FF483
:101630008073EBE74FF00008D2E700BF9640002030
:10164000944000207C2A0020374200204D130200E5
:10165000E81000209A4000209C4000208643002093
:10166000BB4D0020E03F0020042230B501F04003D4
:1016700087B0002B054614BF012400248DF80C20F0
:101680008DF80D1004D004A917F0BFF838B304ABDF
:10169000CDE9004301210223284603AA17F077FD74
:1016A0000446F0B1104B1B78033B012B04D80F4BC1
:1016B000B3F8E41017F03BFC4FF6F7739D4209D9DD
:1016C000322202212046FDF773F980F00100C0B2FA
:1016D00007B030BD2946204615F0CBFFF5E70120C5
:1016E000F6E71920F4E700BFFA420020003000209E
:1016F00010B1034B1B880380024B1878704700BF62
:10170000864D00209B43002010B5FFF755FC04F0E8
:10171000FFFF15F0A9FD002017F06EF80BF0D8FBC5
:1017200008B115F0B2FC204C2378532B12D10323BF
:1017300023700023FF2219460120FDF78FFE0020B1
:10174000F8F7E0FF10B1002014F0C7FEBDE810402C
:101750000CF094BA062B01D0212BF0D1012015F00A
:1017600004FE4FF6FE7015F043FA4FF6FF7015F0C9
:101770005CFA0020FDF758FD0020FDF799FDFDF70C
:10178000D5FC00F07DFB0DF02BFE2378212B02D140
:10179000FDF79CFAD3E70020FAF708FF00214FF489
:1017A000004016F0C6FDCAE7F942002010B50A4C09
:1017B0000A48FAF7ADFD2378062B02D1012015F077
:1017C000D4FD2378062B01D0532B03D1BDE8104064
:1017D000FFF79ABF10BD00BFF9420020C44B0020A4
:1017E0002DE9F84FDFF8CC8004460E461746FFF788
:1017F000E3FB98F8005015B90220BDE8F88F212DC1
:10180000FAD0DFF8B49099F80030012B01D1A3068B
:10181000F2D4274815F0D0F80028EDD114F02004B8
:1018200039463046DFF894B0DFF894A005F00F0594
:101830001BD011F0AAF9012D8BF80070AAF80060F6
:1018400033D1212388F80030FFF75EFF0020D4E772
:10185000212388F80030FFF757FF00214FF6FE7074
:10186000FDF7AEFEFEF756FAF0E711F08DF9012D07
:101870008BF80070AAF80060EAD0062321464FF6E4
:10188000FD7088F80030FFF7EFFE40F6020240F2EC
:10189000262199F800300648033B012B88BF1146EA
:1018A000FAF79AFC002CD1D1D7E75323E6E700BF23
:1018B000C44B0020F9420020FA4200209B43002044
:1018C000864D00202DE9FF410F46511CC9B2054647
:1018D0003846FAF73FFC0446384617F0F1FB064657
:1018E000023011F080FF424B80461B7804F040022A
:1018F000022B02D0043B012B06D83E4B1B6858023A
:1019000005D5A10603D452B304B0BDE8F08132B3CB
:10191000394A1278D11E012917D8384BB3F8E43070
:10192000AB42F1D17378180714D5304617F089FC13
:10193000FBF736FB0028E7D00122294604F02000FF
:1019400004B0BDE8F041FFF74BBF022ADCD1DF0154
:10195000DAD4E7E715F040F94045D5D1ECE7264B5E
:101960001B78013B012BCFD87378D906CCD502A9BF
:10197000384617F073FC002002A908F031FDFF285B
:1019800006460BD0A20601D415F096FD304608F0AD
:10199000D5FC04F0DFFE304616F0FDFF284615F0BA
:1019A0009FFBFF280DD0FCF7A3F914F0200608D107
:1019B00015F012F928B133460222284602A905F093
:1019C000FDFF15F009F900289ED1A3069CD402A9B9
:1019D0004FF6FF730222284610F059FE4FF6FF72B1
:1019E000034600922846022202A911F01EF98BE755
:1019F000F9420020542C0020FA4200200030002040
:101A000038B504460D4608F01BFDFF28034615D0E7
:101A10000B4A127842B10B4A32F81020520403D517
:101A200016F0B9FF002038BD184615F045FD2046D8
:101A300045F04001BDE83840FFF716BE0120F2E74F
:101A4000F5420020E03F002038B50C4B04461B78DF
:101A50000D46022B01D0022038BD15F0BDF8A04282
:101A6000F9D029462046FFF7CBFF0028F4D02046C6
:101A700045F04001BDE83840FFF7F6BDF9420020CF
:101A800038B5054617F01CFB0446284617F0A3FBA3
:101A9000411CC9B22846FAF75DFB42060DD56378B2
:101AA0001B070FD5204617F0CCFB0146002008F09D
:101AB00097FCBDE8384016F06EBF0348BDE83840DB
:101AC000FFF774BE38BD00BFC44B002038B54FF6D9
:101AD000FF75A842044617D015F09BF8A04213D01A
:101AE0004FF6FD72094B198891420DD9084A1288A8
:101AF000AA4201D0A24207D11C804FF47A71BDE8FE
:101B000038400448FAF768BB38BD00BF6A4D002072
:101B1000884D0020E02B002008B50448FAF7F8FBB8
:101B20004FF6FF72024B1A8008BD00BFE02B002069
:101B30006A4D0020024A13780BB1013B13707047C5
:101B4000E842002008B515F070F800214FF6FF724A
:101B5000054B08461A80FDF7D1FBBDE8084040F66A
:101B6000164011F058B800BF6A4D002008B5FAF7CA
:101B7000CFFB0A4B1B78023B032B08D84FF6FE73B2
:101B8000074A108898424FF6FF7301D1138008BDB1
:101B90009842FCD0BDE80840FFF7D4BFF9420020CE
:101BA0006A4D002010B5084B1B78042B0AD015F0A5
:101BB00013F800210446084615F099FC231A5842F0
:101BC000584110BD0020FCE7FA420020F0B5002685
:101BD00089B00546CDE90566ADF81C6017F0FBFA43
:101BE0000A23024604462946009605A8FAF776FA23
:101BF0009DF815309DF814701F2B27D803A815F0F9
:101C0000E2FB08220DF1160103A818F010F80646B1
:101C1000E0B9092F1CD1FFF7C5FFB8B1154B1B78F0
:101C2000A3B1154B1A884FF6FD739A420ED9134C87
:101C3000134A23780433DBB223701278013AB3EBF2
:101C4000820F03DD58B210F0E8FE267009B0F0BD37
:101C500004F10A01C9B22846FAF77CFA15F075FCBE
:101C600004F10B01C9B2284614F0DEFDFFF72EFF88
:101C7000ECE700BFBC4D00206A4D0020E842002088
:101C80009F4D002038B5134B1B78033B012B20D907
:101C9000114B4FF6FF711B78ABB1104D2B888B4267
:101CA00017D114F0B6FF4EF6602104460C48FAF73F
:101CB00093FA4FF6FE7322462B800021BDE8384090
:101CC000092015F050BC074A13888B421CBF013312
:101CD000138038BDFA420020BC4D00206A4D002020
:101CE000E02B00202240002010B5044661B1FF2106
:101CF00017F087F90021204617F089F914F071FBDD
:101D00000146204617F089F92146BDE8104000221F
:101D1000014814F037BC00BFA04000202DE9F0417D
:101D20000D461746044617F0CBF906782846FAF711
:101D3000B5FD29468046204617F0F9F814F04CFF0F
:101D4000A84206D120460121FFF7CEFF0120BDE8C1
:101D5000F0812846B8F1000F0AD0FAF72DFE50B9ED
:101D6000144B3A462046BDE8F0411978FCF720BEF6
:101D700016F070FDF3E706F00306012E08D014F00C
:101D80002BFF00232246294602F050FF0028D9D11C
:101D9000204617F088F8430505D52046BDE8F041F8
:101DA000002115F0EBB8204616F017FDB0FA80F0D0
:101DB0004009CCE79D4D002010B586B0044617F0D1
:101DC0000AFA104B0246186819790290D3F80500F8
:101DD0005B7A01328DF8143000238DF80C100490DA
:101DE0002146009304A80523D2B2FAF777F9052219
:101DF00004A902A817F01BFFB0FA80F0400906B052
:101E000010BD00BFD1D7030008B50748FAF780FA24
:101E1000064B1B78033B012B05D8BDE80840002189
:101E20000846F9F7C5B808BDE44B0020FA42002087
:101E300008B5114814F09FFD104B1B78012B06D8F4
:101E4000FF2009F04BFDFCF763FC08F0EBFDFBF70E
:101E5000B3FF02F09DF9FFF7C7F817F0D4FB0CF0C1
:101E600033FBFCF723FE0BF07FFBF4F769FABDE8C8
:101E7000084003F0C9B900BF443100209E4D002046
:101E800008B5EBF77BFBFF2803D0094B1B78012B30
:101E900006D9002009F022FDFCF73AFC08F0C2FD4B
:101EA000FBF78AFF02F074F9BDE8084003F0ACB913
:101EB0009E4D0020064B1878112806D000F0FD003A
:101EC000A0F141035842584170470120704700BFBC
:101ED000F94200202DE9F0410446FCF7C1FB18B19E
:101EE00000263046BDE8F0811D4B1B78033B012BDB
:101EF00009D81C4BB3F8E4104FF6FF739942EFD0AA
:101F0000204617F014F8184B022120461A88FCF7D7
:101F10004FFD06460028E3D0204617F0D1F890F890
:101F200007800546043011F05EFC074614F054FEAD
:101F3000414602463846FCF7ABFBA81C11F053FCA7
:101F40004FF6FF73984202D12046FFF7ABFA2B7889
:101F50009B07C6D101212046FFF7C6FEC1E700BF9F
:101F6000FA420020003000209E4000202DE9F04F72
:101F7000002585B00746039517F0A2F80646043001
:101F800011F031FC8046B01C11F02DFC3378044672
:101F90004046009308F054FA82464046FAF77EFC29
:101FA0003378BAF1FF0F0CBF83464FF0010B9A074D
:101FB0000AD114F011FE404514BFD9464FF0010973
:101FC000B3791BB90320B8E0A946F9E714F004FE81
:101FD000A04205D114F000FE0446994B1B7836E070
:101FE000984B1B78052BF8D0033B012B03D8964B5D
:101FF000B3F8E440F1E7204616F042FC737840B3B2
:1020000013F00402DFF838820BD198F800301A443C
:1020100021463846D2B2FFF781FE0028D2D00020F8
:102020008BE0384617F099F8014605463846FAF72E
:1020300091F8421C52002946384602F0FE0215F083
:10204000D8FA737823F00403737098F800300022F4
:10205000DDE75B0726D5384617F07FF801460646D0
:102060003846FAF777F8824606F101095FFA89F9EE
:1020700049463846FAF76EF8DFF8C481BAF1000F26
:1020800001D0FF2805D1002249463846FAF776F8F4
:10209000DBE7B11C01EB4001C9B2384614F0C4FBC8
:1020A0000446D2E7204603AA02A916F07CFD0546A5
:1020B000B9F1000F49D0009B03F0C003802B0ED173
:1020C000FF2320468DF809300CF016FAFF281BD0AC
:1020D0000DF109020DF10A010CF00CFC14E0402B8B
:1020E00033D19DF8083083B3FF2320468DF80930A3
:1020F0000CF002FAFF2807D00DF109020DF10A01D8
:102100000CF0F8FB2D281BD13378404603F03F0339
:10211000337016F0B5FB10B914F05EFD80464246F0
:102120000021204608F09EFF00283FF44BAFC82254
:10213000072138460BF050FA012005B0BDE8F08FBA
:102140009DF80930FF2BDFD12546039838B99DF85B
:102150000820002A62D13A4B2C461B7857E709F039
:1021600081FB039AFF280346127908D1CDE90020AC
:1021700040F2BF113548E6F73BFDDDE90023B9F138
:10218000000FE4D002F03002102A0AD0202ADED15B
:10219000BBF1000F24D05146184609F093FD0028EA
:1021A000D5D1DFF8AC9099F80030012B45D020460E
:1021B00011F0A0FA28B92A4621464046F37916F0D4
:1021C00075FCA54212D1039A137923F00C03137105
:1021D0009DF80830ABB92C46194B1B78302216E716
:1021E000039B1B7913F00C0FDBD1B0E799F800309B
:1021F000022BE8D0039A137923F00C0343F0040375
:10220000E5E70121204614F0E5FF20B920460CF057
:1022100073F9FF280FD00A4B1B78DFE70121204616
:1022200014F0D8FF00287FF4D8AE20460CF064F9F3
:10223000FF287FF4D2AE02207FE7A542D9E700BF96
:102240009E400020FA42002000300020DCD803002D
:102250009F43002010F0FD0303BF024A1070184690
:1022600021207047E84D002038B50D4B04461B78FF
:102270000D46033B012B0FD900F108039BB2012B44
:102280000CD814F0A9FC29460246204608F0EAFEC4
:1022900080F00100C0B238BD0120FCE70220FAE75F
:1022A000FA4200202DE9F041064610460D4616F090
:1022B00092FFA0F11004E7B256FA84F42146EA1B1B
:1022C00004F10E0017F0C3FC2823DFF84480F35517
:1022D00098F80030637301F06DFF611C0246012025
:1022E00011F087FA08220949601D17F0B0FC98F830
:1022F000000016F0DFF805F10E0130463B460022E3
:10230000C9B202F003F81220BDE8F0817543002045
:10231000F44200202DE9F04F89B0044616F0D0FEBB
:102320000546204616F02FFE0746281D11F05BFAE1
:102330008146A81C11F057FA8246384695F807B036
:1023400016F09EFA2B780390990769D12146042054
:1023500002F0EAF8002863D0204616F03CFF014660
:102360002046F9F7F7FE82075AD1204616F033FFD0
:1023700001462046F9F7EEFE10F0030304934FD117
:102380002046FFF719FD00284AD0204616F0F5FF39
:1023900000F1010806462046F9F7D4FC5FFA88F8F8
:1023A00008F10A03834280F2A180524A06AB10680A
:1023B000516803C3B11CC9B22046F9F7CBFE4146B0
:1023C00005902046F9F7C6FE059B06F10B0100EBD0
:1023D00003201FFA80F8C9B22046F9F7BBFE049B20
:1023E000F21C2146D2B20590009306A80823F9F703
:1023F00075FE204616F0C7FD4146059A0DF000F81F
:102400000122404606A901F0A7FB00286ED1022058
:102410000BF0BAFF013003D1404606A9EBF7E4F810
:1024200014F0DAFB48453A46594608D114F000FF4B
:1024300000285BD109B0BDE8F04F01F083BB4846EE
:1024400014F0F6FE002851D12B4B1B781BB93946EE
:10245000484615F0E8F83A4659464846FCF718F958
:10246000002843D0297811F0030102D12046FFF75C
:102470003BFCAB79002B39D0204B1B78033B012B65
:1024800034D96B78DB070DD550462E7A16F0B9F8A3
:1024900008B3F30803F01C0326F01F06334343F090
:1024A00001032B724FF6FF71204616F040FD039B8F
:1024B000D3B910F05AFB00F03F0202212046FCF78E
:1024C00077FA4FF6FF739A4510D1204609B0BDE860
:1024D000F04FFEF7E7BF06F01C031C2BE2D0042BE5
:1024E00004D9043E2E72DDE70022E6E709B0BDE81C
:1024F000F08F00BF18D50300F0420020FA42002000
:1025000038B5144D2B78023B012B20D8124B1B7889
:10251000033B012B01D9022038BD0CF0D5FA04464B
:102520000028F8D1FEF742FC2B78032B07D1234675
:10253000FF2221460120FCF791FF0120ECE7214614
:102540002046F8F735FD003818BF0120E4E71720D2
:10255000E2E700BFF9420020FA4200202DE9F043F3
:1025600085B004460E46174616F0A7FC0C282046F8
:102570007FD116F0A5FD09220021F8F77BFC00F1C0
:1025800010010546C9B22046F9F7E4FD042857D0EA
:1025900006D8012815D0022822D005B0BDE8F08366
:1025A0007C28FAD12046F9F7CDFB05462046F9F7FD
:1025B000ADFB02463046E9B205B0BDE8F04310F08D
:1025C000ECBA46B91321204614F02EF905B0BDE847
:1025D000F04314F02ABB05B0BDE8F043FCF7A0BD02
:1025E0009F4B1B78013B012BD7D805F113012046E7
:1025F000C9B2F9F7AFFD074696B988B905F11101DF
:102600002046C9B214F010F90546214615F001FF25
:102610003A462946102005B0BDE8F04310F06DBAE7
:102620000025082321460DEB030015220095F9F73C
:1026300055FD284602A907F0D3FE16F0ACF9ACE729
:10264000884B1B78022BA8D146B9FEF7C5FCC20700
:102650000AD5FEF757FC002F08BF3F26304605B0CD
:10266000BDE8F04310F0A5BAFEF79CFC0028F0D0BE
:10267000F1E716F025FD8046043011F0B4F8074666
:1026800008F1020011F0AFF84FF6F77398420546D3
:102690000CD8754A138801339BB213800BB9734A67
:1026A00013801EB1714A13880133138098F800908B
:1026B00009F00309B9F1010F40F08380204616F0BC
:1026C0008AFD01462046F9F745FD043809283FF602
:1026D00064AF01A353F820F0012702009B250200FC
:1026E0009B250200252702009B2502009B25020056
:1026F0009B2502000D2702009B2502000D270200EA
:10270000204605B0BDE8F043FFF7BAB9544B1B783B
:10271000042B7FF442AF0021084605B0BDE8F0432A
:10272000F8F746BC4E4B1B78013B012B3FF635AF0B
:10273000404616F086FD00274D4B01465B898DF81B
:102740000A70ADF8083000283FF427AF384607F08C
:1027500047FE0546204616F03EFD421C0323214657
:102760000097D2B202A8F9F7B9FC9DF80A30E6B991
:102770003C4A1278022A18D1BBB9FF2DBDF8084097
:102780000AD03C4A214632F81530284623F48063AB
:1027900022F8153016F0DFF8204616F0E5F9002291
:1027A0002146102010F0A9F9F7E6022B3FF4F5AE10
:1027B0002BB9304B33F815305B053FF5EEAE2846AC
:1027C0003BE7B9F1000F7FF4E8AE3146204604F054
:1027D000ABF8002E3FF4E1AE4FF6F7739D423FF6A3
:1027E000DCAE98F80160284616F0040620D116F0F9
:1027F00008FA044628467CB116F02CF80346F0B9D6
:102800000C2200902946384615F06BF80C22002364
:1028100039462846009308E016F01CF80346B8B97C
:10282000154A009012782946384615F05AF8B4E651
:1028300016F010F8034678B90B220090F3E7062251
:10284000334629463846009615F04BF80622DEE757
:10285000234600940622E6E74B46CDF80090F9E7C0
:10286000FA420020F94200202C4000202A4000209B
:10287000D1D70300E03F0020E84D00202DE9F04FC4
:1028800005888BB00446284616F01AFC80460430B2
:1028900010F0A9FF074608F1020010F0A4FF05A9F7
:1028A0000190284616F0DAFC284616F094FC014602
:1028B00006462846F9F74EFC98F80030029003F0DF
:1028C0000303012B0CBF82464FF0FF0A0FF07EFB83
:1028D000B4F806B0814614F07FF998F807300090FC
:1028E0003846039301F066F8002838D1019801F0CA
:1028F00061F8002849D1FCF79DF9A9EB0B0B1FFAF1
:102900008BFB8146F9F746FF002844D1FFF7D2FA46
:10291000002840D1A14B1B78033B012B42D8BAF1D0
:10292000060F00F0BE80BAF1040F00F0BA80FFF786
:10293000C1FA20B1029B03F00303012B32D0F9F757
:1029400089FE28B9964B1B7803F00F03062B6FD135
:10295000944B2846B3F8E41016F0E9FA22E0284632
:1029600016F0AEFB023010F03EFF4FF6F7739842C0
:1029700006D9039B23B92846FFF71EFA0028B5D1D4
:10298000A37823F00F03A37054E0019815F078FFAB
:102990000028B0D1F4E7A9F104095FFA89F9B9F187
:1029A000020FB7D8BAF1010F40F0A280284616F006
:1029B000A8FA4FF6FF7398426AD1002331462846A1
:1029C00007AA16F034F880460028D9D042799DF83D
:1029D0002530934209D9711D2846C9B2F9F7CEFBBB
:1029E000A37823F00F030233A37010F0BEF87E2308
:1029F000B0FBF3F202FB130303F58073A3809DF891
:102A0000263013F0180F0BD0A378190708D1009BBC
:102A1000BB4205D0384698F8052005A910F0D1F83A
:102A20009DF82700003818BF01200BB0BDE8F08FDB
:102A30002823A3800020F8E7584B1B78033B012B89
:102A40005FD940F6B8339B459AD810F08EF8FF2333
:102A50008DF81330002300F03F00C0F5FA70A0801D
:102A600007A90DF113008DF81C30FBF783FE054616
:102A700098F80710384614F0CFFB002D80D09DF851
:102A80001C20013A032A7BD8DFE802F0807A697DB6
:102A90004FF6F773019A9A4224D898F80130DA0772
:102AA00020D4284616F02DFA14F022F8012808BF89
:102AB0003D4BA27809BF1B78FA2303EB830303EB9A
:102AC000830302BF9B00FA339BB212097FF458AF15
:102AD0005B45FFF455AF10F048F800F01F001030D0
:102AE000A08053E02D4B1B78033B012BA9D8D8E7DE
:102AF0004FF6F773019A9A429ED898F80130DB0797
:102B00009AD4BAF1020F53D10123314607AA2846BD
:102B100015F08DFF074614F05FF8BDF8223098429B
:102B200036D1002F3FF42CAF01227B883146284656
:102B300008F01CFC1D4A13780133DBB288F807301B
:102B400013707B88BDF81E209A421FBFA37823F024
:102B50000F030233A3704FF4C873A38016E0009BE9
:102B6000BB4213D000283FF40BAF426801323FF460
:102B700007AFC2789DF813309A42BFF401AF05E069
:102B8000009BBB4202D0A2781209EBD101204CE796
:102B9000184615F075FE0028C3D182E7FA420020DE
:102BA000F942002000300020B34D0020F742002001
:102BB000BAF1030F7FF475AF009BBB427FF471AF96
:102BC000711C2846C9B2F9F7C5FA0C287FF469AF21
:102BD000FBF774FB4FF6FF73984201463FF461AF79
:102BE000284616F0A4F95CE72DE9F3410446008875
:102BF00016F066FA0546043010F0F5FD0646A81CEE
:102C000010F0F1FD07460FF0E1F905463046B4F843
:102C1000068000F0CFFE064648B9384600F0CAFEEE
:102C200058B9194AA3781278033A012A0BD8A37825
:102C3000002623F00F03A37021E0384615F020FE94
:102C40000028EED1F3E71B09F1D1A5EB0805ADB2E1
:102C5000B5F5C86FEBD80DF10301384601AA019311
:102C600015F0A1FF9DF80350014645B94FF6FF73DB
:102C7000984204D00126208816F059F9A5803046E4
:102C800002B0BDE8F08100BFFA4200202DE9F0411A
:102C900005460C4616F011F9082802D10120BDE8BE
:102CA000F081201D10F09FFD0646284694F807800D
:102CB00016F069F90746284616F0F5F8010612D510
:102CC000184B1B78042B0ED1174B1B78022B0AD103
:102CD000164BB3F8E4204FF6FF739A4203D000215D
:102CE0000846F8F765F9124B1B78002BD6D1A01CCB
:102CF00010F079FD4FF6F773984202D86378DA073F
:102D00000DD523789B070AD13A464146304614F048
:102D10008FFA80F00100C0B200F00100BFE701208F
:102D2000FAE700BFFA420020F942002000300020FC
:102D3000A14300202DE9F04F9BB0044616F0BDF8EA
:102D40000546204616F0B9F8082851D11022002176
:102D5000204614F04EFC2046F8F7D8FF05462046E2
:102D6000F8F7F0FFC1B2284614F01FF9ADF84A4059
:102D70008DF8490048B92046F8F7C8FF01460DF123
:102D80004900FAF735FA8DF8480048F20103BDF81A
:102D900048209A4202D12046F3F734FE9DF849308C
:102DA000402B05D12046F3F72DFE1BB0BDE8F08F78
:102DB000802B17D015A806F045FEBDF84A009DF8F7
:102DC00048509DF84960F8F7BDFF0446BDF84A0039
:102DD000F8F79CFF31460090E3B2284615AA0FF0A1
:102DE00010FFE2E712A80CF039FD0028E2D0DCE782
:102DF000204616F0B5F8B0F5006F40F0008120468F
:102E000016F0C1F80646042D40F0FC80204616F06E
:102E10004AF880F40060C0F3C02000223146400030
:102E20000FF06BFE924B1A78022A0DD0FFF742F892
:102E300050B902F0FD03312B06D0043A012A03D920
:102E40008C4B1B78002BB0D02146022001F06CFB8C
:102E500004900028A9D02046ADF83E4016F030F985
:102E60000446BDF83E0016F08EF80546201D10F011
:102E7000BAFCA31C83461846029310F0B4FC10A9B8
:102E80000746BDF83E0016F0E9F963780590BDF8F5
:102E90003E0094F80080079316F09DF9637806468B
:102EA00008F0030828460A93F9F7F8FCB8F1010F77
:102EB0000CBF032302230C936F4B08BF4FF00B0989
:102EC0001D80237818BF4FF00A0903F03C03082B3C
:102ED0000B907FF46AAFBDF83E00F8F733FFB042C5
:102EE0007FF663AFB8F1010F03D0237898077FF422
:102EF0005CAF624BB3F8E430AB420DD1604A614B3A
:102F0000B2F9001093F90030002900F0A08001EB25
:102F10000313A3EB21131380A6F11003DBB2069376
:102F20008DF83D3010224846BDF83E100DF13D03AE
:102F30000FF0D1FB00283FF438AF079B13F00203DA
:102F4000089300F00981504B1B78002B3FF42DAF04
:102F5000BDF83E90484616F03EF9002382464846AA
:102F6000CDE915331793ADF8603016F00CF80AF17F
:102F70000E01029089B2484616F000F9002870D080
:102F8000002352464946009315A80E23F9F7A6F8E8
:102F900001200DF1550110F03AFC9DF861300990C7
:102FA00003939DF85430282B5BD10DF15900F9F7AC
:102FB000F7FF0D90002854D1039815F07BFA0D9B74
:102FC000002867D1314B039A1B78D31A190648D4CD
:102FD00004F042FD01283CD10EF0FDFF2C4E0546C9
:102FE000346824B104F044FD2C1B844239D30023FF
:102FF000FF2219461846FCF731FA356031E04FF6EA
:10300000FD7600E74FF6FF70301A18BF012000224E
:10301000314640000FF071FD0C2D0DD121460120ED
:1030200001F082FA00283FF4C0AE214600201BB018
:10303000BDE8F04FFDF736B82DB920461BB0BDE80E
:10304000F04FFDF7E1BC042D7FF4AFAEEAE61B02C2
:1030500061E704F001FD022803D104F0DFFC002841
:10306000BAD00022192002990FF047FD9DE600BF5B
:10307000F9420020A1430020BC4000200030002085
:103080008E4000209D430020F5420020F4420020A5
:10309000943100200122102100924846524614F03B
:1030A00014FF0028DDD0BD4B039A1B78934240F0FB
:1030B000A88002990DF1590212A8F9F7D7FB012156
:1030C00012A8F9F74FFC824648F2030112A8F9F75B
:1030D00055FDBAF1000F03D0082112A810F0EDFA47
:1030E000484616F08DF802990DF15900FBF786F964
:1030F000FE288246B5D0FF280AD1029813F0F0FFCF
:10310000FF28824600F085800DF15901FAF78CFF07
:10311000A24B039A1B78934200F0A1805046099974
:10312000FBF752F900283FF440AE50460999FBF7EF
:103130005DF923789A070FD1484616F04CF80146FE
:103140004846F9F707F800F00300012804D1029877
:103150000DF15901EAF748FABDF83E0015F0A3FE5B
:10316000030440F18380204610F03DFB40F40071E1
:1031700089B2204610F039FB00224FF40041BDF81F
:103180003E0015F081FEDDF810901022BDF83E10D3
:103190000C980DF13D030FF09EFA00283FF405AEA8
:1031A000032866D1204610F01EFB40F4007189B25E
:1031B000204610F01AFB284615F062FB002840F06C
:1031C000B780DDF81090B8F1010F40F0B780032010
:1031D000BDF83E1001F0A8F9002840F0AF8031465C
:1031E000BDF83E00F8F7B6FF0F2801467FF6DDADCB
:1031F0004FF6F7739F423FF6D8AD284614F05DFABC
:10320000D3E50120039903F051FD00287FF451AF6D
:1032100027E7237803F00303012B08D1484615F074
:10322000DAFF01464846F8F795FF082894D05C4B32
:103230001A785C4B1B789A4209D20DF15901029819
:10324000FAF780FE029813F04BFF824660E7A01C5D
:1032500010F0C9FA4FF6F7739842EED901E75046DD
:10326000FBF73CF900283FF459AF5EE74FF0000947
:103270008BE7284615F004FB0028A4D0089B002B00
:1032800058D1B9F1000F53D1B8F1010FBDF83E008C
:103290009DD03146F8F75EFF8246DFF8189199F825
:1032A0000030002B55D013F097FC87427FF47DADA2
:1032B000B8F1010F40F08680BAF1070F7CD8BAF15F
:1032C000050F7FF672AD384B1B78022B02D0043B02
:1032D000012B03D899F80030002B41D00A9B9806A7
:1032E00040F1BF800B9B002B40F0B780284607F0D1
:1032F000A7F8FF2840F0B1805D457FF456AD059BEF
:10330000002B00F0A88010AB46F204020124ADF8B7
:1033100054200193214602232846009415AA15F053
:1033200036FF00283FF441AD214613F027FE3CE56F
:10333000DDF81090284607F073FE44E73146BDF8EB
:103340003E00F8F707FF089B824613B9B9F1000F5A
:10335000A3D0154B1B78022B02D0043B012BBDD808
:10336000284600F027FB814600287FF41EAD13F0AD
:1033700033FC854230D10D4B1B78033B012B27D802
:103380000B4BB3F8E44013F027FC4B4601460D22EB
:103390002046CDF8009014F0A4FA06E5F44200208F
:1033A000F3420020B44D0020F9420020FA420020F0
:1033B00000300020F5420020AAF10E03DBB2012B01
:1033C00081D9F2E40AF00303012B7FF4EEAC7AE733
:1033D000012000F08DFBE8E4284615F051FA58B9B9
:1033E00013F017FC4FF6FF73984205D009F070FDFB
:1033F00010B92846FAF74CFD284615F041FA88B175
:1034000013F007FC4FF6FF7398420BD009F060FDF4
:1034100040B9B8F1010F02D1BAF1060F02D0284627
:1034200007F062FB059BA3B919460122584600F03C
:1034300093FB814600287FF4B8AC204615F001FFCD
:103440004A460146384600F087FB00283FF446AF65
:10345000ABE410A9E9E7059B56E7637823F0200366
:1034600063704FF6FC739F4275D1B94B1B78033BD9
:10347000012B7FF69AACA3790BB1013BA371637862
:10348000590727D50023584615AA12A9159315F0F8
:103490008AFB1598F0B108F0E5F98146384606F048
:1034A000CFFF159A0146137903F03000102806D09B
:1034B00003F00C0008281CBF23F00C0313711379D0
:1034C00003F03303202B05D1FF2903D00122484606
:1034D00008F0C0FB284606F0B3FFFF281EBF0022FD
:1034E0009C4B43F82020079B03F001094FF6F7732C
:1034F0009F4200F20781B9F1000F40F0DD802946BC
:10350000584614F090F813F067FB874200F00881EA
:10351000384615F0B5F900284AD0B8F1010F30D17E
:10352000BAF1010F20D14A463146BDF83E0007F0FE
:1035300079FF384615F0A4F9874B1B78002B6DD125
:10354000584615F09DF9002865D1384615F098F9D0
:10355000002860D129E44FF6FD739F428BD17C4B4C
:103560001B78042B87D120E4384615F089F950B335
:10357000BAF1030F27D13146BDF83E0014F0E9F946
:1035800013E4384615F07CF9384615F063F9002845
:103590003DD0002339465846BDF83E2001F046FB99
:1035A000A8B30021BDF83E00FEF79EFBFFF7FDBB70
:1035B000384615F065F918B1B8F1010FD8D0E3E736
:1035C000B8F1010FE0D1644B1B78002BB8D0BAF1F1
:1035D000050F23D113F000FB8DF8540013F0FCFA13
:1035E000000A8DF855000123022215A90DF13E00B5
:1035F000F8F7E2FC00287FF4D8AB711CBDF83E0060
:10360000C9B2F8F795FD03780133037006E0524B19
:103610001B78002B94D0B8F1010FD8D063785A07EB
:103620000CD5BDF83E40204615F097FD411CC9B2AF
:103630002046F8F77DFD0378013B0370444B1B786F
:10364000033B012B30D8B8F1010F06D1BAF1050FB9
:103650001FD113F0C1FA834522D1BDF83E00FEF719
:1036600085FC02281CD10021584615AA08F046FA0C
:1036700030B10379458003F03C0343F0400303710C
:103680000023364A009339465846127814F029F937
:1036900006E0BDF83E00FEF769FCBAF1030FE0D189
:1036A000002239461C20DFE4BDF83E00FEF75EFC38
:1036B000B8F1010FD5D1F0E7B8F1010F40F0B080BB
:1036C0000AF1FF330C2B00F29F8001A252F823F085
:1036D0002B3702002B3702007735020041370200FA
:1036E0006137020085370200A7370200B7370200B2
:1036F000CD370200CD370200D9370200F137020082
:10370000FD370200B8F1010F00F09180B9F1000F10
:1037100040F08680BDF83E00FEF7FCFDFFF745BB9C
:10372000B8F1010F7FF43DAFCAE7AAF102035A4294
:103730003146BDF83E005A4107F074FEFFF735BB35
:1037400032465846BDF83E10FEF7BCF8FFF72DBBD9
:10375000FA4200207C2A0020BA4D0020E84D0020CB
:10376000711CBDF83E00C9B2F8F7F4FC0236F6B29F
:103770000246BDF83E305846009610A90BF00CF8F2
:10378000FFF713BB3B4B1B78013B012B3FF60DAB07
:10379000069B0121009300202346BDF83E2013F034
:1037A000B7FDFFF702BB0120069ABDF83E10FCF7FB
:1037B0005BFBFFF7FABABDF83E0006F099FFFFF792
:1037C000F4BABDF83E00FEF701FAA3E7BDF83E00EB
:1037D000FEF7FCF9FFF7E9BA264B1B78013B012BFA
:1037E0003FF6E3AABDF83E00FDF7DAFCFFF7DDBACD
:1037F000BDF83E00FDF724FDFFF7D7BABDF83E0047
:103800000AF0C2F9FFF7D1BA334622465046BDF856
:103810003E100FF063FF00287FF4C7AA5146ECE486
:10382000237A03F00303012B7FF4BFAA72E70AF1A6
:10383000FF330C2B3FF6B9AA01A252F823F000BFC8
:103840002B3702002B370200773502004137020088
:103850006137020085370200A7370200B737020040
:10386000C3370200C3370200D9370200F137020024
:10387000FD370200FA42002010B50021114812F075
:10388000EDFE0446E8B115F0A7FB0F4B187020467B
:1038900015F0A7FB0D4B1870204615F0A8FB0C4B3C
:1038A0001870204615F0A8FB0A4B186001200EF096
:1038B000A8FB2046FFF73EFABDE8104000200EF0BE
:1038C000A0BB10BD704000209E4300209D430020FF
:1038D0009C4300208C310020014B1860704700BFD2
:1038E0009031002070B5164E044633680D46E3B1A2
:1038F00015F0E3FA0C2818D1204615F0E1FB092257
:1039000000210446F7F7B6FA235C042B0DD10D4BCA
:103910001B78033B012B08D80B4C25B10B4B2278AD
:103920001B789A4203D300232370002070BD0848FF
:103930003168F8F751FC2378012001332370F5E753
:1039400090310020FA420020A0430020E74D0020E3
:10395000E44B002070B50024124D2C70E9F7AAFC4E
:10396000E6B2B04212D8104B1B78013B012B04D8B1
:1039700000214FF6FF70FBF723FE00220B4B1A705D
:103980000B4B198801B11A80012070BD304606F03A
:10399000E7FDC30748BF2B7804F1010444BF01339E
:1039A0002B70DBE7F2420020FA420020E9420020BF
:1039B0002640002038B50B4B05461B7873B1013308
:1039C0005C08094B1888F8F7A1F9002330F8132098
:1039D000AA4205D00133DAB2A242F7D3002038BDA3
:1039E0000120FCE7E94200202640002030B50546D2
:1039F00085B008460C4614F004FFFF280CD013F0E5
:103A0000D8FE012200210346CDE901120092214691
:103A10002A460720FBF78EF9284606F011FDFF28FD
:103A200004460FD006F09CFDC2070DD5204606F0D7
:103A300097FD830708D40B4A32F8143043F48063AF
:103A400022F8143005B030BD13F0B3FE012200217E
:103A50000346CDE90112009207202A46FBF76AF9D6
:103A6000F0E700BFE03F00204FF6FA72431E9BB222
:103A7000934270B504462AD8FFF79CFF38BB194B18
:103A80001B78042B23D0204613F02AFBFF2801D0FB
:103A9000FAF72EF9204615F05FF808B107F0F8FEA6
:103AA0002046114E04F058FA20460FF088F831787D
:103AB0000E4D69B12888F8F729F9054601461E22FE
:103AC000023016F0C4F82C8033781E2B07D970BD55
:103AD0002020F8F7E1F928800028EBD1F7E702333E
:103AE0003370F4E7FA420020E9420020264000202B
:103AF00037B5134B05461B78022B1FD113F06CF81A
:103B0000044613F069F8FFF7AFFF13F052FE13F00D
:103B10006FF8002013F029FC40F607400FF07BF807
:103B20003DB100230D2221464FF6FD70009313F0A6
:103B3000D8FE03B0BDE8304004F04ABF03B030BD4A
:103B4000FA420020034B1B7813B90120FFF7D0BFC6
:103B5000704700BFF0420020F7B504460D461746F7
:103B600013F03AF80646002D47D04FF6FB739C42FF
:103B700043D82046FFF71EFF30B1A64204D1204BA8
:103B80001B78033B012B38D92046FFF713FF10B1F8
:103B9000012003B0F0BD2046F2F778FCC0B1A64288
:103BA000F6D00CB369462046F9F764F90246D8B955
:103BB0000821684612F053FFB0B90822694628462A
:103BC00016F035F880B12946204613F022FEDFE7D3
:103BD000A642E6D12846F9F7E3F928B90120FFF714
:103BE00087FF06F011FFD3E73FB121462846FAF7D9
:103BF00039FA2146284604F0CBF90020C9E700BF76
:103C0000FA420020044A13782BB1013BDBB2137057
:103C10000BB9024A13807047E94200202640002079
:103C20000148F7F799BE00BF264000202DE9F04774
:103C3000804617460D468CB061B903AE00211B4883
:103C400012F09AFC4FF000090446DFF860A01CB99E
:103C500020461DE00E46F1E700222146304624238F
:103C6000CDF80090F8F73AFA08224146304615F0B0
:103C7000DEFFA8B9337C9BB96FB945B92A46214606
:103C80000A4812F00AFD0A4A1388013B13800120FA
:103C90000CB0BDE8F0873B88B28953405B06ECD599
:103CA0002146504612F0BEFC0446D0E7A440002056
:103CB000A2400020024B1888003818BF012070472E
:103CC000A240002070B500252C460D4B8EB01E88FA
:103CD000EBB2B34201D30EB070BD09A80EF0C6FF1F
:103CE000204605AB01AA09A90FF093FC28B932219F
:103CF0000AA813F0D9FF0135EAE70134E4B2FAE784
:103D0000A240002040232DE9F04397B0074611A8B8
:103D10008946ADF80E300EF0A9FF02238DF844302D
:103D2000002304AE3146384604937360F9F7A2F8D5
:103D30000546002840F08A8038460FF0DBFC8046BC
:103D400012F04AFF0446002840F0B08099F8013094
:103D5000042B40F0AE80E9F7B9FA022879D1E9F7EF
:103D6000B5FA022840F0818096E8030003238DF81D
:103D7000443012AB83E803009DF85130002143F03A
:103D8000060310220DA88DF8513015F07AFF0DA909
:103D900011A80FF0B3FABDF8463009A943F00403A7
:103DA00011A8ADF846300FF008FB102209F10A0106
:103DB00009A815F03CFF0546002872D1E9F786FAFC
:103DC000022806D13146FF200DAA0FF0C4FA0028C0
:103DD0006AD134240025E9F779FA022808D19DF840
:103DE00051301B0704D430460DF10E0113F033FFA0
:103DF0002146304613F058FF10238DF81830042365
:103E00008DF81A303346002203CBCDF81B00CDF8D5
:103E10001F1006A80B218DF8195012F096FB0246D0
:103E200038B1002D14BF012303233146384603F077
:103E300079F8B8F1000F09D0342C07D106A8324622
:103E40003946F8F713FD06A80FF03AFC17B0BDE8A5
:103E5000F083234621463046009411AA01F06EFEFD
:103E600000283FF47CAFAD25C6E7E9F72FFA01281B
:103E700091D1114B1B6803F08403842B8BD196E8FE
:103E8000030002238DF844301023ADF8463012AB06
:103E900083E803009DF8513043F002038DF8513060
:103EA00079E73324AD2596E7052494E72C46A3252E
:103EB000A2E7AA25A0E700BF542C00202DE9F0437B
:103EC00036488DB0F8F724FA0EF085F8344D2B689B
:103ED000C41A4FF47A73B4FBF3F4A4B214B10EF025
:103EE0007AF828602F4F4FF6FF763B88DFF8B880CE
:103EF000ADF80A3000233B8000210DF10A0012F0DA
:103F0000ADFB054658B9284B1B882BB14FF47A718D
:103F100022487143F8F760F90DB0BDE8F0834FF027
:103F2000000924234A462946CDF8009003A8F8F753
:103F3000D5F8BDF81A30A34294BFDB1A1B1B9BB205
:103F4000ADF81A30CBB912F047FEBDF8183003F0C7
:103F50004003184380B218B9322103A80EF057FE6F
:103F6000BDF818301B0602D508980FF070F9B8F8A4
:103F70000030013BA8F80030BEE79E4228BF1E4635
:103F800001234A462946009303A82423F8F7A6F8FC
:103F90004A462946384612F0F5FAADE7602B002074
:103FA00098310020A4400020A2400020F0B5044633
:103FB000304A8DB01068516801AB03C3A378012B60
:103FC00054D1162200210DF11A0015F05AFED4F832
:103FD0002110D4F81D0003AB03C32388190644BF86
:103FE00062680892DA050BD5221D08AE04F11407A9
:103FF000354610685168083203C5BA422E46F7D1DB
:10400000ADF8183013F0040318BFA3690593E9F75E
:1040100081F90023ADF81A008DF81C3012F0DCFD98
:10402000E0B906A903A813F016FE0022242103A874
:1040300012F08BFA0446D8B10020FFF73FFF0022B0
:1040400021460D4812F09EFA0C4A002013880133D5
:104050001380FFF733FF00200DB0F0BD082201A947
:1040600003A815F0E4FD0028DFD0DAE70220F3E72B
:104070001920F1E718D50300A4400020A240002039
:10408000F7B5044600200E46FFF718FF104B1B88BB
:10409000A34202D8212003B0F0BD00210D4812F048
:1040A0006BFA002501460B4F0029F3D0A54208D139
:1040B00000243046242322460094F8F70FF82046C7
:1040C000E9E7384612F0AEFA01350146ECE700BFE9
:1040D000A2400020A44000200148F7F73DBC00BFEB
:1040E000A4400020014B1888704700BFA240002068
:1040F00030B5154A8DB051680546106801AB03C351
:1041000007A80EF0B3FDDDE90101032308AC84E844
:1041100003008DF81C309DF8293003A943F00203F9
:1041200007A88DF829300FF0E9F810B12D200DB057
:1041300030BD23462868696803C303A907A80FF0A8
:10414000BEF80028F3D0F1E718D5030070B50C468F
:1041500011460E4A23781278064613F0200542EAEB
:104160000302227018BF611D082215F070FD002D9A
:104170000CBF05200D20D4F80130B36023783373D1
:1041800003F01803082B08BF013070BDF542002072
:10419000042307B51A460DEB03010120F8F732F9A5
:1041A000019B034A1B03136003B05DF804FB00BFCF
:1041B000442C002010B5064C2368C3F30B0313B93D
:1041C00004200DF07DFF2068431C236010BD00BF5C
:1041D000442C0020014B1868704700BF442C00207D
:1041E00007B50020054B0190186004231A460DEB1B
:1041F0000301F8F707F903B05DF804FB442C002035
:104200007FB511230622012001A9F8F7FBF8084B1E
:104210009DF814201A70074B1B780BB1052B05D1A4
:104220000EF0A2FC012007B05DF804FB0020FAE7C5
:10423000F4420020F54200202DE9F04F0646CBB0B5
:104240008846008801211746F7F7EAFD2E4B3A46CB
:104250003188ADF8160006A813F0B6FD0DF1280B55
:104260005A464146C419308813F03BFDE4B208EBCE
:104270000003A34208BF044605464FF004091CBFD3
:10428000A4EB0804E4B223465A460121CDE9000913
:104290000BEB050ACDF808B02D1B06A8E9F784FA48
:1042A000EDB20BEB04030093019523465A464146B9
:1042B000308813F044FD348839462046F7F74AFF2A
:1042C000394600F0F8022046F7F758FF0121308800
:1042D000F7F7A6FD01234A46514680B10DF11600BD
:1042E000F7F76AFE01210446BDF816203088F7F77B
:1042F000ABFDB4FA84F040094BB0BDE8F08F304616
:10430000F7F75AFE0446F4E7754300202DE9F04F15
:10431000C9B0044688469246C118224A04A81F46DE
:10432000FFF714FF4FF00409C519EDB208AB029373
:10433000A5EB0A0BA8EB0A035FFA8BFBA8EB0506BB
:10434000DBB2F6B204EB0A02009301215B46CDF822
:10435000049004A8E9F728FA06F590730DEB030220
:104360005A44A2F58072136808A844F80830E35D47
:10437000324623F00703E3552C44214615F093FC05
:1043800008ABCDE9019308AA00230121009604A8F7
:10439000E9F70AFA3246204608A915F084FC49B02C
:1043A000BDE8F08F75430020F8B5064614F0E5FF30
:1043B000811C054689B2304614F0E0FEE8B129467A
:1043C0003046F7F7C7FE1228074616D80C4B691C73
:1043D0001C5CC9B23046F7F7BDFE2C44052FE4B291
:1043E00005D1052809D8074B1B5C1C44E4B22146C3
:1043F0003046BDE8F84014F0C1BE0020F8BD00BF53
:1044000016D8030010D80300F8B5054614F0E3FEF3
:104410000446284614F054FEA11C074689B22846DB
:1044200014F0ACFE00283CD021462846F7F792FE57
:104430000646611C2846C9B2F7F78CFE0F2E30D80D
:10444000194B9B5DE118731E89B2092B0ED8DFE86A
:1044500003F009050D0D120D0D181E1EC40644BFF4
:10446000083189B2820601D5083189B22846BDE8F3
:10447000F84014F083BE7B78DB0612D501EB4001D7
:10448000F3E700F01F0000EB40000144EDE71F28B8
:1044900005D8092E0ABF4000022080B2F5E7C828DF
:1044A000E4D00020F8BD00BF29D80300F8B50646C7
:1044B00014F006FE092200210546F6F7DBFC00F1A8
:1044C000100428460FF08FF9E4B207462146304623
:1044D000F7F740FE05463046F7F734FCBA05A0EB87
:1044E0000403DBB20AD47C2D0AD0082D0AD8064A70
:1044F000505D98428CBF00200120F8BD1220F8E7E3
:104500000320F6E7FF20F4E73AD80300014B1878C0
:10451000704700BFE94D0020024B00F00100187009
:1045200000207047E94D002038B5114B04461B7838
:1045300008469BB9012038BDA24205F101050FD103
:1045400003EBC1035B6898470028F3D11E20224685
:104550004FF6FF710EF0D1FA0020ECE70025054B75
:10456000E9B213F83120002AE6D11446EEE700BF85
:10457000E94D0020E0D70300002313B5ADF8043067
:10458000134B984221D10B88DA0702D5232002B0C1
:1045900010BD9B0744BF4FF47F43ADF804300D4B73
:1045A0007F221C880DF10600022321460DF08AFDB2
:1045B0004FF6FF73BDF806209A42E7D1204602224B
:1045C00001A90DF088FD0020E1E72120DFE700BF11
:1045D0001FD1BACA3CAF0300002313B50D490380B5
:1045E0007F220223044609880DF106000DF06AFDC2
:1045F0009DF80630BDF806201BB1238843F0010367
:1046000023800020FF2A82BF238843F002032380F7
:1046100002B010BD3CAF030030B10368034A136021
:10462000436800205360704721207047EA4D002006
:10463000034B1B78002B14BF442056200E307047CC
:10464000F54200202DE9F04F8DB0179C06468946B3
:10465000CDE90223BDF85870D588ADF816103CB9E5
:10466000EC0605D500970EF0F6FA0DB0BDE8F08F18
:10467000C5F380242B054FEA043448BF44F400649A
:10468000A80511D544F080040A2E00F26581DFE808
:1046900016F098002F001700370063016301370000
:1046A0001000980037009C00E90548BF44F0400422
:1046B000EAE74FF001084FF0020B4FF0000A14E058
:1046C00008A95FFA89F013F05DFFDDF82500DDF839
:1046D000291006AB03C3A24B33F81930ADF81630DE
:1046E0004FF00008C3460DF1180A002F5CD125E0F9
:1046F00006AA0DF116015FFA89F003F00DFCEFE751
:104700004FF6F773994540F2278115F4026F40F098
:104710002381944B1B78022B03D0043B012B00F226
:104720001D813FBB032E4FF001080CBF4FF00C0B57
:104730004FF0080BBA4624F4C074A4B28A4B188810
:104740004FF6FF73984206D08849F8F793FB10B1F3
:1047500024F48054A4B2039B38460093BDF816207D
:10476000534644F4027108F01FFDADF82000B0BBC1
:1047700019207AE73846F7F7E5FA0246FFF758FFBF
:10478000032E08BF0138824201DD38206DE7032E79
:104790004FF001080CBF4FF00C0B4FF0080B4FF01F
:1047A000000A24F4C074A4B2029B1B8893B91A4671
:1047B000394606200DF0A3FF0028BFD140F6014086
:1047C00053E74FF00008C34677E74FF001084FF07A
:1047D000030B72E7002339461A460720EAE74FF633
:1047E000FF73614A118899421CD014F069FC03469A
:1047F0005D4A0430118803930EF0F7FF5C49039B78
:10480000097814F4805FD9715849574A1FBF086866
:1048100098604868D8604FF6FF7313804FF0FF33FD
:104820000B604B605946029A08A808F081FD0028E9
:104830009ED0504C2378002B3CD1A7B13846F7F7D7
:1048400081FA0746BDF82000F7F77CFA2378074481
:10485000002B14BF12220022EB1003F004031744B4
:104860003B44842B91DC15F400570AD0BDF820405E
:10487000204614F018FB40F4806189B2204614F001
:10488000FDFAA6F10803012B05D801221021BDF87D
:10489000200014F0F9FA179BBDF8204043B32046DE
:1048A000BDF8161014F043FBBDF82030179A002015
:1048B0001380DAE6AA06C0D56B0103F020030A2EA6
:1048C00014BF43F0010363F07E03DBB2B8F1000FC5
:1048D00008D000215246009108A800F0B7FE002839
:1048E000ABD0C2E61A46514608A813F0F1FBF6E732
:1048F000204614F070FC21460246179B04200DF060
:10490000FEFE00283FF45AAF0A2E18D84FF4D963A0
:10491000F340DB0713D5072E0AD00A2E08D0BDF8C6
:10492000200012F090FE80F00100C0B280009CE6F2
:1049300008A80EF0E2FE0028F1D0042095E617B199
:1049400025F04005ADB22B463146BDF820005FFA98
:1049500089F201F02BFF88E6012086E6162084E626
:10496000BC370020F94200208A4D0020EA4D00208B
:10497000AC430020F5420020F7B50F469DF8281003
:104980000446DDE90B061D46F1B94FF6FF739C4264
:104990001CBF174B1C804FF000041CBF154B1A7036
:1049A000BDF8240008F05AFD00232A46CDE9004353
:1049B000394606209DF82030FFF744FE10B90EB1AD
:1049C000AB7A337003B0F0BD78B14FF6FF739C4201
:1049D0001FBF074B1C80074B1A70002211F0B5FD5A
:1049E00004460028DCD11920ECE72120EAE700BFCB
:1049F0008A4D0020AC4300202DE9F04788469DF801
:104A00002810074616461D469DF820A0BDF82490A4
:104A10000B9839B158B3002211F097FD044610B934
:104A2000192025E00C464FF6FF739D421FBF114B26
:104A30001D80114B83F800A04FF6F7739E4208D8F3
:104A40000E4B4FF6FD761A784FF6FF73002A18BF0B
:104A50001E46484608F002FD00233A46CDE90843C9
:104A600031464346BDE8F0470320FFF7EBBD212068
:104A7000BDE8F0878A4D0020AC4300203042002082
:104A80002DE9F04786B09DF838600546DDE90FA8AE
:104A90000C4617469946B6BB374B1B78022B1DD1E7
:104AA00025BB4FF6F7739C4214D80026484608F001
:104AB000D5FC00233A46CDE900632146FF23284672
:104AC000FFF7C0FD38B9B8F1000F04D0BB7A88F801
:104AD000003000E0012006B0BDE8F087043B012B68
:104AE000DED908460EF006FE10B31DB3022D31D1FB
:104AF000E8F7D4FBA042EDD9204B33F814204FF651
:104B0000FD739A4219E0BAF1000F32D01A4B1B78AC
:104B1000022B05D1FFF78CFDB042E6D23820DAE750
:104B2000043B012BF6D908460EF0E4FD0028F1D134
:104B30001620D0E74FF6F7739C42CBD8002EB4D0A6
:104B400031460022504611F000FD06460028ADD146
:104B50001920C0E7012DBDD104AA0DF10E01E0B26C
:104B600003F0DAF9064B1B78A342B3D9BDF80E2047
:104B7000C5E72120AFE700BFF9420020BC37002085
:104B8000AB4D002030B5104B87B005460C46186879
:104B9000596803AA03C298680C4910609A88DB8898
:104BA00052BA23F04003ADF812300023CDE90043A0
:104BB000ADF81020FF23098803AA0720ADF80E5096
:104BC000FFF740FD07B030BDB0400020BC400020E2
:104BD00038B50C461146124A124D108022682A60E0
:104BE00062686A60A268AA60E288500616D5EA8800
:104BF000520613D561B10022184611F0A6FC0146F9
:104C000050B16088FFF7BEFF0522074B1A7038BD10
:104C1000084611F048FEF2E71920F5E70220F6E712
:104C2000BC400020B0400020BD4300202DE9F04FE3
:104C3000074689B0104615461C468A4614F0CBFA42
:104C400001462846F7F786FA0646284614F038FA51
:104C500004300EF0C8FD804611F0BEFF804550D0F4
:104C6000B2074ED1DFF8AC80284605A9B8F800B0ED
:104C700014F08FFB9DF81930A8F8007003BBBDF845
:104C80001430EBB9284614F01BFA02300EF0ABFDDD
:104C90004FF6F773984294BF4FF000094FF00109A7
:104CA00001230134E4B22A463846CDF8009005A924
:104CB000039303F0FBFE039B40B901339C421ED2D9
:104CC0000020A8F800B009B0BDE8F08F022CF8D1A0
:104CD000012BF6D10C4A0D4BA3F800A01378591CF8
:104CE00011700B4A7F3B16F00C01137007D1BDF811
:104CF0001A305B0603D5BDF81600FFF743FF022309
:104D0000D1E70020DFE700BFF74200208A4D0020F6
:104D1000AC430020BC4000202DE9F04F8BB00F4683
:104D2000ADF81E0014F0CCF900F1020A0546504619
:104D30000EF059FDBDF81E400646204614F04BFA11
:104D400001462046F7F706FA814600F00308281DC1
:104D50000EF049FDB54C208011F03EFFB0422DD041
:104D60004FF6F7739E4229D86B78DA0726D430467F
:104D700013F070FD30B101233146BDF81E202088AC
:104D8000FFF754FF11F028FFA84B1B8883420FD177
:104D9000BDF81E40204614F01EFA01462046F7F7E3
:104DA000D9F910F00C0103D1BDF81E0001F0BCFDD3
:104DB00000229F4B1A600BB0BDE8F08F9D49BDF8F3
:104DC0001E0014F0E6FA9C49BDF81E0014F046FAE5
:104DD0000028994B08BF0023954ABDF81E001360B8
:104DE00014F0FAF8954B1870BDF81E0014F0F9F89D
:104DF000934B1870BDF81E0014F0FEF8914B18602C
:104E000000238DF822305FB38A4BDB889B0627D5C1
:104E100011F0E2FE10B38C4B1B689E071ED4B8F154
:104E2000010F14BF082318230DF122020092002263
:104E30000DF11E00114600F009FC88B1B8F1010F18
:104E4000A0D1824B1B78112B9CD113F0D1FA0028F2
:104E500098D140F61D40F9F7E7FE93E70823E3E712
:104E600050460EF0C0FC4FF6F773984240F2F280C5
:104E7000B8F1010F00F0FA80B8F1020F00F0638181
:104E8000B8F1000F7FF47EAF6A4DBDF81E00EB88CD
:104E9000ADF82400049314F013F9BDF8246007461C
:104EA000304614F098F901463046F7F753F98DF87B
:104EB0002300B81C7E780EF096FC074611F08CFE9D
:104EC00006F00106B4F8009003906C88002E7FF481
:104ED00059AF4FF6F77A4246494657458CBF0620F0
:104EE00008200DF00AFEBDF824B0584614F073F9FE
:104EF00059460246434604200DF0EDFB57458346D4
:104F00000AD8B5F90620EB88002A05DB580603D538
:104F100041462046FFF736FEBBF1000F3FF432AFAB
:104F20002B88002B58D16B79002B55D14FF6F77396
:104F30000DF126019F42BDF8240094BF4FF0000BF5
:104F40004FF0010B13F07DFBDFF8E0A000F1FF381C
:104F5000BAF800305FFA88F80593EB884146BDF84F
:104F600026000693F7F7F6F8069B04990190009344
:104F700022465B460598C1F34011E8F7EDFE002894
:104F80003FF400AF424606202A4BBDF826100DF034
:104F9000A2FB00283FF4F6AE48F202036A889A4268
:104FA00005D1BDF82410BAF8000000F0D5FF214D5E
:104FB00009AA29460DF123000EF0A7FB034600289D
:104FC0007FF4E0AE2104BAF80000BDF824207DD5BE
:104FD0002346294613F04AFB9DF82330154D03F074
:104FE0000C030C2B40F09580288913F00AFB002855
:104FF0003FF4C8AE039B002029894B4514BF02260D
:10500000032602F061FE124B18704FF6F7739F42B1
:10501000BDF8240000F29580A4F1380253425341B8
:105020003246044904F0A2FCACE600BFBC400020BC
:10503000A0310020B0400020A44300209E43002067
:105040009D4300208C310020542C0020F942002088
:10505000BC430020B8F1020F75D03E4BB3F90630C7
:10506000002B26DAB8F1010F7FF40AAF11F0B4FD7E
:10507000238883423FF486AE0520BDF81E10FFF75B
:1050800053FA00283FF47EAE324AD3885B0607D538
:105090000023CDE900330A20FF232188FFF7D2FA4D
:1050A0003A469DF822302188BDF81E0002F040F9F2
:1050B00068E6BDF81E00F6F745FEA0F11001C9B282
:1050C000284600F073F80028CCD05BE60221DFF818
:1050D000948088F800102946CDF800B003F0E6FC73
:1050E000132C3FF479AFEB885D043FF575AF1A4B95
:1050F0001B78D80704D598F80020022A3FF46CAF3B
:1051000099077FF53FAE98F80030012B7FF43AAE57
:1051100062E700222B79114800936B7911460088D1
:1051200002F0FAFD0E4B18709DF8233003F00C03CB
:10513000082B7FF46AAF039B4B4514BF042605265A
:1051400063E701236CE74846BDF81E20014901F0E2
:105150005DFB17E6B040002033420020BC40002039
:10516000BC430020AD43002010B50021084811F0D9
:1051700075FA044650B101460420FFF7D5F928B16D
:105180002046BDE810400121FFF7C6BD10BD00BF9D
:10519000A0400020034BFF211A780348920014F02E
:1051A00070BD00BFAC4D0020F020002070B5451848
:1051B00004464FF0FF31AC4212D1104B10481A7820
:1051C00005460023934211DB0E4C2078431CB3FBB1
:1051D000F2F602FB163345F82010237000200CE095
:1051E00014F8010BE3F772FA0146E4E750F8044BB8
:1051F000A14201D00133E5E7012070BDAC4D002094
:10520000F0200020AE43002007B5042301220DEB5F
:1052100003011046F7F7F6F8019B034A1B031360DE
:1052200003B05DF804FB00BF9C310020014B1868FF
:10523000704700BF9C310020014B1868704700BFC9
:105240009C31002010B5064C2368C3F30B0313B93F
:1052500001200CF035FF2068431C236010BD00BF07
:105260009C3100202DE9F04F93B003930023DDE93A
:105270001C79069399F8003083460DA804930E46D6
:1052800015460DF0F3FC99F8003013F003043FD0FD
:10529000039B0DF1250A8DF82430002208213846A1
:1052A00011F0DDFB002871D0288813F009FF99F870
:1052B00000301C074CBF043002300EF094FA07A9EE
:1052C0008046F7F701FB9DF824300446980634D554
:1052D000288806F10D0113F051FFB0B10023721DB3
:1052E0000093384608232988D2B2F6F7F7FE99F8DA
:1052F000003003F01803182B4AD1B8F1000F47D043
:10530000A94BB3F8E430434542D040F60A4327E0C6
:105310002888711D13F032FF0028F6D00094052371
:105320003246298809A8F6F7D9FE9DF824300DF1F8
:10533000240A03F018030393AFE714BB3946404631
:10534000F7F798FD0028D2D099F800309907DCD003
:10535000402322462146404613F037FA40F60943DF
:1053600099F8002012F0030440F0F7802888039396
:1053700013F009FE224601461A200DF0BEFB039BE6
:10538000EBE007AB03CB38607960B0E74FF6FF780E
:105390000EF09EF9044620B104213846F7F7BCFA16
:1053A00004461E9B002B5AD009231E990DA88DF888
:1053B00034300DF084FF209B0BB1209B0693039BA0
:1053C000002B40F08E800DA8E8F7A8FA99F800307D
:1053D0009A0700F09880FFF735FF514602460120FA
:1053E0000EF007FA99F800309B0710D55946288827
:1053F00013F0A5FF0BF1090350FA83F35FFA83FB67
:105400005946288813F083FF00EB0B06F6B299F893
:10541000003013F0C20F0AF104030DD09DF82420D0
:10542000624942F020028DF824200A68CAF804205C
:105430004A685A600AF10C03012209A81B1A00925B
:1054400029883246DBB2F6F749FE324659462846ED
:10545000FEF7F2FE002800F0A48000237DE01F9BF1
:105460005BB19E460DF1340CBEE80F00ACE80F00B6
:10547000DEF80030CCF800309DE7049B594603F07D
:10548000200328880493F6F765FE10F0030F0CBF85
:10549000012300230593049B059A003B18BF0123B9
:1054A00042EA430300930DAA06AB38461F9900F069
:1054B00045FB049A034682B1002880D0059B0DAAC3
:1054C0000093384606AB1F9900F038FB034699F865
:1054D000002022F0200289F80020002B3FF46FAF5B
:1054E0003EE7039B102B06D1BDF8363043F0010395
:1054F000ADF8363067E7039B182B4FD1BDF8363037
:1055000043F00203F4E701200DF125010EF07FF9CD
:1055100099F80030824613F0040F288821D1069BA9
:105520001BB3002C35D013F02EFD002201461620AF
:105530000DF0E3FA84B17FB14FF6FF7398450BD0BD
:1055400000230DA91A4638460EF00EF8394640469B
:105550009DF835200EF0D4F80123184613B0BDE8AD
:10556000F08F002CDFD1114F01E0002CDBD10023A4
:105570003246009359463B4612F0A7FC00283FF400
:10558000C4AE002C3FF469AF069A0AF10103136020
:1055900063E71B685345C6D80124E8E740F60A4391
:1055A000DBE71923D9E700BF003000207543002056
:1055B000002307B5064A0193136004237F210120CD
:1055C0000DEB03020CF07AFD03B05DF804FB00BFA5
:1055D0009C31002037B505460C46F7F733F840B349
:1055E000012D03D0032D15D0022011E0154B1B68AF
:1055F000A342F9D8611CF7D0230B0193114B012270
:105600001C6004230DEB03010020F6F7FBFE0020D5
:1056100003B030BD0C4B1B68A342E5D8621CE3D03D
:10562000230B0193084B1C6004231A460DEB030166
:10563000EAE7631CD8D0230B012D0193DED0032DA4
:10564000F0D0D1E79C310020442C00202DE9F04F10
:105650000446B1B000888DF82F3016468A463A9F2E
:1056600013F0B9FD01468146208813F050FE00EB8F
:105670000908208813F081FE00239DF82F505FFA5F
:1056800088F815F0010B0790ADF8363008D10146C7
:105690000DF13602208813F02BFD08B1ADF836B0BD
:1056A00016B9CDE90E660EAEFEF704FB18B145F053
:1056B00020058DF82F500023CDE9033302930DF11F
:1056C0002F03CDE900632246534641464846FFF783
:1056D000C9FD0546002800F0B8809DF82F3013F072
:1056E000010B46D123F020038DF82F3011F074FA0E
:1056F00070B1754A10AB106851685D4603C3184617
:1057000000F0EEF90890FEF7EDFCABB2984239D804
:105710000FB100233B70BDF83630CBB1012120889A
:10572000F6F77EFB27880546002800F0BC800121A3
:105730003846F6F775FBBDF8367005463846F6F77D
:1057400001FB002300903A461946284611F059F80B
:105750000023CDE9033302930DF12F03CDE900635C
:105760002246534641464846FFF77CFD0546002841
:105770006BD011F031FA002840F0AC80284631B0EF
:10578000BDE8F08F18AB14AA26A9E8B20DF041FFCE
:10579000002875D1082210A927A814F048FA089B00
:1057A0008346002B68D09DF8A53013F0020F0993B3
:1057B00062D0082212A927A814F039FA00285BD178
:1057C000099B590758D50FB101233B7014AB0DF15C
:1057D000740C0FCB8CE80F00BDF83630CBB1012133
:1057E0002088F6F71DFBB4F800B000284DD0012149
:1057F0005846F6F715FBBDF8362083461046099249
:10580000F6F7A0FA00231946099A0090584610F0BE
:10581000F8FF2E4B22460493002303931DAB029303
:105820000DF12F03CDE90063414653464846FFF78B
:1058300019FD28BB089B002B33D012AA4FF48271AC
:105840004FF400501DAB00F0D5F811F0C5F988B148
:105850001F4B1B689A070DD4FEF72CFA50B11A4A59
:1058600018AB1068516803C3002226A918A812F0CB
:10587000B6F918BB002581E727B9BBF1000FA5D009
:10588000013540E700233B70F7E7BDF836200A906A
:1058900010460992F6F756FADDE9092307990090B8
:1058A000B4E7089ACAE7BDF836B05846F6F74AFAA0
:1058B0002B4600905A463846079947E726A918A86C
:1058C00012F0C9F9D0E700BF18D50300502C002012
:1058D000542C00209DF82F3003F01103102B7FF47F
:1058E0004DAF3E4B1B78432B7FF448AF3C4B1B68BE
:1058F0005B067FF543AF208808F1050113F03EFCFD
:10590000834600283FF43AAF41462088F6F722FC50
:10591000344B10F0200F08BF1E4612A800F0E0F82C
:105920000822314612A814F082F9002852D03146DC
:1059300012A80DF094FE012326AE009332460023F8
:1059400014A912A800F0FAF800287FF417AF12ABE0
:105950000DF12F07CDE903600290009322465346D4
:10596000414648460197FFF77DFCA8B3BDF89A3041
:10597000102043F0080318AA14A9ADF89A3012F0C9
:105980000BF900287FF4FAAE12ABCDE90360CDE944
:10599000017000932246534641464846FFF762FC99
:1059A000054600287FF4EAAE18AB4FF49071002052
:1059B00012AA00F01FF84FF00051002012F0B9FCBD
:1059C000BBF1000F3FF456AF4FF08051002012F0B2
:1059D000B0FC4FE78346AEE714ABE6E7F9420020A0
:1059E000542C0020E6300020014B1860704700BFA7
:1059F000502C0020F0B5164691B0074609A80D4678
:105A00001C4612F090FC3EB1336845F04005CDF8DD
:105A100026307368CDF82A301B4B1A6822EA070239
:105A200042EA050119604B040DD5BDF824200B0A8C
:105A300003F4E243C9B222F4E3420B4322F07F02B3
:105A40001343ADF824301A230822002009A9F6F7E1
:105A5000D9FCB4B104A80DF009F902236A468DF807
:105A600010301546234604F110061446186859688C
:105A7000083303C4B3422246F7D1294604A80DF0E7
:105A80001EFC11B0F0BD00BF542C002047F2FF10E7
:105A9000044B196841F48042014041F480411A608E
:105AA00012F047BC542C002000B589B0FEF7A8FBCB
:105AB00001A812F038FC0948BDF80420016813025F
:105AC00021F0FF0103F4E2030B43D2B2134343F48A
:105AD0008043036009B05DF804FB00BF542C002034
:105AE00010B50C4B0446186888B0830706D54FF0F4
:105AF000FF3323600120636008B010BD10F0400048
:105B0000FAD001A812F00FFCDDF806302360DDF8B2
:105B10000A30EFE7542C002008B5074B02461B68FB
:105B200013F0400305D118461946FFF763FF012023
:105B300008BD0020FCE700BF542C00202DE9F047F1
:105B40009EB080460C461D4691469DF898A0A2B195
:105B5000164630460DF08AF81AF0020F0FD004B93D
:105B600017AC22463146404601AB0DF030FD0DB179
:105B700000232B601EB0BDE8F0870DAEE9E701AB56
:105B80003146404605AA0DF0EFFC73780AF0010A91
:105B9000FF2B26D0002840F0B68054B105AA09AFEB
:105BA000134603CBBB42206061601A4604F108042F
:105BB000F6D125B17278554B03EB82032B60BAF115
:105BC000000F01D10020D5E7BDF80430D906F9D483
:105BD00018204FF6FF7172780CF08FFF40F60E40E0
:105BE000C8E74B4F3DB110F0F7FF10B13B689A0783
:105BF0002BD500232B603B6803F03003102B01D022
:105C0000202B24D117A812F08EFB082240460DF15C
:105C10005E0114F00CF820B13B6803F04403402B04
:105C200015D0BAF1000F15D109A812F09AFB022382
:105C30003370002C4CD1B9F1000FC3D010F0CCFF61
:105C400060B3301DFFF74CFFBCE7324BD2E740F6A4
:105C50000A408FE73B68DB03E6D509A812F081FB19
:105C60000223337074BBB9F1000FB1D010F0B4FF50
:105C7000F0B1301DFFF734FFAAE73B6803F084035F
:105C8000842B2CD009AB0DAF1A4603CABA42206050
:105C90006160134604F10804F6D105E025463B682F
:105CA00003F08403842B28D0301DFFF719FF26E072
:105CB0003B68012503F08403F4E73B68012503F00A
:105CC0008403DDE710F088FF0028F6D00125D9E72E
:105CD00010F082FF05460028CFD00025D2E712A899
:105CE0000CF0C4FF022312A88DF84830E7F716FE27
:105CF000224608214046E7F715FD10237380002D4A
:105D00003FF460AF64E72D2034E700BFBC200020E3
:105D1000542C0020502C002049B9084B197849B167
:105D20004EF66023594328B10548F6F755BA41F2BB
:105D30008831F8E70248F6F7EBBA00BF314200209D
:105D4000A02B002070B586B0054610F045FF10B9B5
:105D5000022006B070BDF6F71DFC0028F8D001A89F
:105D6000FFF7BEFE06460028F2D08DB92E4B1C6808
:105D700014F0020406D02D4B1B78112BE8D12C4BCC
:105D8000B3F8E4404FF481630221ADF80C3023E016
:105D90002846F7F705F90028DAD1234B1C6814F0E0
:105DA000020406D0214B1B78112BD1D1204BB3F824
:105DB000E4400822294601A813F039FF0028E1D069
:105DC0004FF4027300260A21ADF80C302B68CDF891
:105DD0000E306B68CDF81230002203A810F0B5FB2E
:105DE000024608B91920B4E70F4B196801F03003D7
:105DF000102B17D0202B14BF01230323490001F0DF
:105E000004010B432046002101F08CF80028E9D062
:105E100000210120FFF780FF16B10122054B1A7007
:105E2000002096E70323E9E7542C0020F9420020E4
:105E300000300020A343002030B5002585B0CDE917
:105E40000055F6F765FA10F0C7FE1E4C60B906F073
:105E5000F1F90D25002108462170FFF75DFF294665
:105E600068460CF0D4FE18E023784BB31649174867
:105E70000A780078904223D90132012B0A700ED1A2
:105E80002A464FF4A071284602F006FDC0B2B8B908
:105E900041F288310E48F6F79FF905B030BD022B6C
:105EA00009D1284602A9F6F7E5FF0028EED102A89D
:105EB000FFF748FFEAE7032B02D101F0E7F9E5E736
:105EC0000425C7E7AF430020B0430020F24D002077
:105ED000A02B002070B51B4A1B4D0446516810686A
:105EE00086B02E7801AB03C31EB10224204606B053
:105EF00070BDF6F7A7FB0228F7D110F06DFE002861
:105F0000F3D003A800F032FE082201A90DF10E0023
:105F100013F08DFEA0B10D4B32464FF4A071304608
:105F20001C7002F0B9FC04460028DFD10123084AA6
:105F300041F2883107482B701370F6F74DF9D5E719
:105F40002324D3E743D80300AF430020F24D0020C1
:105F5000B0430020A02B0020F0B50C4600219BB0E0
:105F60002B4F0646492207A8069113F08AFE3B787C
:105F7000012B34D19EBB0DF10E01204612F061FBC6
:105F80000546BDF80E00F5F7DDFE441BE4B2BDF892
:105F90000E1006A823462A460096F6F79FF83046CC
:105FA00004A9F6F767FFD0B9CCB19DF81920B2B9B2
:105FB000BDF8233003F47E43B3F5285F1ED3B3F559
:105FC000385F0ED31349BDF80E000B6843F400038D
:105FD0000B6029460DF06FFB18B104233B701BB01A
:105FE000F0BD01220C4B04A81A70FFF7ABFE41F282
:105FF00088310A48F6F7F0F80223EFE711463A70C5
:10600000FFF78AFE1E2104A80CF001FEE7E700BF9F
:10601000AF430020542C0020B0430020A02B0020D0
:10602000014B1870704700BFB0430020014B187837
:10603000704700BFAF430020014B1870704700BF8E
:10604000AF4300202DE9F04F0446408891B00E295F
:106050008846ADF81A0079D094F80890A77913F023
:106060002FF809A90546BDF81A00E67913F091F951
:10607000BDF81A0012F017FF420542BFBDF82A30E2
:1060800043F40053ADF82A30E379DB0642BFBDF894
:106090002A3043F48053ADF82A30BDF82A309806F0
:1060A00013D5022F58D10CA9207A12F06BFADDF823
:1060B0003500DDF8391007AB03C307AA002104231C
:1060C00000910DF11A00FFF7C1FA0121BDF81A0085
:1060D000F5F7A6FE022F82464AD1484B33F81950F5
:1060E000B8F1000F7FD0BDF82A2051067BD54FF6BE
:1060F000FB739D4277D8424B1B78033B012B04D89E
:10610000404BB3F8E430AB426DD0D30502D52846FE
:1061100012F082FCBDF82A30D80464D5002F34D1A7
:10612000BDF81A0012F0BFFEC10664D548F2340370
:10613000BDF826209A4209D1334E3078FF2805D089
:1061400003222946FBF74CFBFF23337000232380F7
:10615000638011B0BDE8F08F012F01BF237A2B4A75
:1061600003EB430302EB830314BF00229A1CA5E751
:10617000012F05D10C2303FB09F3244AD55AAFE7BD
:10618000A81C0DF030FB0546AAE7284601F0E4FE06
:10619000BDF81A0012F087FEC206C7D463895046C4
:1061A0000593F5F7CFFD83465046F5F7AFFD059B08
:1061B00002905FFA8BF04A463946019000934046C0
:1061C00009AB0CF008FDB8F1000F14BF0B2009203B
:1061D00016F0030218BF02F1FF32294618BFD2B2EF
:1061E0000CF08BFCA2E7BDF81A0012F05CFEC306AF
:1061F0009CD4002FD2D1A946D0E700BFBC370020E5
:10620000FA42002000300020F64D00202C370020FC
:1062100070B500240C26104B104D2A78A24205D8E8
:10622000C2B9BDE870400E48F6F772B8598869B92E
:10623000013AD2B2A2422A70EFD0121B184603F1E3
:106240000C01724313F003FD0346E6E701340C33FF
:10625000E4B2E2E770BD00BFD4340020B3430020B5
:10626000044C002070B5194B194A1D780023DCB28C
:10627000A54200D870BD144666880133864202F1FB
:106280000C02F4D1E379A58803F040028DB9CAB1BC
:1062900023F00403E37112F013FF037803F07F038C
:1062A000037021880029E5D1BDE870400948F5F761
:1062B00093BF00216580A180002AE9D1BDE870402C
:1062C000FFF7A6BF2046FFF7BDFEF7E7B343002068
:1062D000D4340020044C00202DE9F047044686B059
:1062E00040880F46154612F0EBFEA3798046082B36
:1062F0004FD8DFE803F0052E184E4E4E4E4E0500E7
:1063000002300DF070FA002D4BD06946F6F7B2FD61
:1063100000283ED1684601F0C9FEB0FA80F040097D
:1063200006B0BDE8F08702A9207A12F02BF96B467F
:106330006E46DDF80D00DDF81110304A03C3237AF4
:1063400032F813902E4AD05C75B1314612F03EF906
:10635000E6E7237A2B4903EB430301EB830231F891
:106360002390907A961CEFE74FF6FB7AD14512D92D
:10637000304604F013F84FF6FF739842054612D0EA
:106380000146304601F004FE554505D9E379DA06A9
:106390000BD40020C4E74D46294608F102000DF059
:1063A00024FA0120BCE74D46F0E74FF6FC7845455E
:1063B00011D103F00C030C2B1BD1D7B130464FF693
:1063C000FD7101F0E5FD40F602412046FFF73AFE7F
:1063D000FFF71EFFDDE74FF6FD739D4209D1002355
:1063E000304619461A4602F013FB4146304601F08A
:1063F000CFFDE37943F00C03E371CAE7BC3700201B
:10640000584200202C37002073B5044640880E46C1
:1064100012F056FE02300DF0E6F90DF06BF918B1EE
:10642000A11C201D0DF06BF9E6B1E5790135EDB247
:10643000E57115F0400514D0E6F724FF012205466A
:1064400000212046FFF748FF18B1334B1B882B442F
:106450009DB2324B1B78042B01BF2F4B1B885B195D
:106460009DB22580002231462046FFF735FF0028E7
:1064700031D0608812F024FEE279294922F00C0321
:10648000E3710B7805460133DBB20B70C371254B0A
:10649000A61C1B780BB3E37998061ED52249097810
:1064A00061B900220123114630460092FFF7CEF871
:1064B00098B1E37943F00303E3710CE05906F0D59A
:1064C0009207EED500220423114630460092FFF7D2
:1064D000BDF80028E5D002B070BD30460DF00DF9D2
:1064E0000028F8D16088FBF741FD50B10128F2D1B6
:1064F000E37943F00803E3712B7803F07F032B70FB
:10650000E9E7E37943F00403E3711B06E3D5074BA6
:106510001A78074B1A70DEE7624D0020FA4200201D
:10652000F7420020F5420020F34D002036420020C3
:10653000B24300202DE9F74F06460BF047FD5D4BB7
:106540000546B3F8009018805B4BA0EB09041B785C
:10655000A4B2A34298BF00234FF000084FF6FF7784
:1065600088BF1B1B544A88BFDBB21370DFF85CB1D5
:10657000A9EB00030093514B5FFA88F2197891421E
:106580000ED80EB1FFF744FE4FF6FF739F4200F0A6
:106590008A8039464A4803B0BDE8F04FF5F71CBE83
:1065A000BBF80220002A3CD0464B9BF80720187805
:1065B000BBF800A0042818D00020BAF1000F08BFD3
:1065C000A2462044504523D2BBF80010009B19443A
:1065D000ABF80010002E4AD002F04802482A46D1FB
:1065E00000215846FFF710FF41E00192F6F77EFBCD
:1065F00030F01003019ADFD1FAF792FC324B019A86
:10660000B3F800C08445D7D9ACEB000080B2D4E722
:1066100002F00C00042807D10022ABF800200BF197
:106620000C0B08F10108A6E7510602F0030C02F07A
:1066300008000AD508B3BCF1030F21D1BEB140F662
:1066400002415846FFF7FEFC11E040B3BCF1010FD8
:1066500025D11206F2D44FF4C862ABF800209BF8A3
:10666000072022F0030242F002028BF80720BBF859
:106670000020974228BF1746D1E703208445DDD28A
:1066800013060ED50C4B1A780AEB0200844208DA86
:106690004A44521B0AEB0201ABF80010E7E7012065
:1066A000ECE701219DE7064803B0BDE8F04FF5F7A0
:1066B0002FBE00BFA6400020B2430020B3430020FD
:1066C000044C0020FA420020624D0020D434002007
:1066D0002DE9F04100250C270A4EDFF83080337891
:1066E000ECB2A34204D8BDE8F0410748F5F734B94D
:1066F00007FB0484A01CF5F72FF9201DF5F72CF9F2
:106700000135ECE7B34300209C400020D434002046
:1067100070B500240C4D0D4E2B78A34208D81B1BDE
:10672000DBB22B707BB9BDE870400948F5F7F0BDCE
:1067300004EB440040F6024106EB80000134FFF711
:1067400081FCE4B2E8E770BDB3430020D4340020FC
:10675000044C00202DE9F041002506462F46114C3F
:10676000DFF8448098F80020EBB29A4203D8BDE8E5
:10677000F041FFF74DBD608812F0A2FC02300DF031
:1067800032F8B0420AD16088F8F73EF900230E21B2
:106790001846628803F0F8F9278067800C340135C9
:1067A000E0E700BFD4340020B3430020F8B5144E16
:1067B000DFF854E035789EF800E0124F05EB450411
:1067C000AE454FEA840C07EB840416D0002503F491
:1067D000835343EA1323A1712272E371608027F887
:1067E0000C50A58006F040FE3378608101332846C6
:1067F0003370FFF79FFE2846F8BD40F60340FBE7E5
:10680000B3430020D4340020A94D00202DE9F04FDF
:10681000354B0E461C78174685B05CB9B1F9068039
:10682000DFF8CC90DFF8CCA0DFF8CCB099F80030DE
:10683000A34202D805B0BDE8F08F04EB44050AEB93
:106840008505A88800B9688801A912F0A2FDB27A6E
:106850009DF80E309A4244D1B8F1000F0FDA317A28
:106860009DF80C203389914209D8204800780844CB
:10687000824236DA521A1B0A1341D90731D53846FB
:1068800012F07BFDBDF80A3004469A0602D5F38863
:106890009B06CFD5EB7903F00C03042B08D1688855
:1068A000F8F7B2F800236A881946184603F06CF925
:1068B00000212846FFF7C6FBFFF7AAFC3846F5F78C
:1068C00041FA844208D22B7A01228BF800303146FB
:1068D0000023384603F04AF8B8F1000FAADA002482
:1068E000A4E70134E4B2A1E7B1430020A84D0020A1
:1068F000B3430020D4340020BC43002008B50BF083
:1069000065FB074B1B88C01A80B2B0F5807F05D9A4
:10691000BDE8084000210348F5F75EBC08BD00BF94
:10692000A6400020044C00202DE9F04788B0044622
:106930000D4612F050FC01462046F5F70BFC10F016
:10694000030340F0848010F00C0F06D12946204646
:1069500008B0BDE8F047FFF785BC204612F0A3FA67
:10696000C10659D4204612F036FC01462046F5F700
:10697000F1FB0746204612F0A3FB064602300CF05E
:1069800032FF05A98046204607F00C0796F806A0BE
:1069900012F0FFFC73780C2F0CBF03270627012190
:1069A00013F0010F204618BF0327F5F739FA2B4BD8
:1069B00081461B78033B012B1DD9BAF1010F1AD96F
:1069C0004FF6F773984502D8337A1F2B13D9301D31
:1069D0000CF009FFF179824610F01EFC0646504685
:1069E000F7F764FBDEB173685A1C04D0834340F6AA
:1069F000024308BF1D461A4B1B88A34212D1B5FAA9
:106A000085F04009FAF774FD204612F07AFA002268
:106A1000014607200CF071F808B0BDE8F08740F699
:106A20000245E8E706F020FD82464846F5F78AF978
:106A300006464846F5F76AF9F6B2029042463946EC
:106A40002846CDE900A605AB0CF0C5F8DCE7012B24
:106A5000E2D110F00C0FDFD178E700BFFA4200203E
:106A60009C400020002210B5094B1C78094BD1B284
:106A70008C4201D8002010BD197A814202D1997947
:106A8000022902D00C330132F1E70120F3E700BF05
:106A9000B3430020D43400200146002210B5084B37
:106AA0001C78084BD0B2844201D8002010BD187A5F
:106AB000884202D198790128F8D00C330132F1E7ED
:106AC000B3430020D4340020002210B40A4B1C78B9
:106AD0000A4BD1B28C4203D85DF8044BFFF798BB48
:106AE000197A814205D19979012902BF00211980C3
:106AF00059800C330132ECE7B3430020D43400203A
:106B0000024B1878003818BF01207047B3430020AB
:106B1000044B1B6813F0300F03D02021302011F0FC
:106B200008BC7047542C0020002310B504460849C7
:106B30001A4601EA00414FF07F60FEF75BFFE30772
:106B400003D50021302011F0F4FB002010BD00BF60
:106B500000007207044B5B8823F4784323F08D0315
:106B600003800020704700BF542C002008B500228D
:106B70000346C3F80220C3F806200B4A023012680D
:106B8000D1B212F0200F18BF41F010011980930705
:106B900001D4FEF7A5FF054B1B78023B032B8CBFEE
:106BA0001720002008BD00BF542C0020F94200200F
:106BB00038B505460C46FDF723FB98B10E4B187807
:106BC00078B10E4B1B681A040FD58CB113F0420F2D
:106BD00000D17DB103F44073B3F5407F0CBF0020BA
:106BE000232038BD40F60840FBE740F60B40F8E7AD
:106BF0002046F6E72320F4E7F5420020542C00203D
:106C0000F0B504468DB007A80D4616460CF02EF8D8
:106C10001022002103A813F034F85CB1234603AC22
:106C200003F11007224618685968083303C2BB42B3
:106C30001446F7D1012703A986EA070307A88DF8B0
:106C40001C708DF81D300CF02BFB80EA070401A8A6
:106C5000E4B20CF0FEFAB6B101A88DF806500CF0C3
:106C6000BBFB64B1002303A907A88DF81D300CF00D
:106C700026FB0C4B1B78432B01D1F7F769FB0A4B22
:106C80001D700DB0F0BD01A88DF807500CF0A4FBED
:106C9000002CF6D003A907A88DF81D700CF00FFB8F
:106CA000EFE700BFF9420020F4420020F0B50125D3
:106CB00093B007460DA80C460BF0D8FF05A90DA808
:106CC000ADF834500CF01AFB01A80CF0C2FA09A977
:106CD0000DA88DF835509DF806600CF00FFB0DA83F
:106CE0009DF807500CF053FA70BB731BDBB2802B7E
:106CF00028D91FB1A64225D0A54223D105A90DA8A8
:106D00000CF0DDFA03A80CF0A4FA03A88DF80F60CC
:106D10000CF062FB0122294609A8FFF771FFF7F783
:106D2000CDFB01214FF4007003F0F8FEFDF752FA9D
:106D3000B0F1004F01D9FDF753FA044B18780BF06E
:106D400064FF012013B0F0BD0020FBE7F4420020F7
:106D500070B50E46144605460320FFF76DF946F060
:106D60000402294620460CF00EFB0022014B1A605B
:106D700070BD00BF502C0020F0B587B007880546D5
:106D80001022002102A812F07CFF3B4B1B78002B45
:106D90006FD1B80557D407F08403842B5CD0374CEF
:106DA00011F0A8FB17F4045F276005F102061CD060
:106DB000BA040AD5304605F0F9FB00284AD1236809
:106DC00023F4005343F480732360304611F09FFB9B
:106DD00000283ED10BF044FF18B9236843F48033F8
:106DE0002360236843F0200323602268334642F483
:106DF000004112F0400218BF05F1230247F2FF10D4
:106E00002160FEF7F7FD0DF10600FFF7A3FE2368F2
:106E100013F4805FBDF8063022D043F02003ADF8B4
:106E20000630BDF80600FFF77FFE23689B0506D5F8
:106E3000012295F8221005F11200FFF7E1FE002073
:106E40000F4B186006E005F1120011F060FB0028FE
:106E5000A1D0292007B0F0BDB907A0D52320F9E7BC
:106E600023F02003ADF80630FDF7BAF9FEF7A0FBDA
:106E7000D7E70220EEE700BFF9420020542C0020A3
:106E8000502C002008B5054B1B7833B1FFF740FEAE
:106E9000BDE808400248FEF73FBE08BDF5420020AD
:106EA0007543002010B5154B1B78D3B1144B1B78DC
:106EB000033B012B15D9002011F04EFE044698B17A
:106EC000E6F71CFA237913F0300F0AD148B10128F4
:106ED00003F0CF0206D0811E4B424B415B011343AE
:106EE000237110BD1023FAE7F6F7F0FE0028F8D062
:106EF00021462046BDE8104004F0B2B9F54200201A
:106F0000FA42002008B50FF067FE054B18B9186863
:106F1000C0F3800008BD1868C0F30050FAE700BF56
:106F2000542C00202DE9F0470646894610460021E2
:106F300088B015469846F5F70DF9102807460AD887
:106F4000684B0341DB0706D4C8F340049DB9002019
:106F500008B0BDE8F087644B1C78002CF6D0FFF732
:106F6000D1FF00280CBF4FF4F0744FF4D074FC40F4
:106F700004F00104EAE7002318F0010F1A4629463D
:106F80004FF005000CBF4FF0080A4FF4027A0BF0E7
:106F9000B6FB0028DBD0C8233246009351460023BD
:106FA000284606F001F9ADF80E000028CFD018F001
:106FB000080A4AD14FF6F773A7F10F02D2B29E42E8
:106FC0008CBF09230123012A01D843F04003474A1B
:106FD0008DF810301378591C11708DF81130002C79
:106FE0004FD09DF81030052F43F020038DF810305E
:106FF00033D03F4B1D78002D5AD04FF6F773002544
:107000009E424FF00F0248D9012304A90DF10E0052
:10701000F4F7D2FF00289AD1002C4DD1BAF100012B
:1070200033463A4618BF0121BDF80E00CDF8009056
:107030000CF06AFBADF80E00002888D018F0040FA1
:107040004DD0314610F015FB82E749460DF10E0098
:1070500005F06EFA0028ADD179E70121BDF80E00E8
:10706000F4F7DEFE0121F5F775F80123834013F0F4
:10707000620F1CD11E4B1B78E3B14FF6F773182536
:10708000BEE71B4B25461B780222002BBCD04FF6D7
:10709000F7739E42B8D8052FB6D0BAF1000FB3D11E
:1070A0009DF8103043F040038DF81030ACE7102508
:1070B0000F22A9E71825FBE7BAF1000F0AD0022337
:1070C0004A46009029460DF10E00FEF7BFFA00284F
:1070D000A4D03CE741235246CDF800A0F2E710F0DF
:1070E000B2FA35E79FFEFEFFF5420020F64200208F
:1070F000E74200202DE9DF431E46144B80461B6803
:107100000F469B0791460A9C1BD4204614B10CF0F5
:10711000E3FAC0B20622CDE902403B460020CDE9A9
:1071200000890B490FF015FC024650B10021002EDA
:107130000CBF01230323084604B0BDE8D043FFF78A
:10714000F1BE002004B0BDE8D08300BF542C002065
:107150004BD803002DE9F04F8DB081468A461F467B
:1071600093469DF85C803AB903A8FEF7B9FCB0BB22
:1071700000200DB0BDE8F08F1546002223211046F7
:107180000FF0E3F9ADF80A000028F1D0F4F7BEFDE6
:107190000523044618F0100F00F8023B677020D05A
:1071A0001122002112F06DFD04F11306032F4FF0A0
:1071B000080237D15946304612F049FDC8F3801312
:1071C00006F1090533720CF083FA00283ED0002343
:1071D0002B706B700123033505F8013C36E003ADDD
:1071E000CBE701261022169912F031FD06FA07F3BB
:1071F00013F0620F02D104F11206D7E707A80BF0D3
:1072000035FD05A88DF81C600CF023F89DF81620BC
:1072100018F0200F9DF8173008BF134604F113062D
:10722000A374C3E75146304612F011FD012306F165
:107230000802121B28460093BDF80A100823D2B298
:10724000F4F74CFF042F06F11005BCD02D1BE9B25A
:107250000DF10A000FF0ADFA18F0040F0BD04846FC
:1072600003F0EEF8FF281FBF074A32F8103023F46E
:10727000804322F81030434651464846BDF80A2064
:10728000FFF750FE75E700BFE03F002070B5032612
:1072900090B08DF807600FF09FFC18B902242046CB
:1072A00010B070BDF5F776F90028F7D002AD28468A
:1072B000FEF716FC0028F1D01B4B1C6814F00204EA
:1072C000ECD140F20F43194AADF82430136804A8FA
:1072D000CDF826305368CDF82A300BF0C7FC95E87E
:1072E000030005AB83E80300062304A88DF81D30D6
:1072F0008DF81060E6F712FB01210DF12E020DF161
:107300000700E6F70FFA22461A2109A80FF01DF927
:10731000024608B91924C2E7012329462046FFF78F
:1073200001FE0028BBD1F5E7542C00207543002056
:107330002DE9F04F06460F46002199B01F2210A8F4
:1073400003930F9112F09DFC304611F044FF01466B
:107350003046F4F7FFFE8DF81B00304611F0B0FE0A
:107360009DF81B3045788146C5F3400598063046A8
:1073700048BF45F0020512F000F804463046F4F725
:10738000E1FC0023001B5FFA80FA00935346232B95
:1073900028BF2323224631460FA8F4F79FFEA04BB7
:1073A0009DF83C801B789DF83DB0002B39D0FFF74D
:1073B000A9FD00280CBF4FF4F0734FF4D07323FAEB
:1073C00008F3D9072DD5AA072BD4B8F1080F22D17D
:1073D000BBF1040F22D1FAF76DFDF8B92246314610
:1073E00005200DF11B030BF076F9B8B1A8F10508E3
:1073F000B8F10D0F12D8DFE818F02D00A601CA0170
:10740000EF01F5011100110011001100FB019D02B7
:10741000A902D702D702B8F1050F09D019B0BDE80B
:10742000F08FB8F1100F0AD17E4B1B78412B02D0A0
:10743000FAF740FDD2E7039B002BF9D1EEE7FAF70C
:1074400039FD0028CAD0B8F1050FC7D0B8F1110F27
:10745000C4D0E3E7BBF1050FE0D8304611F093FD4F
:10746000059009F102000CF0BEF981460DF11E00F5
:10747000FFF770FB01239DF83D70BB4013F06203E2
:10748000039305D0BDF81E309B0701D5AE07C5D5C7
:107490000FF0A2FB0028C1D0FAF70CFD08B9002DAF
:1074A000BCD00DF13E0A504611F031F8039B049018
:1074B000BBB1032F9DF84EB01AD10DF14F040FF060
:1074C0008BFB814540F01881032DA7D19DF8561004
:1074D0005246003918BF01210DF14E000CF055F94C
:1074E0009CE7032FDDF80CB07BD10DF14E04E6E7ED
:1074F0004D4B1B689C0729D5FF2208210DF1570031
:107500000FF0ADFA804608BB034601460DF1570265
:107510000220FEF76FFA0FF05FFB81450DF1570671
:107520000DF14F0422D04FF6F773994540F2E980F0
:107530000022082120460FF092FA002800F0E18096
:10754000002259465046FFF75BFB67E70DF15706EF
:107550000DF14F04304610F028FF002846D00FF000
:107560003BFB814540F0C9804FF000082046F5F70D
:1075700017FD002800F0C180012F59D0042F7FF49F
:107580004DAF10F035FF10B1032D7FF447AF049BD2
:10759000002B7FF443AF324602215046FFF7D8FB61
:1075A000224B1B7863B1FFF771FEFEF73FFD022807
:1075B00006D10120FEF734FD01210846FEF7ACFBA1
:1075C000184B1B78022B1FD1032130460BF01FFBF9
:1075D000FEF72CFD014600287FF420AFFEF79CFB50
:1075E0001CE70DF156060DF14E04B3E70D4B1B7869
:1075F000432B7FF413AF012F7FF410AF0FF0ECFAA1
:1076000081457AD1B846B1E7412B7FF407AF064BED
:107610001B6858057FF502AFF8F7BAFBFEE600BF1E
:10762000F5420020F9420020542C0020A343002002
:10763000BA4C2378022B22D02378412B3FF4EEAEB4
:10764000049B33B9FAF736FC594602465046FFF719
:10765000D7FAFAF72FFC00283FF4E0AE10F0C8FE8E
:10766000AF4F98B13B681A0502D42378432B0DD154
:10767000AB070BD440F61A40F7F7D6FACEE610F077
:10768000B7FE0028D8D0A907D6D4C7E6386810F0CE
:10769000020002D1059903F0E3FD2378112B16D1E6
:1076A0003B685C0513D50020FEF74CFB0446002820
:1076B0007FF4B4AE0FF028FE40F61C40F7F7B4FAA2
:1076C00021462046FEF728FBF7F7BAFAA6E6A807F8
:1076D00001D5FFF71DFAB8F1000F9DD00BF0C0FAED
:1076E00018B94FF4803110F024FE00228D4B304643
:1076F0001A6010F051FE8FE70026039B002B7FF4E9
:1077000012AF4FF6FF73204608A9ADF82030F5F709
:107710008BFB20B120460FF03AFAADF820004FF66F
:10772000FF73BDF8200098423FF478AE049B3246C8
:10773000002B0CBF042315232146CDE900A33B46B3
:10774000FFF708FD6AE60FF047FA00287FF466AEFF
:10775000754B1B78002B3FF461AEA90704D4704B26
:107760001B689A013FF55AAEBAF10C0F0DF14500B6
:1077700094BF002412AC0CF036F83946024600944F
:107780009DF847000DF13D0304F062FC46E60DF163
:107790003D00F5F705FC28B1022239460020FAF732
:1077A0001FF83BE6614B1B78013B012B3FF636AEE1
:1077B0000DF13D0002F0F2FD4FF6FF7398420446D2
:1077C00006D10DF13D000FF0E2F9A0423FF426AEE4
:1077D0000021FAF715F921E62A4638460FA904F0E8
:1077E00035FD1BE69DF83D100120FFF75FFA15E619
:1077F0004E4B1B78013B012B3FF610AEEB077FF59C
:107800000DAE0DF13D0002F0C9FD4FF6FF73984239
:107810000546804673D10DF13D000FF0B8F94045A3
:10782000054607466BD10DF13D00F6F72FFAB84239
:1078300005463FF4F3AD3046F4F784FA00220934EC
:10784000E4B2071BFFB2394610460EF07EFEADF8DB
:107850001C0000283FF4E2AD4FF0010900232A4646
:107860000821CDF8009005F09FFCADF81E0000281F
:107870003FF4D4AD2146304611F061FD4FF0000ACF
:1078800080461622514609A8CDF820A012F0F9F939
:1078900043462246314608A8CDF800A0F4F71EFC66
:1078A0004B46424608A90DF11E00F4F785FB00285F
:1078B0007FF4B4ADA7EB0807FFB2394607A80EF076
:1078C00078FF284602F0BCFDFF2818BF184A444440
:1078D00018BF32F81030E4B21CBF23F4804322F802
:1078E0001030BDF81C0023463246002100970EF0F0
:1078F00088FF2946BDF81E000FF0BBFE8EE5284626
:1079000002F09EFDFF28074695D0F6F77DFC002883
:1079100091D0384603F0C4F98DE700BFF94200204A
:10792000542C0020502C0020F5420020FA42002068
:10793000E03F00201E4B1B78013B012B3FF66EAD54
:107940002A4638460FA9FCF7DDF967E5194B1B7885
:10795000022B20D1002F7FF461AD08A8FEF7C0F8FC
:1079600000283FF45BAD144B1F709DF83D30002B99
:1079700014BF64246524FEF759FB032806D138465A
:107980003946FEF7C9F93846FEF756FB214608A8E6
:107990000BF03DF942E5043B012BDBD938460BF0F7
:1079A000A9FE0028D6D139E530460BF0A5FE35E515
:1079B000FA420020F9420020A34300202DE9F341C0
:1079C00005460E461746984610F012FD044640B193
:1079D00001233A4631462846CDF80080FFF78AFB5E
:1079E000044610F005FD30B1FFF78CFA78B10A4B70
:1079F0001B689B010BD400233A4631462846CDF83C
:107A00000080FFF777FB002C0CBF0446012404F034
:107A1000010002B0BDE8F081542C002070B58AB09E
:107A200005A80BF023F9022301AA15468DF814309E
:107A3000084B03F11006144618685968083303C44C
:107A4000B3422246F7D1294605A80BF029FC0AB01B
:107A500070BD00BF51D80300014B1878704700BFBC
:107A6000F44D0020014B1870704700BFF44D00200A
:107A7000014B1888704700BF8C4D00204FF6FF73F4
:107A80002DE9F043994280460D4685B00BD0002782
:107A90004FF6FD791C4EE5F701FCFCB2A0420BD875
:107AA0004FF6FF701DE0F5F77BFA0028EFD005B028
:107AB000BDE8F0430FF090B836F814304B4517D8B6
:107AC0006946204610F027FD082241460DF10500C9
:107AD00012F0ADF84FF6FF7360B99D4204D136F84D
:107AE000140005B0BDE8F08326F8145010F090FCA7
:107AF0000137D0E79D42FBD036F81430AB4208BFC7
:107B000026F81490F4E700BFBC3700202DE9FF47AA
:107B100006460F4600254FF6FD79DFF83C80DFF87A
:107B20003CA0E5F7BBFBECB2A04202D804B0BDE834
:107B3000F08738F814304B450CD86946204610F0D1
:107B4000EAFC082231460DF1050012F070F808B980
:107B50000AF804700135E4E7BC37002058420020E1
:107B6000014B33F810007047BC370020F0B50646D3
:107B700000250D4F85B0E5F791FBECB2A04201D88E
:107B800005B0F0BD37F81430B3420BD1694620463A
:107B900010F0F8FC9DF80030022B1CBF4FF6FD736F
:107BA00027F814300135E6E7BC37002030B585B042
:107BB00004460D46E5F772FBA0420FD9084B33F897
:107BC00014204FF6FD739A4208D86946204610F0FB
:107BD000D9FC29460DF10500FFF750FF05B030BD77
:107BE000BC37002030B585B00446E5F757FBA0420E
:107BF00019D92046FEF736FF0546B0B9694620463A
:107C000010F089FC9DF800302BB1694620468DF8B4
:107C1000005010F09CFC4FF6FF720020044B23F83C
:107C2000142005B030BD2820FBE740F60440F8E7FB
:107C3000BC3700202DE9F0410B7805460E461BB9F4
:107C4000BDE8F041FFF7CEBFE5F728FBA84231D9E8
:107C50002846FEF707FF78BB374617F8058B4FF627
:107C6000FF713846FFF70AFF0446384600F01EFA57
:107C7000B0FA80F04009B8F1000F15D0B8F1030F49
:107C800015D04FF6FF724FF6FD73944208BF1C46A5
:107C90000B4B314623F815400A4B5855284610F037
:107CA00056FC0020BDE8F0814FF6FF74F0E74FF678
:107CB000FE74EDE72820F5E740F60440F2E700BF48
:107CC000BC370020584200202DE9FF410D460446F4
:107CD0004FF6FE780F4F0E0AE5F7E0FAA04204D8FF
:107CE000FF24204604B0BDE8F08137F81430434546
:107CF0000CD16946204610F00EFC9DF80520EBB231
:107D00009A4203D19DF80630B342EAD00134E4B27E
:107D1000E2E700BFBC3700202DE9F04F0C461746C4
:107D2000984600254FF6FD7B87B09DF840A0DFF810
:107D30005C900190E5F7B2FAEEB2B04201D8FF26AE
:107D400016E039F816205A451ED8304602A910F020
:107D5000E2FB3FB99DF80920424515D19DF80C2062
:107D6000524511D144B939F81620019B9A420BD1E2
:107D7000304607B0BDE8F08F082220460DF10D0116
:107D800011F055FF0028F3D00135D3E7BC370020B0
:107D900010B5144610F0BFFB2046BDE81040082285
:107DA000014911F054BF00BF754300202DE9FF4782
:107DB000074615460846082224491E4611F037FF9B
:107DC000044600283FD14FF6FF7ADFF88490E5F7AC
:107DD00065FA5FFA84F840450BD885B338460AF057
:107DE00002FD01250C9B18700120357004B0BDE820
:107DF000F08739F8183053451FD06946404610F0D7
:107E00008AFB7A789DF801309A4216D17A88BDF8BB
:107E100002309A4211D13A799DF804309A420CD13D
:107E200008220DF10501781D11F001FF28B9002D80
:107E3000D7D140460AF0EDFCD3E70134C7E7FF2075
:107E40000AF0E7FCCEE70020D0E700BF7543002032
:107E5000BC370020F0B50025154E164F85B0E5F76C
:107E60001DFAECB2A04201D805B0F0BD694620462B
:107E700010F051FB9DF80030032B06D90023694612
:107E800020468DF8003010F062FB9DF8002062B1B2
:107E90004FF6FD734FF6FE71032A08BF0B4626F816
:107EA0001430002301353B55D9E74FF6FF73F6E751
:107EB000BC37002058420020F8B50E4604464FF665
:107EC000FF770C4B0C4D1B7803EB430305EB83054D
:107ED000A54202D800242046F8BD2388BB4206D024
:107EE00008223146A01C11F0A2FE0028F3D00C3469
:107EF000EEE700BFAB4D00202C370020044BFF21E4
:107F00001A78044802EB4202920011F0BABE00BF98
:107F1000AB4D00202C370020F8B504460C4B0D4625
:107F20001B781046A3420DD90C27022117FB041120
:107F30007C43084E0822314411F089FE335B002057
:107F40002B80F8BD0023136053604FF6FF73F6E7F4
:107F5000AB4D00202C37002038B504464FF6FD7598
:107F6000FFF704FE0022084B1878084BD1B2884274
:107F700000D838BD33F80C1C0132A14208BF23F8E9
:107F80000C5C0C33F2E700BFAB4D0020383700200B
:107F900070B505460E460846FFF7DEFF3146284617
:107FA000FFF76CFD29460648FFF786FF00B970BD54
:107FB000044624F80C6B10F02BFA29462046F3E710
:107FC0002C37002010B5082286B02349044611F052
:107FD0002EFE20B906B0BDE810400EF0FDBD08220F
:107FE00020461E4911F023FE20B91D4BB3F8E400D2
:107FF00006B010BD0023012221464FF6FF7000930A
:10800000FFF78AFEFF2806D0164B33F810004FF614
:10801000FB739842ECD903A8FEF7A8FD58B9BDF848
:108020000C305B0607D5082221460DF10E0011F039
:10803000FEFD0028DCD021460B48FFF73DFF40B194
:108040004FF6FB724FF6FF730088904288BF1846C8
:10805000CEE74FF6FF70CBE775430020E6300020F7
:1080600000300020BC3700202C37002070B50022E3
:1080700004464FF6FB7608460A4B1D780A4BD1B2F0
:108080008D4201D8002009E01988B14207D8A142E9
:1080900005D10822991C11F0DAFD012070BD0C33C6
:1080A0000132ECE7AB4D00202C37002037B50146FC
:1080B00005460E48FFF700FF044640B1807A294686
:1080C00010F084FA80F00100C0B203B030BD034666
:1080D0000090012229464FF6FF70FFF71DFEFF2892
:1080E00016BF034B2046185CE9E700BF2C37002081
:1080F000584200202DE9F341224B04461B780F46DD
:108100008342154638D9FEF7C7FCB8BB4FF6FD735E
:108110009D421D4E0ED004EB440326F823504FF62B
:10812000FF739D421FD12046FEF7CEFC002002B017
:10813000BDE8F0810DF106013846F4F775FE4FF603
:10814000FF72BDF806303846934218BF1D460C2317
:108150006343F55206EB0308FFF7A8FFB0FA80F07F
:10816000400988F80A000C2303FB04600822394602
:10817000023011F06CFDD9E72820D8E740F6054021
:10818000D5E700BFAB4D00202C37002038B50446A2
:108190000D46FFF7BBFC21460448FFF78DFE00B9F2
:1081A00038BD857221460C30F7E700BF2C37002020
:1081B0000023074A1370074A1370074A118801B158
:1081C0001380064B1A880AB100221A80704700BF3C
:1081D000B5430020B4430020AC400020AA4000205A
:1081E0002DE9F04F4C4C9846238889B005900F46F6
:1081F00010469DF848A05BB952B10EF0F3FA20800A
:108200004FF4FA61454809B0BDE8F04FF3F7E4BF19
:10821000DFF81C91B9F80050002D6AD02846F3F71A
:1082200091FDC0F347042846F3F770FDDFF804A181
:108230000294BAF80030DFF800B10193BBF80030C7
:108240000546009300224346012035490EF081FB8C
:10825000ADF81E0010B305EB44080124454512D1CA
:10826000E4B9BDF81E50CDB12E4B1B782BBB2B466D
:1082700000223946059800F049FA0023ABF8003097
:10828000AAF800300AE0012329461A460DF11E0023
:10829000F3F792FE023504460028DFD00023224A7D
:1082A000A9F800301378013BDBB21370002BA7D183
:1082B00009B0BDE8F04FFFF77BBF0EF007FC0146A9
:1082C0002846F3F747FF0A2180462846F3F742FF86
:1082D0000646A64202D8FF2CCFD1C8E704F10B0115
:1082E0002846C9B2F3F736FF8045C0D80134E4B25E
:1082F000EFE70E4C237823B904F0EAFD08B9012317
:108300002370524641460520F5F738FA0028CFD1B0
:10831000207009B0BDE8F08FAC400020244C002054
:1083200062D80300B6430020B5430020B4430020C8
:10833000AA4000202A4000202C40002030B5154DD6
:1083400087B02C889CB923464FF4A07248F23801BC
:1083500003A810F01FFA214620460FF0C8F8224665
:108360000D4B009403A9FFF73BFF07B030BD20463B
:1083700010F0A6FE04300BF036FA03A90446288854
:1083800011F007F80023009320462A8803A900F083
:108390008DFBEAE7AC40002000F8FF0737B500206E
:1083A00001A90FF0A4F80D4C014623780C4D7BB1C8
:1083B0000C4B019A18780FF0B9F82078F7F70EF8FF
:1083C000002323702B700848F3F7A2FF03B030BDE1
:1083D0002B78002BF7D0FFF7B1FFF4E7B84300206C
:1083E000B5430020B7430020244C002008B50548C1
:1083F000F3F7B2FA0448F3F7AFFABDE808400348D0
:10840000F3F7AABAAC400020AA400020A840002000
:108410002DE9F04F89B089460446CDE905239DF842
:108420004870139E30B316F801ABBAF1000F23D099
:108430000AF1FF34A400E4B2314601200BF0E7F961
:10844000C00E1BD1DFF844B1314601200BF0DFF93B
:108450009BF8005034442279BDB1002F47D18023CE
:108460004846CDE90277CDE90077414A059900F009
:108470004DF93CE08246DFE75446DDE71B28ECD9A6
:10848000314601200BF0C3F9E7E7DFF80481FF2A4A
:1084900000EA08080BD14246E379A179607901EB43
:1084A000032189B209B0BDE8F04F0FF03FB8314960
:1084B00009688B070AD5FE2A3AD101230135EDB2AE
:1084C000202D4FEA43030AD1FF250AE0294628461A
:1084D00007920FF00CF84845BFD1079AEBE7984593
:1084E000ECD1254B1B78FF2B04D0AB4204D009B054
:1084F000BDE8F08FFF2DFAD00020F2F741F9A84235
:10850000F5D029460020F2F741F90028EFD09BF87A
:1085100000306479002BEAD1FFF74AFE17484FF488
:108520001051F3F759FE164B8BF800501C70DEE724
:10853000052A92D8BAF1010F8FD8B8F1000F8CD06C
:10854000002FD4D17379002BD1D00E49098821B9DD
:10855000082B28BF08230C490B704346484612924B
:10856000DDE9051209B0BDE8F04FFFF739BE00BFE5
:1085700062D80300542C0020F54D0020244C00202C
:10858000B7430020AC400020B5430020B843002092
:1085900000F8FF07014B1880FFF7D0BEAA4000206B
:1085A00037B5184B1B78022B03D01725284603B08C
:1085B00030BD00210DF10700F4F778F805460028DA
:1085C000F3D1114B1B78013B012B01D90225EDE7BB
:1085D000F3F7DAFF0028F9D00AF0C7FA0446F3F7F8
:1085E000D3FF0A4B4FF47A7118700B23B4FBF3F2EC
:1085F00003FB12440A34A4B261430548F3F7ECFDCF
:10860000D4E700BFF9420020FA420020EA420020ED
:10861000802B00202DE9F043384B00241E784FF4C6
:10862000F813374FA5B003933D78ADF81040F6F737
:1086300081FFBDF90E30ADF81200A342ADF8144031
:1086400006DB304B1C780134E4B21C7044F080042B
:108650008DF82C40A94602244FF000088DF82D60BB
:10866000B14529D3002221460BA83D708DF82D80FD
:108670000DF06BFFE8B1B8F1000F09D000234FF601
:10868000FC71CDE9000303AAFF230620FBF7DAFF04
:10869000B5422FD20AF069FA0B23B0FBF3F24FF484
:1086A0007A7102FB13000A3080B241431648F3F797
:1086B00093FD25B0BDE8F083484606A902F016FBFD
:1086C00098B9512C11D804F190030DEB0302083432
:1086D00006AB013508F1010803CBE4B242F8640CA3
:1086E00042F8601CEDB25FFA88F809F101095FFAFF
:1086F00089F9B5E70448F3F70BFEDAE7EA42002010
:10870000EB420020BA430020802B00200CB42DE95E
:10871000F04F8BB014AA0E4652F8041B074609927C
:10872000002940F08F80BDF85400ADF822000028E9
:1087300000F0A18033794FF6F778002B40F0868067
:1087400047458CBF4FF009084FF008084C4B1C7888
:10875000FF2C40F08380B6F90230002BA9BF494BB3
:10876000347A1C780134A2BFE4B21C7044F0800457
:10877000DFF81CB122460021F3F700FD9BF8003022
:10878000BDF82200002B6CD0DFF808A14FF00009E3
:10879000BAF800300793F3F7D5FA0546BDF8220082
:1087A000F3F7B4FAEBB2CDE90193FF23CDE9030966
:1087B00000932246334639460798FCF7DDF84FF61A
:1087C000FF7305468BF80090AAF80030382D33D19E
:1087D0003246394640460DF122030AF093FF002845
:1087E0004BD04FF6F7739F4226D8B6F90230708807
:1087F000002B21DA48F204022349244B4FF00008F1
:10880000904214BF894699460EF0E6F94946034660
:108810008A220120CDF800800EF09BF8814658B1E5
:1088200022464146F3F7AAFCFF233246394640462A
:10883000CDE90098FBF706FF28460BB0BDE8F04FE6
:1088400002B0704701200EF04AF86EE7002347455A
:108850008CBF4FF006089846337177E7FF221A70F5
:1088600086E7CDE900033246FF2339464046FBF751
:10887000E9FE0546AAE71925DEE70546DCE700BF65
:10888000F74D0020BA43002073D8030068D80300D6
:10889000B9430020AE40002070B54FF400330024EF
:1088A0000546164688B0ADF81A100DF10F0204A95E
:1088B0000593ADF81840ADF81C4004948DF80F40B6
:1088C0000AF0F7FE9DF80F3028460193049B044AF6
:1088D000009305A93346FFF719FF08B070BD00BF2C
:1088E0006CD8030030B54FF48035002487B0039571
:1088F000BDF82850CDE900128DF81030074A034624
:1089000003A9BDF82C008DF81140ADF81250ADF858
:108910001440FFF7FBFE07B030BD00BF41D9030094
:10892000B1F1006F2DE9F04314462CBF39223822F3
:108930008BB01D464FF00003ADF81E204FF48002AF
:108940002CBF4FF001099946FF2C0646ADF81C30AC
:108950000892ADF824304FEA11471FFA81F80FD181
:108960000EF0D9FDB9F1000F19D1154ACDE9020574
:1089700043463046CDE9007407A9FFF7C7FE1AE069
:10898000FE2C0AD10EF0C7FD0130C0B20EF0DDFDA5
:10899000B9F1000F12D00B4A02E0E8B2F8E70A4A38
:1089A000CDE9030501233046CDE90174CDF80080FF
:1089B00007A9FFF7ABFE0BB0BDE8F083034AD5E78C
:1089C00070D803003FD903006FD8030040D90300DB
:1089D0004FF498124FF0806310B586B0CDE90323B1
:1089E0000023ADF814300EF0F7F80446F6F7A2FDB8
:1089F000054B01900093054A234603A94FF6FD70ED
:108A0000FFF784FE06B010BD7543002076D8030042
:108A100030B500244FF4806587B0CDE900128DF8A1
:108A20001030084A034603A94FF6FD708DF8114037
:108A30000394ADF81250ADF81440FFF767FE07B08D
:108A400030BD00BF7AD8030070B515461E464FF4FE
:108A500098124FF0806386B0CDE9032300230122F2
:108A6000ADF814300D4B04461A700D4B18800846B3
:108A700061B1FBF7D1FD2346CDE90056094A03A9B0
:108A80004FF6FD70FFF742FE06B070BD064B8DF845
:108A9000161019700223ADF81230ECE7B94300202C
:108AA000AE40002076D80300F74D00202DE9F04FAE
:108AB0009BB00E4605460EA91046CDE90A329DF838
:108AC00090700FF0BEFDBDF838A080465046F3F719
:108AD00039F9B6F902300446002BB6F80690B6F81C
:108AE00002B004DA0022B14B1A70002049E050466F
:108AF000F3F728F94045F5D3A4EB0804E3B2002FBF
:108B000018BF4FF4A079152B099328BF1523002413
:108B1000013308F1FF325146DBB2D2B214A80094FF
:108B2000F3F7DCFA6FEA4B436FEA5343A0499DF831
:108B3000502008684968ADF846300FAB03C3ADF864
:108B40004840ADF84440ADF84A90ADF84C20BBF138
:108B5000000F24D10DF15100F4F722FAA0B10EF06C
:108B60003BF85C4606460DF1590A0DF151030A9A8D
:108B70009AF80080012A2DD157B384F0010404F043
:108B800001001BB0BDE8F08F0DF1510001F006FCB3
:108B90004FF6FF74011B4C4206464C41E3E7BBF124
:108BA000010F40F09280BDF851600EF015F886423A
:108BB0000AD030460FA90FF028FE80F00104E4B27D
:108BC0000DF1530A0FABD2E77A4B0DF1530ACEE702
:108BD0000A9CD4E797B3002C6DD1B8F1010F6AD885
:108BE00037D10DF0F9FF0DF0F7FF224606469AF84F
:108BF0000170704B00210120CDE9006102976E49A0
:108C00000DF0A7FEADF83A00002854D0002C54D146
:108C1000B8F1010F51D12646DFF8B4A19AF800301F
:108C20005FFA84F8434538D9404601F099FCC20701
:108C300002D5BFB1013FFFB20134EFE7B8F1010F38
:108C400005D1002CCDD081229AF80170D2E7002CFA
:108C5000F9D1B8F1010F94BF002201229AF80170F6
:108C6000D201C7E7404601F069FB0123ADF83400AB
:108C700002220DA90DF13A00F3F79EF9D8B9BDF81B
:108C80003A00F3F75FF8804648460FF010FA08F113
:108C9000010801368045F6B2CEDBA6B132460C2182
:108CA000BDF83A00F3F76AFA00222846BDF83A30D8
:108CB00011A9FFF72BFD012063E70C210DF13A000C
:108CC0000DF077FDF0E70D21F8E70A9B002B7FF40C
:108CD0000CAF7388342B57D1099B092B7FF405AF58
:108CE000002F7FF402AF9DF959603A46B410082175
:108CF0000DF1510004F020040DF0B1FED0B12F4B66
:108D00001B78012B3FF4F1AE022B27D12C4B1B68B3
:108D100013F0807F25D12A4B1B685B0201D5002E02
:108D200030DA00232846274A11A9FFF7EFFC264B2B
:108D30001C70DAE60DF15100F4F732F90028DED1AB
:108D40000DF1510001F02AFB4FF6FF73984208D055
:108D50002146F8F755FE034618B903E0033B012B03
:108D600006D9C8232846174A11A9FFF7CFFCBCE64D
:108D7000164BB3F8E430AB42CDD0114B1B6813F067
:108D8000805FC7E78D23EDE7099BCDE9059204934A
:108D90000DF15103CDE9028331462846CDE9007A31
:108DA0000B9B11AA00F074F89FE600BFAD430020B2
:108DB00018D50300754300207ED80300FA42002036
:108DC000542C0020EBD80300F64D0020003000208A
:108DD000BB4D0020024B187840F08000704700BF68
:108DE000BA43002038B50A4B05461C7824B10DF073
:108DF000F3FEB0FA80F46409F8F7D4FE08B144F049
:108E00004004E4F75DFA44EA4020284038BD00BF42
:108E1000F5420020014B1888704700BF944D002098
:108E2000014B188000207047944D0020084B10B56E
:108E300004461880F6F77EFB04F0100400F00403EB
:108E4000A3421EBF9843034B1870002010BD00BF03
:108E5000924D0020F84200204FF6FF710346028831
:108E60001B798A4217BF074901200A8041881EBF2B
:108E7000054A00201180FF2B1EBF044A00201370FA
:108E8000704700BF904D00208E4D0020BB43002056
:108E90002DE9F04FB7B00D93BDF80431439C0E930C
:108EA000BDF8143183460F939DF818312046B1F870
:108EB0000290884692469DF800519DF808611093F3
:108EC0000AF091FCB9F1110F074600F289800DF00C
:108ED00083FEB84200F08E80B9F1060F19D14FF62B
:108EE000FD739F423ED0DDB9BC4B1B78033B012B89
:108EF00036D9384601F0A4FAFF2814BF892381230C
:108F000000225146CDE900725846B54AFFF7FEFBF4
:108F100006E02DB9B9F1030F08D8B9F1010F0AD84D
:108F20000022B04B1A7037B0BDE8F08FA9F10403EE
:108F3000022BF5D8D8E7A94B1B78033B012B0DD9A1
:108F4000384601F07DFAFF2814BF8923812351465A
:108F50005846A54A0097FFF7D9FBE1E78023F6E7DB
:108F60008023CDE7A14B1B785A074BD40DF034FE7C
:108F7000002703463A460120994900970DF0E9FC85
:108F80002379ADF86C000F930028CCD00E9806EB37
:108F90004309F2F7D7FE5FFA89F909F105085FFA8C
:108FA00088F88045BFD241460E98F3F7D3F8109069
:108FB00008EB40080E98F2F7C5FE8045B3DADDE90C
:108FC0000F321343DBB2002B40F03182002DAAD1C7
:108FD000A84642460421BDF86C00F3F7CFF878E1CB
:108FE000824BB9F13A0F1B7813D948F23B039945EC
:108FF00008D016E07D4B1B785B070DD5A9F1040363
:10900000022B09D8B8F8063043F48043A8F806309C
:1090100089E7B9F11B0F1ED8A9F102039AB2132AEE
:109020005ED9109B324602930F9B4846CDE9005310
:109030000D995B460AF04AFB0F287FF474AF0122BA
:10904000684B1A70694B1B789B0740F1F483002D25
:109050007FF469AFD6E7A9F11C021E2AE1D801A16D
:1090600051F822F089980200239002002390020018
:10907000A5940200239002008395020083950200CC
:10908000239002002390020023900200239002000C
:1090900023900200239002002390020023900200FC
:1090A00023900200239002002390020023900200EC
:1090B0002390020023900200B3950200B3950200B2
:1090C0001F98020023900200239002003F980200A4
:1090D00023900200D9980200EF980200FD98020048
:1090E000132B9ED801A252F823F000BF3D9102003D
:1090F0000592020023920200019302006D8F02008C
:10910000239002002390020023900200239002008B
:10911000239002002390020023900200239002007B
:10912000239002002390020023900200239002006B
:109130003D94020023900200B598020000241BAB6E
:109140005A4631460D9800931DAB1D948DF86C4026
:109150000AF0B0FA0DF040FD204B05461B78012BBC
:1091600003D0022B14BF02240124E4F7A9F8162827
:1091700094BF0020012044EA4014F6F7DBF91C4BB1
:109180000646B3F80080FBF753FA1A4B07464FF632
:10919000FF70B3F80090FFF725FE174B9DF86C2089
:1091A0001988124B1B7813F002031CBF134B1B785A
:1091B0000B921D9ACDE90701CDE9093240235146B2
:1091C000CDE9014358460023CDE90579CDE903688F
:1091D0000B4A0095FFF79AFAA5E600BFFA42002075
:1091E00068D80300AD43002073D803003342002049
:1091F000944D0020904D00208E4D0020BB43002058
:1092000084D803000DF0E8FCA24BA34A1B88CDE9EB
:10921000400300235146584637B0BDE8F04FFFF7F2
:1092200075BAA4781DA9631EDBB2EF2B204610D9B6
:10923000F22C0ED00CF0CBFC82240DF0CDFC0023E0
:109240005146CDE90003954A23465846FFF75EFA9A
:1092500069E60CF0BCFC002850D00DF0BDFC9DF878
:1092600078209DF87A100492BDF876204900039288
:10927000BDF87420C9B2CDE901429DF879200346BA
:109280005200D2B208320A440092012000228449DE
:109290000DF05FFB9DF87930ADF86C008DF867300C
:1092A00000283FF440AE002601230DF167011A4665
:1092B0001BA8F2F781FE054600287FF434AE9DF826
:1092C0006730EAB2934209D89DF87A308DF867305A
:1092D00016B1BDF86C3033E00126E5E73146204693
:1092E0000CF0B8FC0123ADF8680002221AA91BA8F3
:1092F000F2F762FE01350028E1D014E683249CE7F2
:109300000DF06AFC0446EFF76DFA23460090002248
:10931000012062490DF01DFB00283FF404AE00253A
:109320002C46ADF87400EFF75DFAEEB2B0420DD8FE
:1093300022460421BDF87400F2F720FFBDF8743016
:10934000002251465846FFF7E1F9ECE53046EFF7C9
:109350002BFAFF288DF86C000AD0012301341A463D
:109360001BA91DA8E4B2F2F727FE00287FF4DBADAD
:109370000135D8E71846B4F80290EFF715FAFF2840
:109380008DF8680000F0D1821DA90CF020FCBDF81A
:1093900074304B4507D04FF6FF72914540F0C582BF
:1093A000180400F1C2829DF879301393731DDBB26B
:1093B00014930F9B1293002311934FF00009CDF8E3
:1093C00034900EE0149B0E9803EB4101C9B20DF0EE
:1093D0002BFA002315901399DAB28A4218D309F1B7
:1093E0000109129B5FFA89F18B42EBD89DF87A3024
:1093F0001393169B14930D9B002B40F08982119BB5
:10940000002B40F0928201231193109B1293D4E71A
:1094100011999DF8680017930CF01CFC0D9B159A90
:10942000824208BF01230D93179B0133D3E709F153
:1094300006095FFA89F3B846169377E2A61C31460F
:109440003846A57AEDF78AF8012231463846FAF710
:1094500083FB38460FF088FB304600F09FFF2288E0
:10946000824207D04FF6FF72904203D000F0E8FF2F
:109470000FF091FA85F00804C4F3C0042146304689
:10948000FEF784FE2146304637B0BDE8F04F0AF0C3
:1094900066B900BF924D002065D9030068D803006B
:1094A00091D80300AE4B1B78033B012B7FF63BADFD
:1094B0000DF092FB58453FF436AD09F056FB0B23F7
:1094C000B0FBF3F24FF47A7102FB13000A3080B262
:1094D0004143A448F2F780FEF3F756F800283FF422
:1094E00022AD0123002218469F4994F800900DF008
:1094F00030FAADF8680000283FF415AD00270136BA
:10950000F2B23D463C463E460DF16C08FBB24B457F
:1095100014D3002C3FF407AD01232A461DA91AA835
:10952000F2F74AFD00287FF4FEAC22460221BDF886
:109530006800F2F723FEBDF8683001E708234046D3
:109540000E9900960D92F2F7C9FD4146002000F0F9
:1095500047FFFF280D9A0FD0844B1B5C0F2B0BD9B4
:1095600098E8030005F1D8036B44643B83E80300EB
:1095700008350134EDB2E4B202F108030137DAB282
:10958000C4E7002D7FF4CFAC19073FF53BAD4B4648
:1095900022465146584604F0F3F800287FF4C3AC45
:1095A000842351465846724A37B0BDE8F04FFFF762
:1095B000ADB823780F9810930EF079FD0021064680
:1095C000584605F031F9664BB9F1310F1B78074663
:1095D000A3F103030BD1012B34D9664B1D78664BE5
:1095E0001B781D441623EDB20D93002209E0012BD8
:1095F0002CD9624B1D780523002D14BF0022842234
:109600000D930024109B012000935D492346019493
:109610000DF09FF900283FF486ACF61BCDE90E440F
:10962000F3B2DFF86C81574F1193ADF86C00E6B2DE
:10963000B54210D80E9A0221BDF86C00F2F79EFDDB
:109640000F9AC7E4162301250D93CEE705230025C5
:1096500084220D93D5E7162200211DA810F011FBDE
:10966000B9F1320F40D13B7903F00302032A24D130
:109670008DF876200E9B0133DBB20E930E9A109B71
:10968000934215D2BDF86C00F2F75CFB0D9B1844B9
:10969000119B98420CDC01230D9A1DA91BA8F2F71F
:1096A0008BFC00287FF43FAC0F9B0133DBB20F93A0
:1096B000013408F112080837B9E7B9790029D9D17E
:1096C0003149C3F3C203CB5C1DA8012A08BF43F094
:1096D000010339888DF876300AF087F879880DF122
:1096E00077000AF082F8C5E71DA80DF06CFE4FF078
:1096F000FF33CDE91F331F4B1B78B34260D998F875
:1097000004306F2BD4D830461FA9F4F731FE1F4B1D
:10971000B8F80020B3F8E43092B9003B18BF012339
:109720005B0143F004038DF8863002238DF8873007
:10973000B8F802301B0A11468DF8893021A8D0E70D
:109740009B1A18BF01235B0143F005038DF8863097
:1097500002238DF887300F238DF88830E8E700BFAB
:10976000FA420020802B0020EAD803003742002074
:10977000EBD80300F3420020F2420020B94D002054
:10978000E8D80300163F00209DD8030000300020D9
:10979000C03C00200132D2B2561EF6B230461393BE
:1097A000129200F0DDFEDDE9122310F0010FF1D07E
:1097B00065490978611A994205D00133DBB2E9E7BE
:1097C00001220023E8E7614B1FA918783044C0B29A
:1097D000F4F7CEFD304600F0B1FD1290304600F0B7
:1097E000BFFE10F0010F129A0FD116238DF88630AC
:1097F000574B1B780133DBB20F2B28BF0F238DF89B
:109800008830544B33F8163094E73046129200F00B
:10981000A7FE10F0020F129AE7D11223E6E71A070B
:109820003FF5F0AB23465A4651460F9804F000F836
:1098300000287FF478AB002D7FF475ABB0E695B1CE
:10984000454B1B78033B012B7FF66DAB0DF0C4F944
:1098500018B9BBF1000F7FF466AB207837B0BDE8D4
:10986000F04FF5F7E1BC0DF0B7F920B13A4B1B789A
:10987000033B012B01D8802393E62B4651465846E3
:10988000364AFEF743FFE8E70DF0A6F9B8427FF449
:109890004AABA01CF3F784FB00283FF444AB0DF067
:1098A0009BF904460DF098F92D4B2E4ACDE9400363
:1098B0002346AFE4204609F096FFFFF793FA00280D
:1098C0003FF431AB4090002351465846264A37B00A
:1098D000BDE8F04FFEF71ABF524659460020CDE9C9
:1098E00040540D9B37B0BDE8F04FFEF791BD524696
:1098F00059460120CDE940540D9BF3E72B465146D4
:1099000058460D9A409437B0BDE8F04F04F020B8A7
:1099100001231AA91A461BA8F2F74EFB00287FF470
:1099200002AB08F101085FFA88F80137FBB20D932A
:10993000EEF758FF0D9B98423FF61CADB8F1000FB3
:109940003FF444ABFFF745BBF3420020B44D002089
:10995000A24300209E3F0020FA420020EBD80300E3
:109960007543002099D8030073D803002DE9F04314
:1099700089B004460D4616460FF0FFFC0DF10A02B1
:10998000014620460FF0B4FB284F0446DFF8B080B4
:10999000002844D101233B702B88BDF80A1033B155
:1099A00003460246072008F096FE002837D0204BD9
:1099B000D8F80010B3F80090ADF80C9089B10822E7
:1099C0000DF10E0010F043F90C211A4B1A481B78C8
:1099D0008DF81630194B1A78E3B2934206D3FF2361
:1099E0000BE0CDF80E10CDF81210EDE7013401FBBD
:1099F00004FC30F80CC0CC45EED1BDF80A008DF85F
:109A00001730F2F79FF90446BDF80A00F2F77EF925
:109A100029460090E3B2304603AA09F0D4F80023A7
:109A2000C8F800303B7009B0BDE8F083BD430020AA
:109A3000BC400020BC43002020370020AB4D00205C
:109A4000A0310020F8B5144B04461D88134B058047
:109A5000196819B10822023010F0F9F8104B0C20E7
:109A60001B78104EA372104B19780023DAB28A4289
:109A700001D3FF2205E0013300FB03F7F75BAF42A0
:109A8000F4D10A4BE2721B782373094B1B78637382
:109A9000084B1B682361F8BDBC400020A0310020AA
:109AA000BC43002020370020AB4D00209E43002007
:109AB0009D4300208C31002073B5ADF806000DF1F8
:109AC00006000CF054FD014608B102B070BD0DF166
:109AD00006000CF0C3FD0446F2F718F9C67A002E12
:109AE000EDD120460EF0A2FEFF28E8D000F020FDC8
:109AF000054BD3F80451002DE1D0334622464121D5
:109B00003046A847DBE700BF0030002073B50022D5
:109B100000210C2000F06EFD002119480CF02CFDF6
:109B200001250446164E84B120460EF07FFEFF2824
:109B300005D1214630460CF075FD0446F3E70422BA
:109B40000023009500F02AFDF3E721460D480CF0B4
:109B500013FD012504460B4E0CB902B070BD204622
:109B60000EF064FEFF2804D008220023009500F0C8
:109B700015FD214630460CF055FD0446ECE700BFCC
:109B8000C0400020C24000202DE9F84F10460E468C
:109B9000174699460FF0A2F9254A264B0021B0F549
:109BA000006F14BF9046984640460CF0E5FC4FF01D
:109BB000000A0446DFF880B00CB9BDE8F88FBC425B
:109BC00028D12046F2F7A2F8857A80F80BA0013D53
:109BD000EDB2857216B13F2E00D02DBB07F0A6FB6B
:109BE000054620460FF07AF9B0F5006F4FF00002FD
:109BF000214615D10F480CF050FDFFF787FF28468E
:109C000007F09AFBDBF8045125B14B463A46314642
:109C10000020A847214640460CF004FD0446CBE74F
:109C200003480CF03AFDEAE7FFF770FFF2E700BFE8
:109C3000C2400020C04000200030002000232DE959
:109C4000F34706460F464FF6FF78284CDFF8A09002
:109C5000ADF8063020460CF08AFC054648B9294686
:109C600020460CF089FC8246F2F750F80389B34293
:109C700017D94C4501D1FFF749FF002120460CF0D0
:109C80007BFC054607F1FF3A5FFA8AFAD5B94C45E5
:109C900016D1BDF80600FFF70FFF404602B0BDE841
:109CA000F0877B1EDBB2FD2BD4D9294620460CF071
:109CB000D5FC2A4651460DF106000CF063FCC9E7BD
:109CC0004C46C7E7BAF1FD0F09D92846F2F71EF84E
:109CD00003899B1B9BB2984528BF98460381294660
:109CE00020460CF09FFC0546D0E700BFC240002094
:109CF000C040002008B508F069F90B4AFF2113881D
:109D00001080C31A98B2FFF799FF4FF6FF73014610
:109D10009942064803D1BDE80840F2F7F9BABDE818
:109D20000840F2F759BA00BFC4400020444C00205C
:109D3000174B00282DE9F041164D18BF1D460F4660
:109D400028464FF000010CBF4FF008084FF0020802
:109D50000CF012FC044610B92046BDE8F081204604
:109D6000F1F7D4FFC37A064623B1214628460CF00A
:109D700059FCEFE720460FF0E0F84246014638462E
:109D80000FF055FF0028F0D1B378002BEDD1E3E7B9
:109D9000C0400020C2400020014B1860704700BF47
:109DA000A431002010B504460548F2F7B1FA0023AB
:109DB000044A1380044A1380044B1C8010BD00BF6A
:109DC000444C0020C2400020C0400020BE40002083
:109DD00008B50448F1F7C0FDBDE808400248F1F7B6
:109DE000BBBD00BFC2400020C0400020014B188016
:109DF000704700BFBE4000202DE9F341044688466D
:109E000008F0E4F8324B074620461E880EF00EFD9F
:109E1000054620460FF062F8B0F5006F32D1FF2DF5
:109E200006D00123042200932846002300F0B6FB4D
:109E3000B8F1000F1DD107F079FA214605462548F3
:109E40000CF0BEFB284607F077FA23480CF0B4FD6F
:109E5000224BA8B31988711A17FA81F086B22046EE
:109E6000F1F754FF032306818372002002B0BDE89E
:109E7000F08107F05BFA00222146054615480CF0F8
:109E800081FBDFE716480CF0D7FB04281ED8FF2D16
:109E900006D00123082200932846002300F07EFB11
:109EA000B8F1000F05D107F041FA214605460C48EC
:109EB000C6E707F03BFA0022054621460848DEE7E0
:109EC000314605481F80F2F787F9C8E71C20CDE727
:109ED000BE400020C0400020444C0020C440002070
:109EE000C24000202DE9FF4708460C460EF0DBFF7C
:109EF00000F4805820460FF05CF8054620460FF02D
:109F00002FF8B0F5404F1BD1B8F1000F14D02946FF
:109F10000020FFF70DFF054670B1F1F7F7FE0023B3
:109F2000404A81780446009218462A460193F1F788
:109F300069F808B90123E372012004B0BDE8F08795
:109F4000284609F050FC814600F07AFAFF280746BF
:109F500037D00125A0F12006C0F12003324925FAAF
:109F600003F305FA06F61E438540D1E900232A4390
:109F70003343C1E9002300F09BFA044638B1384668
:109F800000F0EEFA10F00C0F14BF01240024B8F119
:109F9000000FD1D04FF0000A03A90120ADF80C90BA
:109FA000FFF7C6FE8146F1F7B1FE8046B9F1000F1A
:109FB0001ED1BAF1000F14D1FF2FBDD0002CBBD1A0
:109FC00028E01A4B1B684BB148469847044628B115
:109FD000B8F1000FB0D000252E46DBE7B8F1000F36
:109FE00001D10020A9E7002501242E46A246D3E78F
:109FF00074B100230B4A8178009218464A460193B7
:10A00000F1F700F8002897D1012388F80B3093E787
:10A01000FF2F91D0064BD3E9001229433243C3E905
:10A02000001289E7899B020030160020A43100202D
:10A030002816002038B504460EF050FF054620468D
:10A040000EF07BFFA5F500630446014658425841D7
:10A05000FFF76EFEB0B9B5F5006F01D0002038BD36
:10A06000204609F0C0FB00F0EBF9FF28F6D0064BC4
:10A0700000B21B6833F8100000F4E260003818BF2B
:10A080000120ECE70120EAE7A83100202DE9F743A1
:10A090004FF000090746ADF8049000F061FA10F0A7
:10A0A0000C0F29D04FF00208154D2B88A5F8009011
:10A0B000ADF806300DF106000CF059FA044630B147
:10A0C000B8F1010F14D04FF001080E4DEDE7214615
:10A0D0000DF106000CF0C2FA06460EF0A7FBB842DE
:10A0E0002246314614BF284601A80CF04BFAE1E79E
:10A0F000BDF80400FFF7E0FC03B0BDE8F08300BF4B
:10A10000C2400020C04000202DE9F04FDFF8208140
:10A1100085B0D8E9003213437CD105B0BDE8F08F9B
:10A1200002EA040103EA0700014327D022EA0402FD
:10A1300023EA0703C8E90023DAE9002302EA040559
:10A1400003EA070C55EA0C056FEA04006FEA070101
:10A1500024D1304600F004FAC2070FD5304600F093
:10A16000E7F9DBF81831002B45D11D46304600F0E9
:10A17000E5F8DBF800310BB12946984724197F41F7
:10A1800009F10109284B5FFA89F61B78B342C4D95B
:10A19000D8E9002352EA0301C2D1BEE702400B40D6
:10A1A0003046CAE9002300F0DBF9C307E6D51F4BB0
:10A1B00030461B6833F8163003F48873102B10D028
:10A1C00000F0B6F9DBF8183113BB1D46012310224D
:10A1D00000933046002300F0E1F90020F0F776FE0E
:10A1E000C4E700F0A5F9DBF818310125002BBDD03C
:10A1F0000122039502E000252A46039503920021DF
:10A2000030469847039A002AB0D0002DAED1DDE742
:10A210000025EDE74FF0000901244F46DFF814A0B8
:10A22000DFF814B0AEE700BFF84D0020A8310020E1
:10A23000301600202816002000300020F8B5034614
:10A24000084613B309B3402A1FD8114900260B60F2
:10A2500010490027086010494FF0FF350A700021AF
:10A260000C4604338A4205DC002152000FF009FD40
:10A270000020F8BDC3E9036703F8044C23F8024C3F
:10A280001D605D6001311833ECE72120F1E700BF6C
:10A29000AC310020A8310020F84D0020F0B5144C5E
:10A2A000DDE905672568EDB1F0B91248007888420C
:10A2B0001AD901EB41014FEAC10C05EBC10415F8B5
:10A2C000311011B92169C90710D4002005F80C001C
:10A2D00062801A6846F0010662605A68C4E9046741
:10A2E000A260F0BD0220FCE72120FAE72E20F8E76B
:10A2F000AC310020F84D00200E4B30B51A68A2B1E9
:10A300000D4B1B78834212D900EB400002EBC003D7
:10A31000C100002400200025C3E9044550544FF03B
:10A32000FF3258805A609A6030BD0220FCE721203D
:10A33000FAE700BFAC310020F84D0020094B1B6844
:10A3400063B1094A1278824208D900EB400003EB5E
:10A35000C0031A69D20701D5588870474FF6FF70BD
:10A36000704700BFAC310020F84D0020094A034679
:10A37000106870B1084A12789A4209D903EB430376
:10A3800000EBC303186910F0010002D0181D7047DC
:10A3900000207047AC310020F84D0020F8B50E4B7E
:10A3A00005461C6834B128B100260C4B1F78F3B267
:10A3B0009F4202D84FF6FF7009E008222946201D6F
:10A3C0000FF035FC20B92369DB0701D56088F8BDA3
:10A3D00001361834EBE700BFAC310020F84D002007
:10A3E000F8B5154B04461D680E46E5B1134B1F78B2
:10A3F000874218D900EB400305EBC30526B92B694A
:10A40000DA0712D42046F8BD08223146281D0FF085
:10A410000EFC50B92B69DB07F4D40134E4B2A74237
:10A4200005F11805F0D1FF24ECE70134E4B2A742AE
:10A4300005F11805E2D1F6E7AC310020F84D002017
:10A440000A4B01461B6830B52BB1094A147800222B
:10A45000D0B2844201D8FF2030BD5D888D4202D148
:10A460001D69ED07F8D401321833F1E7AC31002053
:10A47000F84D00200C4B1B689BB14FF6F7729142D0
:10A480000DD80A4A1278824209D900EB400003EB4A
:10A49000C0031A69D20704D50020598070472120D3
:10A4A00070470220704700BFAC310020F84D0020FB
:10A4B0000F4A03461068D0B10E4A12789A4215D955
:10A4C00019B203EB430300EBC300036913F001006F
:10A4D0000DD0094A126832F8112002F4E2622AB95A
:10A4E00013F00C0F14BF01200020704701207047AB
:10A4F000AC310020F84D0020A83100200A4A034664
:10A50000106878B1094A12789A420AD903EB4303DA
:10A5100000EBC300036913F0010003D0C3F3001084
:10A5200070470020704700BFAC310020F84D00207C
:10A53000094B1B686BB1094A1278824209D900EBBA
:10A540004000C20003EBC0000169C90701D5985C57
:10A550007047FF20704700BFAC310020F84D00204D
:10A560000C4A0346106890B10B4A12789A420DD9F2
:10A5700003EB430300EBC300D0E9043213F0010006
:10A580004FF0000104D018461146704700200146E4
:10A59000704700BFAC310020F84D002070B51C465C
:10A5A000124B9DF810601968D1B1114B1B78834292
:10A5B00018D900EB4000551E01EBC0012543D1E93D
:10A5C000040301D0C5070FD52EB110432343C1E9C1
:10A5D0000403002070BD20EA020023EA0403F6E72A
:10A5E0000220F7E72120F5E72D20F3E7AC3100202A
:10A5F000F84D0020134BF0B51B6803B300266FEA3B
:10A60000000C6FEA010E104C2778F4B2A74201D873
:10A610000020F0BDD3E9044514F0010F07D014F079
:10A62000020F04D132B104430D43C3E9044501369E
:10A630001833EAE70CEA04040EEA0505F5E7022000
:10A64000E7E700BFAC310020F84D00200B4B70B5A0
:10A650001B682BB100240A4A1678E2B2964201D850
:10A66000002070BDD3E9042502400D402A4304F1C7
:10A67000010403F11803F0D00120F2E7AC3100200F
:10A68000F84D00202DE9F0470026FF27B246164D71
:10A69000DFF8588098F800305FFA86F94B4502D809
:10A6A0003846BDE8F0872B792F2B0FD928460CF0C0
:10A6B0007CFD2B796C7903F0070304F003048342DB
:10A6C0002CBFE4182418E4B2A24506D95446B94672
:10A6D000A2464F4612350136DCE7288801F0A6F87D
:10A6E0000028F3D1F4E700BFC03C0020F342002073
:10A6F0002DE9F04F89B082460EF045FC029050469D
:10A700000EF069FD0026411C0546C9B25046F1F71E
:10A7100021FD3446B346B146B04600F01F00023575
:10A7200000EB4000EAB27D4F50FA85F5EDB2AA4247
:10A7300076D97B4E3378002B6FD0A400B4FBF3F4B2
:10A74000E4B2042C029808BF0324F3F7BFFA0546CD
:10A7500000283FD1FFF796FFFF285ED0714B05B26E
:10A76000049018780CF008FD80452CBF04EB08011C
:10A770002118B8F1000F14BF01230223674F05EB26
:10A78000C50507EB450553FA81F3284603930CF002
:10A790000CFD95F804C06B790CF0070103F003037E
:10A7A00088422CBF1B185B18039ADBB29A4234DA3A
:10A7B000049AB8F1000F04D119B13378033B5B451B
:10A7C0002BDC104602990CF098FC05B205EBC50590
:10A7D00007EB45052B791E09B8F1000F7ED04146E5
:10A7E00028460CF00CFD032128460CF00EFDB9F1B3
:10A7F000000F09D1002E40F0848008F0B6F9C0F3B4
:10A800000B014948F1F7E8FC6B79504623F003034C
:10A810001C446C710EF04CFBA87309B0BDE8F08FBE
:10A820004ED0424B51461B8807A8ADF81C304FF064
:10A8300000038DF81E300023009303230392F1F7E9
:10A840004DFC9DF81E30BDF81C101B09039A18BF63
:10A8500009F10109CDE9041318BF5FFA89F90392E0
:10A860000CF0BAF90499039A8842059B03D19DF82C
:10A870001E8008F00F082E4890F800C014E017F86A
:10A880000E0C10F0070003D00BF1010B5FFA8BFBED
:10A89000AA4207D037F812EC8E4503D113B108B1A4
:10A8A0000134E4B20136F6B2AA4207F112070BD125
:10A8B000B4450FD917F80E0C10F00700E4D1F1E7FA
:10A8C00000234FF6FF71D6E737F8120C884201D803
:10A8D000B445D4D80332123FD2B228E7022E14D99D
:10A8E0005B0707D0414628460CF08FFCB9F1000FFA
:10A8F00083D089E7032128460CF087FCB9F1000FCB
:10A9000082D1062E3FF679AF7EE7314628460CF01D
:10A910007CFC59EA06063FF470AF75E7C03C0020A6
:10A92000B44D00209E430020C02B0020A5D803007A
:10A93000F34200202DE9F0430823002485B08DF870
:10A9400008300646022301214FF6FC70CDE9004491
:10A9500002AA0EF01CFCADF80A00D8B12746DFF8B9
:10A96000A080DFF8A09099F80020E3B29A4224D8A2
:10A97000BDF80A4020460EF02EFC411C47F0600254
:10A980002046C9B2F1F7FAFB0022BDF80A001146D1
:10A99000F4F70EF808F0E9F8184AC0F30B01137841
:10A9A00001F55A51013113B1013B8908137030464A
:10A9B00005B0BDE8F043F1F70FBC18F80E5C6F2D41
:10A9C00017D8404630F8123D2D01ADF80C300CF090
:10A9D000ECFB05F0700528448DF80E0001230322DE
:10A9E00003A90DF10A00F1F7E7FA0028D2D10137E7
:10A9F000FFB2013408F11208B5E700BFEF420020B2
:10AA0000D23C0020F342002010B5054C2046F1F75F
:10AA10007FFC2046BDE810400021F1F7DDBB00BF00
:10AA2000C02B00202DE9F043284D87B0F6F76AFAD5
:10AA30002A7827492748FFF701FC09212A78264868
:10AA40000FF01FF90026224FDFF89480DFF8949072
:10AA50002B78F4B2A34202D807B0BDE8F0830B23F1
:10AA60002246182103A807F020FB4FF6F670BDF828
:10AA700014209DF81630511E89B2814215D800204D
:10AA8000C3F3C003DB1840EB0001CDE900312146E0
:10AA900003ABFFF703FC0028DED14FF4805327F807
:10AAA000143048F8240029F81400012322461B2101
:10AAB0000DF10A0007F0F9FABDF80A20064B01363D
:10AAC0001A558022054B1A55C2E700BFBB4D002026
:10AAD000E03F0020E810002037420020C64200205E
:10AAE0007C2A00209E3F002010B50A4B1C78FFF7FF
:10AAF000A7FCFF280DD0012C38BF0124064A2302F1
:10AB000032F8101019B101EB1313A3EB111322F853
:10AB1000103010BD9E4300209E3F00202DE9F047DD
:10AB2000002506460F46AA46DFF84490DFF8448029
:10AB300099F80030ECB2A34202D85046BDE8F08745
:10AB40002046FFF70DFDC2070CD52046FFF708FD94
:10AB5000830707D438F8143037B133434FF0010A74
:10AB600028F814300135E3E723EA0603F6E700BFCF
:10AB7000BB4D0020E03F002010B5084B084A1C7870
:10AB80000023D9B28C4201D8002010BD32F8021B3C
:10AB9000013330EA0101F4D10120F6E7BB4D00207A
:10ABA000E03F0020F0B50C464FF6F77187B08A42BF
:10ABB00086461D469DF8306002D9002007B0F0BDE2
:10ABC000596818680DF10C0CACE803002A49ADF87F
:10ABD00014200978A142F0D900218DF81660B61032
:10ABE00006F002060191704621460096FFF756FBDB
:10ABF0000028E2D1214B224A43F824009DF8383046
:10AC0000204E1B0222F814304FF4A0432146182096
:10AC100026F8143003AA0B2307F050FA9DF83430BD
:10AC2000194A13F0040F17BF0123184B135536F8B8
:10AC300014300BBF1B7843F00803135526F814306B
:10AC4000214601231B20224407F038FA0021104B33
:10AC5000104A1B782846234442F8231003F0B2F828
:10AC60000D4B1855284603F0D5F80C4A01201378EF
:10AC700001331370A2E700BFBB4D00207C2A0020E7
:10AC80009E3F0020E03F002037420020A04D0020E2
:10AC9000B44D0020B0220020C6420020F242002025
:10ACA000054B1B78834206D90021044B044A1B78CC
:10ACB000034442F823107047BB4D0020B44D0020E0
:10ACC000B0220020074B084A18780023D9B28842E6
:10ACD00000D870471188013321F4805122F8021BFB
:10ACE000F4E700BFBB4D0020E03F002030B585B049
:10ACF00004460D46E2F7DEFAA04202D8172005B05E
:10AD000030BD2046FFF72CFCC007F7D50B232246A9
:10AD1000182101A807F0C9F99DF80E2001AB03CB5B
:10AD200069609107286030D412F0080F0CBF04232B
:10AD300003232B722046FFF701FB154B68811B5D37
:10AD400020466B73FFF7F4FB124A2873135D4FF430
:10AD50007A7103F00F03AB73135D002013F00F0340
:10AD60001FBF03F1FF32022393403C2218BF53431D
:10AD7000094A08BF0A2352F82420B2FBF1F29A4292
:10AD80002CBF00239B1A2B61B9E70223D1E700BF38
:10AD9000C6420020374200207C2A0020F8B5194E18
:10ADA0000446337883422BD0FFF7C8FA4FF6FF777B
:10ADB000B84225D020463470FFF768F92046FFF7E7
:10ADC0009BFA0546E0B9104A1378013B1370F4F77B
:10ADD000ADF9294620460DF0BEFD80220B4B2046E2
:10ADE00023F814500A4B1A550A4B23F814500BF051
:10ADF0002BFE2A463946112007F07FFEFF233370D1
:10AE0000F8BD00BFF94D0020F2420020E03F0020D5
:10AE1000C64200209E3F00202DE9F04F82460E469C
:10AE200015464FF000088BB01F469DF854309DF832
:10AE300050B005934E4B5FFA88F41B78A34207D8B5
:10AE40004FF6F7739D421AD817F002083ED018E06B
:10AE50002046FFF773FA0B2381462246182107A8E4
:10AE600007F023F94FF6FF737EB9994516D14FF6D7
:10AE7000F7729DF82630954203F0EF0311D94FF693
:10AE8000FF7528460BB0BDE8F08F994506D0082223
:10AE9000304607A90EF0CBFE0028E8D008F10108E3
:10AEA000C8E79F4207F002092DD0F3F7ADF900285B
:10AEB0005BD1304B304A1B7853FA88F312F8238069
:10AEC00020460DF068FDB9F1000FDAD1E2F7F2F992
:10AED0002A4B1B788342D2D000210846FFF780FA24
:10AEE000FF280446CBD0059B0146CDE901B32A4695
:10AEF000334650460097FFF755FE0028BFD0F4F7C1
:10AF000015F9C14612E02046FFF718FAA842CCD145
:10AF1000B9F1000FB5D1304602F054FF184B5FFA7B
:10AF200088F803F80800304602F074FF59462046BE
:10AF30000DF0E5FC2046FFF701FA05460BF04CFE4C
:10AF400000230146012228460EF05FFBF3F75CF96F
:10AF500028B9084B084A1B78234442F8239020461E
:10AF60000BB0BDE8F04FFFF7E9B94FF00008A7E7D5
:10AF7000BB4D0020B44D0020B0220020F242002042
:10AF8000C6420020F8B50026104F3C78F5B2AC421E
:10AF90000FD800250E4B6400224629460D481D702F
:10AFA0000EF06FFE22462946BDE8F8400A480EF032
:10AFB00068BE2846FFF76AF8002128460DF0CBFC52
:10AFC0002846FFF799F90136DFE700BFBB4D0020A7
:10AFD000F2420020E03F00209E3F0020024B8021F3
:10AFE0001A7802480EF04DBEBB4D0020C64200202C
:10AFF00073B5044616460D460DF0E4FC032300200D
:10B00000CDE90030054B224629469B5DFFF704FF42
:10B01000001B18BF012002B070BD00BFA8D80300FC
:10B0200038B5FFF70DFAFF28044614D00A4D35F85D
:10B0300010301B070FD5094B094A1B7801461354E2
:10B04000012302441B2007F039F835F8143023F0AF
:10B05000080325F8143038BDE03F0020A04D002043
:10B06000374200202DE9F04F794B05461B78894681
:10B07000022B17468BB004D0002630460BB0BDE83B
:10B08000F08F0DF0FDFB06460028F5D14FF6F97361
:10B090009D4262D04FF6F8739D4276D02B0A284627
:10B0A0000DF11E018DF81C308DF81B50F1F7E2FEFA
:10B0B000002814BFB0464FF02008B34614BF062343
:10B0C0000E23022229463846039300F0EBFC0122AE
:10B0D0000446039B002840F0B880DFF880A18DF87B
:10B0E00018209AF800204946CDE900008DF81A2072
:10B0F0008DF81D0006AA4FF6FC708DF819800EF031
:10B1000046F881460028B7D00BF066FDB8420FD054
:10B1100048460DF0D5FF3946043008F066FB384646
:10B1200004A90DF072FB70B1484604A90EF0B6F800
:10B13000484B1B78033B012B2BD84FF6FF71484639
:10B140000CF097FA06469AF80030FF2B0EBF012349
:10B150000133DBB28AF800308FE74FF008084FF078
:10B16000200B3C4B1B78033B012B85D90BF034FDA6
:10B17000B84281D10BF030FDFC238DF81B30FF234A
:10B1800005468DF81C3006239BE74FF01008C34698
:10B19000E7E70DF0F2FC80460028D4D00BF01CFD50
:10B1A000A8422DD12C4B1A7852BB03214846F3F705
:10B1B000FFFB0028C7D09AF80030A8F8007088F884
:10B1C0000430002388F8053088F808300BF004FDBF
:10B1D000A84202D1204B1B7853B10BF0FDFCB842C2
:10B1E00006D12CB1237923F0030343F0010323712B
:10B1F00000224FF6FF710C2007F07FFC0126A2E72A
:10B200005946284608F1070200F078FC0446002859
:10B2100099D0002203214846F3F7CAFB0028CAD17F
:10B22000237903F00303012B8DD10BF0D5FCA84249
:10B2300003D1094B1B78002B85D0237943F00303FE
:10B2400023714FF6FF7323807DE7164615E700BF95
:10B25000F9420020FA420020FA4D0020BE430020AF
:10B2600037B50E4B05461B780C46033B012B11D915
:10B27000E2F744F801280FD0821E5342534159018E
:10B2800028460DF1070200F039FC18B10021448076
:10B290000DF05AFC03B030BD1021F1E7FA42002056
:10B2A0002DE9F0438BB0857AB0F8069004460E463F
:10B2B00017460BF091FC8145804605F0400541D1D1
:10B2C000002160880BF086FF0246002E44D108233F
:10B2D00004A9C14501EB03060CBF234902A9086874
:10B2E000496803C6A2B3022100268DF81720012267
:10B2F0008DF81010217A45F020058DF81210A188E4
:10B3000008338DF81310090A8DF81410E188CDE97F
:10B3100000268DF81510090A8DF816106088314640
:10B3200004AA8DF811500DF032FF054680B16188F6
:10B330000DF0FDFD79003246284601F0FE01F3F7DD
:10B3400037FB06E0E08802A90DF05FFA0028B7D1CC
:10B3500000200BB0BDE8F0833068716806AB03C312
:10B3600045F010051023B3E7754300202DE9F7439E
:10B3700088461E46074691460DF0A2FE002104466F
:10B3800030460BF027FF054608F107013846C9B2E1
:10B39000F0F7CEFE7DB1B9F1000F02D103781D4464
:10B3A000EDB2057063781A0716D569463046F1F795
:10B3B00061FD024618B1002003B0BDE8F08308210A
:10B3C00068460BF04CFB0028F5D120460DF039FF04
:10B3D000082269460EF03BFC0BF0FEFB0146201DE7
:10B3E00008F003FA6378DB0603D538460B490DF005
:10B3F00055FF3146A01C08F0F8F9314638460DF0EB
:10B4000096FD074A13780133DBB21370E371A37919
:10B410000BB10120D0E70123A371FAE775430020A7
:10B42000F7420020FF232DE9F04F8FB081461646EA
:10B4300005918DF822301AB301230BAA0DF0F7FA0B
:10B440009DF836500446EF0625D50027059BBDF82C
:10B45000308003F108024946D2B209A808230097B8
:10B46000CDE90977F0F73AFE3A46404609A9F8F7E0
:10B4700073FB002840F08C80A90627D510220DE030
:10B4800013460BAA0DF0D3FA9DF836500446A806D1
:10B4900063D5062202E0AA0618D5082200230599E2
:10B4A000BDF832700A44CDE9093349460093D2B25F
:10B4B00009A80823F0F712FE384686F0010209A910
:10B4C000F8F74AFB002863D1002E46D0BDF8307053
:10B4D0000BF082FB874249D038460DF0D1F9804607
:10B4E000002E45D1BDF82EB0002158460BF072FE5B
:10B4F000BDF82C300390184606930DF0C1F90646AE
:10B500000BF06AFB069B834242D0B64B1B78033B91
:10B51000012B3DD915F04003049339D1039B0BB99E
:10B52000002E35D09DF83570039B05F018051F449B
:10B53000FFB2082D8DF835706CD120230493002CB8
:10B5400040F042810DF019FB054608B3002E40F093
:10B55000B28033460126B24674E0BDF832700BF07B
:10B560003BFB8742B8D14FF00108BBE74FF0010821
:10B57000002C43D09C4BE279678803EBC20633F87A
:10B580003220BDF832309A4205D04FF6FF73238047
:10B590000FB0BDE8F08FBDF82EA0B8F1000F08D0B5
:10B5A000002130460DF0D0FAA6F802A00CF030FFD2
:10B5B000EEE7BDF830000DF0CFFA054641463046C3
:10B5C0000DF0C2FAA6F802A0884E2DB141462846D9
:10B5D0000DF0BAFA63886B800CF01AFF3378002BF9
:10B5E000D6D03B46002248460599FFF7BFFE00280B
:10B5F000CED0394648460CF03CF8C9E70CF008FFBD
:10B600007A4B1B78002BC3D0B8F1000FC0D14FF696
:10B61000FF77E6E7102D01D1049590E7B8F1000F10
:10B620008DD1002C3AD0C2460021BDF832000DF178
:10B63000220200F063FA03460028A9D0002E40F051
:10B64000CB8025460499BDF830000DF12302079305
:10B6500000F054FA044600289AD0644A079B1278F6
:10B66000002A79D0BAF1000F26D102462C46617922
:10B67000B9427FD92546A4F802B067711446002B61
:10B6800000F09F809DF82230EA799A4200F099807C
:10B69000002E40F08F80EB71002540E00DF06DFA38
:10B6A000044600283FF474AF4FF0010ABCE70022C3
:10B6B00001261346DBE70126B8F1000F1FD107F082
:10B6C00054FA7E23B0FBF3F202FB130005993A46CD
:10B6D0000531C9B25FFA80FA4846F0F74FFD4FF6E0
:10B6E000FF7148460DF023FC039B032B2CD9AAF1D4
:10B6F0007E0A022148465FFA8AF2F3F759F9069B5F
:10B70000A5F802B02B809DF834306F712B710023A7
:10B710002B72002E42D19DF82230EB710125B8F139
:10B72000000F3FF435AF484609A90DF097FD0028FA
:10B730003FF42EAF2A4609A90BA8FFF7B1FD27E772
:10B74000002625463446BAE7039B012B94BF0AF135
:10B75000020A0AF1420ACCE7BAF1000FCFD16979A7
:10B76000B94209D9A5F802B06F71002B8AD1002E19
:10B7700092D024E025461446049A002A3FF408AFEC
:10B780008F427FF405AF039307F0EFF983077FF44F
:10B79000FFAE039BA5F802B06F7170E7FF23EB715A
:10B7A000002CBBD001252379A4F802B023F00303B9
:10B7B0002371B4E7FF23EB71002C3FF46DAF00253C
:10B7C000F1E7002CD3D167E7002E7FF470AFB246CB
:10B7D00025460126534635E7BAF1000FB0D156464B
:10B7E000524644E7FA420020163F0020BA4D00209E
:10B7F00070B50C4B4FF6FF751C78002302460A48C3
:10B800009C4201D1002005E00688964206D1AA425A
:10B8100001D10B7070BD8679002EFAD0013308304B
:10B82000DBB2EDE7B94D0020163F0020002210B535
:10B830000A4B1C780A4BD1B28C4201D8002010BDB3
:10B840005988814204D11979890701D1997911B1B7
:10B8500008330132EFE70120F1E700BFB94D0020C6
:10B86000163F002010B5084B01461C780023074AFC
:10B87000D8B2844201D8FF2010BD914203F10103E8
:10B88000FAD00832F4E700BFB94D0020163F00207F
:10B8900038B50446FFF7E6FFFF28054603D13F21F0
:10B8A0000B48DDF7A5F94FF6FF7320462380A371FF
:10B8B00003210DF049F9074B07481A780021073298
:10B8C000D21002FB0500BDE838400EF0DAB900BF27
:10B8D000ADD80300BB4D002085420020F8B50446DA
:10B8E0000026124D124F3A78F3B29A4209D800223C
:10B8F0004FF6FF710F4B1D780F4BD0B285420BD81E
:10B90000F8BDFF2C02D0AB79A34202D12846FFF745
:10B91000BFFF08350136E6E7FF2C02D0187AA042B7
:10B9200001D1198019720A330132E6E7163F00206F
:10B93000B94D0020B84D0020C63E0020FF28F8B5C4
:10B9400004462CD0164B1B78834203D8802115481F
:10B95000DDF74EF94FF6FF75134A32F8341002EB5B
:10B96000C4000379A94203F0030318D0012B16D1B8
:10B9700000220E4B1F780E4BD6B2B74203D8BDE85B
:10B98000F840FFF785BF1E88AE4205D093F807C088
:10B99000A44504D0B14202D00A330132ECE7F8BD2D
:10B9A000B94D0020ADD80300163F0020B84D00204F
:10B9B000C63E00202DE9F74306F011FB324B1B7801
:10B9C000033B012B21D9314B1D88451BADB2E5B19D
:10B9D00018804FF6FF7700202D4A13782B44C3F3CD
:10B9E000C81403F07F0313702A4B2B4A1E78C3B28E
:10B9F0009E420DD800264FF6FF77284CDFF8A09026
:10BA000099F80020F3B29A4216D803B0BDE8F0834B
:10BA10001388BB420DD0137999070AD104EB931117
:10BA2000022928BF022103F03F0389B243EA8113B0
:10BA3000137108320130DAE734F80A8CB84506D0C1
:10BA400014F8043CAB4205D95B1B04F8043C0136F6
:10BA50000A34D5E70BF0C0F8804534F80A3C04F806
:10BA6000027C24F80A7C09D018460DF10701FFF783
:10BA7000BFFE18B19DF80700FFF760FF14F8030C34
:10BA8000FFF75CFFE3E700BFFA420020C64000205A
:10BA9000BF430020B94D0020163F0020D03E0020BB
:10BAA000B84D0020F0B500244FF6FF77034610484C
:10BAB000DFF844C006780F48E5B2AE4201D8002056
:10BAC0000FE005889D4210D13AB1012A16BFC57911
:10BAD00005793CF83550A94207D1BB4202D1142365
:10BAE0008371F0BD057A002DFBD00A300134E3E705
:10BAF000B84D0020C63E0020163F0020F8B50D4688
:10BB0000114607461646FFF773FE002836D1024657
:10BB10004FF6FF7C1E4B1F4C1978D3B2994206D8C2
:10BB200000231C4C8B4221D1F8BD0834F5E7B4F852
:10BB300000E00132E645F8D13370012327802371FC
:10BB40000021A17165B1144B45F008051A782571E3
:10BB5000D31DDA103078114B02FB00300EF091F853
:10BB60002379204603F03F032371DDE72279920910
:10BB7000022AE1D001330834DBB2D3E7037904466B
:10BB80009A071EBF23F0030343F001030371D7E7B5
:10BB9000B94D0020163F0020BB4D002085420020FB
:10BBA00073B50DF107010546FFF722FE40B1037999
:10BBB0009A0705D113F0300404D043F00303037156
:10BBC00002B070BD28460CF0CFFF094B4FF6FF7155
:10BBD0001D7823469DF80760064AD8B28542EFD902
:10BBE000D0790133B04204BF118011720A32F4E7F8
:10BBF000B84D0020C63E002010B5134B1B78834281
:10BC00001DD9124B1B78033B012B18D9104A04B2E3
:10BC100002EBC0039879A0B932F834200A805A8820
:10BC20004A801B7903F003020A719A0952014A7192
:10BC3000C3F30112C3F381038A71CB7110BD0120DC
:10BC4000FCE72D20FAE700BFB94D0020FA420020A2
:10BC5000163F002030B50A4BCC081B78094D07333E
:10BC6000DB1000FB0340012301F007018B402C5C3B
:10BC7000DBB212B11C432C5430BD24EA0304FAE7B2
:10BC8000BB4D00208542002070B50B4B04461B784D
:10BC9000834204D840F24B210848DCF7A9FF002575
:10BCA000074E3378E8B2834200D870BD00222146A7
:10BCB000FFF7D0FF0135F4E7BB4D0020ADD80300FE
:10BCC000B94D0020FF2810D0FF290ED0084BCA081C
:10BCD0001B7801F007010733DB1000FB0323054A43
:10BCE000D05CC84000F0010070470020704700BFE2
:10BCF000BB4D0020854200200148EFF72DBE00BF5C
:10BD0000C84000202DE9F04397B006460F46144680
:10BD10000AF062FF20B10225284617B0BDE8F08383
:10BD20003A4B1D6815F00205F5D10DF1340834B910
:10BD300040460AF09FFE98B140F61245ECE72046D7
:10BD40000CF0E5FB0028F3D12246444602F1100C2A
:10BD5000234610685168083203C362451C46F7D178
:10BD60004FF0010911A806F081FF05A911A8ADF84F
:10BD7000449007F0C3FA03A807F06BFA09A911A8C9
:10BD80009DF80E408DF8459007F0B8FA9DF80D200B
:10BD90009DF80F3072B31B1BDBB2802B2AD8102208
:10BDA000404609A90DF043FF0028B4D14FF6F773C0
:10BDB0009E4288BF0023164A88BF3B6012788ABF24
:10BDC0007B6023232123012A1BD0022A08BF2123C1
:10BDD000CDE900830022012339463046FBF7BAF94A
:10BDE00088B14FF6F7739E4296D90A4B1A780A4BE0
:10BDF0001A7091E7611C00224046C9B2FAF700FFB1
:10BE0000D4E72323E4E7192586E700BF542C00205C
:10BE1000C0430020F7420020C143002013B50AF0C0
:10BE2000DBFE90B91E4B1C6814F002040DD168466D
:10BE300007F00FFA9DF802309DF803209B1ADBB241
:10BE4000802B02D99DF801301BB90224204602B094
:10BE500010BD0AF0C1FE134B19780BF0DDF9D8B90B
:10BE60002146FAF723FF09238DF800300E4B2246B6
:10BE70001B78022168468DF801300AF066FB024605
:10BE800008B91924E2E7012321464FF6FF70FBF7BA
:10BE900049F80028DAD1F4E740F60C44D6E700BFB1
:10BEA000542C0020C1430020F44200202DE9F0472B
:10BEB0001E464D4B8CB01B681546074688469DF8BC
:10BEC000509003F0080A0AF087FEA8423FD1B9F16A
:10BED000000F14D06EB9ADF806603D46042422462A
:10BEE000414628460CF0E8FE00F001000CB0BDE829
:10BEF000F0870023ADF806303D4606243AE0384688
:10BF0000FEF79EFAFF28044605D0F2F77DF910B13E
:10BF10002046FEF7C5FE96B10023ADF80630F7F7D0
:10BF2000C9FE0028E8D0062440460DF1060202A909
:10BF30000BF055FED8B94046F8F7DAF817E0ADF83F
:10BF40000660F7F7B7FE0028C7D00424ECE73EB33D
:10BF5000BAF1000F2ED000230B24ADF80630B9F152
:10BF6000000F0AD1F7F7A6FE2F460028DCD13D4688
:10BF7000002EB4D0BAF1000FB1D004F00402414653
:10BF800042F0110228460CF097FE22460646414632
:10BF900028460CF091FE002814BF30460020A3E78D
:10BFA000BAF1000F14D00124ADF80660B9F1000F0A
:10BFB00095D1D7E70B24284602A9F0F75BFF074687
:10BFC00068B902A807F068FB20B9ADF80600EDE7F4
:10BFD0000124F0E744F00204ADF80670E6E7002320
:10BFE000ADF80630E2E700BF542C0020F7B5064656
:10BFF0000F4615460AF0F0FD28BB144B1C6814F0E0
:10C00000020420D14FF6F7739E421CD8F4F77AF958
:10C0100060B101232A46394630460094FFF746FFB7
:10C02000002808BF1924204603B0F0BD0AF0D4FD53
:10C03000A8420CBF06220B2239460CBF30462846C8
:10C040000CF03AFEECE70224EDE700BF542C002090
:10C050002DE9F0471E46744B8CB01B7807460D4601
:10C060001446DDF85080002B3ED00AF0B5FD30B309
:10C070006E4B1B68980722D44FF6F7739C4233D857
:10C0800043463A4631462046FBF798FC0AF0A4FDA9
:10C09000854200F0C5803046FEF780F9A04203D10A
:10C0A000FEF7CEF90CF077FCBA1E534253412946F5
:10C0B000002220460CB0BDE8F0470DF0A6BAE7B16B
:10C0C000F91ED1F1000949EB01094FF6F7739C42C3
:10C0D00016D90321204606F05BFD03233A4631467C
:10C0E0002046009506F0A1FD0AF076FDA84200F07A
:10C0F00097804FF6FF739C42CBE74FF00109E4E7CE
:10C100002B463A463146204606F0C1FA2146CDE993
:10C1100000082B463246384607F0D3FA80460146DF
:10C12000204606F035FDB8F1000F61D1B9F1000FDE
:10C1300012D100233A4631462046009506F075FD9F
:10C1400088F001032A4631462046CDF8009003F0DE
:10C150000103FFF7ABFE99E7002FEAD003AA92464E
:10C16000334B03F1100E9446186859680833ACE855
:10C17000030073456246F6D107A806F077FD032356
:10C18000306871688DF81C3008AB03C39DF8293006
:10C1900007A843F002038DF8293006F0F8FF90B1AC
:10C1A0003068716808AB03C3042307A88DF81C30FE
:10C1B00006F0EDFF38B1022307A88DF81C3006F019
:10C1C000E6FF0028B5D1514607A807F069F8002816
:10C1D000AFD0F4F779F80028ABD103233A463146C3
:10C1E0002046009506F021FD0AF0F6FCA84250E733
:10C1F00043463A4631462046009506F016FDB8F112
:10C20000010F9DD0B8F1020F7FF440AF284607A977
:10C21000F0F730FE20B93246284607A90CF007FD9A
:10C220000CB0BDE8F08700BFF5420020542C002080
:10C23000BDD80300044B1A880AB100221A800021DD
:10C240000846F9F769BD00BFC840002000232DE96A
:10C25000F0478EB004460E46CDE903334F780AF01E
:10C26000BBFC50B1AE4B1B689A0706D4092103A84A
:10C2700006F0CDFC0EB0BDE8F087204603A9F0F72C
:10C28000F9FD0546002840F04481022F3DD0042FDF
:10C29000ECD1E1F71BF8002800F01181E1F716F866
:10C2A000022840F00E8109AE2B462A463146284628
:10C2B00007F05AF9012103A89DF8255007F027FA45
:10C2C0002840FF2800F0218105AD28460AF0D2FB66
:10C2D000002840F01C8195E80F0086E80F003A46E0
:10C2E000314603A807F04FF80246002840F00D81C0
:10C2F000032303A9CDE9005320463B46FAF72AFF62
:10C3000000280CBF13210621B1E7854B1B689B0752
:10C31000ACD402360822314682480DF088FC002851
:10C32000A4D0E0F7DFFF002800F0C9807E4B7F4DEE
:10C330001B78F3B9FFF77EFF2988002953D103AF9B
:10C340003146384606F08EFC002800F0B6803046B4
:10C350000DF10A01F0F768FD38B90DF1240A5046D5
:10C360000AF088FB8046002873D0FFF763FF0F2197
:10C370007DE72988B9BB0846EFF78EFD28800028A5
:10C3800000F0C9800123082203A92846EFF714FE14
:10C390003146012308222846EFF70EFE01233A46D4
:10C3A00009A92846ADF82440EFF706FE2888EFF7E4
:10C3B000C9FC29460646204602F036FA2888EFF7DF
:10C3C000C1FCF6B2864208D1FF238DF82430012348
:10C3D00028461A4609A9EFF7EFFD00210120F9F7D9
:10C3E0009BFC0C2143E70846EFF790FC07462888A2
:10C3F000EFF78CFC2C88112100F108082046EFF79C
:10C40000A9FE102181462046EFF7A4FE082204462B
:10C4100003A940460DF00BFC00287ED108223146CE
:10C4200038460DF004FC002877D104EB0924464679
:10C43000A4B285E728884FF0010828B11221EFF750
:10C4400089FEFF2881461ED13246B9462046402348
:10C4500004E03A46B1464346BDF80A0043F0030300
:10C46000CDE900A349460323FAF774FE00283FF400
:10C470007CAF0721484606F0CAFBB8F1000FD9D0BF
:10C48000FFF7D8FEF6E600210846EFF705FDADF808
:10C49000140048B1204605A902F0C6F9BDF8140001
:10C4A000EFF750FC0028CFD1142300934A463946B9
:10C4B00020462B8802F070F9C6E7FFF7BBFE11217A
:10C4C000D5E6E0F703FF012801D00621CFE605AE4F
:10C4D0002A462B463146009503A8F9F72FFB024662
:10C4E00008B10A21C3E60E4B20461B6803A95B0076
:10C4F00003F0040343F00303CDE900633B46FAF77E
:10C5000029FE0028E1D11321B1E60521AFE6122171
:10C51000ADE60B21ABE61021A9E60E21A7E600BF90
:10C52000542C00207543002031420020C8400020D8
:10C53000012330B50D4C85B022788DF80430D51824
:10C540008DF805200E228DF806200A682570CDF89A
:10C5500007204A6801A9CDF80B200B22EFF72CFD2C
:10C56000B0FA80F0400905B030BD00BFF6420020AF
:10C5700070B500230C4686B002AE05461A46314619
:10C5800020460093F9F7DAFA58B903232146CDE99A
:10C59000006328460423044AFAF7DCFD80F001001A
:10C5A000C0B206B070BD00BF75430020142330B583
:10C5B00018498BB07F22054609880DEB030005F072
:10C5C00074FDBDF81430DA0721D413F0060FC3F35D
:10C5D000410208BFC3F341220F4B0DF116019C5CD1
:10C5E000684622460DF05FFBBDF8263004F12802B4
:10C5F0006A4402F8283C02341B0A02F8273C6946C8
:10C600002A46E0B20BF0C8FA00200BB030BD232060
:10C61000FBE700BF3AAF0300CDD8030010B58AB0E6
:10C62000ADF826200022CDE9052204920CAA029240
:10C630004FF6FF7201464FF4947401200192074AAD
:10C64000039004FB0122DC3200924CF620010DF134
:10C6500026020CF053FB0AB010BD00BF00300020D2
:10C6600000B58BB0ADF824309DF8303003208DF844
:10C670002630002303900A4909A8CDE90130CDE90D
:10C680000533049301F1DC030093B1F8D8300220A4
:10C690004CF660410CF032FB0BB05DF804FB00BFC0
:10C6A0000030002010B54FF6FF741E4A8AB0B2F871
:10C6B000E400B2F8DA10A042ADF82600B2F8D830A3
:10C6C0004FF6FD70ADF8241018D081424FF00000F5
:10C6D00094BF48F660014CF66001CDE90500CDE954
:10C6E0000300CDE9010094BF09AADC3200920DF1EC
:10C6F000260204200CF002FB0AB010BD81424FF06C
:10C7000000008CBFDC3209AA00928CBF4CF660415D
:10C7100048F66041CDE90500CDE90300CDE901000F
:10C72000014AE6E700300020E630002000B50E4B5D
:10C730000022B3F8DA308BB0ADF824304FF6FF7337
:10C74000CDE90522CDE90322CDE9012209AA009213
:10C750004FF400610DF126020720ADF826300CF0F1
:10C76000CDFA0BB05DF804FB0030002030B58BB083
:10C770008DF825301B0A8DF8263000230E4991F8DC
:10C78000D440D1F8D850B1F8D800CDE9053304939E
:10C790000723DC31039308ABCDE9010300914FF689
:10C7A000FF734CF62041082008958DF824400CF0CA
:10C7B000A5FA0BB030BD00BF0030002070B54FF6B9
:10C7C000FE76274C1D46B4F8DA30B4F8D810B342E0
:10C7D00094F8D800A2B04FEA112131D14FF4404370
:10C7E000DC348DF80B008DF80C10ADF8083003CC5C
:10C7F0000DF11504CDF80D00CDF811102270120ABC
:10C800006270002211461046A270E270ADF8062058
:10C810000CF034FCADF8060080B102A90434621AB1
:10C820000123D2B20DF10600EFF7C6FBBDF80600FA
:10C830002A460121EFF708FBBDF8060022B070BDC3
:10C840004FF400448DF80D301B0AADF808408DF808
:10C850000B008DF80C108DF80E300DF10F04CDE7A4
:10C86000003000202DE9F04F002485B0DFF8E0B063
:10C87000BDF838A01F46BBF8DA3050460093154685
:10C88000BBF8D890ADF80E40EFF75CFA5FFA80F88D
:10C890003846EFF757FA22462146C6B220460CF03A
:10C8A000EDFB08EB06021632ADF80E0023462146DA
:10C8B000D2B20DF10E00EFF77FFBBDF80E0000289D
:10C8C00040D0EFF723FAE222034680F813904FEAB4
:10C8D00019290474427480F8149008220BF1DC01C9
:10C8E000153001930DF0B3F9019B03F11D04BAF16A
:10C8F000000F08D05046EFF709FA4246014620469D
:10C900000DF0D1F9444447B13846EFF7FFF932460C
:10C91000014620460DF0C7F93444009B2570A370F2
:10C920001B0AE3704123237100232D0A637107481A
:10C93000657001F047FA4FF47843A071BDF80E001E
:10C94000A4F8073005B0BDE8F08F00BF8D4300208C
:10C950000030002018B1034B002019607047024BD3
:10C96000FAE700BFB0310020B43100202DE9F843D0
:10C970001046174606F037FFDFF81C810546D8F849
:10C9800000302BB9424B1B6813B90020BDE8F88377
:10C9900015F4406905F040060FD136BBB5F5804F60
:10C9A00052D24FF48074D8F80030002B56D1384B57
:10C9B0001B68002BE9D0002262E0F81C06F013FF90
:10C9C0004FF6FF73984214BF0124022486B1052656
:10C9D00005F44043B3F5004F44F0080424D0B5F506
:10C9E000804F23D244F4807420E04C460326EFE7C6
:10C9F000B5F5804F4FF00506F4D3B9F5406F14BF7D
:10CA0000022008203044384406F0EDFE214B05F4A6
:10CA10004045B3F8D83083420CBF44F0080444F0DA
:10CA20000404B5F5004F01D144F08004B9F5006F5E
:10CA30000ED1B81906F0D7FE164BB3F8DA308342A0
:10CA4000B1D144F01004AEE74C4603260220D9E7EA
:10CA5000B9F5406F08BF44F02004A4E70022D1B22A
:10CA600033F8110033F911100029A0DBA04202F1C4
:10CA70000102F4D1012089E7A04202F10102F9D0BC
:10CA8000D1B233F8110033F911100029F4DA7CE740
:10CA9000B031002000300020B43100202DE9F04FEB
:10CAA000104685B01646984606F09DFE5D4F00F094
:10CAB0000803B7F8D810044600F00709F01C0293E9
:10CAC0000391B7F8DAB006F08EFE06F1050A0546C6
:10CAD000504606F088FE03464FF6FF70854218D098
:10CAE0000399A1EB050CDCF1000545EB0C056D008D
:10CAF0004FF6FF718B420ED145F0040500F0E8F9C6
:10CB0000029B6BB1B9F1000F11D0422005B0BDE816
:10CB1000F08F0125ECE79B4508BF45F00805EDE7E0
:10CB2000B9F1030FF1D8DFE809F0021B795D00F0DD
:10CB3000CFF908B9A807E8D524F00804A4B2B4F5E1
:10CB4000004F05D0B4F5624F02D0B4F5404FDCD1B0
:10CB50000025294697F8242100200CF08FFA3CE0AC
:10CB6000D7F8FC30E3B9002132460846FFF7FEFE55
:10CB7000D8B948F6410224F038039BB29342C4D19D
:10CB80000A2D49D0062DC0D197F8F330023B012B76
:10CB9000BBD8EDF7BFFD0028B7D140F6040505E08E
:10CBA0004146304698470028DDD00825E20648BFB8
:10CBB00045F08005A30648BF45F4805505F00C03F9
:10CBC000042BC6D1F01D06F00EFE97F82431324634
:10CBD000009341462B460CF026FA08B30E9B1880B2
:10CBE000002093E7A90705D14FF6FF73B7F8D820C7
:10CBF0009A428AD104F44063B3F5006F0AD0B3F5CA
:10CC0000406F82D10822504607490DF010F80028E5
:10CC10007FF47BAF0C25C9E70425C7E7432075E700
:10CC2000192073E700300020DC300020034B1A7815
:10CC30001AB1FF2A04BF00221A707047C3430020B4
:10CC400070B5084C084E2378F55C1DB13E210748AD
:10CC5000DBF7CEFFFF2223782846F254002323700F
:10CC600070BD00BFC2430020C3430020D2D80300E0
:10CC7000034B044A1B78D05CFF3818BF0120704773
:10CC8000C2430020C34300200023074A0749136022
:10CC9000074A1360074A1360074A11600121074AD7
:10CCA0001170074A13607047C4310020D790030009
:10CCB000C0310020BC310020644C0020FB4D00201E
:10CCC000CC3100200E2A70B50C4606461546194692
:10CCD00003D9FFF7D9FF502070BD012807D10020EC
:10CCE000EDF732FDB0B1FFF7CFFF2120F4E780224E
:10CCF0000021224B1A70224B1960224B1B684BB14A
:10CD00003420EFF7C9F8204B188018B9FFF7BCFFA3
:10CD10000120E1E724F0FF6323F4FF231BB1FFF7B9
:10CD2000B3FF4F20D8E774B92046EDF729FD012461
:10CD3000032510F0800F43B21BBF00F01F039C407F
:10CD40009C4044F078440020104B24F078441E703E
:10CD50000F4B10491D70104B1C60104B1870104B7E
:10CD60001A68EEF70DF918B1FFF78EFF0420B3E74C
:10CD70009DF810200B4B1A70AEE700BFC443002093
:10CD8000C8310020BC310020CA400020C943002027
:10CD9000C743002005D10200CC310020C843002049
:10CDA000C4310020C543002010B5164B187860B17F
:10CDB000154C2368CBB14FF4707200201349EEF785
:10CDC0000DFB2368013B236010BDEDF721FD1049E9
:10CDD000104A91F90040136884420B4C03F101039F
:10CDE00013602368B8BF087053B90B4809F0E4FD1D
:10CDF0000028E9D1BDE8104001460748EFF7ECB93B
:10CE00000822DAE7C9430020D0310020A9CD020072
:10CE1000C4430020C8310020684C00207FB5244B5B
:10CE200000251A7801232348234903FA02F20078E7
:10CE30001A440A60ADF80E5020B3984236D11F4C08
:10CE40001F4B20781B680DF10E0198471D4EBDF851
:10CE50000E20307092B11C4B2946009328460223C5
:10CE60000195EEF7CFF83278237822B1012A12BF6C
:10CE70001B230133DBB2237004B070BD013818BF2F
:10CE80000120F0E778235A43013A0A6008220F494B
:10CE9000EEF7A4FA0B49094A0978137821B1012960
:10CEA00012BF1B230133DBB21370E5E71846E3E73B
:10CEB000C7430020C9430020D0310020C8430020D0
:10CEC000644C0020FB4D002041D10200A9CD02009E
:10CED000054B1B682BB9054B1868003818BF01209B
:10CEE00070470120704700BFC0310020BC310020D6
:10CEF00037B505461C46FFF7EBFF68B974B1084B20
:10CF00001A60084B0A461C6001232946009303233C
:10CF1000FFF7D8FE03B030BD4D20FBE72520F9E731
:10CF2000B8310020C031002013B50446FFF7D0FF10
:10CF300058B962B1074B1A6001230A460093214693
:10CF40000323FFF7BFFE02B010BD4D20FBE72520F5
:10CF5000F9E700BFBC3100202DE9F0410446DDE9CE
:10CF600006861D469DF82070FFF7B2FF88B99EB176
:10CF7000A2B10B4B01201A600A4B0A46C3F800808D
:10CF8000094B21461E602B460697BDE8F041FFF78E
:10CF900099BE4D20BDE8F0812520FBE72120F9E76F
:10CFA000644C0020C4310020C03100200148EEF75D
:10CFB000D3BC00BFCA4000202DE9F0410020EDF7AE
:10CFC00041FF0F4B0F4C1E680F4B20881D680F4B05
:10CFD0000F4FD3F8008010B13978EEF7CFFE002064
:10CFE0003870FFF751FEEEF7B5FA0EB14046B04784
:10CFF0001DB12088A84700232380BDE8F08100BF31
:10D00000C0310020CA400020BC310020CC310020BB
:10D01000CA430020F8B52F48EFF77AF92E4B18785D
:10D0200030BBEDF7ADFB2D4F06463B6803B32C4BF1
:10D030002C4D1C6824B195F900301A461946A047BA
:10D04000294B1B6883B1294C2378312B0CD8284BF2
:10D050001888EEF75BFE23785A1C22702A78C25497
:10D0600023785A1C2270C65480232B7000233B6007
:10D07000204C23781A2B22D81F4A1278012A09D172
:10D0800000211E4A156825FA03F0C007DAB20ED552
:10D0900001B122700020EDF773FB2178884212D194
:10D0A0000022174B1A70FFF7B9FE40B9F8BD0133E3
:10D0B000D8B21A284FF00101E5D90A442270BDE820
:10D0C000F840FFF779BF0020EDF76CFB0028E7D0B0
:10D0D000F5E700BF684C0020C9430020C83100209C
:10D0E000B8310020C4430020BC310020CA430020D6
:10D0F000CA400020C8430020FB4D0020CC31002056
:10D10000C643002008B50B4B187880B90221EDF713
:10D1100009FB094B1B782BB100214FF6FF72084623
:10D12000EDF7DAFABDE808400448FFF773BF0021C5
:10D130000846ECE7C9430020C5430020684C0020A6
:10D1400038B5144B0C461D78012D21D181B9084604
:10D15000EDF716FB104A05FA00F013680F4923EAB1
:10D160000003136020462A46BDE83840EEF736B982
:10D170000B4A13780133DBB2022B137004D9BDE8DC
:10D1800038400848FFF746BFFFF748FE0028F6D1B1
:10D1900038BD00BFC9430020CC310020A9CD02001A
:10D1A000C6430020684C00202DE9F0431E46574B33
:10D1B0008FB01B780746033B012B0C4615469DF8A4
:10D1C000588007D8F3F7EEFE20B1EFF743FA08B125
:10D1D00044F400544E4B1B7813B924F40074A4B2E9
:10D1E000200509D546B9284604A9EFF743FE0028D3
:10D1F00046D024F40064A4B2ADF81840ADF81A503B
:10D2000009F0EAFC434BADF81C00B8F1000F02D066
:10D210001A78424501D293F800803F4AE10513781D
:10D2200048BF0DF1210103F10103DBB2137058BFB8
:10D2300008A922058DF81E808DF81F3006D53368A9
:10D24000083141F8083C736841F8043CE30407D511
:10D25000324A0831136841F8083C536841F8043CED
:10D260000DF11808A1EB08005FFA80F9002148468B
:10D27000EEF712FE064628B900200FB0BDE8F08395
:10D2800004AEB9E7EEF742FD41464A460CF00BFD0D
:10D290003046EEF757FD80463046EEF737FD002367
:10D2A000024600934FF6FF7004235FFA88F10BF0FB
:10D2B000BAFEADF80E000028DED040F201131C4289
:10D2C0001AD14FF6F7739D4216D8EEF73BFD0DF1DC
:10D2D0000E010446284601F0A7FABDF80E00EEF74D
:10D2E00031FDE4B2A04207D9BDF80E000BF0E8FE14
:10D2F000437843F004034370BDF80E003A46012121
:10D30000EEF7A2FDBDF80E00B7E700BFFA4200201D
:10D31000F5420020A24D0020F74200207543002076
:10D32000024B18780130C0B218707047F7420020E5
:10D33000F0B50829D58889B028D00C2926D0AE04AC
:10D3400024D405F040030B43424C267816B105F077
:10D35000200423432FB2002FB8BF43F080030329DA
:10D3600020D11223AC068DF80430937A10D48DF8B6
:10D3700005300DF1060401A9621A0123D2B2EEF7BD
:10D380001BFEB0FA80F0400909B0F0BD0B46DBE7A8
:10D3900032228DF805308DF80420002EE9D00DF1F1
:10D3A0001304E8E70C298DF804300ABF1389537978
:10D3B0008DF80530548805BF1B0A8DF806308DF8AE
:10D3C00005300DF1070318BF0DF106031C70240A88
:10D3D0005C70148802399C70240ADC70147901296D
:10D3E0001C7111D8917A002F597131DA02211289FA
:10D3F0009971DA71120A03F109041A72002EBAD077
:10D40000AB06B8D50534B6E7A9071AD4002F0CDA55
:10D41000117A51B1917A59711189127A03F1080484
:10D4200092B102229A71D971E8E70B4C217801F18F
:10D43000010C84F800C091729C1D002F5971DDDA37
:10D44000EAE7917A9C1DF8E70122090A9A71EAE756
:10D450009C1DD3E7F5420020F6420020014B1880C6
:10D46000704700BFCC400020014B1888704700BFB8
:10D47000CC4000202DE9F843074604F0ACFD0546FA
:10D480001B4809F099FA1B4B60B31C683C1B2C44E9
:10D49000A4B20022184BDFF868901B78174D03EBFD
:10D4A000830399F8006005EB43055FFA82F846456F
:10D4B0000AD9AB8805F10A00A34216D90A23B21A89
:10D4C00029465A430CF0C3FB013689F80060AC8052
:10D4D000B8F1000F03D139460548EEF77DFE284626
:10D4E000BDE8F8833C461D60D3E705460132DCE722
:10D4F000884C0020D4310020CB430020EE3B00209C
:10D50000CC4300201FB5154A154C1378013BDBB204
:10D5100013706168206801AA03C221891180114A31
:10D520001278D21805D00A2320465A43E1180CF08D
:10D530008EFB9DF806301B070DD0BDF80C00FFF7E1
:10D5400099FF03468288ADF8082001AA03CA128811
:10D55000186059601A8104B010BD00BFCB43002091
:10D56000EE3B0020CC430020002108B5084B0948C1
:10D570001970094B1970094B1A7802EB820252009C
:10D580000CF07FFBBDE808400548EEF7C1BE00BFC8
:10D59000CC430020EE3B0020CB430020B24D0020C6
:10D5A000884C0020F8B50024084D094F094E3B78FF
:10D5B0003178E2B20B449A4204F1010400DBF8BD79
:10D5C0002846EEF7C9F90A35F1E700BFEE3B002027
:10D5D000CC430020CB430020F8B516460C4B0D4A37
:10D5E0001B781278074613440B4A0D461278934273
:10D5F0000CD03046FFF73EFF01350681078085706D
:10D60000044604F0E3FCE0800120F8BD0020FCE7C4
:10D61000CB430020CC430020B24D002010B5064C77
:10D62000207828B10548F5F7DFFA10B1034B1888C8
:10D6300010BDFFF767FFF3E7CB430020EE3B002070
:10D6400008B50A4A0346107860B1094A1088984222
:10D6500009D121B99378103323F00F039370FFF7AA
:10D6600051FF012008BD0020FCE700BFCB43002094
:10D67000EE3B00202DE9F74F002604F0ACFCDFF86C
:10D68000F890B24699F80070B3463A46DFF8EC805D
:10D690001FFA80FEB8F800C0344CAEEB0C039BB20E
:10D6A00001932378324D009303EB830305EB43038F
:10D6B000ACEB0E0C5FFA86FEBE4515D3BAF1000F37
:10D6C00001D0009B2370BA422AD3002F37D00A2200
:10D6D0002378C8F8000002FB03532648998803B05A
:10D6E000BDE8F04FEEF778BDB3F804E001998E4540
:10D6F00012D84FF0010A009993F802E001310EF1BF
:10D70000FF3EC9B2013AA3F804B083F802E00091E9
:10D71000D2B20A330136CDE7E644A3F804E0F8E7D5
:10D7200089F800204AB10A222378C8F8000002FBD9
:10D73000035310489988EEF74FFD237813B903B0CF
:10D74000BDE8F08FFFF76AFF06460028F5D00BF022
:10D75000D8FB0146304609F08CFF20B10021288813
:10D76000FFF76EFFE9E740F60241F8E7CB43002000
:10D77000EE3B0020884C0020CC430020D431002018
:10D780002DE9F04192F808801F4608F1FF33DBB223
:10D79000EF2B05460E46144688B00BD982238DF830
:10D7A0000E30314628469DF80E30204AFAF7AEFF7B
:10D7B000012037E00E22002104A80CF062FAB4F830
:10D7C00009308DF81180ADF81230E37A03F07F0252
:10D7D000032A08D0012B24D103238DF81030A3890C
:10D7E000ADF815300EE0032B14BF022301238DF892
:10D7F0001030E368CDF815302369CDF81930237D5A
:10D800008DF81430A7F121014A420DF10E034A416F
:10D81000009321460DF10F0304A8FAF7C7FA002878
:10D82000BFD1002008B0BDE8F08100BFEBD80300F5
:10D830002DE9F04F00241D7895B0CDE90201049246
:10D84000234622460120CDE90054404909F081F8E1
:10D85000ADF81E00F8B1A346264627460DF1200973
:10D860000DF1380ADFF71AFD5FFA84F8404516D843
:10D870003A460221BDF81E00EEF780FC3246042134
:10D88000BDF81E00EEF77AFCDDE903100022BDF8BA
:10D890001E30FAF73BFF012015B0BDE8F08F4A4675
:10D8A00040460AA9FAF774FA9DF8282022B12DB152
:10D8B000013DEDB20137FFB20134D3E7BBF1000FF8
:10D8C000F8D199E803009DF829308AE803008DF823
:10D8D0004030BDF82A30032A8DF841304FEA132337
:10D8E0008DF8423017BF032301238DF843309DF894
:10D8F0002C30DDF83110DDF82D0014BF8DF84C30E0
:10D900008DF8433011AB03C302980CBF4FF00E08E3
:10D910004FF015080AF0CBFB0590BDF81E00EEF79E
:10D9200011FA059900EB080399420BDB01234246EB
:10D9300051460DF11E00EEF73FFB0028ABD101363A
:10D94000F6B2B7E74FF0010BB4E700BFE8D8030029
:10D950002DE9F04FDFF8D89087B00746109BB9F853
:10D96000000088461D7898B90024CDE901442C4B6D
:10D970000094224601201B782A4908F0EAFF03465A
:10D98000ADF81600002241463846FAF7BFFE3EE0E9
:10D99000EEF7D8F9C0F3C706002EE5D0B54239D26C
:10D9A000DFF87CB0741BE4B2082C28BF0824CDE952
:10D9B00002540196B9F800300022FF3B18BF012342
:10D9C00000939BF800301849012008F0C2FF4FEA8D
:10D9D000C40A0AF10701ADF81600C9B20DF116002C
:10D9E00008F0E7FECDF800A0EB000721B9F8002011
:10D9F000BDF816002C4408F004FFE5B200224146B1
:10DA00003846BDF81630FAF781FEAE42CAD807B0E4
:10DA1000BDE8F08F8F220549012008F09AFFAEE79C
:10DA2000D1430020E7D80300E6D80300EBD8030079
:10DA3000D04000202DE9F043037805460E461446F9
:10DA400085B0B3B9144F90F801803B7890F80290FC
:10DA5000434501D000F08CFAB9F1010F87F800803E
:10DA600007D16F790025A8460634E4B2EBB29F4295
:10DA700002D805B0BDE8F083082322460DEB030071
:10DA80003146CDF80080EEF729FB083402A800F0FB
:10DA90005BFA0135E4B2E9E7D14300207FB5154BCD
:10DAA00015461B780126033B012B98BF124B8DF8BE
:10DAB000090098BF1D780D230DF10B000C468DF861
:10DAC00008308DF80A6005F090FE00233146CDE95C
:10DAD00000632046062302AA8DF80D500BF057FB79
:10DAE00030B1214609F0C5FD7040C0B204B070BD30
:10DAF0001920FBE7FA420020CD430020034B03220C
:10DB00000120B3F8E410FFF7C9BF00BF00300020C8
:10DB100010B50B4B04461B78033B012B03D98C211A
:10DB20000848DBF765F8084B93F9D630A34204DBCD
:10DB30006FF00E03A342B8BF2346044A137010BD12
:10DB4000FA420020EDD8030000300020FC4D0020F8
:10DB500008B5094B1B78033B012B03D9A4210748C7
:10DB6000DBF746F8064B93F9000010F1800F04BF75
:10DB7000044B93F9D60008BDFA420020EDD803000B
:10DB8000FC4D0020003000202DE9F04F85B0054607
:10DB90000BF0F9F9074628460BF01DFB411C044623
:10DBA000C9B22846EEF7D6FAA11CC9B2814628466A
:10DBB000EEF7D0FA033400EB4000E6B250FA84F4FA
:10DBC0002846EEF7BFF8E4B284424BD8DFF8A8B09D
:10DBD000A6420ED3B9F1010F44D139460220234B9E
:10DBE0001A78C2F1B302D2B205B0BDE8F04FFFF728
:10DBF00055BF1F4B32461B882946ADF80C30002319
:10DC000003A88DF80E3000930323EEF767FABDF8F2
:10DC10000CA09DF80E8008F0DFFF504510D1154B89
:10DC20001B78033B012B0ED8FFF792FF404440B214
:10DC3000FFF76EFF0D4B1B78C3F1B3038BF8003079
:10DC40000336F6B2C4E73846FCF7FAFB00F03CF9BD
:10DC500082463846FCF7F4FB08EB0A0149B200F0B3
:10DC600049F9EDE705B0BDE8F08F00BF9D43002006
:10DC700002D90300FA420020CD4300208022014B4C
:10DC80001A707047FC4D002008B50748EEF740FBBE
:10DC90000649074A0B780BB9137823B10023137098
:10DCA000044A0B70138008BDA84C0020D04300200C
:10DCB000CF430020CE40002008B50448EDF74CFECD
:10DCC000BDE808400248EDF747BE00BFCE40002047
:10DCD000D04000202DE9F843294B074693F9D66040
:10DCE0008E4204DB6FF00E068E42B8BF0E46254D05
:10DCF0002C88BCB921462020EEF7CEF8288010B938
:10DD00000020BDE8F8832021284608F052FDE1B24A
:10DD1000FF2228880134EEF731FA202CF7D10022B7
:10DD2000194B1A70DFF8609099F800100229E7D8B3
:10DD30004FF0000801EBC101CCB204EB080117F869
:10DD400008202888C9B208F10108EEF717FAB8F1DF
:10DD5000080FF2D104F1080101242888F2B2C9B2F7
:10DD6000EEF70CFA99F800300848013389F80030D2
:10DD7000074B47F2E8611C70EEF72EFA2046C0E729
:10DD800000300020CE400020CF430020A84C0020CF
:10DD9000D043002038B5084B04461B78074D1BB90B
:10DDA000287808B9206038BD054B00211888EEF7A7
:10DDB000BFF920602878F6E7D0430020CF43002049
:10DDC000CE4000202DE9F341064601A8FFF7E2FF0F
:10DDD00038B100240D4BDDF804801F78E3B29F4278
:10DDE00005D80B4B93F9D60002B0BDE8F08104EBE7
:10DDF000C40545440822314628460BF018FF01347B
:10DE00000028EBD195F90800EEE700BFCF430020D2
:10DE1000003000202DE9F04F85B0814603A8FFF7C0
:10DE2000B9FF002844D105B0BDE8F08FA8EB050587
:10DE300005EBC5052A46304606F109010BF007FF40
:10DE40004FF0FF3372191C44735187F800A05360E0
:10DE50001372E4B20134E4B297F80080A0451CD9F3
:10DE6000039B04EBC40B03EB0B0608224946304628
:10DE700001930BF0DCFE0028ECD1651C08F1FF3AA1
:10DE8000A845019B5FFA8AFAD0D14FF0FF3287F89C
:10DE900000A043F80B20726032723B78002BC2D195
:10DEA000054A06481370064A1380EEF731FABAE7BE
:10DEB0000024044FD0E700BFD0430020A84C00202E
:10DEC000CE400020CF430020FF2810B5044608D0E4
:10DED000FCF746FBC30704D5044B185710F1800F1D
:10DEE00002D1034B93F9D60010BD00BFC6420020FB
:10DEF00000300020FF2838B504460D461AD0FCF744
:10DF00002FFBC30716D50C4B93F9D630AB4204DB7D
:10DF10006FF00E03AB42B8BF2B46084A08491355B1
:10DF20000878084A18B992F90000984202DA0020ED
:10DF30001370087038BD00BF00300020C6420020BA
:10DF4000FD4D0020CE43002010B5084C014622882C
:10DF500022B9082108F0F9FA208010BD2046BDE85A
:10DF6000104001230822EEF727B800BFD040002060
:10DF70000022014B1A807047D0400020F8B50F4DA9
:10DF800007462B88C3B90120F8BDE10001F0F80174
:10DF90002888EEF7CDF8082239460BF048FE013606
:10DFA0000028F0D02888EDF7CDFEF4B2C0F3CF03FF
:10DFB0009C42EAD30020E7E70026F3E7D0400020A8
:10DFC0002DE9F04F02290546144687B04CD019B907
:10DFD000012007B0BDE8F08F0AF0EBFF074604F11F
:10DFE0001E092388012B51D1E17828460331C9B29B
:10DFF000EEF7B0F8E178064602312846C9B2EEF7EE
:10E00000A9F841F6016300EB062080B2984223D1C3
:10E0100094F803A028460AF10201C9B2EEF79AF873
:10E020000AF1030610F0010F8046F6B218D118F07D
:10E03000020F1BD118F0040F0ED02379B34213D373
:10E0400031462846EEF786F864280DD104F08DFDA0
:10E0500000F07F00642807D806344C45C1D1B7E7EB
:10E06000F0F74AFE0028E2D10020B2E72379B3425C
:10E07000FAD331462846EEF76DF8384B0AF1040A18
:10E080001B785FFA8AF68342D4D2EDE7022BE3D104
:10E09000E17828460231C9B2EEF75CF81B28DBD1E3
:10E0A000E17828460331C9B2EEF754F81928D3D1E4
:10E0B000E17828460431C9B2EEF74CF84A28CBD1B2
:10E0C0004FF0050B4FF00008DFF894A0E1782846E8
:10E0D00001315944C9B2EEF73DF8E178064659449A
:10E0E0002846C9B2EEF736F800EB0626B3B20A2B83
:10E0F00006F03F061FD102A8CDE9048809F063F9B4
:10E10000E278294602325A44D2B204A80823CDF854
:10E110000080EDF7E3FF082204A90DEB02000BF0ED
:10E1200086FD0028A0D1023623795E445FFA86FB83
:10E130005B45CBD890E7412BF5D1E17828460231F9
:10E140005944C9B2EEF706F89AF80030C3F1B303A8
:10E15000C11849B23846FFF7BDFDE4E79E430020F1
:10E160009D4300202DE9F74F81460C4692461E46FE
:10E17000EDF7E8FD83461CB9B5214148DAF738FDD3
:10E180004846EDF7DFFD112803D8002003B0BDE8B5
:10E19000F08F48460AF094FF054605F024FB09225B
:10E1A000074600212846ECF765FE00250AEB4A02E7
:10E1B00080460021204652000BF063FDBB05357000
:10E1C000E3D5012208F110085FFA8BFB5FFA88F8AB
:10E1D0000634554505D037784744FFB2791C594578
:10E1E00001DB0220D2E7C9B248460192EDF7B2FF47
:10E1F000394600904846EDF7ADFF009B96F800C009
:10E2000000EB032398B21BB2002BACBF4FF0000E03
:10E210004FF0010E0CF1020CACBF00F07F01C1B257
:10E220005FFA8CFCACBFC009C0F3C32086F800C005
:10E23000019A04F8021C24F8060C04F804EC2DB131
:10E240006FEA030C4FEADC7C9445CAD1CA199345A6
:10E25000C7DB002B04F8037C0BDB7E280BD07F2868
:10E260000BD001223378013519443170EDB20634F8
:10E27000AFE70F2801D00022F4E7012086E700BFB6
:10E2800006D9030038B505460D4B0E481C88EDF73E
:10E290008FFF012D0CD10C4B1C88FA21614358B122
:10E2A000884209D28408012C204638BF012038BD9D
:10E2B000022D08BF0224F0E70248EDF78DFFF2E7D8
:10E2C000EA3B0020202B0020E83B0020012208B57B
:10E2D000054B06481A700021EDF77EFFBDE80840A7
:10E2E0000020FFF7CFBF00BF79420020202B002085
:10E2F0001E4B73B51A8802F108039BB2012B02D89A
:10E300001B4B1B7823B902B0BDE87040EEF700B894
:10E310000024184B184D1C70184B1C702B787BB1C7
:10E320004FF6FC73164E0093224623462146308852
:10E330000AF038FA4FF6FD732C70338001200FE09D
:10E34000104B10461978F3F78FFF0028F6D10C4BCD
:10E350001A884FF6FD739A42F0D0012302202B70E9
:10E3600002B0BDE87040FFF78DBF00BFEC3B00205E
:10E37000794200207C4200207A4200207B4200202B
:10E38000E63B00207D420020012808B50AD0022883
:10E390000CD020B9084B18700848EDF7B9FF4FF0C2
:10E3A000FF3008BDBDE80840FFF790BF0020BDE882
:10E3B0000840FFF767BF00BF79420020202B0020F4
:10E3C00002280FD840F6024399420BD1064A13782F
:10E3D0000133DBB21370054A12789A4202D8022048
:10E3E000FFF7D2BF704700BF7B4200207E42002073
:10E3F00038B5A0F61343012B04460D4615D80E4A36
:10E4000013780133DBB213700C4A12789A420CD89D
:10E410004FF6FD720A4B00201988914201BF00227D
:10E420001D80084B1A70FFF72DFF29462046BDE8D6
:10E43000384004F0CCBB00BF7C4200207F4200206B
:10E44000E63B00207A420020F8B5174F174EB7F888
:10E4500000C03588AC4525D801F10805ADB2012DC5
:10E4600020D8134D92009B0029803A8033809DF87C
:10E470001820104B1A709DF81C200F4B1A709DF835
:10E4800020200E4B1A7000220D4B1A704FF6FD72B1
:10E490000C4B1A8018B1FFF719FF0020F8BDFFF7E9
:10E4A00073FFFAE70220F9E7EA3B0020E83B00208F
:10E4B000EC3B00207F4200207E4200207D42002075
:10E4C0007A420020E63B002000234FF6FD71054A0A
:10E4D0001370054A1370054A1180054A1370054AE6
:10E4E000137070477C4200207B420020E63B0020F6
:10E4F0007A4200207942002030B5094B02461B7851
:10E5000033B1084B084C19780023D8B2884201D3A4
:10E51000FF2004E0013334F823509542F5D130BD9B
:10E52000AE4D002081420020FA3700200022FF215A
:10E53000044B05481A70054B1970054B1A78920068
:10E540000BF09FBB81420020FE370020804200205C
:10E55000AE4D0020F7B58DF807100DF10701044608
:10E5600004F0EFF8234B1D78002D41D02046FFF733
:10E57000C3FF214EFF283178204B05D1204A107867
:10E5800085422DD9451C1570884219D01C4A1B4D57
:10E5900092F800C00022D7B2BC450CD92F4697F89C
:10E5A00003E00132864505F10405F4D102B203EB24
:10E5B0008202D278FA7002B203EB8202D17030701C
:10E5C00002B203EB820123F82240FF228A709DF8F9
:10E5D0000720FF2A02D003EB8203987003B0F0BD3E
:10E5E0000A46104603EB8202D278FF2AF9D1CBE724
:10E5F000FF20F3E7AE4D002080420020FE370020D0
:10E60000814200202DE9F843FFF776FFFF280446FA
:10E6100069D04FF6FF72354F03B2DFF8DC80344E1D
:10E6200027F8232098F80050A54202D10020BDE829
:10E63000F883337820B28100A34207EB800090F882
:10E6400003E010D00023294A5FFA83F94D45944630
:10E6500006D99CF803900133A14502F10402F3D1DD
:10E660008CF803E001E086F800E0013DEDB22A1BE2
:10E67000D2B20431920039440BF0E9FA88F8005024
:10E680003378FF2B04D0A34224BF03F1FF33337050
:10E6900000214FF6FF70154BCAB2AA420CD30023DB
:10E6A0004FF6FF71134ADCB2AC42BBD2013332F8F1
:10E6B00023008842F7D1B5E79A78A2420BD118809F
:10E6C000DA78FF2A04D0A24224BF02F1FF32DA70C6
:10E6D00001310433E0E7FF2AF2D0A24224BF02F165
:10E6E000FF329A70ECE72D20A1E700BFFE37002033
:10E6F00080420020FA37002081420020F8B51C4BF0
:10E7000005461B78084673B3FFF7F6FEFF2804465C
:10E7100029D02846FFF7F0FEFF2806D0154B164EED
:10E720001A780023D9B2914218D3FF212846FFF767
:10E7300011FFFF28014616D00546104F23B207EB04
:10E74000830237F823009678FFF704FFA84208BF3A
:10E75000FF25FF2E214608D12846F8BD013316F8C3
:10E7600023108142DED1FF25F6E73446E6E700BFFD
:10E77000AE4D002081420020FC370020FE370020F3
:10E78000014B1878704700BF81420020014B187878
:10E79000704700BFAE4D00202DE9F04180460E4687
:10E7A0001F46002386B001A814469DF830508DF80E
:10E7B0000330FBF747F9ADF804802EB13368CDF88C
:10E7C00006307368CDF80A303846EDF79FFA0DF140
:10E7D00003034219214601A804F007FA9DF803300B
:10E7E00093B931464046DEF7FFFE0E4B1B785BB116
:10E7F0000B2C09D8FF214046FFF7ACFE064605EB7F
:10E800004404E4B2A54202D106B0BDE8F081294635
:10E81000384608F009F83146FFF79CFE02350646F7
:10E82000EDB2EFE7AE4D002000232DE9F3470DF1E7
:10E8300007028DF8073004460E4603F074FF9DF87A
:10E840000730054663B92046FFF756FE04465EB121
:10E850003088EDF777FA5FFA80F8FF2C44D1002575
:10E86000284602B0BDE8F087B046F6E701320C2A30
:10E87000F5D02DB207EB8505AD78FF2DF6D112F05E
:10E88000FF0AECD04FEA4A050235EDB2002EE7D080
:10E8900008EB05013046C9B207F08BFF0028DED136
:10E8A000524641463088EDF769FC0AF1FF3208F123
:10E8B000010108F102093088D2B2C9B25FFA89F9C0
:10E8C000EDF75CFC24B207EB8404A478FF2CC7D0DE
:10E8D00023B2494637F82320308809F1020907F0AE
:10E8E000B3FF5FFA89F9EDE725460022004FC0E744
:10E8F000FE370020FF2818BF064B10B51BBF03EBE7
:10E90000800433F820302D200B801EBFA378002018
:10E91000137010BDFE37002008B5FFF7EDFDFF288E
:10E9200003460AD1002008BD0230C0B21BB202EB80
:10E9300083039B78FF2BF7D1F5E70220004AF5E728
:10E94000FE370020037810B504466BB94378082BD6
:10E950000AD1084B1B88562B07D100F077FD207297
:10E96000002363600123237010BD007A00F074FD62
:10E97000F6E700BF6040002003788BB943782F2B67
:10E980000FD0302B0CD1084B084A1288522A0BBFEB
:10E990001B78028903811A700023436001230370EE
:10E9A0007047034BF0E700BF9C4D00206040002003
:10E9B0002E42002070B51F4B1F4C1980038805465E
:10E9C000238183781646E37208F072F80822A07259
:10E9D000291D20460BF03BF96B7B2374174B6361B9
:10E9E0000323237346B1EDF72DFE10B11620EDF78A
:10E9F000DDFD4FF4FA610EE00BF0A7F8C30705D474
:10EA000004224FF6FD713046F2F7EAFEEDF71AFEEA
:10EA100058B94FF4FA710322094B0A481A700A4B8D
:10EA20001E70BDE87040EDF7D7BB1620EDF7BEFDB8
:10EA3000EFE700BF964D00200C32002000F8FF07E2
:10EA4000EA430020E84C0020E843002038B50A4D96
:10EA50000A48EDF75DFC2A78094CFF2A04D021789A
:10EA600011B9084608F021FBFF232B700023054A4B
:10EA70002370137038BD00BFFE4D0020C84C00202D
:10EA8000D4430020D343002008B50C4A0B4611782C
:10EA900011B90B4A10809370094A002001F0B2FAB4
:10EAA000084B002219880648FFF784FF0120EDF784
:10EAB0007DFD034804F0C7F8012008BDE6430020AF
:10EAC000D8310020D4400020024B1878003818BFFD
:10EAD00001207047EA43002010B5074C2378062B2D
:10EAE00005D1152803D100232370F9F771FF207891
:10EAF000003818BF012010BDEA430020024B1878EF
:10EB0000031F584258417047EA4300202DE9F04165
:10EB1000294B80461B780D4613F00F0786B049D16C
:10EB200090F82830022B45D1061D01233146821C66
:10EB30000AF073FE0446C8BBB8F8260000F0830054
:10EB40000BF00FF898F828201C4BD8F804001A7026
:10EB50006B46D8F80810CDE9034403C3B8F8003079
:10EB60002046ADF8083098F8023041F606318DF8AD
:10EB70000B3003238DF80C30114B8DF80A500593A0
:10EB800009F0D7FBB8F824106B46002908BF4FF4F2
:10EB90004171012098F82820F0F70AFF0446384612
:10EBA000EBF7B0FD10B1384607F097FC204606B0F1
:10EBB000BDE8F0810224F9E7F9420020E943002092
:10EBC00000F8FF07024B1878431E5842584170471F
:10EBD000EA430020024B187808B9024B18787047B6
:10EBE000E9430020FA4200207FB51023072202A942
:10EBF0000120EDF707FC9DF80B00F0F717FC17203C
:10EC000004F009F800210DF10700EDF74FFD17287A
:10EC100005D10020EDF7CAFC07B05DF804FBFFF753
:10EC2000D9FF022808D9054BB3F8E4204FF6FF734B
:10EC30009A4201D10320EDE70220EBE700300020EB
:10EC4000014B1870704700BFE94300202DE9F84FD1
:10EC5000324BDFF8D88093461A7898F80030054692
:10EC60000C4602F00F020BB1062B55D14223D340C4
:10EC7000D90751D42A4F97F800A00AF066FFC207BF
:10EC800007D5FFF7A7FF012803D048F6990007F042
:10EC9000CCFF0AF05AFF830704D540F0100080B281
:10ECA0000AF05FFF0DB91F4B1D681F4E337833B953
:10ECB00000F088FC284600F049FC0123337007F07F
:10ECC000F7FEDFF86C9089F80000204607F0D5FECB
:10ECD000044620B1002333702046BDE8F88F0BF1C5
:10ECE000FF33032B17D80123042229460A2087F873
:10ECF00000B088F80030EEF741FD04460028EBD064
:10ED0000002599F9000088F8005007F0B6FE87F852
:10ED100000A03570E0E730700224DDE7F942002002
:10ED2000E943002008320020E7430020EA430020A6
:10ED3000D54300200022014B1A707047E7430020A2
:10ED400070B5044620B91A48FFF780FE002003E0A2
:10ED5000184B1B780BB1022070BD174E3378002B77
:10ED6000F9D1134807F028FEB8B9114807F024FE7E
:10ED7000054648B9014608F0A9F9104B022218705F
:10ED80002946284608F091F9631C0CD02146084812
:10ED9000EDF722FA00233370D8E70548EDF708FABB
:10EDA000A042E2D3D7E70248EDF7B2FA0123F2E737
:10EDB000C84C0020D4430020D3430020FE4D002047
:10EDC000014B1870704700BFD443002008B50548B8
:10EDD00007F0F2FD20B9044B187800F0010008BDDF
:10EDE0000120FAE7C84C0020D343002030B5414C45
:10EDF00041488BB0EDF78CFA2378032B5DD1FFF7F8
:10EE0000E9FE02289CBF062323703C4B1D78002D91
:10EE100040D03B4B186810F002000EBF41F60431A1
:10EE200041F60631002009F084FA0025354B1D70AB
:10EE3000354B1988FFF7CEFE344B02462846F0F7D3
:10EE4000B7FD002846D1324D0AF07FFE2B78002B0B
:10EE50000CBF4FF0FF336FF48073184020F00100B7
:10EE600080B20AF07EFE01232B70FFF7B3FE02286A
:10EE700006D94FF4FA612048EDF7AEF90723237065
:10EE80000020EBF73FFC98B300200BB0BDE830400A
:10EE900007F023BBF2F7F4FF294601221D48F7F7DC
:10EEA000AFFE68460AF06BFE2A4641F60631402066
:10EEB0000DF11503F6F79EFDB7E7072B07D10023E9
:10EEC000FF22194601202370F0F7C8FAD8E7043B67
:10EED000012BD5D8104B1B782BB101200AF0F1FC87
:10EEE00000220D4B1A7000232370FFF77DFEC7E749
:10EEF0000BB030BDEA430020E84C0020E84300207E
:10EF0000542C0020F9420020964D00200C320020A5
:10EF1000FF4D0020D6430020D24300202DE9F047CA
:10EF2000034605466D4F8EB03E7803AA06F00F06E5
:10EF300000F1280C144618685968083303C4634567
:10EF40002246F7D1186820604224F44014F00104EE
:10EF500040F0C180DFF8988198F80060002E40F002
:10EF6000BA8095F82830013B032B00F2B4800AF0F8
:10EF7000ECFDC20749D501213046F7F719FE0446DA
:10EF800000286FD101F002F94FF6FF710120544AB9
:10EF9000F0F716FCEB8CDB0733D52C1D324608212D
:10EFA000204607F05CFD60BB6868A96804AB03C33A
:10EFB0002B88ADF80C3000238DF81930AB788DF824
:10EFC0000E300AF086FC0128044608D10AF0BDFD87
:10EFD00010F0010070D041F28830FFF7B1FE3046EA
:10EFE00003A900F071FF044600286AD101233B7099
:10EFF000042341F288313B4888F80030EDF7ECF803
:10F0000030E00023CDE90433D3E707F002FE824667
:10F0100008F081FA0DF104090646484608F0D3F9D4
:10F0200008224846291D0AF002FEA8BB6A7BB31AD3
:10F03000002BB8BF5B42C82B134617DDB24228BF76
:10F040003346DBB29E421DD0FFF7C4FD022811D922
:10F0500007F0C2FD012201462846FFF7ABFC002263
:10F06000214B1A7020460EB0BDE8F087B24238BF7F
:10F070003346E6E7104608F068FAA878F0F7D6F9C4
:10F080000524EFE7B242FBD007F020FD31460246EF
:10F09000284600F0EBFFF3E704AB99E8030083E8B0
:10F0A000030095F828308DF81960022B14BF022652
:10F0B0000126ADF80CA081E70AF003FC0B4B1C7095
:10F0C0008DE70A4D2B78002BCCD001200AF0F9FBFC
:10F0D00000232B70C6E70224C4E700BFF9420020DA
:10F0E00027D90300E84C0020FF4D0020D243002028
:10F0F000EA430020F7B50F4F04463B780D46012B3D
:10F10000164614D10020EBF73BFB2B46CDE9000659
:10F1100022460020084907F01CFC084B188030B13B
:10F1200002233B7003B0BDE8F04007F0AEBF03B070
:10F13000F0BD00BFEA43002021D90300D2400020E7
:10F140002DE9FF411E4E00243378012B0CD11D4BBD
:10F15000347093F9000007F090FC204603F071FD35
:10F16000012004B0BDE8F081022B26D1164D01200C
:10F1700003F067FD08212888CDE9024407F072FBFF
:10F180000D2107462888ECF7E5FF08238046009408
:10F19000224629880DEB0300ECF7A0FF094B2C80D9
:10F1A00093F9000007F069FC01223846C8F3C01348
:10F1B00002A900F03DFA3470D2E72046D1E700BF43
:10F1C000EA430020D5430020D2400020F0B51E467F
:10F1D0005F4B0C461B780546D90717468DB006D401
:10F1E00022462946012000F00DFF0DB0F0BD5A0760
:10F1F00003D40AF0AAFCC307F2D500210DF10F00D9
:10F20000EDF754FA18B99DF80F30012BE8D0FFF74D
:10F21000E1FC022D5BD00228E7D8208B0AF01FFC0E
:10F22000FF28DDD03246002008AB04F1100100F0C9
:10F2300045FF0028D4D13B4604AA07F1080C164626
:10F2400018685968083303C663453246F7D1186811
:10F2500030609B88B380BDF81630BDF818209A4204
:10F2600038BF0023BDF814203CBFADF81630ADF810
:10F270001830BDF812309A4238BF0023BDF81C2068
:10F280003CBFADF81230ADF81430BDF81A30BDF8FF
:10F2900014109A423EBF0023ADF81C30ADF81A306E
:10F2A000BDF81C30BDF816200093BDF81200BDF863
:10F2B0001A300AF01DFC002892D1A67875B94EB913
:10F2C000244B1E680421601803F051FC09E0022859
:10F2D000A3D88AE7012303FA06F6F3E7012303FA2A
:10F2E00006F623461C4A04F1280E9446186859680D
:10F2F0000833ACE8030073456246F6D11868174B33
:10F30000CCF800003A881D70154B164F1A800DF18D
:10F31000300C08AB1A4603CA624538607960134660
:10F3200007F10807F6D12DB9032130460E4AEEF752
:10F33000F9F85AE700232046A21C211D0AF06DFAB5
:10F3400000287FF44DAFA1782088FFF79DFB4CE7A4
:10F350002F42002008320020D8310020E643002050
:10F36000D4400020D643002089EA0200F0B51A4FAD
:10F370001C463B780546042B164685B029D1174814
:10F38000ECF7C6FF00233B7025B105B0BDE8F040A7
:10F39000FFF72ABC07F020FC054696B11023072290
:10F3A00069460120EDF72EF802AB03CB9DF8033040
:10F3B0006060A370BDF80030A160238008F0ABF856
:10F3C000607301222946204605B0BDE8F040FFF7F2
:10F3D000F1BA05B0F0BD00BFEA430020E84C0020C0
:10F3E00008B50AF0B2FB20F4987080B240F001003A
:10F3F0000AF0B7FB0022014B1A7008BDEA43002057
:10F4000010B50446FFF7E6FB022811D8094B1B781C
:10F4100073B18C420CD193070AD52046EEF756FC07
:10F4200030B1017921B9BDE810400348ECF7D4BEF2
:10F4300010BD00BFF2420020C02B0020014B024A49
:10F440001A6070475431002074D90300014B1878BA
:10F45000704700BF2F420020014B187000207047FA
:10F460002F420020014B1868704700BF083200206F
:10F47000014B1868704700BF04320020014B186030
:10F48000704700BF08320020014B1860704700BF72
:10F49000043200200148ECF75FBA00BFD2400020E0
:10F4A00008B502F098FD00F5FA50012838BF012098
:10F4B000014B186008BD00BF2432002030B5002980
:10F4C0000CBF03240B2489B0DAB111490A78551C0A
:10F4D0000D70112142F080020C9DCDE90412CDE99E
:10F4E00006354CF25E024FF48053CDE902320B2315
:10F4F000002200930E21074B019407F01BFA09B07C
:10F5000030BD054A1921127842F08002E4E700BFBD
:10F51000F64300202FD90300F543002073B50025E2
:10F520002C46094E3378E8B2834202D8204602B016
:10F5300070BDE9F739F9694606F049FB08B10134B5
:10F54000E4B20135EEE700BF5F43002008B520B903
:10F5500007F0BCFA012303FA00F003050FD40C23D3
:10F560001B2B08D020FA03F1C90703F1010208D5CB
:10F57000DBB2054A13700522044B1A7008BD0B2339
:10F58000F7E71346ECE700BFF4430020F343002005
:10F5900073B50A4E04463368094D834208D00023F0
:10F5A000022101A8019303F0E2FA019B34602B6071
:10F5B000FFF776FF286802B070BD00BF2C32002034
:10F5C00030320020002313B5022101A8054C01931D
:10F5D00003F0CDFA019B2360FFF762FF206802B0C1
:10F5E00010BD00BF28320020012210B50E4B86B09E
:10F5F0001B681146009302A80023FFF75FFF0AF083
:10F60000C4F904460AF0A1FA084BCDE900400E22E5
:10F61000102102A807F08EF90022102102A806F09E
:10F6200094FF06B010BD00BF28320020EAD80300C6
:10F630002DE9F04FA5B01E4693460D91804607F088
:10F64000CBFA0DF1480A514607460020EDF72EF897
:10F6500081460AF07AFA40EAC615FFF75FFFB9F172
:10F66000170F0446ADB217D107F030FA4FF6FD7907
:10F670008DF85300012114A803F079FABDF8503039
:10F68000013B9BB24B45F5D80421504603F06FFA7D
:10F69000BDF8500007F0C9FABBF1000F01D045F0EA
:10F6A0003005EB0748BF00234FF0000248BF8DF83C
:10F6B000583011464FF00103CDF8008018A848BF1C
:10F6C0004FF6FF77FFF7FAFE0AF0E8F983460AF0F3
:10F6D0005CF90F900AF0B6F90E904046FFF758FF1C
:10F6E000DFF89C800E9A98F800100F9BCDE90A4134
:10F6F000BDF85010CDE9025208919DF85310CDE9A4
:10F7000000B307919DF858100490CDE905A10E2291
:10F710002721194B099718A807F00CF9012C28D1BB
:10F720000020E9F741F810A9054606F050FA18B98B
:10F73000204625B0BDE8F08FC6B1BDF8403098F83E
:10F7400000202E2104929DF8442000950392BDF8DC
:10F75000422018A8CDE901322722084B07F0EAF829
:10F760002E210D9A18A80AF020F9E2E74CF25E0368
:10F77000E5E72721F5E700BF38D903003FD90300AB
:10F780002E4200202DE9F04F2E4BA3B00646144622
:10F79000B3F800800F46FFF7C1FE00220546114670
:10F7A000032300960DA8FFF789FECDE900540E2231
:10F7B0005121254B0DA807F0BDF811250026DFF8D3
:10F7C0009090DFF890A0DFF890B008F0800899F8EA
:10F7D0000030A34201D9042E09D13A4629460DA88A
:10F7E0008DF844600AF0E1F823B0BDE8F08F2046C0
:10F7F000E8F7DAFF0BA9099006F0E9F90134E0B166
:10F80000099BB8F1000F1AD0BDF82C2006949AF885
:10F8100000100DA805919DF83010CDE900B30491BA
:10F82000BDF82E10094BCDE902212A46512107F0DF
:10F8300081F801361035F6B2EDB2E4B2C7E74CF20A
:10F840005E02E3E7D6400020EAD8030045D9030072
:10F850005F4300202E4200207543002000232DE945
:10F86000F04FDFF8749399B099F80070064617F0DE
:10F870000107CDE90233B0F802B000F098810378B7
:10F88000032B00F29481CD4B1B78002B40F0838139
:10F8900033780DF10808012B8CBF172411240023A5
:10F8A000A4F10802594640460093D2B20823E51D50
:10F8B000ECF714FC43462A465946092002F00BFF98
:10F8C000002800F074815846ECF73CFA04F10D036F
:10F8D000834280F26C812146708806F0A5FF824643
:10F8E000A11C7088ECF736FCBAF10B0F40F08E814A
:10F8F00020F00C03032B40F08981337800F00C00DA
:10F90000012B00F25681082840F051817088E11CDB
:10F9100006F08AFFB0F5805F40F078817088611D45
:10F9200006F082FF4CF25E03984240F06F81294658
:10F930007088ECF70FFC04F1090182467088ECF73F
:10F9400009FC1628054600F26181BAF1000F40F06B
:10F950004781C10740F14981708804F10A0106F02E
:10F9600081FF8146002800F02281002D00F05081A7
:10F97000934B1B68834204D0924B1B68834240F038
:10F980001681DFF858A2DAF80030002B00F00F8162
:10F9900002F021FBDAF80030C01AB0F1004F40F25B
:10F9A0000681FFF77DFDEB1EDBB20C2B40F243819D
:10F9B000162D00F240810F2D40F22A81A5F10C0A8C
:10F9C0005FFA8AFA7088ECF7BDF97F4B13F80A30BA
:10F9D0002344984200F03381012D40F0E880708884
:10F9E000ECF7B0F904F12E03984240F0E08058465D
:10F9F00004F10801ECF7AEFB744B04F10E0A187029
:10FA00002C2200210DA875880AF03BF998E8030024
:10FA1000002614AB83E8030002230DF1100BCDE99F
:10FA200006668BE80300514628468DF84030CDF835
:10FA30004490ECF78FFB04F10F018DF85F0028462E
:10FA4000ECF788FB04F110018DF85C002846ECF718
:10FA500081FB04F11101ADF85A00284606F0E4FEDE
:10FA600004F11301ADF84C00284606F0FBFE04F14A
:10FA7000170208232946129000960EA8ECF72EFBD9
:10FA800004F11F012846ECF765FB04F120018DF815
:10FA900041002846ECF75EFB04F121018DF83600A9
:10FAA000284606F0C1FE04F12301ADF834002846D3
:10FAB00006F0BAFE04F12501ADF858002846ECF72F
:10FAC00049FB04F126018DF85D002846ECF742FB66
:10FAD00032468DF85E0008210EA806F0C0FF00280F
:10FAE00000F005813046EAF74BFE8DF836009DF8B0
:10FAF0005C2002F00303012B00F00A81022B00F0CE
:10FB00000181002B53D1BDF84C008DF85C7009F0D9
:10FB1000A6FFFF284BD09DF85D30012B29D1284648
:10FB2000ECF710F904F12706801B06283FDD31466B
:10FB30002846ECF70FFB04F128018DF81800284641
:10FB400006F072FE04F12A01ADF81A00284606F00C
:10FB50006BFE04F12C01ADF81C002846ECF7FAFA14
:10FB600004F12D018DF81E002846ECF7F3FA8DF80C
:10FB70001F009DF85D4008A8651E18BF0125F9F714
:10FB800061FF012C0CBF5A460022294608AB0DA884
:10FB900003F055F80BE00E4B93F900400D4B93F931
:10FBA000005009F07BFF28448442BFF671AE01206B
:10FBB00042E000283FF4AAAEF9E700BF9B4D0020C9
:10FBC0002C3200202832002069D90300F5430020A0
:10FBD0009D4300209C4D00202F4200202432002015
:10FBE000BAF1110F09D1C2070DD4072D3FF4B4AEFD
:10FBF00099F800309807DAD5AEE6BAF1190F02D1BC
:10FC0000C3073FF5A9AE072D3FF4A6AEFF25A3E637
:10FC1000AA46D7E6A5F11003DBB2062B0BD80123C9
:10FC2000AB4013F4281240F0118113F4A81F7BD1CC
:10FC3000162D00F02C81002019B0BDE8F08F05F0E2
:10FC4000FD03112B01D0152D0FD1974A1378FF2BEF
:10FC5000ADD00133AB42AAD1FF2340461370934984
:10FC6000082209F0E4FF0028A1D1584604F1080158
:10FC7000ECF770FA8E4B022D04F10E0A187049D081
:10FC8000C8D8002D7FF4BCAE04F10F017088ECF7EA
:10FC900061FA884B884C1B6820804B4587D0C10691
:10FCA00085D5864B93F90060854B93F9007009F078
:10FCB000F5FE384486423FF77AAFFEF783FF68B11E
:10FCC00009F043FFC2077FF572AF2288D3073FF5E3
:10FCD0006EAF49464046FFF70DFA68E723882A468B
:10FCE00041464846C3F3C013FFF7A2FC5FE79DF807
:10FCF0003630002B3FF45BAFBDF83430002B7FF47F
:10FD0000F6AE54E712F0040F0CBF04270327FAE6FF
:10FD10000227F8E651467088ECF71CFA4146024685
:10FD20004846FFF72FFD42E7102D00F08680122D88
:10FD300018BF0227758800262C2200210DA809F083
:10FD4000A0FF52460823294600960EA8ECF7C6F9F4
:10FD500004F116012846ECF7FDF9009682461023BF
:10FD6000294604F1170208A8ECF7B8F904F12706B0
:10FD70003FB131462846ECF7EDF904F128068DF83D
:10FD8000410031462846ECF7E5F9711C8DF8360044
:10FD9000284606F049FDF11CADF83400284606F06F
:10FDA00043FD711DADF81000284606F03DFDF11D24
:10FDB000ADF81600284606F037FD06F10901ADF84A
:10FDC0001800284606F030FD06F10B01ADF81200D0
:10FDD000284606F029FD06F10D01ADF8140028466D
:10FDE00006F022FD06F10F01ADF81A00284606F0D4
:10FDF0001BFD14ACADF81C000FBB294620460823A0
:10FE0000009706F11102ECF769F9284606F119018D
:10FE100006F00AFD012303FA0AF3ADF84C30294B32
:10FE2000ADF858001B683846129304AA08AB0DA918
:10FE3000CDF84490FFF7CAF9B9E617467AE798E893
:10FE4000030084E803004FF6FF70E3E77688112D86
:10FE50005146304610D1ECF77DF90DAA054604F164
:10FE60000F01304609F0CBFD00273A4641462846AF
:10FE70000DABFFF77BFA9AE6132D03D1ECF76AF985
:10FE80000546F2E7ECF766F902270546EDE751462D
:10FE900070880DAA09F0B3FD06F09EFE01460DA87C
:10FEA00009F01AFD83E600BF004E0020EB4300205E
:10FEB000F54300202C320020D64000209C4D00202D
:10FEC0009D430020303200202DE9F0410546C88CCA
:10FED000A8B00C460AAA91F82A10C0F3400000F01E
:10FEE00069F928B9012212A917A808F0A4FA20B1CB
:10FEF0000125284628B0BDE8F081208B09F0AFFD30
:10FF0000FF280646F4D00DF138084346012017AA11
:10FF100004F1100100F0D2F80028E9D1002D5FD0E3
:10FF2000012D0CBF12271427236901220021009301
:10FF300017A83B46FFF7C2FA231D00930E22422169
:10FF4000CDE90168294B17A806F0F4FC002D49D033
:10FF50002822637B8DF88330BDF83430422108932A
:10FF6000BDF8323017A80793BDF82C300693BDF8C2
:10FF70002A300593BDF830300493BDF82E3003933A
:10FF8000BDF82830029323880193A3780093184B7F
:10FF900006F0D0FC45BB06F01FFE164B4221019037
:10FFA00000933822144B17A806F0C4FC422104F138
:10FFB0001C06324617A809F0F8FC054668B912A8D5
:10FFC000F9F740FD12A90AA802F037FE0B4B0C4AC4
:10FFD0001F70E3691360236A5360FFF761FA88E7D3
:10FFE0001027A1E72722B7E73921E0E74DD9030021
:10FFF00051D90300754300205BD90300004E002057
:020000023000CC
:10000000EB43002070B50D460646116AD0698EB0EC
:1000100005AB144603C31DB3012D0CBF13231523D9
:10002000226907A8009200221146FFF747FA8DF8CF
:100030002A60BDB923880434039314F8023C1B21C1
:100040000293637A0F2201930094074B07A806F0EE
:1000500071FC1B2105AA07A809F0A7FC0EB070BD12
:100060001123DDE70F21F5E75ED9030070B50446E3
:100070000D46164690B0216AC06907AB03C32369D9
:1000800009A80093012216230021FFF717FAA38C79
:100090000E22049334F8043B1C21CDE90263CDE920
:1000A0000045054B09A806F045FC1C2107AA09A834
:1000B00009F07BFC10B070BD63D903002DE9F0435B
:1000C00006468FB008890D461746984609F0C7FCCA
:1000D000FF2856D00F2809AC01D0042835D12A6852
:1000E0006B6812BA1BBA2046CDE90522CDE9073369
:1000F00002F0BCFD052305AD20468DF82430DDF768
:100100000DFC2A4629460120DDF7C8FB95E80F00C3
:100110000DF1040C8CE80F00204602F0A7FD092326
:1001200020468DF8243002F0A5FD01A9204603F0F9
:10013000C6F82046DDF7F2FB424639463046DDF789
:10014000ADFB00200FB0BDE8F0830028E4D1A64647
:100150002B686A680C4D93FA83FC12BA05F11009FA
:10016000734628686968083503C34D459E46F7D134
:10017000CDF828C00C9201AD94E80F0085E80F007F
:10018000CAE72120DEE700BF7ED9030007B5084B90
:100190004FF6F7711A784FF6FF630093531C003A3D
:1001A00018BF0122022009F0A3FC03B05DF804FB94
:1001B0002E42002070B586B00DF11603009306465E
:1001C00005AB0D46144604A90DF112020DF10E0007
:1001D00009F070FCBDF80E30FBB907F0EAFA208098
:1001E00015B1BDF8142022BB00232381E380BDF8A4
:1001F0000E0006B158BB00236380A3806381A381F6
:10020000BDF81630BDF812200093BDF81010BDF8EF
:10021000143009F06DFC002004E0BDF810209A4273
:1002200002D1012006B070BD23800133ADF80E303D
:10023000D6E7BDF816309B1A0133AB42F1DB15440B
:10024000ADB26B1EE2802381ADF81450CFE71D4A9A
:100250005188E1B19388D3B16180A380518911B3F2
:10026000938903B36181A381BDF810308342D8DD47
:10027000A28863889A42D4DDBDF81620BDF81430F8
:100280009A42CEDDA28963899A42B9DCC9E7BDF8FA
:1002900010100B18013BC3F34F036380013BA18097
:1002A000ADF81030DAE7BDF81620BDF81430A281A1
:1002B0001344013BC3F34F036381013BADF8163098
:1002C000D2E700BFD840002081F0004102E000BF2B
:1002D00083F0004330B54FEA41044FEA430594EA06
:1002E000050F08BF90EA020F1FBF54EA000C55EA41
:1002F000020C7FEA645C7FEA655C00F0E2804FEA12
:100300005454D4EB5555B8BF6D420CDD2C4480EAF3
:10031000020281EA030382EA000083EA010180EA23
:10032000020281EA0303362D88BF30BD11F0004F71
:100330004FEA01314FF4801C4CEA113102D04042A7
:1003400061EB410113F0004F4FEA03334CEA1333E2
:1003500002D0524263EB430394EA050F00F0A780FA
:10036000A4F10104D5F1200E0DDB02FA0EFC22FAF5
:1003700005F2801841F1000103FA0EF2801843FAE9
:1003800005F359410EE0A5F120050EF1200E012ADA
:1003900003FA0EFC28BF4CF0020C43FA05F3C01818
:1003A00051EBE37101F0004507D54FF0000EDCF191
:1003B000000C7EEB00006EEB0101B1F5801F1BD33A
:1003C000B1F5001F0CD349085FEA30004FEA3C0C3E
:1003D00004F101044FEA445212F5800F80F09A8034
:1003E000BCF1004F08BF5FEA500C50F1000041EB38
:1003F000045141EA050130BD5FEA4C0C404141EB3C
:100400000101013C28BFB1F5801FE9D291F0000F36
:1004100004BF01460020B1FA81F308BF2033A3F1E5
:100420000B03B3F120020CDA0C3208DD02F1140CDC
:10043000C2F10C0201FA0CF021FA02F10CE002F117
:100440001402D8BFC2F1200C01FA02F120FA0CFC10
:10045000DCBF41EA0C019040E41AA2BF01EB045159
:10046000294330BD6FEA04041F3C1CDA0C340EDC57
:1004700004F11404C4F1200220FA04F001FA02F39A
:1004800040EA030021FA04F345EA030130BDC4F158
:100490000C04C4F1200220FA02F001FA04F340EA4D
:1004A0000300294630BD21FA04F0294630BD94F0FE
:1004B000000F83F4801306BF81F480110134013DE5
:1004C0004EE77FEA645C18BF7FEA655C29D094EA56
:1004D000050F08BF90EA020F05D054EA000C04BFD4
:1004E0001946104630BD91EA030F1EBF00210020BF
:1004F00030BD5FEA545C05D14000494128BF41F05E
:10050000004130BD14F580043CBF01F5801130BDC1
:1005100001F0004545F0FE4141F470014FF000004C
:1005200030BD7FEA645C1ABF194610467FEA655CFD
:100530001CBF0B46024650EA013406BF52EA03359F
:1005400091EA030F41F4002130BD00BF90F0000F8D
:1005500004BF0021704730B54FF4806404F13204C9
:100560004FF000054FF0000150E700BF90F0000F82
:1005700004BF0021704730B54FF4806404F13204A9
:1005800010F0004548BF40424FF000013EE700BF79
:1005900042004FEAE2014FEA31014FEA02701FBF09
:1005A00012F07F4393F07F4F81F06051704732F03B
:1005B0007F4208BF704793F07F4F04BF41F4002192
:1005C000704730B54FF4607401F0004521F00041F0
:1005D0001CE700BF50EA010208BF704730B54FF07A
:1005E00000050AE050EA010208BF704730B511F07B
:1005F000004502D5404261EB41014FF4806404F1B3
:1006000032045FEA915C3FF4D8AE4FF003025FEA38
:10061000DC0C18BF03325FEADC0C18BF033202EBBC
:10062000DC02C2F1200300FA03FC20FA02F001FA16
:1006300003FE40EA0E0021FA02F11444BDE600BFB9
:1006400070B54FF0FF0C4CF4E06C1CEA11541DBF68
:100650001CEA135594EA0C0F95EA0C0F00F0DEF833
:100660002C4481EA030621EA4C5123EA4C5350EA18
:10067000013518BF52EA033541F4801143F4801369
:1006800038D0A0FB02CE4FF00005E1FB02E506F0FA
:100690000042E0FB03E54FF00006E1FB03569CF04F
:1006A000000F18BF4EF0010EA4F1FF04B6F5007F55
:1006B00064F5407404D25FEA4E0E6D4146EB0606C7
:1006C00042EAC62141EA55514FEAC52040EA5E5050
:1006D0004FEACE2EB4F1FD0C88BFBCF5E06F1ED8FA
:1006E000BEF1004F08BF5FEA500E50F1000041EB31
:1006F000045170BD06F0004646EA010140EA0200DE
:1007000081EA0301B4EB5C04C2BFD4EB0C0541EAFF
:10071000045170BD41F480114FF0000E013C00F314
:10072000AB8014F1360FDEBF002001F0004170BD38
:10073000C4F10004203C35DA0C341BDC04F1140451
:10074000C4F1200500FA05F320FA04F001FA05F2DD
:1007500040EA020001F0004221F0004110EBD370AA
:1007600021FA04F642EB06015EEA430E08BF20EAD6
:10077000D37070BDC4F10C04C4F1200500FA04F379
:1007800020FA05F001FA04F240EA020001F000410B
:1007900010EBD37041F100015EEA430E08BF20EA7E
:1007A000D37070BDC4F1200500FA05F24EEA020EC6
:1007B00020FA04F301FA05F243EA020321FA04F0F5
:1007C00001F0004121FA04F220EA020000EBD370AC
:1007D0005EEA430E08BF20EAD37070BD94F0000FAC
:1007E0000FD101F00046400041EB010111F4801FE0
:1007F00008BF013CF7D041EA060195F0000F18BF91
:10080000704703F00046520043EB030313F4801FCC
:1008100008BF013DF7D043EA0603704794EA0C0F86
:100820000CEA135518BF95EA0C0F0CD050EA41069C
:1008300018BF52EA4306D1D181EA030101F0004119
:100840004FF0000070BD50EA410606BF1046194641
:1008500052EA430619D094EA0C0F02D150EA01364D
:1008600013D195EA0C0F05D152EA03361CBF10468E
:1008700019460AD181EA030101F0004141F0FE412D
:1008800041F470014FF0000070BD41F0FE4141F4B1
:10089000780170BD70B54FF0FF0C4CF4E06C1CEAB1
:1008A00011541DBF1CEA135594EA0C0F95EA0C0F66
:1008B00000F0A7F8A4EB050481EA030E52EA033521
:1008C0004FEA013100F088804FEA03334FF0805542
:1008D00045EA131343EA12634FEA022245EA11156F
:1008E00045EA10654FEA00260EF000419D4208BF20
:1008F000964244F1FD0404F5407402D25B084FEACD
:100900003202B61A65EB03055B084FEA32024FF478
:1009100080104FF4002CB6EB020E75EB030E22BFD5
:10092000B61A754640EA0C005B084FEA3202B6EB95
:10093000020E75EB030E22BFB61A754640EA5C0044
:100940005B084FEA3202B6EB020E75EB030E22BFD4
:10095000B61A754640EA9C005B084FEA3202B6EBD5
:10096000020E75EB030E22BFB61A754640EADC0094
:1009700055EA060E18D04FEA051545EA16754FEAF6
:1009800006164FEAC30343EA52734FEAC2025FEA14
:100990001C1CC0D111F4801F0BD141EA00014FF0A3
:1009A00000004FF0004CB6E711F4801F04BF014374
:1009B0000020B4F1FD0C88BFBCF5E06F3FF6AFAE90
:1009C000B5EB030C04BFB6EB020C5FEA500C50F120
:1009D000000041EB045170BD0EF0004E4EEA1131A3
:1009E00014EB5C04C2BFD4EB0C0541EA045170BDAA
:1009F00041F480114FF0000E013C90E645EA060EEE
:100A00008DE60CEA135594EA0C0F08BF95EA0C0F1B
:100A10003FF43BAF94EA0C0F0AD150EA01347FF463
:100A200034AF95EA0C0F7FF425AF104619462CE73A
:100A300095EA0C0F06D152EA03353FF4FDAE10469D
:100A4000194622E750EA410618BF52EA43067FF4EE
:100A5000C5AE50EA41047FF40DAF52EA43057FF47E
:100A6000EBAE12E74FF0FF3C06E000BF4FF0010C89
:100A700002E000BF4FF0010C4DF804CD4FEA410CED
:100A80007FEA6C5C4FEA430C18BF7FEA6C5C1BD0BA
:100A900001B050EA410C0CBF52EA430C91EA030F3B
:100AA00002BF90EA020F0020704710F1000F91EA98
:100AB000030F58BF994208BF90422CBFD8176FEA66
:100AC000E37040F0010070474FEA410C7FEA6C5C34
:100AD00002D150EA013C07D14FEA430C7FEA6C5C3B
:100AE000D6D152EA033CD3D05DF8040B704700BF67
:100AF0008446104662468C461946634600E000BFB5
:100B000001B5FFF7B7FF002848BF10F1000F01BD86
:100B10004DF808EDFFF7F4FF0CBF012000205DF851
:100B200008FB00BF4DF808EDFFF7EAFF34BF0120D6
:100B300000205DF808FB00BF4DF808EDFFF7E0FF6F
:100B400094BF012000205DF808FB00BF4DF808EDC0
:100B5000FFF7CEFF94BF012000205DF808FB00BF27
:100B60004DF808EDFFF7C4FF34BF012000205DF809
:100B700008FB00BF4FEA410212F5001215D211D551
:100B80006FF47873B3EB625212D94FEAC12343F08A
:100B9000004343EA505311F0004F23FA02F018BF0C
:100BA000404270474FF00000704750EA013005D1D5
:100BB00011F0004008BF6FF0004070474FF0000098
:100BC000704700BF4A0011D212F5001211D20DD5A4
:100BD0006FF47873B3EB62520ED44FEAC12343F043
:100BE000004343EA505323FA02F070474FF00000ED
:100BF000704750EA013002D14FF0FF3070474FF09C
:100C00000000704753B94AB9002908BF00281CBF2B
:100C10004FF0FF314FF0FF3000F082B9ADF1080C1A
:100C20006DE904CE00F006F8DDF804E0DDE902230A
:100C300004B070472DE9F04F099D0C46002B4DD1B3
:100C40008A420F4684469646B2FA82F360D94BB187
:100C500002FA03FEC3F120029F4000FA03FC20FACF
:100C600002F217434FEA1E461FFA8EF44FEA1C4267
:100C7000B7FBF6F106FB117701FB04F042EA0742ED
:100C8000904208D91EEB020201F1FF3702D29042D6
:100C900000F231813946121A1FFA8CFCB2FBF6F0D1
:100CA00006FB102200FB04F44CEA024C644508D910
:100CB0001EEB0C0C00F1FF3202D2644500F21E81E3
:100CC000104640EA0140ACEB040C002125B12CFA9F
:100CD00003F30022C5E90032BDE8F08F8B4205D94D
:100CE0000DB1C5E9000100210846F5E7B3FA83F12B
:100CF00000294DD1A342C0F0F380904280F0F080F3
:100D0000064623460846002DE6D0C5E90063E3E722
:100D1000002B40F0A3808A1A4FEA1E471FFA8EF676
:100D20000121B2FBF7F407FB14204FEA1C4242EA10
:100D3000004206FB04F090420FD91EEB020204F1C0
:100D4000FF382CBF4FF001094FF00009904203D942
:100D5000B9F1000F00F0CC804446121A1FFA8CFC47
:100D6000B2FBF7F007FB102200FB06F64CEA024C40
:100D7000664508D91EEB0C0C00F1FF3202D2664525
:100D800000F2B3801046ACEB060C40EA04409DE74D
:100D9000C1F120068B4004FA01FE22FA06F720FA80
:100DA00006FCF4408A401F434EEA0C0300FA01FEA1
:100DB0004FEA17484FEA13491FFA87FCB4FBF8F0D3
:100DC00008FB104449EA044400FB0CF9A1450ED984
:100DD0003C1900F1FF3A2CBF4FF0010B4FF0000B14
:100DE000A14503D9BBF1000F00F08B805046A4EB66
:100DF00009041FFA83F9B4FBF8F308FB134403FB5F
:100E00000CFC49EA0444A44506D93C1903F1FF3817
:100E100001D2A4457BD8434643EA0040A4EB0C042E
:100E2000A0FB02984445CC46434602D306D1CE45AA
:100E300004D20138B9EB020C68EB0703002D6CD02B
:100E4000BEEB0C0264EB030422FA01F304FA06F68B
:100E5000CC4000211E43C5E900643DE702FA03FED1
:100E6000C3F1200104FA03F200FA03FCCC404FEA7C
:100E70001E4720FA01F11FFA8EF6B4FBF7F00A4381
:100E800007FB1044110C41EA044100FB06F48C42BC
:100E90000ED91EEB010100F1FF382CBF4FF0010904
:100EA0004FF000098C4202D9B9F1000F2CD0404616
:100EB000091B92B2B1FBF7F407FB141142EA01429D
:100EC00004FB06F1914207D91EEB020204F1FF3840
:100ED00001D291421ED84446521A44EA004120E70A
:100EE000861A64EB030301200DE7F44402384AE755
:100EF000023C724431E702397244CCE6F4440238D1
:100F0000DFE602383C4472E702387144D0E7023B26
:100F10003C4481E7023C7244DEE72946DCE600BF40
:100F2000704700BF08B5064B044613B10021AFF36C
:100F30000080044B1B6803B19847204600F006FA76
:100F4000000000006C330020024B0146186801F0DD
:100F50004CB900BF084D002070B50D4D00260D4C5A
:100F6000641BA410A64209D10B4D00260B4C08F0BF
:100F7000B7FE641BA410A64205D170BD55F8043B12
:100F800001369847EEE755F8043B01369847F2E7FB
:100F9000044E0020044E0020044E0020084E002085
:100FA00001F03FBE704708B501F0B9F901F0C4F98E
:100FB000D9F784FAFAE7D4F7DDB908B5D5F732FEE8
:100FC00000F0F9FAD5F73AFE00F0F7FAE5F79EF8E7
:100FD000DBF790FFDBF7A2FFDBF7F8FFBDE8084087
:100FE00004F09DBE70477047704708B501F0C7FA1E
:100FF00001F0D5FABDE80840E7F77CBC704708B5BA
:10100000D6F78EFED3F7CAFEBDE80840D7F71EB963
:1010100008B5D9F705FED6F731FD00F096FCBDE81E
:101020000840FFF7ECBFD3F7C7BE0120704701208F
:10103000704738B500F0DBFF044601F080F8051E6C
:1010400018BF2546DCF714F8041E18BF2C46FFF71E
:10105000ECFF002818BF204638BD38B5D9F72CFB67
:101060000446D3F7AFFE04281ED002284FF0000537
:1010700008BF012400F0BDFF042817D0022808BFD4
:10108000012401F0B8FA042812D0022808BF012474
:10109000FFF7CDFF04280DD0022808BF0124002D42
:1010A00018BF0024204638BD0125E3E70125E8E705
:1010B0000125EDE70024F5E7FF20704708B5FFF7AD
:1010C000FBFF002008BD704770477047704710B5A0
:1010D0000446E7F74DFD2046E6F756FF2046BDE8FB
:1010E000104004F0C4BA04F0FABB10B50446E7F7A8
:1010F00047FE2046E6F7AEFF2046BDE8104004F06C
:10110000E6BA10B50446E7F767FC2046E7F7EEF8C5
:101110002046E6F7D9FD2046E6F79CFD2046BDE8CF
:101120001040FDF70FBCFFF7ECBF10B50446E7F722
:1011300081FC204608F003FA2046E7F707F920462D
:10114000E6F7FEFD2046E6F79DFD2046BDE810408F
:10115000FDF712BC10B50446E7F7B0FC204608F0D6
:10116000FEF92046E7F740F92046E6F70FFE204655
:10117000E6F788FD2046BDE81040FDF7FDBBE6F729
:1011800025BCE7F7B9B97047E8F778BB70477047F7
:1011900008F0FEB9704708F0FFB9E8F733BB04F078
:1011A00022BE04F0EBBB04F012BC04F02EBE10B45F
:1011B0009DF8044001945DF8044B04F01DBC704799
:1011C0007047E7F733BBE7F75BBBE7F74DBA04F0CF
:1011D0004EBC04F064BC08F0E0B904F036BCE8F79B
:1011E0002BBB04F026BE04F08DBC04F097BA04F0CB
:1011F000A3BA04F0A0BC04F0C0BC08F064BA08F0C4
:101200009DBA08F0ADBA08F0DDBA04F05CBC03F09A
:10121000D8BF7047704770472DE9F0419DF81840DE
:101220009DF81C509DF820609DF824709DF82CC0FE
:101230009DF834E09DF83880CDE90867CDE90DE8E8
:10124000CDE90645CDF82CC0BDE8F04103F041BF23
:101250007047FEE710B53AB1002350F8234041F83B
:10126000234001339A42F8D110BD002070474FF45B
:10127000004070474FF47A7070474FF000530020E1
:101280001B6882B09AB262F30F001B0C63F31F401D
:1012900002B070477FB500239E6A0446B6F5804FC2
:1012A0000D460DD201A80393D3F7AEFE039B5B0559
:1012B00006D529462046336C04B0BDE87040184777
:1012C00004B070BD1FB500239A6AB2F5804F04D3F5
:1012D00040F2011005B05DF804FB126BB2F5804FCF
:1012E000F6D2012201A8CDE902338DF80420D3F70C
:1012F0008BFE039BDB03EBD5029B1A0EE8D0012A81
:1013000003D1C3F307430A2BE2D900239B6A1B6B6B
:101310001B6C9847DEE7EFF3108072B6704700B998
:1013200062B67047302383F311887047EFF3118062
:10133000302383F31188704780F3118870470023AE
:101340000360704703680B6001607047FEE74FF071
:1013500060420123D2F8001E83400B430020C2F8F4
:10136000003E704710B588B004460E980092079072
:101370000D98224606909DF8300005900B98049039
:101380009DF8280003900020CDE901300B46012193
:10139000D4F778F808B010BD704713B5044601A81B
:1013A000D5F72EFA9DF8063023804FF480736380C2
:1013B000D5F734FA6060002002B010BDD5F79CB9B3
:1013C00008B5D5F78DF9002008BD10B5044644EAEC
:1013D000010313F00303084609D1934201D1002011
:1013E00010BD54F8231040F823100133F5E72146CF
:1013F000920008F058FCF2E7704708B5D3F79CFD5F
:10140000BDE808400021D4F7E3BA02210320D4F755
:1014100089BD08B5FFF7F1FFBDE80840FFF7F5BF4C
:1014200010B50446D3F776FD0021D4F7D1FA1CB1EC
:10143000BDE81040D4F766BD10BD704770477047D7
:10144000704770B5054614460E46FFF764FF2B68DB
:101450005C4034405C402C60BDE87040FFF75FBFEB
:1014600070474FF050234FF400321A6770474FF027
:10147000B0435A6812B19A6A002AFAD17047012221
:1014800000F580535A60CB43934003F00A03436155
:10149000416111B900F500504260704783695B06F5
:1014A000FCD5C16370474369002B07DB39B9436A38
:1014B000DB07FCD400F5005001234360704700F5C2
:1014C0008050F9E7436810B5DA0704460AD5FFF7FC
:1014D0002DFF636ADB075CBF0123E360BDE81040BA
:1014E000FFF72ABF10BD436810B50A46044633B162
:1014F000636A002BFCD1012104F500535960537835
:10150000D1781B0143EA4103917820460B431179BE
:1015100043EA8103517943EAC103917943EA4123C4
:10152000D17943EA8123117B43EA0123917A43EA8B
:101530000163D17A43EA0173517A43EA0143A3601C
:101540001178FFF7B0FF137A0BB10023236210BDAF
:10155000436813B1436A002BFAD1704700207047EB
:101560000F2070470F207047002070470F207047F2
:10157000002070470F207047002070470F207047F1
:10158000002814BF0F200020704700207047002063
:10159000704700207047002814BF0F2000207047BC
:1015A0000120704701207047012814BF0F20002040
:1015B00070470F207047DFF7F1B8002307B5CDE97A
:1015C0000033012369464FF0FF308DF8023003F0FD
:1015D00009F803B05DF804FB00207047B0F5802FD8
:1015E00022D010D8B0F5003F20D007D818B3B0F5FE
:1015F000803F08BF482018BF01207047B0F5403F2A
:1016000008BF2C20F7E7B0F5302F11D007D8B0F580
:10161000E02F0FD0B0F5202F08BF1020EBE7B0F57A
:101620007F0F08BF0620E6E74B2070472A2070474F
:10163000112070472120704708B570B100F068F99B
:101640004FF098435A6CD202FCD5586D10F47020BC
:1016500004D0BDE80840FFF7C1BF212008BD08B590
:1016600028B12022002108F00CFB002008BD212019
:10167000FCE710B508B9212010BD0029FBD0036894
:1016800013F0704205D1C3F30E030B607BB1002051
:10169000F2E703F05044B4F1004F05D0B2F1304FFF
:1016A00002D0B2F1404FE6D103F07F03EDE743688B
:1016B000002BE0D00B60EAE773B50D46064610B983
:1016C000212002B070BD0029FAD0002301A90193A6
:1016D000FFF7CFFF0028F4D13468019B14F0704469
:1016E00003F1030323F003030AD0B168B4F1004F00
:1016F000C1F38032C1F3403104D102EB41025343C4
:101700002B60DEE7B4F1204F01D10A44F7E7B4F1D2
:10171000304FFAD0B4F1404FF7D0D1E773B50C4653
:10172000002876D0002974D000230B60036803F0F2
:1017300070430B60C26822B1032A6AD143F0806310
:101740000B608368C2689D0103F0407154D5B1F10C
:10175000407F54D0002A5CD04FF00073226822F002
:1017600040721A432260C368032B09D10369F62B28
:101770004FD91B0403F47F0322F47F021343236039
:1017800083681E0442BF236843F400432360C36898
:10179000032B09D02368026823F4FF4323F07F035F
:1017A000C2F30E021343236002688368002A08DA3A
:1017B0005D0403F400512ED459B3226842F4005260
:1017C0002260026802F0704202F10042B2F1804FE2
:1017D00005D25A0542BF226842F480622260056841
:1017E00015F070461ED5002301A90193FFF741FFB4
:1017F00000282ED002B070BDB1F1407F03D142B1BC
:101800004FF04073AAE703F08073002AA6D1002BA3
:10181000A4D02120EEE7226842F480422260002911
:10182000CBD1CEE713F4C843F3D101A90193FFF75D
:1018300020FF0028DED1002EEBD12368019A23F48B
:10184000FF4323F07F03C2F30E0213430020236003
:10185000D0E705F05045B5F1004F05D0B6F1304F57
:1018600002D0B6F1404FD4D1019B2268013B03F076
:101870007F0322F07F02E8E738B131B101234B60EA
:101880004FF0005300208B6070472120704737B520
:101890000C46054610B9212003B030BD0029FAD00E
:1018A00001234B60C36893B901A90193FFF704FFBB
:1018B0000028F1D1019B6A699A4206D32A6943F054
:1018C000005322600020A360E6E71D20E4E7032B1D
:1018D000E1D10023F6E7436813B9416070475B68C4
:1018E0005A68012AFBD159607047836813B9816037
:1018F00070475B685A68012AFBD159607047C36919
:10190000032B9FBF00EB83020133D160C36170479B
:10191000C369042B14D84FF09842116CC902FCD54E
:1019200004339B0013650168103B1160416811602E
:1019300050F8081F11604FF098420344984200D1BC
:10194000704750F8041F1160F8E7FFF745BE20F01C
:101950000803102B05D0202814BF6FF0860000204C
:101960007047002070471346428870B50732072A37
:101970000C464FEAD20101D0A14222D14668058827
:1019800020221846002108F07CF9360A0346DEB909
:10199000BCB141F20102954205D0B5F5885F02D095
:1019A000B5F5905F02D100205C6070BDB5F5105FA9
:1019B0000DD1182C03D0202C01D0102C01D11C608B
:1019C000F1E76FF08600F0E76FF08B00EDE76FF066
:1019D0008500EAE7F0B51C46436806461B0A0F4639
:1019E000154689B035D122462946FFF7BCFF68B9B4
:1019F000EB1C23F00303C4E90307636145B920220C
:101A00000021204608F03DF96FF0860009B0F0BDD6
:101A100001462022684608F034F96A4629463046D5
:101A2000FFF7A1FF0028EAD12368009A9A42E6D185
:101A30006368019A9A42E2D1A368029A9A42DED17F
:101A4000A369069A9A42DAD1E369079A9A42DDD0ED
:101A5000D5E76FF08B00D9E7D5F784BDD5F788BE01
:101A600000F008B809B100F007B822207047012142
:101A700000F043B80020704770B506460D46FFF7EA
:101A800055FC04461C2E35D8DFE806F00F18341C30
:101A90001E203422243434342628342A2C2E303488
:101AA00034343434343434343200D3F719FA002661
:101AB00028602046FFF740FC304670BD0120D4F777
:101AC0009BF9F4E70320FAE70420F8E70C20F6E797
:101AD0000220F4E70620F2E70720F0E70820EEE70F
:101AE0000520ECE70920EAE70A20E8E70D20E6E711
:101AF0001020E4E700202126DAE700207047D5F720
:101B000001BFD6F737B8D6F74FB870B50C461546B3
:101B100010B9D6F7E5F838B143682BB12A4621460B
:101B2000BDE8704000681847232070BDF7B50D462A
:101B300016461C4648B103B901AC87685FB123461D
:101B4000324629460068B84706E0D6F7C9F804B916
:101B500001AC0028F1D1232003B0F0BD07B501226C
:101B60008DF807100DF10701FFF7CFFF03B05DF807
:101B700004FB0B4601461846FFF7F0BF0023012285
:101B8000FFF7D4BF0EB403B503AA52F8041B0192A9
:101B9000D6F7B2F802B05DF804EB03B070474FF02F
:101BA0006042D2F8803E1B02FBD470472DE9F84F0B
:101BB0000F4615461E46002402F104089DF828B081
:101BC00002F109094FEA132A5FFA88F84C4502D35B
:101BD0000020BDE8F88F052C12D8DFE804F01E09BC
:101BE000030B0D0FD1210820D3F72AFC0134EDE7B8
:101BF0004146F8E7F1B2F6E75146F4E75946F2E715
:101C0000AB1DA3420BD0EB1DA34208D005F1080386
:101C1000A34206D0BB1F195DE5E75B21E3E75A212C
:101C2000E1E75D21DFE7034670B190F8382090F8D6
:101C30003C002AB1022803D1012283F83C207047DE
:101C400004284FF00102F8D00120704780F82C10D2
:101C5000704790F82C00704790F839007047302298
:101C6000037A534303F1A04303F58023D96ED0E9EF
:101C700003231344994214BF08461046704770B5B9
:101C800004460568D6F72CF8844202D10020D6F726
:101C90001BF895F93600D5F7F5FF95F93600D5F71D
:101CA000D1FF95F93700D5F7EDFF95F93700D5F756
:101CB000C9FF287AD3F790FD287AD3F7F3FCD3F73E
:101CC000CFFC00232846C4E90033C4E90433A360F1
:101CD000AB6ABDE870401847F8B504460D4690F869
:101CE000393081B173B990F83A60FFF714FB0546BB
:101CF00001213046D8F746FB2846FFF710FB0123A9
:101D000084F83930F8BD002BFCD090F83A70FFF71A
:101D100002FB064629463846D8F734FB3046FFF723
:101D2000FEFA84F83950EDE72DE9F84304461646EB
:101D30000D4690F82C80FFF7F9FA94F83820034606
:101D40009AB1FFF7F9FA94F83B90FFF7E4FA0746E7
:101D500001214846D8F716FB3846FFF7E0FAFFF7AF
:101D6000E5FA0022034684F838201846FFF7E4FA23
:101D70002E44B54204D101212046236A98473DE014
:101D800094F82D302BB3FFF7D1FA237E0746EBB141
:101D90002046FFF764FFE1680138884238BF2069B8
:101DA000D4F830C03CBF00F1FF30401803469C45DA
:101DB0000BD013F80129112A01D0132A21D1A2F145
:101DC00011035A425A4184F8342020633846FFF701
:101DD000B3FA94F83430002BCBD0B8F1000F06D012
:101DE0002B780A2B03D10D212046E3699847204622
:101DF000E36915F8011B98470028BAD00020BDE818
:101E0000F883994282BF236903F1FF335B18CEE761
:101E1000F8B590F83830044603F0FF06A3B9314610
:101E2000036A9847012384F8383094F83B70FFF731
:101E300072FA054631463846D8F7A4FA2846FFF725
:101E40006EFA022384F83C30F8BD026CD36C43F088
:101E50000403D364704710B50446026C93695906B5
:101E6000FCD5002394F846101A4694F84500D4F7A0
:101E70003DFB002394F848101A4694F84700D4F725
:101E800035FB94F84D30DA0707D5002394F84A1053
:101E90001A4694F84900D4F729FB94F84D309B0773
:101EA00007D5002394F84C101A4694F84B00D4F749
:101EB0001DFB206C0021C36C23F00103C364C36CC1
:101EC00023F00403C364FFF7DAFA002010BD08B55D
:101ED000006CFFF7E3FA002008BD036CDA6C19B15F
:101EE00042F00102DA64704722F00102DA64012252
:101EF00003F500539A64704738B50468206C856C0C
:101F000015F001050BD0012200F500539A64836996
:101F10009B060FD52046BDE83840FFF779BF042364
:101F200084F83C30237E33B9C36C23F00403C364CC
:101F30000123237638BD637E1BB394F82D3003B3A1
:101F4000132184F83550FFF7A9FA236CDA6C42F0BC
:101F50000402DA645B6ADBB2112B0DD1012384F831
:101F600034303022237A534303F1A04303F5802316
:101F7000DB6E013B2363DDE7132BDBD184F83450A8
:101F8000EFE7C36C23F00403C364D3E710B5082064
:101F90001C4601F0E9FD002820600CBF1B2000203A
:101FA00010BD002808BF42200A44914200D170476A
:101FB00011F8013B434001F8013C00F00103C0F37C
:101FC0004700002BF1D080F0B800EEE708B5D6F757
:101FD000E1FA80B208BD08B5D6F7DCFA08BD08B54D
:101FE000FFF7F9FFFA23B0FBF3F080B208BD012040
:101FF00070470420704740F2016000F046B8704717
:1020000070477047032000F05BB80120704710B59F
:102010000C46D6F717FB08B1006808B9012010BDBF
:102020002146FFF7ABFD0028F9D01B28F6D1F6E7D3
:1020300010B50C46D6F706FB40B1006830B121461A
:10204000FFF78CFD003818BF012010BD0120FCE710
:1020500001464FF0FF3002F050BB08B54FF0FF30A3
:1020600002F04DFB80B208BD49BA89B280EA010393
:10207000C3F303125340180380B258405B0103F4CA
:10208000FF535840704742DE704710B50446FFF7D3
:1020900049F94FF000534FF20F021C805A80BFF3F2
:1020A0005F8FBDE81040D5F7BBBD10B404460846AD
:1020B000114622465DF8044BD9F794B9D9F7D2B945
:1020C000D9F710BA10B404460846114622465DF806
:1020D000044BD9F725BAD9F7C7BAF8B50027064691
:1020E0003D463046E9F72EFE854200D3F8BD304626
:1020F000E9F728FE441BE4B2202C2946304628BFCD
:102100002024EAF715F8224601463846FFF749FF32
:102110002C440746E5B2E4E701460120FFF788BFFB
:1021200010B5014604460120FFF771FF18B11B28C6
:1021300003D018232370002010BD2720FCE70020C7
:102140007047104430B5054602B930BD01F00F03A9
:102150000A2B34BF30243724013A2344090905F8F7
:10216000013DD2B2F0E770B5044645180735494243
:102170000D40A5F10806304600F03AF8A188331B5F
:10218000C3F3CF036288194489B2D21A25F8041C1C
:1021900025F8062CA28882B1A4EBC202D180518816
:1021A00019445180E2887AB1D31A9BB204EBC2047D
:1021B00025F8023CA380304670BD15F8082C42F08B
:1021C000020205F8082CEDE725F8022CF3E707B525
:1021D00000224FF0FF3101AB0192D7F7A9FD019822
:1021E00003B05DF804FBD7F7A1BE0846FFF7EFBFC9
:1021F0000023038043808380C380704710B5FFF7BE
:102200008AF80446D8F72AF82046BDE81040FFF7C0
:1022100086B8D8F72BBC7047012070474FF4C870C0
:10222000D8F73CB97047002307B5684600938DF88E
:102230000430D4F751F903B05DF804FB2DE9FF41F8
:102240000D4616461F460446A8B14FF00008C0F8D8
:102250001C80D8F71FFDBDF82C30424602939DF834
:1022600028302946CDE9007320463346D8F778FC5C
:1022700004B0BDE8F0812220FAE7F0B51F46002344
:1022800087B00D46164604468DF81730A8B1C361D5
:102290000DF11701D8F72EFD9DF817207AB9BDF87A
:1022A0003430294602939DF830302046CDE9007342
:1022B0003346D8F755FC07B0F0BD2220FBE70320DA
:1022C000F9E738B5FFF732F8054600F006F804469E
:1022D0002846FFF731F8204638BD4FF0B0439A6AE0
:1022E0001207FCD4186A704782074FF0B04200F022
:1022F0000103916948BF43F008030B4393617047A2
:102300004FF0B04301285B6904D0022805D1C3F324
:10231000C000704703F0010070470020704708B507
:10232000D2F76CFCFEF747FEFEF772FEFEF745FEA5
:10233000BDE80840FEF756BE08B5FEF754FEFEF7AE
:1023400053FEFEF752FEBDE80840FEF757BE704749
:102350002DE9F34112F001050446884622D110F020
:10236000030525D12F465208BA4209D1D4F7B8F94E
:102370000026B74204EB860008D1D4F7BDF911E07E
:1023800054F8273001330CD10137EDE7042258F817
:1023900026300DEB0201019307F0AEFC30B1D4F70B
:1023A000ABF93D25284602B0BDE8F0810136E0E7F3
:1023B0000125F7E71FB52A38062869D8DFE800F0BD
:1023C000040B2C4D52575E0006F0EBF803F053FD62
:1023D000012004B010BDE7F75FFA0446E7F75CFAA6
:1023E0008DF80000E7F758FA8DF8010003F039FD89
:1023F000ADF80200E7F750FA0DF105018DF8040081
:102400000820E7F751FAE7F747FA69468DF80D001B
:10241000204603F010F9D9E7E7F73EFA694606F0DF
:10242000B1F803F028FD9DF80000E7F753FA9DF896
:102430000100E7F74FFABDF8020003F008FD9DF830
:102440000400E7F747FA08200DF10501E7F752FA13
:102450009DF80D00E7F73EFABAE7E7F71DFA03F03B
:10246000ECF8B3E7E7F718FAF4F7FCFAF2E7E7F766
:1024700013FAF5F775FB03F0EAFCA9E7E7F70CFAA6
:10248000044603F0EEFC01462046F5F78FFB9FE77C
:1024900000209EE770B574288CB027D006D86F282E
:1024A00027D0732817D000200CB070BDA8283BD0CF
:1024B000A928F8D103F0D5FC044602A90820E7F7C3
:1024C000F3F907A91020E7F7EFF9204607AA02A9B8
:1024D00006F0E6FB06E0102007A9E7F7E5F907A8F4
:1024E00006F0E0FB03F0C7FC0120DDE7F9F796FCFE
:1024F000F8E702A803F091FDE7F7CEF90446E7F705
:10250000CBF90546E7F7DEF907AE211E03462A465A
:1025100018BF0121009602A803F092F803F0ABFC6B
:10252000304603F06FFDDFE703F09BFC044602A991
:102530000820E7F7B9F907A90820E7F7B5F9204619
:1025400007AA02A906F073FBCCE7002070474FF6FC
:10255000FF707047FF20704700207047022003F093
:102560008ABC0020704708B50E2003F084FC0120CF
:1025700008BD002070477047D6F70CBE704708B5FD
:10258000D6F700FDBDE80840EAF700BC7047704789
:1025900008B5FFF7FBFFFFF7FAFF08BD704708B566
:1025A000D6F7F0FCFFF7FAFFFEF790FDBDE8084014
:1025B000DAF7AEBC002070479DF804007047002099
:1025C000704700207047704738B50546FEF7A3FEF8
:1025D000044601212846D7F7D5FE2046BDE83840FD
:1025E000FEF79DBE0120704708B5E7F7ADF8B0FAD9
:1025F00080F0400908BD08B5DAF73AFD00280CBFA5
:102600000420012008BD082808D84FF48B73C3406C
:1026100013F0010F14BF00202120704721207047C4
:1026200001207047012070470020704708B5022044
:1026300003F021FCBDE808400020E7F74BB9022079
:1026400003F019BC70472DE9F34104460D461646C8
:102650001F46DDF82080CDF80080FEF792FD3B4656
:10266000324629462046CDF80080FFF7EBFF02B046
:10267000BDE8F0811FB5089C02949DF81C400194B0
:10268000BDF818400094E5F795FF04B010BD08B5FB
:10269000E5F7A8FB08BD70472DE9F34116461F4634
:1026A00004460D46BDF82080CDF80080FEF76BFD96
:1026B00033464246294620460097FFF7ECFF02B01A
:1026C000BDE8F081704708B5FEF75EFDFFF7FAFF41
:1026D00008BD012070472DE9F04105460E4617461A
:1026E0009846FFF7F6FF0446434628463A463146E9
:1026F000FEF74CFD2046BDE8F081012070472DE932
:10270000F04105460E4617469846FFF7F6FF044689
:10271000434628463A463146FEF739FD2046BDE895
:10272000F081FEF735BDF8B505460E46174606F0B2
:1027300031FF04463A4628463146FEF72BFD204637
:10274000F8BDFEF728BD704710B50446FEF725FD1D
:102750002046FFF7F8FF10BD704738B504460D4618
:10276000FEF71DFD29462046FFF7F6FF38BD7047EE
:1027700070B504460D461646FEF713FD324629464F
:102780002046FFF7F4FF70BD704738B504460D468C
:10279000FEF709FD29462046FFF7F6FF38BD7047D2
:1027A00038B504460D46FEF700FD29462046FFF7E2
:1027B000F6FF38BD70472DE9F34104460D46164635
:1027C0001F469DF82080CDF80080FEF7F0FC3B46C8
:1027D000324629462046CDF80080FFF7EBFF02B0D5
:1027E000BDE8F081704738B50546E5F799F904462C
:1027F0000146284600F0CFF9204638BD38B50446DA
:102800000D46FEF7DCFC29462046FFF7EBFF38BDFE
:10281000704738B50546E5F7F1F904460146284604
:1028200000F0B7F9204638BD38B504460D46FEF72E
:10283000C7FC29462046FFF7EBFF38BD704710B5AF
:102840000446FEF7BEFC2046FFF7F8FF10BD7047B8
:1028500038B504460D46FEF7B6FC29462046FFF77C
:10286000F6FF38BD704770B504460D461646FEF7B4
:10287000ACFC324629462046FFF7F4FF70BD704796
:1028800038B504460D46FEF7A2FC29462046FFF760
:10289000F6FF38BD704738B504460D46FEF799FC83
:1028A00029462046FFF7F6FF38BD704770B504464D
:1028B0000D461646FEF78FFC324629462046FFF7A6
:1028C000F4FF70BD704710B50446FEF786FC204645
:1028D000FFF7F8FF10BD704710B50446FEF77FFC08
:1028E0002046FFF7F8FF10BD704710B50446FEF70D
:1028F00078FC2046FFF7F8FF10BD704770B504461E
:102900000D461646FEF76FFC324629462046FFF775
:10291000F4FF70BD704710B50446FEF766FC204614
:10292000FFF7F8FF10BD704738B504460D46FEF7B7
:102930005EFC29462046FFF7F6FF38BD7047F8B524
:1029400004460D4616461F46FEF753FC3B463246EC
:1029500029462046FFF7F2FFF8BD704770B50446E0
:102960000D461646FEF747FC324629462046FFF73D
:10297000F4FF70BD7047F8B506460C4617461D4675
:10298000FEF73BFC3B46324629462046FFF7F2FF66
:10299000F8BD704710B50446FEF731FC2046FFF73E
:1029A000F8FF10BD704738B504460D46FEF729FC08
:1029B00029462046FFF7F6FF38BD704710B504469C
:1029C000FEF721FC2046FFF7F8FF10BD70472DE908
:1029D000F34104460D4616461F46DDF82080CDF82B
:1029E0000080FEF712FC3B46324629462046CDF8D1
:1029F0000080FFF7EBFF02B0BDE8F081704738B50B
:102A000004460D46FEF703FC29462046FFF7F6FF75
:102A100038BD0E2070470E20704738B50446FFF7CA
:102A2000FAFF05462046FEF7F4FB2046FFF7F1FFCC
:102A3000284638BD704710B50446FEF7EBFB20462C
:102A4000FFF7F8FF10BD002070470020704738B531
:102A50000446FFF7FAFF05462046FEF7DCFB20465A
:102A6000FFF7F1FF284638BD70472DE9F04F8FB0D2
:102A70009DF880B0219C9DF87490CDE908B41E9C0F
:102A80009DF860509DF864609DF868709DF86C80BA
:102A9000CDE905941C9C9DF87CA0CDE90384CDE98B
:102AA00001670095CDE90C23CDE90A01CDF81CA002
:102AB000FEF7B2FBDDE90A01219BCDE90167CDE913
:102AC00008B31E9BCDF81CA0CDE905931C9B009577
:102AD000CDE90383DDE90C23FFF7C6FF0FB0BDE8A6
:102AE000F08F08B5FEF7B4FBFEF75AFA08BD0020D8
:102AF0007047022070470020704730B589B0044607
:102B0000ADF806108DF81020E9F714FD05462046B3
:102B1000E9F720FD03469DB1BDF80600ABB903F00F
:102B2000E7FFFF2808BF00200DF10F038DF80F000D
:102B300005932046DDE90412DAF7DCFA09B030BD6E
:102B40000028F6D00DF10603F2E703F0D1FFFF28CD
:102B500008BF0020BDF806308DF80F00ADF81A3020
:102B60008DF8180006ABE3E77047D6F79DB908B5B6
:102B7000E8F7ECF8002840F6124018BF002008BD26
:102B80000120704770477047704770477047704723
:102B90007047FFF749BEFFF731BEFFF7DFBEFFF713
:102BA000CEBE10B49DF8044001945DF8044BFFF7CD
:102BB00002BEFFF744BEFFF74BBEEAF797B8FFF738
:102BC00082BEFFF750BEFFF73EBDFFF764BEFFF7C2
:102BD00057BEFFF76BBE30B4BDF808409DF80C50EF
:102BE000CDE9024530BCFFF745BDFFF79ABDFFF7C1
:102BF000B4BDFFF7BDBDFFF71EBFFFF7C6BDFFF7B2
:102C0000CFBDFFF7E4BEFFF779BEFFF784BEFFF745
:102C10008BBEFFF766BFFFF797BDFFF75DBE03F002
:102C2000E3BBE8F73FB8E9F71FBD10B4BDF80440B7
:102C300001945DF8044BFFF72FBDFFF7B4BEFFF71B
:102C40009ABEFFF7A7BEFFF7B9BE002070477047D6
:102C50000020704770470E20704701207047704772
:102C600001207047012070470E2070471422002178
:102C700007F007B8704730B540780C4601284FF090
:102C8000110387B001F1100516D1022201A9E9F75D
:102C9000B9FB234601AC224618685968083303C2C1
:102CA000AB421446F7D111230222002001A9E9F713
:102CB000A9FB002007B030BD0622012001A9E9F7D9
:102CC000A1FB234601AC224618685968083303C2A9
:102CD000AB421446F7D111230622E6E730B50C4685
:102CE000407887B001284FF011030DBF0222062261
:102CF000012001A918BF01A9E9F784FB234601AA15
:102D000005AD144603CCAC4218605960224603F16D
:102D10000803F6D1002007B030BD10B50C4688B0CE
:102D20001A23082201A90120E9F76CFB21460DF1C5
:102D30000E0304F1100251F8040B914243F8040B06
:102D4000F9D11A230822002001A9E9F75BFB002032
:102D500008B010BDF0B58BB004460D4603F03CFF43
:102D6000A8B101A8F2F7BCFE88B1667B271D16F05A
:102D7000020F05D00822384601A906F058FFD0B945
:102D800001AB46F0020603CB6060796066731A23DC
:102D9000082203A90120E9F735FB29460DF11603A6
:102DA0000DF1260253F8040B934241F8040BF9D1BC
:102DB00000200BB0F0BD2D20FBE770B505460C469A
:102DC0008AB0252200210DF1030006F05AFF6B683E
:102DD000CDF81D30AB68CDF82130234601AC03F1AE
:102DE0001006224618685968083303C2B3421446D5
:102DF000F7D101236A7B8DF8023012F0040F0CBF6B
:102E00004FF480734FF4A073110748BF43F48063FD
:102E1000ADF80030930748BFBDF80030684644BFA6
:102E200043F00803ADF80030F1F7C0F80AB070BD08
:102E300030B5427B0D46D10704468BB007D54078AC
:102E400001A9F1F71DF9D8B12D200BB030BD9307C2
:102E5000FAD5C2F3800310074FEA8313ADF80230AE
:102E600044BF43F48063ADF80230BDF80220201D5A
:102E70000AB10DF1020201A904F0ABFE0028E3D073
:102E800001AB03CB9DF81430A1602373BDF8103063
:102E90006060590642BF627B42F0040262735A05C9
:102EA00042BF627B42F0080262731B0742BF637B32
:102EB00043F0020363732B4606AC0AAD224603CAF5
:102EC000AA4218605960144603F10803F6D10020A5
:102ED000BBE730B505468BB028230C467F221D2169
:102EE0006846FFF7E2F82B78052B0DF115030AD1A0
:102EF0000DF1050252F8041B9A4244F8041BF9D163
:102F000000200BB030BD0DF1250253F8041B934295
:102F100044F8041BF9D1F3E730B505460C468BB0F5
:102F200028237F221D216846FFF7BFF82B78052B49
:102F300004F1100310D10DF1050254F8041B9C425A
:102F400042F8041BF9D128236A467F211D20FFF790
:102F5000B5F800200BB030BD0DF1150254F8041B7C
:102F60009C4242F8041BF9D1EDE710B503780C46FA
:102F7000072B42788EB011D134231F2101A8FFF70F
:102F800094F80DF116030DF1260253F8041B934239
:102F900044F8041BF9D100200EB010BD30232121CC
:102FA00001A8FFF782F80DF112030DF1220253F888
:102FB000041B934244F8041BF9D1ECE770B5037885
:102FC0000C46072B45788EB001F1100616D134233C
:102FD0002A461F2101A8FFF768F80DF1160354F8DF
:102FE000042BB44243F8042BF9D1342329461F2083
:102FF00001AAFFF763F800200EB070BD30232A4607
:10300000212101A8FFF751F80DF1120354F8042B08
:10301000B44243F8042BF9D130232946212001AAD8
:10302000E7E7F0B504460D4693B0252200210DF1E7
:10303000230006F026FE636804F1040CCDF83D3051
:10304000A36809AECDF841302B4605F11007324692
:1030500018685968083303C2BB421646F7D10523E6
:103060008DF82230637B5B0103F40073ADF82030F0
:103070006378FF2B1AD1002360461A4601A900F09D
:1030800073FA9DF80530FF2B0DD1002301A91A46D4
:10309000184600F069FA9DF80530FF2B03D11C2675
:1030A000304613B0F0BD9DF80530637000206178A4
:1030B00008AADAF7ADFD06460028F1D11923627897
:1030C000194601A8FEF7F1FF2B4603AD2A46186802
:1030D0005968083303C2BB421546F7D1637B617858
:1030E000DB0648BF9DF81C3001AA44BF63F07F0394
:1030F0008DF81C3019231846FEF7E0FFD0E710B515
:1031000004468AB02422002101A806F0BAFD637BA0
:10311000590744BF4022ADF810201A0742BFBDF83E
:10312000102042F48062ADF81020DB070FD56078E4
:1031300001A9F0F7A5FF10B12D200AB010BD01AB19
:1031400003CB637B606043F00203A160637304A957
:10315000201D04F040FD0028EED00020EDE710B562
:10316000427B0446930707D5D200012102F080027A
:103170000430DAF7D9FC60706178FF2905D0BDE82A
:10318000104000220120DAF743BD012010BD1FB519
:10319000694600F0B3F8002818BF2D2005B05DF88F
:1031A00004FB73B50D4614460646DAF7F7F96B884B
:1031B0001A071AD522463146102004F0EDFC2046AD
:1031C000DAF7ECF96B88D90717D5002322460121DD
:1031D0000DF107008DF80730DAF7A4FA6B88002BA1
:1031E0000CBF2120002002B070BDDE06EAD52246C9
:1031F0000821281DDAF796FAE1E79A0701D502239C
:10320000E4E75B07EAD50323E0E71FB50446102295
:103210000021684606F035FD2378013B082B14D8C1
:10322000DFE803F005050B0F0505050505006946F8
:10323000204600F044F804B010BD2046FFF75FFFC1
:10324000F9E72046FFF78BFFF5E72120F3E70F2092
:10325000704710B5044686B001A90222112301204F
:10326000E9F7D0F89DF8143001A8E37005F04FF9A4
:1032700080F00100062201A9607011230120E9F706
:10328000C1F89DF8143001A8A37005F040F980F052
:1032900001002070F0F79EFF6060002006B010BDB6
:1032A0001FB50C46694600F029F8102221466846F1
:1032B00006F0BDFCB0FA80F0400904B010BDD8B1F2
:1032C000D1B14388C3B90378013B082B14D8DFE898
:1032D00003F00507090B0D0D0F0F1100FFF7CBBC15
:1032E000FFF71BBDFFF769BDFFF79BBEFFF714BEDD
:1032F000FFF764BEDAF75CBB2120704738B50D4696
:1033000039B330B30378013B082B20D8DFE803F052
:10331000050D1013161619191C00FFF7DFFC0446E3
:10332000284604F0A8FE204638BDFFF713FDF6E757
:10333000FFF77EFDF3E7DAF7A7F9F0E7FFF7C9FD3E
:10334000EDE7FFF712FEEAE7DAF73CFBE7E72124B7
:10335000E6E72124E7E770B586B0064601A80C46EB
:103360001546FFF783FC04238DF804301CB1206858
:10337000616802AB03C3294601A88DF80560FFF719
:103380009EFF06B070BD70B586B0044601A80D461C
:103390001646FFF76BFC0323206861688DF8043044
:1033A00002AB8DF8116003C3294601A8FFF787FF20
:1033B00006B070BD0022FFF7E6BF30B585B00D4600
:1033C00069460446FFF79AFF20B92A462146684617
:1033D000FFF7E7FE05B030BD10B5044686B01123F7
:1033E0000622012001A9E9F70DF8A3789DF8142021
:1033F0009A4207D08DF8143006221123002001A92B
:10340000E9F700F811230222012001A9E8F7FAFFE9
:10341000E3789DF814209A4207D08DF814300222E8
:103420001123002001A9E8F7EDFF06B010BD30B56B
:10343000437B044613F001020D468BB007D0407861
:1034400001A9F0F71DFE70B12D200BB030BD9B0718
:10345000FAD5ADF8022001A90DF10202043004F002
:10346000B8FB0028F0D000210E22A81C06F009FCB1
:10347000BDF810302B80039BAB60BDF81230AB81E0
:103480009DF81430237301AB03CB6060A160002072
:10349000DBE770B5437B0446DB070E468AB003D4F6
:1034A0002D2528460AB070BD69464078DAF7F0FA53
:1034B00005460028F4D1DDF81D300E226360DDF8EA
:1034C00021300146A360637BB01C43F002036373A9
:1034D00006F0D7FBBDF80030069A43F004033380B2
:1034E000059BB2607360DCE70B4610B50446102202
:1034F0000021184606F0C5FB2278032A09D0042AC9
:103500000DD0022A11D101462046BDE81040DAF75D
:1035100063BA01462046BDE81040FFF788BF014668
:103520002046BDE81040FFF7B4BF262010BDF8B517
:10353000074608460C4616461D46FFF797FB042330
:103540002370637B314643F0010320466770637349
:10355000FFF7D4FE08B12D20F8BD29462046FFF71D
:10356000C3FF0028F8D0F6E7F8B5054608460C4634
:103570001F461646FFF77AFB0423237025B1082265
:103580002946E01806F063FB637B43F00203637394
:103590004EB9324601212846DAF7C6FAFF28607094
:1035A00007D12D20F8BD31462046FFF7A7FE0028A1
:1035B000F7D1637B43F0010363730DB90020F1E79A
:1035C000002FFBD039462046FFF78EFFF6E7F8B50F
:1035D0000C460746084616461D46FFF747FB0323E1
:1035E0002046394600F8043B082206F030FB637B96
:1035F000314643F0020320466373FFF77FFE08B1B4
:103600002D20F8BD29462046FFF76EFF0028F8D090
:10361000F6E7F8B5074608460C4616461D46FFF77E
:1036200025FB03232370637B314643F001032046CF
:1036300067706373FFF762FE08B12D20F8BD29465D
:103640002046FFF751FF0028F8D0F6E7002070472A
:1036500018B180220121DAF767BAFF20704730B530
:1036600089B00D46FFF7F4FFFF28044612D0192356
:103670000246194601A8FEF718FD2868696801ABE3
:1036800003C319232146184601AAFEF717FD00209F
:1036900009B030BD2D20FBE7002307B51A461946B7
:1036A0000093F2F74BFAB0FA80F0400903B05DF8EE
:1036B00004FB704770470020704770470F20704729
:1036C00070479DF8000070470F2070470F2070472B
:1036D000002070470F20704700207047002070477F
:1036E00084B08DE80F00002004B0704700207047C0
:1036F0007047704700207047704700207047704740
:10370000002070470120704770470020704700B5C7
:103710008FB061B105AB01AA09A9FFF725FF20B958
:103720009DF825000FB05DF804FBFF20FAE70220AA
:10373000F8E710B586B0044601A8FFF797FA04230E
:103740008DF80430012301A88DF805408DF8113063
:10375000FFF75BFD002818BF212006B010BD002335
:1037600010B586B00C461A4601A9FFF7FDFE9DF87C
:103770000500FF2807D0002C0DBF042200220421E1
:103780000021DAF7AFFA06B010BD30B587B00446B5
:1037900001A81546FFF76AFA4FF6047320686168BE
:1037A000ADF8043002AB03C3294601A8FFF787FD3B
:1037B000054630B105212046FFF729FA002007B061
:1037C00030BD9DF80500FF28F8D002222946DAF71F
:1037D00089FA01212046FFF71AFA28462946F2F70E
:1037E0009BFA0120EBE7008870470170090A4170DD
:1037F000704710B50024E3B210B9C3F10303DBB284
:103800000134042CCA544FEA1222F4D110BD10B571
:103810000B784C788A78C97828B910462246044635
:1038200008461946034642EA012043EA042343EAD4
:10383000004010BD10B50446C069FEF7D4FC204618
:10384000BDE810402422002106F01BBA70472DE984
:10385000F84F9846DDE90B490D9B15469A07064639
:103860000F4623D02A460A9B03EB040A1444A242C3
:1038700020D10D9B9B0705D5A2EB050AD14505EB91
:103880000A0420D82046BDE8F88F43463946202058
:10389000B0470AF1010ACA450AEB0B02F5D3A9EBBE
:1038A00004024C4588BF00222A44DCE7A246A5EB6F
:1038B000040BF0E702F1010B434639461AF8010DFB
:1038C000B0475A46D3E74346224639462020B04700
:1038D0000AF1010AD2E72DE9F0479E46DDE90D3CE9
:1038E000DDE90874DDE90B651CF0020F9DF8288006
:1038F0001FD10CF001094BB1B9F1000F06D0B8F19E
:10390000000F02D11CF00C0F00D0013B4FF0300A29
:1039100002E007F804A00134A54201D9202CF8D117
:10392000B9F1000F05D04FF03009A34201D9202C86
:103930001BD11CF0100F15D01CF4806F32D1C4B114
:10394000AC4201D09C422DD1651E12D0102E3FD129
:103950001CF0200FA4F1020456D178263E553026E3
:103960006C1C7E55202C29D00DE007F80490013402
:10397000DBE7102E10D11CF0200F2FD178243C70E3
:1039800030247C700224B8F1000F31D02D253D5534
:10399000013414E06224F2E7022EFBD030243C70A4
:1039A0000124F0E7102E1BD11CF0200F2AD1202C6F
:1039B00004D07826651C3E55202DD0D12024CDE999
:1039C0000A3CCDE908747346BDE8F047FFF73FBFF6
:1039D000022EC4D162247C550135EDE75824CEE790
:1039E000022E03D1202CE9D02546F3E72546E3E754
:1039F0001CF0040F01D02B25C9E71CF0080FDED006
:103A00002025C4E7202CD9D05826651CD3E72DE902
:103A1000F04391B0189D1A9F1D9E2DB926F01004F9
:103A200016F4806F264622D116F0200F14BF4FF0F7
:103A3000410E4FF0610EAC4600250DF12008AEF1AD
:103A40000A0EBCFBF7F907FB19C95FFA89F4B9F153
:103A5000090F94BF30347444E4B2BC4508F8014BFC
:103A600005F10105BCFBF7F401D3202D10D11C9CFE
:103A7000069605941B9CCDE903749DF86440CDE93E
:103A8000015408AC0094FFF726FF11B0BDE8F083A5
:103A9000A446D6E72DE9F04F95B0CDE90A23DDE93C
:103AA0001E76DDE9229B57EA0603CDE90801269C34
:103AB00005D124F0100314F4806F1C4637D114F0A4
:103AC000200F14BF4123612300250DF1300AA3F11B
:103AD0000A0831464A465B463846FDF793F8D2B2AB
:103AE000092A94BF303242444F45D2B276EB0B06DE
:103AF00005F101050AF8012B01D3202D14D1259BD6
:103B000006940593249BDDE90801CDE903939DF814
:103B10008030CDE901530CAB0093DDE90A23FFF7B8
:103B2000DAFE15B0BDE8F08F07460E46D1E7002556
:103B3000E5E708B100F014B8704710B1D1E90031E1
:103B40001847704738B5441E14F8015F25B90A209C
:103B500000F006F8284638BD284600F001F8F3E7E3
:103B600001460020FDF7FABF10B50B46EFF31184B4
:103B70004FF0200181F311881946DAF71FFC84F316
:103B8000118810BDDAF7E4BB4369406CDA1C1438C5
:103B9000B2FBF0F203EBC203CA1D0333B2FBF0F237
:103BA000B3FBF0F30132023301EBC20100FB03105F
:103BB000704738B5446905462146FFF7E5FF6A6C52
:103BC000E31D143AB3FBF2F3013304EBC3042044C6
:103BD00038BD73B506460D460024F36B012201A9DA
:103BE00028195B699847019B013309D10434736C30
:103BF00062195B426A401A42EFD0204602B070BDA3
:103C00000024FAE770B505460C46D1F7D3FEEB6BFE
:103C10002046DB68BDE87040184770B5002586B0C7
:103C200004460562E369AB4202D8206A06B070BD63
:103C3000666C0522206801A9E36B06FB05005B6941
:103C4000984701A800F007FC00F02AFC10B1236A95
:103C5000013323620135E5E738B50446456C006859
:103C600004F1400305FB0101E06B00F026FC054672
:103C70002046FFF7D2FF284638BDF0B5054687B08D
:103C80000026EC69013CB44203D80C46204607B03C
:103C9000F0BD01B14C1E6F6C0522286801A9EB6BC9
:103CA00007FB04005B69984701A800F0D4FB00F013
:103CB000F7FB0028EAD101362146E2E7F0B50446D9
:103CC00087B0466C0D4600680522E36B01A906FB30
:103CD00005005B69984701A800F0BDFB00F0E0FB20
:103CE00020B101A800F08EFB07B0F0BD29462046A8
:103CF000FFF7C3FF676C0646E36B206805225B692C
:103D000001A907FB0600984701A800F07BFB431CB4
:103D1000EAD0B54238BF0130E6E72DE9F043D0F8EC
:103D200024804FF6FF7987B004460E46C84514BF7D
:103D3000454600250027E369BB4202D807B0BDE82D
:103D4000F083E26B01A92368606CD2F814C00522ED
:103D500000FB0530E04701A800F07DFB022806D0FB
:103D6000C8450CD1721C29462046FFF775FF013566
:103D7000E3690137B5FBF3F203FB1255DBE7294694
:103D80002046FFF79BFFB0F1FF3F14BF02463246CB
:103D90000132E8E70368F0B5CC1A436C87B00646F9
:103DA0000025B4FBF3F4F36937685A1E706C954232
:103DB00008D3706C336800FB043007B0BDE8F040F6
:103DC00000F079BB013401A9B4FBF3F203FB124408
:103DD000F36B05225B6900FB0470984701A800F0B3
:103DE0003AFB00F05DFB0028E3D10135DBE710B4BE
:103DF00023F003049B07436C2244C3F100030A44ED
:103E000018BF043282EA0104234203D05DF8044B58
:103E1000FFF7C0BF10465DF8044B70472DE9F04135
:103E2000D0E90A3686B004469E4228D1C3691422DE
:103E3000456802FB1355284606B0BDE8F0812068AE
:103E400001A9676C331AE26BB3FBF7F3D2F8148065
:103E500007FB03000522C04701A800F0FCFA012877
:103E600004D0636C1D44013B3340ED1A31462046BB
:103E7000FFF790FF0646A36AB342E0D1DBE70025D7
:103E8000F9E7F0B5002587B004462E46E369B34252
:103E900002D8284607B0F0BD636C0522276801A947
:103EA00003FB0677E36B38465B69984701A800F08F
:103EB000D2FA00F0F5FA58B1384600F0FCFA0146A3
:103EC0002046FFF786FE636C143B834208BF013532
:103ED0000136DBE708B508301346D1E90012DBF7FD
:103EE000C3FE012008BD13B50C46002121760093C6
:103EF000134661682246DAF7DFFA18B1E37D03B1B1
:103F0000A07EA075A07D02B010BD73B500F10805BC
:103F100016460C460DF107020968284600F098F98C
:103F2000032E06D16368834203D12168284600F03E
:103F300076F9012002B070BDD01E009B4242424182
:103F4000187E824211D11A688A420ED85A688A4273
:103F50000BD35A6901325A61D3E9030282423FBF4F
:103F6000986840F8221001321A6101207047032A34
:103F700010B5029C07D1A26A5340626C52421342B0
:103F800001D100F04CF9012010BD08B5C368002034
:103F90009847BDE80840D1F715BD012870B514BF9A
:103FA00004200220002442431C70CC7D101D02F02E
:103FB00002024CB91AB1012220F003001A7000F17C
:103FC00008034868184470BD1AB1012220F00300AC
:103FD0001A700C7E002301F12005DAB2944201D858
:103FE0000020F0E735F833205E1C824206D901EB51
:103FF000C30300F10802D8691044E4E7801A33468D
:10400000EBE773B590F8426005461C460DF10303DB
:104010003046FFF7C2FFEB6B012E5B690DD13246D4
:1040200001A998479DF8033013B1BDF806300193FC
:10403000BDF80430236002B070BD0122214602B0F9
:10404000BDE870401847F0B50546002487B04868C1
:10405000EB6B27460E4601225B6902A908300294E9
:10406000984795F84230012B40F08480632C02D9A8
:10407000029807B0F0BD612C08D805AB2246314646
:104080002846FFF7BEFF9DF814301BB305AB224650
:10409000314628468DF81070FFF7B3FF95F842308F
:1040A000012B059B55D14FF6FF72934200F096808D
:1040B000082205A904A800F055F9059B9DF81010E9
:1040C000C3F30722914240F08980DBB2029A1A447E
:1040D000029283E095F84230012B30D103AB2246A7
:1040E00031462846FFF78DFF04AB621C3146284657
:1040F000FFF787FF05ABA21C31462846FFF781FF7B
:10410000102208230DF107000DEB02018DF8073096
:1041100000F028F9102205A90DF1070000F022F99E
:10412000039BDAB2002A52D19DF80720B2EB132F7D
:104130004DD1DDE9043203EB0243029347E0302C1A
:104140002BD944E09DF80720B2EB134F3FD1049BDD
:10415000F3E7013342D0102205A90DEB020000F075
:1041600001F9059B9DF81010C3F30742914235D128
:104170009BB2ABE7312C3FF67BAF87D005AB224635
:1041800031462846FFF73DFFBDF81430002B7FF481
:104190007DAF95F84230012BA0D003AB22463146CB
:1041A0002846FFF72EFF04AB621C31462846FFF776
:1041B00028FF102320220DF107000DEB03018DF8DD
:1041C000073000F0CFF8039B9AB2002ABAD095F8D6
:1041D0004230012B14BF012302231C44013440E769
:1041E00013B500240194049C0094DAF7F9FC02B0A2
:1041F00010BD30B5002344684FF0FF329C4202D11D
:104200000023037230BD016801EBC30541F8332080
:1042100001336A60F2E7C0E90012FFF7EABFF0B5C8
:10422000002345689D4210D00468DF0054F8332015
:1042300004EBC306B2F1FF3F08D0C2F31302914270
:1042400004D14FF0FF33E3517360F0BD0133E9E770
:10425000F0B5002345689D4202D14FF0FF300EE0DB
:104260000468DE0054F83340671C09D0C4F3130718
:10427000B94205D1240D1470036833445868F0BD69
:104280000133E8E713B50023044601461B220DF174
:1042900007008DF8073000F065F822689DF80730B8
:1042A000B3EBD26F0CBF0120002002B010BD13B5DC
:1042B00000230446014620220DF107008DF8073047
:1042C00000F050F80DF107001A22211D00F04AF805
:1042D00062689DF80730B3EB926F0CBF012000209D
:1042E00002B010BD0068431C584258417047006836
:1042F00010F07E0F0CBFC0F3C16000207047006853
:10430000C0F3D3107047006800F07F0001288CBF15
:10431000002001207047036813F07E0F14BF0420B3
:1043200008207047036813F07E0F03D1406820F027
:104330007C40704713F078001CBF03F07F03D81F48
:104340007047006800F07F007047032809D00228FA
:1043500003D1C1F10201C8B2704700290CBF072088
:10436000002070471F2A0B689EBF4FF0FF3191401D
:104370008B43590801F055315B1A03F033319B0828
:1043800003F033330B44017803EB13130A444FF06B
:10439000013103F00F334B43A2EB136202707047FD
:1043A00037B501F10C0405464369694601222046F0
:1043B0009847BDF80030012201A901932046AB695E
:1043C000984703B030BD37B501F10C0443690122B1
:1043D0006946054620469847009B4FF6FF7299B202
:1043E00091420DD11B0C012201A920461B0443F46C
:1043F000254343F0A5030193AB69984703B030BD53
:104400000020FBE737B5044600251B22011D0DF1F6
:1044100007008DF80750FFF7A5FF60689DF807209B
:10442000B2EBD06F03D120F0784003B030BD0DF176
:1044300007001B2204F108018DF80750FFF792FFD7
:10444000A0689DF80730B3EBD06F01D1C043EAE715
:104450004FF0FF30E9E703684BF29A22B2EB134FBB
:1044600010B5044613D19BB2012B13D1FFF7CAFF3D
:1044700001300CD0E0684FF6FF72B2EB104F4FEAFC
:10448000104309D180B2C01A18BF012010BD2368A3
:10449000013303D00420F9E70220F7E70320F5E712
:1044A00001288CBF002001207047033801288CBFF1
:1044B000002001207047143070472DE9F041054677
:1044C0009846036908460E4617469847044638B989
:1044D00043463A4631462846DBF7A2FC044618B16B
:1044E00031462846FFF75CFF2046BDE8F081704763
:1044F000431E012B03D9031F584258417047012026
:10450000704700F081BB4FF4C472002105F0B9BBC5
:1045100010B50446002100F077F82046BDE81040B1
:10452000DDF7EEB9DCF758BB10B50C461146DCF7E9
:1045300079FBDDF7F3FC012801D1002010BD002C30
:10454000F7D10420FAE7DCF7B9BD00F063B9DCF776
:10455000BBBD00F06FB970B500232425D0F8C000B2
:10456000C4689C4201D1012070BD826805FB032212
:10457000D6898E4202D8128A8A4201D20133F0E7EC
:104580000020F1E7408B70470A7838B505461046A1
:10459000FFF7AEFF60B14C782046FFF7A9FF38B1B6
:1045A0002243530704D42846BDE83840DCF7ACBDAD
:1045B000012038BD10B504460878FFF799FF58B1BF
:1045C0004A781046FFF794FF30B1042A04D0204601
:1045D000BDE81040DCF7CEBD012010BDDCF7A2BA6B
:1045E000DDF7F2B80846DDF761BEDCF735BC38B55B
:1045F00004460D46DBF754FE28B929462046BDE89F
:104600003840DCF7EBBB38BDDDF762BC70B5164651
:104610000C46FCF780FE314605462046DFF766FD76
:1046200004462846FCF77BFE204670BD00F0ECB83F
:1046300038B5044648880D4600F0E8FAD4F8D4307E
:104640002BB929462046BDE83840DCF7C9BD022019
:1046500038BD00F0DDBA00F004B973B5044600209F
:104660000D4600F0D3FAD4F8D46069462046FFF72F
:10467000F2FF5EB99DF800102A462046D2F7E4F911
:1046800001462046DCF748FE02B070BD00232946F3
:104690001A462046B047F7E7DCF738BADEF7FCBC2D
:1046A00038B505460C46FCF736FE6B6B1C402B6B91
:1046B00023432B63FCF733FE211E18BF012100208A
:1046C000490238BD38B504460D46FCF724FE636B3D
:1046D0001D40236B23EA05052563FCF720FE2846D1
:1046E00038BD006B704710B504460121FFF7EAFFA3
:1046F0002046BDE81040E0F7ADB800F063B900F027
:1047000074B938B504460D464FF48811FFF7DAFF47
:1047100029462046BDE83840DDF784BD0846DEF76F
:10472000A7BD00F0ADBADEF7A9BF0847022A01D83D
:1047300000F0A1B901207047022A01D800F0ACB9FD
:1047400001207047022A01D800F0B8B90120704753
:10475000DDF7D2BC0846DDF7EFBC00F0ECB9002075
:104760007047002070477047836B03F06003402B55
:104770000DD0602B03D0203B58425841704749B1BF
:104780000B68012B06D9486940F00100704740F2E0
:104790000110704700207047F0B514461E460F46C2
:1047A00087B019B90024204607B0F0BD002AF9D01F
:1047B0000028F7D001A9DDF7EFFF0028F2D0BDF8FF
:1047C0000630A2199A42BDF80850C4BF9B1B9CB288
:1047D000B54212D90399AD1BADB23144A542039144
:1047E000ADF808500DD22A46384605F05CFA049917
:1047F000621B781905F057FAD5E70499761B314406
:10480000049122463846F5E70846DFF711BC02203E
:10481000DEF71EBFD0F8C8304BB11A68022A06D99D
:1048200093F8250028B11B6AB3FBF0F07047FFF73F
:104830008ABE7047D0F8C8207AB11368022B0CD911
:10484000536A13F47F4FC3F3072106D0126ADBB219
:1048500053438B42B3FBF1F201D2FFF778BE10460F
:1048600070470346D0F810010860B3F814310020F7
:104870008B80704790F810310C2B14BFC07DFF2047
:10488000704738B50C464FF400610546E1F71AFB56
:1048900070B17CB195F8FE3073B94FF480724FF46B
:1048A00080712846E1F7FAFA003818BF012038BDB8
:1048B0002202F4E72246F2E70020F8E74FF4807185
:1048C000E1F700BB08B54A024FF40071E1F7E6FAE0
:1048D000002008BD08B58A024FF48061E1F7DEFAD6
:1048E000002008BD4FF40071E1F7ECBA70B5064640
:1048F0008D880C46DCF7EEFB727CEB00053A012A52
:1049000098BF033388B1B3F5803F0ED84FF22441EE
:10491000420901FB03230009B3FBF0F322680020E6
:10492000D21A05232260A37170BD0220FCE73F2B41
:10493000084610B5114619D9B3FA83F3C3F1190229
:10494000D2B2062A01D8192B0ED0062A28BF062279
:104950000124931DDBB29C40A4B2A14228BF214692
:10496000DDF710FD204610BD0022F1E70024F9E735
:10497000138808463F2B10B516D9B3FA83F3C3F159
:104980001901C9B2062901D8192B0BD0062928BF55
:10499000062101238C1DE4B2A3401380DDF712FD34
:1049A000002010BD0021F4E70120FAE710B51446FD
:1049B00008460121DFF7D4F92046BDE81040012167
:1049C000DFF7CEB938B50D46DDF7A8FA0128044661
:1049D00009D12846D1F74AFC054610B9D1F7A8FC01
:1049E0002C46204638BD0224FBE7D1F777BCF8B54A
:1049F00004460E461746FCF78EFC3A4605463146FD
:104A0000204600F0D7F904462846FCF788FC2046EB
:104A1000F8BD0220704703207047DEF711BE10B5C5
:104A2000DDF79CF8044608B9E0F7E4FB204610BD2A
:104A3000704770B505460E46144600F0ECF8314656
:104A40002846DBF767FC00F0E6F8230704D50B2CBB
:104A50009CBF24F00804A4B221462846DCF7DCF809
:104A600000224FF400312846E1F718FA002070BD0B
:104A70008021E1F727BA7FB5531C05AAADF81410C1
:104A8000029202210022DBB2CDE900211146E1F7BA
:104A900023FA07B05DF804FB7FB5531C05AAADF8F7
:104AA0001410029204210222DBB2CDE9002100227F
:104AB0000121E1F711FA07B05DF804FB1FB5531CA3
:104AC000029100220821CDE900210122DBB211462A
:104AD000E1F702FA05B05DF804FB07B591F828305C
:104AE000009391F82B3091F8292091F82A10DDF7E6
:104AF000C9FA03B05DF804FB38B50546DCF786F863
:104B000004462846DCF760F8072811D1D5F8C430F0
:104B100024F47F41DB6921F0080103B15B7841EAAD
:104B2000032141F020012846BDE83840DCF774B885
:104B300024F02001F7E7081E18BF0120704738B5A0
:104B4000054610460C46DDF725FBD5B1D5F8C43037
:104B5000BBB15B69ABB1421ED2B2FD2A13D90A6860
:104B6000013204BF6FF001020A600A68FF281A6070
:104B700007D16268013202D16FF00102626062689F
:104B80005A60002038BD0128F2E72DE9F74F0125D2
:104B90001C469DF83030064601930368174603F023
:104BA000070306339D4005F1FF380B46A1B141686C
:104BB00004EA080BA5EB0B0A41F00059524509EB3A
:104BC0000B0114D95246184605F06DF849467A1B78
:104BD0005A44504405F067F8019B2BB13C4448EA25
:104BE000050804EA0804F46003B0BDE8F08F184635
:104BF000F0E737B5002514460095FFF7C6FF2046BD
:104C000003B030BDDDF73AB900207047002070478F
:104C1000002070477047704730B54900044605686A
:104C200012B102291FD90339C90395B9E1B1B1FA0B
:104C300081F3C3F12003C3F10F00012838BF012025
:104C400003F01F03D940A94201D901384908216066
:104C500030BDB5FA85F339B1B1FA81F29B1A002B58
:104C6000E9DC0F20EFE700210F20F0E7012805D94C
:104C7000023818BF4FF0FF30C0B2704701207047B4
:104C800008B5DEF74FFEBDE80840DEF773BE38B565
:104C90000446FFF7F5FF0546FFF7F2FF431BA3426B
:104CA000FAD338BD38B50D460446DEF73BFE35B1C4
:104CB000844200D90139204601F0030138BD844205
:104CC00038BF0131F7E708B50121FFF7EBFFBDE879
:104CD0000840DEF74FBE0B0CB3F5384FF7B506466C
:104CE0000D468FB216D04BF60102934214D04BF60C
:104CF0000202934212D0B3F5304F14BF04240324B0
:104D0000D6F8C4300BB1196851B9D6F8C0309BB988
:104D100028680FE00024F3E70124F1E70224EFE71D
:104D2000234668463A46DEF769FE9DF8043000984F
:104D3000002BEAD103B0F0BD19680029E8D0234662
:104D400068463A46DEF75AFE9DF804300098002B7C
:104D5000DED1EFE7D0F7F4B800F03003202B10B528
:104D600013D110F4E02FC0F302440AD0C0F3C423DF
:104D7000B3FBF4F410F4C01F18BF6400052C0ED868
:104D80006408DFF7C5F8604310BD6FF01204C0F38C
:104D900082131C4104F00104C4F10204F1E704246D
:104DA000EFE74FF0384359699A6903F500530A4019
:104DB0005A617047F7B505460F4668461146DFF75A
:104DC00021FA064698B197B1DDE900311B0A43EAA2
:104DD0000163A5FB0343090A05FB0135FFF7BAFF91
:104DE0000023024629462046FBF70CFF3860304678
:104DF00003B0F0BD03207047E0F7EABBE0F7E8BB83
:104E0000E0F7E6BBE0F7E4BBE0F7E2BB00228A4252
:104E100002D14FF0FF30704750F8223093FAA3F3DD
:104E20000BB90132F3E7B3FA83F000EB421070479D
:104E30000220704700207047012070470020704713
:104E4000002070470120704700207047DDF766B8EA
:104E5000084611460122FFF767BB70B505460C46B0
:104E600011461A46E1F774F806682B462046B44608
:104E7000BDE87040604710B5E1F76AF8BDE8104042
:104E800083681847FFF7CBBDDCF76CBFFFF7AFBBFC
:104E9000DFF766B84942FFF7FBBF70B504460D4621
:104EA00016464FF48811FFF70DFC3246294620467E
:104EB000BDE87040DDF78EB973B50D7806460C4637
:104EC00035B304238DF804302379304601A98DF8D9
:104ED0000530FFF76FFB0546B8B92278A37952BBBE
:104EE0008DF80430E379304601A98DF80530FFF7DD
:104EF0004BFB054648B923783BB161883046DCF767
:104F00003DFB01213046FFF7BCFC284602B070BDD6
:104F10002946FFF7B6FC29463046FFF7D3FC294661
:104F20003046FFF7D7FC2378002BCAD123798DF8C0
:104F300004306379C9E702228DF80420D3E7FFF734
:104F4000C1BCFFF7CFBCFFF7F2BCFFF711BD0846AD
:104F50001146DDF721BCC0F8D01000207047DCF707
:104F600045BB70B5144605460E4686B01222002198
:104F70000DF1060004F085FE23686946284600937B
:104F8000ADF80460FFF7B2FC009B236006B070BD73
:104F9000084611461A46BDF80030FFF7FDBB002059
:104FA00070472DE9F0410E46A2B0144602A98022B6
:104FB000E1F72CF8D6B30025013E16F8013FABB35C
:104FC000A3F13002092A07D805EB850503EB450359
:104FD000303B03F0FF05F0E7622B4AD017D8462B91
:104FE0003CD006D8422B2ED0442B24D08DF8043050
:104FF0002FE0572BFAD154F8042B012001A9FEF71A
:10500000F8FB022201A90020E1F72AF8D5E76C2B72
:1050100021D0702B01D0662BE8D154F8041B2A460E
:105020000020E1F71DF805460028C6D0E1F706F894
:1050300022B0BDE8F08154F8042B012001A9FEF74D
:10504000D8FB0422DEE7012054F8042B01A9FEF767
:10505000D0FB0122D6E714F8045BAEE7002554F834
:10506000041B4B5D0BB9EDB2D9E70135FF2DF8D12B
:10507000D5E734F8048BB8F1000F9ED04046E6F730
:1050800045FE07464046E6F75DFE3946C2B20020BF
:10509000E0F7E6FF002890D0C8E70EB403B503AAF6
:1050A00052F8041B0192FFF77CFF02B05DF804EB9D
:1050B00003B07047E0F7D4BF0EB403B503AA52F8AB
:1050C000041B0192FFF76DFF02B05DF804EB03B023
:1050D00070472DE9F04F97B09DF89C50299E0A9596
:1050E0009DF8A0509DF89470CDE908560A9E9DF851
:1050F00080B00796269E9DF884A0CDE905769DF8A0
:1051000088909DF88C80249ECDE901A9CDE9038685
:10511000CDF800B01C46CDE90B010D92FDF74FFA1A
:10512000002842D1C5210EA8FEF75FFB0B9B8DF82E
:105130003A300C9B8DF83B300D9B8DF83C30237A38
:105140008DF83D30A3BB012022680DF13E01FEF732
:1051500050FB012022680DF14201FEF74AFB637A01
:105160000120249A0DF14B018DF846308DF847B09F
:105170008DF848A08DF849908DF84A80FEF739FBEC
:105180000120269A14A98DF84F70FEF732FB0A9B76
:105190001E218DF854300023299ACDE900330EA842
:1051A0002B468DF85550E4F7D9FA17B0BDE8F08FCB
:1051B000022B01BF2368CDF83E306368CDF8423042
:1051C000CDE737B505460C46FDF7FBF978B9C721A1
:1051D0006846FEF70AFB01200DF102012A46FEF7A0
:1051E00008FB072168468DF8064000F0F2FD03B089
:1051F00030BD2DE9F34106460F4615460AB90DF1BB
:10520000070501213046E6F70BFE20B130460121AB
:10521000E6F706FE064600213046297001F004FB41
:1052200010F0400F2B7802D1B0F5804F0CD2042F34
:1052300014D10333D9B2297010F4406F00F0F2801A
:10524000304601F0F1FA17E00124991CC9B2012F90
:10525000297005D13046E6F77DFF0DE00024F4E724
:10526000D91CC9B2022F297000F44062E4D032B9CF
:10527000032F12D14FF0FF3002B0BDE8F081591D6D
:10528000C9B2032F297003D1B2F5006FD8D0F1E76E
:10529000B2F5006F05D107332B70042F06D12978A2
:1052A000CEE7B2F5406FF8D10D33F5E714B12B78A6
:1052B00002332B70052F00F4404003D1B0F5004FAE
:1052C000D8D1ECE7B0F5004F2B7810D102332B701A
:1052D0000D2F2C7810D030462978E6F73BFF0306D7
:1052E00011D4062F804615D02978013119E0B0F588
:1052F000404FEDD10833EAE73046E6F723FD84421C
:10530000E9DB0020B8E73046297801F08DFA062F56
:10531000804601D14046AFE710F0800F2978E4D0F5
:105320000231C9B20D2F297022D13046E6F70AFDAD
:105330002B788342E5D208F03C020C2AE1D140F2FE
:10534000037218EA020F2FD104332B7008F4E063C4
:10535000B3F5007F08BF2B7808F4805804BF0133F1
:105360002B70092F2BD1B8F1000F83D0297807E0DB
:1053700040F20373072F08EA030307D1002BC0D1C3
:10538000304602B0BDE8F04101F06CBA13B92B7899
:1053900004332B70082FD9D108F4E060B0F5007FFA
:1053A0007FF468AF297855E708F4E062B2F5007F32
:1053B00008F4805804BF01332B701FFA88F8B8F145
:1053C000000F02D02B7804332B700A2FEAD00D2F58
:1053D0000DD13046E6F7B6FC2C78A04291D90134C5
:1053E000E4B22C70B8F1000F13D1012044E72B7800
:1053F0000B2F03F101032B703FF43CAFB8F1000F0A
:105400003FF438AF3046E6F79DFC011FC9B2297062
:10541000B6E73046E6F796FC03348442ACBF002082
:10542000012029E7FF232B7024E700280CBF8121EE
:10543000012100B5137A8FB0022B8DF8041020D112
:105440000C238DF80530FF238DF807308DF80830D8
:10545000136805A9CDF809305368CDF80D308C23B9
:105460008DF8113082238DF81230537A8DF8133075
:1054700001A8091A002289B201F067F80FB05DF89F
:1054800004FB08218DF80510EBB91368FF228DF895
:10549000072023B96FF0724303A90293E8E76FF086
:1054A000E642029280228DF80C201A0A8DF80D3007
:1054B0008DF80E201A0C1B0E8DF80F208DF8103071
:1054C0000DF11101D4E70DF10701D1E7024600B556
:1054D00089B05168006804AB03C390680DF10A02FB
:1054E0001860002303A81946E0F74AFEA0B1E6F7CA
:1054F0000DFC0022BDF80A10143001F026F840B16E
:10550000009000219DF81C309DF80D0004AAE0F7E2
:1055100071FF03A8E0F78EFE09B05DF804FB70B5DB
:1055200006460D461068516886B002AC03C4906808
:105530002060CEB101228DF814309DF830308DF806
:1055400004208DF81530BDF834309DF828200B99D3
:1055500001A88DF80550ADF81630E0F7ABFEB0FAB3
:1055600080F0400906B070BD01A8E0F763FE80F04E
:105570000100C0B2F6E738B5037A05460C463BB9E0
:105580000A7AEAB900680B68C31A5842584138BD14
:10559000022B15D10B7A022B12D1082204F047FB03
:1055A00070B96B7A607A83420CD0013BDBB2FD2B81
:1055B00008D80138C0B2FD2894BF00200120E6E7DA
:1055C0000020E4E70120E2E7036898B218B14FF643
:1055D000F8729A4312D1B0EB134F80EA134205D010
:1055E0004FF6F87022F00701814204D19BB223B13B
:1055F000083A90B27047104670470720704738B598
:1056000005460C46E2F72CFA90B96CB1FDF76FFA3B
:10561000214660732846F2F70DFB044610B9284670
:10562000E2F746FA204638BD2846F2F7DBFAF4E7FF
:1056300040F60444F6E7FFF7E2BF0021FFF7DFBFC3
:1056400070B50E4605461146049C1A4666B102F036
:1056500041FA064635B12CB1A5421FBF0FCD0FC48C
:105660002B682360304670BD02F0CCF9F1E70023CF
:1056700013B5ADF806300378044603BB022202746A
:10568000027A102A09D03B2A1BD00A2A0FD1436084
:105690000DF10600F1F75EFA07E001A8EEF79CFFB6
:1056A000BDF804306060ADF8063001232370237824
:1056B0002BB1BDF8061004F11100FEF796F802B008
:1056C00010BD4360D7F726FEADF80600EDE737B50D
:1056D00005780446ADB9037A102B14D100F11101FD
:1056E0000120FEF794F8054604F11500FEF77BF85B
:1056F00001A9ADF804002846EEF73EFF01236060E3
:10570000237003B030BD3B2BFBD11130FEF76BF89B
:10571000D7F706FE012365602370F2E713B5044650
:105720006E2101A8FEF761F8032101A88DF806405B
:1057300000F04FFB02B010BD30B504460D4685B0F9
:1057400001A89B21FEF751F823680B21CDF8063004
:10575000636801A8CDF80A308DF80E5000F039FBCF
:1057600005B030BD10B586B00A9C00920494099C27
:105770004FF6FF7203949DF82040CDE901340023D9
:10578000E2F7A8FB06B010BD70B404469DF81050B7
:105790009DF814609DF80C00CDE904560393134660
:1057A000224670BCE2F796BB70B404469DF81050D8
:1057B0009DF814600846CDE9045611461A469DF836
:1057C0000C30039470BCE2F785BB10B40446084665
:1057D00021465DF8044BE8F761B9E8F7E9BCE8F762
:1057E000F3BCF9F787B8F8F7D1BFF8F7C9BF2DE9CF
:1057F000F843089C0D4690460999224607461E46E6
:10580000DDF82890F2F788FB2046F2F74FFCB0FA5B
:1058100080F4640942462946384689F80040F2F788
:1058200069FC28B931462846BDE8F843F2F7AEBC1A
:10583000BDE8F88338B505460C46D7F717FDA842F2
:105840000CD9D7F70FFD30F8252000EB8503002099
:1058500022809A78A270DB78E37038BD0220FCE7E2
:1058600038B504460D46D7F701FDA0420BD9D7F74E
:10587000F9FC2A8800EB840320F824200020AA7871
:10588000D8709A7038BD0220FCE7E6F70FBF38B534
:105890000C460546E6F774FE08220146284604F049
:1058A000D6F9E6F767FE2080BDE83840E6F76CBE23
:1058B000E9F7D4BDF6F79ABBF8F766BD70B5A2B0AC
:1058C0000E4601A9054601F0BDF8044620B932464E
:1058D000284601A900F007FD204622B070BD0378DC
:1058E00013B50446B3B9012243600270007A9042B6
:1058F00012D002281CD008BB217B0DF1060200F05B
:105900008BF90223BDF806106060237404F11100C6
:10591000FDF76BFF02B010BD03230DF106002374E9
:10592000EBF7E6FEBDF80610607404F11200EFE735
:10593000A0892274F8F7F0FF6074EBE72370E9E7C1
:1059400070B506460C46054636F8021B2046FDF7A4
:105950004CFF31460822A01C04F079F9AB7A04F11F
:105960000E01A372EB7A0120E3722B7B23736B7B16
:1059700063732A69BDE87040FDF73BBFF0B504468C
:10598000274615460E4687B001A81B21FDF72DFFBF
:10599000A37837F8041B0DF107008DF80630FDF7EA
:1059A00024FF63681221CDF809307B6801A8CDF887
:1059B0000D30E3788DF814608DF81130A3898DF8DF
:1059C0001550ADF8123000F004FA07B0F0BD37B54D
:1059D0000C4605461C216846FDF707FF22460DF1DF
:1059E000030101208DF80250FDF703FF07216846EF
:1059F00000F0EFF903B030BD30B504460D468BB072
:105A0000FDF779F8FDF775F805A92046F5F76EF969
:105A100001A82321FDF7E9FEBDF81E1002A88DF8AC
:105A200006408DF80750FDF7E0FE05AB03CB9DF86F
:105A30001C30CDF80A00CDF80E1001A80F218DF80A
:105A4000123000F0C6F90BB030BD13B504467C210E
:105A500001A8FDF7CAFE21460DF10600FDF7C5FEBF
:105A600004210DEB010000F0B4F902B010BD37B510
:105A700005460C4668468021FDF7B7FE2A460DF123
:105A800002010120FDF7B5FE21460DF10600FDF7EC
:105A9000ACFE0821684600F09CF903B030BD37B574
:105AA0000C460546C4216846FDF79FFE21460DF1D0
:105AB00003008DF80250FDF798FE0521684600F0BE
:105AC00088F903B030BDF0B5154607460E4689B0DB
:105AD00002A846211C46FDF788FE284603A98DF83A
:105AE0000A708DF80B60FFF72BFF00231721CDE91B
:105AF00000330E9A234602A88DF81E40E3F72EFECF
:105B000009B0F0BD7FB5164605460C4602A898219F
:105B1000FDF76BFE32460DF10A010120FDF769FE2B
:105B200000232246CDE9003306212B4602A8E3F7E5
:105B300015FE04B070BDF0B505460F468BB002A847
:105B4000922114461E46FDF750FE2B683846CDF8CC
:105B50000A306B680DF11201CDF80E30FFF7F0FE40
:105B600000233246CDE900331D21234602A88DF8DB
:105B70002440E3F7F3FD0BB0F0BD7FB506460C46BD
:105B800002A893211546FDF730FE32460DF10A01B9
:105B90000120FDF72EFE00232A46CDE90033072120
:105BA000234602A88DF80E40E3F7D8FD04B070BD7F
:105BB000ECF750BB70B49DF80C409DF810509DF868
:105BC00014600394CDE9045670BCF8F73DBC38B5B9
:105BD00005460C46FCF78FFF2B46024601210020AC
:105BE000E2F764FD28B921462846BDE83840FCF7B5
:105BF000ACBCE6F78BF805460130FDF7F4FD2080DC
:105C0000E81CFDF7F0FD60806B7901202371AB7912
:105C10006371EB79A37138BD0B46002170B5064660
:105C200014460846FF22E2F741FD054680B1E6F73B
:105C300089F8411EC9B22846E6F77AFA2EB12388C0
:105C400003F007030370002070BD03782380FAE798
:105C50003620F9E7F8B507460E461546FCF74BFF28
:105C60003B46024601210020E2F720FD044630B900
:105C70002A4631463846BDE8F840FCF768BCE6F7EE
:105C800045F8012E14BF08218179204602BF490042
:105C90000831C9B201EB450101F0FE01BDE8F84051
:105CA00000F0C2BD2DE9F743884669460746154610
:105CB000FFF78DFF044620B90024204603B0BDE85D
:105CC000F0830026012D0CBF9DF806909DF80590ED
:105CD000F2B29145F0D929463846FFF7BBFF40455F
:105CE00006F10106F4D1E8E738B5002204460D4676
:105CF000FFF7D8FF30B929462046BDE838400122D9
:105D0000FFF7D0BF38BD0020E2F778BD0120E2F7F1
:105D100075BD0220E2F772BD0320E2F76FBD08B542
:105D20000020FCF729FCBDE80840D7F72FB81FB5C5
:105D300001238DF80430002301A8CDE90233CFF709
:105D400063F90298C0F30343C0F303621B0243EA02
:105D50000233C0B2184305B05DF804FB0020704761
:105D6000704710B4044669B1022A07D0032A07D04D
:105D7000012A07D15DF8044BE6F72EBA0902F9E7CC
:105D80000904F7E720465DF8044BE6F7C1BA0020A6
:105D9000E3F7C0BC0120E3F7BDBC70B506460C4676
:105DA000154600F009FE70B13046E6F701FAB0F58D
:105DB000803F09D3B0F1807F4FEA102306D303233D
:105DC000000C2B70208070BD0123FAE718460223D7
:105DD000F7E7002307B51A46CDE90033E3F7BEFC29
:105DE00003B05DF804FB37B505460C4601A8482111
:105DF000FDF7FBFC04210DEB01008DF806508DF83A
:105E00000740FFF7E6FF03B030BD37B505460C4647
:105E10006846D221FDF7E9FC29460DF10200FDF7A5
:105E2000E4FC052168468DF80440FFF7D2FF03B07B
:105E300030BD13B50446F22101A8FDF7D6FC0321BD
:105E400001A88DF80640FFF7C4FF02B010BD10B5E1
:105E50000446C0B2E3F73EFD200ABDE81040E3F778
:105E600039BD10B5E3F718FD0446E3F715FD04EB63
:105E7000002080B210BD10B5044680B2FFF7E7FFE6
:105E8000200CBDE81040FFF7E2BF10B5FFF7E9FFB7
:105E90000446FFF7E6FF04EB004010BD38B500F103
:105EA0000C0400F1240514F80C0CE3F713FD14F8AE
:105EB0000C3C013B012B0CD934F8020CFFF7C7FF57
:105EC0000820A4F10A01E3F715FD0C34AC42EAD135
:105ED00038BD34F8080CFFF7BAFF34F80A0CFFF7A6
:105EE000B6FF34F8080CFFF7B2FF34F80A0CFFF7DE
:105EF000AEFF34F8080CFFF7AAFFE6E7014610B53D
:105F000004460820E3F7D0FCFFF7ABFF2081E3F75E
:105F1000C3FCA072E3F7C0FCE072E3F7BDFC2073A2
:105F2000FFF79FFFE081E3F7B7FC2074FFF7ADFFB9
:105F3000606110BD10B50446FFF793FF2080FFF7A6
:105F400090FF6080E3F7A8FC2071E3F7A5FC607187
:105F5000FFF787FFE080FFF784FF2081E3F79CFCD9
:105F6000A07210BD10B504460088FFF770FFA0783E
:105F7000BDE81040E3F7AEBC10B50446FFF771FF73
:105F80002080E3F789FCA07010BD10B504460078AE
:105F9000E3F7A0FC6088BDE81040FFF758BF01465A
:105FA00010B504460820E3F77FFCE3F775FC207288
:105FB000FFF757FF6081E3F76FFC2073E3F76CFC9A
:105FC0006073E3F769FCA073FFF75FFF206110BD0A
:105FD00010B50446E3F760FCA070FFF742FF2146CE
:105FE00021F8040B0820E3F75FFCE3F755FC0038C9
:105FF00018BF0120E070E3F74FFC2073E3F74CFC7F
:10600000607310BD10B5044601461020E3F772FC22
:106010002069BDE81040FFF72EBF014610B50446C9
:106020001020E3F741FCFFF730FF206110BD10B5F1
:106030000446FFF716FF208010BD10B50446FFF799
:1060400024FF2060FFF721FF6060FFF70AFF208137
:1060500010BD10B50446FFF7BBFF04F11000FFF7B9
:10606000ECFF04F11C010820E3F71EFCFFF7F9FE2A
:10607000A084FFF7F6FEE084E3F70EFC84F8280026
:10608000E3F70AFC84F82900E3F706FC84F82A0009
:10609000E3F702FC84F82B0010BD10B5044600683D
:1060A000FFF7E9FEA088FFF7D2FEE088FFF7CFFEFA
:1060B0002089FFF7CCFE6089FFF7C9FEA089FFF7B2
:1060C000C6FEA07BBDE81040E3F704BC10B5044653
:1060D000FFF7DBFE2060FFF7C4FEA080FFF7C1FEE4
:1060E000E080FFF7BEFE2081FFF7BBFE6081FFF777
:1060F000B8FEA081E3F7D0FBA07310BD10B5044635
:106100000068FFF7B8FE2079E3F7E4FB611D10207B
:10611000E3F7F0FB04F115011020BDE81040E3F7B0
:10612000E9BB10B50446007AE3F7D4FB237A53B9F0
:106130002068FFF7A0FE2068FFF79DFE607ABDE8AB
:106140001040E3F7C7BB022BF8D121460820E3F744
:10615000D1FBF3E710B50446E3F79EFB207248B984
:10616000FFF793FE2060FFF790FE2060E3F794FBBB
:10617000607210BD0228F9D121460820E3F794FB94
:10618000F4E738B5841C00F11A05E3F785FB04F841
:10619000020C013801280AD9FFF763FE214620814D
:1061A0000820E3F781FB0C34AC42EED138BDFFF799
:1061B00058FE6080FFF755FE2080FFF752FEFFF784
:1061C00050FEFFF74EFEEEE710B504460078E3F709
:1061D00081FB6068FFF74FFE04F10800FFF7A1FFA5
:1061E000A08AFFF734FEA07DE3F774FBA069FFF7F8
:1061F00042FE04F11C011020E3F77CFB04F12C00AB
:10620000FFF74CFE94F84400E3F764FB94F8450074
:10621000BDE81040E3F75EBB10B50446E3F73CFB76
:106220002070FFF71EFE6080201DFFF793FFE3F74D
:1062300033FB207404F11200FFF7A3FFFFF711FEF8
:106240006085E3F729FB84F82C00E3F725FB84F84D
:106250002D00FFF71AFE04F1340120631020BDE881
:106260001040E3F721BB10B504460078E3F732FB9A
:106270006088FFF7ECFD201DFFF753FF207CE3F75C
:1062800029FB04F11200FFF709FE608DFFF7DFFD27
:1062900094F82C00E3F71EFB94F82D00E3F71AFBAB
:1062A000206BFFF7E8FD04F134011020BDE8104039
:1062B000E3F720BB10B504460088FFF7C8FD6088EF
:1062C000FFF7C5FDA088BDE81040FFF7C0BD10B5C1
:1062D0000446FFF7C6FD2080FFF7C3FD6080FFF78F
:1062E000C0FDA08010BD002310B502F8010BDCB288
:1062F000A04202F1040201F1040100D810BD31F8FE
:10630000044C013302F8044C31F8044C240A02F81E
:10631000034C31F8024C02F8024C31F8024C240ACA
:1063200002F8014CE3E710B504460078E3F7D2FA2F
:106330006078E3F7CFFA6088FFF789FD211D082018
:10634000E3F7D8FA207BE3F7C5FA607BE3F7C2FAFC
:106350002069BDE81040FFF78EBD10B50446E3F795
:106360009BFA2070E3F798FA6070FFF77AFD211D21
:1063700060800820E3F798FAE3F78EFA2073E3F7DA
:106380008BFA6073FFF781FD206110BD10B50446E4
:106390000088FFF75CFD6068FFF76DFDA068FFF700
:1063A0006AFDA089BDE81040FFF751BD10B5044655
:1063B000E3F7A2FB21460020E4F772FEBDE810409F
:1063C000002000F06CB8704708B5E5F7EDFD80F0EF
:1063D0000100C0B208BD08B5E5F7D6FD0028FBD125
:1063E00008BDFEF79EB970470020704770B514468F
:1063F00081F0010519B90D2A07D1FF2018E00D2AF7
:1064000003D100780538C0B212E00844FDF7EBF97B
:10641000C5F1040110F440660246C9B209D1042C4A
:10642000084605D0052C16D112F0400F18BF0846BB
:1064300070BDC5F10603042CD8B2F9D0B6F5006FD3
:1064400003D1C5F10805E8B2ECE7B6F5406FE9D134
:10645000C5F10E05F7E712F4404107D1062CE7D04D
:10646000072CE5D0082C13D10130CCE755065CBFD2
:10647000831CD8B2062CDBD0B1F5004F02D1831CAF
:10648000D8B2EDE7B1F5404FEAD100F10803F7E7E4
:10649000130744BF0530C0B20C2CC9D9ADE70020AA
:1064A000E4F714BD70B51D469DF810300C46002B66
:1064B00010460A4614BF08218821059E02F0DEFD21
:1064C000024640B100202B462146CDE90460BDE8DC
:1064D0007040E4F797BD012070BD08B5E4F7B2FF46
:1064E000002008BD4088C0F30C0003308008400045
:1064F0000430704708B520B1E5F71CFA00F0010040
:1065000008BD0120FAE708B5E5F75AF9BDE80840EB
:10651000FFF7F0BFF8B506460D460A2000211746E2
:10652000E5F7BAFC0446E5F74BF960B1038807814B
:106530006FEA43436FEA5343C0F80A600380C0F830
:106540000E502046F8BD0446FBE770B50E460546E2
:1065500011463046E5F7A0FC044635B128B1E5F711
:10656000D5FB3246294603F072FB204670BD0088F9
:10657000B0FA80F040097047008810B1C9B2E5F761
:106580004FBC70472DE9F041B0F8008006460C463C
:10659000D5B2B8F1000F11D029464046E5F740FCCE
:1065A0002246074629464046E5F74EFC3A4629462C
:1065B0002046E5F749FC3480BDE8F0810F46F5E759
:1065C00038B5058800220446FFF7DCFF05B12580B9
:1065D00038BDF8B507460D46008800211646E5F798
:1065E0001FFCB042044605D129463846BDE8F840B4
:1065F000FFF7E6BF00212046E5F712FCB04205D0C8
:1066000020460021E5F70CFC0446F3E72A46204625
:106610000021E5F719FC32462846BDE8F840002184
:10662000E5F712BC03461B8808468B4202D00021C6
:10663000E5F7F6BB0020704738B5044638B10021B5
:10664000FFF79AFF002301465D1C09B998B238BDD7
:106650002046FFF7E7FF2B460146F5E7F8B505882A
:1066600007467DB1CCB221462846E5F7D9FB8542E5
:10667000064609D100233B80002221463046E5F73B
:10668000E3FB35462846F8BD2146E5F7C9FB214620
:1066900002462846E5F7D8FBEEE72DE9F0470788E4
:1066A0008246884614465FB33846E5F74BFB3D46C5
:1066B0000646E4B221462846E5F7B2FB404581464E
:1066C00016D12146E5F7ACFB214602462846E5F700
:1066D000BBFB474504D1454508BF0025AAF800503B
:1066E000002221464046E5F7AFFB3046BDE8F08783
:1066F0008742FAD0E5F726FB30444D4686B2D9E70B
:106700003E46F2E72DE9F04780460F460646002454
:1067100002F1FF39BC4202D219F8015F25B9A6EB9C
:106720000800C0B2BDE8F0879A46A5F13102012AFF
:106730005AF8041B10D83246322D02F8011B06D13C
:106740000134E4B2A74232D30912B21C7170013491
:1067500053461646E4B2DDE7342D0CD10334BC4277
:10676000DDDA0B0A317073700B0C090EB370321D39
:10677000F170E4B2EBE7A5F13302062A0DD8303D03
:10678000EDB22B19BB42CADA2A463046013C03F06F
:106790005EFA55FA84F47219EBE7A5F14102062A74
:1067A00001D8373DECE71D7903F1080AE9E7164601
:1067B000B5E770B5054600880C46E5F7C3FA844294
:1067C00028880AD9E5F7BEFA0023221A1946284676
:1067D000BDE87040D2B2E5F7EFBB2146E5F7CEFA4F
:1067E000002070BD38B50546E5F790FA0446284606
:1067F000E5F7A8FA002201462046BDE83840FFF739
:10680000A4BEF8B516460C461D46BDF81870E5F74F
:106810007DFA04443046E5F779FA3A4641192046B4
:10682000BDE8F84003F013BA70B50C460131C9B2A7
:106830000646E5F78FFC214605463046E5F78AFC1B
:1068400000EB052080B270BD1FB50123ADF80C2010
:1068500000930A460223014603A8E5F73FFC05B072
:106860005DF804FB2DE9F0410C460131C9B2064642
:10687000E5F770FC214607463046E5F76BFCE11C66
:106880000546C9B23046E5F765FCA11C8046C9B291
:106890003046E5F75FFC05EB072500EB082005EB2C
:1068A0000040BDE8F0810FB437B5069D0021A8B2C5
:1068B000E5F7F2FA0446E5F729FA2CB1002207AB16
:1068C0000193D1B28D4205D8204603B0BDE83040D7
:1068D00004B0704753F8041B81540132F1E7F7B557
:1068E00004460E46402000211746E5F7D5FAADF8DC
:1068F0000600E5F70BFA0546BDF8060068B13B4611
:10690000324640212819FFF7FDFE2118C9B20DF1CA
:106910000600FFF74EFFBDF8060003B0F0BD10B44F
:106920001446091B1A462044019BC9B25DF8044B6A
:10693000FFF7E8BE08B410B585B007AC54F8043BC7
:1069400000940394FFF7EBFF05B0BDE8104001B0E1
:1069500070470EB403B503AA52F8041B0192FFF767
:10696000BEFF02B05DF804EB03B0704700220123C4
:10697000C0E900237047F8B5044601270026FAF75E
:10698000D5FC23683BB9FAF7D7FC00226368012BDA
:106990000ED16360F8BD1D691F612660FAF7CCFC5B
:1069A000012DF2D02B462D691E61012DFAD1E6E7AB
:1069B00019691A610B46EAE70069003818BF01201F
:1069C0007047036823B94068012803D0E5F7F0BB9E
:1069D000002070474FF0FF307047F8B50546FBF7D1
:1069E000FAFA012306460027A8602B73FAF79EFCEB
:1069F0002B6802467BB11C692169A1420CBF2F6044
:106A0000196127611046FAF797FC012C08D020463F
:106A100063689847EAE76C68012C04D1FAF78CFCAC
:106A200000232B73F8BD6169711AB1F1004FF5D8DD
:106A3000216969602361E5E7022070470220704701
:106A400002207047022070477047022070470220E2
:106A500070470220704702207047002070470144B1
:106A6000884201D10120704710F8013B9342F7D0D2
:106A7000002070470821FCF77AB870B50146064639
:106A800092B00020E3F760FE044670B9FCF72FF8DF
:106A9000054601466A462046E4F70EFA6A4629464C
:106AA00020468DF80260E4F71BFD204612B070BD51
:106AB00000B593B0FCF71BF86A4601460020E4F7E6
:106AC000FBF99DF9020013B05DF804FB00B593B02B
:106AD000FCF70DF86A4601460020E4F7EDF99DF851
:106AE000000013B05DF804FBE4F7A0B90120704783
:106AF0000020704707B56846E3F7C4FD9DF8030022
:106B000003B05DF804FBF8B506460D46E5F750FE08
:106B10000328044621D02846E5F74AFE0328074605
:106B20001BD010F0020318D1A0070DD5F90716D419
:106B300001233C43E20704D431892A89914218BFDA
:106B4000002303F00100F8BD08222946304603F077
:106B50006EF8B0FA80F35B09EBE70020F3E7184624
:106B6000F1E770B50D4600210646FFF705FD044626
:106B700030B1E5F7CBF801462846FFF7C4FF08B16E
:106B8000204670BD21463046FFF74CFDEFE77FB54C
:106B90004FF6FF7101AAE5F7F7FE20B1BDF80C0032
:106BA00007B05DF804FB4FF6FF70F9E708B5FFF793
:106BB000D8FF003818BF012008BD08B51046E7F718
:106BC000C1F9BDE80840E7F7A1BA704770477047C0
:106BD0007047704770477047002100B593B06A4610
:106BE0000846E4F769F9BDF8060013B05DF804FB48
:106BF000002110B592B004466A460846E4F75CF9F5
:106C000000216A460846ADF80640E4F769FC12B078
:106C100010BD002100B593B06A460846E4F74CF970
:106C2000BDF8040013B05DF804FB002110B592B06C
:106C300004466A460846E4F73FF900216A460846DA
:106C4000ADF80440E4F74CFC12B010BD704710B52D
:106C5000002486B00494BDF82C4003949DF828408D
:106C60000294099C0194BDF820400094E6F7A4F931
:106C700006B010BDF0B587B09DF83C40BDF840703F
:106C8000BDF844C0029405460E9C084611461A46BB
:106C9000BDF83430CDE9037CCDE90034BDF83030A7
:106CA0009DF84860E6F788F9044670B10146002374
:106CB00010220120FBF723FD40B132462146284631
:106CC00007B0BDE8F040E6F7E3B9192007B0F0BD22
:106CD00010B588B09DF83C40069400240594BDF89A
:106CE000384004949DF8344003940C9C0294BDF801
:106CF0002C400194BDF828400094FFF7BBFF08B07A
:106D000010BD70B50646E6F78DF904463046E9F742
:106D100067FC2246034600213046F5F74FFD054645
:106D2000C0B102F0CDF904462846E4F7EFFFE21DBA
:106D3000121A002329460820D2B2FBF7E0FC0138E2
:106D4000C0B2012806D829463046BDE8704001226D
:106D5000E6F79EB970BD134610B50A4600210446F9
:106D6000F5F704FD014628B12046BDE81040022297
:106D7000E6F78EB9012010BD07B5009313460A4609
:106D80000021F5F76DFC28B1002103B05DF804EB9C
:106D9000F3F732B8012003B05DF804FBF0B50E46FE
:106DA000114646F6655289B0ADF818200446002217
:106DB0001846FFF7CAFB054658B306AFC4B1FFF744
:106DC00028FF02224FF6FF734FF44841CDE90172CC
:106DD000009003957C2007AAADF81C30FFF737FF21
:106DE0000146C0B100221046E6F752F909B0F0BDE5
:106DF000FFF70FFF0223CDE90004CDE902734CF643
:106E0000604233467C212046CDE90454FFF760FF01
:106E1000ECE71920EAE70120E8E72DE9F04F85B01B
:106E20000C469146804602F048F80546671C3846F5
:106E3000FCF7D9FC042D40F08A80404602F040F96E
:106E40000378092203F00303012B4FF001012046D0
:106E500014BF4FF0020B4FF0030BE4F70BF80922BD
:106E6000002105462046E4F705F821788DF80F004B
:106E700001390022204689B2FFF767FB04EB090ABB
:106E80000646D0B12A4601460DF10F035846FBF7DE
:106E900036FC0228054626D13046E4F753FF00238E
:106EA000C0B22070013800930122C3B23146384687
:106EB000E5F714F9237801332370404601F0F3FF1E
:106EC000020424D49AF8013021789B071FD5013998
:106ED000A1EB090142465046C9B2EBF7E3F923782A
:106EE0001844207013E020B92070284605B0BDE892
:106EF000F08F032809D15046FCF775FC20F400718F
:106F000089B25046FCF771FCD7E70428D5D101259A
:106F1000002220462178FFF718FB06460028E4D01F
:106F20000023014601221846FBF7E9FB022819D18C
:106F30003046E4F707FF0023C0B220700138009309
:106F40000122C3B231463846E5F7C8F8CDE780F0F4
:106F5000800520F0800081B23846C5F3C015FCF7EB
:106F600044FCD5E70028C0D12070BEE708B500205A
:106F7000FFF72AFA80F00100C0B208BD0A4608B542
:106F800001460020E6F784F8B0FA80F0400908BD19
:106F90000020E4F7E7BB00210846E4F725B800200D
:106FA000FFF719BA0020E3F7ADBB70B50446FCF754
:106FB0001AFC0422002106462046E3F75BFF20442A
:106FC000FCF711FC0322054600212046E3F752FF9F
:106FD0002044FCF708FC4FF6FF730540ADB29D421C
:106FE00014D1F30712D5062200212046E3F742FF11
:106FF0002044FCF7F8FB0446E6F7EEF8844214BFA1
:1070000002240624E6F7DCF8204070BD2046FBF79A
:107010001EFDC400E4B2F5E708B5FFF7C6FF00386F
:1070200018BF012008BD01207047012070470022D1
:107030001A210320E8F798BDF8F782B810B5044686
:10704000F8F710FA08B9F8F713FA03050FD40C2370
:107050001B2B01D1002009E020FA03F1C90703F13D
:10706000010206D5DBB2E31A5842584110BD0B238A
:10707000F9E71346ECE710B50C46098819B908463C
:10708000F5F754FB2080012010BD08B5F5F794FFFB
:10709000002008BD0022E6F745BA08B5104600F00A
:1070A0002DFBBDE80840FBF773BA70B504460D46EA
:1070B000164692B06A46E3F7FFFE6A462946204626
:1070C0008DF81F60E4F70CFA12B070BD00B593B0F4
:1070D0006A46E3F7F1FE9DF81F0013B05DF804FB6C
:1070E00007B50DF10701E6F7EFFC20B19DF80700A9
:1070F00003B05DF804FBFF20FAE710B50C46E6F795
:10710000F7FD2046BDE81040E6F7FABC0129F8B5C6
:1071100005460C461DD003291ED0052920D007297D
:1071200022D00026002400270120E3F7E7FD3044A9
:1071300085421DDA0320E3F7E1FD2044854219DA98
:107140000520E3F7DBFD38448542B4BF0720052066
:10715000F8BD6FF00406E5E76FF004040526E2E7EA
:1071600000266FF00407DFE7002405272646DBE74B
:107170000120EDE70320EBE738B505460024204663
:10718000E3F7BCFD0134A842E4B202D9062CF6D1E3
:107190000724204638BD38B14379490023F00C0359
:1071A00001F00C010B434371704710B5044678B1F0
:1071B00041794088490801F006010131000AFFF7D2
:1071C000A5FF024601462046FFF7E5FF104610BD29
:1071D0000722FBE738B50D46E6F778FD044608B907
:1071E000002038BDFFF7E1FF002DFAD1237913F01D
:1071F0000703F5D0984238BF1846C0B2F1E70379CB
:1072000023F00703194301717047037903F00F035B
:1072100043EA0113037170470022E7F7C5B9002163
:10722000012208B5E7F7C0F9401A18BF012008BDD0
:1072300038B51546FFF7F0FF04462846FFF750FF24
:1072400084B1FF2804D0626822FA00F3DB0701D57D
:10725000012038BD0123834013436360E378013389
:10726000E370F5E72046F4E7E7F720BC014610237A
:1072700007220120E5F7C6B810B5E4F747FD00F195
:1072800010042046FCF7AFFA20F4007189B22046C2
:10729000BDE81040FCF7A9BA2DE9FF411546019160
:1072A00001218DF80D301B0A8DF80E309DF82C3021
:1072B0008DF80C008DF80F3028460423009103AAA6
:1072C0009DF828809DF830709DF8346001F05FFFD4
:1072D000044670B1294601F02AFEB8F1000F02D130
:1072E0002046FFF7C9FF2FB146B931462046F2F7D5
:1072F00083FD0024204604B0BDE8F0810022204632
:107300001146E7F755FBF4E74FF47A70E7F7A8BCAE
:10731000F0B5064687B010461C460F46154601F0EC
:10732000CFFE9DF83030184443789CB1617801223B
:1073300011F0020F0CBF032100210020CDE9014212
:10734000CDE903100722394630460095E7F730FDB6
:1073500007B0F0BD22462146EFE708B5E4F7D8FFB5
:10736000BDE808400020E7F75FBF1FB50446684648
:10737000FFF77CFF54B100238DF80530102307225E
:1073800069460020E5F73EF804B010BDFFF724FC85
:10739000ADF80600FFF73DFCADF80000EEE708B5DC
:1073A000FFF7E3FF002008BD00B58BB06846FFF78C
:1073B0005DFF009BBDF8060004A90693E7F7DAFB22
:1073C0000BB05DF804FB1FB504466846FFF74EFF9F
:1073D00002AB03CB2060616004B010BD1FB5062373
:1073E00004468DF80C30E8F7A5F800238DF80D0061
:1073F000CDE9003301210223204603AA01F0C7FE94
:1074000004B010BD70B50C4605460120E9F724F81C
:10741000237B4BB1FFF7E0FB014623462A46BDE83C
:1074200070400120E8F7C4BA4FF6FE71F5E71FB5CA
:107430000A2301201A4601A9E4F7E4FF4FF6FF737F
:10744000BDF80C209A420AD00822FF2101A8FFF7BC
:1074500006FB80F00100C0B205B05DF804FB00201F
:10746000FAE7F8B50E46074601F02AFE0546FCF796
:10747000BAF900F44040B0F5404F14BF0022062294
:1074800002F10A03EB5C0B325C0004F00E045B08B3
:10749000144403F0380338461C4401F016FE8442BD
:1074A00008D2001BC2B20F2A28BF0F22304629196A
:1074B00002F0F9FB2046F8BD13B5F2F73FFF69462D
:1074C000044601F0A2F958B1FFF786FB40B1E5F799
:1074D00061F828B10023022269462046F0F76EFACF
:1074E00002B010BDFF224FF6FF71EAF779B937B548
:1074F00005460C460823092269460120E4F782FF6D
:1075000015B19DF806302B700CB1009B2360BDF8BF
:10751000040003B030BD07B500210DF10700FFF7EF
:10752000E6FF9DF8070003B05DF804FB07B50823EC
:107530008DF80600ADF8041000926946092200207B
:10754000E4F760FF03B05DF804FB13B5044601A93E
:107550000020FFF7CCFF019A01462046FFF7E6FF27
:10756000204602B010BDF0B50F46002187B004469A
:1075700008461646FFF7BBFF012305460DF10A003A
:107580008DF808408DF80930FFF71DFF092C1DD13B
:1075900031460DF11200FCF728F905AB002102AAD3
:1075A0009B1A2846CDE90011DBB2642101F0EFFD02
:1075B0000546E0B1092C15D1EAF7F4FA044688B182
:1075C0002846EAF703FB204607B0F0BD31460DF12F
:1075D00013008DF812704FF6FF75FCF706F90DF1E8
:1075E0001503DBE7284600F02EF80446EBE70446D7
:1075F000E9E77FB50D461646ADF80E00E4F7A2FBAD
:10760000841BE4B2BDF80E20631B9BB210462946D2
:1076100000937319FFF7F5F821460DF10E00FFF7FF
:10762000C8F804B070BD38B504460D4601F028F91D
:1076300040B1AC4206D02046F2F702FFBDE8384028
:1076400001F0A9B938BD10B5044601F039FD02308A
:10765000FCF7C9F84FF6F7739842204603D9BDE806
:107660001040EAF737BCEAF781FCB0FA80F0400935
:1076700010BD0022EAF752BB70B5054601F020FDAF
:107680000646284601F0A7FD01462846E4F762FDBC
:107690000446284601F035FC4FF6F773984208D8A7
:1076A000337803F00303012B05D1A31E5842584140
:1076B00070BD0120FCE70020FAE741F2033330B54A
:1076C00085B00D46ADF808300446FFF785FA8DF811
:1076D0000A00FFF781FA0021000A8DF80B0005234C
:1076E0002046CDE9001102AA8DF80C5001F04FFDA3
:1076F00010B12146FFF7BDFF05B030BD70B504469F
:107700000D46D9B13F294FF0000600D1354620463D
:1077100001F0D3FB082813D101212046E4F780FBB8
:107720000646E4F70FFB04463046E4F7EFFA2A4634
:107730000146E0B2BDE87040FBF765BA0126E6E716
:10774000204601F0BAFB024630B9BDE870404FF662
:10775000FF710120FBF7D1B9204601F0BFFBB0F566
:10776000006F0ED1204601F0CCFB4FF6FF7398421C
:10777000014617D0002D0CBF032005200022FBF787
:10778000BCF929462046E7F7D1F968B929462046D1
:10779000ECF7A8F840B9324629462046BDE87040CB
:1077A000EAF7DCBE0120E9E770BD01460320EDF7F2
:1077B00011BF37B54FF6F675FBF7D7F9431E9BB2ED
:1077C000AB420446F8D8E6F781FA0028F4D16946BE
:1077D0002046E5F74FFB0028EED0204601F0D3F914
:1077E0000028E9D12046FFF71AFD0028E4D1204601
:1077F000ECF7E0F80028DFD1204601F041F800283E
:10780000DAD12046DEF742FE0028D5D1204603B06B
:1078100030BD73B504460E46ECF7CCF8054688B982
:107820002046ECF721F921462B460D224FF6FD703C
:10783000009500F056F83146204602B0BDE8704091
:10784000ECF7D4B802B070BD37B5054614460C2924
:1078500014D8DFE801F02C132C13131307131313A0
:10786000132424006946E5F705FB18B90121684691
:10787000F0F78CFC41202946F6F7BAFDD4B120463A
:1078800001F01EFC0230FBF7AEFF4FF6F773984293
:1078900010D9204603B0BDE83040EAF73BBD40F6C2
:1078A000144040F613430B2908BF1846E3E7F4F7EA
:1078B00077F9E3E703B030BD1FB50346084603215F
:1078C0008DF80D308DF80C1001230021ADF80E203D
:1078D000CDE9003103AA042301F059FC05B05DF89D
:1078E00004FB2DE9F34106460F4614461D469DF85C
:1078F0002080FFF771F9B04207D1002221463846B7
:1079000002B0BDE8F041FFF79FBF3A46314620463E
:10791000FFF7D2FFADF8060060B10D2C05D10022B3
:107920004FF6FF712820FBF7E8F835B9BDF80600DF
:10793000FFF789FE02B0BDE8F081012342462946E7
:107940000DF10600E4F738FBBDF80630002BEDD151
:10795000F0E7F7B50C46054601F0B2FB611CC9B271
:1079600006462846E4F7F6FBA11C0746C9B228469E
:10797000FEF75AFF014604463846FBF726F90D2F5D
:1079800034D12046ECF716F878B1301DFBF72BFF09
:1079900004462846F67901F0F6FA314602462046BA
:1079A00003B0BDE8F040FFF743BCB01CFBF71BFF82
:1079B0004FF6F773984202D92846EAF7ABFC204607
:1079C000ECF752F8FFF708F9A04205D1002003B008
:1079D000BDE8F040ECF78CB86B46B068F16803C3C3
:1079E00069462046ECF702F803B0F0BD2A46394656
:1079F000204603B0BDE8F040FFF726BF1422002167
:107A000002F03FB92DE9F04F11F00F0704460E4682
:107A100015468FB05CD10120D5F7AEFF09A8FBF762
:107A200025F9092309A88DF82430FBF723F909A8C3
:107A3000D5F774FF01A909A8FBF760FC26F00F0831
:107A4000A84404F1100904F10F0A454511D1236936
:107A500001A93344236109A8FBF731FC0020D5F7C5
:107A60008BFFB6F1005F28BF272738460FB0BDE86F
:107A7000F08F05AA2346964694461868596808333D
:107A8000ACE803004B456246F6D12B46224605F191
:107A9000100B53F8041B5B4542F8041BF9D17146E7
:107AA00009A8FBF70CFC09A8D5F738FF22462146A8
:107AB0000120D5F7F3FE013D631E13F8012F15F8E1
:107AC000011F534582EA01021A70F6D15D46BCE7F8
:107AD0000227CAE7F0B5174685B005460C461022C6
:107AE0000021684602F0CDF8BFB3C4B30F2C04F0F8
:107AF0000F0608D924F00F043A4621462846FFF71E
:107B000081FF40BB274432463946684602F0CBF835
:107B100080222F6906F1100337446B44B7F5005FEC
:107B200003F8102C2F61C6F110061AD3062E1FDDA4
:107B3000FB001A0E8DF80A201A0C5BBA8DF80B2088
:107B4000ADF80C306A4610212846FFF75BFF002095
:107B50002B69103B2B6105B0F0BD3E46D8E72646A9
:107B6000D6E7022E04DDFB005BBAADF80E30E9E784
:107B70006A4610212846FFF745FF2B691022A3F122
:107B80001004002168462C6102F07BF8B7F5005F15
:107B90004FEAC403CDD2E7E770B50E46054686B07E
:107BA00001A81446FFF72AFF3246294601A8FFF72D
:107BB00091FF2246054601AB05AE1C4603CCB442FC
:107BC00010605160234602F10802F6D1284606B043
:107BD00070BDECF72BB80A460021ECF727B8F0B5DA
:107BE0008BB00C4601A9ECF721F8054680B325229D
:107BF0000021E01C02F045F80123A3700E23BDF81C
:107C000010702380FA0510D523464FF4877206AE14
:107C100023F8042B0DF1280C324603CA6245186084
:107C20005960164603F10803F6D13B0605D52388B3
:107C300043F080032380069B636001AB03CB039B6F
:107C4000C4F81D00C4F82110A361EDF7F5FA6061D6
:107C500028460BB0F0BD30B505460C4687B001A8EC
:107C6000FBF704F82868696802AB03C39DF811307C
:107C700043F002028DF8112074B12288510644BFEE
:107C800043F006038DF81130530542BF9DF81130C3
:107C900043F008038DF8113001A8FBF730FAB0FA71
:107CA00080F0400907B030BD70B58AB00D460022A3
:107CB00001A90446EBF7BAFF88B1204604A9FFF7F3
:107CC000CAFF60B1BDF81060FEF786FF38B97206D2
:107CD00001D5730503D529462046FAF798FF0AB067
:107CE00070BD2DE9F3410F4605461646E4F72AF824
:107CF0004FF00008C41BE4B22946304623463A46FA
:107D0000CDF80080E4F7EAF901212846E4F788F885
:107D100088B101212846E4F783F80746E4F712F812
:107D2000C5B22B46301942463946CDF80080E4F7FB
:107D3000D5F92544ECB2204602B0BDE8F0812DE92A
:107D4000F74F0C9E8946054693461C4601279DF831
:107D50003480E3F7F7FF23464A46294682460097D8
:107D60005846E4F7BBF939462846E4F759F84C443D
:107D700028B339462846E4F753F85FFA8AFA54459F
:107D8000814611DAE4B2AAEB040B5FFA8BFB2246C0
:107D900030465B4629460097E4F7A0F94444A4EB3B
:107DA0000A045E4404F0FF08012300220C934946B4
:107DB0004346304603B0BDE8F04FE4F78FB9434681
:107DC00029460C97E2B2F4E72DE9F041002686B08F
:107DD000074608460C4615469846CDE902660496C5
:107DE0008DF81460E3F7AEFF411BCBB20D2B28BF1B
:107DF0000D232A462146009602A8E4F76FF9424671
:107E000002A93846ECF7A2F90646294620469DF815
:107E10000820E4F7B3F9304606B0BDE8F0812DE95B
:107E2000F04F0F461546ADF5057D0DF11008814662
:107E30004246294638469A46FFF753FF041FE4B2EC
:107E4000F82C04D900200DF5057DBDE8F08F5545CF
:107E5000F8D8B9F1000F36D0AAEB0506F6B2B44255
:107E60000ED904230193A5EB0A032344DBB208EBEC
:107E700006020093012100238E980292D5F794FC0C
:107E80004FF0040B0DF5887A334642460121CDE9C7
:107E9000004B8E98CDF808A0D5F786FC5A468F99EE
:107EA0000AEB040001F0C3FE03460028CAD1B9F171
:107EB000000F06D0024629463846CDE90084FFF778
:107EC0003EFF0120BFE72646DAE72DE9F04F0E46D8
:107ED000CBB00121054617461C46E3F7A1FF234618
:107EE0003A462946814606A8FFF76EFF0DF1280A9B
:107EF00000EB070B5246314628465FFA8BFBFFF733
:107F0000F0FEB34503D200204BB0BDE8F08FABEBE1
:107F100006085FFA88F808F104039842F3DB331F80
:107F200018440423C4B20193A31BDBB2009352464E
:107F300043460021CDF808A006A8D5F735FC002857
:107F4000E1D1A4EB0B040AEB0803E4B25246284645
:107F50003146009301944346FFF7F1FE3946284627
:107F6000E4F7F8F8394600F0F8022846E4F706F995
:107F700001212846E3F754FF002818BF4D46284644
:107F8000ADF81650E3F7DEFE011FC9B20DF1160081
:107F9000FEF70FFC0120B7E72DE9F041044601F0A0
:107FA0001AF9411C074689B2204601F0E7F890B360
:107FB00039462046E4F7CEF800F00C03042B0546C2
:107FC00029D000F00308B8F1020F00D11BBB2846EE
:107FD00001F083F92B060744BEB216D5711C20466A
:107FE00089B201F0CBF8B0B1F9B22046E4F7B2F8AB
:107FF000B8F1010F014600F003030CD0032B0AD0A7
:10800000284601F079F9304486B231462046BDE871
:10801000F04101F0B3B80020BDE8F081F8B50646A4
:1080200001F09BF805460446304601F049F84378D4
:108030005B0718D5AC1CA4B22146304601F09EF86F
:10804000B8B129463046E4F785F80746691C304642
:10805000C9B2E4F77FF81FB1874201D8FF2808D1E1
:1080600004EB4704A4B221463046BDE8F84001F0D5
:1080700085B80020F8BD13B5044601A8ECF7ACFAAA
:10808000BDF80430DA0710D49B0707D41022002172
:10809000204602B0BDE8104001F0F3BD2246214663
:1080A0001020FFF779FD0028F0D102B010BD024684
:1080B00008B5ECF7BDFA510544BF0838C0B2130546
:1080C00044BF0838C0B208BD01460120EDF782BAAE
:1080D000F0B5D30705460C468BB04AD5008801F0B1
:1080E0007AF800230646029314B9CDE9034403ACA1
:1080F000002208212046FEF7B2FCA8B1288800F033
:10810000DFFF0230FBF76FFB21460746E4F7B2FEC4
:1081100050B1002240231146384600F056FB40F68D
:10812000094528460BB0F0BD31462888E4F712F81F
:1081300010F0030F0CBF01260026EBF7BBFD46EA4B
:108140004000C0B200900021204602AB05AAEDF726
:10815000F5FC0546EBF7AEFD0028E2D0002DE0D09F
:1081600000212046009602AB05AAEDF7E7FC054684
:10817000D7E740F60A45D4E72DE9F04F1D46002326
:108180008BB00C4617460646ADF8243010B1A1F16D
:108190000904E4B2002221463846FEF7D6F9ADF8CC
:1081A0002600002800F0BB800021E3F7D3FF830600
:1081B00040F1B7800020E3F7C5FD80460020E3F7DB
:1081C000A5FD0023024600934FF6FF7004235FFADB
:1081D00088F100F028FFADF82400002800F09B8013
:1081E0000EB10534E4B204F11001C9B209A8FEF7DA
:1081F000E0FA044600284FD103461021BDF826209E
:10820000BDF824000095FEF7FCFABDF82620002EEC
:10821000104614BF4FF0050B4FF0000BBDF824A023
:108220000792E3F78FFD05F11009401BCB4480B2A4
:108230002B465946079A00905046FEF7E2FA0DF198
:1082400023030193149BC8465FFA89F9CDE90344DF
:108250000294009349462346102009AA8DF8236012
:10826000EDF700F80446B8B9BDF824002EB3E3F7E3
:1082700069FDA0F11005EDB229460DF12600FEF7CB
:1082800098FA002849D110232146BDF82420BDF8D2
:1082900026000095FEF7B5FABDF826504DB12846E8
:1082A000E3F750FD0022C3B2294638460092E3F7B7
:1082B00015FF20460BB0BDE8F08F4946E3F74AFFB3
:1082C00010F0200FBDF8240014BF4FF00D094FF03F
:1082D0000509E3F737FDC5F1F0060644A6EB0906EC
:1082E0002146BDF82420BDF82600F6B210230095E3
:1082F000FEF787FA2946BDF82600BDF8242000962F
:1083000009EB0803FEF77DFAA919C9B20DF12600A1
:10831000FEF74FFAC0E71924BEE70446BCE719246C
:10832000C7E70224C5E701461A2308220120E4F723
:1083300069B800231A46EDF75DBB38B50022044644
:108340000D46FEF78CFB50B9FF2229462046FEF76A
:1083500086FB80F00100C0B200F0010038BD0020B3
:10836000FAE730B58BB005AD04462846FAF77EFC37
:108370000223284601A98DF81430FAF7BFFF2346DF
:1083800001AA144603CCAC4218605960224603F19E
:108390000803F6D10BB030BD08B5002302461946DC
:1083A0001846EDF727FB012008BD37B5044668469F
:1083B000EDF796FB054648B108222146684601F0D4
:1083C00036FCB0FA80F0400903B030BDFF2208212E
:1083D0002046FEF744FB034628B106212846FFF756
:1083E000A8FF0120F0E722460146EDF703FBF8E77E
:1083F00007B56846EDF774FB10B16846FBF74CF91A
:1084000000F0010003B05DF804FB0120EEF792B824
:10841000704737B50446084600F08FFD0546FEF765
:10842000DBFB00230146009322462B460120F3F795
:108430000FFE03B030BD2DE9F04114464FF00108A6
:1084400094B006460FA80F46FAF710FC01A88DF865
:108450003C800BADFAF7FDFEF4B1002329460FA8CE
:1084600003AC8DF83D30FAF749FF95E80F0084E83A
:108470000F009DF80650334604F11006224603CA49
:10848000B24218605960144603F10803F6D1002087
:108490003D7014B0BDE8F08129460FA807AC8DF8F7
:1084A0003D80FAF72BFF95E80F009DF8075084E810
:1084B0000F00E0E730B50124054689B003A8FAF7BC
:1084C000D5FB01A88DF80C40FAF7C3FE9DF80620F5
:1084D0009DF80730AA4209D0AB4209D103A88DF814
:1084E0000D40D5F71BFA012009B030BD0024F5E797
:1084F0000020F9E7002208B511461046EEF780FB90
:10850000BDE8084000214FF6FF70FFF712BF0022C0
:108510001021FEF7A4BA7FB50D4602460D231721A0
:108520006846F9F7C2FD6B462A4602AE1C4603CCEC
:10853000B44210605160234602F10802F6D120686F
:1085400010602379137100236B7304B070BDF0B514
:1085500085B06C4606460B46224601F108072546C3
:1085600018685968083303C5BB422C46F7D1186810
:10857000314628601B7917202B710D23F9F79EFDDA
:1085800005B0F0BD38B504460D46D4F787FEA042CD
:1085900005D920462946FFF7BEFF002038BD282018
:1085A000FCE730B5002485B08DF80040D4F776FEA6
:1085B000E5B2A84204D8EFF74DFC002005B030BD6D
:1085C00069462846FFF7C3FF0134EFE738B5044694
:1085D0000020F1F705FFFF2805460FD0F1F7C0FF97
:1085E00010F0010009D02846F1F7BAFF400840EA30
:1085F000C17080F0010000F0010038BD04F00100FE
:10860000FBE70146F8B506460020EFF75DFBFF28C3
:1086100001D00120F8BDD4F725FE00240546871CB3
:10862000D4F724FEE3B2984201D80020F2E735F8EF
:108630002430B34203D117F82430002BE9D10134A0
:10864000EEE738B50D4601210446E3F7E9FB30B10A
:1086500001212046E3F7E4FB2880012038BD2046B5
:108660002C8000F08AFE0130C0B2F7E72DE9F04718
:1086700088B00746894610460DF10A011D4690460E
:10868000FFF7DFFF4FF0000ABDF80A6004463046EE
:10869000CDE905AACDF81BA0E3F754FB031BDBB221
:1086A0000B2B28BF0B2322463146CDF800A005A88E
:1086B000E3F714FD48F21F039D4243D00BD885F425
:1086C0000043012B15D923464246494628460097C8
:1086D000FAF7FAFF33E048F23A039D42F3D1FEF78E
:1086E0007BFAB8422BD02246414605A8F5F7A2F9FD
:1086F00025E09DF8143013BBBDF81D40DDF81500D2
:10870000DDF8191003AB03C3204603A9D4F76CFFAF
:108710000122204603A9EBF71FFAA74206460ED016
:10872000012103A8EFF732FD48F201039D4206D173
:108730002EB9334632463946204600F066FF08B06F
:10874000BDE8F0879DF81450002DF8D1A8460234FA
:108750009DF81570E4B2EBB2BB42F0D2224608237A
:10876000314603A8CDF80080CDE90388E3F7B6FCD5
:1087700003A8F1F713FEF1F763FE083400F00BF9DC
:108780000135E4B2E7E708B5E3F7C2FDBDE808400C
:10879000EFF740BF10B50024418084800480C28080
:1087A000038110BD13B5BDF81040CDE9003400239E
:1087B000F0F798F802B010BD13B5BDF81040019065
:1087C0000094F0F78FF802B010BD07B500930123B5
:1087D000FFF7F2FF03B05DF804FB0121F1F70CBBDA
:1087E00008B500F00EF8FF2804D0F1F7B9FEC0F389
:1087F000C00008BD0120FCE701464FF6FF70F1F70D
:108800001DBA01460020F1F7EBBD10B50C46F1F79B
:1088100017FEFF2808D0F1F7A9FD20B103682360F7
:1088200043680120636010BD0020FCE710B50446DA
:1088300000F054FBB0F5006F204605D100F061FB5D
:10884000BDE81040F1F7FCBD00F077FBBDE810403B
:10885000FFF7D7BF08B5F1F7F3FDFF280CD0F1F70C
:108860007FFE10F0010309D0400840EAC17080F09B
:10887000010000F0010008BD0020FCE71846FAE7FF
:1088800008B5F1F7DDFDFF3818BF012008BD08B5B8
:10889000F2F7BAF8002008BD30B585B005460C46A1
:1088A000D4F708FDA8421CD92068616801AB03C356
:1088B0006389ADF80C30237A022B10D0DA1E5342B4
:1088C0005341DA0000231A4318208DF80E200B23A1
:1088D000294601AAF9F7F2FB002005B030BD0022BD
:1088E000F1E72720F9E71FB502460B2301A818215D
:1088F000F9F7DBFB9DF80E0005B05DF804FB30B521
:1089000089B001F0010503A90446F2F7EFF99DB122
:1089100090B92046F1F724FE10F0010109D020465D
:10892000F1F71EFE430843EAC17383F0010303F02D
:10893000010103A8EFF72AFC2046F3F7A5F99DF8FB
:108940001430294600932046BDF8162003ABFAF7F1
:1089500028F909B030BD30B585B00C460546F1F7B1
:10896000EDFCA04215D04FF6F7739C4211D80B23B3
:108970002A46182101A8F9F798FB294618200B234D
:1089800001AAADF80C40F9F799FB21462846F1F70A
:1089900071FD05B030BD10B50446D4F78BFCA04284
:1089A0000FD92046F1F7CAFC4FF6FF73984208D062
:1089B00020460021FFF7A3FF2046BDE81040F2F754
:1089C000EDB910BD4FF6FF73984210B50C4605D0B7
:1089D000FEF786FBFF2801D0E5F78AF934B120467F
:1089E000BDE810404FF6FF71E5F786BA10BD38B507
:1089F000014605460020F1F7F3FC04464FF6FF71EF
:108A00002846E5F779FAFF2C04D02046F2F7C6F99C
:108A1000002038BD0120FCE710B50446FEF7DCF865
:108A2000002102462046BDE81040F2F71BBB2DE9AD
:108A3000F04114460F460546984600F041FB0646B5
:108A40000430FAF7D0FE2080284600F09CFA6080BF
:108A5000B379791CE372C9B22846E3F77BFBB91CF2
:108A6000A072C9B22846E3F775FBFE1C2072F6B26D
:108A7000B8F1000F18D031462846FDF7D5FE05376E
:108A8000FEB23146A0802846FDF7CEFEB11CE08044
:108A9000C9B22846E3F75EFB6072217AA088012202
:108AA000BDE8F041F2F7FEBF2088EAE72DE9F0418A
:108AB00086B090461E4604460D46FEF78DF84FF6EA
:108AC000F7739845074632D80523A0428DF80C303D
:108AD0004FF0010214BF012300234FF0000118BF23
:108AE0008DF80D30CDE9002114BFADF80E008DF8E2
:108AF0000D30284614BF0423022303AA00F047FBCD
:108B00000546A0B1A7421AD000F0DAFA074621467E
:108B10000430803EFAF769FE2046FE7104A9FFF793
:108B200074FE40B9204604A9E3F7CEFE18B9002030
:108B300006B0BDE8F081284604A900F0AFFB41462D
:108B40002846FEF796FDF3E7037923F00303194364
:108B500001F03F010171704707B50DF10701F2F710
:108B600047FE03B05DF804FB08B5FFF7F5FF18B149
:108B7000BDE80840F2F78CBE08BD00224FF6FF703A
:108B80001146F2F78FBF10B50446FFF7E5FF024626
:108B900038B901462046F2F785FF003818BF01209A
:108BA00010BD0120FCE7F8B5174604460E46FFF756
:108BB000D3FF0546386068B1037903F003033370CF
:108BC00023B93A68137903F03F0313713B685C885B
:108BD0002046F8BD01462046FEF7FCFA074628B1BC
:108BE000E5F7F2FA874201D83570F1E731462046C1
:108BF000FAF764FD0028EBD003234FF6FF743370BF
:108C0000E6E707B501AA0DF10301FFF7CCFF9DF8D8
:108C1000033053B9019828B1037913F0300F14BF12
:108C20000120002003B05DF804FB0020FAE72DE9E5
:108C3000FF410646104688461546F1F7AFFB07464A
:108C4000FDF7CAFF044648BB4FF6FF739E4225D08E
:108C50009F4206D00146384604B0BDE8F041E8F72F
:108C6000CFBE07238DF804302B680246CDF80530BF
:108C70006B68092101A8CDF80930FDF766FC0246B2
:108C800018B9192004B0BDE8F081012341463046EF
:108C9000EEF748F90028F4D02046F3E70220F1E788
:108CA000F3F730B807B5024669464FF6FF70F3F7A1
:108CB00029F803B05DF804FB2DE9F04390460F4618
:108CC00006464FF0010991B00BA803ADF9F7CEFFAE
:108CD00007AC29460BA8ADF82C90FAF70FFB95E8E6
:108CE0000F0084E80F004B46002239463046CDE99C
:108CF0000048EEF72FFA11B0BDE8F0832DE9F04FF0
:108D0000002785B081460C467E2039469846BDF83E
:108D10003CB09DF844A0BDF84C500192ADF80E70E7
:108D2000E3F7BAF80646002800F08980E2F7EEFF84
:108D300039467E2200F0A5FF3046E2F7E7FF0090BB
:108D40003046E2F7E3FFB9F1FF0F0CBF274644F0CE
:108D500003073B0A14F440620770437074D14FF06C
:108D60000808C31C18464246019900F070FF0346EC
:108D700004F44044434484B1790606D419464FEACA
:108D80001B2201F802BB5A700B46B4F5004F6BD0A2
:108D9000A4F5404254425441E400224618460E993C
:108DA00000F055FF009A03462044A0EB02085FFA4A
:108DB00088F89DB14FF47C521A53841C2846E2F780
:108DC000A5FF83462846E2F7BDFFC5B22A465946AD
:108DD000204600F068FF60190235EDB2B9F1FF0FCF
:108DE00044D05246109900F8019B00F05CFF08F156
:108DF00001015AFA81F129443046E2F7BFFF0C2104
:108E00000022FF0007F080071046394300F036F9D2
:108E1000ADF80E003046E2F779FF04463046E2F73F
:108E200091FF2146C2B201230DF10E00E3F7C4F811
:108E30000121BDF84820BDF80E00E3F705F8BDF8A4
:108E40000E0005B0BDE8F08FB2F5006F80F803802A
:108E50004FEA182880F8048000F1050314BF4FF092
:108E600008084FF002087DE7022496E708EB0A01A4
:108E700029443046E2F782FF0821C1E710B50C46CD
:108E8000E2F744FF048010BD38B50C461546E2F702
:108E90003DFF03881DB11C43A1B2018038BD23EA08
:108EA000040189B2F9E708B5E2F730FF008808BD90
:108EB00008B5E2F72BFFC07808BD08B5E2F726FF3A
:108EC000008800F00C0008BD08B5E2F71FFF00881D
:108ED00000F00C00031F5842584108BD38B5054644
:108EE000E2F714FF04462846FFF7EEFF30B904F11D
:108EF0001000FAF778FC00F4406038BD4FF40060D1
:108F0000FBE738B50546E2F701FF04462846FFF7C0
:108F1000DBFF014648B9103420460422E1F7AAFFDE
:108F20002044BDE83840FAF75EBCA08838BD10B5D3
:108F30000C46E2F7EBFE848010BD38B50546E2F73B
:108F4000E5FE04462846FFF7BFFF014608B1201D95
:108F500038BD103404222046E1F78CFF2044F7E7A7
:108F600038B50546E2F7D2FE04462846FFF7ACFFC7
:108F700030B904F11000FAF736FC00F4404038BD77
:108F80004FF40060FBE738B50546E2F7BFFE044644
:108F90002846FFF799FF014648B9103420460622BB
:108FA000E1F768FF2044BDE83840FAF71CBCA08810
:108FB00038BD38B50546E2F7A9FE04462846FFF756
:108FC00083FF014608B1201D38BD1034062220461B
:108FD000E1F750FF2044F7E708B5E2F797FE007A83
:108FE00008BD08B5E2F792FE90F9090008BD08B582
:108FF000E2F78CFE807A08BD08B5E2F787FEC0680C
:1090000008BD10B50C46E2F781FE047210BD10B524
:109010000C46E2F77BFE447210BD10B50C46E2F739
:1090200075FEC46010BD2DE9F8430F46804600214F
:1090300007F1100016469946E2F72EFF0446D0B11C
:10904000E2F764FE05462046E2F77CFE0021024678
:10905000284600F016FE00232046AB7049F00401BC
:10906000FFF70CFFA5F804802EB13A46314605F112
:10907000100000F018FE2046BDE8F883F8B505465C
:109080000F4610200021E2F707FF0446B0B1E2F7D7
:109090003DFE06462046E2F755FE002102463046D8
:1090A00000F0EFFD002339462046B370FFF7E6FEDF
:1090B00025B12A4601212046E2F7C6FE2046F8BD2A
:1090C00008B5E2F723FE103008BD08B5E2F73AFE16
:1090D0001038C0B208BD10B50C46098821B9084641
:1090E000F3F724FB208008B1012010BD0220FCE72B
:1090F0002DE9F7430F46012181461646E2F790FE1F
:10910000054658B1FDF76EFB308088B92846E2F776
:1091100019FE68B1192003B0BDE8F0834846E2F7B4
:1091200011FEFF2FA0EB0704E4B214D014B9348071
:109130000020F0E72A4621462846FDF706FA804639
:109140000028E7D03B464A4629460094FDF759FBE4
:10915000A6F80080ECE70120DDE708B5FFF7B0FFD7
:10916000437803F001001A074CBF10300830DB06CB
:1091700044BF0830C0B21030C0B208BD10B50C46B4
:10918000E2F7E0FDA04234BF0020012010BD7FB512
:1091900014460091024641F2092141F609209DF84A
:1091A00020601D46002E18BF0146099B0020F3F7E2
:1091B000FBFFADF80E0010B9002004B070BD012314
:1091C0002A4621460DF10E00E2F7F6FE0028F3D103
:1091D000BDF80E00F1E738B50546FFF7BEFF0446BF
:1091E0002846FFF76DFF43785B0707D521462846E1
:1091F000E2F7B0FF013004EB4004E4B2204638BD92
:1092000030B585B0ADF80E00E2F79CFD0446BDF820
:109210000E00FFF7E0FF00F10E03DBB2E5B2BDF890
:109220000E20ED1AADB2014600951046FDF7E9FAA1
:10923000A4F10E01C9B20DF10E00FDF7BAFA05B0A6
:1092400030BD4278034612F0080006D0D20702D49F
:1092500003F10800704703F10900704737B5054670
:109260000C46FFF72DFF437813F0100212D09CB18B
:1092700003F001021B074FF000032046009329462C
:109280004FF0080354BF18322032E2F727FF0120C5
:1092900003B030BD1046FBE72046F9E773B505463D
:1092A0000C46FFF70DFF437813F0100211D094B174
:1092B000012603F001021B0720464FF00803294650
:1092C00054BF183220320096E2F708FF304602B051
:1092D00070BD1046FBE72046F9E700F00303012BC1
:1092E00008D0C30606D400F00C000C2814BF0820D8
:1092F0000920704702207047034611F0030005D093
:1093000003F00303022B14BF022003207047F8B5BB
:1093100007460D46E2F71EFF0646FFF7DEFF33065F
:1093200004460AD52918C9B23846E2F713FF0146A8
:109330003046FFF7E1FF0444E4B22046F8BD70B5C3
:1093400006460D46FFF7E3FF294604463046E2F79E
:1093500001FF82060FD529193046C9B2E2F7FAFE9D
:1093600000F01803082B14BF05340634E4B283065A
:1093700044BF0834E4B2204670BD38B50546FFF757
:109380002AFF044601462846FFF7D9FF2044C0B211
:1093900038BD2DE9F04387B005460C46FFF790FE37
:1093A0008046FAF720FA07462846FFF714FF0646DC
:1093B00001462846FFF7ABFF0022034600922946EC
:1093C000324602A8E2F78AFE9DF8086006F00C0318
:1093D0000C2B06F003090BD0B9F1010F59D0F1069F
:1093E00057D49DF809300DF10A050020637107E09C
:1093F000FF230DF109006371FAF7F5F90DF10B0583
:10940000208198F80130DA0704D508F10200FAF754
:10941000EAF92081B9F1010F5FFA89F83DD0F3062E
:109420003BD42846FAF7DFF96080A81CFAF7DBF98D
:10943000053515F8013C208023712B78B006A37206
:1094400006F0400348BF43F02003390627D543F414
:109450000073F80448BF43F48063390548BF43F400
:1094600000633206E38011D56A7812F003020DD052
:109470006FEA43436FEA5343A978B8F1020FE380E0
:109480000B4611D1EB7841EA0321218107B0BDE8F9
:10949000F083FF230DF10905A7E7FF23CCE77A0648
:1094A00048BF43F48073D4E7012A04BF0B029BB288
:1094B0002381EBE7F0F742BFF0F7C2BF73B5054673
:1094C000E7F7E8F806462846E7F78AF804463EB389
:1094D00030B32846E3F7A6FD009602462346002156
:1094E0002846F3F7BFF90646D0B1FFF7E9FD044679
:1094F0003046E2F70BFC04F10D02121A002331464C
:109500000820D2B2F9F7FBF80138C0B2012807D819
:1095100001223146284602B0BDE87040E3F7B8BDED
:1095200002B070BD00B589B00B4605226946F4F75C
:1095300019FE023818BF012009B05DF804FB03785A
:1095400010B5044643B901220270427843601A2ADA
:1095500003D1D3F7EBFE208110BD0370FCE738B5D3
:109560000378044663B901220270427843601A2AE4
:109570000CD10589D3F7DAFE854202D92123636035
:1095800038BD207ABDE83840D3F7D6BE0370F7E780
:10959000F9F71FBB002070477047F0B505462F460E
:1095A00087B00C4602A859211646FAF71EF937F87B
:1095B000021B0DF10A00FAF718F90022D5F8020093
:1095C000796803AB03C3AB890F21ADF81430630096
:1095D000CDE9002203F0FE03324602A88DF81640C2
:1095E000E0F7BCF807B0F0BD002108B50846E2F787
:1095F00053FC00280CBF1920002008BDF4F766BEFC
:109600000020F4F7C1BEF4F791BF0BB1F4F7FABF35
:109610000AB9F5F773B8FF21F4F79CBF70B505469A
:10962000837808462E460C4600F8013B36F8041BAA
:10963000FAF7DBF808223146E01C00F008FBEB7873
:109640000120E3722B7B04F10E0123736B7B6373A8
:109650002A69FAF7CEF86A69012004F11201FAF7D3
:10966000C8F8298B04F11600FAF7BFF8082205F1B3
:109670001C0104F1180000F0EAFAA98C04F12000A2
:10968000FAF7B3F8E98C04F12200FAF7AEF895F88E
:10969000283084F8243095F8293084F8253095F85E
:1096A0002A3084F8263095F82B3084F8273070BDA6
:1096B0000B4611461BB1012B03D021207047F5F753
:1096C00025BAF5F72BBCF0B507460D4695B000213D
:1096D000144601A84C221E4600F0D3FAB62101A878
:1096E000FAF783F838460DF10601FFF797FF0DBB37
:1096F00023686189CDF82F3063680EA8CDF8333028
:10970000237A8DF82E508DF83730FAF76EF8A1894C
:109710000DF13A00FAF769F8E389ADF83C303046CC
:109720000DF13E01FCF70CF94C2101A8FCF751FBAF
:1097300015B0F0BD01238DF82E30F0E713B50446C7
:10974000B7216846FAF751F822460DF102010120CF
:10975000FAF74FF806216846FCF73BFB02B010BD54
:1097600030B504460D468BB001A8B821FAF73DF894
:1097700021880DF10600FAF738F8618802A8FAF797
:1097800034F8A1880DF10A00FAF72FF8E18803A850
:10979000FAF72BF821890DF10E00FAF726F8618906
:1097A00004A8FAF722F8A1890DF11200FAF71DF8C2
:1097B000284605A9FCF7C4F8222101A8FCF709FBFB
:1097C0000BB030BD10B504468CB001A8BB21FAF730
:1097D0000CF820460DF10601FFF720FF2A2101A811
:1097E000FCF7F7FA0CB010BD70B51646FF22044620
:1097F0000D46FDF734F9024610B146B9022070BD9E
:1098000029462046FDF72BF90028F6D1F7E7204638
:109810006908BDE87040F9F7AAB970B50646144664
:1098200008461A4608211D46FFF7DEFFA0B92A4662
:1098300002213046FFF7D8FF70B92278531EDBB201
:10984000FD2B0AD80120904020F0FF6020F4FF207B
:10985000003818BF0120400070BD19232370FBE7BA
:1098600008B500F0AEF9002008BD002230B58DB07B
:109870000346CDF826200846CDF82A20ADF82E2044
:1098800041F6063200F12504ADF8042001F115027D
:109890000DF1060152F8045BA24241F8045BF9D1D4
:1098A0000DF1160203F1100153F8044B8B4242F8FC
:1098B000044BF9D100F085F901A8EDF75DFA0DB080
:1098C00030BD0021002814BF012202220846FDF706
:1098D000ECBB0020E1F79ABD37B504466846FDF7BA
:1098E00072FD08226946201D00F0A1F9D0B9258833
:1098F000FDF78FF9854215D1FDF70DFE0246607B1D
:10990000131A002BB8BF5B42C82B13460CDD8242F2
:1099100028BF0346DBB29A4204D0FDF716FEA078BA
:10992000E5F784FD03B030BD824238BF0346F1E75E
:1099300010237F221C21F8F7B8BB28237F221D218A
:10994000F8F7B3BB10B50C46FFF7F2FF2046BDE8B1
:109950001040FFF7F2BF024610237F211C20F8F7CA
:10996000ADBB08B500F0F1F880F48070C0F30020C2
:1099700008BD10B5044600F0E8F820F002002043CE
:1099800080B2BDE8104000F0ECB808B5F5F722F958
:10999000012806D0022806D0032814BF0220062082
:1099A00008BD0420FCE70520FAE730B5154689B06C
:1099B0000022FCF7CAFD0446E0B10146002307225D
:1099C0000920F8F79CFEB8B1FDF723F90346002003
:1099D0000122CDE901304FF6FF73CDE90502009376
:1099E0004CF621422B46FF21CDE90304FDF742F955
:1099F00009B030BD1920FBE740F60140F8E773B528
:109A0000002315460C4606460A46009301460823E5
:109A1000281DE2F763FB04F108013046C9B2E2F702
:109A200099FB04F109016873C9B23046E2F792FB71
:109A300004F10A01A870C9B23046FCF7F5FE28808F
:109A400002B070BD00B58BB0684600F098F80120F8
:109A50009DF80430984080B20BB05DF804FB10B55F
:109A60000446FFF7EFFF2040C30B0DD10E235A1C15
:109A700001D1FF2007E020FA03F1C90703F1FF320B
:109A800004D558B2C0B210BD0F20FBE71346EEE775
:109A9000024610237F211C20F8F710BB1FB51023AE
:109AA00068467F221C21F8F700FB9DF80E0005B0E8
:109AB0005DF804FBF0B507460E46154685B01C461A
:109AC0007F2210231C216846F8F7EFFABDF8043016
:109AD000BDF80C203B80BDF806303380BDF808305F
:109AE0002B80BDF80A3023800A9B1A8005B0F0BD98
:109AF0002DE9FF410E4615461C460746BDF8288055
:109B000018B14FF6F77399421DD8B5F57F4F1AD2A9
:109B100014B1B8F57F4F16D210237F221C2168465E
:109B2000F8F7C3FA6846ADF80470ADF80660ADF812
:109B30000850ADF80A40ADF80C80FFF7A9FF0020EF
:109B400004B0BDE8F0810120FAE71FB51023684694
:109B50007F221C21F8F7A9FABDF8000005B05DF8D6
:109B600004FB1FB5044610237F221C216846F8F72A
:109B70009CFA68460094FFF78BFF04B010BD10B547
:109B800090B004467F221D2106A82823F8F78DFAFD
:109B9000002323609DF81C3001A82371F9F766F8B3
:109BA000052301A8E1188DF80430F9F7A7FB062377
:109BB00004F1150101A88DF80430F9F79FFB10B0EE
:109BC00010BD002310B590B00693037906AA044691
:109BD0007F218DF81C301D202823F8F76FFA01A88B
:109BE000F9F744F801A8F9F745F8052301A8E118A9
:109BF0008DF80430F9F763FB062304F1150101A881
:109C00008DF80430F9F75BFB10B010BD1FB57F2253
:109C10001C2168461023F8F748FA009B684643F475
:109C200080730093FFF734FF05B05DF804FB013942
:109C3000024410B5904201D1002005E0037811F8EC
:109C4000014FA34201D0181B10BD0130F2E788423A
:109C500010B501EB020402D98442234607D8431E03
:109C6000A14208D011F8012B03F8012FF8E70244B4
:109C700001468A4200D110BD13F8014D02F8014D92
:109C8000F7E702440346934200D1704703F8011BF3
:109C9000F9E710F8012B11F8013B012A28BF9A427D
:109CA000F7D0D01A70470A44431E914200D1704742
:109CB00010B511F8014B914203F8014FF9D110BDD5
:109CC000431C08BF0020D7F77FB800000000000049
:109CD0000000000000000000000000000000000084
:109CE000F8B500BFF8BC08BC9E467047F8B500BF89
:109CF000F8BC08BC9E4670475FF800F02545002080
:109D00005FF800F0894400200300000076636F6D67
:109D100000000000050000000000000000C201007B
:109D2000000500000010000000000000000000001E
:109D300013B779FAC925DDB7ADF3CFE0F1B614B8A2
:109D40000102000000000000FFFFFFFF0100000013
:109D50000100000000000000000000000000000002
:109D600000000000000000000000000000000000F3
:109D700000000000000000000000000000000000E3
:109D80001E000003C1130300BD1303009B13030057
:109D90009913030071590000CB13030035590000DB
:109DA0002C00000002000102000801B4509E0300D4
:109DB0000008015A0C9E030000080040C89D0300E3
:109DC00000000000000000000000FCFEFFFF00009B
:109DD00000000000FFFF000000000000FFFF000087
:109DE00000000000FFFF0000000000004000180617
:109DF000F4D200002C00B0023DBE00001700F200BB
:109E00000C7C00000C0041009E4200006400FCFE3F
:109E1000FFFF000000000000FFFF00000000000046
:109E20005A00F306A554FEFF2100A301A1FEFFFF87
:109E30001100A600832700000A006100DC26000054
:109E400006003B00F820000003001500AD130000E1
:109E5000C800FCFEB4008B087BC0FBFF4D00E40291
:109E6000E756FFFF2C00A20183EBFFFF1A0003015E
:109E7000B31A00001100A300552900000A005E007B
:109E80005A28000006003A002122000004001800B1
:109E9000731600000B0000000B0000000200000021
:109EA0000000202000000000030000008C8C3C001B
:109EB000000000000000000000000000000000584A
:109EC0001200000000000000FFFFFFFFFFFFFFFF88
:109ED000FFFFFFFF64656275670073696C61627301
:109EE0007675617274646F776E0076756172740056
:109EF000433A2F55736572732F3637303236313906
:109F000031372F776F726B53706163652F50726FAB
:109F10006772616D2F53696D706C696369747953F1
:109F2000747564696F2F73646B732F73646B2D3258
:109F30003032342E362E302F706C6174666F726D35
:109F40002F736572766963652F6C65676163795FEE
:109F500068616C2F7372632F626173652D72657017
:109F60006C6163656D656E742E63002C2000257333
:109F7000203D2025346C7800526573657420636140
:109F80007573653A205761746368646F67206578FC
:109F900070697265642C206E6F2072656C696162F5
:109FA0006C6520657874726120696E666F726D6190
:109FB00074696F6E0A00526573657420636175730E
:109FC000653A205761746368646F672063617567E1
:109FD0006874207769746820656E68616E63656473
:109FE00020696E666F0A00496E73747275637469D6
:109FF0006F6E20616464726573733A2025346C78E7
:10A000000A0052657365742063617573653A204177
:10A0100073736572742025733A256C640A00526567
:10A020007365742063617573653A204861726420BA
:10A030004661756C740A00484653522E5645435487
:10A0400054424C3A206572726F7220726561646985
:10A050006E6720766563746F72207461626C652030
:10A06000666F7220616E20657863657074696F6ECB
:10A070000A00484653522E464F524345443A206305
:10A080006F6E666967757261626C65206661756C7A
:10A090007420636F756C64206E6F742061637469E3
:10A0A000766174650A00484653522E44454255472E
:10A0B0004556543A206661756C742072656C617403
:10A0C000656420746F206465627567202D20652E9D
:10A0D000672E2C20657865637574656420424B504B
:10A0E000540A0052657365742063617573653A2084
:10A0F0004D656D6F7279204D616E6167656D656E3E
:10A1000074204661756C740A00496C6C6567616CFB
:10A110002061636365737320616464726573733A6D
:10A120002025346C780A00434653522E25730A00CA
:10A1300052657365742063617573653A2042757367
:10A14000204661756C740A00416464726573732003
:10A150006973206F6620616E20696E737472756317
:10A1600074696F6E20616674657220627573206613
:10A1700061756C74206F636375727265642C206EF8
:10A180006F74207468652063617573652E0A0043DF
:10A190004653522E286E6F6E6529206C6F616420C5
:10A1A0006F722073746F726520617420616E206914
:10A1B0006C6C6567616C20616464726573730A001E
:10A1C00052657365742063617573653A20557361D8
:10A1D0006765204661756C740A005265736574206A
:10A1E00063617573653A204465627567204D6F6ED3
:10A1F00069746F72204661756C740A0070726F63C7
:10A20000657373006D61696E005468726561640006
:10A2100048616E646C6572002573206D6F64652003
:10A220007573696E6720257320737461636B2028D2
:10A2300025346C7820746F2025346C78292C2053B9
:10A2400050203D2025346C780A00257520627974F1
:10A250006573207573656420282575252529206977
:10A260006E20257320737461636B20286F757420D2
:10A270006F6620257520627974657320746F746130
:10A280006C290A005350206973206F7574736964D8
:10A290006520257320737461636B2072616E67653E
:10A2A000210A004E6F20696E746572727570747346
:10A2B000206163746976650A00496E74657272750F
:10A2C0007074732061637469766520286F722070E2
:10A2D00072652D656D7074656420616E64207374A1
:10A2E00061636B6564293A0A00202575000D0A5BDD
:10A2F0004153534552543A25733A25645D0D0A0083
:10A30000554E4B00474F200042544C00474F3200FF
:10A31000474F3300474F3400474F3500474F360013
:10A32000474F3700474F3800474F3900474F4100EC
:10A33000474F4200474F4300474F4400474F4500B7
:10A34000474F46004A4D500042445200555052007B
:10A3500042544D004D534D0046544C00554E4B0059
:10A36000474F200042544C004241440046544C00A8
:10A37000465243004F54410044534C004241500068
:10A3800055504700544D450046415500545A46002B
:10A39000554E4B0050494E00454D3400554E4B0034
:10A3A00048562000554E4B00455850004C574D0024
:10A3B000554E4B005242540044534C00454D34001E
:10A3C000554E4B0041535400554E4B0056465900D4
:10A3D000494E4800554E4B004C434B0058544C00DE
:10A3E0004F424600554E4B00485244004D454D00EB
:10A3F000425553005553470044424700444D4100E5
:10A4000056435400554E4B005550200052502000EA
:10A410004150300041503100415020004450200054
:10A420004445430000A3030004A303005CA303000E
:10A4300090A303009CA30300A4A30300B0A3030004
:10A44000C0A30300C8A30300D4A30300E4A3030034
:10A4500004A40300554E4B004649420042544C00B0
:10A460004558540050575200574447002053570056
:10A47000435253004653480042414400464C540066
:10A4800042524F00010401030306010501050109C1
:10A490000600060B0000070B050B00000000000083
:10A4A000000000005230005231005232005233009E
:10A4B00052340052350052360052370052380052A2
:10A4C00039005231300052313100523132005231B4
:10A4D00033284C5229004D535000505350005043E4
:10A4E0000078505352004D535020757365640050EE
:10A4F000535020757365640043535441434B2062AD
:10A500006F74746F6D004943535200534843535264
:10A5100000494E545F4143544956453000494E541A
:10A520005F41435449564531004346535200484623
:10A5300053520044465352004D4D41522F42464122
:10A5400052004146535200526574300052657431D6
:10A5500000526574320052657433005265743400E1
:10A5600052657435004461743000446174310000F8
:10A570004941434356494F4C3A20617474656D70AC
:10A5800074656420696E737472756374696F6E208C
:10A5900066657463682066726F6D2061206E6F2D32
:10A5A00065786563757465206164647265737300B2
:10A5B0004441434356494F4C3A20617474656D7071
:10A5C000746564206C6F6164206F722073746F72A5
:10A5D0006520617420616E20696C6C6567616C2018
:10A5E00061646472657373004D554E53544B45520C
:10A5F000523A20756E737461636B2066726F6D20C2
:10A60000657863657074696F6E2072657475726EBB
:10A61000206361757365642061636365737320767D
:10A62000696F6C6174696F6E004D53544B455252A3
:10A630003A20737461636B696E672066726F6D2078
:10A64000657863657074696F6E20636175736564A6
:10A65000206163636573732076696F6C6174696FE1
:10A660006E004D4D415256414C49443A204D4D41AA
:10A670005220636F6E7461696E732076616C6964D9
:10A68000206661756C74206164647265737300493F
:10A690004255534552523A20696E73747275637411
:10A6A000696F6E207072656665746368206361759A
:10A6B00073656420627573206661756C7400505216
:10A6C000454349534552523A207072656369736538
:10A6D000206461746120627573206661756C74001A
:10A6E000494D5052454349534552523A20696D7085
:10A6F000726563697365206461746120627573209B
:10A700006661756C7400554E53544B4552523A2055
:10A71000756E737461636B696E67206F6E20657808
:10A7200063657074696F6E2072657475726E2063F4
:10A73000617573656420646174612062757320665D
:10A7400061756C740053544B4552523A20737461D6
:10A75000636B696E67206F6E2065786365707469DE
:10A760006F6E20656E747279206361757365642005
:10A770006461746120627573206661756C74004257
:10A7800046415256414C49443A2042464152206388
:10A790006F6E7461696E732076616C6964206661A6
:10A7A000756C74206164647265737300554E444522
:10A7B00046494E5354523A20747269656420746F4E
:10A7C000206578656375746520616E20756E6465BB
:10A7D00066696E656420696E737472756374696FFF
:10A7E0006E00494E5653544154453A20696E766185
:10A7F0006C69642045505352202D20652E672E2C05
:10A8000020747269656420746F207377697463685B
:10A8100020746F2041524D206D6F646500494E5683
:10A8200050433A20657863657074696F6E20726575
:10A830007475726E20696E746567726974792063CD
:10A840006865636B73206661696C6564004E4F4395
:10A85000503A20617474656D7074656420746F2063
:10A8600065786563757465206120636F70726F63CE
:10A870006573736F7220696E737472756374696F38
:10A880006E00554E414C49474E45443A2061747420
:10A89000656D7074656420616E20756E616C6967AA
:10A8A0006E6564206D656D6F727920616363657399
:10A8B000730044495642595A45524F3A20617474C4
:10A8C000656D7074656420746F2065786563757458
:10A8D000652053444956206F7220554449562077CD
:10A8E0006974682064697669736F72206F662030BE
:10A8F0000000000070A50300B0A50300FFA2030044
:10A90000E8A5030029A60300FFA20300FFA203009D
:10A9100062A603008FA60300BEA60300E0A6030004
:10A9200006A7030045A70300FFA20300FFA2030040
:10A930007FA70300ACA70300E2A703001DA8030044
:10A940004DA80300FFA20300FFA20300FFA2030023
:10A95000FFA2030082A80300B2A803000400E40CD5
:10A960000A0042426C6600424242424200433A2F91
:10A9700055736572732F3637303236313931372F90
:10A98000776F726B53706163652F50726F6772617E
:10A990006D2F53696D706C69636974795374756454
:10A9A000696F2F73646B732F73646B2D3230323485
:10A9B0002E362E302F706C6174666F726D2F73653A
:10A9C00072766963652F6C65676163795F6E63702A
:10A9D0005F6173682F7372632F6173682D6E63708C
:10A9E0002E6300424242620000CA9A3B00E1F50534
:10A9F0008096980040420F00A086010010270000BA
:10AA0000E8030000640000000A0000000104104098
:10AA100001000000050002000003000000AD03007B
:10AA2000FCAC0300E8AC0300E4AC0300E0AC0300C2
:10AA3000DCAC0300CAAC0300BAAC0300A0AC03005A
:10AA400098AC03008EAC03008CAC030074AC030024
:10AA500071AC030069AC030058AC030048AC0300C0
:10AA600036AC03001CAC030014AC030008AC0300BC
:10AA700004AC030002AC0300F5AB0300EAAB030037
:10AA8000D1AB030075AB030074AB030064AB0300F0
:10AA90003CAB030028AB0300F4AA0300F0AA0300B8
:10AAA000C0AA0300BCAA0300B1AA0300B0AA030015
:10AAB0000F00000000000000000000000000000087
:10AAC000FF00FFFFFFFFFFFFFFFFFFFFFFFFFFFF95
:10AAD000FFFFFFFFFFFFFFFFFFFFFFFFFFFFFFFF86
:10AAE000FFFFFFFFFFFFFFFFFFFF0000FF00FF0072
:10AAF00000000000FF000000FFFFFFFFFFFFFFFF5F
:10AB0000FFFFFFFFFFFFFFFFFFFFFFFFFFFFFFFF55
:10AB1000FFFFFFFFFFFFFFFFFFFFFFFFFFFFFFFF45
:10AB2000FFFFFFFFFFFFFFFFFFFFFFFFFFFFFFFF35
:10AB3000FFFFFFFFFFFFFFFFFF000000000000001E
:10AB40000000000000000000000000000000000005
:10AB500000000000000000000000000000000000F5
:10AB600000000000010000000000000000000000E4
:10AB7000000000000F0000000000000000000000C6
:10AB800000000000000000000000000000000000C5
:10AB900000000000000000000000000000000000B5
:10ABA00000000000000000000000000000000000A5
:10ABB0000000000000000000000000000000000095
:10ABC0000000000000000000000000000000000085
:10ABD0000000000000000000000000000000000075
:10ABE0000000000000000000000000000000000065
:10ABF0000000000000000000000000000000000055
:10AC00000000000000000000FFFFFFFFFFFFFFFF4C
:10AC1000FFFF000000000000000000000000000036
:10AC20000000000000000000000000000000000024
:10AC30000000000000000000000000000000000014
:10AC40000000000000000000000000000000000004
:10AC500000000000000000000000000000000000F4
:10AC6000000000000000000000FFFFFFFFFFFFFFEB
:10AC7000FF9C0000FF00000000000000000000003A
:10AC80000000000000000000800000000000FFFF46
:10AC9000FFFFFFFFFFFFFFFF00000000FFFF0000BE
:10ACA00000000000000000000000000000000000A4
:10ACB00000000000000000000000FFFFFF00000097
:10ACC0000000000000000000000000000000000084
:10ACD0000000000000000000000000000000000074
:10ACE0000000000000000000000000000000000064
:10ACF0000000000000000000000000000000000054
:10AD0000FC03010101010101010101010101010136
:10AD100001000000000000010020200C00200101C3
:10AD20000105000000000002041104040211101AC1
:10AD3000080A021801081110111A080A04020D0B62
:10AD4000195C01102812340430040B0100000000CB
:10AD500000000000000000000000000101010101EE
:10AD600001000101010101010000000101010101D7
:10AD700001000100010100000000000000000000CF
:10AD800000000000000001000000000000000000C2
:10AD9000000000000000000001FF010023E10100AD
:10ADA00075E4010063E2010063E5010062E1010076
:10ADB00079EB010064EE010024E1010025E10100CE
:10ADC00026E1010027E1010028E1010029E101005D
:10ADD0002AE10100000001008000010000010100E3
:10ADE00080010100000201008002010020E2010058
:10ADF00000030100000501008005010000060100BC
:10AE0000800601000007010001E5010002E50100E4
:10AE100058E20100800301008004010000040100E9
:10AE2000800701000008010080080100433A2F5507
:10AE3000736572732F3637303236313931372F77A9
:10AE40006F726B53706163652F50726F6772616DC3
:10AE50002F53696D706C6963697479537475646993
:10AE60006F2F73646B732F73646B2D323032342EFB
:10AE7000362E302F706C6174666F726D2F73657231
:10AE8000766963652F746F6B656E5F6D616E616768
:10AE900065722F7372632F736C5F746F6B656E5F77
:10AEA0006D616E616765722E6300433A2F5573655D
:10AEB00072732F3637303236313931372F776F7220
:10AEC0006B53706163652F50726F6772616D2F53A2
:10AED000696D706C696369747953747564696F2FF7
:10AEE00073646B732F73646B2D323032342E362EB5
:10AEF000302F706C6174666F726D2F736572766936
:10AF000063652F746F6B656E5F6D616E61676572EF
:10AF10002F7372632F736C5F746F6B656E5F6D61FF
:10AF20006E75666163747572696E672E6300FFFFEC
:10AF3000FFFFFFFFFFFF34B62C3370326032043264
:10AF400000116810641038103410301020101010E8
:10AF50000C100210496E69743A2064656661756C64
:10AF60007420434341206D6F6465207365742074C1
:10AF70006F2025643A203078255800433A2F5573C6
:10AF80006572732F3637303236313931372F776F5C
:10AF9000726B53706163652F50726F6772616D2FB2
:10AFA00053696D706C696369747953747564696F02
:10AFB0002F73646B732F73646B2D323032342E36E3
:10AFC0002E302F70726F746F636F6C2F7A696762A7
:10AFD00065652F6170702F6672616D65776F726B3A
:10AFE0002F636F6D6D6F6E2F736C5F7A696762652B
:10AFF000655F73797374656D5F636F6D6D6F6E2ED2
:10B000006300526573657420696E666F3A2030780C
:10B010002578202825732900457874656E64656459
:10B0200020526573657420696E666F3A203078250A
:10B030003258202825732900433A2F5573657273BF
:10B040002F3637303236313931372F776F726B53B5
:10B05000706163652F50726F6772616D2F53696DF8
:10B06000706C696369747953747564696F2F736464
:10B070006B732F73646B2D323032342E362E302F9B
:10B0800070726F746F636F6C2F7A69676265652F7A
:10B090006170702F6672616D65776F726B2F636F71
:10B0A0006D6D6F6E2F7A69676265655F737461633A
:10B0B0006B5F736C6565702E63000D00433A2F550E
:10B0C000736572732F3637303236313931372F7717
:10B0D0006F726B53706163652F50726F6772616D31
:10B0E0002F53696D706C6963697479537475646901
:10B0F0006F2F73646B732F73646B2D323032342E69
:10B10000362E302F70726F746F636F6C2F7A696791
:10B110006265652F737461636B2F636F6E66696719
:10B120002F736C5F7A69676265655F636F6E6669CE
:10B130006775726174696F6E2E63000000200000F5
:10B1400002010A0006000A0026002A000080000012
:10B15000000000000000433A2F55736572732F36CC
:10B1600037303236313931372F776F726B53706128
:10B1700063652F50726F6772616D2F53696D706CCC
:10B18000696369747953747564696F2F73646B7341
:10B190002F73646B2D323032342E362E302F707276
:10B1A0006F746F636F6C2F7A69676265652F737454
:10B1B00061636B2F73656375726974792F7A696740
:10B1C0006265652D73656375726974792D6D616E45
:10B1D000616765722D6E6F2D7661756C742E6300DC
:10B1E000433A2F55736572732F3637303236313903
:10B1F00031372F776F726B53706163652F50726FA9
:10B200006772616D2F53696D706C696369747953EE
:10B21000747564696F2F73646B732F73646B2D3255
:10B220003032342E362E302F70726F746F636F6C25
:10B230002F7A69676265652F737461636B2F7A6912
:10B24000676265652F6170732D6B6579732D667507
:10B250006C6C2E63008000000000000000002200E3
:10B260002B002100666E692B00666E69006E616EB0
:10B2700000666E692D000000000000000000F03F35
:10B2800000000000000024400000000000005940C1
:10B290000000000000408F40000000000088C34014
:10B2A00000000000006AF8400000000080842E4189
:10B2B00000000000D01263410000000084D79741D5
:10B2C0000000000065CDCD415465726D696E616C02
:10B2D00000000000000000545452205245474745EA
:10B2E000530002020300000000000000880100007B
:10B2F000101400200000020800000000FFFFFFFF04
:10B30000FFFFFFFFFFFFFFFF000000000000000045
:10B31000000000000000000000000000000000002D
:10B320005241494C00000000A00000002905010026
:10B3300050000000090601000000000100000101AA
:10B34000000101010000000000000000FFFFFFFFFE
:10B35000FFFFFFFFFFFFFFFFFFFFFFFFFFFFFFFFFD
:10B36000FFFFFFFFFFFFFFFFFFFFFFFF00010202E4
:10B370000303040506080C0C0C0001020304070774
:10B38000C8C8C8C8C8C8C8C8C8C8C8C8030404084A
:10B390000808080800B801B802B800B0E8CF0300F8
:10B3A000D0CF0300030404080805000000000000DB
:10B3B0000000000000000000000000000407000082
:10B3C0004870AE0F4470700E3070D4130298F417AA
:10B3D0003870960F3470BC0F3070A6102C70A61009
:10B3E0002870261224703E122070A00F1C70E612E6
:10B3F0001870621314709C0FB110086001D80A71A4
:10B4000004B87F78020C7E78641000C6881F00A004
:10B410001DB8707803B018600F3027B30F330111D7
:10B42000C0480698780229B0086001D8087109DD83
:10B43000047109BB11101660A048086004100112C5
:10B44000FF3221500860D0480860008806988E14AA
:10B4500000C42C1F00A000BA03DF107109DF0672C0
:10B46000029832031DB8507800A0441328144115E7
:10B470008110086002D81471108806987A1900C0EB
:10B4800014C000B80698EC1B009106988E0201606B
:10B49000B83020D806711EBC637C084D5412F032BF
:10B4A00040DE0472404804DB08720DDD0C72044B70
:10B4B000EF3014480698FA0400C4E04000544412E7
:10B4C000086201322140087C811140D91C72B112FE
:10B4D0003032CF4A013AB1DA107208D8067104D876
:10B4E0000871804C237C4470684C4412FF328722E0
:10B4F000047580B8E84C81D8367140D90472237C39
:10B50000084B0698FA0404BA1CB9767900C12040A9
:10B5100001B835797F216121007906B906A901D8E2
:10B5200006710298FE01804C307C0298600208D8B7
:10B530006A7100C1544000B8141110D95E71584CA2
:10B54000441280BDA26DFF25784C4412FC22513A72
:10B550002814104C00C20CC101B82412281408622F
:10B5600028140862281408622814304C304C00C19A
:10B570001C4000B814111814086100C5284001B817
:10B580005415FF35047110491814B04C4412086268
:10B590000132067102980401804C08D80C7107BA78
:10B5A00024D8047106BA187004D80C7101BA40D8B6
:10B5B0000E7102BA0A7005BA20D8047203BA204C80
:10B5C0004411C04C18140861181491119115008889
:10B5D000069836050090DF31514138311142911102
:10B5E000186110D90472EF3200C1084001B814117B
:10B5F00010311E6111422814A11108611814069817
:10B60000D21B181400C1084001B814111861FF3191
:10B61000181400C1448001B81411181408611814DA
:10B620003088024806989003009308DB047101F803
:10B6300000A027B00F3000A01088B111186180D988
:10B640000A7100C1884000B80811009100A000C430
:10B65000684000B8441000A000C0884000500411A9
:10B660008261041082601050F07200A054155045A1
:10B67000127106980A0506989A0407B8707802B8FD
:10B6800041781EBA5B7A5C7A5D7A00C220C001B84C
:10B6900024120698841900C5301F00A054155114B7
:10B6A00000C3FF010000313D09647F340698980211
:10B6B000015851280475015841280E7581110861FF
:10B6C00002D90472FF0FCC7007B8727800F8EBBD96
:10B6D00000C02C1F00A00411113D10D91271FF33BE
:10B6E000186300C1781002B8381107B9747958107E
:10B6F00000A006988E020D300472044809DC047222
:10B70000084800C11CC101B8141100C3B81E00A034
:10B71000911504351A7218131CBB08D804716C7B80
:10B7200004D804716A7B1DBB2F7C5B7B1670044BB5
:10B7300018131CBB08D804716F7B04D804716D7B8F
:10B74000217C0C300260069886040698260C00B80E
:10B75000B111186140D906720298600401BC00C2A0
:10B76000084001B800DC0A7124150265604A0A70BD
:10B770002C4A241508654C4A043508D90471202444
:10B7800000C1241F00A01412008800DC327120D8F0
:10B79000067101B80C70F0DA0C720CDB087102B89B
:10B7A00006988E04482400C3384101B834138F7BB7
:10B7B0000E7102B9911308DB047203B928700C49A9
:10B7C00014111110FD300DDC1C7200C08C1E00A085
:10B7D000041080D8107100C0448001B80410E52026
:10B7E0000475804900C3884000B8FFB801201141AA
:10B7F0000871014118130824014200C1284000B813
:10B80000141101411C6551419115009000DC067135
:10B810000698360520351E65514118132813481324
:10B8200000C3844000B8341003D81671073005DC1B
:10B830001071B1108F780A7200C384C40350217B49
:10B840001DB8507800B800C1241F00A014121C605D
:10B850002150F0300152281100A04024076400C09C
:10B86000FFFF0100013C17B0022001584028067577
:10B8700018AC01EC00A0208800C020C001B8041260
:10B8800017B4211304123052F8711964402400C314
:10B890005C1F00A0341014110698580E1961009214
:10B8A00011592129067600BB11590698380E876276
:10B8B000313B0472215A412A00A000C2686000B8DE
:10B8C000B8B91F610D49181200A0308801B9116183
:10B8D00000C30000C0FF3110312800BC002D0C75E2
:10B8E000115418AC01EC312DF47019645113415509
:10B8F000312C009300A0511010D80C720698A81794
:10B9000001D804710E6500A000C3C00FFEFF50B245
:10B91000313A014250AA00A006986C07FFB0867821
:10B9200008715CB86B786E7800C2548001B800C0B2
:10B93000D81F00A004100812B822217A237A52B826
:10B94000417801B80C6021A809B819604CA800C062
:10B95000FFD1C1FF4FB2013A00C0002E30000142BA
:10B960004FAA24B86E78ACB9FFB004D804714CB9B2
:10B9700023A90698C20500C0139001000698480547
:10B9800000A000C0401F00A017B1181006980A05BB
:10B9900019B81460FFB28C620F32826A2140069897
:10B9A000480549BC21B952B849B207DE2A7105DE03
:10B9B0000871627C607C1D0C6179677864786B78B3
:10B9C0006278657863786078617C010C010C687836
:10B9D000020C69786C78020C00C22C8001B8277ABE
:10B9E000287A267A6A78050C41790A0CB11040D879
:10B9F00006710298DE06784A2B7A327A584A247AFF
:10BA000000C400011100404A00C010840000081268
:10BA1000508800C584100100FBAD10BD01BB8A6BCE
:10BA200021B9FAA9C44A1812217A227A00C01C1F2F
:10BA300000A00410FCA88264411030300129F9A94B
:10BA4000F8ADFBB08260FBA80330A065211004486C
:10BA500020EC237A0410037A184A2411DC4A015896
:10BA60000029241004753150F8B1115081632A71F6
:10BA7000514031400812FCB18461FCA90F310E71B4
:10BA800017B0112817B111591028FA76C44AF9B124
:10BA90001812217A227AA07000950812F8A800C224
:10BAA0000C8001B8207A844A00B80812020CA44A1B
:10BAB000087A020C21B84178784A0B7A127A00C2CF
:10BAC000C81F00A0FFB008D80472184A241000DC78
:10BAD0000A7140A80422241041A80698980200C2C6
:10BAE000301F00A02410015100C4FF0100004139A3
:10BAF0001150081200A006986C0700BC00C20C8010
:10BB000001B8217A52B84978020C4878020C49B839
:10BB1000417852AC21AC204A087A067A077A49ACBF
:10BB200000C0481F00A017B1181000A059B84078F5
:10BB30005AB101D9FC72427857B8407858B101D94E
:10BB4000FC72427800A000C20C8001B8217A227AEF
:10BB500021B8547852B8BC4A24119979127107B9A6
:10BB600015614CA9617800BB03BC0C64147009B961
:10BB700019614CA9417801BB126300C4002E30004A
:10BB800000C0FFD1C1FF4FB1013941414FA9E44A83
:10BB9000C8B8081224AB4CB823A80698C20500C048
:10BBA000541F00A017B1181000C004900100FFB18D
:10BBB0008679047108480698480500C0800900404D
:10BBC00040A809B8FFB108D9047103B853A8B1104F
:10BBD00004D80C7156BB607B57BA627A607A02D87F
:10BBE0000C7156BB607B59BA627A607A04B86E7881
:10BBF0003DB8607800C05638000000C1B08001B880
:10BC000014119979087200C0D604000000C124C044
:10BC100000B814119F79047208484CA82EB8FFB1DF
:10BC200008D906714AA804704BA80FB834A800C000
:10BC30000C5E000046B2014246AA00C12C4001B889
:10BC4000141108610631087100B90698A61106980A
:10BC50009414B11101D90E710698F81B02D906721D
:10BC60000698020D06988E14511406989A0400C086
:10BC7000501F00A017B11810069880110698BE1723
:10BC800000A00698A81701D80A711CB85B7807B8FD
:10BC9000757800B84CA84AA84BA800C0F321FFFF54
:10BCA00046B1013946A904B86F7800A000C0441F0E
:10BCB00000A017B11810FABC1964415C512C00C0E7
:10BCC000581F00A00410012C067506989A040698C7
:10BCD000DA0FB110186005D8347140BA06986414B0
:10BCE0001DBC7F7C04B86578911004D816711CB80F
:10BCF0006E7800C0684000B821780698CE110140E7
:10BD00000872427C0698A0140298C00B1DB8717886
:10BD100004B86C7841B8427863784478FFB104D9AC
:10BD200006720298180A00C004900100FFB18679DB
:10BD3000047108480698480500C3141F00A000C2FB
:10BD400074C000B82414481300BC48120C4B1C4AA1
:10BD50002414481300BC4812384B584A2414481382
:10BD600001BC48124ABA447A427A4BBA447A427ABF
:10BD7000FFB086780472617A4CBA647A657A3DBA0B
:10BD8000607A4DB942B83FBB5B7966796179020C44
:10BD90006479050C63796079050C627965795A7963
:10BDA00000C2340102B8241305B8196031400812EA
:10BDB00042B86A78020C4A78020C40BCFFB208DA3A
:10BDC00006714ABA06704BBA627A657A677A667A01
:10BDD0006A79667B0298F20A00C3141F00A000C2B1
:10BDE00074C000B8241448130C4B1C4A2414481384
:10BDF0003FBC48121C4A00BC4812384B444A241429
:10BE0000481301BC48124ABA647A627A4BBA647A1F
:10BE1000627AFFB3867B0472617A4CBA647A657A7F
:10BE20003DBA607A01D94E71647800C1708001B862
:10BE300000C08000080008110698E80B42B861783D
:10BE40004DB97F797E796A7868786278020C7B795F
:10BE50000F0C7A79140C7479417860787579050C37
:10BE6000FFB208DA06714AB804704BB8657801BCB5
:10BE70001664407002D93C710698E80B42B84DB97F
:10BE80006878407841787F797E797B790F0C7A7970
:10BE9000140CFFB208DA087171794ABA0670707929
:10BEA0004BBA7279657A6A78020C4A78050C01BC43
:10BEB0001664020C417940790C0C00C04C0102B8A8
:10BEC00048100698FA0400C4784000B8007C00C00E
:10BED0008C1E00A0041180D93271911104D92C72EA
:10BEE0007F201D200411FD310DDD207200C0448033
:10BEF00001B80411E521147600C0244001B80411F2
:10BF00008A790871207C104C207C2AB86278511400
:10BF100000C0581F00A00410012C17B00111876841
:10BF2000015841280E7605218769415C412D112D6C
:10BF3000067006989A0400C0541F00A017B118108C
:10BF400042B84DBB7C7B6478020C29B868785114E8
:10BF50004044067506989A0442B844782AB8427854
:10BF6000FFB101D90C7100C1548001B8CBB80811E0
:10BF700000C04C1F00A017B11810911004D8147104
:10BF800000C08C1E00A0041080D8067107B853783A
:10BF900000F807B800C1B41E00A000C220C001B85C
:10BFA00024122811777800F8B11094783871069827
:10BFB0009802E4B911591128067600B80C70A0B99E
:10BFC000115901290475A0B8826000C3C01F00A0E8
:10BFD0003413012B341000C3FFFF00FF42B131398D
:10BFE000114042A800A01DB09178FA7142B864785F
:10BFF000020C00BA29AA00C4548001B842B84DB955
:10C0000000C3C04001B83413977B047240EC020CAB
:10C0100044785C7953AA0A0C281442B84DB9FFB38E
:10C0200001DB2671244C00C3FF0FFF013814547943
:10C03000407841785579020C5B795A79140C5F7914
:10C040005E794A784278347002DB14715279517902
:10C050005079020C5B795A795F795E791E7004DB46
:10C060001A7100C4FF07000000C3342102B848134E
:10C070003FBB467B020C5B795A793DBB407B4CBB96
:10C08000447B457B00C3181F00A03414403C207142
:10C0900000C068C000B8481028130C4B1C4834146A
:10C0A00048102813344B44483414481028134AAA23
:10C0B0004BAA04B86D781DB851785CB84B784E78AF
:10C0C00000A000C074C000B80411108800B9181096
:10C0D00068480411108801B90B6118102C4804112C
:10C0E0001088008800C1231C000018104AB864782A
:10C0F0004BB86478260C28B000C1FFFF0FF0113850
:10C1000071B90B61114028A828B97379747900C2FC
:10C110001010303045AA54790E0C00C0E84001B828
:10C12000041100C23030101045AA0E0C0410008813
:10C1300010880698C40D0091009020888F618F6050
:10C140000698C40D0090886A21400112906A035835
:10C1500000C13F3F00001138FFBC022441281138C4
:10C16000014245AA28B953794AB844784BB8447873
:10C1700000900091181000912C4818100091684808
:10C18000181000A09168436091694361115B012B15
:10C19000112841603128315B00BA302806763128F9
:10C1A000204A4163302806763128104A41633028FE
:10C1B00006763128084A4163302806763128044A39
:10C1C0004163302806763128024A416330280476DC
:10C1D000014A00A0115910D906710860086008D9F9
:10C1E0000471086004D90471046002D9047102600A
:10C1F00001D90471016000A000BA01D8067101489C
:10C20000112A1F61016001D8F6720138F67200A090
:10C2100000C220C001B82412115921291273002133
:10C220000E7100C238C001B824120121212900A0DA
:10C2300002B020D8147100C0981E00A0041002B9EA
:10C2400045790698CC13EA7003B09F78087200B85D
:10C2500006A800F806986C0700C5641F00A0508867
:10C26000044D1CBC00C09C1E00A0811101D91E7190
:10C27000407C009501153C4D5088044DFFBB186370
:10C28000315B04110698500E3129F8750698CE1AC4
:10C2900054150698F81B01D908720698860706708F
:10C2A00006982C081CBB547B0698A81701D8067268
:10C2B00002987C0FFFB901211038F67281129B7A27
:10C2C000F07100C2448001B8241400C0A81E00A070
:10C2D000041001130020041040500C7200B906989D
:10C2E0008A0F18B90A7018B906988A0F00B900B8F1
:10C2F0000698800F704A08B80698800F00C2284040
:10C3000000B814B80698800F00C2EC4001B80CB811
:10C310000698800F202210B80698800F1088308869
:10C32000069886070093009106988A0F00C0AC1EFD
:10C3300000A00412FFB9012121411810009500F856
:10C34000312811280410081200A004B8312811283F
:10C35000F8B1181000A00698C2080E700698260CB6
:10C360000698C2080698C812069836079112211935
:10C3700000C02C4001B80A78097800F810B901BA59
:10C3800006985A14069880110698BE1700C5641FB7
:10C3900000A081109D78FC7200F8911203321CB944
:10C3A00000C38C1E00A0341300C4B04000541DB85C
:10C3B0004278707903DE067144783E707179A1107D
:10C3C00020D80A71069886070298B21080DB1C718B
:10C3D00002D8187205B80814A110103002480814C9
:10C3E00000B808149110086008141DB86278A110F4
:10C3F00000DC0676517900BA911120311D6191104F
:10C4000004D80E7200C1381F00A0141101D90A719E
:10C4100020880698A611009200C1204000B801DBD8
:10C420001871084C03DE0471904C441400C3FF1FC4
:10C430000000413BFF233811944900C3384101B843
:10C440003413086380DB0C7103BA186206989A10E3
:10C450000870186206989A100C4908790979141026
:10C460002140081100A000BD0698720210B903DC3B
:10C47000047100B901BA06985A1402D90671004035
:10C480004E7203B118610F310698CE11FFD8287291
:10C49000811008D8187106DD0A710698720203DC53
:10C4A0000C72069812120698A0140C7006DD10711A
:10C4B00006981812487020B804A806DD1072069875
:10C4C000C2080698360701F840B804A800F800C072
:10C4D0008C1E00A00413086301DB2271911001116E
:10C4E000186111381DB910D8087144790298B2103A
:10C4F00002DBFA72A11328DBF47203BD06987411F3
:10C500000698C20800C5681F00A00698720200BA0B
:10C5100003DC1672044DA11002D804711C4D00C139
:10C520000CC101B80698B6045415212D069858057B
:10C530000298EC089110015503355150011900A0E3
:10C5400000C1341F00A0141001D8427101480860D6
:10C55000FE200E75811020D8087100C1381F00A080
:10C56000141101D9287100C02C4001B804122151C6
:10C5700008610F3118611152281000C0084001B83D
:10C5800004119112215120311152211900A081135F
:10C5900080DB067201B800A000C314C001B83410DB
:10C5A00006302E726C4B34121C4B34101860023063
:10C5B0002072811080D8DE713410014A0862046054
:10C5C000803021508C480A717F234D233410013074
:10C5D00000A000BD069874111CB8477845784378D0
:10C5E00002B8447800A00698C2080698121200C546
:10C5F000741F00A05415069858050298EC08B11352
:10C600008F7B0A7200C384C40350017B0698941484
:10C6100000C1384101B814118F790E7100C1B840C2
:10C6200000B800BA06989A1050BA06986414069892
:10C63000CE11FFD84A71911004D848728110086059
:10C640001CD8407220D938721112FF322151347136
:10C6500080218021111400C0C01E00A00413FFBA65
:10C660003151113A215111531DB938107B79404491
:10C670000E7200B900C2941E00A01812067004B811
:10C68000607806988E1400F800B900C2A4400054E7
:10C690001812644A0AB918121CBA507A517A1DB994
:10C6A00042795F7900A00698720207DC107291103F
:10C6B00000200A750698C8120298C80F0698360717
:10C6C00001B9911004D8047100B910BA06985A142F
:10C6D00000BA0040347100C08C1E00A00411086133
:10C6E00001D9127104D9E2728110086001D8DA719F
:10C6F0001DB8647800C11CC101B80698B60401B821
:10C700001160002A047600BA0698C81200C5781F86
:10C7100000A05415212D0698860700C57C1F00A097
:10C7200000F800BC811108D9167280D9207201B9B5
:10C7300010BA06985A1400400E7101BC1070069889
:10C7400012120698A01420B804A800F80698C8127F
:10C7500081110231127100B900C214400054181244
:10C76000244A02B918120698121200C5801F00A0B0
:10C7700054150698561B0298EC08041101211471F7
:10C780001CBA737A04200412281104200411012118
:10C79000F47200A00698FA0401F80698A81701D8C8
:10C7A0001671FFB9012110380E7281109B78087143
:10C7B00004B9677900F8911010D8287100C51CC120
:10C7C00001B854110698500E00C5B01E00A05415B3
:10C7D0005129EA7507B876781DB8447801B804A8DD
:10C7E00000F8B110186010D82E7100C050400054ED
:10C7F00000C3084000B83114984C4411341108614A
:10C8000001D9FA7144122810086228100862281011
:10C8100008622810E8700298AC0206988E0211385F
:10C8200004721E6202BB00C1C01E00A01411203998
:10C830000C72911210DA0672417B00A006989414D3
:10C8400000C28C1E00A0241220DA0472617B1CBA84
:10C85000527A00A01CBA727A811204DAFC7200A02B
:10C860001CB86B7800C0684000B82F7800A006980C
:10C87000BA110698A81701D83A7100C22C4001B825
:10C8800024100360911120310151383111501D6085
:10C8900008121DB9537900C2448001B8241200C0A7
:10C8A000A81E00A0041018200020041020500471BD
:10C8B000737910631EB9637900B902EC00CD11459C
:10C8C00002EC00CC01DB087100BB02982C1903B804
:10C8D00041110731FA211C760621911210DA0871F4
:10C8E00002DD10721E7020B80698140E30381472D3
:10C8F00008B80698860400C02C4000B82978207833
:10C9000000F8056020D806710298661602EC00CA8D
:10C9100005B823DA187104DBDA7120DAD67110DA7F
:10C92000D2721EB8617800B801DA067202EC00C853
:10C93000911110D9267100C1A01E00A01411115030
:10C94000FF300C720761A110115002300A7180DBB8
:10C950000A720AB89E701DB97C7918609111114055
:10C960002111C031114001191EB8411108D90471BB
:10C97000667820D904726578A11002D80672C0DAF0
:10C980001E711EB8273123DD087210DB107260782B
:10C9900025DD0A7121DD087208DB0471627803B8B5
:10C9A000411107310872A1152035AA7102DD2072EC
:10C9B000A11120D9A07102D91672CCDA9872411156
:10C9C00040D9927206B8054D5A7202980815211185
:10C9D0004049C0D94C71A0314115403502655141E3
:10C9E0000461086308DA1E7204DA36721049A11570
:10C9F0000235067110DB0E7201340A7108DB2271F8
:10CA00001EB86778CC3211101A300ADC0872CCDEFE
:10CA10000471FD3100C00D0F0C0D216001D85C7256
:10CA200007B80298321500BA411108D90C7102EC0E
:10CA300000CA05B830DAEC720734F031036101DA6C
:10CA40000471014900C0F300A3E3216001D8D27151
:10CA500000C09814406821604030014440DA0471FD
:10CA6000204C04320262204A111006301F6001423D
:10CA700018311D61114202985015204A00C0051757
:10CA800008502160113001422088FFBB0DDA50713F
:10CA900000C1DE1B250180BC04DA107208DA0A72BC
:10CAA00000C120841000E024A024086341430264F4
:10CAB00001DA06711E49024B00C0081F00A008637E
:10CAC0003810BC2002DA127101B91159A11380DBB0
:10CAD000087100C100FCFF0118100298B81800C4CA
:10CAE0008C1E00A0441080D87C710092D0DA0671B0
:10CAF0000DDA0C711EBD437DEFBD06981003046274
:10CB00000DDA8672A11105D95C7100C24040005453
:10CB100024121024281401D9067202D9327140D986
:10CB20001E7102EC00CA211018320471FA2220D8BA
:10CB300004720822FE22087502EC00C8F87001D9C0
:10CB40000E7102EC00C802D9067204DC187200C033
:10CB50008C1E00A004101D6001D806711EB86478F8
:10CB600007B8737802982C1900C08C1E00A004101E
:10CB700080300A7100C0AC1E00A0041000A006980E
:10CB8000A81701D82E71911010D828728110A0D842
:10CB9000227203B084781C7200C12C4001B81410BA
:10CBA0000DBA487A697A6B7A08111CB87B7807B895
:10CBB000757800A0641000C6881F00A0C3B806984E
:10CBC000780200C42C1F00A014BA281400B8011A5F
:10CBD000B1108F780A7200C084C40350017891109C
:10CBE0001030011905BA0698641402D9067101B80B
:10CBF00004A800C08C1E00A0041380DB06710298FC
:10CC0000AE141DBA7C7A01DB6A7100C20C1F00A051
:10CC100024111114FF3402EC00C8FF24FA760861D5
:10CC20000698240E046111380F30046111140111AB
:10CC300041100698240E01D8087203B802983215E4
:10CC40001C4A01DB22712410112811280412023021
:10CC50000471106200C0FFFF0000213800C22040B4
:10CC600000B8FF200812411008600698240E01D871
:10CC70007C7120BC1033767100BB00C1081F00A07E
:10CC80001415C021112C511218620F320E714088F8
:10CC900051140698541941430094511208651C62BE
:10CCA0000F320E7141115114069854191C644143FE
:10CCB0000865513B00C1C41E00A0141111123110AF
:10CCC0000F30127100BA056101D804711142016080
:10CCD0000FD8F472311003601E30047201B8003AAC
:10CCE000087204B80298321502981E1700C0384125
:10CCF00001B804118F7914717F2069200411086133
:10CD0000303110DD06711DBA637A0698BA110698A3
:10CD10000E0300F830885088FF34087102ECFF24BD
:10CD2000F87002EC00CD1410595001440421FF2288
:10CD3000F2720F4C0095009300A000C1901E00A05D
:10CD4000141100A030880698A81B8111086102D92F
:10CD5000067202986C1A1CBB557B086120D90671BB
:10CD600002985C1A0088A110186006987A190821A8
:10CD70001415FC251EBB5C7B5D7B00C1084001B81F
:10CD800014110731FE21307608D82A725113FC2382
:10CD9000341304DB20711863FF33315B00C110C012
:10CDA00000B81411086180490C71FF313029607599
:10CDB0001EBB7B7B1C707B7B7C7B00DD04717D7BE1
:10CDC00001BB3815811318634033067107BB717BB3
:10CDD000EC25541300DF5471042505DF54715415FC
:10CDE000211120880698500E009251293E7500C1ED
:10CDF000084001B8141102DB0C710731315B312995
:10CE00002A760C7004DF0872016180D91E720698C0
:10CE10007A1900C010C000B80698EC1B06987A1961
:10CE20001411FFD960720298B21A0090009300A00A
:10CE30005415A111186110D9A672082508D8A0713F
:10CE4000082510D89A71208821110698500EFC25CB
:10CE50005412112AF82554110C2520D80871F025F8
:10CE60005411102520290476215918150092029892
:10CE70001E1A07B97179811010D80A711CB844784C
:10CE800002B841781CB9747904B9677900F8811047
:10CE9000A0D808711CB9497900A0086002D8FA71BD
:10CEA00006987A19108806989414106210DA08719E
:10CEB00008211415F025541100C20020FEFF20297E
:10CEC00012750698F81B01D90A720698C2080698CE
:10CED000360700941CBB41100C200698BA13411170
:10CEE000082114100698BA13312844111112086150
:10CEF000FF31FF32012210521072186118140424FD
:10CF00004413042438140C701861214118140824A7
:10CF1000081402988E144044147100C1941E00A09D
:10CF2000141551131C630FDB0C72196506980A0562
:10CF3000411500A000C3784000B83413807B06720E
:10CF4000069836070698941408BB51140698161BC9
:10CF50004415FC25541500C3784000B83413807B79
:10CF6000047100A0029858051CB900C38C1E00A0D3
:10CF70003413086308DB1A718113A0DB0671497949
:10CF800010706979086302DB087204B9677900F8E8
:10CF900000A08111086102D910711CB97579069839
:10CFA0007A191411FF3100A0FFB900A00410082164
:10CFB0001411F421081100A08111106110310E71BB
:10CFC00006987A1908211411F821141100A0000004
:10CFD00028D203000000000000D003000100000080
:10CFE0000000000000F0490228D203000000000009
:10CFF00024D00300010000000000000000F04902FE
:10D0000048D003004063598F404B4C000B000B008D
:10D010001A00FF7FD8480020000000000000000038
:10D020000000000038D103004063598F404B4C0092
:10D030000B000B001A00FF7FD84800200000000002
:10D040000000000000000000FC1F010328D40300C2
:10D050001CC0011000F807001CC0013014020800B9
:10D0600050C00100874130042440060107006200DF
:10D070003870000000000000000000030068010F8D
:10D0800040B8244058400101FC006900804005017F
:10D090002363E0119BC34A74F00300000380000087
:10D0A000BE0A0000E040010133000000F04004012E
:10D0B000590B0000640483078813C83A90200A00C3
:10D0C00028410101001E00003C410B0100148C00AE
:10D0D000141A21282E343B42495043557698BA0CF5
:10D0E00028690000010000000721286414171A00B5
:10D0F0002004C869A1203A093C420101290000002E
:10D10000A080020170780300D5C00000A880011142
:10D11000F0010000A88001310542CB01AC80011173
:10D12000F0010000AC80013105228D00B0800101CA
:10D1300000030002FFFFFFFFFC1F010378D4030080
:10D140001CC0011000F807001CC00130F5020800E7
:10D1500050C001008741300C2440060107C0520036
:10D1600000000000000000000000000300000000BC
:10D1700000000000584001016402FF0080400501EA
:10D180004B01A0089BC34A74F0030000000000009C
:10D1900000000000E040010133000000F040040105
:10D1A00000000000640483078813C83A9C200A002A
:10D1B00028410101031000003C410B010000000068
:10D1C000000000000000000000000000000000005F
:10D1D000000000000100000000000000000000004E
:10D1E00000000000000000003C42010100000000BF
:10D1F000A080020170780300D5C00000A880011152
:10D20000F0010000A88001310542CB01AC80011182
:10D21000F0010000AC80013105228D00B0800101D9
:10D2200000030002FFFFFFFF0C400200018014001A
:10D230007F400000204002000000000000000000CD
:10D240003040070000000000000000000000000067
:10D25000000000000000000000000000A007000027
:10D2600050400100000000005C400200000000008F
:10D2700000000000A840010007000000B4400400C6
:10D2800000400000FF4C000000410000FF4D000086
:10D2900008C001000000000020C00110FF000000D5
:10D2A00020C001300043000024C00400EC80B30320
:10D2B0004375A802000000002E02000054C00300C5
:10D2C0000E2D09E654060708D1B6020064C0080016
:10D2D0000430000040201006C8F248181FE8F6008D
:10D2E000BD4B721511A3180510325476980A000030
:10D2F00088C00100000000000800010104070000D0
:10D300001800010100000000200001010884000055
:10D310001C4002011000000020F913045C400501CC
:10D320004108000001000000B0070800A70000004D
:10D3300000000000944007010101103050707F7F11
:10D3400000000000000000000000000000000000DD
:10D3500000000000E440010100000000EC40010179
:10D360007DA8D98B0041020100612000B75635121B
:10D370000C410301F95412002030042988BB4000FD
:10D380002441010100000000304103016406660CE5
:10D390000C010000E853FA006841030164048307AC
:10D3A00088138200000000003042030100000000EA
:10D3B0000000000E000000004442010100000000D7
:10D3C00010800101030000003880020111491000A3
:10D3D0000100000088800101000000009C80010124
:10D3E000EB400200B4800101370000018800020216
:10D3F000000C00044C000000940001020004000036
:10D40000D00002020E00000090029608E400010223
:10D410003D094204F400010200000000180101026D
:10D4200060005102FFFFFFFF10000000666666000B
:10D4300000000000D4D40300C8D4030000000000A2
:10D44000001A9A00005A620280841E000420FE0026
:10D450001149500200000000000000000000000020
:10D460000000000000000000B0841E00000000006A
:10D47000000000000000000010000000666666006A
:10D4800000000000D4D40300C8D40300000C000046
:10D49000001A9A00005A620280841E0004200000D4
:10D4A00011495002000000000000000000000000D0
:10D4B0000000000000000000B0841E00000000001A
:10D4C0000000000000000000E1190000E119000068
:10D4D00000000000193F01060410010000010106D0
:10D4E00000102700000900000000000000000000FC
:10D4F000F90F0100A90F0100B50F0100A1100100F3
:10D500000F480300314E0300354E0300414E030027
:10D51000394E03003D4E0300FFFFFFFFFFFFFFFFFB
:10D52000000002010A000080BB4D0020B44D002025
:10D53000A94D0020B74D0020B94D0020B84D002066
:10D54000B64D00209A4D00200D430020A24D002032
:10D55000A04D0020A84D002036420020E54D0020BF
:10D560009F4D00203342002030420020FA4D002021
:10D57000B34D002084430020E24D00201102030639
:10D5800007082B2C1910131C1D20222A2E3334358A
:10D5900037FF80556E737570706F727465642063A9
:10D5A0006F6D6D616E6420494420257800777600A8
:10D5B0007576007575007775007775620075770070
:10D5C0007575620075627570000000000110000042
:10D5D0004EAF0300021000004CAF03000302000036
:10D5E0004AAF03000510000038AF03000708000031
:10D5F00042AF03000002000050AF0300040200002D
:10D6000048AF0300095C00003EAF03000A140000AD
:10D610003AAF03000D02000040AF03000C08000009
:10D6200052AF03006C6F7765722D6D61632D72616F
:10D63000696C2D3830322E31352E342E63006C69F2
:10D64000627261696C2E610000010304756E636C87
:10D6500061696D6564006275666665722D6D616EE7
:10D660006167656D656E742E63006C6567616379D3
:10D670002D7061636B65742D6275666665722E63CD
:10D68000006576656E742D71756575652E63000095
:10D690000700100008001A00060011000200110027
:10D6A0000400040001000400090008000A000A0048
:10D6B0000B00020000000000BBD8030061D803008B
:10D6C00000000000BCD8030055B2030000000000B9
:10D6D00050B1030052B103000000000054B1030038
:10D6E00039D80300D1D8030026D9030051B1030073
:10D6F0000000000055B1030092D503004FB10300B4
:10D7000005D9030053B103004EB103000203040521
:10D7100008090A0B0001020304051D208700080008
:10D720000000AA00FFFFFFFFFFFFFFFFFFFF7A6976
:10D73000676265652D737461636B2E630000000082
:10D74000D19D020089AE01007DE90100A5D502004E
:10D7500089EC0100CD6B0300CF6B0300D16B03009C
:10D76000D36B0300D1660200213C0200ED8302006E
:10D77000ADCF020019D50100CB6B0300D9400200E8
:10D78000F9BC0200F9C301007D63010095F40200B9
:10D79000D9CB0100C7260300000000007A69676248
:10D7A00065652D75707065722D6D61632E63006EF9
:10D7B00065696768626F722E63006173736F636976
:10D7C0006174696F6E2E6300003F1B901B194A93B2
:10D7D0000000130000000000000000000000000036
:10D7E00001000000AD440200020000001D800300A3
:10D7F000030000000944020004000000997F0300B8
:10D8000005000000A9430200000000000000000025
:10D810000023001B2200FF00000000000C09020290
:10D82000000000001C1A0B0303FF0608040202029A
:10D8300004020A0B030302030480FF0204FF010138
:10D84000010108000000000000000031383231738F
:10D85000005A6967426565416C6C69616E63653049
:10D86000398031343232310031323100327300319B
:10D870003232313132003238310038313100313812
:10D880003231310031323131313231323232317371
:10D89000003132313132323100323238000000187A
:10D8A0003810300000000000008F8E8C80726F7581
:10D8B00074652D7461626C652E630081815A69679D
:10D8C000426565416C6C69616E6365303906080CB0
:10D8D00010806D61632D6D756C74692D6E65747744
:10D8E0006F726B2E63003131313131310063686901
:10D8F0006C642D68616E646C696E672D7232322EB5
:10D900006300000000806D61632D696E666F2D6598
:10D910006C656D656E742D70617273696E672E63D0
:10D920000038343132008000000000000000003276
:10D9300031323231313134003131313234383131F8
:10D940003232313100383132323131310038314701
:10D950000031323232323232323200383200383133
:10D9600031320038313132320010270F51421B3929
:10D970000F390F1C06000A0026002A00008050689C
:10D980004C6900000000434C534E000000000000B2
:08D99000F071FC7F01000000B2
:0CD99800A4D90300004800207204000025
:10D9A400644800200C48002080480020A016002075
:10D9B4000C9D030002000000B54C0000A0160020DE
:10D9C400F2000000414D0000C0EA2101C0EA21013B
:10D9D4000080000000F04902FFFFFFFF40480020E4
:10D9E400006007000080000068180020C8000000E4
:10D9F400FE00000000000000849D03009810002039
:10DA0400FFFFFFFFB81F0020D49E030004000000A6
:10DA1400217D0000B81F0020020000009F1B0300AE
:10DA2400D01F0020EA9E0300030000004D82000086
:10DA34005CA90300330000009DCF00000F0000002C
:10DA4400EF440300E8B20300FFFFFFFF6347030056
:10DA54005F470300FFFFFFFF6747030020C001B8D3
:10DA6400FFFFFFFFD9390100FFFFFFFFFFFFFFFFAB
:10DA7400FFFFFFFFFFFFFFFFFFFFFFFFFFFFFFFFB2
:10DA8400443100203D61010000000000FFA20300BA
:10DA94000000000000000000000000000000000082
:10DAA400443100201D61010000000000FFA20300BA
:10DAB4000000000000000000000000000000000062
:10DAC40044310020A176010000000000FFA2030001
:10DAD4000000000000000000000000000000000042
:10DAE400D04900200000000000000000B0490020E0
:10DAF4000000000000000000904900200000000029
:10DB04000000000070490020000000000000000038
:10DB140044310020195D030000000000FFA203004F
:10DB240000000000000000000000000000000000F1
:10DB340044310020135D030000000000FFA2030035
:10DB440000000000000000000000000000000000D1
:10DB5400443100200D5D030000000000FFA203001B
:10DB640000000000000000000000000000000000B1
:10DB740044310020075D030000000000FFA2030001
:10DB84000000000000000000000000000000000091
:10DB9400204A002000000000004A0020000000008D
:10DBA40044310020955D030000000000FFA2030043
:10DBB4000000000000000000000000000000000061
:10DBC400443100208F5D030000000000FFA2030029
:10DBD4000000000000000000000000000000000041
:10DBE4006400000020A1070000000000CD9E010099
:10DBF400000000006B4300200000000044310020BE
:10DC0400AD9C0100A5C10100FFA2030000000000BB
:10DC1400000000000000000000000000443100206B
:10DC240075AA010000000000FFA20300000000002C
:10DC3400000000000000000000000000443100204B
:10DC440005B60100A5C10100FFA203000000000009
:10DC54000000000000000000000000004CD603009B
:10DC64004431002039C8010000000000FFA2030075
:10DC740000000000000000000000000000000000A0
:10DC84004431002015E2010000000000FFA203005F
:10DC94000000000000000000000000000000000080
:10DCA4004431002025E8010000000000FFA2030029
:10DCB4000000000000000000000000000000000060
:10DCC40044310020E9FD010000000000FFA2030030
:10DCD4000000000000000000000000000000000040
:10DCE400B80B000044310020D503020000000000FE
:10DCF400FFA203000000000000000000000000007C
:10DD040000000000443100202D0F0200000000003C
:10DD1400FFA203000000000000000000000000005B
:10DD24000000000044310020F51002000000000053
:10DD3400FFA203000000000000000000000000003B
:10DD44000000000044310020B51202000000000071
:10DD5400FFA203000000000000000000000000001B
:10DD64000000000044310020AD1702000000000054
:10DD7400FFA20300000000000000000000000000FB
:10DD84000000000044310020091E020000000000D1
:10DD9400FFA20300000000000000000000000000DB
:10DDA40000000000443100200B8403000000000048
:10DDB400FFA20300000000000000000000000000BB
:10DDC40000000000443100209D8302000000000098
:10DDD400FFA203000000000000000000000000009B
:10DDE4000000000044310020F59C02000000000007
:10DDF400FFA203000000000000000000000000007B
:10DE040000000000D79003004431002015D0020028
:10DE1400A5C10100FFA203000000000000000000F3
:10DE240000000000000000004431002075D602000C
:10DE340000000000FFA2030000000000000000003A
:10DE440000000000000000004431002089DC0200D2
:10DE540000000000FFA2030000000000000000001A
:10DE64000000000000000000443100204DEA0200E0
:10DE740000000000FFA203000000000000000000FA
:10DE8400000000000000000044310020EDED02001D
:10DE940000000000FFA203000000000000000000DA
:10DEA40000000000000000000C4D002000000000F5
:10DEB400343200209C320020043300200000000093
:10DEC400000000000000000000000000000000004E
:10DED400000000000000000000000000000000003E
:10DEE400000000000000000000000000000000002E
:10DEF4000000000000000000FFFF0200CEFAEFBEA9
:10DF04002C01B80B2C0140061027FFFF04F8FFFF7B
:10DF14000C0000000000010000004000FDFF2C0187
:10DF24009C000000FFFFFDFFFFFFFFFF60EA800091
:10DF3400800010C1CDABFFFF01010F01D80F01021A
:10DF440008031E200516010C01320C080520FA07EF
:10DF5400050705101A01DC0808100120010104015D
:10DF6400030101FF0C01FF405AB4103020407F012F
:10DF740050403000FFFFFF0B03FF64FF01FF050B60
:10DF84000101FF03010305020201FFFFFFFFFFFF81
:10DF9400FFFF010102FFFFFF40FF01018001FF01BC
:10DFA400FF0000005D4B0000354B00000000000046
:10DFB400000000000000000000000000000000005D
:10DFC400000000000000000000000000000000004D
:10DFD400000000000000000000000000000000003D
:10DFE400000000000000000000000000000000002D
:10DFF400000000000000000000000000000000001D
:10E00400000000000000000000000000000000000C
:10E0140000000000000000000000000000000000FC
:10E0240000000000000000000000000000000000EC
:10E0340000000000000000000000000000000000DC
:10E0440000000000000000000000000000000000CC
:10E0540000000000000000000000000000000000BC
:10E0640000000000000000000000000000000000AC
:10E07400000000000000000000000000000000009C
:10E08400000000000000000000000000000000008C
:10E09400000000000000000000000000000000007C
:10E0A400000000000000000000000000000000006C
:10E0B400000000000000000000000000000000005C
:10E0C400000000000000000000000000000000004C
:10E0D400000000000000000000000000000000003C
:10E0E400000000000000000000000000000000002C
:10E0F400000000000000000000000000000000001C
:10E10400000000000000000000000000000000000B
:10E1140000000000000000000000000000000000FB
:10E1240000000000000000000000000000000000EB
:10E1340000000000000000000000000000000000DB
:10E1440000000000000000000000000000000000CB
:10E1540000000000000000000000000000000000BB
:10E1640000000000000000000000000000000000AB
:10E17400000000000000000000000000000000009B
:10E18400000000000000000000000000000000008B
:10E19400000000000000000000000000000000007B
:10E1A400000000000000000000000000000000006B
:10E1B400000000000000000000000000000000005B
:10E1C400000000000000000000000000000000004B
:10E1D400000000000000000000000000000000003B
:10E1E400000000000000000000000000000000002B
:10E1F400000000000000000000000000000000001B
:10E20400000000000000000000000000000000000A
:10E2140000000000000000000000000000000000FA
:10E2240000000000000000000000000000000000EA
:10E2340000000000000000000000000000000000DA
:10E2440000000000000000000000000000000000CA
:10E2540000000000000000000000000000000000BA
:10E2640000000000000000000000000000000000AA
:10E27400000000000000000000000000000000009A
:10E28400000000000000000000000000000000008A
:10E29400000000000000000000000000000000007A
:10E2A400000000000000000000000000000000006A
:10E2B400000000000000000000000000000000005A
:10E2C400000000000000000000000000000000004A
:10E2D400000000000000000000000000000000003A
:10E2E400000000000000000000000000000000002A
:10E2F400000000000000000000000000000000001A
:10E304000000000000000000000000000000000009
:10E3140000000000000000000000000000000000F9
:10E3240000000000000000000000000000000000E9
:10E3340000000000000000000000000000000000D9
:10E3440000000000000000000000000000000000C9
:10E3540000000000000000000000000000000000B9
:10E3640000000000000000000000000000000000A9
:10E374000000000000000000000000000000000099
:10E384000000000000000000000000000000000089
:10E394000000000000000000000000000000000079
:10E3A4000000000000000000000000000000000069
:10E3B4000000000000000000000000000000000059
:10E3C4000000000000000000000000000000000049
:10E3D4000000000000000000000000000000000039
:10E3E4000000000000000000000000000000000029
:10E3F4000000000000000000000000000000000019
:10E404000000000000000000000000000000000008
:10E4140000000000000000000000000000000000F8
:10E4240000000000000000000000000000000000E8
:10E4340000000000000000000000000000000000D8
:10E4440000000000000000000000000000000000C8
:10E4540000000000000000000000000000000000B8
:10E4640000000000000000000000000000000000A8
:10E474000000000000000000000000000000000098
:10E484000000000000000000000000000000000088
:10E494000000000000000000000000000000000078
:10E4A4000000000000000000000000000000000068
:10E4B4000000000000000000000000000000000058
:10E4C4000000000000000000000000000000000048
:10E4D4000000000000000000000000000000000038
:10E4E4000000000000000000000000000000000028
:10E4F4000000000000000000000000000000000018
:10E504000000000000000000000000000000000007
:10E5140000000000000000000000000000000000F7
:10E5240000000000000000000000000000000000E7
:10E5340000000000000000000000000000000000D7
:10E5440000000000000000000000000000000000C7
:10E5540000000000000000000000000000000000B7
:10E5640000000000000000000000000000000000A7
:10E574000000000000000000000000000000000097
:10E584000000000000000000000000000000000087
:10E594000000000000000000000000000000000077
:10E5A4000000000000000000000000000000000067
:10E5B4000000000000000000000000000000000057
:10E5C4000000000000000000000000000000000047
:10E5D4000000000000000000000000000000000037
:10E5E4000000000000000000000000000000000027
:10E5F4000000000000000000000000000000000017
:10E604000000000000000000000000000000000006
:10E6140000000000000000000000000000000000F6
:10E6240000000000000000000000000000000000E6
:10E6340000000000000000000000000000000000D6
:10E6440000000000000000000000000000000000C6
:10E6540000000000000000000000000000000000B6
:10E6640000000000000000000000000000000000A6
:10E674000000000000000000000000000000000096
:10E684000000000000000000000000000000000086
:10E694000000000000000000000000000000000076
:10E6A4000000000000000000000000000000000066
:10E6B4000000000000000000000000000000000056
:10E6C4000000000000000000000000000000000046
:10E6D4000000000000000000000000000000000036
:10E6E4000000000000000000000000000000000026
:10E6F4000000000000000000000000000000000016
:10E704000000000000000000000000000000000005
:10E7140000000000000000000000000000000000F5
:10E7240000000000000000000000000000000000E5
:10E7340000000000000000000000000000000000D5
:10E7440000000000000000000000000000000000C5
:10E7540000000000000000000000000000000000B5
:10E7640000000000000000000000000000000000A5
:10E774000000000000000000000000000000000095
:10E784000000000000000000000000000000000085
:10E794000000000000000000000000000000000075
:10E7A4000000000000000000000000000000000065
:10E7B4000000000000000000000000000000000055
:10E7C4000000000000000000000000000000000045
:10E7D4000000000000000000000000000000000035
:10E7E4000000000000000000000000000000000025
:10E7F4000000000000000000000000000000000015
:10E804000000000000000000000000000000000004
:10E8140000000000000000000000000000000000F4
:10E8240000000000000000000000000000000000E4
:10E8340000000000000000000000000000000000D4
:10E8440000000000000000000000000000000000C4
:10E8540000000000000000000000000000000000B4
:10E8640000000000000000000000000000000000A4
:10E874000000000000000000000000000000000094
:10E884000000000000000000000000000000000084
:10E894000000000000000000000000000000000074
:10E8A4000000000000000000000000000000000064
:10E8B4000000000000000000000000000000000054
:10E8C4000000000000000000000000000000000044
:10E8D4000000000000000000000000000000000034
:10E8E4000000000000000000000000000000000024
:10E8F4000000000000000000000000000000000014
:10E904000000000000000000000000000000000003
:10E9140000000000000000000000000000000000F3
:10E9240000000000000000000000000000000000E3
:10E9340000000000000000000000000000000000D3
:10E9440000000000000000000000000000000000C3
:10E9540000000000000000000000000000000000B3
:10E9640000000000000000000000000000000000A3
:10E974000000000000000000000000000000000093
:10E984000000000000000000000000000000000083
:10E994000000000000000000000000000000000073
:10E9A4000000000000000000000000000000000063
:10E9B4000000000000000000000000000000000053
:10E9C4000000000000000000000000000000000043
:10E9D4000000000000000000000000000000000033
:10E9E4000000000000000000000000000000000023
:10E9F4000000000000000000000000000000000013
:10EA04000000000000000000000000000000000002
:10EA140000000000000000000000000000000000F2
:10EA240000000000000000000000000000000000E2
:10EA340000000000000000000000000000000000D2
:10EA440000000000000000000000000000000000C2
:10EA540000000000000000000000000000000000B2
:10EA640000000000000000000000000000000000A2
:10EA74000000000000000000000000000000000092
:10EA84000000000000000000000000000000000082
:10EA94000000000000000000000000000000000072
:10EAA4000000000000000000000000000000000062
:10EAB4000000000000000000000000000000000052
:10EAC4000000000000000000000000000000000042
:10EAD4000000000000000000000000000000000032
:10EAE4000000000000000000000000000000000022
:10EAF4000000000000000000000000000000000012
:10EB04000000000000000000000000000000000001
:10EB140000000000000000000000000000000000F1
:10EB240000000000000000000000000000000000E1
:10EB340000000000000000000000000000000000D1
:10EB440000000000000000000000000000000000C1
:10EB540000000000000000000000000000000000B1
:08EB64000000000000000000A9
:0400000300004E0D9E
:00000001FF
