:020000040800F2
:10600000001000208D290408E1FA030855FB03085D
:106010009729040859FB03085DFB03089729040826
:106020009729040897290408972904089729040840
:1060300061FB03087876000897290408972904086B
:10604000EFC801089729040897290408972904082C
:106050009729040897290408972904089729040810
:106060009729040809DC030807DC030897290408BA
:1060700097290408972904089729040897290408F0
:1060800097290408972904089729040897290408E0
:106090009729040839F30308972904089729040865
:1060A00097290408972904089729040897290408C0
:1060B00097290408F36203084B6A03081D6A030862
:1060C0001B6A0308FD630308496A03081F6A030883
:1060D000236A0308216A0308B96A0308856A03086A
:1060E000972904089729040899CA010897290408E0
:1060F000EDDA03089729040897290408972904086A
:10610000972904089729040897290408972904085F
:10611000972904089729040897290408972904084F
:10612000972904089729040897290408972904083F
:10613000972904089729040897290408972904082F
:10614000972904089729040897290408A1AD030892
:10615000B1BA030897290408C5270408C927040809
:1061600097290408972904089729040897290408FF
:10617000401E00D0FCE77047000000000000F03F28
:106180000000000000002440000000000000594012
:106190000000000000408F40000000000088C34065
:1061A00000000000006AF8400000000080842E41DA
:1061B00000000000D01263410000000084D7974126
:1061C0000000000065CDCD41537563636573736650
:1061D000756C6C79206D69677261746564202564E3
:1061E000206B65797320746F205053412E0A000094
:1061F0004661696C656420746F206D6967726174B3
:1062000065202564206B6579732028776869636849
:10621000206D617920616C736F20626520696E76F4
:10622000616C6964292E0A0002010A0006000A0056
:1062300026002A000080000000200000496E6974DA
:106240003A2064656661756C7420434341206D6F2C
:1062500064652073657420746F2025643A2030785B
:106260002558000001FF010023E1010075E4010051
:1062700063E2010063E5010062E1010079EB0100E6
:1062800064EE010024E1010025E1010026E10100A6
:1062900027E1010028E1010029E101002AE10100D4
:1062A00000000100800001000001010080010100E8
:1062B000000201008002010020E201000003010051
:1062C00000050100800501000006010080060100B4
:1062D0000007010001E5010002E5010058E20100AC
:1062E0008003010080040100000401008007010018
:1062F0000008010080080100000100010100000009
:10630000000000000000000000000000000100008C
:10631000000000000000000000000000000000007D
:10632000000000000000000000000000000000016C
:106330000101010101000101010101010000000151
:106340000101010101000000020411040402111006
:106350001A080A021801081110111A080A04020D7D
:106360000B195C01102812340430040B01000000EA
:10637000010101010101010101010101010101000E
:106380000000000000010020200C00200101010598
:1063900000000000000000000000000000000000FD
:1063A00000000000000000000000000000000000ED
:1063B00000000000000000000000000000000000DD
:1063C000000000000000000000000000FFFFFF00D0
:1063D00000000000000000000000000000000000BD
:1063E00000000000000000000000000000000000AD
:1063F000000000000000000000000000FFFF00009F
:10640000FFFFFFFFFFFFFFFFFFFF0000FF00000097
:10641000000000000000000000000000000000007C
:1064200080000000FFFFFFFFFFFFFFFF00000000F4
:10643000000000000000000000000000000000005C
:10644000000000000000000000000000000000004C
:10645000000000000000000000000000000000003C
:10646000000000000000000000000000000000002C
:10647000000000000000000000000000000000001C
:106480000000000000000000FFFFFFFFFFFFFFFF14
:10649000FFFF0000000000000000000000000000FE
:1064A00000000000000000000000000000000000EC
:1064B00000000000000000000000000000000000DC
:1064C00000000000000000000000000000000000CC
:1064D00000000000000000000000000000000000BC
:1064E00000000000000000000000000000000000AC
:1064F000000000000000000000000000000000009C
:10650000000000000000000000000000000000008B
:10651000000000000000000000000000000000007B
:10652000000000000000000000000000010000006A
:10653000000000000000000000000000000000005B
:10654000000000000000000000000000000000004B
:10655000000000000000000000000000000000003B
:1065600000000000FFFFFFFFFFFFFFFFFFFFFFFF37
:10657000FFFFFFFFFF000000FF000000FFFFFFFF25
:10658000FFFFFFFFFFFFFFFFFFFFFFFFFFFFFFFF1B
:10659000FFFFFFFFFFFFFFFFFFFFFFFFFFFFFFFF0B
:1065A000FFFFFFFFFFFFFFFFFFFFFFFF00000000F7
:1065B000FF00FFFFFFFFFFFFFFFFFFFFFFFFFFFFEA
:1065C000FFFFFFFFFFFFFFFFFFFFFFFFFFFFFFFFDB
:1065D000FFFFFFFFFFFFFFFFFFFF0000FF00FF00C7
:1065E00000000000000000000000000000000000AB
:1065F000D0290408986300089C630008B063000871
:10660000B4630008D2290408B8630008CC6300080A
:10661000DC630008F863000800640008D42904085B
:106620000C640008292A0408246400082C6400086B
:106630004064000850640008646400088064000836
:106640008864000894640008D62904089864000847
:10665000A8640008B4640008D06400082A2A04086A
:106660002C6500083C650008646500087865000832
:10667000AC650008B0650008E0650008E465000846
:106680002B2A040800CA9A3B00E1F5058096980081
:1066900040420F00A086010010270000E803000020
:1066A000640000000A0000004941434356494F4C32
:1066B0003A20617474656D7074656420696E7374DA
:1066C00072756374696F6E206665746368206672A4
:1066D0006F6D2061206E6F2D657865637574652020
:1066E00061646472657373004441434356494F4C7F
:1066F0003A20617474656D70746564206C6F6164B8
:10670000206F722073746F726520617420616E2037
:10671000696C6C6567616C20616464726573730099
:106720004D554E53544B4552523A20756E73746119
:10673000636B2066726F6D20657863657074696F36
:106740006E2072657475726E206361757365642066
:106750006163636573732076696F6C6174696F6ED2
:10676000000000004D53544B4552523A207374615F
:10677000636B696E672066726F6D20657863657004
:1067800074696F6E2063617573656420616363650E
:1067900073732076696F6C6174696F6E000000001E
:1067A0004D4D415256414C49443A204D4D415220A5
:1067B000636F6E7461696E732076616C69642066C4
:1067C00061756C742061646472657373000000000D
:1067D000494255534552523A20696E73747275633B
:1067E00074696F6E2070726566657463682063619A
:1067F0007573656420627573206661756C74000042
:106800005052454349534552523A2070726563696C
:106810007365206461746120627573206661756CB4
:1068200074000000494D5052454349534552523A75
:1068300020696D707265636973652064617461209D
:10684000627573206661756C74000000554E535478
:106850004B4552523A20756E737461636B696E6773
:10686000206F6E20657863657074696F6E20726545
:106870007475726E20636175736564206461746100
:1068800020627573206661756C74000053544B452B
:1068900052523A20737461636B696E67206F6E2089
:1068A000657863657074696F6E20656E74727920A7
:1068B000636175736564206461746120627573201F
:1068C0006661756C740000004246415256414C4965
:1068D000443A204246415220636F6E7461696E7380
:1068E0002076616C6964206661756C7420616464F3
:1068F0007265737300000000554E444546494E537F
:1069000054523A20747269656420746F206578650A
:106910006375746520616E20756E646566696E6569
:106920006420696E737472756374696F6E00000021
:10693000494E5653544154453A20696E76616C690C
:10694000642045505352202D20652E672E2C207434
:106950007269656420746F2073776974636820744A
:106960006F2041524D206D6F64650000494E5650B6
:10697000433A20657863657074696F6E2072657440
:1069800075726E20696E74656772697479206368C8
:1069900065636B73206661696C6564004E4F43509C
:1069A0003A20617474656D7074656420746F20653D
:1069B000786563757465206120636F70726F6365BD
:1069C00073736F7220696E737472756374696F6E1E
:1069D00000000000554E414C49474E45443A206165
:1069E0007474656D7074656420616E20756E616C81
:1069F00069676E6564206D656D6F72792061636390
:106A00006573730044495642595A45524F3A2061C2
:106A10007474656D7074656420746F206578656347
:106A20007574652053444956206F72205544495669
:106A300020776974682064697669736F72206F6665
:106A400020300000A8660008E86600082C2A040828
:106A500020670008646700082C2A04082C2A040810
:106A6000A0670008D06700080068000824680008D4
:106A70004C6800088C6800082C2A04082C2A04089A
:106A8000C8680008F8680008306900086C690008E8
:106A90009C6900082C2A04082C2A04082C2A0408C3
:106AA0002C2A0408D4690008046A0008526573653A
:106AB000742063617573653A205761746368646F0D
:106AC0006720657870697265642C206E6F2072652E
:106AD0006C6961626C6520657874726120696E66AC
:106AE0006F726D6174696F6E0A00000052657365A4
:106AF000742063617573653A205761746368646FCD
:106B00006720636175676874207769746820656EB3
:106B100068616E63656420696E666F0A000000003C
:106B2000484653522E5645435454424C3A206572BF
:106B3000726F722072656164696E67207665637436
:106B40006F72207461626C6520666F7220616E20C6
:106B5000657863657074696F6E0A00004846535229
:106B60002E464F524345443A20636F6E66696775FF
:106B70007261626C65206661756C7420636F756C00
:106B800064206E6F742061637469766174650A00B5
:106B9000484653522E44454255474556543A20667E
:106BA00061756C742072656C6174656420746F200B
:106BB0006465627567202D20652E672E2C20657810
:106BC00065637574656420424B50540A00000000F0
:106BD00052657365742063617573653A204D656D08
:106BE0006F7279204D616E6167656D656E742046C8
:106BF00061756C740A0000004164647265737320EF
:106C00006973206F6620616E20696E73747275639C
:106C100074696F6E20616674657220627573206698
:106C200061756C74206F636375727265642C206E7D
:106C30006F74207468652063617573652E0A0000A7
:106C4000434653522E286E6F6E6529206C6F616427
:106C5000206F722073746F726520617420616E20E2
:106C6000696C6C6567616C20616464726573730A3A
:106C70000000000052657365742063617573653AA6
:106C8000204465627567204D6F6E69746F7220468F
:106C900061756C740A0000002573206D6F646520B7
:106CA0007573696E6720257320737461636B202888
:106CB00025346C7820746F2025346C78292C20536F
:106CC00050203D2025346C780A0000002575206294
:106CD00079746573207573656420282575252529C9
:106CE00020696E20257320737461636B20286F7593
:106CF00074206F6620257520627974657320746F27
:106D000074616C290A000000496E746572727570B6
:106D100074732061637469766520286F72207072C5
:106D2000652D656D7074656420616E642073746197
:106D3000636B6564293A0A005230005231005232C6
:106D400000523300523400523500523600523700A0
:106D50005238005239005231300052313100523134
:106D60003200523133284C5229004D5350005053B9
:106D7000500050430078505352004D5350207573CB
:106D8000656400505350207573656400435354414B
:106D9000434B20626F74746F6D004943535200532C
:106DA0004843535200494E545F414354495645307D
:106DB00000494E545F4143544956453100434653C0
:106DC0005200484653520044465352004D4D4152E2
:106DD0002F424641520041465352005265743000E2
:106DE000526574310052657432005265743300523A
:106DF0006574340052657435004461743000446138
:106E000074310000554E4B004649420042544C003C
:106E100045585400505752005744470020535700DC
:106E2000435253004653480042414400464C5400EC
:106E300042524F00554E4B00474F200042544C00E9
:106E4000474F3200474F3300474F3400474F35001C
:106E5000474F3600474F3700474F3800474F3900FC
:106E6000474F4100474F4200474F4300474F4400C0
:106E7000474F4500474F46004A4D5000424452009C
:106E80005550520042544D004D534D0046544C0055
:106E9000554E4B00474F200042544C0042414400A5
:106EA00046544C00465243004F54410044534C005A
:106EB0004241500055504700544D45004641550051
:106EC000545A4600554E4B0050494E00454D340033
:106ED000554E4B0048562000554E4B00455850002B
:106EE0004C574D00554E4B005242540044534C00F9
:106EF000454D3400554E4B0041535400554E4B0008
:106F000056465900494E4800554E4B004C434B00E5
:106F100058544C004F424600554E4B0048524400D6
:106F20004D454D00425553005553470044424700DC
:106F3000444D410056435400554E4B0055502000DF
:106F4000525020004150300041503100415020004B
:106F50004450200044454300346E0008386E000859
:106F6000906E0008C46E0008D06E0008D86E00084D
:106F7000E46E0008F46E0008FC6E0008086F00085C
:106F8000186F0008386F0008040008070A000000A6
:106F900064656275670000007675617274000000B8
:106FA00000800A5013000000B46F00081A000000AF
:106FB0001B0000001E000000090000000D00000082
:106FC0000B0000000C000000030000000000202067
:106FD00000000000030000003C3C3C0000000000FA
:106FE0000000000000000000193F0106041001002D
:106FF0000001010600102700000900000000000049
:1070000000000000ED170000ED170000F401000083
:1070100002000000C017530206140000802FA604CF
:1070200005380000A0080000000058090104070608
:10703000100A01040707C80A00040807800B0004AF
:107040000808380C000409086108000000008A08DC
:1070500000000000C709010404032C0B0104040410
:10706000920C010405040000100000006666660032
:1070700000000000E86F0008047000080000000035
:1070800000000000005A620280841E000420F60006
:10709000F1475002000000001070000800000000DE
:1070A000000000000000000061841E0000000000DD
:1070B00000000000000000000C40020001801400ED
:1070C0007F4000002040020000000000000000009F
:1070D0003040070000000000000000000000000039
:1070E000000000000000000000400000A0070003B6
:1070F00050400100000000005C4002000000000061
:1071000000000000A840010007000000BC4004008F
:10711000000000000000000000000000000000006F
:107120000841040000400000FF4C00000041000046
:10713000FF4D000028C00700EC80B30343754051A9
:10714000A00F00F800400000A8AA070000000000FF
:107150000000000054C00500513130000E000DE663
:107160002A000000080B0C0D0D00000070C0090083
:10717000BA10000000042000041880000B3C20011D
:10718000187C10022FFCE0067F00000000000000C9
:1071900000000000A8C00500BD4B721511A3180522
:1071A00010325476980A000000000000CCC00100A4
:1071B00001000000D4C0020001000A000100280004
:1071C0000800010104070000180001010000000090
:1071D000200001010884000040400301000000007D
:1071E00000000000100000005840020100000000F4
:1071F00000000003684006014902F0004108000059
:1072000002000000B0070800A70000000000000016
:10721000844002019BC34A74F0030F0094401001A4
:107220000101103050707F7F00000000000000005E
:10723000000000000000000000000000000000004E
:10724000000000000000000000000000000000003E
:10725000000000000000000000000000000000002E
:10726000E04001010002000010410201331E050050
:10727000000000001C4101010090C28B2441050167
:10728000FF0483078813C83AFF06660CFF048307D0
:107290008813FF033C410601F8545200000000002F
:1072A000B756351200000050803B0000000000007F
:1072B0005841010100000000644102010C0100007E
:1072C000E853FA00A441010100000000B0410201AE
:1072D0000000000000002000BC410301000000008D
:1072E00000003C0069900600D0410301000000004E
:1072F000D000000000000200E04116010000000084
:10730000DE635E36BF6F07006FEA1600E530CE0021
:10731000B2B9D90E4B8494045A1FA924DE635E3699
:10732000BF6F07006FEA1600E530CE00B2B9D90E84
:107330004B8494045A1FA9240000000000000000A0
:107340002C00000007EE75366018004000000000B9
:10735000000000004442030114000000000000008F
:107360000800000468420101000000009842020188
:107370003F000002FFFF00003C4304011F1F1F1FCE
:107380001F1F1F1B18151311100E0D0C5043020167
:107390000000000000000000108001010300000058
:1073A00038800201F1471000010000009C800301B9
:1073B000EB40020070780300D5C00000A8800111E6
:1073C000F0010000A88001310542CB01AC80011121
:1073D000F0010000AC80013105228D00B080020177
:1073E00000030002370000019C000102000C0004B1
:1073F000D8000302050040AA88010000C000000078
:10740000EC000112E00F0000EC0001320C205111E1
:10741000F00001022B0100001001011200FF0F001B
:1074200010010132020000315001011200C00100C0
:1074300050010132C100A2007401010269811B0CDC
:107440007801011200001C00780101321004E0CF25
:107450008001011279070000800101320200000062
:10746000840102020000000050000000FFFFFFFF47
:10747000FC4F01036870000820C0011000F80700ED
:1074800020C001301402280124C00110FF000000B8
:1074900024C001300043000044C001002E0200005F
:1074A00068C00200D1B60200C0060000D0C00100D2
:1074B000000000004C40030120F9130407006200A3
:1074C00038700000604002010068010F40B824409D
:1074D00080400101236300008C40020100800060B5
:1074E000BE0A000020410101590B00003841010192
:1074F00090200AF05C410101001E00006C410B016C
:1075000000140CC0141A21282E343B424950435514
:107510007698BA0C2373000001010000172128643B
:1075200014171A002004C87DA1203A09A8410101BE
:10753000290000003C4201010000000080420201DD
:107540000000000081000000A0420301FFFF0000D6
:10755000FF030000FFFF0000B44201010000000033
:107560003043030140002001A0000000085000014A
:107570004C43010145C1872FFFFFFFFF70740008D6
:107580004063598F404B4C000B000B001A00FF7FEB
:107590007C10002000000000F62904080000000014
:1075A000B8700008000000007C75000801000000B1
:1075B00000000000C0175302A07500086400D4FE4C
:1075C000FF006400160000005A00A8071439FEFFEF
:1075D0002400370201E1FFFF16002001111B00000B
:1075E0001000C000992600000B00860078280000DB
:1075F000080059008A250000060045007522000099
:10760000040012001214000004FF6BFF9FFFBBFF79
:10761000CCFFD8FFE0FFE6FFEAFFEEFFF1FFF3FF4C
:10762000F5FFF7FFF8FFF9FF0009005ABC750008E5
:107630000100000F087600080000000000000000B4
:107640000009005ABC7500080100000F0876000808
:10765000000000000000000021FE03082BFE0308CC
:107660002FFE030851FE0308AFFE030853FE030874
:1076700087FE03082C00000013B779FAC925DDB78F
:10768000ADF3CFE0F1B614B8010200000000000035
:10769000FFFFFFFF010000000100000000000000EC
:1076A00000000000000000000000000000000000DA
:1076B00000000000000000000000000000000000CA
:1076C00000000000000000000300000076636F6D02
:1076D000000000000700100008001A00060011005A
:1076E0000200110004000400010004000900080069
:1076F0000A000A000B000200000000007F48020898
:107700003D000208416D02086B320308F7E40108EE
:10771000D3B90008CBBA000863C9000823CA00081F
:107720005D6302084FA20208C55403085DD9020830
:10773000C1C40208A7B900082FC30108A199010814
:10774000E5700108B9360308A1E2010861BD01082E
:107750007F29040800000000432A04082F2A040897
:10776000000000003D2A0408202A04080000000050
:10777000212A0408232A040800000000252A0408FE
:10778000482A0408442A04083F2A0408222A040834
:1077900000000000262A0408422A0408282A0408B7
:1077A000312A0408242A0408272A040800000000BB
:1077B000010000000202020264000000000000005C
:1077C0006400000000000000000000000000000055
:1077D000000000000B0000000B000000FFFFFEFF98
:1077E0000000000000000000FEFF0000000000009C
:1077F0000000000000030001FDC9020875CC01086B
:10780000000000000000000000000000AB42030880
:1078100089CB020881460208EDC902080363020809
:107820009A180020A1180020AC1800209E180020F3
:107830009C1800209D1800209F180020BB180020D5
:107840003E580020B3180020B5180020AD180020C5
:1078500061580020D1180020B6180020645800207C
:1078600067580020DA180020A218002007580020CE
:10787000D0180020FFFFFFFFFFFFFFFFFFFFFFFF0C
:1078800000000000000000000000000000000000F8
:10789000000000000000000001100000DC290408C6
:1078A00002100000DE29040803020000E029040899
:1078B00005100000F229040807080000E829040860
:1078C00000020000DA29040804020000E22904088A
:1078D000095C0000EC2904080A140000F0290408DF
:1078E0000D020000EA2904080C080000D829040849
:1078F00001000000DF020308020000003303030858
:107900000300000089030308040000002F0403089B
:1079100005000000990403080000000000000000BA
:1079200000000000980100009021002006000A00DD
:1079300026002A0000800000A11203082513030876
:107940002D1303086D1303088313030829EF02089E
:107950002DEF020831EF020835EF020839EF020877
:10796000C1EE0208EBEE0208F3EE02080BEF02088C
:1079700005EF02088BF30208C7F30208E9F30208D7
:10798000FFF3020825F40208870008000000AA009F
:10799000C7BFBEBEBEB5B5B4B4ABABDCDCDBDBD2BF
:1079A000D2D1D1C8C8C8C7BFBEBEBEBDB5B5B4B4BC
:1079B000B4DCDBDBD2D2D2D11B1B16162E2D2D2A26
:1079C00029292925242420201F1B1B1B162E2D2D81
:1079D0002A2A29292524242020201F1B1B1B2D2D6A
:1079E000BEB5B5B4B4ABABABAAA2A1A1A1A0999905
:1079F0009898C7BFBEBEBDB5B5B4B4B4ABABABAA67
:107A0000AAA2A1A1A1999999000000000303030370
:107A10000302020202020202030302020202010145
:107A2000010101010000000003030303030202023D
:107A3000D3CACAC9C9C0C0F2F2F1F1E8E8E7E7DE8B
:107A4000DEDDDDD4D4D3D3CACAC9C9C9F2F2F1F19B
:107A5000E8E8E7E7DEDEDDDD22221D1D1D1D18182A
:107A60001813132C2C2C2727272222221D1D1D1D05
:107A7000181818182C2C2C272727272222221D1DE6
:107A800002030303030404040405050000000001CD
:107A900001010102020202030303030304040404BC
:107AA00004000000010101010707080803030305A2
:107AB0000404040505050606060707070803020275
:107AC0000404040304050506060606070707020268
:107AD0000203030303040404040505050505060663
:107AE0000606010202020203030303030404040462
:107AF00004050505050606060C0C0C0C0B0B0B0B00
:107B00000B0B0B0B0B0B0B0B0B0B0B0B0B0B0C0CC3
:107B10000C0C0C0C0C0C0C0C0B0B0B0B0B0B0B0BAD
:107B20000201010101000005050505040404040328
:107B3000030303020202020101010101050505051B
:107B400004040404030303030707080808080909D9
:107B5000090A0A05050506060607070708080808B2
:107B600009090909050505060606060707070808A5
:107B7000103E000095330000AD330000AD3300002F
:107B8000AD330000AD330000AD3300000000000055
:107B9000000000000000000000000000AD33000005
:107BA000AD330000AD330000C12A0000AD3300004A
:107BB000052C0000152C0000472D0000A92D000009
:107BC000312E0000BD2F00005D2E00006930000046
:107BD000B92E00000D2F0000812F0000E5310000BC
:107BE000E9320000D72B0000DF27000059230000F6
:107BF000AD33000099280000AD330000912900004A
:107C000059290000AD330000AD330000D929000030
:107C1000AD330000AD330000AD330000AD330000E4
:107C2000AD330000AD330000D5110000C1110000DC
:107C300000000000000400080214021803240000E1
:107C400049488068000200D4704780B580208002D7
:107C5000AB490860CF2000F05DFA01BDF8B5894856
:107C60000068894C802292032260884E31680905A1
:107C70001DD5110BA023034001D0216017E0024065
:107C80003FD18027824A1760824A1760084038D067
:107C9000354D287A400705D501207F49086000024C
:107CA0007E4908602878002801D0062801DB0020E2
:107CB000F2BD00F07BFB716889684E682978052960
:107CC00007D1B905A1606E60B668CC218901734AFD
:107CD000116000F074FB012E00DA0226BC20800542
:107CE0008849086094208005874908606848002119
:107CF000C94301647142416484490F6040210160BD
:107D0000D5E783480160FFF79BFF0120F2BD5D4886
:107D10000168890504D5C06E0004000F022801D057
:107D2000002070470120704738B58024584804600F
:107D300000F03CFB05007748006800F07DF9280062
:107D400000F03DFBFFF77CFF0748007A000705D5F0
:107D5000A0004D49086000F029FC31BD60036C496A
:107D60000860B248046031BD183E0000FEB5050051
:107D7000CC20800168494860012668480660FFF70A
:107D8000C6FF00287DD0664C2078002879D03102CB
:107D90000195052802D02A460A4072D1CC27BF019E
:107DA0005D4A1760924A126881231B02134001D07A
:107DB000032301E053075B0F022805D1022B5ED39A
:107DC000080136490860F7BD4D01032804D1022B94
:107DD00055D932480560F7BD042802D111404ED074
:107DE000F7BD05284BD10198002848D0C005C10F28
:107DF000684641700198C004C10F6846017000F0E8
:107E0000D5FA0290606869464978002903D006686F
:107E10008021204A11602C0485496A461278002A84
:107E20000CD0C2680B68D21A824B1B68234001D069
:107E3000066800E04668964200DD16006846407815
:107E40006A461278024308D008684242B01E824255
:107E500002DA7042886000E00026029800F0AFFA73
:107E60000198800501D59D4804600198054001D026
:107E70009B480460002E02D008480760F7BDFFF75A
:107E800053FFF7BD440002A8442002A8BC3E0000F6
:107E90000CC001A890E001A8C4D000A8145001A80B
:107EA00038B580248F48046001201C4908601C4DAF
:107EB0002878052802D060008B490860FFF727FF6B
:107EC000002812D013480068000A80214140A868A9
:107ED000000EC9B2814208D2454800684007400FF1
:107EE000022802D2FFF720FF31BD80480168C0227E
:107EF0000A4002D1C06F204001D00448046031BD67
:107F00001C1002A808E001A808D001A894D001A87C
:107F1000441002A818C000A8106001A8C4E000A87E
:107F2000183E0000F1B582B00F00A020384003D009
:107F3000802080006E4958E000F038FA0190FB2064
:107F400080010468F80202D5A0680069029000F080
:107F500098FB80210903606800F07CF926780020F6
:107F6000761C6178B14200D2002618217143651851
:107F70000C3529780829F3DA2670A56029785D4A3E
:107F80001170B90510D500F011FAFB2189010968BB
:107F90008968C968009100F012FAF80203D40098C9
:107FA0000321884300900098524988600127384097
:107FB00003D100F083FC01F0B7F8F904686900F020
:107FC00049F93C2000F0A6F8F0B200F0A3F8608870
:107FD000494901406180019800F0F1F938054449B0
:107FE0000860464807603802454908600298FEBDAF
:107FF000184001A810B543480068800501D4FE2050
:1080000010BDC02080034049086000F0CFF9FB217B
:10801000890109688A78D20702D589688C7800E0DE
:108020000C7800F0CCF9200010BD0000100002A870
:1080300048C001A84C0002A8FB21890109688A6890
:108040008B78DB0704D5927818235A438A180C32B0
:1080500090607047F1B582B02C4F3C680026200F2D
:10806000000702D1E00102902AE001F05DF800F083
:108070009DF9019080210903606800F0EBF82578F4
:108080006D1C6078A84200D20025E80020180C3052
:10809000009000680290802109030098406800F079
:1080A000D9F83D2000F036F8E8B200F033F825703A
:1080B0000098A060019800F082F902A801F090F801
:1080C00013480068800407D5F86901F0AAFD0299F9
:1080D0000818029000D502960298FEBD4C1002A826
:1080E0004C2002A894E001A8146001A814C001A8C3
:1080F000442002A8183E0000FEFF0000C0E000A8D7
:10810000106001A8440002A8441002A8C43E000068
:10811000FC0302A844490968002901D543490860C5
:108120007047F3B581B0424FB968424C4A004CD514
:108130000125090100D5212501003F4A1068566834
:1081400022689206920E94463A6893008022134069
:1081500062461343802252001A4300920A0023D041
:10816000890601D5012008E0F021014007D16946C8
:10817000097A0C220A4002D0022000F03FF82F4971
:10818000096809040AD53968090701D5022605E0FE
:108190003968490301D5002600E003264835009AD6
:1081A00027490968890003E0009A2549896B090974
:1081B0004023194011439A00002E02D01643266630
:1081C00008352166024322662566E06D4407640F88
:1081D00000F0D6F8A0070BD0052C09D0B868000431
:1081E00006D400F0E3F80221164A116000F0E7F827
:1081F00000F0CFF8002000F001F8F7BD0E490A6842
:10820000F0239A43000110430860C0B270478020F9
:10821000C0020D490968890701D10C4900E00C49E9
:108220000860704700000000500002A8884000A8C5
:10823000480002A8284000A8683F0000684101A843
:10824000184001A8D4D40350844000A8486000A876
:10825000485000A880B56D4A116001F00DFDFFF790
:10826000D6FF01BDFEB56A4D2878000604D5287FEB
:10827000002801D0182400E0462400F097F802906E
:108280006448C0684005C20DD52A01D2D52204E059
:10829000D1204000824200D90200100001005E4B54
:1082A00001932B6B5B011DD55C4B00931D1D5C4E38
:1082B000367806277E43AA530025019B1B7CEB40A2
:1082C000DB070CD5009B06266E439B199B888FB25B
:1082D000BB4200D2190086B29E4200D218006D1C2B
:1082E000022DEAD389B2091909044E4B0B40001B39
:1082F000C005C00D184347490860C02000064A4920
:1083000008604548017D00290CD04849D52A02D98A
:108310008023DB050B60D1235B009A4202D28023CD
:108320001B060B600021424B19604188002900D1D7
:108330000280029800F043F800F04CFDF7BD80B5D4
:108340003C483D4908603D48C1680902090A1922B4
:108350005143416005210160FFF784FF01BD80B5F5
:108360002B480178090604D5007F002801D0FFF7CB
:1083700079FF32480068C00301D5FFF773FF01BDE4
:108380008020C002214908602D4800684007FBD4C6
:1083900070478020C0022B490860704701E02A49DD
:1083A00008602A4909680140F9D1704728480068E7
:1083B0002021284A11601021274A1160704730217E
:1083C000014002D11020234908607047204800680E
:1083D00030210140102901D1012070470020704751
:1083E0001E4801210160C160704701201C490860DE
:1083F00070471C4800780621014001D100207047D9
:108400001948006802288041C00F7047441002A834
:10841000BC3E00007C400050743F00003C3E000029
:10842000383E00000000FF01A0600050A450005042
:1084300018E000E07F1A0601540002A810E000E0F6
:10844000440002A8442002A8282002A8280002A86C
:10845000600002A8602002A8601002A8789001A81D
:1084600084A001A8A03E00006C3F0000F8B55A4867
:1084700080214902C1610221584A51600021584AB5
:108480001160584A11800321544A11600221016091
:10849000202055490860802054490860CC20800184
:1084A000534908600124534804604D48806F009090
:1084B0000F26070B374050480068C505ED0D103DED
:1084C000C0202843C0B2FFF725FE4C480068C00515
:1084D0000AD5092F08D0FFF78CFF002802D04848A2
:1084E0000068804701F01CFA009806400096454855
:1084F00006680098032803D0022806D1032F38D03D
:1085000000F060FA0098032803D0062F31D1062D21
:108510002FD03D480068C00B204001D001F0D4FCB2
:108520003A480068000108D5052D06D101253848D4
:1085300004606005FFF732FF00E0002531003800DD
:1085400000F072FA0600002D06D000F001FC314860
:10855000046002203049086060052E4948658009A2
:108560002E490860FFF745FF002802D02C4800681C
:1085700080471A4821040162002F08D1022141607E
:10858000002017490861C020C00019494864300024
:10859000F2BD80B5FFF7F4FE22480078800602D4D1
:1085A000022021490860FFF7F4FE01BD02201F49A7
:1085B00008607047802000061D49096801400AD004
:1085C000C10D1C4A1278920701D51B4A00E01B4AD4
:1085D00011601B49086070472C1002A8282002A8CF
:1085E000380002A8483E000094E001A80CC001A891
:1085F000146001A8C4E000A804ED00E0B80002A8DF
:10860000583C0000B44000A800E200E0EC3E00004E
:10861000645000A8646000A82C4000A880E200E03C
:10862000543C0000BC3E0000081002A8082002A82C
:10863000440002A8683E0000FC1302A8FC2302A824
:10864000442002A859480068800700D4704770B5DC
:10865000574801210422BB4B0C02E025ED0086683F
:108660002E4002D01C601A6119610068054002D0DA
:108670001C609A60996070BDBF48012181600160F3
:10868000704710B5012087498A680240FCD1BB4A77
:10869000042313610C680440FCD193600002106055
:1086A00010BD814908680122104200D1704710B501
:1086B000E023DB000340FF24A41CA34204D3C04BEF
:1086C0001B689B0600D54868024001D000F044F9C1
:1086D00010BDFEB50700754E30683F2188437449D0
:1086E000097801433160FFF7DCFF724C724880214A
:1086F00049030825944A1268D20504D5656003220F
:10870000B262016006E0C822B26206228F4B1A6094
:108710008F4A116000978909C160009800688D4FE9
:10872000B968814201D2019100E001900199401A9B
:10873000009908600121009800F0CAFB060000982B
:1087400000680199401800990860FFF77BFF8C488A
:1087500000683860300013D1002060627A480168F8
:10876000C90501D4102161620068284001D025604C
:1087700000E0656095480068400001D568026062CD
:108780003000FEBD7F48017809060DD5007F002826
:108790000AD08B484168C90606D40068A021014070
:1087A000481E8041C00F704700207047500002A84B
:1087B000900102A880B5FFF7E5FF002803D0002153
:1087C000042001F01FFC01BDF1B581488149C8605A
:1087D000EE20C0040860804880490860FFF7D2FF9F
:1087E000002803D00021042001F00CFC7C4C8020E8
:1087F000C001206008277B488765012575484564CE
:108800001D2078498862784E9B204000B061072087
:1088100001F028FC0220734988624B490A68D2069D
:1088200003D57049714A0A6008E00F22096839408F
:1088300002D03100103101E0310014310A606C497E
:108840000968002900D4B761E32109013160C02122
:10885000C900684A1268F823DB01134001D1F162B4
:1088600001E05C4A9165216C294008D0616BC90721
:1088700005D461490968084001D101F0FBFB0020E3
:10888000C0435E490860606B054001D1FFF7DAFE26
:10889000009801F0D5FB606B8001FCD4606A5849F8
:1088A0000860F1BD940102A8783F00002C8001A867
:1088B0004A3E0000601102A8981002A870B5314825
:1088C0000178090606D5007F002803D00021052085
:1088D00001F098FB4B4801683F2291434A4A1278C5
:1088E0000A4302603E4849490122436B134001D1CB
:1088F0000A638A62972252000A6010220A60444A80
:10890000E3231B019366434BCB610021424B19606B
:1089100080235B00072408210B4D2E680E4005D0F4
:1089200094672C68234006D1916704E0D4672C68D3
:10893000234000D1D1670323136011630903016051
:1089400070BD0000881102A8FC0302A80C9001A8C9
:10895000982002A8A03F0000F02109012F4A1160D1
:1089600001402F4801602020A5490860A5490968F9
:108970000840A54908607047902102A8882102A8F4
:10898000340002A8BC3E0000A048A14982680A4009
:1089900002D1C268114001D00F490160124808217C
:1089A0009C4A13680B4000D081611178C90602D53A
:1089B0008C2109010160142097490860C9E1000079
:1089C000440002A80448054908607047EC0002A86A
:1089D000000FFF00242102A801200000706201A8FE
:1089E000100002A8C01002A8501102A8BD03000088
:1089F00028C000A8A88001A8203E0000B46000A8FC
:108A00009C3F00002C8001A84B3E0000682102A87A
:108A1000E82002A810100000C00002A8586001A8B9
:108A2000585001A870470000F8B586B005000C004A
:108A30007A480068400102D5200040240443784869
:108A4000C66AFFF7B3FC0590B00503D5754800680A
:108A5000FFF7F2FA0020009001227006C00F01908B
:108A60007148866800218160B82149006F4B196008
:108A70006308B82119400078F0230340402B02D14D
:108A80000800402101430D2D02D130000426064389
:108A9000700704D508001421014310208443A7481F
:108AA000036820003400DB0506D580235B009F4D62
:108AB0002B600B0001211943A14D019B002B11D10B
:108AC0000C230B40082B0DD00B00554EB66BF70650
:108AD00001D41027BB43B60601D42026B343B126E8
:108AE0001E4042D0130042D0AB6DDB04DB0C792B6F
:108AF00007D3802106224A4B1A604A02984B1A601B
:108B0000002281230B4035D00823019E002E00D186
:108B10002B62260008243443102398430423029335
:108B20001B05904E33605B088F4E336013001ED0E0
:108B3000029B062B24D3394BDE6CF60620D5314E32
:108B40003668360E00965B699BB22E4EF66B360683
:108B500003D01E0080235B0133432B611B122B616A
:108B6000764B1B68DE059ED40AE008222A62039039
:108B7000049132E08FA34E06F60E9B5D0293D5E77B
:108B800003900491029826490B6B1E4A12682E68C6
:108B90006F46BE8028261E400643980CC001304315
:108BA0001E001B0E3340102633400343900040222A
:108BB0001040184301AA9070486B000A01A9C870C0
:108BC000FFF718FA01A90871009848716748006812
:108BD000C8800198E8660298E8660598FFF7EFFB01
:108BE00008200399490601D55E49886060490860FC
:108BF000E1B20498C0B2FFF794FA039807B0F0BD51
:108C0000482002A8184001A8481002A8704201A8F4
:108C100000800080F84F0000703F0000084000A86E
:108C2000180002A81CC000A8683F0000B46000A89B
:108C3000F8B5504F504C0F25012650495048806BD5
:108C4000C00621D5012008704E4800684E490A68C8
:108C5000824204D289695118491C081A00E0101A8E
:108C6000616F401801285FDB01F05CFD474909682E
:108C7000090B0D40022D55D17105454A1160102197
:108C800039643F490E604DE03D48006CC00026D578
:108C900040480068E0218905014045D03B4C3E48F2
:108CA0000068C00504D42068000B28400228F5D0D5
:108CB0003A480668FFF77AFB3949F2B20A60320493
:108CC000120E0A603202120E0A60320E0A60FFF7BC
:108CD00076FB2068000B28400228DFD0F1BD314828
:108CE0000068002820D001220A7001F0A9F90028AC
:108CF0001AD101F017FD25490968090B0D40022D15
:108D000010D102212278D20705D5274A12680A40DD
:108D100001D01B4A1660CA031D4B1A60396000213E
:108D2000204A116001F002FDF1BD00001C2100AAE3
:108D3000802080041D490860704700001C0100AAC3
:108D4000540000AA802040041849086070470000C1
:108D500000BF17480168490701D0FF2141617047F2
:108D6000141100AA441002A84C5001A8448001A884
:108D7000845000A8082002A8683E00004D3E000074
:108D8000100002A81CC101A820C001A8B00002A8C0
:108D90001C1002A84C4001A8084000A8904000A860
:108DA000640000AA243E0000EC3E00003C2002A823
:108DB0000C4000A80301070603010706050106068B
:108DC000050106060302070603020706050206065A
:108DD000050206067047FF2807D0032805D2304950
:108DE0000978C140C807C00F7047002070470000D5
:108DF000F8B58020000200902A48038808202A49FC
:108E000008600A2201200124944000990C4327495C
:108E100029A5AD5C25438D60F025254E3560224D9A
:108E200028A6B65C022737432F6004262E601D4D0E
:108E3000204E3668064008D12E88F61AB6B2012EAA
:108E400003D88E6C3603F3D401E00220F2BD8D6CA2
:108E5000CE6C6D036D0BAE4200D20094521ED2D583
:108E60000822134B1A60009A8A60AB4A12685201BA
:108E700013D5AA4B5A78541C012525405D70140067
:108E800006256C431C190968A1800099E1801A70BD
:108E900003490B789040184308700020F2BD000091
:108EA000843F0000483E0000889001A8448001A84B
:108EB00088A001A8140002A8000000010102040813
:108EC00010202000505050404040403020202000D2
:108ED000F1B582B0924C93484068C00516D5606ADF
:108EE000E021C9000840884210D1AA48006E000461
:108EF000000FA9490A68D20601D5072804D00968DD
:108F0000C90603D40B2801D10020FEBDFFF7B4FB36
:108F1000A2484069400101D401251CE0A048826BB1
:108F200000207E49C3B206256B43CB189B8895B2BF
:108F3000AB4204D0401CC3B2022BF3D3FF20087015
:108F4000012596484069400105D50878FFF743FFA1
:108F5000002800D0002593485421405C000608D525
:108F60008E480078002804D08C484078002800D132
:108F70000125E06901906B480068E0618A4E029823
:108F80000068316D4718012F16DB00F0FEFD3060E0
:108F9000C001381A01280FDBFFF773FB00F0C4F89B
:108FA00002980068316D401801F04AF8010003D0C2
:108FB0000021029A116010E07C4FC020C000386090
:108FC0002068072832D005210840052808D02160F4
:108FD0000C2001F047F8010002D00199E161FEBDCB
:108FE000734EFF207A3070620420B062FFF749FBB5
:108FF00002203060E020C0046E4948608020800478
:10900000786002203860012001F02CF88020800078
:109010007062022001F026F88020C00070620820F3
:10902000B062022001F01EF80220B062624EE02021
:109030004000F061614F5B480078C00704D5802094
:109040000006386040083060042001F00BF86946E3
:1090500008706846007800284DD102205549086004
:1090600080027064C001706410204D4908600120C6
:10907000B0674C4E47480068400621D447484069D5
:10908000400113D525480078694648706846407805
:10909000FFF7A1FE002809D020486946497806223A
:1090A00051434018C0883E49086409E001203074EB
:1090B000FFF79EFE694608706846007800281AD1BE
:1090C0000120374908600020C867022000F0CAFF6D
:1090D0004020F861C030F8613078C00705D5C02065
:1090E000000638602E48006C7082022000F0BAFF43
:1090F0008120C0027864002D01D0FFF730F9E069CB
:10910000E0214903014001982D4A02400A43E261EF
:1091100068460078FEBD0000EC3E0000383E0000CE
:109120005C0102A8F80302A870B5FFF7A5FAFFF7E3
:10913000A8FA244C24480068C00509D5E06F000B4C
:109140000F210F220240072A23D001400B2920D0F3
:109150000225134805601D4E0820B062C0017062F0
:10916000012000F07FFF2802706235600620B062A7
:1091700017487062E0204000164908600D480560FD
:109180000021154A1160C021C900016020681349FF
:10919000086070BD500002A8B04301A8D83E00008E
:1091A0000C8001A8683E00008C3F0000981002A8C7
:1091B0005C1102A8982002A8109001A810A001A894
:1091C000FFFFE3FF340002A8FC0302A85C2102A811
:1091D000F96100002CA001A85C0102A8943F0000E6
:1091E00070B52249C022D200214B1B68F824E4014B
:1091F0001C4001D18A6101E01E4B1A601E4A802387
:109200005B001E4C25681D4003D008250D6003211E
:1092100001E0AC214900916421680B4001D10A2191
:109220001160060016488021490301608909C16068
:10923000144C6069AF21C90145183068854200D3DC
:109240000500401B306000213000FFF741FE31680F
:10925000491931600C490968216070BD8020000106
:109260000A49086000010A4908607047641102A8B1
:10927000AC8001A87C2102A80C8001A8FC0302A8F4
:10928000981002A8903F0000340002A8441002A8E1
:10929000685000A8F1B584B0C64800680190C6487F
:1092A000006BAF21C90140180499884205D2081A01
:1092B00000F0C6FE002800D04FE2C04D6868C0072D
:1092C00000D54AE20420BE49C8628003BD498862D5
:1092D000BD48406D0090A86B8407A40F1020032C9C
:1092E00002D0B749C86221E042038A62EB6B9B0659
:1092F00001D501205AE0009B1B060FD5EE6B02231F
:109300001E400BD1B14E05273760EF6B3840034349
:10931000336000203060A86B000A30600420C8620F
:10932000E86B002802D5A64882620024A86B40079B
:1093300005D5A86BC00080214900084003E09E4885
:109340008068C10701D5FFF707FB0121009808409D
:1093500008D0C348A2018018006AC004C00C401E97
:10936000C04A106000200022BF4B1E68360403D59F
:109370009B6F002B00D40122C0218900CE4B596580
:109380002102914B1B78DB0703D58A4B1B68DB0559
:1093900001D5002A02D0C022920000E00A00C74B8B
:1093A0001A60C0229200C44CA2655960296C9422B4
:1093B00092050A40140000D0012480273F02204378
:1093C000000638D0BE480078C021014040290ED1A7
:1093D000FFF7DFF87848C06D00906846FFF779F92D
:1093E000002800D0B9E10098FFF7EEF901E0FFF79F
:1093F000DDF820202860240600D1AEE1B14CA86B36
:10940000400708D578086F4988620220206000F084
:10941000D1FA002806D004206949C862400269498F
:109420008862276068485421405C000600D494E1BB
:10943000380163493DE16868C00700D58DE1B80097
:109440006049C862FEF79CFF286C384006D1FEF7E1
:10945000ADFF0221C24A1160FEF7B1FFFEF799FF8E
:10946000F8082860BF4CC0200006A0607800BE4904
:109470000860A86B4007C10F68460170BB4E019899
:10948000C00700D4A4E001F04DF90290FEF7A8FF58
:10949000286C40040DD400BF00BF00BF00BF00BF58
:1094A00000BF00BF00BF00BF00BF80200006B04962
:1094B0000860FEF79AFF029801F038F9EE20C00428
:1094C000AC4908603809206203203064FE20C003E4
:1094D000706442200199C90501D4706000E02060E9
:1094E000A02060600820A04908660420AB490860FD
:1094F000286CC0022FD5AA484168080CA94A090463
:10950000C90B525A102826D32B490B88E72B22D39C
:1095100095267600B34205D8F31A1B095A43930ADD
:109520005A4204E0A04E9B191B095A43920A52B2B8
:109530008318086BCE6B7243801808636F2B01D3BE
:109540006F2302E00F2B00D20F23180218431904D7
:10955000014396480160874895498164C02189018B
:10956000A1600221804A5167C02189008160F021F9
:1095700009014165F80960610A2000F073FDC0200F
:109580000006A060822040026066012000F06AFDB3
:109590000120A060062000F065FDA760082000F013
:1095A00061FD3801A0608000A060032000F05AFD3A
:1095B000780052E0FC0302A8743F0000100002A8EB
:1095C0001C2002A81C1002A8683E0000E40000AAAB
:1095D000019840074AD56748EE21C90401606249F5
:1095E0008222D204CA66BA092262D2018A66C021E6
:1095F000890181646F48A0600A2000F033FD0020DB
:10960000306408270199C905306001D4706000E01A
:109610007760A020606054480766022141670A20F5
:1096200000F020FDC0200006A060634860660120B5
:1096300000F018FD062000F015FDA760062000F0E0
:1096400011FDC0204000A060082000F00BFD60204C
:10965000A060032000F006FD0220504908600AE0E7
:109660000C0000AA204000A8684101A8534A4021EC
:10967000002000F0FFFF0020C0430F49086000F009
:1096800084FA4F4E401DC001316B47188020C00145
:109690004C49496F014002914B4908600498874248
:1096A00013D2316B401A00F0CBFC00280CD002988A
:1096B0009649086051E000BFB46000A8085100A8B6
:1096C000EC3E0000685000A8049F0198400702D5B6
:1096D0008020800000E08E48A060012000F0C2FCE5
:1096E000686AF062802040001F490860380000F07E
:1096F000A7FC884C68460078002806D131480068ED
:10970000A0678020C0038449086002987F490860F0
:1097100018480199490704D58021890081642449AA
:1097200003E002218164C02189018164686A70625A
:109730006846007800280AD0012000F093FC5420ED
:10974000205C000603D58020000374490860286C63
:10975000C00202D512480068306305B0F0BD0000B9
:10976000D4E40350641102A8B81002A8600102A852
:1097700004500950242102A880B5FEF717FE8B493A
:1097800000220A600A22CA61FEF719FE8848C02139
:10979000890201609F49416001BD0000C82102A803
:1097A000F83F0000C0000000D6FEFFFFDC4001A82B
:1097B0000404000004044000020400000D0700003F
:1097C000743F000020C001A894E001A88C48806B81
:1097D000800300D47047F8B58F48006800900220DD
:1097E00002248E4D01260099314001D08C4C03E0BB
:1097F0000099490702D58B4C286004E08A4A402131
:10980000002000F037FF2C64012000F02BFC300218
:109810008649086708278648076086480068C004AC
:1098200003D4854800683840FBD0844C38486065D4
:10983000042000F017FC8820C004606500980640F2
:1098400024D0A02080036065012000F00BFC7C4840
:10985000606500F067FF0500FEF7C2FD6848006C18
:1098600040040DD400BF00BF00BF00BF00BF00BF59
:1098700000BF00BF00BF00BF802000067149086024
:10988000FEF7B3FD280000F051FF10E0400709D5B6
:10989000602060657803A060012000F0E3FB6A4867
:1098A000606504E0694A4021002000F0E3FE684D55
:1098B00000260098C0052E6001D56F6000E06E6044
:1098C000C02000066065C00C62490860012000F0FD
:1098D000C9FBF0200001E0665F480099C90502D588
:1098E0000321016000E00660862040025B490860B9
:1098F0005B4860652760A02020652E646E64B80216
:109900003F490860000149490860F1BD94D001A8B1
:1099100002400000683E00001C1002A81C2002A8A3
:10992000F8B5504800680D2707400424002F00D1E7
:1099300004274D481025660308214C4A4C4B1B68F0
:109940002340126814D04260394004D00220FEF750
:1099500055FC484806603C4007D04748006805432E
:1099600045480560B008434908600220434915E0B6
:109970000260394005D00220FEF740FCA0023D49BC
:1099800008603C4006D03C4801680D430560700902
:109990003849086039480660300324490860FFF7F9
:1099A00015FF00210020FEF7BCFBF1BDD80000AA86
:1099B000442002A810B5802031490A6802400AD02C
:1099C000304B1A680624144005D15C6E2E4A2240A2
:1099D0001B6D9C0101D5002010BD096808400DD009
:1099E0002A48824203D1180501D5012010BD28481C
:1099F0000068C107C90F481E8041C00F10BD00009C
:109A0000100002A8234803210164A821C16310218A
:109A10000160704704000080FC0302A82C1102A81A
:109A20000230000006040000EC090000482002A8F3
:109A3000106001A8D84001A8104001A8182102A870
:109A4000018000000460095089050000330A00000D
:109A5000600102A8B06101A8548001A8C82102A831
:109A600004340000B44000A8E43E00001CC101A87A
:109A7000480002A8441002A8683F0000685000A8EF
:109A8000440002A814C001A81F1F0000010C000020
:109A900030C101A8082002A86C48006801210842D2
:109AA00009D16B4A12686B4B000C1840F0329140A0
:109AB0000B40984201D00220704700207047F8B553
:109AC00007000F386A461080604CE0680A0004D135
:109AD0006B461B8882B29A423AD200226B461A80A9
:109AE000012502263A0013D02268324007D000290F
:109AF0002ED059480088401C574908800020390062
:109B0000216156490E6080B2B84201D369460D808A
:109B10005348456000E030BF2068304003D1FFF774
:109B2000BBFF0028F7D04D484560390010D02168B0
:109B3000314005D048490A886B461B88D2180A80F4
:109B4000066000202061E068B84201D24448066007
:109B5000FFF7A2FFF2BD38B5050000F0E3FD0400F9
:109B6000012199204543A8093E4A126880181238FD
:109B700080B2FFF7A4FF05008020C0013A490860C9
:109B8000200000F0D3FD280032BD3348038835495A
:109B9000096802889342F9D1100408187047FEB58D
:109BA0001238070C6946088000F0BCFD0190274C74
:109BB000294D2888B8421ADA01202C490860274E1E
:109BC00030BF02202168014006D0306040032649A2
:109BD00008602888401C2880FFF75EFF010002D142
:109BE0002988B942ECDB0121716000280DD1288859
:109BF000B8420AD1E06869460988884205D2002146
:109C000068460088FFF75BFF01E0FFF745FF0400AF
:109C10008020C00114490860019800F087FD2000F1
:109C2000FEBD10B512490A680E4B1B680C689442C1
:109C3000FAD0DB014033141A02D288692418641C5C
:109C40000C4800684443181B10BD0000280002A8FF
:109C500004ED00E0FF3F0000483E0000282002A87D
:109C6000281002A8340002A880E200E02C1002A80C
:109C700020C001A8B43F0000F0B502E00A601C60FB
:109C80002E607EC84F1C07D05F1C04D06F1CF5D11E
:109C90000A601C60F0BD0A60F0BD000080B5FEF7F0
:109CA000ADFA01208449086001BD80B5EB2000F0C9
:109CB00001F801BD30B581490B68184010221342EC
:109CC00010D07F4B7F4C2468224008D0AF4A1468E4
:109CD0002402FF252D0225401D63002414608022EC
:109CE00052031A60086030BDF3B5010016001C0075
:109CF00000250095A648019A330000270BE0BC46DA
:109D00004F5D4743AE009E597E40575D4743374005
:109D1000664637436D1CA542F1D3390939438A0899
:109D20000A43510811430840C10901430F208A0B1F
:109D30000A4302405040F6BDF1B582B00E0000204B
:109D400092490860934DEF7AA87A01900F2139402B
:109D500000910ED00B46904A90490298FFF7C4FF3D
:109D600001990140894801608D4841438D48084070
:109D700001D1012400E04401380915D032003B092B
:109D800029000298009E6D7A75194019FFF7ACFF03
:109D90000199091101407D4802680B0113430360DA
:109DA000002901D0480044437F480068204001D189
:109DB0000420FEBD0020FEBD80B50A0000211180F8
:109DC0007A4952888018FFF7B7FF02BDF0B50F221D
:109DD000774B5C7905780F202040C540200928404A
:109DE00001259C79C4402C4001D10320F0BD354CA5
:109DF0002468254008D06F4D9E684700F65B761EAC
:109E00002E608026B601EE60DD78DE79C640F00770
:109E100011D5E0060FD5002D0DD0674848600888A1
:109E2000488008881C7800192A4080185A788018C1
:109E30002A09801800E0002008800020F0BD10B53D
:109E40005E4801685E4A0820014200D09061C90660
:109E500002D58C21090111605A495B4A5B4B1B6892
:109E60001B040CD54B685C0402D5C303136006E0E9
:109E7000C024A4011C4043029C4200D010600B6827
:109E8000034005D0524B1B689B0F9B0700D010600E
:109E90000C480078C023034002D1802040051060A8
:109EA00008682021084010604A480068C00101D4B9
:109EB000FFF7FBFE10BD00002C4000A8703F000023
:109EC0001C1002A8BC3E0000F8B5434F38687E68FD
:109ED000064042483040424908608024A403414D76
:109EE000F00228D540480168080606D53F480068BA
:109EF000A86001202870022015E00120014202D054
:109F00003B49A9600FE00020C9060CD52A49A96089
:109F1000384A91780B071B0F12789A1809095118C3
:109F2000A980E880A888A880A888002801D02643B6
:109F300001E0FFF7BAFE264026D0294E7460346057
:109F4000A88800280ED0396A81420BD3291D2A48DF
:109F5000AA6890470100F3D0FEF750F90120274985
:109F60000860F1BD01000CD0FC218902F161244997
:109F70000203CA6134604C603A6A824204D30C60C6
:109F8000F1BDEB20FFF796FEF1BD0000283E00007A
:109F9000010101013C3F0000F43E0000343F00009D
:109FA0001111000021840000F03E0000143F000069
:109FB000443F0000204000A849220000F84F000064
:109FC000502102A8184001A8481002A8684101A821
:109FD0004C4201A8D04000A8B44000A8FFFFDFFF1A
:109FE000B46000A82C3E0000BC3E0000603C0000B5
:109FF0005D220000453F0000D84000A82C4000A88A
:10A00000B45000A870B505000C0000F08BFB0600F2
:10A01000FEF7E6F9200205430648056002200649DE
:10A020000860FEF7E2F9300000F080FB01200349F0
:10A03000087070BD04800950409009504C3E0000EB
:10A0400010B5C409FFF7A1FD201A312806DAC000B7
:10A05000183801D4C01EFDD5002010BD2000FFF728
:10A060009EFD10BDC32148436F3801D41E38FDD575
:10A0700000207047FEB5C020C00433490860334853
:10A080003349486533488865334840240460446058
:10A090001020FFF7E7FF010054D1FF2000052F49F2
:10A0A00008602F482F4908602F4829490860A503F8
:10A0B0002A4805602D4807680820FFF7D3FF0100F4
:10A0C00040D108262A4806600120FFF7CBFF274829
:10A0D000806801902748066027481D4908601F488E
:10A0E00005600820FFF7BEFF01002BD12048066065
:10A0F0000120FFF7B7FF1D48806800901D480660EB
:10A10000134D1E4828600199009800F03FF886061C
:10A11000B60E0198C10B0098C00B00F037F8000292
:10A12000FC21890101403143296010480760600328
:10A130000A490860124804604460124901641249E7
:10A1400041640020FEBD000020E000A8571400007C
:10A150004C0102A8FF3FFF3F601102A8B42002A8F3
:10A160000000380EB41002A830300000104101A8E1
:10A17000105101A8106101A810100000202000005B
:10A18000602102A8F703F000FF3F000010B549046A
:10A19000CA104004C310991A00209A18D30F9A18B5
:10A1A000521052188B115B0E5B18DB11D218202352
:10A1B000541A01D422001843CC0F611849105B08CF
:10A1C000F6D110BD10B5C20018231340FF249C40E7
:10A1D000E2438907090E9940030004D477489B089D
:10A1E0009B00C01806E0764B0007000F0838800877
:10A1F0008000181803681A401143016010BD80B533
:10A200006F225421002000F035FA01BD10B500F096
:10A2100089FA6C4901220A606B4B6C4C23606C4CD0
:10A22000236003236B4C23606B4C23606B4B1A60E1
:10A230006B4B1A606B4A802313606B4B13601122C7
:10A240008A6300F073FA3F206849096801400A1DDB
:10A25000402A00D2081D664A1070A748017010BD40
:10A2600000F060FA05000024012160B2FFF7AAFFA8
:10A27000641C0E2CF8D301210F20FFF7A3FF01214E
:10A280001120FFF79FFF01211320FFF79BFF012102
:10A290001720FFF797FF03210120C043FFF792FF2C
:10A2A00001211E20FFF78EFF01211F20FFF78AFFEB
:10A2B00050485149086002205049086001209949DE
:10A2C000086047044E4C20683840FCD0FEF737F851
:10A2D000280000F02BFA4B480068000311D49222AA
:10A2E00052005321002000F0C5F90AE000281CD0DC
:10A2F000FEF75CF819E020683840FCD0280000F038
:10A3000015FA206D0004000F022801D1FEF790FC21
:10A3100000F008FA05006B4EFEF758F80028707838
:10A32000E4D0002801D1FEF74AF801203349327801
:10A33000002A05D1714A1268920600D4086030BF25
:10A340000022327002220A6076490860D3E776481C
:10A35000016842680A40754810401C49086080073F
:10A3600000D4704770B572480188491C0180714C57
:10A370002078000620D570490A680F20120B024091
:10A38000032A19D16D4A12685207520F032A13D8B3
:10A390000968090B084003280ED16948056808269A
:10A3A000684806600D20FFF779FC354001D09A48D7
:10A3B0000660E08A401CE08270BD000000E400E01E
:10A3C0001CED00E0040002A80000FF3F282002A8C6
:10A3D0002C1002A840E002A844C002A804C001A8B2
:10A3E000044001A8145001A8200060062C8001A898
:10A3F0004A3E0000FFFF9BC000E100E0602002A891
:10A40000600002A8F80702A8F8B58448016844680B
:10A410000C40834804608348204007D0FDF7E9FFE3
:10A42000002803D020008049096888477F488021A0
:10A430000C4220D0794A936AF825ED011D401AD0CC
:10A44000C0231B019D4216D880252D06884E3560FD
:10A45000976AF826F6013E40C76E3F043F0F022F71
:10A4600001D0032F03D1002E01D09E42F0D3904A99
:10A4700015606B4A11608F49097806290DDACC20E6
:10A48000800120401DD000F04DF905002000FDF7AF
:10A490006DFC280000F04AF9F1BD0068800510D578
:10A4A0008548204005D0FEF7BDFA2000FDF75EFC90
:10A4B000F1BDA00205D580204001594908607F49BF
:10A4C0000860F1BD4D3E000010B57D48016844684C
:10A4D0000C407C48046080210C4205D041607A48E1
:10A4E00001600020FDF742FC600403D58020400598
:10A4F0007649086010BD00004B3E0000F40302A83E
:10A5000038B57348016844680C40E00707D500F08F
:10A5100009F90500FDF7C4FC280000F007F96D48B3
:10A52000046031BD601002A8280002A8FFFF00C02F
:10A53000483E0000BC3E0000B00002A8184001A840
:10A540004C4000A84C6000A8FEB5634C206C676CC2
:10A55000074001252F4216D02E066048066020686D
:10A560005F490D60002802D00021FDF773FE5D48B1
:10A570000068A021C90188428041C043C00F5A49E8
:10A5800048705A480660FDF711FF0190022007400D
:10A590003ED06168CEB20F0A55490822494B4403A8
:10A5A000012E24D0022E31D1012F22D1514EF67826
:10A5B0000096504E37780126BE404F4F3E604D4EBC
:10A5C0003678760590277F04F71903263E434B4FD4
:10A5D0003E601C604A4B1C600B68009C1B194B655D
:10A5E000444909788D4047490D6047490DE0009086
:10A5F000DFE7002F0AD1454E356000254D655C60D0
:10A600001C60C104424B196042490A603449086029
:10A610000198FDF7D4FEF7BD4C5000A8104001A8EA
:10A62000106001A8020006005C3C0000440002A883
:10A6300070B5FDF7BBFE040000F074F82F490A68FE
:10A64000D2070FD52A4A566D1368334D2E60CE6857
:10A650006E604968E9818021C904204E3160297B00
:10A660005918516500F062F82000FDF7A8FE70BD92
:10A67000E06101A8002800D0704770B50C00FDF71C
:10A6800095FE050000F04EF80600FDF7A9FE2348F0
:10A6900004600121224A1160026C0A40FCD1FDF7DE
:10A6A000A4FE300000F042F82800FDF788FE70BDDF
:10A6B000E05101A8183E000000104006145001A807
:10A6C00090C001A890E001A80CC001A804ED00E032
:10A6D000C0C000A8C0E000A800C002A8441002A8A2
:10A6E00040E002A8404000A84D3E0000442002A8DF
:10A6F00018800A50613E000068A00A5060C101A89D
:10A7000094D001A868900A50F42302A860E101A83F
:10A7100080E200E0F41302A8583E000000800950D7
:10A7200040900950EFF3108072B67047002800D1B6
:10A7300062B6704780B5FDF75CFE002802D0B648CF
:10A740000068804701BD80B5FDF790FEC4480068F1
:10A7500000030AD4FEF736F9FFF738F8FEF7AEF833
:10A760000120FFF709F8FEF7DFFC80208005FDF7E8
:10A7700015FE01BD80B5FDF779FE80204002FDF792
:10A780000DFE01BDFEB505208D4908608D480668A7
:10A790000124264201D1FDF76FFFFDF767FE8A49CC
:10A7A000086800909D4849680160B105CA0F694674
:10A7B0000A710025264210D00095AA494968016017
:10A7C000A848026896490B68981A9A4202D38B6986
:10A7D000C018401C934B9842F5D3A34F3D60684688
:10A7E0000079002804D031000098FDF79BFB009011
:10A7F00000263868204003D16846FDF76AFF06004E
:10A80000FDF7C0FF002844D09648407C002840D186
:10A8100096489449C96802690B689A4200D001259C
:10A82000934FBA1C9446934A1378062253436246C8
:10A83000D25A8C462B0018214B436146C9184A60F6
:10A84000009901918749C96801226A4018235A4337
:10A850008D1829680161A96801608748E96801606D
:10A86000296901626869A149086001A8FDF731FF03
:10A87000010006D1B91C7F4A127806235A43895A2F
:10A880006960310006000E43300602D175494C74F0
:10A8900001E0360602D10098FDF796FF9E4804605D
:10A8A00002209E490860C820C004BD4908606004B9
:10A8B000FDF774FDF7BDF8B5994C8025EF02FDF763
:10A8C00061FF002808D097480078002804D138009C
:10A8D000FDF764FD2560F1BD206CC00506D5802024
:10A8E0000006206000BF00BF40082060FEF74CF863
:10A8F000FDF7BCFDFDF7B2F906008B48A9490860D9
:10A90000FFF718FF3800FDF749FD002E00D0256045
:10A910000120A5490870F1BDF8B5A44CA448006811
:10A920002060FDF7A3FDFDF72BFD02257C48006CA0
:10A93000000405D4FDF73AFD9E490D60FDF73FFD8B
:10A94000FDF727FD1020C0439B490860002674488E
:10A95000C6639A480660FDF74CFD070003D098488F
:10A960000068804700E066637820205C0521014094
:10A9700002D0FDF70EFE01E0FDF718FEA06F0540C6
:10A9800002D0012066490860FFF759FA002F02D073
:10A990008C480068804780200003FDF7FFFCF1BD74
:10A9A00080B5FDF763FD2E480068000303D4FDF772
:10A9B00085FFFEF7B9FB80204003FDF7EFFC01BDEA
:10A9C0005C1102A8440002A8B83F000038B5FDF7AA
:10A9D0004DFD534C2025FEF7EDFF002806D0606B9F
:10A9E000000704D5FFF70EF8FEF738FC2560FDF7E9
:10A9F00065FFFEF799FB744800780C21014004299B
:10AA000002D1FDF7C6FD01E0FDF7D0FD6804FDF7BA
:10AA1000C5FC4020206031BD483C0000243E0000C1
:10AA200020C001A801FF00001CB50520674908608F
:10AA3000FDF71CFDFEF7E6FF6548006800906846DC
:10AA4000FEF7CEFB0400FFF775FE002C02D1009844
:10AA5000FEF720FC80204004FDF7A0FC13BD0000A1
:10AA60000C0002A8C83E0000203E0000348001A86F
:10AA70003C3E0000383E00001C4101A8F8B5FDF73F
:10AA8000F5FC544CA56A5020284002D0FDF781FD0A
:10AA900001E0FDF78BFD224FFEF78CFF00281BD154
:10AAA000B86B40071DD4786BE0214901014018D1F3
:10AAB000A80611D4FDF764FCA56A9F4E354207D065
:10AAC000FF20C0432D18A562802000059B49086027
:10AAD000FDF75FFC2E4002D00120386001E000202D
:10AAE000206080208004FDF759FCF1BD284000A8BB
:10AAF00080B5FDF7BBFC92480068C00501D5FDF7A5
:10AB0000DDFE0120FEF738FEFEF70EFB8020C004BC
:10AB1000FDF744FC01BD0000442002A8305201A80A
:10AB2000100002A8D93E00007001200010B5264890
:10AB30000468FDF79BFC8349096809032AD40321B3
:10AB4000C00601D5214001E0A0080140012902D141
:10AB5000FDF71FFD0BE0200107D50E20FFF79EF843
:10AB600079480421016008210160FDF71FFDFDF710
:10AB700098FD764C2069B3490860FFF7DBFD20683B
:10AB8000002807D04000122802D2FFF76BFA01E03C
:10AB9000FEF7E1FF80208003FDF700FC10BD000000
:10ABA000106001A8B46000A84D3E0000743E000093
:10ABB00008C000A8D4E40350482002A8283E0000A2
:10ABC0004C3C0000503C0000EC3E00005C1102A830
:10ABD000CC3F0000C43E0000F8B584B000249A4980
:10ABE0000C740120694608700294FDF73FFC039045
:10ABF000544F3868000300D598E003209349086457
:10AC0000934800681025FF26B6010F210F2202404D
:10AC1000032A03D0000B014006293BD18D48006870
:10AC200071680291396C890701D5B1680291FEF70C
:10AC3000F8FF0299401801D5019400E00190B86B2B
:10AC40000107C80F0321424A12680A40022A1BD199
:10AC5000039A2A4018D07C4A526DD30512D5FE6B58
:10AC60009D4B1E409E4202D178490D640CE0920536
:10AC70000AD43A6C2823134006D16B461C702F4A25
:10AC8000116001E06A461470029068460678002E52
:10AC900012D11EE06C480078C0070AD56A48806867
:10ACA000FEF7BFFF7168401801D5019410E00190D4
:10ACB0000EE0306801900126FEF77CFE002808D0E7
:10ACC000FEF7A0FE0298002802D0FEF7C7FA00E0C7
:10ACD000002602205D490860002E10D01C48007834
:10ACE0000C210140042902D0F86B054002D0FDF789
:10ACF00050FC01E0FDF75AFC2020786016E0524835
:10AD00000078C00705D575480068054001D1FDF7FA
:10AD100051FCFDF7D3FD01A8FEF762FA0400FFF72E
:10AD200009FD002C02D10198FEF7B4FA802000043E
:10AD3000FDF734FB05B0F0BD00FFFF00481002A88E
:10AD4000680102A80C0002A880E200E0AC3F00000D
:10AD5000EC3E0000FEB53C4C002525740095FDF747
:10AD600085FBFFF7E7FC5E4EF06E5E4F0007000FBD
:10AD700007280BD17068002808D40020FEF7FCFCDF
:10AD8000386830490860FDF715FD55E0012071680D
:10AD900049070CD454490968014008D00102626D8A
:10ADA0000A4209D0520502D43268114001D1009004
:10ADB00002E010204D4908602078C00705D54748BB
:10ADC0000068C00601D5FDF7F5FB4948016803207E
:10ADD000009A002A01D0890900E009090840019081
:10ADE0000020FEF7C9FC0198002805D17068C00654
:10ADF00002D4FDF7DBFB01E0FDF7CBFB002000995F
:10AE0000002903D13B480068FEF70BFF7969401821
:10AE100001D5009500E000906846FDF75AFC002837
:10AE20000AD10098FDF7D0FC2078C00701D56068F2
:10AE300000E0B8690349086080200005FDF7AEFA1C
:10AE4000F7BD0000243E0000683E0000082002A874
:10AE5000B00002A80CC101A8F8B5FDF707FB00245B
:10AE600000252548466B80277F05300606D530072C
:10AE700009D5FEF7C7FDFEF7F1F929E001251A48CB
:10AE80000068284019D00020FEF776FC022006401A
:10AE900002D01A490C60C86119480468002D03D01B
:10AEA0002000FDF7D7F80400FEF7ACFD2000FEF708
:10AEB000F1F93800FDF772FAF1BD0D480078C021B4
:10AEC0000140402902D1FDF764FB01E0FDF76EFB74
:10AED000202009490860ECE710000010B04301A8E9
:10AEE000440002A8BC3F0000B44000A8481002A8DB
:10AEF000EC3E00001CC101A8100002A8180000AA26
:10AF0000D83F0000FFF782F9024803494860FFF785
:10AF1000A7F900BFF12600000000000080B5EFF3A4
:10AF200005800B2801D23A2100E029218C22520011
:10AF30000020FFF79FFBFEE770B50822804B1A60E8
:10AF4000804B1B68DC0302D50020088070BD0C8894
:10AF50000019401E00787C4DA870641C0C804507C9
:10AF60006D0F052D05D8794E3668F60603D5022DEE
:10AF70000DD0032070BD9604AE401E4001D10820C4
:10AF800070BD052D03D1104201D1641E0C80AA486A
:10AF90004860002070BDF3B582B008886C4909781C
:10AFA000491CC9B2814204D202990918491E097884
:10AFB00000E00021644A517093785B075B0F0193B6
:10AFC0003023019C052C28D1194232D19478E50810
:10AFD0001E242C40CD0702D5250001242C43012539
:10AFE000A14EE6402E4072D0019FA04EE641402483
:10AFF00026403E434C0602D5340020262643947852
:10B0000089080D40A7080C2139402943C025254057
:10B010000D4320212943967051704A490C68557898
:10B02000022123262E4008D0660302D52B40202B78
:10B0300001D0052082E0424B196093789B0601D431
:10B04000202203E09278120702D540223C4B1A607E
:10B050003D4A92786B461A70C022854B1E680E409E
:10B0600001D1154212D06E46377827263E40232E56
:10B0700003D1E60207D4012606E0252E03D0212EB7
:10B0800004D1260302D504262D4F3E601B681940CB
:10B090002026019F002F1CD11E4027D02A4B5B7811
:10B0A0001A40402A13D00C221A40042A0FD02A0733
:10B0B0003BD40122002902D0E100CB0F5A4069465F
:10B0C0000978CB07DB0F1A422FD021012AD40720A1
:10B0D00034E0022FE2D11E4008D00029DED1CC237B
:10B0E0002B4003D16B461B785B0601D5032025E07E
:10B0F000A30311D59C4E73691B051B0D5B1C3668A1
:10B10000F60205D5994E36683607B60F9B1B5B1EB7
:10B110009BB2052B04D1C1E7029B1B78052BBDD048
:10B1200006200BE08021064A1160E90702D4401C8A
:10B1300003990880AB4803994860002004B0F0BD33
:10B140004C1002A8BC3E0000103E0000480002A8BF
:10B150002C3E0000F2B586494978CA0705D4009A0A
:10B1600012888018401E037800E000239E4A106871
:10B1700002249E4D2E68F60611D512695340DBB2AB
:10B18000002B03D16E68D30973402340002B03D0FA
:10B19000020204D40A20F2BDE206954E3260744ADF
:10B1A0001E02C0230B403343914E336093785E07F9
:10B1B000760F022E06D16D682C4003D10020009935
:10B1C0000880F2BDA0250D409E08102737402F4370
:10B1D0003D090E0702D42E0010253543CC240C4027
:10B1E0001A262E400A2E04D1CC2C02D02E00FD258A
:10B1F0003540804EEE40F60705D4000416D5412BAD
:10B2000010D1082912D17C48E84011210140214386
:10B210002020084310700D210140009808D000F054
:10B22000A9F8F2BD0B2B01D10029ECD00720F2BD0B
:10B2300000F020F8F2BD00002734000038B50C0003
:10B240006E490B781A0953399500491925881B074F
:10B250001B0FEB1A9A1A8018FEF76EFD010002D13F
:10B26000200000F007F832BDF300A3E39814406813
:10B270004C0002A8F8B50400614805683C4F3878D6
:10B28000D026304202D00D21014005D008205D4972
:10B290000860EF20FEF70EFD39782000314204D01F
:10B2A0000909397000F066F8F2BD052129401FD068
:10B2B00002884D49CA60544BEC0705D5521C0280E8
:10B2C000690607D4514B05E043242C40422C03D19E
:10B2D000521C028043600DE010224A4B1A604C4A17
:10B2E00009688B00DB0F19011163802109031160CC
:10B2F000002101800020F2BD0A888018401E0078DD
:10B30000830601D4121D0A801822024004D0088846
:10B3100052088018C01E088039480068C00702D54E
:10B320000888401C08803948486000207047344A2B
:10B330001368DB0708D51268920705D40A888018BD
:10B34000401E007804280CD110202E4A106030488E
:10B35000254A12689300DB0F1A0102638022120350
:10B3600002600020088070470C4000A8080001A877
:10B37000103E000031B581B026490020009008221F
:10B38000254B1D7802230C24254202D1002223499B
:10B3900003E02C40082C00D10222EC0703D50C005E
:10B3A0001E21614000931D4207D015490968090616
:10B3B00001D51B4901E00021C943019B194C2160C3
:10B3C0001949FF248C70009C15012543CD7008702D
:10B3D0001888009940188018188014485860002078
:10B3E00036BD0000E5350000BC3E0000480002A864
:10B3F000481002A80D0F0C0D07170850473F00001A
:10B400004C0002A84C2002A889370000BF3700007A
:10B410001C1002A8DE1B2501103E00002084100035
:10B4200000FCFF01F03E0000443F0000CD3600006C
:10B430000006800F7047954909684143880B7047A3
:10B44000934800680104C80F704730B50020844954
:10B450000A6800238F4C521C6568AA4200D32268F8
:10B460001578AD06AD0E9D40054328009B1D1E2B93
:10B47000F1D30A6030BD86480168090408D58649C1
:10B480000A68774B1A604A68C26188688349086015
:10B49000704780B5FCF78AFF012081490870814818
:10B4A0000068022808D280480068F02109050140A0
:10B4B000C02080048142F2D07C480068C01C7C49D6
:10B4C00001437C48016001BD7B487A490860002047
:10B4D0007A49086080218902794A116079490860B7
:10B4E0006F4908707047F3B583B01700C006000EAF
:10B4F0000090103891282ED2FFF7A2FF00282AD002
:10B500000025714C01260398FFF792FF002802D016
:10B51000022803D003E02068304000D001250197C5
:10B52000049F934E0C20205E38180E21615E401857
:10B53000FFF781FF01994018306000983818FFF735
:10B540007AFF019940187060C02080018949086025
:10B5500028038949086005B0F0BDF8B5874C574A03
:10B5600004250221504BA068284204D0107D80069B
:10B57000C50F6D0024E0084024D01069042807D2CC
:10B580001868F02636050640C02080048642F4D0B4
:10B59000107D0007000F072814D1507D022811DD0F
:10B5A000907D8006800E02280CDBD07D0090284222
:10B5B00008D0C00700D50A250098084200D0AD1D6C
:10B5C000002D04D1FFF780FF00202061F1BD681C31
:10B5D0001669864207D21F68F02636053E40C0270E
:10B5E000BF04BE42F4D06648405D2061C300F82528
:10B5F0001D4001D04B061360624B1E68012E00D126
:10B600006D0055602268002A1CD12A4A1568202640
:10B61000A65F3603AD05AD0D35431560294A0125FA
:10B6200015609160810909D11968002901D118219B
:10B6300000E01A21625E0021FFF755FF207A000723
:10B6400000D42560F1BD16480078002800D170476D
:10B6500080B5FFF739FF46484B490160416001BDA5
:10B66000143E00000620494908600020484908604F
:10B67000F0200001474908608020400046490860EA
:10B680003B4841490160416070470000A43E000012
:10B69000C04101A87C3E0000843E00005C4201A83D
:10B6A0004E3E0000D44000A80C0002A8204000A894
:10B6B00000F0FF3FB84101A8FFF3FF3FC44000A8DE
:10B6C000106001A8044003A8A03E000070B504006B
:10B6D000A00310D52B480068002803D11620FEF7E0
:10B6E0003AFA02E00C20FEF7BDFC08202B49086066
:10B6F000C0032B4908602B4D286800040CD5FCF7CB
:10B7000055FE0600FFF7A1FEE861FFF79EFE264901
:10B7100008603000FCF753FEA00727D58020C00248
:10B720001F490860FCF765FE00281FD01F4A1068FB
:10B73000C0B2002802D006211D4B1960810915D026
:10B740001C490B68012BFBD949680905090D091D26
:10B75000C9000C4B1B68012B00D14908002B01D1FB
:10B76000182300E01A23D25EFFF7BDFE70BD000073
:10B77000C84101A8C06101A8C05101A8983E0000BD
:10B78000D84000A86C3F0000FFFF0300006401A840
:10B79000504000A80C6000A80C5000A8846000A8CD
:10B7A000106001A8C04101A85C4201A89C3E0000B5
:10B7B000005401A81C4000A800000000C93300008C
:10B7C0000739000023390000EB390000D73A0000A8
:10B7D000F53A00005D3B000000000000C8330000A7
:10B7E000183E000000000000183E00003700000076
:10B7F000C8330000F8040000603C000004000000B2
:10B80000103E000003000000C03800008803000064
:10B81000483C000018000000143E00000400000036
:10B8200038B5DFF854414FF4E471204600F0B8F821
:10B8300009222261092060610FF24410A061DFF843
:10B840003C11E1614FF4806222620023A362002573
:10B850006562E36204F1F003186001F580605860EE
:10B860009A60002119610020D86059610FF21C1103
:10B8700042420A44D27B2254401C1028F8D331BDE6
:10B8800070682246A9EB0409C119404600F08CB843
:10B890002DE9F8430446DFF8E050287888469146C1
:10B8A000532818BFFFF7BCFF18204443281900F1A4
:10B8B000F0063769F5680024BD420CD2B468E41B79
:10B8C0004C4588BF4C46FFF7DBFFB168E719A04441
:10B8D0008F4208BF0027ED1B4D4588BF4D462DB157
:10B8E00070682A462C19FFF7CFFFEF1904B13761B2
:10B8F0002046BDE8F28310B500F005F8FFF7C8FF59
:10B9000084F3118810BDEFF31184202383F3118891
:10B9100070472DE9F0410446DFF85C8098F800009C
:10B920000D4616461F46532818BFFFF779FF092C0E
:10B9300005D200F008F8F03200F00EF801E04FF008
:10B94000FF30BDE8F081EFF31181202080F31188F2
:10B95000182262434244704734B1156056609760C4
:10B96000002010610023D3600698506181F3118894
:10B970000020704754E70000001C0020D023002066
:10B980005465726D696E616C00000000000000007B
:10B9900000005454522052454747455300000000D0
:10B9A000002200F00DB870474AB1000011F8013BC9
:10B9B000521E00F8013B1CBF11F8013BF8E770472D
:10B9C0004018491C1CBFB1F1010100F8012DF9D14B
:10B9D000704770470146002000F041B810B504469A
:10B9E00000F06CF807490C6000F06CF8002010BD06
:10B9F00010B500F063F803490C6800F063F82046C6
:10BA000010BD00008C47002038B50C46154608B91B
:10BA1000FFF7EEFF00281CBF4368002B06D000682C
:10BA20002A46214601B0BDE830401847232032BDE8
:10BA3000F8B50D4616461C466F4608B9FFF7D8FF05
:10BA400004B1274600281CBF8468002C05D000687C
:10BA50003B4632462946A047F2BD2320F2BD02B53F
:10BA600001226946FFF7D0FF02BD00230122DFE774
:10BA700070B50C461546002608B9FFF7B9FF014618
:10BA80002B4622460FF2210000F096FE0128B8BF97
:10BA90003726304670BD0CB480B502AAFFF7E8FF28
:10BAA00002BC5DF80CFB000080B50B468DF8000071
:10BAB000012269461846FFF7A7FF01BDEFF310808A
:10BAC00072B6704700B962B67047704770470100A0
:10BAD00018BFFFF77FBF70470A46010002D05168C8
:10BAE00012681047704730380A288041C00F7047ED
:10BAF00010B5014600200A2405E0531C0B601278A3
:10BB0000303A04FB00200A681378303B0A2BF4D348
:10BB100010BD2DE9F84F15460B9C0C9E0D9F8146DC
:10BB20008A469846009517F0030F10D1A346B345F7
:10BB30000DD200F01BF86D1C0BF1010BF7E70A9812
:10BB4000641E4346005D2A465146C8476D1C002CC2
:10BB5000F5D1B80707D5009C02E000F007F86D1C8E
:10BB6000281BB042F9D32846BDE8F28F43462A4647
:10BB70005146202048472DE9F84384B0129F814662
:10BB80009046DDF830C00D980E9EDDF840E0119A29
:10BB9000BC071CD462B1FC070AD5002E08BF17F001
:10BBA0000C0F05D0521E03E030240CF80040401C5E
:10BBB000704538BF2028F7D3FC0708D5302502E0B0
:10BBC0000CF80050401C904238BF2028F8D3FC06E7
:10BBD00027D50F9C7D050AD448B1704518BF904207
:10BBE00005D1401E03D0102C08BF401E01D0102CE0
:10BBF00009D1451CBC061CD420280CD278240CF892
:10BC00000040284607E0022C05D1202803D26224F8
:10BC10000CF80040401C202803D230240CF80040CF
:10BC2000401C202813D2451C3EB12D260CF8006084
:10BC30000CE02028EFD25824E1E77E0748BF2B24F0
:10BC400002D43E0703D520240CF800402846029277
:10BC500001900397CDF800C042464846FFF759FFD0
:10BC600005B0BDE8F0832DE9F8418FB08046169805
:10BC70001B9E002708B926F01006189D740500D5F4
:10BC8000C8B1B0FBF5FCBE460EF1010705FB1C0078
:10BC9000C4B20A2CB8BF303005DBB4064CBF412417
:10BCA000612400190A3807AC04F80E005FEA0C00A2
:10BCB00001D0202FE5D31A98069603950590199E7A
:10BCC0009DF85C5007A800900496029501974046A5
:10BCD000FFF751FF10B0BDE8F0812DE9F34F8FB0B1
:10BCE000DDE91A45002791469846229E002D04BFA3
:10BCF000002C26F01006DDE91EAB700503D5002DE3
:10BD000008BF002C19D000F02EF83846471CD1B2DD
:10BD10000A29B8BF303205DBB1064CBF4121612191
:10BD200052180A3A07A90A5400F01DF804460D00FB
:10BD300008BF002C01D0202FE5D310990F9806964C
:10BD4000219C209DCDF80CA005949DF87040049591
:10BD500043460294019707AC4A460094FFF70BFF55
:10BD600011B0BDE8F08F2046294652465B4600F0F0
:10BD700075BD2DE9F34F81B093462DED068B9A46A4
:10BD8000B0EE408AF0EE608A8CB0002651EC180BC1
:10BD900053EC182B1F9C209D009600F0E3FD06D06D
:10BDA0000395029403248BA50194009517E000F0FD
:10BDB000A1FA06D204200395029401900FF68C217B
:10BDC0000CE000F092FA11D1680759BF032082A15C
:10BDD00004200FF68021039502940190009114999C
:10BDE000139853465A46FFF794FEEDE00122DFF820
:10BDF000E8391E9F00F0C6FD05D90022DFF8DC39C6
:10BE000000F0DAFD09D21499139802950194009775
:10BE100053465A4600F0E8F8D6E00023914600F079
:10BE2000CBFD05D281F000414FF0010941EC180B28
:10BE300004AE680502D406211E910AE000213020DC
:10BE40000A2F04D37054491C7F1E2029F8D31E9753
:10BE5000009151EC180B00F0C9FD1E9ADFF8801913
:10BE6000074601EBC20191ED009B00F0DBFD00F005
:10BE7000B5F853EC192B00F025FE41EC1A0B00F03D
:10BE8000F7FE804600F006FF02460B4651EC1A0B07
:10BE900000F0CCFF41EC1A0B08F10100019051ECCD
:10BEA0001A0B0122DFF83C3900F06CFD0DD8DDF8EB
:10BEB0000480404600F0EEFE53EC192B00F062FDCA
:10BEC0000FD84FF000087F1C0BE0002200F074FD3B
:10BED00007D3B8F1000F02D05FEAC87001D5DDF8D2
:10BEE00004801E9890B9384600F09CFD00F076F86A
:10BEF0000022DFF8F03800F05FFD03D2012200F0ED
:10BF000041FD23D8F80721D57F1C1FE00246009988
:10BF100040464FF00A0C20290AD20A23B0FBF3F363
:10BF2000521E0CFB130030307054491C1800F2D123
:10BF3000202919D21046421E4B1C00281EBF30205B
:10BF400070541946F4D12E227254009300990A229B
:10BF5000202909D20A2097FBF0F002FB1077303736
:10BF60007754491C0700F3D105F0030001280FD1D5
:10BF700054B1B9F1000F08BF15F00C0F04D0641EC6
:10BF800002E030207054491CA14238BF2029F8D368
:10BF900020290ED2481CB9F1000F18BF2D2206D15E
:10BFA0006B0748BF2B2202D42B0702D520227254E4
:10BFB000014604A8019100901499139803950294E6
:10BFC00053465A46FFF7A5FD0CB0BDEC068BBDE805
:10BFD000FE8F00006E616E00666E690002460B46C1
:10BFE00051EC180B00F022BF2DE9FB4F82462DEDDE
:10BFF000048B93462DED020B88B0DDE90801DDE9E5
:10C0000008231A9E1C9F00F0ADFC05D100F06DF9CD
:10C0100002D000F06FF90CD21B98109B0F99019081
:10C02000029700969DED080B5A465046FFF7A1FE79
:10C0300050E10022002300F0BFFC3DBF4FF001089B
:10C0400081F00041CDE908019046780558BF0626E9
:10C05000DDE90823DFF890174FF0FF301940DFF8D3
:10C060008C571040DDE908230D43CDE904055A0043
:10C07000520DA2F2FF32104600F0D4FCDFF8702718
:10C08000DFF8703700F01EFDDFF86C27DFF86C3743
:10C0900000F00EFEDDE9042304460D460020DFF823
:10C0A000601700F005FEDFF85C27DFF85C3700F072
:10C0B00009FD22462B4600F0FBFD00F097FC0546EB
:10C0C00000F0B0FCDFF84427DFF8443700F0FAFC5A
:10C0D0000022DFF8103700F0EBFD00F087FC04468B
:10C0E000284600F09FFCDFF82C27DFF82C3700F003
:10C0F000E9FCCDE90001204600F094FCDFF81C27A4
:10C10000DFF81C3700F0DEFCDDE9002300F0D0FD95
:10C1100041EC180B53EC182B00F0D4FC41EC190B3C
:10C1200004F2FF3001050020CDE9040153EC182B87
:10C130004FF0804100F0C6FCCDE9020100204FF035
:10C14000804153EC182B00F071FECDE9000151EC59
:10C15000190B0022DFF8CC3600F0DAFE0022DFF8FF
:10C16000C83600F0A5FD00F0BAF80022DFF8BC36B2
:10C1700000F09EFD00F0B3F8DDE9002300F098FD2B
:10C1800002460B46DDE9020100F0C2FE0022DFF8A4
:10C190005C3600F08DFDDDE9042300F093FCCDE971
:10C1A0000401DDE90801DDE9042300F005FC09D202
:10C1B000DDE904010022DFF8703600F0A9FE6D1EF3
:10C1C000CDE9040105F16300C72834BF0424052428
:10C1D0003A051CD5DDE90801DFF85426DFF85436AE
:10C1E00000F0D0FB0FD80022DFF84C3600F0E4FB63
:10C1F00009D2B542BABF761B761E002647F4806787
:10C200000024002503E016B1780548BF761E1B9870
:10C21000844234BFA0EB04094FF00009B80702D5EF
:10C220000CB14FF000093DB1DDE90801DDE904235F
:10C2300000F06EFECDE90801CDF818B0B8F1000F9E
:10C240001DBFDDE9080181F0004141EC100B9DEDBF
:10C25000080B27F40060109B0F990290CDF8049012
:10C2600000965A465046FFF784FD06468CB306F109
:10C270000108B8064CBF45206520109B0F99324637
:10C28000D047002D46BF01206D42002005210A2322
:10C29000059102930022109B0F99641E0392019056
:10C2A0000494009542465046FFF7DDFC0646B80769
:10C2B0000FD50F9C109D1B9FDDF8188005E02B46C5
:10C2C000324621462020D047761CA6EB0800B84213
:10C2D000F5D330460AB0BDEC048BBDE8FE8F0246B4
:10C2E0000B4651EC190B00F013BE0022DFF84C3561
:10C2F00000F038BB4FF0FF326FF4801300F05CBBEE
:10C300002DE9FF4F89B0DDF858804FF0000B71B96F
:10C31000DFF82C1509910AE0462808BF174600F0FF
:10C3200028FAFFF726FD83460C98411C0C910C98C7
:10C330000078002800F005820BF10105252806D0C1
:10C340000B9B0A99099C5A46AB46A047ECE70C9810
:10C35000002701E047F01007411C0C910C9847F0B2
:10C3600002040178202910D02329F3D02B2909D0E9
:10C370002D2905D0302908BF47F00107ECD007E090
:10C380002746E9E747F00407E6E747F00807E3E751
:10C3900008460026FFF7A7FB20B10CA8FFF7A8FB73
:10C3A00006460BE00C9801782A2907D158F8046B4F
:10C3B000002E44BF27467642411C0C910C98002465
:10C3C00001782E2918D1411C0C91087847F4806718
:10C3D000FFF789FB20B10CA8FFF78AFB04460BE0AE
:10C3E0000C9801782A2907D158F8040B0028C8BFF7
:10C3F00004460C98411C0C910C9947F480700A7803
:10C40000682A12D06A2A1CD06C2A04D0742A18BF59
:10C410007A2A19D01BE00746491C0C91084601787E
:10C420006C2914D147F4007709E0491C0C910846A7
:10C43000017847F08007682909D147F04007411C7F
:10C4400004E047F4007700E00746491C0C9108F12E
:10C45000070020F0070C0C9847F0200200782528F0
:10C460003FF46EAF452812D046280DD047280ED095
:10C47000582818BF62281BD0632800F0C2806428A7
:10C4800016D0652803D066283FF446AF672800F031
:10C49000A680692818BF6F280AD0702800F03D8157
:10C4A000732800F0DD80752818BF78287FF448AF26
:10C4B000782808BF102113D0582802D11021174620
:10C4C0000EE06F2808BF08210AD0622808BF0221A9
:10C4D00006D00A2127F01007692818BF642801D068
:10C4E00027F00C077A0544BF7F087F0000256928E4
:10C4F00018BF642841D1B8051FD5DCE900230CF131
:10C500000808002B11D54FF0010C524263EB430396
:10C51000CDE90415CDE900230B9B0A9909980897EA
:10C5200007960694CDF808C038E00120AC46AB422F
:10C53000EBDBEDDC8242E8D3EAE7FA0505D558F8F3
:10C54000040B002848BF01220DE0780603D558F8F7
:10C55000040BC0B204E0380658F8040B48BF00B220
:10C56000002848BF012201D42A4600D54042059741
:10C57000049603940291019229E0B80512D5089718
:10C5800007960694CDE904150295DCE900230A9983
:10C590000998CDE900230B9B0CF108085A46FFF7D8
:10C5A0009CFBC0E6F80548BF58F8040B0AD478068F
:10C5B00003D558F8040BC0B204E0380658F8040B51
:10C5C00048BF80B2059704960394029101950090AC
:10C5D0000B9B0A9909985A46FFF745FBA3E647F4D7
:10C5E0000061672808BF0F4606D047280CBF0F46DA
:10C5F000452801D147F0200700F0BBF8FFF7F4FC15
:10C6000091E64FF0010AB80712D4099C0A9DDDF8A3
:10C610002C9006E04B465A4629462020A0470BF1B5
:10C62000010B00F0A1F8F5D309940A95CDF82C90F0
:10C6300058F8040B0B9B0A99099C5A46C0B2A047B4
:10C640000BF1010BB80767D5099C0A9FDDF82C9008
:10C6500000F08AF85CD200F082F80BF1010BF7E7EA
:10C6600058F8040B002C019014BF21464FF0FF3105
:10C67000024600E0521C107800281EBF0846411EEA
:10C680000028F7D10198121A0092790504D51046B6
:10C69000A04288BF20460090B807DDF82490DDF85E
:10C6A00028A00B9D17D40098411C0091B04212D2D3
:10C6B0002B465A4651462020C8470BF1010BF2E7A2
:10C6C00001982B465A46401C0190401E0078514666
:10C6D0000BF1010BC8470199087828B17805EFD50F
:10C6E0002046441E0028EBD1CDF82490CDF828A098
:10C6F0000B95BA0710D5099C0A9FA946DDF800A042
:10C7000003E000F02CF80BF1010B00F02DF8F8D34A
:10C7100009940A97CDF82C9006E6082100231022F0
:10C7200058F8040B0491019300900B9B0A99099807
:10C7300047F021070292059703945A46FFF793FAB0
:10C74000F1E50B98834534BF5A46421E0A99099C6D
:10C7500003460020A04758460DB0BDE8F08F4B4679
:10C760005A46394620202047504600F1010AB0427F
:10C7700070470B9B0A9909980297019600940CF157
:10C7800008089CED000B5A4670470EB4C0B503462E
:10C7900003A8009000F00BF8FFF7B2FD06BC5DF8AF
:10C7A00010FBE0B50346009100F001F80BE04FF0FC
:10C7B000FF3201A923487047E0B500930190029130
:10C7C000134600F003F8FFF79BFD0EBD4FF0FF325C
:10C7D00001A91D487047000065CDCD4165CDCDC193
:10C7E000786100080000E03FFFFF0F000000F03F0D
:10C7F000FB799F501344D33FB3C8608B288AC63F50
:10C800000000F8BF61436F63A787D23F71A3790926
:10C810004F930A401655B5BBB16B0240EF39FAFE93
:10C82000422EE6BF00002C400000244000001840CB
:10C830002D431CEBE2361A3F80842E410000F07F2E
:10C84000CDBA0008CFBA0008D9BA0008666E692DC3
:10C8500000000000666E692B00000000D3BBD9B158
:10C86000B2F5803F5BD2022A1ED98C46B1FBF2F1B1
:10C8700002FB11C31B0443EA1043B3FBF2FC02FBAF
:10C880001C3380B240EA0343B3FBF2F002FB1032E8
:10C8900040EA0C4000237047022A05D98446B0FBC9
:10C8A000F2F002FB10C270474AB105D100F001025C
:10C8B00049085FEA3000704700220023704700F00B
:10C8C0004BBC0B000200002100207047F7D3002270
:10C8D00000237047904271EB030CF2D370B5B1FAAC
:10C8E00081F4B3FA83F52C1BA340C4F1200532FA7E
:10C8F00005F63343A2405FF00046E64002E05B08E5
:10C900005FEA3202841A71EB030524BF20462946F0
:10C910007641F4D302000B003000002170BD70B5E9
:10C92000B1FA81F4B2FA82F5C4F120046419B4F1C9
:10C930002006DAD3B2405FF00044F440002502E064
:10C9400052085FEA3303C61A71EB020E24BF304669
:10C95000714664416D41F3D302000B0020002900B1
:10C9600070BD7047904205D1994204D041EA030C52
:10C9700050EA4C0C70474FF4001C1CEB410F38BFC1
:10C980008942704741EA030C50EA4C0C52EA0C0C05
:10C990004FF4001C09D307D01CEB410F9CBF1CEBCC
:10C9A000430F994208BF904270471CEB410FFBD8E0
:10C9B0008B4208BF8242704741EA030C50EA4C0C9C
:10C9C00052EA0C0C4FF4001C09D307D01CEB410FAA
:10C9D0009CBF1CEB430F8B4208BF824270471CEB8D
:10C9E000430FFBD8994208BF90427047C1F30A53E6
:10C9F00040F21E42D31A0CDDCA0283F3070342EA57
:10CA0000505242F00042DA4002EBE17282EAE170F9
:10CA100070476FEAE17203F2E13008B182F0004042
:10CA20007047704710F0004160B148BF4042B0FA13
:10CA300080F29040D21CC2F5846241EA025202EBBD
:10CA4000D02140057047F0B402461068956813186D
:10CA5000506803EB5004C00748BF4D44A3422DD09B
:10CA600013F8016B16F0030004BF13F8010BC01C90
:10CA700031090F2907D113F8011B0F3103E013F817
:10CA8000017B05F8017B401EF9D10029E6D013F89F
:10CA9000010BC6F38106032E08BF13F8016B00EBF0
:10CAA0000620404228440026B71E8F421EBF10F8C1
:10CAB000017B05F8017B761CF6D1CFE7F0BC02F1D3
:10CAC0000C00704730B540F2FF7C1CEA11541DBFCA
:10CAD0001CEA1355644565453FE0641981EA030C7F
:10CAE0006FF35F530CF0004C43F48013C90241F024
:10CAF000004141EA505EC5021100A5FB0202002878
:10CB00004FF00000EEFB01204FF00001E3FB052198
:10CB100018BF42F00102401800214941E3FB0E0119
:10CB2000A4F580640D0302D292184041494154F1AA
:10CB3000010470DD450872F1004250F1000051EB34
:10CB40000451A1F5801102D441EA0C0130BD40F23C
:10CB5000FF7E4CEA0E51002030BD0CEA13556445AF
:10CB600018BF654581EA030C0CF0004C41D050EA37
:10CB7000410E1CBF52EA430E02E06146002030BD68
:10CB800024422C441BD15FEA050EF6D0090302BFF4
:10CB900001460020AEF1140EB1FA81F5AEEB0504AA
:10CBA00001FA05FE0C35C5F1200100FA05F5C84073
:10CBB0004EEA000E6FF35F5343F480139CE733F0AB
:10CBC0000043B3FA83F504BFB2FA82FE75440B3D0D
:10CBD000641BB5F1200E2FBF02FA0EF3AB40C5F176
:10CBE000200E22FA0EFE38BF43EA0E03AA40641C50
:10CBF0007CE750EA410E14BF52EA430E6FF0000189
:10CC00004FF4001515EB430F8EBF194615EB410F7E
:10CC10009DE7B4D830BDD4F10104B4F120050FDA9A
:10CC2000C4F12005520828BF42F0010210FA05FEA7
:10CC300001FA05F57244E2BFE0402843E1400FE00D
:10CC4000352C9ADCC5F1200452EA400220FA05F2A4
:10CC500018BF42F0010231FA05F0A1400A43002159
:10CC600072F1004250F1000051EB0C0130BD0000A8
:10CC7000400D40F21E4C40EAC120BCEB115C40F07C
:10CC8000004003D48CF30701C84070476FEAE1709D
:10CC90007047000050B1B0FA80F18840C91CC1F55E
:10CCA0008461090501EBD0214005704701467047BA
:10CCB00070B491EA030F4FF0004540F1BF806B4024
:10CCC000841A71EB030604D26E40001BB1411219A5
:10CCD00073414FF4001C1CEB410F34BF7CEB430647
:10CCE00083E00C0DA4EB1356362E00F37C80012E4E
:10CCF00045EAC32341DC43EA525312BFD2029202F7
:10CD00005B08240545EAC12141EA5051D2EBC0201D
:10CD1000994125D407D1B0FA80F610FA06F162D015
:10CD20000020203608E0B1FA81F6B140C6F12002B9
:10CD300020FA02F21143B0404FEAF474B4EB4654C7
:10CD400034F001064FEA74040AD8D6F50016760DC1
:10CD500004F00044F04061FA06F25040F1404840CF
:10CD6000C00A40EA415021F0004128BF5FEA500567
:10CD700050F1000044EBD12135E0DB0A45EAC12146
:10CD8000C90AB6F120050EDD42EA0242120CC5F1D5
:10CD9000200603FA06F6EB4042EA06056D4298418A
:10CDA00061F100010DE062FA06F5F240554063FAC8
:10CDB00006FC82EA0C02F3405A406D42904161EB5E
:10CDC000030111F4801F05D1641E620502D06D00BD
:10CDD0004041494121F48011430875F1004350F16D
:10CDE000000041EB045170BC70471CEB410F15D2A1
:10CDF00023F0004352EA43060BD04FEA4C0CBCEB45
:10CE0000410F04D80C0D661E342EB7DDEBE7801AF7
:10CE1000994150EA410608BF0021E4E708BF1CEB36
:10CE2000430F28BF6FF00001DDE7000070B491EA06
:10CE3000030F4FF000457FF543AF6B40841A71EB51
:10CE4000030603D2001BB141121973414FF4001CB9
:10CE50001CEB410F34BF7CEB430442E00C0DA4EB10
:10CE60001356352E4FDC45EAC323DB0A45EAC121C0
:10CE7000C912B6F120050DDD63FA05F6EB4086EA2E
:10CE80000305124218BF45F00105C01851F1000119
:10CE90000CD213E062FA06F5F2405540F3415A40D5
:10CEA000B340F3405A408018594107D349085FEA1C
:10CEB00030005FEA350528BF45F0010501F5801116
:10CEC000420875F1004250F1000041EB04514E0060
:10CED00016F5001F70BC38BF70470020090D09050A
:10CEE00070471CEB410F10D252EA43060BD0BCEB4B
:10CEF000410F05D80C0DAB43661E342EB6DD02E0A3
:10CF0000AB438018594170BC704770BC704700003B
:10CF1000F0B540F2FF7581EA030C0CF0004C15EA05
:10CF200011541DBF15EA1357AC42AF42E5E0BC41B6
:10CF3000C1F31301C3F31303801A994143F480131F
:10CF400004D2641E0018494180185941C90241EABF
:10CF50005051B1FBF3F603FB1611A2FB0675D7EB9C
:10CF6000C020A94102D2761E80185941C90241EA67
:10CF70005051B1FBF3FE03FB1E11A2FB0E75D7EB64
:10CF8000C020A94103D2AEF1010E80185941890297
:10CF900041EA9051760546EA8E2EB1FBF3F603FB8B
:10CFA0001611A2FB0675D7EB8020A94102D2761E8E
:10CFB00080185941C90241EA50514EEA060EB1FBB0
:10CFC000F3F603FB1611A2FB0675D7EBC020A941AF
:10CFD00002D2761E80185941C90241EA5051B1FB74
:10CFE000F3F703FB1711A2FB0735D3EBC020A941D0
:10CFF00067F100070CBF004247F0010766F3D52731
:10D000004FEA1E31B80814F5806412DDBD0775F1D2
:10D01000004250EB0E5051EB045111F5801F5CBFE4
:10D0200041EA0C01F0BD4CF07F6141F0E04100208D
:10D03000F0BDBD076D0840EA0E5041F48011D4F1F7
:10D040000104B4F120060ADAC4F120060200E0402F
:10D0500001FA06F3E1401843B24015430EE0342CC8
:10D0600013DCC6F1200445EA40056D0820FA06F2FB
:10D07000154321FA06F0A1400D43002175F100424D
:10D0800050F1000051EB0C01F0BD00205FEA0C01F3
:10D09000F0BDCFB992185B41B3FA83F704BFB2FA7F
:10D0A00082F6BF190B3FB7F120062FBF02FA06F335
:10D0B000BB40C7F1200622FA06F638BF3343BA4018
:10D0C0001CB1E419641E33E77F4231F00041B1FA2C
:10D0D00081F404BFB0FA80F6A4190B3CB4F1200629
:10D0E0002FBF00FA06F1A140C4F1200620FA06F68F
:10D0F00038BF3143A0403C1B1AE7AC421ABF05EAD7
:10D100001357AF4212E050EA41061CBF52EA4306F1
:10D11000BFE750EA4107304661461CBF41EA05516E
:10D12000F0BD52EA430C08BFC143F0BD00204FF4EC
:10D13000001616EB410F98BF16EB430F08BF16EB16
:10D14000410F24BFC14305E016EB430F0CBF6146FE
:10D150004CEA0551F0BD00007047000081B0027834
:10D160008DF8002042788DF80120BDF8000001B054
:10D17000704702B49DF8002002709DF801204270B3
:10D1800001B0704781B00268009201B0104670474C
:10D1900002B4016001B070470A0000D1704710B5B9
:10D1A000024B1C680021A04710BD000000100020A9
:10D1B00010B5040018BFFFF7EFFF2046BDE8104090
:10D1C00000F022B93EB5684600F01CFADFF8BC4317
:10D1D00000202060DFF8B803002101604160009862
:10D1E000DFF8B013DFF8B0530860286000F016FADB
:10D1F000019829680838C00848802068401C2060D1
:10D2000000203EBD80B5002100916B4600224FF00A
:10D21000FF3100F006F8009802BD13460A464FF0B1
:10D22000FF312DE9F04F0F4685B00021019117F134
:10D23000010F06BF082402940297039300260BB93E
:10D240002220DEE0196008B92120DAE0C01DC00804
:10D2500092464FEAC00B00F07BFA049001A80090C0
:10D26000002352463946584600F0DEF900900198F6
:10D2700000281CBF0098002804D1049800F06EFA22
:10D280001920BEE0584508BF01260198009DDFF82F
:10D29000048307464488DFF8F4020168E400651B54
:10D2A000491E0160DFF8F092282D62D3BAF1000F19
:10D2B00034D10BF10804019D2EB90299284600F0E3
:10D2C0006DF90190074601980619304600F0A6F95D
:10D2D0000198E4084188091B7180B4800198C088D6
:10D2E00030B10199041BF48001EBC0018C8000E097
:10D2F000F0804FEADB00788001988188B980B0889F
:10D30000F880D9F80010A94208BFC9F80060D8F821
:10D310000000A84223D1C8F8006020E001994F190D
:10D32000384600F07BF90098E908B980C008788099
:10D330000198C08858B1009B019903EBC0031C1BE6
:10D34000E40801EBC001FC80F888888001E000213E
:10D35000F9800198083DED084580B988C18038887A
:10D3600040F001003880DFF824020168491C0160A8
:10D3700034E03C46BAF1010F09D1029A07F10800E6
:10D380000299B0FBF2F201FB120008B905E026B9E0
:10D390000299384600F002F907463988DFF8EC2197
:10D3A00041F001013980106898B1D9F80010A1420C
:10D3B00004D1394600F0E3F8C9F80000D8F80000BD
:10D3C000A0420BD13946012000F087F9C8F80000CF
:10D3D00004E0C9F800000021C8F80010DFF8B0012F
:10D3E0000268009943688918994228BF0B46436038
:10D3F0000160049800F0B2F9039907F10800086091
:10D400000020BFE00000000000BF2DE9FC41044601
:10D41000684600F0F7F80CB9222083E000F098F994
:10D42000A4F1080CBCF80040E10702D5BCF80230BA
:10D430000BB9012076E0DFF85481D8F80070BCF811
:10D4400004205B1C664600217F1CEAB14FEAC20E35
:10D45000CEF1000EE6449EF80050ED0709D4C4F367
:10D46000400535B9BEF8022076467F1ED3185B1CF6
:10D470000AE0C4F340053DB1D3184FF6FD721440E5
:10D480007646ACF80040B180BCF80620BAB1009DE9
:10D49000019C0CEBC20E6519AE4510D20CEBC2011B
:10D4A0000A78D4070BD44A8800244C80D318CA8841
:10D4B0005B1C002A0CBF002101EBC2017F1EBCF8DF
:10D4C00000404FF6FE721440ACF800400024ACF867
:10D4D00002405C1E748034882240328029B18C1B4B
:10D4E000E408F480F4888C8000E0F180DFF8A84044
:10D4F000216819B18E4201D3498801B92660DFF84D
:10D500009440216819B1B14201D3498801B926601C
:10D5100000F00AF89BB2D31A0B60C8F8007000F054
:10D520001DF90020BDE8F681DFF864100A68704735
:10D5300080B5002200926B4600F002F8009802BD10
:10D5400070B5054610461E0001D1222070BD002294
:10D550003260002918BF002D01D1212070BD4D433C
:10D56000014632462846FFF758FE040004D13068D1
:10D5700010B12946FEF714FA204670BD2946002056
:10D5800000F0ABB805B0BDE8F08F00008846002081
:10D5900078460020844600208046002038B50446A6
:10D5A00004F108028A18521E491E22EA0101A1F163
:10D5B0000805284600F032F86088291B4903A0EBD3
:10D5C00011406880A28802EB1142AA80A08840B175
:10D5D000C00040422044C280428802EB1142428097
:10D5E00003E0288840F002002880E08830B1A0EBFA
:10D5F000114104EBC002E980918000E0E8802846F8
:10D6000032BD000010B50349034CC0E9001410BD41
:10D610000000000038590020C8A603000021018046
:10D6200041808180C18070472DE9F0410D46002680
:10D63000804615F1010F08BF0825444811000CBFB2
:10D6400000684068069F08B9386021E04188C90039
:10D6500003B108310478E4073CD441453AD3CAB950
:10D6600000F1080CBCFBF5F405FB14CCBCF1010483
:10D67000A441E40F2AD1C444614506D2C1880029DF
:10D6800018BF00EBC1001AD122E066463860304670
:10D69000BDE8F081082D19D0448800F10806C8F1D2
:10D6A000000E06EBC406B6446C1E2EEA0404361BBC
:10D6B000B142EBD2818859B1C9004942084441883E
:10D6C000C90003B108310028C4D1DFE74646DDE7D1
:10D6D0000020B9E71100EDD1D0E73EB504460800BF
:10D6E0000CD16846FFF78EFF20001ABF174840682C
:10D6F000009803E0C18889B100EBC1000178CA0736
:10D700000BD52100F6D0012C08D1818800291EBF3D
:10D71000C90049424018F1D100E03EBD6846FFF71C
:10D7200071FF009A002007E0104621001CBFD1883D
:10D730000029F2D002EBC1021378DD07F4D5D188BD
:10D740000029F7D10028FDD03EBD00008046002012
:10D75000EFF31180302181F31188704780F3118835
:10D760007047000080687047406870474088704785
:10D770002DE9FF470446884691469A460C9D0D9E2A
:10D780000E9FFFF7F1FF000A02D001280CD010E035
:10D7900000F013F801F08BFC10F1860F0BD100F0B4
:10D7A0000CF800F086F806E000F007F801F0A4FBA2
:10D7B00001E06FF0860001F0C0B902970196009574
:10D7C00053464A464146204670476FF086007047F0
:10D7D00000F4E041B1F5805F1CBF00F4E040B0F51B
:10D7E000005F01D10120704700207047024641F2DE
:10D7F00001036FF08600D21A16D0FF3A14D04FF40E
:10D800008073D21A10D0D21E0ED0921E0CD041F2CC
:10D81000FB13D21A06D180291CBFC029B1F5807F25
:10D8200002D0704700F0E9BE11F0070F08BF0020DA
:10D830007047DFF8842A02EA0003B3F1607F03D166
:10D84000B1F5885F11D0C0E71040B0F1707F04BF20
:10D8500001F4E040B0F5005FF5D1090A012001F0C4
:10D86000070100FA01F10129EDD90020704738B510
:10D870000446606A0D4610B16FF08A0032BD012087
:10D88000FFF756FE606210B96FF08C0032BDA562E2
:10D89000002032BD70B50D46164604463146FFF7EE
:10D8A000E6FF28B9606A32462946FEF77DF8002077
:10D8B00070BD2DE9F04106460D461400984626D06D
:10D8C0003088FFF785FF10B3089F386808B9E1007A
:10D8D000396039683088FFF789FFD0B93A68D21DBE
:10D8E000D208A24218BF6FF0860012D1069890426B
:10D8F00038BF6FF089000CD3079C29464046FEF7DD
:10D9000053F83868C01DC0082060002001E06FF0A7
:10D910008500BDE8F0812DE9F84F0C461546AC4274
:10D9200000F0888105F0FF0141F0007A04F0FF016A
:10D93000260A41F00078DFF884C901F01CF8DFF80E
:10D94000809966451EBF260A36024E4510D0260A2B
:10D9500036029E421EBF660A7602B6F1062F07D037
:10D96000260A360296421EBF660A76028E425BD1B6
:10D970002E0A360266451EBF2E0A36024E4510D0CC
:10D980002E0A36029E421EBF6E0A7602B6F1062F9E
:10D9900007D02E0A360296421EBF6E0A76028E42CB
:10D9A00042D1260A36022F0AB6EB072F3CD1260AAF
:10D9B0003602DFF810E966451EBF270A3F024F45D1
:10D9C00010D0260A36029E421EBF670A7F02B7F1B8
:10D9D000062F07D0260A360296421EBF670A7F022C
:10D9E0008F4204D1260602D0F04500F01D812F0A97
:10D9F0003F0267451EBF2E0A36024E4510D02E0A42
:10DA000036029E421EBF6B0A5B02B3F1062F07D09F
:10DA10002B0A1B0293421EBF6A0A52028A4203D19A
:10DA2000290601D0F2452CD004F0FE4224F47E16E3
:10DA3000B2F1A06F26D105F0FE40B0F1A06F02BF99
:10DA400024F47E1125F47E10814231D1C4F30540C7
:10DA5000C5F305410246884238BF0A46230405D56E
:10DA60002B0448BF46EA024600F1D780220402D5C3
:10DA7000814280F0D9802B0440F1E6808842C0F0DA
:10DA8000E380D7E004F0FE41B1F1407F04BF05F030
:10DA9000FE42B2F1407F02BF24F47E1125F47E12D3
:10DAA000914205D1814649462046FFF7C2FE002833
:10DAB00040F0CA804FEA1921012001F00701884097
:10DAC000DFF80428DFF80438DFF804C8DFF804E8DA
:10DAD000DFF80478DFF8E0B714F47C1F18BFC4F354
:10DAE000054143D10BEA0401B1F1607F34D1B8455F
:10DAF00008BF10213AD0F04514BFE045142135D0BD
:10DB0000984515D0904519D0DFF8D01788451BD01F
:10DB1000DFF8CC1788451DD0DFF8C817884507D037
:10DB2000DFF8C417884509D0DFF8C017884501D150
:10DB30001C211BE0DFF8B817884501D1202115E032
:10DB4000DFF8B017884501D130210FE0DFF8A817C2
:10DB500088450AD1402109E0B1F1707F02BF09F484
:10DB6000E041B1F5005F014600D0002115F47C1FB3
:10DB700018BFC5F3054044D10BEA0508B8F1607F32
:10DB800034D1BA4508BF10203BD0F24514BFE2455E
:10DB9000142036D09A4515D0924519D0DFF83C07AD
:10DBA00082451BD0DFF8382792451DD0DFF83407B7
:10DBB000824507D0DFF83027924509D0DFF82C07DF
:10DBC000824501D11C201CE0DFF82407824501D1E9
:10DBD000202016E0DFF81C07824501D1302010E03C
:10DBE000DFF8140782450BD140200AE00BEA05025A
:10DBF000B2F1707F04BF09F4E042B2F5005F00D0DB
:10DC000000200A46814238BF0246230408D52B046F
:10DC100006D5120402F47C12164346F4004014E0C8
:10DC2000220403D588420FD328460EE02A0403D5E8
:10DC3000814209D3204608E0814205D1090401F45C
:10DC40007C1141EA060000E00020BDE8F28F2DE9DA
:10DC5000F84F0D461646AE4259D04FEA162CDFF863
:10DC60005C764FEA0C2CDFF89416DFF89426DFF888
:10DC70009436DFF84C46BC451EBF4FEA162E4FEADD
:10DC80000E2EA64518D04FEA162C4FEA0C2C9C45B8
:10DC90001EBF4FEA562E4FEA4E2EBEF1062F0BD076
:10DCA0004FEA162C4FEA0C2C94451EBF4FEA562E15
:10DCB0004FEA4E2E8E452BD14FEA152C4FEA0C2CF5
:10DCC000BC451EBF2F0A3F02A74210D02C0A2402D7
:10DCD0009C421EBF6B0A5B02B3F1062F07D02C0AD1
:10DCE000240294421EBF6A0A52028A4210D12906B7
:10DCF0000ED005F0FF0242F00072DFF8C8158A422C
:10DD000006D12D0A2D02360AB5EB062F2ED106E1DB
:10DD100005F0FE41B1F1A06F13D106F0FE40B0F165
:10DD2000A06F02BF25F47E1126F47E1081421DD122
:10DD3000290440F1F680C6F30540C5F30541884249
:10DD4000D1E0B1F1407F40F0D28006F0FE42B2F166
:10DD5000407F02BF25F47E1126F47E12914205D148
:10DD6000044621462846FFF764FD002840F0D9808C
:10DD7000200A012100F00700814006F0FF0040F07A
:10DD80000070DFF85835DFF84075DFF840C5DFF880
:10DD900040E5DFF84085DFF84095DFF81CA516F474
:10DDA0007C1F0BD00AEA060BC6F30542BBF1607F6D
:10DDB00040F0818048454ED1102139E00AEA060240
:10DDC000B2F1607F3BD1484508BF1022F4D04045F6
:10DDD00014BF7045142242D0604513D0B84217D00A
:10DDE00098421BD0DFF8F81488421DD0DFF8F424E5
:10DDF000904207D0DFF8F014884209D0DFF8EC2415
:10DE0000904201D11C2242E0DFF8E414884201D1A3
:10DE1000202242E0DFF8DC14884201D1302242E0C7
:10DE2000DFF8D414884201D1402242E000220021D0
:10DE3000C5F30540002849D18A4273D16FE00AEA50
:10DE40000600B0F1707F04BF04F4E044B4F5005F55
:10DE5000ECD10A46ECE7404518BF704501D11421CA
:10DE6000E6E7604513D0B84217D098421BD0DFF8E0
:10DE7000701488421DD0DFF86C34984207D0DFF868
:10DE80006814884209D0DFF86434984201D11C211B
:10DE9000CEE7DFF85C14884201D12021C8E7DFF823
:10DEA0005414884201D13021C2E7DFF84C14884273
:10DEB000BDD14021BCE70AEA0600B0F1707F04BF83
:10DEC00004F4E044B4F5005FB1D1B1E7C6F3054016
:10DED000002804BFC5F30540884220D0280420D57F
:10DEE000C5F3054082428041C043C00F1AE005F0EF
:10DEF000FE40B0F1106F01BF29466FF3184141F0A9
:10DF00000061B1F1006F0CD106F0FE40B0F1106F6E
:10DF100001BF360C360446F01066AE4201D1012036
:10DF200000E00020BDE8F28F2DE9F8431546894650
:10DF30001C46002201F004FA00287DD1D9F80070B7
:10DF4000B7F8008008F4E040B0F5804F04BF6D08DA
:10DF50006D00F8682840A84265D1002C6ED0250AD3
:10DF6000DFF858E32D02DFF85C03DFF89013DFF8E9
:10DF70009023DFF89033DFF848C375451EBF260AAB
:10DF80003602664510D0250A2D029D421EBF660A44
:10DF90007602B6F1062F07D0250A2D0295421EBF44
:10DFA000660A76028E4223D1250621D0260A360241
:10DFB00076451EBF250A2D02654510D0250A2D0283
:10DFC0009D421EBF630A5B02B3F1062F07D0230AEE
:10DFD0001B0293421EBF620A52028A4217D104F00A
:10DFE000FF0141F00071814211D16FF086041CE005
:10DFF00004F0FE41B1F1407F1CBF04F0FE42B2F1DB
:10E00000A06F02D0844202D1EFE72004EDD4396939
:10E0100022464046FFF71BFE80B9796922464046FA
:10E02000FFF715FE50B96FF084040020C9F8000016
:10E03000384601F013FA2046BDE8F2830020FBE7E2
:10E0400010B50446606A10B1A16AFFF7B1F800226A
:10E0500000206262A06210BD38B50446FFF7F0FFF1
:10E06000054694F82000042818BF052801D1E0696E
:10E0700008B16FF096052C21204601F037FA2846AA
:10E0800032BD38B5044694F820000025052801D09B
:10E0900000F0A0BA6068C1B2FF2908BF6FF0840524
:10E0A00005D0C0B218B1A06801F03DFA054620467F
:10E0B000FFF7D2FF00B10546284632BD002800D147
:10E0C000704780B50122694601F03AF948B90098D5
:10E0D00001F092F818B10098FFF7D3FF02BD6FF07E
:10E0E000990002BD38B504460D46284601F0E7FB0D
:10E0F00000230022694600F018FD58B9009928460F
:10E100001C22FDF751FC287E00F0010028830098B6
:10E1100001F0A4F932BDF8B50C461E461546A642DC
:10E1200002D26FF08900F2BD0146069F22462846C2
:10E13000FDF73AFC311B2819FDF732FC3C6000204A
:10E14000F2BDF8B507880C4615461E463846FFF75F
:10E150003FFB80B927F4405044F2010188421EBFC2
:10E16000DFF86C0400EA0702B2F5824F1CBF0740DB
:10E17000B7F5844F08D10798069B32460090294690
:10E180002046FFF7C8FFF2BD6FF08500F2BDF8B57D
:10E190008CB00D4614001E4608BF6FF089002CD0CD
:10E1A000002737600023012202A9FFF7BDFE20BB34
:10E1B00003A800F0BFFC029903A800F01BFA029824
:10E1C000826A416A0498000A08D001280ED101969B
:10E1D00000942B4603A800F0F2FE05E0019600949F
:10E1E0002B4603A8FFF7ADFF044601E06FF086045D
:10E1F000029801F033F900F0F0F90DB0F0BD2DE90F
:10E20000FC411C4600200E46206090463046FFF739
:10E21000ABFA07463046FFF7A5FA054621463846D1
:10E2200001F04BF9040016D1384601F04AF9040018
:10E2300011D16FF08604FFB20FB99DB906E03046E8
:10E24000FFF790FA002100F098FF58B1F068DFF86E
:10E250009413084208D02CB94146684601F033F8BF
:10E26000040011D0204625E03046FFF77FFA4FF634
:10E27000F971884228BF6FF08504F3D2308B4FF6D6
:10E28000FE710842E8D0EDE7D8F8004031461C2284
:10E290002046FDF789FB6068C0B208B90098A0600D
:10E2A000218B4FF6FE70014021830121204600F0B2
:10E2B00073FF0020BDE8F6810000C07F0003000668
:10E2C00000130006FF00000209000002080000021F
:10E2D0000500000204000002030000020A00000220
:10E2E0000B0000020C0000020D00000210000002F2
:10E2F00011000002120000021300000200040006D8
:10E30000000900060002000638B50446606815469C
:10E31000C0B228B1A26A616A204601F02FFA40B962
:10E32000A06802212860204600F036FF08B10021D5
:10E33000296032BD10B5040006D0042100F02CFF86
:10E340002046BDE8104087E610BD0A88002A1CBFA1
:10E3500003889A4207D10A6A2AB9498800291CBF52
:10E360004088814201D0FFF730BA002070472DE984
:10E37000F847154687B000221F460392069205957E
:10E3800006468A463A606FF086080DB940465FE05F
:10E390006FF08509B5F1005F28BF484658D206AB3B
:10E3A00003AA31460020FFF72AFF04004AD103994F
:10E3B000486A98B97068000A0AD0002105910128BE
:10E3C00028D1059505A9304601F0A6FA040039D1F7
:10E3D00005990398FFF74BFA040033D1039841885D
:10E3E00004A8029004910399039801F12802019274
:10E3F000816A03982A460091436A51463046FFF7E6
:10E40000B7F904001ED10398408828B904980399ED
:10E41000488004E0444616E004998142FAD1049809
:10E420004FF6F971884228BF4C460CD2039831460A
:10E43000FFF78BFF040005D1069903983A46FFF7D2
:10E4400063FF04461CB106990398FFF773FF20464B
:10E4500008B0BDE8F0872DE9F84704468FB00020EA
:10E460009046029000270E46039706A82422FDF747
:10E470009BFA04970597C8F800700023002202A9B0
:10E4800000F053FB04000FD10298806801F0EAFA13
:10E49000050004D10298017B880740F19280029820
:10E4A0003146FFF752FF040079D10298DDF8289039
:10E4B00041880298ADF81A1001880298ADF818103A
:10E4C00000F10C07B0F800A07A6849465046FFF703
:10E4D00022FA0B9EBA68044631465046FFF71BFAF3
:10E4E0002CB9B9F1000F1CBF7968002905D138B9E2
:10E4F000002E1CBFB968002902D06FF086044FE0DF
:10E50000099B3A680B900A941340099304AB03AA41
:10E5100006A90320FFF773FE040040D13DB903981C
:10E52000416802984268090AB1EB122F42D107985C
:10E53000000A25D005A906A801F0EEF904002ED1A5
:10E5400005990398FFF793F9040028D102994868C8
:10E55000000A2FD10798000A0128CED10398039A08
:10E5600000F128010191906A0399009002984B6A8A
:10E57000826A416A06A800F0B1FC04000FD108E0ED
:10E58000DDB90298826A416A0398FFF783F90400B3
:10E5900005D1049903984246FFF7B6FE04461CB124
:10E5A00004990398FFF7C6FE029800F057FF5CB984
:10E5B000044609E06FF08504F2E702994868000A12
:10E5C000DFD06FF08404EBE7204610B0BDE8F087A1
:10E5D00000CFFFFF6FF0880032BD04B9044620462B
:10E5E00070470000FC00FFFF204617B0BDE8F08F29
:10E5F00001990BA81C22FDF7D7B96FF08500704771
:10E600002DE9F04F88469A4695B00021002608F083
:10E61000FE4391461E9D209F0791B3F1806F6FD1FD
:10E6200043464FF4807207A9FFF77EFC5FEA000BB8
:10E6300068D107996846FFF7DDFF0CA86946FFF728
:10E64000D9FF07981396149600881F9C00F074F861
:10E6500024D1020A012102F00702914001291DD9AB
:10E66000DFF8882490451CBFDFF8843498450FD02C
:10E67000DFF8802490451CBFDFF87C34984507D034
:10E68000DFF8782490451CBFDFF87434984505D135
:10E690000E46112E10D36FF0830B33E042F20401CB
:10E6A000884202BFDFF85C0480450C2604D0DFF806
:10E6B000580480450CD10D26B44238BF6FF0890B49
:10E6C00020D3314608A800F03BFA5FEA000B19D1CD
:10E6D000002D0CBF0020A81907990D9BA41B8A6A66
:10E6E000496A1B0A06D0012B0AD100F02AF801F072
:10E6F000C7F903E000F025F801F0E6F9834601E0F0
:10E700006FF0860B079800F0A9FEBBF1000F08BF61
:10E710008346BBF1000F08D126B1324608A928462E
:10E72000FDF742F93868361800E000263E6058468A
:10E7300015B0BDE8F08F000000F4E041B1F5005FD6
:10E74000704706970594049008A80090CDF80CA097
:10E75000CDF80890019643460CA870472DE9F84182
:10E7600088461D468FB0002108F0FE431646189FCC
:10E770000591B3F1806F6BD143464FF4007205A948
:10E78000FFF7D2FB040065D1059906A8FFF732FF19
:10E790000598002100220D910E92DFF86C1300887D
:10E7A00088450DD100F4E043B3F5005F05D1040ABC
:10E7B000012304F00704A34000E000239D4247D357
:10E7C00000F4E042B2F5005F1ED1030A012203F01B
:10E7D00007039A40012A17D9DFF8103398451CBF68
:10E7E000DFF80C43A0451CD0DFF8083398451CBF68
:10E7F000DFF80443A04514D0DFF8003398451CBF70
:10E80000DFF8FC42A0450CD042F20402904202BF65
:10E81000DFF8F00280450C2203D088450CBF0D22A2
:10E820000022954214D30598079C826A416A169883
:10E83000179B240A06D0012C0AD100F016F801F02B
:10E8400033F903E000F011F801F052F9044601E059
:10E850006FF0860400F011F804B904460CB10020F2
:10E860003860204610B0BDE8F08104970393029011
:10E8700001950096434606A87047059800F0EEBD46
:10E8800020F47E11DFF88422914202D1DFF8800269
:10E890007047DFF88022914202D1DFF87C02704796
:10E8A00020F47E10B0F1052F02D1DFF8700270471E
:10E8B0000020704710B50C46FFF7E2FF0146DFF875
:10E8C00050226FF08600914204D1E41F072C03D23E
:10E8D000002010BD6FF0850010BD00F0FE41F0B5C6
:10E8E000B1F1A06F44D1060ADFF8345200F043F8CA
:10E8F000DFF83042AE421EBF070A3F02A74210D0E7
:10E90000060A36029E421EBF470A7F02B7F1062F53
:10E9100007D0060A360296421EBF470A7F028F4280
:10E9200024D1060622D0070A3F02AF421EBF050AC5
:10E930002D02A54210D0040A24029C421EBF430AA5
:10E940005B02B3F1062F07D0040A240294421EBFD3
:10E95000420A52028A4207D100F0FF0040F00070E4
:10E96000DFF81012884203D00020F0BD0004FBD570
:10E970006FF08600F0BD3602DFF8FC11DFF8FC21F5
:10E98000DFF8FC31704700002DE9F04F97B000F040
:10E99000A3F8040006D14B464FF4807200F033F820
:10E9A000040001D0FFF720BE00F0C2F809990EA8BC
:10E9B000FFF720FE0A994846FFF77CFF04000FD1BD
:10E9C00000F064F810D001281AD100F072F801F0BC
:10E9D0009FF8040004D01DB129464046FCF7E0FF33
:10E9E000099800F03BFDDDE700F063F801F0B3F8B3
:10E9F00010F1860FEDD100F05CF801F0DAF8E8E7ED
:10EA00006FF08604E7E709A94046FFF78DBA2DE9C4
:10EA1000F04F97B000F060F8040006D14B464FF479
:10EA20000072FFF7F0FF040001D0FFF7DDBD00F03A
:10EA30007FF809990EA8FFF7DDFD0A994846FFF710
:10EA400039FF04000FD100F021F810D001281AD1AD
:10EA500000F02FF801F064F8040004D01DB129463D
:10EA60004046FCF79DFF099800F0F8FCDDE700F058
:10EA700020F801F078F810F1860FEDD100F019F8C8
:10EA800001F0B4F8E8E76FF08604E7E70998099A1F
:10EA9000209C816A0F98DDF888A00C91516A0D9531
:10EAA000DDF88CB00B91219EDDF89080259D000A49
:10EAB000704708970795CDF81880CDF814B0CDF8B9
:10EAC00010A003960D990A980C9A00910B99019049
:10EAD00002944B460EA87047269F80460020894628
:10EAE000386015461E464846F7E600000010C00490
:10EAF0000011C0040012C00400FF400400404004A4
:10EB000000414004000180040013C00400014005DE
:10EB100000015005000240050002500500051005E7
:10EB2000000300060013000601A92046FFF7FCB908
:10EB30000A960EA8242100F0D9BC04B0BDE8F087E5
:10EB40007CB50C46294D297811B96FF0880076BD47
:10EB50000026014600966B462246281D01F072F8F9
:10EB600030B90098A04202D06FF0930076BD00202B
:10EB700076BD0000FF000002000400060009000648
:10EB80000002000680B500F088FB1848417819B1F2
:10EB9000011D0022C1E900220C21BDE80440FEF75E
:10EBA000FBBA38B5114D287808B1002032BD01F00C
:10EBB00066F8040003D101F064F8040004D00CB13D
:10EBC000FFF7E0FF204632BD0120A870281D00217C
:10EBD000C0E90011012169700220687000F056FB45
:10EBE0000400ECD101202870ECE700006421002033
:10EBF00040687047D21C920800239200C3600161F4
:10EC00004261704720F0FF03B3F5824F0DD10849F0
:10EC100001EA0002B2F5824F05D1C1B241291CBF01
:10EC2000C0B2422801D00120704700207047000088
:10EC300000CFFFFF704770B504460D461646FFF73C
:10EC4000D7FF00213160000A02D0012808D009E076
:10EC50002088FFF7D7FF00B16D1C3560002070BD24
:10EC60002C35FAE76FF0850070BD2DE9F0410C46B8
:10EC700041881646C91DC90818BFA14236D145684A
:10EC8000B0F80080C768202130462D0A00F02EFC25
:10EC900015B1012D0FD011E00022F26034B341F222
:10ECA000010080451CBFB8F5885FB8F5905F08D1BA
:10ECB0000020306010E00121F160EFE76FF08B0081
:10ECC0001EE0B8F5105F0BD1102C18BF182C02D025
:10ECD000202C08D00AE03460746085B1B80708D5EC
:10ECE0006FF085000CE020213160F5E76FF08600C1
:10ECF00006E0F80703D4B16841F08071B1600020EC
:10ED0000BDE8F0812DE9F8438CB004460F466068F9
:10ED1000002116461D4600916FF08608000A02D0B9
:10ED2000012832D09AE000962A4631462046FFF765
:10ED30009CFF002830D1324639462846FFF75AFF5B
:10ED4000002D1EBF002C0098002800F08A8000F0E3
:10ED5000AAF9009901AA2046FFF787FF002802BF01
:10ED60000198296888427CD102986968884202BF6C
:10ED70000398A968884274D10798A969884202BF9C
:10ED80000898E96988426CD136E0042E6DD3387852
:10ED9000012818BF6FF0910068D1787800282DD035
:10EDA000F72816D0F8280CD0FA280ED0FC2804D06A
:10EDB000FE2812D0FF2814D050E001A80FF2F02155
:10EDC00012E001A80FF208310EE001A80FF2203185
:10EDD0000AE001A80FF2383106E001A80FF2503125
:10EDE00002E001A80FF268312022FCF7DDFD2022AD
:10EDF00001A92846FCF7D8FD002037E02C2E34D39B
:10EE00002021284600F072FB07F11000B946286166
:10EE100019F0030F05D02C22394601A8FCF7C4FDD8
:10EE200001AF7868103E2860B9686960F868012110
:10EE3000E960A8606E6119F0030F03D02C2101A8CE
:10EE400000F054FB6946284600F05FFF48B900997E
:10EE500068691C318842BFF473AF02E06FF08B0029
:10EE600004E02021284600F041FB40460DB0BDE8FB
:10EE7000F08310B54068029C000A02D0012806D039
:10EE800012E09A4207D321616261002010BD03F1B4
:10EE90002C00824202D26FF08C0010BD01F11000F4
:10EEA000206103F11C02EFE76FF08B0010BD2C2AEC
:10EEB00002D26FF08900704701220A7000234B7064
:10EEC0008A1C1370537003684B6042688A608068C4
:10EED000C860002070476FF08500704738B584B077
:10EEE000002403AD03940295099C089D01940095AC
:10EEF00000F002F805B030BD2DE9F04F99B05FEA9F
:10EF0000000818BF5FEA030B0DD0229C002C18BF2D
:10EF10005FEA010907D05FEA020A1CBF239D002DAA
:10EF200001D0249810B96FF0860045E000262E60CD
:10EF30004FEACA07076009A800F0B6F809AA5146C7
:10EF40004046FFF792FE060035D111A809A92022FC
:10EF5000FCF72AFD5246494611A8FFF74BFE00F088
:10EF6000A2F809A800905346224659464046FFF7AA
:10EF700080FF06001FD101A86FF0920701F05EF933
:10EF8000C0B909AA11A901A801F06EF808B13E465E
:10EF90000CE02246594609A8FFF789FF06000AD16E
:10EFA0002A4651464046FFF746FE064601A801F0B4
:10EFB0004AF900B13E46304619B0BDE8F08F2DE960
:10EFC000F84F9AB004000F46904618BF002F0BD0A0
:10EFD000B8F1000F18BF5FEA030A05D0249D002D89
:10EFE0001CBF259E002E02D16FF0860058E0207BCA
:10EFF000C10758BF6FF0840052D512A800F054F832
:10F0000012AB424639462046FFF77CFE5FEA000815
:10F0100046D10AA812A92022FCF7C6FC00200090C5
:10F02000278869460AA800F033FE83463846FFF772
:10F03000E9FD0746012F03D104200AF8010B6D1EDC
:10F0400060882A46514601900AA8FFF7D3FD6FF069
:10F050009209BBF1000F20D10098854238BF6FF0B4
:10F0600089001DD302A800F01FF802A801F0E6F8FD
:10F0700098B90AAA12A902A801F038F808B1C8463E
:10F0800007E0019A51462046FFF7D4FD00983F184B
:10F09000376002A801F0D7F808B1484600E04046C2
:10F0A0001BB0BDE8F08F01A8202100F01FBA12E7C5
:10F0B0002000008000000000002400000300000089
:10F0C000FC00000000000000000000000000000044
:10F0D0002000008000000000002400000300000069
:10F0E000F800000000000000000000000000000028
:10F0F00010000000000000000000000103000000FC
:10F10000FA00000000000000000000000000000005
:10F1100020000000000000000000000203000000CA
:10F12000F7000000000000000000000000000000E8
:10F1300020000080000000000044000203000000E6
:10F14000FE000000000000000000000000000000C1
:10F1500020000080000000000044000303000000C5
:10F16000FF000000000000000000000000000000A0
:10F1700000F100402530252840E010B1B0F1804F6B
:10F1800005D331B100F14040B0F1804F01D20120F0
:10F19000704700207047000090F82020052A0DD805
:10F1A000DFE802F003091018232501291CBF0229FA
:10F1B000042903D03DE00A46022A06D180F8201037
:10F1C000002070470A46032AF8D0052AF6D0042A00
:10F1D0000FD1F3E7022905D0052918BF0429EDD086
:10F1E0000329F5E7C269002AF2E70529E6D00A00FB
:10F1F000E4D06FF088007047C069401E8041C00FA6
:10F20000704790F8201029B1491E02D0C91E01296B
:10F2100001D8EEE70DE0032180F82010C16911F15B
:10F22000010F02D16FF096007047491CC1610020A8
:10F2300070476FF087007047F8B505460C462C26DE
:10F24000DFF8A072FFF794FF48B16E43B81900F2DF
:10F250005C6081688D4216D120600020F2BD0121E2
:10F260002846FFF78AFF10B96FF08700F2BD002132
:10F2700006FB01F038448268954202D0491C2529DA
:10F28000F6D32529E8D36FF08B00F2BD0120DFF81B
:10F29000541281F85C060020704738B50024DFF86E
:10F2A00044522C206043284400F016F984BF042304
:10F2B00080F82030FEF7D0FE641C252CF1D300200E
:10F2C00085F85C0631BDF8B50546DFF8187297F889
:10F2D0005C060E466FF0880260B3002100232C24E8
:10F2E0005C433C4494F82000C0B139B96068C0B2B6
:10F2F00020B194F82000022808BF21465B1C252B72
:10F30000EDD3A9B10C4694F82000001F012814D9B0
:10F31000042284F820202046FEF79EFEE71B2C21C5
:10F3200097FBF1F170484118296034600020F2BD6C
:10F330006FF08C020020306028601046F2BD0000A3
:10F340002DE9FE4F83460D4600202860654991F85F
:10F350005C0616466FF0880A08B950467CE02946DC
:10F360005846FFF769FF04006FF087080ED13000A0
:10F3700008BF28685ED0012E6DD1286890F8201053
:10F38000002963D0052963D1544664E06FF08B09EE
:10F390004C4560D1294602A8FFF795FF04005AD1D9
:10F3A0002F6801210022C7F808B07960019200920D
:10F3B0006A4601A9384600F02FFA040005D1009AE8
:10F3C00001993846FEF766FA04460099019800F064
:10F3D00021FA7CB997F82010891E032907D8DFE8A5
:10F3E00001F004020404F86908B1544602E0022165
:10F3F00087F82010002C28680CD090F82020121FCD
:10F40000012A84BF042580F82050FEF725FE4C45D4
:10F4100021D11BE000F10C010A68D30444BF42F47F
:10F4200080620A600A68930444BF42F400620A6082
:10F43000310003D1FFF7E5FE04460CE0012E0AD1AE
:10F4400090F8201011B105299ED001E0444602E059
:10F45000052280F820202046BDE8FE8F10B501006F
:10F4600001D1002010BD91F820406FF08800032CDE
:10F470001CBF052C042C1FD1CB6913B96FF096006B
:10F4800010BD5B1ECB610022ABB9052C03D1084631
:10F49000FEF7F7FD0AE0042C03D10846FEF7DCFD79
:10F4A00004E0A41E02D0A41E012C01D8024602E0F2
:10F4B000022081F82000104610BD000A18BF00206D
:10F4C0007047C1B229B1C0B2FF2802D16FF08600E7
:10F4D000704700207047009890F82010091F0129FC
:10F4E00070470000D02B0020DBFFFF7F002200F0E0
:10F4F000B7BE00000146080200F47F0040EA016048
:10F500000A0A02F47F42104340EA11607047E0B5F6
:10F510006A46002101F0CBF810F18C0F01D10020D8
:10F520000EBD01200EBDDCB504466A4600216FF019
:10F530008B0601F0BCF8B0420CD0204600216FF0E1
:10F54000980701F0D4F818B900F0AEF9B04201D034
:10F550003846D6BD0020D6BD2DE9F0410446884688
:10F560000FF2503001681F460FF250353960416884
:10F57000164679602978012904D10020FFF7BAFFE7
:10F58000014600E0002107F10800FDF701FE29789F
:10F590007068012908BFFFF7ADFF014607F10C00B5
:10F5A000FDF7F6FD29783088012903BF010A41EAF9
:10F5B000002189B2014607F11000FDF7DAFD297834
:10F5C0007088012903BF010A41EA002189B201467E
:10F5D00007F11200FDF7CDFD2978F068012908BF79
:10F5E000FFF788FF014607F11400FDF7D1FD2978E8
:10F5F0003069012908BFFFF77DFF014607F11800B8
:10F60000FDF7C6FD29787069012908BFFFF772FF71
:10F61000014607F11C00FDF7BBFD2878012804D145
:10F620004046FFF767FF014600E0414607F1200032
:10F63000FDF7AEFD4246214607F12400BDE8F0414A
:10F64000FCF7B2B92DE9F0410F46804614461D463D
:10F65000242F05D35FF0080296A101F0D7F810B16E
:10F660006FF0980088E000BF94A63078012808F178
:10F67000080004D1FDF786FDFFF73CFF01E0FDF730
:10F6800081FD0028ECD13078012808F1200004D158
:10F69000FDF778FDFFF72EFF01E0FDF773FD014652
:10F6A000243F28608F42DBD3B1F5005FD8D211B977
:10F6B000002020600CE00120FDF73AFF206010B927
:10F6C0006FF08C0058E02A6808F12401FCF76CF90F
:10F6D0003078012808F10C0004D1FDF753FDFFF745
:10F6E00009FF01E0FDF74EFD069D686030780128B6
:10F6F00008F1100005D1FDF731FD010A41EA0021B2
:10F7000002E0FDF72BFD014629803078012808F141
:10F71000120005D1FDF722FD010A41EA002102E0B5
:10F72000FDF71CFD014669803078012808F11400BE
:10F7300004D1FDF727FDFFF7DDFE01E0FDF722FD17
:10F74000E8603078012808F1180004D1FDF71AFDAF
:10F75000FFF7D0FE01E0FDF715FD286130780128A4
:10F7600008F11C0004D1FDF70DFDFFF7C3FE01E019
:10F77000FDF708FD68610020BDE8F0812DE9FF413B
:10F7800007460D00144614BF002C6FF086003ED0D3
:10F79000B4F5005F28BF6FF08D0038D204F1240863
:10F7A00041460120FDF7C4FE060008BF6FF08C0043
:10F7B0002DD033463A4621462846FFF7CDFEBC6899
:10F7C0002046FFF7A4FE012808BF6FF08A0719D072
:10F7D0000020009033464246204600216FF09805F5
:10F7E00000F0AFFE08B12F460CE001AA00F05DF872
:10F7F000070003D10198404504D02F462046002140
:10F8000000F075FF41463046FDF7D2FC384604B0A3
:10F81000BDE8F081FDF7CCBC2DE9F04385B005468D
:10F82000AC680F46904600F03FF8002839D1DDF86B
:10F83000009001204946FDF77BFE060008BF6FF0EF
:10F840008C002ED00020029003AA00F02EF808B100
:10F85000044621E002A8019000964B460022204673
:10F86000002100F0D3FE04460298814518BF6FF0D6
:10F87000980411D184B9009543463A46494630462A
:10F88000FFF7E0FE040007D1396800291ABFD8F855
:10F89000000000286FF0910449463046FDF788FCCF
:10F8A000204605B0BDE8F0836A462046002100F0FE
:10F8B000FEBE0000505341004B455900000110B5F9
:10F8C0000446E069FDF7A0FD20462421BDE8104074
:10F8D000FFF70CBE2DE9F04106460F4690461D4647
:10F8E000002465B129460120FDF722FE040008BF6F
:10F8F0006FF08C000ED02A464146FCF755F8F069AF
:10F9000020B1FDF781FD0020F0613062F4613562C5
:10F9100037800020BDE8F0812DE9F04F0246508885
:10F920000B46148845086D1CC11DED08C908C008A8
:10F93000526805EBC5054E0000EB40073B35761CD1
:10F9400007F14A0A07F15A0B103044F2020C47F251
:10F95000020E44F2010847F201093E4F120A02D09A
:10F96000012A30D070E004F4E042B2F5805F1EBF9F
:10F97000B2F5005F2740B7F5844F11D04C450CBF5E
:10F980002846444514D0744508BF584610D06445F5
:10F9900008BF50460CD024F0FF00B0F5E24F01D173
:10F9A000084605E024F0FF01B1F5824F08D130464A
:10F9B00030B124F0FF04B4F5824F08BF012840D1D4
:10F9C0006FF0850044E004F4E042B2F5805F1EBFB2
:10F9D000B2F5005F2740B7F5844F11D04C450CBFFE
:10F9E0002846444512D0744508BF58460ED0644599
:10F9F00008BF50460AD024F0FF00B0F5E24F01D115
:10FA0000084603E000F028F808D1304630B100F095
:10FA100023F804D1012805D1186803E0186800F024
:10FA20001BF800D1401EC01C8008800011F0030F9D
:10FA300000D129B924F0FF04B4F5824F08BF001D9E
:10FA40002C301860002003E0002018606FF0860062
:10FA5000BDE8F08F00CFFFFF24F0FF02B2F5824F28
:10FA6000704700000146A1F54030B0F5803F80416D
:10FA7000C00FA1F50031B1F5803F38BF01207047BC
:10FA800030B587B0109C0F9D06940E9C05950D9D7A
:10FA900004940C9C03950B9D02940A9C0195009480
:10FAA00000F0CFFE07B030BD30B585B00C9C0B9D8B
:10FAB00004940A9C0395099D0294089C0195009466
:10FAC00000F0BBFF05B030BD30B587B0109C0F9D76
:10FAD00006940E9C05950D9D04940C9C03950B9D1E
:10FAE00002940A9C0195009400F0ABFE07B030BD73
:10FAF00030B585B00C9C0B9D04940A9C0395099D20
:10FB00000294089C0195009400F097FF05B030BD69
:10FB100030B589B000F00CF801F0E2F909B030BD61
:10FB200030B589B000F004F801F00AFA09B030BD30
:10FB3000149C139D0894129C0795119D0694109C8B
:10FB400005950F9D04940E9C03950D9D02940C9CAD
:10FB500001950094704730B589B000F00CF801F0C1
:10FB6000BFF909B030BD30B589B000F004F801F03C
:10FB7000E7F909B030BD149C139D0894129C0795B9
:10FB8000119D0694109C05950F9D04940E9C039561
:10FB90000D9D02940C9C0195009470471CB54A88F9
:10FBA000049809886B466FF0850401F02BFA204613
:10FBB00016BDF8B584B0009313460A4601AC002583
:10FBC00000260027014684E8E00001A8FFF7E6FFD1
:10FBD00050B90F999DF80B00119A41188A4234BF11
:10FBE0006FF089006FF0850005B0F0BDF8B5002614
:10FBF00084B0009313460A4601AD0027B44601467F
:10FC00000F9C85E8C01001A8FFF7C8FF70B99DF8E8
:10FC10000B108C4238BF6FF0860007D31198611A21
:10FC2000884234BF6FF089006FF08500029921F49B
:10FC30008031029120B99DF80B10129A641A146059
:10FC400005B0F0BDF8B588B01E4600200C4615463C
:10FC500030606FF0920700F0A8FA68B9684600F0CB
:10FC6000EDFA48B92A462146684601F0CDF9002848
:10FC70000CBF002700253560384609B0F0BD80B5BF
:10FC800000E080B500F091FA08B16FF0920002BD7B
:10FC900038B505000C4618BF002C34D00022009265
:10FCA000694600F032F8E0B9286810F0704002D1DF
:10FCB0000098206014E0AB68990B01F001015A0B29
:10FCC0001B0B02F0010203F00103B0F1004F09D158
:10FCD00001EB42010620009D00FB031169432160F6
:10FCE000002032BD5118B0F1204F05D103EB830342
:10FCF000009859184143F2E7B0F1304F14BFB0F10A
:10FD0000404F0098F6D0212032BD10B5002818BF12
:10FD1000002925D0036813F0704208BFC3F30E0317
:10FD200019D0B2F1004F18BFB2F1204F05D0B2F197
:10FD3000304F18BFB2F1404F12D18268D40408D5B9
:10FD4000C2696AB1002B02D512680A6004E00F2074
:10FD500010BD03F07F030B600A6822B9406808B940
:10FD6000212010BD0860002010BDFEB505000C4626
:10FD700017461E4618BF002C4CD0206829688142C7
:10FD800020D001F07042B2F1004F1CBF01F070436F
:10FD9000B3F1404F3ED101F0704100F0704081421C
:10FDA00010D10020009069462846FFF7AEFF0028DA
:10FDB00030D1009829682268C0F30E000143104337
:10FDC000814227D1286800F07040B0F1004F10D375
:10FDD000300014BF4FF480514FF4E041002F1FBF9B
:10FDE000AA68A0684240114214D116B1A0688104EB
:10FDF00010D50020019001A92846FFF786FF60B9C1
:10FE0000009069462046FFF780FF30B901980099BD
:10FE1000884201D02120FEBD0020FEBDF8B50600BD
:10FE20000D4618BF002D00F0B28000202860306819
:10FE300000F070402860F168032900F2A880DFE834
:10FE400001F00802050540F0006001E040F080602C
:10FE50002860B0680021C20148BF4FF08071820164
:10FE600048BF4FF0007100F04070B0F1407F08BF14
:10FE70004FF04071F06808B9002962D12868014349
:10FE80002960F268022A07D13069032859D8000492
:10FE900000F47F0001432960F068032806D130692F
:10FEA000F72874D3296860F317412960B06801040A
:10FEB00003D5286840F400402860F068032805D086
:10FEC00030682968C0F30E0001432960B4683368C4
:10FED000A10B600B01F0010100F00100270BA40A47
:10FEE00003F0704307F0010704F0010440EA010247
:10FEF000B3F1004F11D319B1296841F48041296051
:10FF000018B1286840F400502860380003D02868F1
:10FF100040F480502860100039D0306800F0704004
:10FF200000F10040B0F1804F04D21CB1286840F4C9
:10FF300080602860316801F07041B1F1004F01D25A
:10FF4000224324D10022009269463046FFF7DDFEAD
:10FF500098BB306810F0704004D100992A6861F3B2
:10FF60000E0210E0B0F1004F18BFB0F1204F05D0E5
:10FF7000B0F1304F18BFB0F1404F08D100992A6856
:10FF8000491E61F306022A60B7B1F16909B921205F
:10FF9000F2BDB0F1004F11D1087F20B164B12868E3
:10FFA00040F400702860487F002818BF002C03D060
:10FFB000286840F4807028600020F2BD0F20F2BD58
:10FFC000002818BF002901D12120704701224A6072
:10FFD000C268022A18BF012A09D18069DFF8A82166
:10FFE000002806BF0FF2A4100860086001E04FF07F
:10FFF00000528A600020704738B504000D4618BFD3
:020000040801F1
:10000000002D29D001206860E068002818BF012871
:100010001BD10022009269462046FFF739FE98B9AD
:10002000E068002108B9009903E0012804BF0099A5
:100030001C316069884201D21D2032BD206941F027
:1000400000512860A960002032BD032818BF022893
:1000500002D10020A860F6E7212032BD07A9304672
:10006000AEE704A93046C7E778B589B004000E466C
:10007000154618BF002E0BD055B100F06AF80028C5
:1000800023D1F06820B9E868022818BF012801D000
:1000900021201AE04FF0807000F020F8A8B900F09D
:1000A00060F806A9FFF7DEFF78B900F05EF803A953
:1000B00000F067F848B903A900F058F800F00BF811
:1000C00018B900F004F800F049F80AB070BD6946AC
:1000D000204601F015B8694628468DE720600021CA
:1000E0006160A160E1616946284697E678B589B00C
:1000F00004000E46154618BF002E0BD055B100F077
:1001000028F8002823D1E86820B9F068022818BF31
:10011000012801D021201AE04FF0817000F029F869
:10012000A8B900F01EF806A9FFF799FF78B900F00A
:100130001CF803A9FFF796FF48B903A900F016F8C9
:10014000FFF7C9FF18B9FFF7C2FF00F007F80AB0C0
:1001500070BD002301222946304606E6204600F005
:1001600026B80099204600F0D5BF06A9204600F029
:10017000BDBF206000216160A160E1616946304639
:100180004CE628461CE700000800002000000000A4
:1001900000000000002A14BF00F5805000F5005058
:1001A000012202FA01F1016070470020704738B562
:1001B00004002FD01F4D01220A212846FFF7EAFF35
:1001C000204600F0B1FF1C480168CA02FCD5046952
:1001D00000220A21284604F47024FFF7DBFF002CDC
:1001E00022D0B4F5803F1DD0B4F5003F18D0B4F54F
:1001F000403F13D0B4F5802F0ED0B4F5E02F09D0D6
:10020000B4F5202F04D0B4F5302F0FD1112032BD1A
:10021000102032BD212032BD4B2032BD2C2032BDFA
:100220002A2032BD482032BD002032BD012032BD1F
:1002300000000000688000504400004C80B508B900
:10024000212002BD03E080B508B9212002BD202194
:10025000FFF74CF9002002BD62F30F2262F31F4248
:1002600000B500BF130096469446103928BFA0E899
:100270000C50FAD85FEA417C28BF0CC048BF40F858
:10028000042BC90728BF20F8022B48BF00F8012B18
:1002900000BD0000DFF8CC1408184009704700F0DA
:1002A0001F0070472DE9F0418046FFF7F3FFDFF8AC
:1002B000B85405EB8006746840460127FFF7EFFF4E
:1002C00007FA00F0044374604046FFF7E3FF05EBD4
:1002D00080056E6A4046FFF7E2FF874026EA07077F
:1002E0006F62BDE8F081DFF87C1409184909DFF876
:1002F000782410B502EB81014B6A012400F01F0045
:1003000004FA00F0184348620020002102EB810348
:100310005C68491C20180829F8D330B9202102F163
:100320002400BDE81040FBF73BBB10BD401C00F0B3
:10033000FF0000F5002000F5DA4070472DE9F04F8E
:100340000446A3B000200290884692462046994673
:1003500041400122D70021FA07F34B4013F0030F6D
:1003600018BF9B001818521C042AF3D3DFF8FC7343
:1003700000F0FF0038180190DFF8EC13087800282F
:1003800043D100F0EFFE002840F0C980402113A8BF
:10039000FFF7ACF8402103A8FFF7A8F807F1100514
:1003A000681E0090DFF8C86330683B46102213A92E
:1003B00002F0A2FD06464FF0000B06E013A850F82D
:1003C0002B000BF1010BFFF76DFFB345F6D36D1E4C
:1003D0000095DFF89C0300683B46102203A902F059
:1003E0008FFD0546002605E003A850F82600761C80
:1003F000FFF779FFAE42F7D31037DFF87803874273
:10040000CCD30121DFF8602311702C9E2D9D4FF479
:100410008070CDE90448029C019F80463846FFF772
:1004200039FF83463846FFF73AFFDFF83C1301EB0C
:100430008B025368C340D8071AD43846FFF72AFF07
:1004400083463846FFF72BFFDFF81C1301EB8B02C6
:10045000536AC340D80703D5002C57D13C4655E01A
:10046000BAF1000F68D0002C3FD12E9807603EE013
:100470000EB1002030600DB100202860BC48102172
:100480000068009100234A46394602F06BFB5FEAA0
:10049000000B17D10EB110203060D9F80010B64A09
:1004A000914216D1002E18BF002D0BD0B048006825
:1004B0002B466A46394602F057FC20B92868316855
:1004C000401A28605846AD4A90421CBFAC49884249
:1004D0000FD1A7480068394602F01AFD70B12BE031
:1004E000BAF1000F18BF002C26D02E98046000200F
:1004F00024E000281CBFA349884210D1D9E9022377
:10050000DDE904018B4208BF82420BD03846FFF779
:100510000DFF0746B8F101087FF480AFE0E76FF008
:1005200091000BE0BAF1000F9FD0D9F80400012828
:100530009BD16FF0840001E06FF08B0023B0BDE829
:10054000F08F2DE9F84F84B080468A4614001F468C
:100550006FF0910909D017B96FF0860053E040F2AF
:100560006D70844228BF48464DD20E9D012D1CBFA0
:10057000002D6FF0850046D10020039004F110019A
:100580000120FCF7D5FF060008BF6FF08C003AD0C1
:1005900004F11001FBF704FA03AA0023029201936D
:1005A00000933346012240465146FFF7C7FE5FEAFB
:1005B000000B05D01BF18C0F1CD16FF08D0B19E0D7
:1005C0006D483060C6E9028A75602CB12246394612
:1005D00006F11000FBF7E8F965480399006804F19B
:1005E0001003324602F036FA18B90398FFF75AFEA4
:1005F00000E0CB4604F110013046FBF7D1F930465C
:10060000FCF702FF584605B0BDE8F08F2DE9F8432E
:100610008AB016461C00129DDDF84C806FF08607EC
:100620000DD0B8F1000F18BF002D06D0B5F1005F56
:1006300022BF554B1B1BAB4201D2384630E0002293
:1006400006AB94469646914683E80452CDF814E0F2
:10065000049203AB029305AB019304AB009306AB8A
:10066000FFF76CFE5FEA000919D10598DCB18642FC
:1006700001D3D0B900E000B9BEB9801BA04288BF49
:100680002046C8F8000000900498394C03993318AC
:1006900020682A4602F066FA08B16FF091094846D0
:1006A0000BB0BDE8F083B042E7D2B946F7E7F8B542
:1006B0008AB0140008BF6FF0860016D006AB002287
:1006C00000250026002783E8E400039504AD03AE6F
:1006D00005AF0592029501960097FFF72FFE20B90E
:1006E000079860600399002021600BB0F0BD70B5E1
:1006F0008AB006AB002200240025002683E874009F
:10070000059403AC05AD04AE0492029401950096E5
:10071000FFF714FE040022D10798012808BF6FF0EC
:1007200084041CD012480399006802F0F1FBA0B9C0
:1007300003980C490C4A09184909131D53F8215014
:10074000012600F01F0006FA00F06840121D42F872
:1007500021000398FFF7C7FD01E06FF091042046E8
:100760000AB070BD0093F7FF04480020006D080038
:100770008810002000710800105D175EFFDF00F098
:1007800011E000F0FEDF00F0000004202DE9D04170
:1007900085B0002204460E460292884208BF00201F
:1007A00031D003AA0021FFF782FF60BB039901202B
:1007B000FCF7BEFE070008BF6FF08C0023D002A834
:1007C00001900097039B002220460021FFF71EFFA7
:1007D0005FEA00080FD10498029A3B460090304629
:1007E0000021FFF7AEFE5FEA000804D12046002199
:1007F000FFF77DFF804602993846FBF7D1F838466F
:10080000FCF702FE404605B0BDE8D08103000020A1
:10081000521E22BF13F8010B11F801CBB0EB0C00F4
:10082000F6D0521C08BF1046704700000068102820
:100830001CBF1828202801D1002070476FF08600C7
:1008400070472DE9F84FA0B083468A461446994672
:10085000102200210CA802F0B3FB1022002108A8EE
:1008600002F0AEFBBAF1000F16D00194200013D0B5
:100870002C9D2D9C0DB9002C67D12A982B9E08B970
:10088000002E62D1DDF8B880B8F1000F02D12F98A8
:1008900000285AD1309F002F00F08380CDF80090BF
:1008A0000098DFF834136FF0850988421CBFDFF829
:1008B0002C13884202BFCDF808B0BBF80010B1F588
:1008C000105F17D118A800F077F900F074F918A894
:1008D000FFF7B4FC5FEA000B0ED1019A029810AB4F
:1008E0005146FEF70FFA00283ED110A8FFF79EFFF1
:1008F00028B139E0484637E06FF0920034E00CB997
:10090000386031E045453CBF2919884508D22F9809
:10091000A04246D322462946404602F05BFB4546AC
:100920000098DFF8B41204F00F0A884208D0DFF80C
:10093000B01288421CBFDFF8A412884217D0D9E752
:100940002F9AA2422DD3BAF1000F2AD1CDF80480FC
:1009500000952346002210A918A802F04BFB5FEA7D
:10096000000B58D13C60002021B0BDE8F08F00F0B2
:1009700026F92F98A04214D30099DFF86002814233
:100980000DD10D2E0DD101202A998DF810000D22C8
:100990000DF11100FBF708F800F016F909E0102E30
:1009A00002D06FF08600DFE72A99102204A8FAF738
:1009B000FBFF2609BAF1000F05D005EB0611102246
:1009C00008A8FAF7F1FF200900010FD00CA904A82C
:1009D00001910090CDF80C8002950023320110A9FE
:1009E00018A802F063FB5FEA000B14D1BAF1000F04
:1009F00021D008EB06100CA904AA039008A80290C5
:100A0000019100920023524610A918A802F04EFB53
:100A10005FEA000BA6D0BBF1000FA4D02F9940468F
:100A2000FAF7BEFF00203860BBF1010F7FF464AF1E
:100A30006FF08B0098E73C60EDE72DE9F24F9CB03A
:100A4000834614469A461022002118A802F0B8FAEC
:100A500000F0B5F81C9800285DD0009420005AD012
:100A6000269D279C0DB9002C55D1289EDDF8A48029
:100A700016B9B8F1000F4ED12A9F002F4BD0DFF8E6
:100A800058116FF085098A451CBFDFF850118A455F
:100A900002BFCDF804B0BBF80010B1F5105F34D13F
:100AA00000F089F808A800F087F810A8FFF7C6FB47
:100AB0006FF0920B002878D1009A1C99019808AB2E
:100AC000FEF720F9002873D108A8FFF7AFFE002831
:100AD0006ED10CB938606BE0304685423CBF2919B5
:100AE000884206D2A04516D32246294602F072FA61
:100AF0003546DFF8E4108A4508D0DFF8E4108A456F
:100B00001CBFDFF8D8108A451ED04CE0A04533D377
:100B100014F00F0F02D06FF0860049E001960095A7
:100B20002346012208A910A802F064FA05003C60DF
:100B30003DD041463046FAF733FF00203860012DA2
:100B400033D16FF08B0033E0DFF89000824510D195
:100B50000D3CA04510D301208DF810000D22294630
:100B60000DF11100FAF720FF00F02EF805F10D004D
:100B70000CE0103CA04502D26FF0890018E0102272
:100B8000294604A8FAF710FF05F11000029018A8F2
:100B900004A90190009103960023224608A910A8F9
:100BA00002F084FAC2E7484602E0584600E000201E
:100BB0001DB0BDE8F08F10A82021FEF797BC1022D1
:100BC000002104A802F0FCB9002101228DF81E10BA
:100BD0008DF81F2070470000004440040013C0043B
:100BE0000010C00440887047F8B5044620880D46C0
:100BF000164600F0EBF82ED100F0EDF82BD185F081
:100C0000AA6000F0F3F91EBF85F0AA6080F40070BE
:100C100030F47E102AD1C5F3054725F47E15DFF8A0
:100C2000E003854204BF2188B1F5105F25D120463D
:100C3000FFF7D8FF80281CBFC028B0F5807F07D100
:100C4000381F0D2804D2F80702D4F61F072E12D33E
:100C50006FF08600F2BD42F20401884202BF85F0C7
:100C6000A26080F4A06030F47E10D4D02046FFF75C
:100C7000B9FF0027D1E70020F2BD6FF08500F2BD7B
:100C80002DE9F34F97B093466FF0860800291CBFFB
:100C9000009000281FD02298E8B1249808B9259820
:100CA000C8B9269D279CDDF8A4A00DB99CB906E023
:100CB0002CB12898002818BFBAF1000F0BD02A9F3A
:100CC000002F1CBF2D9E002E05D02C9800281CBF85
:100CD0002B98002801D1404675E00098994600887D
:100CE00000F074F825D100F076F822D189F0AA60DE
:100CF00000F07CF91EBF89F0AA6080F4007030F427
:100D00007E1021D1C9F305403060259B239A0098BD
:100D10004946FFF769FF002855D100F06CF907A894
:100D200000F06AF90FA8FFF789FA78B16FF0920026
:100D300049E042F20401884202BF89F0A26080F4D7
:100D4000A06030F47E10DDD00020DDE71899009817
:100D50005A4607ABFDF7D6FF002834D1A24523BF82
:100D60002C98316888426FF089002CD328988542EE
:100D70003CBF2919884204D22246294602F02AF9AA
:100D8000289D00F0A5F81BD130682B990690289873
:100D9000059125990490249802912399229B019012
:100DA00000910395224607A90FA802F059FA2128BD
:100DB00008BF404604D008B93C6004E06FF09200E0
:100DC00000213960316019B0BDE8F08F00F4E041D6
:100DD000B1F5005F7047020A012102F0070291405D
:100DE000102970472DE9F04F97B05FEA000B90464D
:100DF0005CD0009108001CBF2098002856D0229893
:100E0000239F08B9002F51D1249C259D0CB9002D9A
:100E10004CD1289EDDF8A4A016B9BAF1000F45D137
:100E20002A9800281CBF269800283FD0219A99466E
:100E30003B4649465846FFF7D7FE002842D100F00E
:100E4000DAF807A800F0D8F80FA8FFF7F7F900289C
:100E50003BD10099424607AB5846FDF753FF88BB8C
:100E6000AA4538BF6FF089002CD3304684423CBF7E
:100E70006119884204D22A46214602F0ABF8344672
:100E800000F026F81ED12798269904960690059121
:100E90000394029722982199209B019000912A4661
:100EA00007A90FA802F0B8FA212802D16FF0860036
:100EB00008E02C2808BF6FF0940003D028B92A98C6
:100EC0000560002017B0BDE8F08F6FF09200F9E7E1
:100ED00029F47E12DFF828116FF088008A427047EB
:100EE0002DE9F8418DB0199D1B9FBD4228BF6FF0C1
:100EF000890022D2079505951A9E1C9C7F1B069699
:100F00000A974FF0000E0DF130087719189D179EC3
:100F1000CDF830E00495169D0396159E0295149D1C
:100F2000CDF82C800997089401960095FFF7A8FE4C
:100F300018B922680C998A1822600EB0BDE8F081B9
:100F40002DE9F8478FB004008946924698461BD099
:100F50002088FFF73BFF1AD1FFF73DFF17D188F03C
:100F6000AA6000F043F81EBF88F0AA6080F4007009
:100F700030F47E1016D1C8F305461D9FB74203D347
:100F80001C9D0DB1102E0FD96FF086002BE042F2A0
:100F90000401884202BF88F0A26080F4A06030F4AF
:100FA0007E10E8D00026E8E7BF1B3246E9190BA8FF
:100FB000FAF7FAFC20981F990BAA0A901E9809913B
:100FC000434608900796069205971B991A98039135
:100FD000199902901898019104950090524649463B
:100FE0002046FFF7FFFE10B0BDE8F08780F4807068
:100FF00030F47E1070470FA82021FEF777BA00006A
:1010000000014005002070472DE9F843074684B0F1
:1010100000200E4600900FB112B10EB9212056E00B
:10102000940802F00305A4004FF0E06922D0C7F84D
:1010300000907860B860F86126A292E8085001A993
:1010400044F0005881E808500196CDF80C803846ED
:1010500000F056F82146384600F05CF83846FFF7B5
:10106000A6F85FEA000805D021463046FAF798FC5A
:1010700040462CE055B3C7F8009000207860B86077
:10108000F86100BF16A292E8084101A9684681E80C
:1010900008410190384600F033F80421384600F04A
:1010A00039F83846FFF783F8070005D0291930468C
:1010B000FAF776FC38460AE0002005E00099C20005
:1010C000D14032191154401CA842F7D3002005B07A
:1010D000BDE8F083000000000100000000000000F7
:1010E000000000000100000004000020426812B966
:1010F00041607047526850680128FBD151607047C9
:10110000826812B981607047526850680128FBD12B
:1011100051607047C269042A05D200EB8202D16097
:10112000C169491CC1617047C169042900D9704770
:1011300010B54FF098410A6CD302FAD5C269121D5E
:1011400092000A6502680A6042680A6083680022A9
:1011500003E000EB8204E368521C0B60C3699A420F
:10116000F7D310BD02484168006801F0A7BB00003A
:1011700088100020416C40691439C21CB2FBF1F2A6
:1011800000EBC200C01CB0FBF1F0801C704738B50A
:1011900004460D46FFF7EEFF616C143901FB005069
:1011A000ED1DB5FBF1F1491C00EBC10032BD10B5DE
:1011B00004466169FFF7EBFF6169626C0818C91D9D
:1011C000143AB1FBF2F1491C00EBC10010BD10B59F
:1011D0000446FFF7ECFFA169081810BD80B5FFF7C2
:1011E000F6FF001D02BD10B5436CCA1D006B143B19
:1011F000B2FBF3F4641C01EBC4018842FFE78041B9
:10120000C043C00F10BD084470470268406C4143A2
:10121000501870470268406C891AB1FBF0F07047B3
:10122000406C401EC04301400240914201D1012068
:10123000704700207047F0B585B005460C46002683
:1012400000E0761CE869401E86420ED2002C14BFD6
:10125000641E0446214600F0ECFE00F064F800F045
:10126000C9FD02F00AFB0028EBD059E0426C501E89
:101270000140501A7047406C401E08407047F0B55E
:1012800085B00446FFF7C6FF0546002600E0761C41
:10129000E069411E8E4213D26D1CB5FBF0F200FBDB
:1012A000125520462946FFF7B0FFE36B0522694639
:1012B0005F69B84700F09EFD02F0DFFA0028E6D033
:1012C00001F050FE02F0E9FA05B0F0BDF0B585B0CE
:1012D0000546EE6AA86A002486421ED16C68E96958
:1012E0006FF0130000FB01441AE031462846FFF777
:1012F00091FF014600F09DFE00F015F800F07AFD28
:10130000012806D031462846FFF7B5FF696C0C1955
:10131000241A314600F0A8FF0646A86A8642E4D1A6
:10132000204605B0F0BDEB6B052269465F69384782
:10133000F8B50D4604462E46002701E03F1D361D38
:101340003246294600F03CF858B1E36B0122694669
:10135000D3F814C03046E047009810F1010FEDD0EB
:1013600000273846F2BDC0F31301814201D10120AC
:1013700070470020704790F84200012801D1642096
:1013800070473220704790F84200012801D10220B6
:1013900070470120704770B504460D4656199808ED
:1013A00006EB800613F0030F18BF361D2A4600F027
:1013B00006F810B901F063FA0646304670BD3146B2
:1013C00020462DE72DE9FF4F0FF26040016891B0F4
:1013D00012980A9101691198FFF705FF10B9DFF81B
:1013E000E80B1FE211980027B846C16ADFF8DC0B52
:1013F00000260C9102F014FB12989DF850200C9CD2
:1014000001691298C2460391C168C1468DF80980EE
:101410000B91022A69D10398CC285BD0DFF8B01B6E
:10142000009137E149463046FFF7F4FE80464146D9
:101430003046FFF7EAFE02F030FAF16A83463046A2
:10144000FFF71DFFB16A884243D0F062DFF87C0BE2
:1014500081683046A9EB0B04FFF708FF316B081ACF
:10146000306329463046FFF7D5FE0746474540F032
:10147000C981002C00F0C681F36BF06AA208D3F892
:1014800018805946C0478046F06A2146FFF7BBFEE8
:10149000F062306B041B346306F1080002F021FB9C
:1014A00039463046FFF7B1FE0146F06B02F063F9B2
:1014B000304600F084FC3046FFF708FF3063B8F197
:1014C000000F06D0DAF810103046FFF78CFE002827
:1014D000A8D19AE19DF84C0028B11299119800F01A
:1014E00040FF069001E00968069111982146FFF738
:1014F000BDFE05460398792802D21298C17D01B13C
:1015000001219DF84C0068B1119B12980122D3F87B
:101510003CC040686946DCF814309847684602F0E1
:1015200060FA0146002919BF082109910422099295
:101530000398792830D203988DF80880001D8542E1
:1015400003D2039830BB4FF0040A04200590129890
:10155000DFF8782A0168039811609DF8081010617F
:101560009DF8500002F076FADFF8601A08751198BD
:101570002146FFF77BFE014603980028059811D00D
:1015800082448A4510D311984FF0000A026B511A19
:1015900001632DE1082DD6D9012108228DF808100C
:1015A0000592D4E78142EED3039A091A4FF0000A5C
:1015B000914288BF11460491059907942046FFF790
:1015C00022FE04460498039988420CD0DFF8FC09F7
:1015D0000122C27503990269914203BF012607994E
:1015E0004160022606E0300018BF0326DFF8DC5910
:1015F000E87DA0B1DFF8D459287E05EBC00107983B
:10160000C8612A7E049805F1200121F832001146B4
:1016100005EBC10282F82260481C287601E0079899
:101620006860049904988944CDF83C90002800F043
:10163000C1809DF85000022843D19DF80900002880
:1016400074D1B9F1040F71D3119B012206A9DF6B8C
:101650002046BB69984707001AD101208DF8090080
:101660009DF808000196049B009012982A7D01685D
:101670000DA802F038F9119B059A0798DF6B9208C4
:101680000DA9BB699847070001D007980A9095E01B
:10169000009737B1119EDDF848A00A9DDDF8309023
:1016A000C0E6DFF828098168119AD1624268129871
:1016B000119C9DF85030016804F1080002F056FAC0
:1016C000AFE09DF84C0090BB01918908DDF82C90AB
:1016D000A346009113D0119B0A464946DF6B58463A
:1016E000BB69984707460098019A09EB80090146B3
:1016F0006FF0030000FB01220BEB810B01928FB90D
:10170000019878B14FF0FF31019A0091494668463F
:10171000FAF74AF9119B01226946DF6B5846BB690B
:10172000984707460B98049901440B9142E089467B
:1017300002E0A9F10409241D129A1298D17D406893
:1017400021B909994144FFF75EFD1BE0DDF848B07F
:1017500041460022099F0BF1200C02E0521CC91ADD
:10176000D2B29BF818309A4209DA3CF832309942EA
:10177000F4D20BEBC200C069C919FFF744FDCDF8E4
:1017800048B00997119B01226946DF6B08F10408F4
:101790007B699847119B0099019101220891DF6BA9
:1017A00008A92046BB6998470746B9F1040F01D93B
:1017B000002FBED0002F3FF453AF0A94049B059A2C
:1017C00007991198FFF7E7FDA8601198049A016B3B
:1017D0000598D21C9208091A1198A1EB8201002FDA
:1017E00001630ED103990498DDF83C90091A039126
:1017F00011982146FFF743FD0446039800287FF423
:10180000B6AE45E74FF000084AE61196CDF848A07D
:101810000A95129A11981169FFF7E5FC00287FF4E8
:10182000E1AD009815B0BDE8F08F000000000000A9
:101830002DE9F8430546686998460E4691464045AD
:1018400038BFDFF8100A37D300248DF8004000E0DD
:10185000641C2846FFF7ABFC296B81423CBF286A19
:10186000B4EB400F03D200F029F80028F0D09DF827
:101870000000012801D100F021F8089C032C06D0BB
:1018800041462846FFF783FC296B814212D3DFF8DB
:10189000C8794FF0FF31384602F0C2F83E60C7F811
:1018A0001080C7F80C902346002239462846FFF7DF
:1018B00089FD01E0DFF81007BDE8F28300226946E8
:1018C000284600F02BBC2DE9F94F85B010988B46C7
:1018D0001099D0F80480029308691546984243D2C3
:1018E000DFF8780998E001A802F07CF80446042C9F
:1018F0004ED101A802F07EF8064621464046FFF789
:1019000082FC82469DF84400002855D1AE4248D260
:101910000027AD1B3E46B40810D0059B2246594611
:10192000D3F83CC050460AEB840ADCF814300BEBC9
:10193000840B98476FF0030000FB046666B1059BBB
:1019400001226946DC6B5046636998473246694616
:101950005846FAF729F8B34402984146C71B059840
:101960000297FFF78CFC80460298002854D0059B14
:10197000012201A9DC6B40466369984701A802F087
:101980002CF810990A689042ADD0DFF8D40843E0F3
:10199000059B022203A9DF6B40467B69984703A899
:1019A000A8E70698AA44751B854288BF05462F46BE
:1019B000C11B00250691ADE73746B9464FEA9904A9
:1019C000059E13E0F36B01226946D3F814C050461C
:1019D000E047042269465846FEF718FFD0B9641E56
:1019E000A9F104090AF1040A0BF1040B002CE9D156
:1019F00005965046B9F1000FAED0F46B012269464E
:101A0000636998474A4669465846FEF7FFFE08B99B
:101A1000CB44A1E7DFF84C08CEE12DE9F04F9A4620
:101A2000074685B0FB6B8846164670685D690122E3
:101A300002A9A847FB6B012201A95D694046002469
:101A4000A84702A84FF0FF3501F0B4FF20B10020F5
:101A5000B0757075B560F6E001A801F0BEFF012118
:101A6000B175327E06F1200306EBC201C1F81C807D
:101A7000317E23F831407168884506D1306001A875
:101A800001F0CAFF3075B5601EE03168884218BFAA
:101A9000B47501A801F0C0FF317D884218BFB4754C
:101AA00001A801F09EFF054602A801F09AFF8542B9
:101AB00018BFB47501A801F095FF054602A801F012
:101AC00091FF854218BFB475307D04281CBF0528DE
:101AD000062802D10020B075B5E001A801F081FF11
:101AE00038B1FB6B022203A95D694046A84703A8F1
:101AF00000E001A801F07EFF317D022902D0032918
:101B00000CD006E0317E06F12000CC2220F83120F6
:101B100004E0327E06F1200121F83200307D01F030
:101B2000A5FF0E99087001A801F04CFF327E06F166
:101B3000220101F83200317E06F1200000EBC100E5
:101B4000B0F80090857801A801F04BFF834601A80A
:101B500001F048FF0090BBF1000F0AD0FB6B02229E
:101B600003A9D3F814C04046E04703A801F00CFFD6
:101B700002E001A801F0EEFE7075707D00B9B47549
:101B8000B07D00283DD0B9F1000F12D00099404639
:101B9000FFF739FB8346424659463846FFF740FB7C
:101BA00000B9B07559463846FFF760FB484538BF65
:101BB000B475B07D28B315B9F07D50B90EE00121A0
:101BC000F175707E18B9012D03D1717606E0012DF3
:101BD00001D1012402E0032D08BFB176B07D80B1B0
:101BE0001CB1012D18BF002D06D0009A4B4641466E
:101BF0003846FFF7D0FBB060B07D10B13069484483
:101C00003061DFF86C1C307E0A78904239BF401C8E
:101C100030760020B075BAF1000F1CBFB07D0028EF
:101C200010D0F07D70B16CB9032D1CBFB16811F1FB
:101C3000010F07D00E980123324600903846FFF777
:101C4000ECFEB075B07D05B0BDE8F08F38B50C4640
:101C5000002525760093616813462246FFF7DDFED6
:101C600028B1E07D08B1A07E00B10120A075A07D63
:101C700032BD2DE9F04F87B005468A4690460027D1
:101C80001E46ADF800704FF0FF31404601F0C8FE2F
:101C90005046FFF768FBC0B10DF10202514605F155
:101CA000080001F043FF10F1010F0ED0014640463D
:101CB00001F0B6FE6B46012241462846FFF7C6FFFB
:101CC00018B19DF80000012730706FF00104A245A3
:101CD00004D0002F6CD1287C00286BD0E96A11F168
:101CE000010F04D1696A2846FFF7A5FA02E02846E9
:101CF000FFF790FA8146A24514BF01240024686AC8
:101D0000814504BF01218DF80110494600F091F989
:101D1000EB6B834600F098F802A9E04702A801F0B7
:101D200084FD01F0AAFD584601F0B7FD83460190FD
:101D30001EE05946A54801F073FE6B46E2B2A34986
:101D40002846FFF783FF80B1002C1EBF9F48016823
:101D50008A450AD19DF80000DFF8181B0127307072
:101D60000A689A494046F9F71FFE9848D0F808B02B
:101D70001BF1010F06D0019A59462846FFF750FA89
:101D80000028D6D149462846FFF755FA81469DF8E6
:101D900001003843B3D06FB15046FFF7E4FA38B1D1
:101DA0003378D8F80420514605F1080001F0DEFE32
:101DB000002001E0DFF8980C07B0BDE8F08F78B59F
:101DC000044685B00020206200250DE001F0CAF82D
:101DD000E36B00F029F900F00DF801F04EFD10B1B1
:101DE000206A401C20626D1CE0698542EED3206AA7
:101DF00006B070BD684601F018BDF0B585B0044668
:101E00000025002619E0314601F0ADF8E36B00F043
:101E10001AF86946E047FFF7EDFF01F02EFD58B1D3
:101E2000384601F03AFD01462046FFF781FA616C21
:101E30001430884208BF6D1C761CE0698642E2D3EC
:101E4000284605B0F0BD07460522D3F814C07047F8
:101E50002DE9F84304460D4690469946A66ADFF8F8
:101E6000787CE06A864218BF16F1010F20D0314617
:101E7000384601F0D5FD6B46012239462046FFF772
:101E8000E5FE30B19DF800204B4639462046C0475C
:101E900070B1BE6816F1010F03D1796800F0F0FC53
:101EA0000646012DDDD17A68FFF789FA0028D8D1DE
:101EB000BDE8F1832DE9FC41089C1546032A206802
:101EC000064618D0DFF890736B463A46FFF7D1FE0E
:101ED000606080B920687968826AFFF7A1F950B123
:101EE000207A01280DD13A69E0687169821891421F
:101EF00007D200212174207A01280CBF207C012008
:101F000027E02068816AFFF785F980462068C16A6A
:101F1000FFF780F980450DD1706C316BF26A091AB8
:101F2000401E1040401830632068816AFFF7A7F90F
:101F30002168C862E16838692B46012241180831DE
:101F4000E16020683946FFF73DFA60600028D2D092
:101F50000020BDE8F6812DE9FC41154606460F46F6
:101F60001C46032D1BD03968DFF8EC826B464246D5
:101F7000FFF77FFE606090B900F0E1FE0FD0D8F867
:101F80000400796888420AD1E2683869217A8018A9
:101F900001290AD17169814207D200202074207A78
:101FA00001280CBF207C01200BE00830E0602B46AC
:101FB000012239463046FFF705FA60600028EED06E
:101FC0000020BDE8F681000006E000F0044F00208C
:101FD00023E000F078B585B005460C46FFF715F90B
:101FE000EB6B00F021F8FFF705FF01F046FC18B19C
:101FF000684601F0F2FB15E021462846FFF71BF981
:102000000646314600F015F8EB6B052269465D691E
:10201000A847684601F0E1FB10F1010F02D0B4427D
:1020200038BF401C06B070BD052269465E69304766
:10203000696A2846FFF7E9B838B504461546FFF740
:10204000E4F80146E06B04F140032A4601F027FC66
:10205000054600F011FC284632BD38B50D46044651
:102060001946032A08D10498826AFFF7D9F818B1F3
:102070002946204601F044FD012032BD7CB50D46C5
:102080002968044616466A4604F1080001F04EFD30
:10209000032E04BF6968884204D1296804F108004E
:1020A00001F02EFD012076BD2DE9F84185B00546F1
:1020B0006F6A4FF6FF708846874206BF01240027EB
:1020C0000024002626E039462846FFF783FF024613
:1020D00012F1010F08BF4246521C10E03946FFF7CB
:1020E000A8FFEB6B05226946D3F814C0E047FFF761
:1020F00081FE022807D0002CE5D008F10102394604
:102100002846FFF799FFE8697F1C761CB7FBF0F1C2
:1021100000FB1177E8698642E0D3D3E1F0B58FB0D8
:1021200005461446286BAA6B0E46904288BF10469F
:10213000696AA863FFF77DFFEB6BFFF784FE05A9D3
:10214000E04705A801F071FB3070012842D0FFF78D
:102150006FFFEB6B05220AA9D3F814C0E0470AA869
:1021600001F063FB012808BF002460D00021012298
:10217000009501918DF8084003918DF81020A96A0F
:10218000E86A814208D100F06FF8E862296B686C58
:10219000091A1431296310E0287C38B96A46DFF83F
:1021A000B41B05F1080001F091FD06E06B46DFF875
:1021B000B02B01212846FFF74BFE019840B99DF84E
:1021C000100028B1FFF734FF0146E86B01F0E2FA96
:1021D000019C2CE0287C38B92A46DFF8881B05F1E1
:1021E000080001F073FD06E00023DFF8F02B012169
:1021F0002846FFF72DFE696A2846FFF7EBFE696A5D
:10220000421C2846FFF718FF040004D1296B686CB4
:10221000411814392963A96A00F026F8A86201461A
:102220002846FEF7F7FF68622846FFF74FF8EB6B8A
:10223000384605225F6905A9B84705A801F0F5FAF7
:102240003070286BA96B884288BF0846A863204677
:102250000FB0F0BD0FE000F0D84E002011E000F00C
:1022600022E000F012E000F02846FFF708B838B589
:1022700090F842000C46114601280CBF02200420B1
:1022800000251D704143E07D091D20B900F01AF8BA
:102290000831606811E000F015F80023002002E02A
:1022A0005B1C891ADBB2227E93420ADA04EBC30577
:1022B0002A8C9142F4D20831E869BDE83440FEF737
:1022C000A2BF32BD11F0030F03D08908012089009D
:1022D000187070473EB51C4605466B46FFF7C7FFB2
:1022E00005F13C010B68897901290DD15B69012257
:1022F00001A998479DF8000010B10198000C0190C9
:10230000019880B2206037BD5B6901222146984761
:1023100037BD3EB505466B46FFF7A9FF55F83C3F74
:102320000446A879012816D15B69012201A920463B
:1023300098479DF8000001990028029814BF60F3A7
:102340001F4160F30F01204601912B68012201A972
:102350009C69A0473EBD9B69012202A9204698477F
:102360003EBD2DE9F841804685B00020019008F17E
:102370003C0427680E467368012201A903F1080096
:102380007B690027984734E010F1010F30D010220C
:1023900002A900F03FF902999DF800000902B0EB94
:1023A000116F25D1029880B20199401801901FE069
:1023B000FEF7E1FF401E874216D200F086F802AB1E
:1023C0002A4600F084F810208DF80000202202A98F
:1023D00000F020F90398010402BF000C9DF80010E2
:1023E000884201D1029801904046FEF7CCFFC71900
:1023F0007F1C4046FEF7BFFF874262D2A0790128CA
:10240000404627D1FEF7B7FF801E874205D26B46B4
:1024100000F05CF80098010627D000208DF800003D
:1024200002AB00F053F8A07901280298ACD14FF626
:10243000FF718842DCD0082202A900F0EBF8029973
:102440009DF800000904B0EB116FD1D1029800F0A3
:10245000FF00A9E7FEF78FFF401E8742DDD26B46E3
:1024600000F034F800980104D7D1A0797D1C012830
:1024700040469DD1FEF77FFF801E8742B4D200F018
:1024800024F802AB2A4600F022F804ABBA1C00F094
:102490001EF808208DF80000102202A900F0BAF8FA
:1024A000102204A900F0B6F80398010602BF000A42
:1024B0009DF80010884297D10298049900EB0140E2
:1024C00091E7019806B0BDE8F08103AB3A4631468A
:1024D0004046FFE62DE9F64782B0814699F8420072
:1024E000D71A012688464FF6FF7A01280CBFFF2035
:1024F0005046B84204D24846FEF745FF461CF6B2A5
:102500004846FEF738FF0546002403E0010408BFF3
:10251000641C641C4846FEF72EFF844214D26B46AE
:10252000224641464846FFF7D5FE99F84200012869
:10253000009805D1504506D00006EAD1A41CE8E772
:1025400010F1010FE2D125464846ECB2FEF713FF29
:10255000001BB0424ED3012E1AD1002101978DF8F5
:10256000001099F84220012A08D1082200F051F801
:102570009DF80000019B43EA002307E0102200F0D1
:1025800048F89DF80000019B43EA004322462CE0F6
:102590000398019099F84210012906D1082000F013
:1025A00035F89DF800301B0205E0102000F02EF8F1
:1025B0009DF800301B04224641464846FFF7A9FE1D
:1025C00099F842106D1CEAB201290CD188B9019B1F
:1025D000414648469BB2FFF79CFE6D1C48B9019BE3
:1025E000EAB21B0C01E020B9019B41464846FFF7C7
:1025F00090FE40B102200090D8F80010CC2303AA2E
:102600004846FFF715F904B0BDE8F0878DF80000E3
:10261000202201A9684601F07DBB80B513464A68B7
:102620000968083001F0A2FA012002BD2DE9F04F3F
:1026300004468BB04FF6FF70606200204FF0FF350C
:10264000206220638846A562E56204F1080001F07B
:1026500048FA00F011F910B300271AE0394600F0EB
:1026600082FC00F010F906A801F0DFF80646012808
:1026700002D001F00AF958B139462046FFF7AAFC0A
:10268000012E08BF401C024639462046FFF7D4FC05
:102690007F1CE0698742E1D300F0EEF828B941469B
:1026A0002046FFF701FD00F0E7F8002800F0D78092
:1026B0004FF6FF70A8460026606247462662B14684
:1026C00020E0494600F04FFC00F0DDF806A801F0DC
:1026D000ACF8834606A801F080F88246584601F01F
:1026E000CCF868B1206A401C2062C24538BFC4F8EB
:1026F0002490BA4598BF5746B24528BF5646D046A3
:1027000009F10109E0698145DBD3F71B012F15D9D8
:102710004FF6FF7060624FF000080CE0414600F099
:1027200022FCE36B052206A95F6908F10108B8479E
:1027300006A801F052F8E0698045EFD3616A4FF6D0
:10274000FF70814200F0888000F00DFCE36B0522F1
:1027500001A9D3F81480C04701A801F03EF8616ACE
:1027600000F001FC01F099F8E562A062DFF8FC5787
:102770006B462A466FF0010100F037FA00280CBFC3
:10278000AD68A56AE56229462046FEF7D1FD2063C3
:1027900018B9E16A00F074F8E06200F070F8804661
:1027A000254610E041462846FEF7C2FD0446286B48
:1027B000414620182863FFF757FD80461CB90020CA
:1027C0002863C5F82C80A86A8045EBD12C46E16AC5
:1027D0002046FEF71FFD014600F0C5FB2046FEF730
:1027E000C9FC05462046FFF708FB8046A84526D2CF
:1027F000616A20460026FEF71EFD07461AE04645A0
:1028000012D3394600F0AFFBE36B8146FFF71CFBA8
:1028100001A9E04701A800F0E0FF0246E06B04F1E7
:102820004003494601F03BF839462046FEF703FDD8
:102830000746761CAE42E2D3DFF8340715E004F118
:10284000080001F04EF90023DFF828270021204678
:102850000025FFF7FDFA04E0DFF81C5701E0DFF880
:102860001C572046FFF7C9FA28460BB0BDE8F08F89
:102870002D2A0408747600082046FFF7A0BA2946DE
:102880002046FEF7FCBCE36B052206A9D3F814C072
:10289000604738B504460D4601F05CFAE16B284606
:1028A000CA68BDE83240104780B50146C96B0020B8
:1028B000CA689047BDE8014001F054BA2DE9F843D9
:1028C0000546DFF8BC66D6F8008000200C46306074
:1028D000002D4AD005F134073878F0B12168286816
:1028E000814202BF61686868814213D1A168A8680B
:1028F000814202BFE168E86881420BD121696869C1
:10290000814202BFA169B868814203D16169002098
:10291000A96199E0DFF86C0696E0D7F804905021A1
:102920002846FCF7E3FDC7F804902068286061683A
:10293000696020696861616905F10800A961E26860
:10294000A16801F0CCF8A069B860A16905F1400068
:102950008A68904728B9386918B16968B1FBF0F006
:1029600000E00020E861F87B10B9DFF81C066BE09E
:10297000386900281CBFE969002928D02968B1FB03
:10298000F0F200FB1211002901BF6968B1FBF0F2FF
:1029900000FB1210002818BFDFF8F00554D12846BC
:1029A000FEF71CFC6968DFF8E895814238BF4846AD
:1029B0004AD3686941F20101884201D2CC2802D28F
:1029C000DFF8D00540E03869B0F5007F02D2DFF8CB
:1029D000C80539E003212846FFF75BFFBA6869683C
:1029E000286813689847B96804460220CA68904767
:1029F0006CB941462846FFF719FE0446DFF870051A
:102A0000844204D141462846FFF710FE0446386947
:102A1000A0F1140844B92846FEF7E0FB296A08FB38
:102A200001F1814212D24C4600203870387810B142
:102A30007068401C70601CB96968286801F098F9DA
:102A40002846FFF731FF2046BDE8F2830120ECE77E
:102A50000BE000F02DE9FF4104000E4617469846B2
:102A600008BFDFF8240531D094F8340010B9DFF83E
:102A70002C052BE0C6F31300B04228D100F02EF84D
:102A8000DFF81C5502AB2A46314600F0AEF80028AC
:102A900001BF9DF808000128286940450AD101219D
:102AA000019100954346002239462046FEF70BFF70
:102AB000050008D00120009043463A4631462046A2
:102AC000FEF7B6FE054600F015FA284647E0DFF8A7
:102AD000D404FBE700000000304F00200221204614
:102AE000D7E62DE9FF4104000D461646984608BF7B
:102AF000DFF8940433D094F8340010B9DFF89C0464
:102B00002DE000F0E0F81BD10121FFF7E8FFDFF82E
:102B1000907402AB00F067F805001DD19DF8080025
:102B2000012813D1386940450DD10021019100974A
:102B30004346002231462046FEF7C5FE05460BE01F
:102B4000DFF860040BE0DFF8605405E002280CBFFA
:102B5000DFF85854DFF8585400F0CCF9284604B098
:102B6000BDE8F0812DE9FF4104000D4690461F4667
:102B700008BFDFF8140435D094F8340010B9DFF83A
:102B80001C042FE000F09FF81DD10121FFF7A7FFE3
:102B9000DFF80C6402AB324600F026F805001ED1C7
:102BA0009DF80800012814D10A9B3069D919884280
:102BB0000CD30022019200963A4641462046FEF789
:102BC00082FE05460BE0DFF8DC030BE0DFF8D853AC
:102BD00005E002280CBFDFF8D453DFF8D45300F02F
:102BE00089F92846BBE73A4629462046FFF741B80F
:102BF000F7B504000E4602D1DFF88C03FEBD94F851
:102C0000340010B9DFF89403FEBDC6F31300B042E0
:102C100017D1FFF763FFDFF8887301AB3A463146FF
:102C2000FFF7E3FF050003D19DF8040003280BD153
:102C300002210091CC2302AA31462046FEF7F8FD7E
:102C40000FE0DFF86003FEBD02280CD100F03FF872
:102C500003460298984208D0024639462046FFF7BC
:102C600039FC054601E0DFF84C5300F043F92846F3
:102C7000FEBDF8B504000D46164600D163E094F899
:102C8000340000B962E000F01EF812D10121FFF714
:102C900026FFDFF80C736B46FFF7A5FF05000CD18C
:102CA00000F04DF809D0022804D100F010F830608F
:102CB00005E051E0DFF8FC5201E0DFF8F45200F0EB
:102CC00019F92846F2BDC5F31300A84270473946EA
:102CD0002046FFF746BBF8B504000E46154600D166
:102CE00031E094F8340000B930E0C6F31300B0428C
:102CF0001BD1FFF7F3FEDFF8A8726B463A46314668
:102D0000FFF773FFA8B900F01AF812D002280DD10E
:102D1000FFF7DDFF03465E1C324639462046FFF7CB
:102D2000D9FB07463DB12E6005E015E0DFF884725F
:102D300001E0DFF87C7200F0DDF83846F2BD9DF866
:102D4000000003287047DFF84002F2BDDFF84C02B4
:102D5000F2BD0000B51E0108DFF84802F2BD000018
:102D6000571F01085B2001082DE9FC4104461E465F
:102D700000200D461746306014B9DFF80C021FE042
:102D800094F8340010B9DFF8140219E0FFF79BFF44
:102D900018D10121FFF7A3FEDFF804826B464246FB
:102DA000FFF722FF050015D1FFF7C9FF12D0022857
:102DB0000BD1012139600420306000F09BF82846D7
:102DC000BDE8F681DFF8DC01FAE700203860D8F8CA
:102DD0001000F1E7DFF8D851EFE700007D2001088F
:102DE00010B5032A0CBF012200220298037E9A42EA
:102DF00012D10268914224BF43688B420CD34269CE
:102E0000C368521C426102699A4205D2846844F840
:102E100022100169491C0161012010BD7CB50C46DE
:102E20001D46032A0CBF012100212A7E914228D190
:102E300021682B68994224BF6E688E4221D3DFF847
:102E40002C616B463246FEF714FF002802BF706803
:102E50006168884215D1FFF772FF0CBF0120002086
:102E6000297E88420DD16869E968401C686128693B
:102E7000884206D22268A96841F820202869401CAF
:102E80002861012076BD2DE9F04387B00400894612
:102E9000154698461ABF94F834000028002026D022
:102EA0000F9E0E9F0121FFF71AFECDF800800197BB
:102EB0000021CDF808900395049105918DF81860D4
:102EC000207C38B96A46DFF8F01004F1080000F001
:102ED000FDFE05E06B46DFF8E4202046FEF7B8FF74
:102EE000002D0CBF059D049D00F004F8284607B096
:102EF000BDE8F0832046D7E43EB5069D002402E0FD
:102F00003EB5069D012401940095FFF7BCFF3EBD30
:102F10003EB504000D4601D11B483EBD94F8340077
:102F200008B91E483EBDFFF7CEFE14D1FFF7D6FD0F
:102F300001AB1B4AFFF758FE78B99DF8040003283F
:102F40000BD0032100910023002229462046FEF7E2
:102F50006FFC054602E013483EBD154DFFF7CAFF62
:102F600028463EBD29462046FEF74FB9D84E0020E0
:102F700013E000F01B26010816E000F003E000F06B
:102F80000854002008E000F009E000F001E000F043
:102F900002E000F005E000F004E000F007E000F0DF
:102FA000AC4E00200AE000F011E000F00CE000F070
:102FB0000BE000F00DE000F0E12D01081D2E0108EE
:102FC00010B5044610460A4601462046F8F7F8FCBC
:102FD000204610BD62B181423ABF53189842F8F7BB
:102FE000E5BC801813F8011D521E00F8011DF9D12F
:102FF000704700002DE9F0418CB004000F46984660
:1030000018BF002F08D0129D002D1CBF139E002E4C
:1030100002D018F00F0F01D0212031E0002A0CBFA0
:10302000DFF8C805DFF8C805206000F010FB0028B5
:1030300026D100F021FB00F026FB00F033F8F8B9B0
:1030400000F001FB00F02AF8D0B906A900F0FCFA64
:103050000CA100F0E7FA0395CDF8148003A900F065
:10306000F3FA00BF0AA191E82C006846694680E89F
:103070002C000096CDF8088000F002FB00F0E0FA8A
:1030800000F0C9BA000000000100000000000000CC
:1030900000000000010000000000000006A9384602
:1030A000FCF7AABF09A93846FCF78ABF2DE9F04F03
:1030B00097B006001CBF029100290FD00492DDF8E2
:1030C0008C802AB12298002818BFB8F1000F05D0D3
:1030D000209D002D1CBF219F002F01D1212097E0B2
:1030E0000393002B14BF1C6800244FF0000900203C
:1030F00001E000F0A7F80499894580F08680002C53
:10310000F7D1A1EB09015FEA111A62D0DFF81005CF
:10311000306000217160B160F16102986946FCF78E
:103120007DFE002874D1009900F071FA4FEA0A116F
:1031300000F06DFA029800F098FA002868D114A9FE
:1031400000F061FA029800F08CFA002860D100F0DB
:1031500059FA00BF2FA191E80C400EA80DF12C0BDD
:1031600080E80C40CDF838502DA090E80E00DDF836
:1031700088E04FEA0A108BE80E00CE44CDF82CE030
:1031800040F0005BCDF834B00EA900F03CFA0BA97A
:1031900000F039FA25A292E8094008A908EB0902D3
:1031A00081E809400892CDF828B000BF22A292E839
:1031B000084805A9304681E80848059508A9FDF7A3
:1031C0009FFF05A900F055FA00F019FA09EB0A195A
:1031D000F0B90499B1EB09018DD09CB9029901971E
:1031E0000095102300223046FFF704FF80B900212C
:1031F0004A422A44D37B5B1CD373DBB213B9491C0C
:103200000F29F5D900F01EF8E3E7039901B10C602E
:10321000BBE10000000000000100000010000020E1
:10322000000000000100000000000000000000009D
:10323000010000000000000000000000010000008C
:1032400010000020229A395D641C12F8093004F045
:103250000F044B4008F8093009F1010970470000DC
:103260002DE9F04F95B0040039D00191080036D017
:10327000DDF890A0DDF88C90BAF1000F02D0B9F122
:10328000000F2CD00393180029D0209E1F9D06B15B
:103290002DB30092219FDDF88880100004D0002F0C
:1032A00018BFB8F1000F1AD0DDF878B000F08EF931
:1032B00002D200F0A7F812D2BAF1020F0FD0BAF181
:1032C000110F0CD25FEACA7009D4ABF107010729CC
:1032D0003FBF00984044DFF85C13884201D32120AF
:1032E0006FE0DFF8540300F078F9002869D1029903
:1032F00000F0CAF91FFA8AF141EA0B4100F0C4F963
:10330000314600F0C1F900F0B7F9019812A9FCF7B5
:1033100057FE002855D112A900F096F901980FA97F
:10332000FCF76AFE00284CD10FA900F08DF900BF10
:1033300025A191E80C400CA809A980E80C400C9745
:10334000DDF8007023A246F0005647F000570E97B4
:1033500092E8094022A24BF0005B81E80940099500
:103360000B9692E86800DDF80CC006A981E86800B9
:10337000CDF818C0CDF820B000F066F900F063F980
:103380000CA900F061F900BF18A191E82C0003A876
:10339000694680E82C00CDF80C80059716A292E8CB
:1033A00068004AF0005A204681E86800CDF8009095
:1033B000CDF808A003A9FDF7A3FE00F029F800F05E
:1033C0003FF915B0BDE8F08F0000000001000000DB
:1033D00000000000000000000100000000000000EC
:1033E00000000000010000000000000000000000DC
:1033F00001000000000000000000000001000000CB
:103400000000000011460122C00082409142704736
:1034100069462046FDF774BE2DE9F84F96B00400CA
:1034200039D0019108001CBFDDF89490B9F1000F6C
:1034300031D0039318002ED0229E219D06B155B3A2
:103440000092239FDDF89080100004D0002F18BF59
:10345000B8F1000F1FD0DDF880B000F0B7F802D24D
:10346000FFF7D0FF17D2DDF898A0BAF1020F18BF0E
:10347000BAF1000F0FD0BAF1110F0CD25FEACA7087
:1034800009D4ABF1070107293FBF00984044DFF89A
:10349000A411884201D3212077E0DFF8A00100F0D9
:1034A0009CF8002871D1029900F0EEF81FFA8AF119
:1034B00041EA0B4100F0E8F8314600F0E5F800F091
:1034C000DBF8019813A9FCF77BFD00285DD113A957
:1034D00000F0BAF8019810A9FCF78EFD002854D12D
:1034E00010A900F0B1F800BF29A191E80C400DA887
:1034F0000AA980E80C400D97DDF8007027A246F07D
:10350000005647F000570F9792E8094026A24BF06B
:10351000005B81E809400A950C9692E86800DDF8A6
:103520000CC007A981E86800CDF81CC0CDF824B014
:1035300000F08AF80AA900F087F80DA900F084F8D5
:103540001CA292E8680004A9204681E86800CDF832
:1035500010800697FDF7D4FD19A191E82C0001A871
:103560004AF0005A80E82C00CDF80490CDF80CA069
:1035700001A900F069F800F063F8040008BF00201A
:1035800003D0009900F037F8204617B0BDE8F08F5F
:10359000000000000100000000000000000000002A
:1035A0000100000000000000000000000100000019
:1035B000000000000000000001000000000000000A
:1035C0000000000001000000000000005FFA8BF026
:1035D000C0F10F00C1B20429704720600021616072
:1035E000A160E161019802A9FCF718BC0001000488
:1035F0000001010421464046F8F7D2B900003046E8
:10360000FCF7D5BD11A93046FDF770BD01993046D4
:10361000FDF780BD00000CB0BDE8F08100000000A7
:103620000303000491E88C0003A848F0005880E8E8
:103630008C0070470100042000000504000006040F
:103640002046FCF7B4BD09A92046FDF74FBD002078
:103650006060A060E06169463846FCF7DFBB0000AF
:10366000009811A9FCF7C8BC009814A9FCF7A8BCE5
:103670000AA93046FDF744BD00992046FDF74ABD32
:103680002046FDF73DBD41462046FDF743BD000005
:10369000012908BFC04320F07840704701B582B0CF
:1036A000012904BFC0430290029900228DF8002036
:1036B00021F0784102911B2202A9684600F02AFB02
:1036C0009DF80010029840EAC1600EBD2DE9F84156
:1036D00085B0064658680D46904600240021400AF1
:1036E00000E0491C4008FCD1D87889B21F8800034B
:1036F00000F4805000EB41309978C7F30A071A4A6A
:10370000C90201F4006108183F18009200214046E8
:10371000FFF7C4FF019001214046FFF7BFFF4FF0C4
:10372000FF3147F07F470290039147F47F070497EA
:10373000B369012204A905F11000984700F016F8BA
:1037400002A905F10800984700F010F801A9281D0A
:10375000984700F00BF869462846984700B10446A0
:10376000204606B0BDE8F08101009AB200B10446DF
:10377000B369012270473EB500F029F801A9284637
:10378000984701980122694680B20090A3692846B3
:10379000984737BD7CB500F01AF869462846984727
:1037A000009800264FF6FF7180B288420DD1009834
:1037B000012201A9000C000440F4254040F0A500BE
:1037C0000190A369284698470646304676BD0446D0
:1037D000636901F10C05012270471CB50446002005
:1037E0008DF800001B22211D684600F093FA6068E6
:1037F0009DF80010B1EBD06F08BF00210FD0002062
:103800008DF800001B2204F10801684600F082FADE
:10381000A0689DF80010B1EBD06F03D10121FFF734
:1038200037FF16BD4FF0FF3016BD10B504462068B7
:103830004BF29A22010C914204BF80B2012814D1AC
:103840002046FFF7CAFF10F1010F0ED0E0684FF6D7
:10385000FF71020C8A4201D0022010BD80B2884262
:1038600001D0012010BD002010BD206810F1010F13
:1038700001D1032010BD042010BD010018BF012894
:1038800001D10120704700207047032818BF042889
:1038900001D10120704700207047143070472DE996
:1038A000F04105460E462969174698463046884736
:1038B000040007D143463A4631462846FFF706FF43
:1038C000040003D031462846FFF755FF2046BDE8E7
:1038D000F0810000007800F07F00012802D0401E37
:1038E0008041C00F70471CB500F044F8574800EA0B
:1038F000C11023F07C41616042EA0001012A03D932
:10390000921E012A06D907E0059841EAC06343F0F8
:10391000604305E00B4603E0DB1D03F07F03034338
:103920000498236058B100F02AF800F03EF860686F
:103930009DF8001040EA81606060082016BD1B22DF
:1039400000F01EF820689DF8001040EAC160206079
:10395000042016BD38B500F00DF81B2200F010F859
:103960009DF8000021680025B0EBD16F08BF01254C
:10397000284632BD044600208DF800007047202202
:103980002146684600F0C6B938B5FFF7F3FFFFF7E8
:10399000F6FF00F00AF89DF8000061680025B0EB22
:1039A000916F08BF0125284632BD1A22211D6846A5
:1039B00000F0B0B9006810F1010F01D1012070478B
:1039C0000020704710B50468FFF784FFE40E04F090
:1039D000030400B90024204610BD0068C0F3D310D2
:1039E000704777E780B5FFF775FF08B1082002BD83
:1039F000042002BD10B50446FFF76CFF18B16068E3
:103A000020F07C4010BD207800F07F00082801D312
:103A1000C01F10BD002010BD007800F07F0070476F
:103A20000B4A38B50D4611680446FBF75FFD4FF0B1
:103A3000FF33236000206560A0752061A360E075FE
:103A40006076A076207631BD0000000080FFFF0781
:103A500074760008032808D0022802D129B1012079
:103A6000704709B10020704707207047401E0128A9
:103A700005D9801E07D0401E022802D905E0022089
:103A800070470020704703207047012070470000F6
:103A9000006850F831000001000E7047006850F8CF
:103AA00031301B0D42EA035240F831207047006864
:103AB00050F83130C3F3130343EA025340F8313076
:103AC0007047006800EBC1014A60704700684FF022
:103AD000FF3240F8312000EBC100426070470160C6
:103AE000426038B50446002504E029462046FFF729
:103AF000EDFF6D1C60688542F7D30021217231BD56
:103B000010B50A460021036800E0491C4468A14240
:103B10000BD253F8314014F1010FF6D0C4F3130463
:103B20009442F2D1BDE81040D0E710BD70B5054613
:103B300016464FF0FF3000242A6800E0641C6B68D2
:103B40009C4211D252F8343013F1010FF6D0C3F376
:103B500013038B42F2D121462846FFF799FF3070BC
:103B6000286800EBC401486870BD00002DE9F04FE3
:103B700081B004466568002790469B46002D00F002
:103B80007F80266815F00309484632460DD0136839
:103B900013F1010F04D0C3F313038B4200F08580AF
:103BA0007F1C401E02F10802F1D15FEA950A5046DF
:103BB00038D100225FEA090009D0002556F8082B09
:103BC00012F1010F20D06D1C401EF7D12A465FEA8A
:103BD0000A0055D01546326812F1010F1EBF6D1C48
:103BE000B26812F1010F0FD032696D1C12F1010F92
:103BF0001EBF6D1CB26912F1010F05D06D1C401E75
:103C000006F12006E7D13BE00A4629462046FFF7A9
:103C100045FF5A4629462046FFF749FF42462946B6
:103C20004AE000BFD2F800C01CF1010F04D0CCF371
:103C3000130C8C4500F03980D2F808C07F1C1CF1B1
:103C4000010F03D0CCF3130C8C452ED013697F1CCD
:103C500013F1010F04D0C3F313038B4200F025804E
:103C6000D2F818C07F1C1CF1010F03D0CCF3130C49
:103C70008C451AD07F1C401E02F12002D2D198E759
:103C8000BBF1030F1DD00027009100E07F1C60688E
:103C9000874216D239462046FFF7FAFE0328F5D1AF
:103CA000009A39462046FFF7F9FE5A463946204623
:103CB000FFF7FDFE42463946204601B0BDE8F04F11
:103CC000FFE60120207201B0BDE8F08F2DE9FC4134
:103CD000044688461646002700E07F1C606887423D
:103CE00016D2216851F8375015F1010FF5D0394639
:103CF0002046FFF7CDFE00962268C5F3130502EBC0
:103D0000C7014B68024629462046C0470028E4D137
:103D1000BDE8F38130B50B68202A03D2012494401A
:103D2000641E2340590821F0AA315B1A23F0CC34D9
:103D30009B0823F0CC331B1903EB131305784FF0CA
:103D4000013123F0F0334B435219A2EB136202709E
:103D500030BD000080B5F7F7B1FE0149086001BD34
:103D6000A84E002001480068F7F7ACBEA84E00201E
:103D70007047000042688160D1B221B9120A120274
:103D800042F00102426070472DE9F84381460C463B
:103D900015469846002600F02CF9052808BF012694
:103DA0000998B5F5885F02D1010008BF002640EAF6
:103DB0000627012804D1D9F800102046FFF7DAFFC2
:103DC0006760FFB20FB90020A0600898C10448BF27
:103DD00040F48060810448BF40F40060E060E06926
:103DE000C4F8108008B9258005E000230022294688
:103DF0002046FBF76FFD0A984FF6F971884228BFFD
:103E00004FF6FF706080BDE8F1832DE9F8438CB078
:103E100004468846914600F01DF8002C1ABF159FF5
:103E2000002F6FF0860012D0169D9DF8501000965E
:103E3000E800029001914B46424603A92046FFF755
:103E4000A3FF23462A46394603A8FAF790FA0DB095
:103E5000BDE8F0831E4603A82421FBF747BB0029D9
:103E60001CBF002BFAF793B903E0002918BFFAF73B
:103E700039B96FF086007047FAF720B9F8B50646F1
:103E80000D00144618BF002C02D16FF08600F2BD61
:103E90002068864203BF01274C4921600027216822
:103EA0002846FFF767FF224629463046FAF7D3FA3D
:103EB00048B947B13046FAF701F931462068BDE804
:103EC000F440FCF763BCF2BD38B584B00024039421
:103ED000002A14BF002B6FF0860003D000F014F806
:103EE000FAF78EFB05B030BD38B584B000240394DA
:103EF000002A14BF002B6FF0860003D000F004F8F6
:103F0000FAF72CFC05B030BD03AC102500930294E9
:103F10000195102370472DE9F94E88B0129CDDF809
:103F200054908B4692461E46139D22463146484683
:103F3000FFF750F89DF850109DF850002F1B090412
:103F400001F47C1141F0A861C019321941F480716B
:103F500009EB0403BAF1000F0BD00DF11C0ECDF8E4
:103F600018E005900493039700F029F8FAF70CFD88
:103F70000AE00DF11C0CCDF818C0059704930390CE
:103F800000F01DF8FAF743FD6FF09401884208BF76
:103F9000084607D080B9BAF1000F06D10798B84299
:103FA0000AD100200AB0BDE8F08E9DF850000799B4
:103FB00045192C1BA142F4D06FF08600F2E7029263
:103FC0000194009608980D235A467047F0000200AD
:103FD00010B54FF48031174A1160174B19688C09DE
:103FE00004F03F0401F03F0284704270090B01703D
:103FF00010BD124909684FF47A72002089B291FB12
:10400000F2F2413292B2412A04D008D3432A05D0B9
:1040100002D3704704207047052070470320704783
:104020000748006801210A3000F01F0001FA00F083
:10403000704700006490005018C007500480E00FE3
:104040000880E00F30B50C46DFF85C130A7887B0C3
:104050000546904228BF27203BD219232A46192122
:10406000684600F0C7F91821684600F049FA90B395
:104070000822694604F11D00FEF7ACFF08202080ED
:104080009DF8180081075CBF18222280410703D5E4
:10409000228842F020022280010603D5228842F4C1
:1040A00000722280C00716D50521A170BF4850F8C4
:1040B0002510A16100F0D6FC6061208840F0060068
:1040C00020809DF818104A0648BF40F080002080EC
:1040D000002007B030BD2920FBE72DE9F84E8FB056
:1040E00004460E46154603A801F08BF99DF8190009
:1040F00004218DF80C1040F001008DF819000EB964
:10410000022053E00021CDE9001144B108226946A4
:104110002046FCF77BFB401E8041C00F00E00120E1
:10412000029400260FF28829DFF87CA2044605E0FD
:10413000082108A800F0E4F9A8B3761C9AF800104A
:10414000F0B2884231D2FF22192108A8FCF784F886
:104150001923F2B2192108A800F04CF99DF8387023
:10416000FF2F03D18821484602F0CCF8002CDFD184
:104170008DF80D6003A801F0CDFD02998346082259
:1041800008A8FCF743FB002808BFBBF1000FD4D1FF
:10419000F807D2D5FF2D06D015B93806CDD402E0E8
:1041A0002F40AF42C9D1F0B200E0FF2010B0BDE80F
:1041B000F08E00B58DB009B9022009E06B4604AA63
:1041C00008A902F0DAFA002814BFFF209DF82100A8
:1041D0000DB000BD18B585B00446684601F011F970
:1041E00004218DF8001001218DF801408DF80D108B
:1041F000684601F013F900B1212006B010BD78B572
:104200001546694A137893B00C46994228BF272077
:104210004CD220B1192102A8FBF768F93AE001213C
:1042200005F11D00FFF7C5FF064605F11D0002F070
:104230006FFC18B9FF2E18BFA64209D009A9304655
:10424000FFF700FFBDF82410288841408A050DD5EE
:10425000288881050CD4684600F08AF940B108220C
:10426000694605F11D00FCF7D1FA08B921201DE0CF
:10427000082205F11D0102A8FEF7ACFE02F059FC70
:10428000002814BF012003202988490A40EAC110F0
:104290008DF8200000204549224641F822001923CC
:1042A00002AA2146192000F0AEF8002014B070BD1B
:1042B00078B50D4616463C490A7887B004469042C8
:1042C00028BF27201AD2192322461921684600F058
:1042D00091F81921684600F013F908B929200DE07A
:1042E0009DF8181019236A4621EA060635438DF811
:1042F00018502146192000F086F8002008B070BD43
:1043000018B585B00C4600230022694602F035FA44
:104310009DF80100FF2807D0002C07BF04220021D0
:1043200000220421FFF7C4FF06B010BD30B585B0F0
:1043300004461546684601F064F80421FF228DF812
:1043400000108DF801200822214601A8FEF742FE48
:104350002946684602F08CF920B10521204602F07A
:10436000F0FB03E09DF80100FF2801D100200CE0E4
:1043700002220021FFF79CFF0121204602F0E1FB11
:104380000021002000F061FA012005B030BD38B5F1
:104390000024054D02E0FFF71DFF641C2978E0B200
:1043A0008842F8D3002032BDAE18002064440020BB
:1043B0006170732D6B6579732D66756C6C2E63005F
:1043C00080B502F0DDFB88B10949401A07D0401ED4
:1043D00007D0801E07D0001F07D15D2002BD5920E5
:1043E00002BD5A2002BD5B2002BD5C2002BD000060
:1043F00001E000F010B50C46114602462046BDE82B
:10440000104002F072BC02F0A0BC02F0DFBC10B59C
:104410000C46114602462046BDE8104002F06EBD33
:1044200002F0D4BDDFF8FC1508607047F8B590B015
:1044300006460F4615461C4609A800F093F83DB104
:10444000082229460DF1260047F04007FEF7C2FD7D
:10445000DFF8D815086820EA06063E4372040CD53A
:10446000BDF82430320A02F4E24203F40E4313434F
:1044700006F0FF000343ADF824300E601A23082233
:1044800009A9002002F031FE74B104A800F0B9FFC0
:1044900002208DF81000102221466846FEF79AFD92
:1044A000694604A802F0E4F811B0F0BD0023002230
:1044B000BCE7DFF87805016841F48041016047F20C
:1044C000FF100140F2E700B587B002F0D1FE684668
:1044D00000F048F8DFF854050168BDF80020090A2B
:1044E0000902120A02F0710241EA0241BDF80020FD
:1044F00007B002F0FF02114341F48041016000BDAA
:1045000038B504460D46002203F0FCF940B9FF22FD
:104510002946204603F0F6F9401E8041C00F32BD07
:10452000002032BDDFF80405007800F030001028CC
:1045300018BF202801D1012070470020704718B50E
:1045400089B0044604A800F05CFF02218DF8101029
:10455000694604A802F0B8F81022694600F025F870
:104560000AB010BD01461A230822012002F0BDBD89
:1045700018B50446DFF8B404006887B0830705D592
:10458000FF2208212046F7F71BFA09E0400609D56B
:104590006846FFF7E7FF08220DF1020100F005F879
:1045A000012000E0002008B010BD2046FEF712BD3B
:1045B00080B531B9DFF874140A78530601D50020AC
:1045C00002BD0246002300210020FFF72FFF01203B
:1045D00002BD0021ECE70121EAE71CB5044668466C
:1045E000FFF7C6FF40B1082221466846FCF70EF9E6
:1045F000401E8041C00F16BDFF220821204603F057
:1046000081F920B106210020FFF750FF04E00023CC
:1046100022460021FFF70AFF012016BD2DE9F04FC9
:104620009DB0269E80460C465FEA020B1D4606F0B2
:1046300001094FF0000A0CBF18AF5F46384600F082
:10464000E0FEB0070CD5002C0CBF04AA22466B4636
:104650003946404602F0FEF815B3C5F800A01FE049
:104660006B460DAA3946404602F087F87978FF2953
:1046700019D008B12D2013E01CB110220DA9FFF7AD
:1046800094FF2DB17978DFF8A80300EB81022A604E
:10469000B9F1000F03D0BDF80000C1065ED50020BF
:1046A0001DB0BDE8F08FDFF8846355B103F010FB57
:1046B00010B13078810701D5002001E0DFF86403F4
:1046C0002860FFF72FFF00283AD011A8FFF74AFF14
:1046D000356808220DF146014046FCF797F818B1FD
:1046E00005F0440040282BD0B9F1000F03D0E803B7
:1046F00048BF4FF0010A09A8FFF721FF02203870D8
:10470000002C08BFBBF1000F25D003F0E1FA002810
:1047100002BF307800F08400842814D16CB104A862
:1047200000F06FFE02208DF8100004A800F0F8FEE3
:1047300022460821404601F0F4FA102078800AE071
:1047400040F60A40ACE71CB1102209A9FFF72DFF83
:10475000381DFFF70DFFBAF1000FA0D07A784FF6A1
:10476000FF71182003F08EFB40F60E4098E7E0B58D
:104770006846FFF7FDFE20B1684602F0AEF900B1D1
:1047800001200EBDF0B585B004460026002503F0DB
:104790009FFA98B102F0D7FF80B103A8FFF7E8FEB7
:1047A00060B11CB1204602F0B3F938B99F4F387898
:1047B000810708D59C480278112A01D0022042E0E6
:1047C0009C48B0F8E4609CB10822214603A8FCF79D
:1047D0001DF868B1082002218DF800008DF8011045
:1047E000082221460DF10200FEF7F4FB0A2107E042
:1047F000042108208DF8011001258DF80000022108
:104800000022684603F0EAFE04001BD0FFF78AFE90
:10481000002814BF0320012039788A0748BF40F0E0
:104820000400C3B222460021304604F07BFB48B1AD
:104830000021012000F009F815B101207E4908701F
:10484000002000E0192005B0F0BD7C4A11B141F212
:10485000883105E07A490B784EF66021594304D03F
:1048600000281CBF104605F010B8104605F060B8CF
:1048700038B584B002A90022C1E9002205F058F839
:10488000704C03F025FA18B905F077FC0D2524E0EB
:10489000607808B3624A2178137899421CD2491C87
:1048A0002170012802D100F050F80EE0022808D152
:1048B0006946002003F0ACF938B96846FFF762FF9B
:1048C00003E0032808D104F0F5FDC0B220B90121AE
:1048D0000120FFF7BAFF09E00425002060700021E5
:1048E000FFF7B3FF294602A802F02BF905B030BD4F
:1048F00030B50446534D687885B00021CDE90011EC
:1049000030B902F06AFF022802D103F0E1F908B9D8
:10491000022018E002A803F0BEFF082269460DF14C
:104920000A00FBF773FF08B923200CE03C48047031
:1049300000F00BF8040005D10120012168702970F6
:10494000FFF783FF204605B030BD00224FF4A07171
:10495000002005F0ABBE70B598B005460E464D215F
:1049600004A8FAF7C3FD374C6078012808BF002D72
:104970004BD101A9304605F0FAFD0546BDF804000B
:1049800003F01FFD461B0020BDF804100090F3B299
:104990002A4604A806F044F902A9002003F038F9D9
:1049A000002832D1F6B286B39DF8110068BB9DF89D
:1049B0001C00000200F47E40B0F5285F1CDBB0F55F
:1049C000385F0DDB19480168002241F400010160E5
:1049D000BDF80400294606F089FA08B1042009E070
:1049E0000121217002A8FFF7CDFE01210120FFF770
:1049F0002CFF0220607008E0002161700020FFF7AA
:104A000024FF1E2102A802F09CF818B070BD0D49C9
:104A1000087070470B48407870470A4948707047E3
:104A2000C0180020483200204258002044320020A4
:104A3000644400209452002073580020DC3200208F
:104A4000665800207158002080B504230122694671
:104A5000012002F04AFB0098DFF894170003086079
:104A600001BD00E000BFDFF888070068704710B59F
:104A7000DFF87C472068010504BF0120FFF7C5FC73
:104A80002068411C216010BD80B50020DFF8602740
:104A90000090106004236A467F210120FFF7B3FCD9
:104AA00001BDF8B507460C46DFF84457DFF8446708
:104AB00002F093FE60B1012F02D0032F05D007E072
:104AC0002868844204D20220F2BD30688442FAD3BE
:104AD00014F1010FF7D0200B0090012F02D0032F0B
:104AE00004D0F0E72C600423012202E034600423A8
:104AF00004226946002002F0F8FA0020F2BD0146C7
:104B00000120CEE72DE9F14F90B01B9E0020894691
:104B10000390317817469846490901F001018DF854
:104B2000081008A800F06DFC31780DF1100A40F66D
:104B30000A4411F0030F04D08DF810800DF1110A12
:104B400012E0388809F1050106F035FA002851D045
:104B500000200090398805234A4604A806F060F832
:104B60009DF8100000F018081A9D4FF6FF70ADF880
:104B7000040000220821284602F0C4FE00285DD06F
:104B8000388806F0DAFD31780A074CBF001D801C1A
:104B900006F0DEFDADF80400BDF804000DA906F036
:104BA0009BFE9DF810108A0610D5388809F10D017A
:104BB00006F001FAF0B100200090398809F10502F1
:104BC0000823D2B2284606F02BF828E010BBBDF827
:104BD0000400294603F01CF808B3307810F0030FE6
:104BE0000CD0BDF8040040230022002105F0AAFDEE
:104BF00040F60944307810F0030F07D1388806F0EA
:104C000004FD014600221A2003F03CF9204611B0B1
:104C1000BDE8F08F0DA801682960416869603178AE
:104C200001F01801182909D1BDF8040000281EBFA1
:104C3000DFF8C415B1F8E4209042DBD107F0CAF8E0
:104C400048B10421284606F078FE010018BF012172
:104C50008DF8061002E000228DF806201C999DF8C0
:104C600040B01E9C31B109208DF8200008A801F049
:104C7000FFFC05E01D9931B1142208A8FEF7AAF93E
:104C800074B303942CE03888594605F0FDFF00F01A
:104C90000300401E8041C00F8DF8070001469DF8BB
:104CA000080008B141F00201009103AB08AA0021FD
:104CB0002846FFF7B3FC04469DF8080070B17CB1AC
:104CC0009DF8070003AB08AA009000212846FFF7D3
:104CD000A5FC0446307800F0DF003070002C89D14C
:104CE000B8F1000F08D0B8F1100F4CD1BDF8220078
:104CF00040F00100ADF8220008A800F011FC307867
:104D0000DFF8F84410F0030F4AD0FFF7B0FE024678
:104D10005146012006F026FD30780AF1040581078E
:104D20000DD53888594606F0B1FA584400F1090B00
:104D300038885FFA8BF106F091FA00EB0B093078B6
:104D400010F0C20F0BD09DF810000822214640F051
:104D500020008DF810002846FEF73CF908350121A7
:104D6000009104A839882D1AEBB25FFA89F205F098
:104D700057FF5FFA89F25FFA8BF1384602F09DFB2C
:104D800060B1002043E7B8F1180F04D1BDF822004C
:104D900040F00200AEE740F60A4038E7192036E757
:104DA0000DF11101012006F0ECFC8046307810F086
:104DB000040001D1039911B94FF0000A01E04FF04E
:104DC000010A9DF8061031B9BAF1000F25D00399F8
:104DD0000A68904521D2388806F017FC0146002267
:104DE000162003F04FF89DF8060000281FBF002D85
:104DF000BDF804004FF6FF7188420CD0002300225A
:104E000008A9284601F0B9FC9DF82120BDF804004E
:104E1000294606F0E1FF0120F9E6002814BF2346E9
:104E20002B460020009038884A46594602F000FC84
:104E300010B940F60A44DDE6BAF1000FA1D003989C
:104E400008F1010101609CE7F0B50C4689B0064607
:104E500040F60A45D10741D5308806F095F9002182
:104E6000054601911CB902A802ACC0E9001100225C
:104E70000821204602F046FD98B1308806F05DFC1E
:104E8000801C06F065FC0746214602F0C1FE40B1D9
:104E9000402300220021384605F054FC40F6094525
:104EA0001CE03088294605F0EFFE00F00300461EA6
:104EB000B641F60F354607F076F808B145F0020521
:104EC000009500F00EF8054607F06DF8002818BFB1
:104ED000002D03D0009600F004F80546284609B0DE
:104EE000F0BD01AB04AA00212046FFF797BB0000EC
:104EF0002DE9FC4FA5B0074638888B46164606F0CC
:104F000043F982463888514606F0A8F900EB0A04B6
:104F1000388806F0D8F981469DF898100020ADF841
:104F20001400C80708D4388805AA494605F0E0FFF0
:104F300010B10020ADF8140026B907A8002107AE73
:104F4000C0E9001107F02FF828B19DF8980040F053
:104F500020008DF8980000F074F95FEA000800F076
:104F6000C2809DF89800C10700F1DB8000F0DF00EF
:104F70008DF89800309D02F0ABFE002800F0918083
:104F80000FF26C41D1E900230BA8C0E9002309A866
:104F9000FFF7EEFA0D968DF817A08DF818B08DF882
:104FA000164006464FF0000A01E00AF1010A07F038
:104FB000C1F91FFA8AF1814269D20EAB12AA16A971
:104FC0005FFA8AF001F05EFC0028EED108220BA9FE
:104FD00017A8FBF71BFC441EA4417EB19DF865B0E9
:104FE0005FEA8B700AD5082209A917A8FBF70EFC07
:104FF00020B94FEA9B0000F0010B01E04FF0000BDD
:105000000DB185F800B05BEAD474CED0102212A99D
:105010001CA8FDF7DFFFBDF81400B0B100F0F8F8F0
:105020000028BDF814000AD003F0CBF9044600F0C4
:10503000EFF800940023BDF81420002103E003F0F2
:10504000C0F900F0E9F805F055FE002103916C4825
:105050000D99049026A8019000911CAA9DF8183083
:105060009DF816109DF8170002923A46FFF74AFD88
:105070005FEA000899D1002E14BF09AA00221CABD8
:105080004FF482714FF40050FFF7D0F92BE09DF8F8
:1050900018B00D9E9DF817A09DF81640B8F1000FAE
:1050A00021D00DB100212970BDF81400B0B100F07D
:1050B000AFF80028BDF814000AD003F082F90546C5
:1050C00000F0A6F800950023BDF81420002103E0AD
:1050D00003F077F900F0A0F805F00CFE00F0B1F84D
:1050E0005FEA00081DD102F0F3FD00287CD045489E
:1050F00001788A0778D406F056FF002874D000BFE4
:10510000BDA1D1E90023CDE90023002209A9684609
:1051100006F050FF002867D009A9684606F07DFF19
:10512000F3E702F0D5FD00285ED09DF8980000F06E
:105130001100102802BF34480178432954D1314866
:1051400001784A0650D53888E1B2491D002505F09E
:1051500032FF002848D03888E1B205F095FD80067E
:1051600058BF2A4E09A8FFF703FA0822314609A8BA
:10517000FBF74CFB20B1314609A8012501F08FFC5B
:105180000120009000230BAA10A909A8FFF746FAF6
:10519000002829D100F047F818B94FF0000810ABEB
:1051A00011E0BDF82E0014AA10A940F00800ADF8D7
:1051B0002E00102007F0FCF8B0B900F034F85FEAD8
:1051C000000811D114AB09AA4FF490710020FFF729
:1051D0002DF94FF000510020FFF768F925B14FF08D
:1051E00080510020FFF762F9404627B0BDE8F08FFC
:1051F000745100205432002094520020105400209A
:105200004832002044320020425800207A530020C7
:105210003888012103F03CB900900023BDF8142028
:1052200049463888704704900BA9002226AB09A88C
:1052300003910292019300905B463A46E1B25046D8
:1052400060E4002026AB0490039002900193009646
:105250005B463A46E1B2504654E42DE9F842064630
:1052600087B00C4600201F46ADF81600310018BF6D
:10527000093C91460022E1B2484603F0AFF9ADF88F
:10528000140008B91920AFE0002105F0FDFC8006EC
:1052900058BF0220F7D5002003F07BF80546002018
:1052A00003F08FF800210091C1B204232A464FF683
:1052B000FF7006F0F6F9ADF8160008B9192484E07D
:1052C000300018BF641D1034E1B20DF1160005F076
:1052D0008DFC040079D1BDF81420BDF816000097AC
:1052E0000023102105F006FDBDF8140003F069F855
:1052F000310014BF05210021C01B80B20090BDF811
:105300001420C919BDF8160010313B4689B205F0CA
:10531000F1FC310018BF01210020049002900E988A
:105320008DF81810002106AB07F1100503910193C9
:10533000009000230DF11602E9B21020FFF7E2FB06
:10534000040042D1B6B1BDF8160003F03AF8A0F15E
:105350001006F1B205A805F049FC040035D1BDF8EE
:105360001620BDF81400F6B200961023002105F0B7
:10537000C1FC2AE0BDF81600E9B2052605F084FC60
:10538000800648BF0D26BDF8160003F01AF8BDF8D8
:105390001620A0F11005BDF81400ED1B0097102396
:1053A0000021AD1B05F0A6FCE8B20090F619BDF88F
:1053B0001620BDF814001036B3B2394605F09AFC39
:1053C0007F19F9B205A805F011FCBDF8140050B121
:1053D00002F0F7FF00210091BDF81410C3B20022C3
:1053E000484605F01DFC204608B0BDE8F0820000EC
:1053F000FFFFFFFFFFFFFFFFFFFFFFFFFFFFFFFFBD
:10540000704710B504461421FAF770F8DFF8F82950
:10541000226110BDDFF8F4190161704780B5027890
:105420000021521E082A2DD8DFE802F0050D1014C5
:10543000171A1D232900407800280CBF4FF4403173
:10544000DFF8CC191EE0DFF8CC191BE0BDE8024004
:1054500000F0FEBBBDE8024047E34FF0031111E04E
:10546000DFF8B4190EE0417801F5003101F5813122
:1054700008E0417801F5403101F5407102E0DFF8C4
:105480009C0901680846FEF7F7FC00E218B589B0F0
:1054900004462178491E08292DD8DFE801F0050DC2
:1054A00010161C1F222528006078002814BFDFF882
:1054B00060094FF440301FE0DFF858091CE06946EE
:1054C00000F072FBB8B9059816E000F0BBFA90B98D
:1054D00000F020F810E04FF003100DE0DFF838097D
:1054E0000AE000F00BF807E000F00EF804E0DFF847
:1054F0002C09006800E000200AB010BD607800F5BB
:10550000003000F581307047607800F5403000F5DC
:1055100040707047607800F5403000F5807070474B
:105520002DE9F84394B007460025DFF8F468FFF74B
:10553000ADFF3060040008D00BA82421F9F7D6FF96
:105540000BA92046FEF791FC08B12D205AE0D6F8B1
:105550000080A8F54030B0F5803F32D20C9C3878FE
:10556000A946240A022804BF0F98002809D16946D9
:10557000384601F0A9F86946384601F079F84FF04D
:105580000109FEF736FD052804BF002CB9F1000F14
:105590000AD140F201110C91CDF800806A460BA9A6
:1055A0004046FEF76BFC02E0B9F1000F09D08DF820
:1055B0000050684600F0B8F89DF8000008B900F007
:1055C00098F87888E8B107A9384601F07DF803AA71
:1055D000394607A800F022F8706808B1FEF74CFCC5
:1055E000102003A90290019100953A6940F201331D
:1055F0004FF41051301DFEF708FC7168316000B1A6
:105600000125284615B0BDE8F083DFF8141810B165
:10561000086888607047886808607047F8B5074672
:105620000C4684B015462046DFF8F467FFF72EFFDE
:1056300030606088010705D52A463946102006F0FB
:10564000B7FE06E0C00614D52A460821201D00F04A
:1056500068FB706808B1FEF70FFC1020002100F015
:105660004DF9301DFEF7D1FB08B101201BE0706839
:1056700030606088C10701D5002002E0810703D5B2
:1056800002208DF80C0004E0400707D503218DF8B7
:105690000C102A46012103A800F043FB6088002873
:1056A0000CBF2120002005B0F0BD80B5FEF7E4FB63
:1056B000EDE038B584B0044660780D46002807BF99
:1056C0004FF440310391DFF84827039200F048F986
:1056D00000F002F805B030BD1021012002910195C3
:1056E0000090226940F201334FF4105103A8FEF7F5
:1056F0008CBB00B585B0DFF82C07012204908DF833
:105700000C20FEF7B9FB012103A802910190009142
:1057100040F20133002241F2010104A8FEF775FBBB
:1057200000B1012005B000BD3EB5002104468DF852
:1057300000100125019501AB01226946DFF8E4065E
:10574000FEF78DFB10F1880F03D1002020702D2073
:105750003EBD002804BF9DF80010217018BF012035
:105760003EBD80B5407800280CBF4FF44030DFF8D4
:10577000A00687E000B585B0102100916B4610228D
:1057800001A9FEF76CFB30B901A803F019FF401E18
:105790008041C00F00E0002005B000BD18B585B005
:1057A00004461123022200F01AF89DF81000E07060
:1057B000DFF85C06FFF7DEFF60701123062200F0C1
:1057C0000EF89DF81000A0704FF44030FFF7D2FFA4
:1057D000207001F03DFD6060002006B010BD6946FC
:1057E000012001F082BC30B504468BB0DFF82406FE
:1057F0000D460390FEF740FBFFF76EFF08B1012056
:1058000013E01A23082204A9FFF7EAFFBDF81000ED
:10581000010409D440F40040ADF810001A23082216
:1058200004A9002001F061FC00200BB030BD3EB5A2
:1058300004460D4602F04CFA90B101A8FEF798FE1E
:1058400070B1607B810705D5082201A9201DFAF7F8
:10585000DDFF68B900F032FA607B40F0020060734F
:105860006B4610222946DFF8AC05FEF7F8FA00B1C6
:105870002D203EBD80B5007805280CBF4FF00310E9
:10588000DFF89405102200926B46FEF7E8FA00B1AB
:10589000012002BD38B58EB004460D4628237F2274
:1058A0001D2104A8FEF7A6FD049840F400700490A2
:1058B0002178052906D14FF00310039002460DF11F
:1058C000150104E0DFF8502503920DF125010020B9
:1058D00005F048FF00F044F81020012100F00EF818
:1058E00003A8FEF792FA040005D1282304AA7F2119
:1058F0001D20FEF788FD20460FB030BD02900195B7
:105900000091226940F201334FF41051704780B585
:105910000278072A03D14078FFF7F1FDB2E7082AA1
:1059200003D14078FFF7F1FDF8E7262002BD38B536
:1059300084B0044620780D4607280AD1FFF7DEFD23
:10594000039000F00DF8FFF7C7FE00B1012005B08D
:1059500030BD082802D1FFF7D7FDF1E72620F6E792
:105960000398FEF789BA78B595B0054668780C4675
:10597000FF2811D100210022CDE900120121281DAC
:10598000FEF7ABFBFF2806D1002201216846FEF797
:10599000A4FBFF2800D068706878DFF88C14FFF74C
:1059A000BAFD03900398884228BF1A2048D22821C4
:1059B0000BA8F9F79BFDFFF7D3FF10200121029000
:1059C000019400912A69FFF78DFE08B1012037E0AC
:1059D0000822291D0DF14900FDF7FCFA05208DF87C
:1059E0002E00687B0BAA000900F001004002ADF810
:1059F0002C0069780020FEF702FC04001FD16A78B1
:105A00001923192104A8FEF7F5FC04AE307E4106E7
:105A100008D4039A06A9002005F0A4FE307E40F0C9
:105A200040003076687BC10603D5307E40F08000B0
:105A300030766978192304AA1920FEF7E4FC204681
:105A400016B070BD70B58AB005466A7B2D24D607A6
:105A500014D568462821F9F749FD68786946FEF7AC
:105A6000F1FA04001BD108220DF11D01281DFDF7DC
:105A7000B1FA687B40F00200687310E090070ED521
:105A80001209D207120E0121281DFEF726FBFF285E
:105A900004D0697B002441F00101697368702046DD
:105AA0000AB070BD38B504460D46FFF7CBFF08B10C
:105AB0002D2032BD607B810705D500220821201DE5
:105AC00001F020FF60B960786B46102200F540308D
:105AD000294600F58070FEF7C2F908B1012032BDF9
:105AE000284606F081FD002032BD10B50446627BD9
:105AF000900707D51209D207120E0121201DFEF7CB
:105B0000ECFA60706178FF2904D000220120FEF7D2
:105B100076FB08B12D2010BDFFF7FCFCFEF7ACF9B9
:105B2000002010BD10B504468EB001911020002158
:105B300002900091FFF7D5FD08B1012032E0282145
:105B400004A8F9F7D3FC0822211D0DF12D00FDF763
:105B500041FABDF810100398012241F08001059030
:105B6000ADF810108DF81220607B410705D5BDF807
:105B7000100040F04000ADF81000607B010705D533
:105B8000BDF8100040F48060ADF81000607B810724
:105B900005D5BDF8100040F00800ADF8100004A8CD
:105BA00006F03BF90EB010BD7CB50546687B0E468D
:105BB0000124C10723D56878314606F08BF904002B
:105BC0001BD108223146281DFDF704FA307C2873CA
:105BD000317B480603D5697B41F004016973B089C4
:105BE000410503D5687B40F008006873307B0107EE
:105BF00003D5687B40F002006873204676BD8007BD
:105C0000FBD50021ADF80010687B410744BF402060
:105C1000ADF80000687B00F056F86A463146281D52
:105C200006F0BDF908B10024CBE72D24E5E710B557
:105C30008AB00C4601A9FFF7B7FF38B906986B4642
:105C400010222146FEF70BF900B101200AB010BD69
:105C500038B58AB0044601A82421F9F747FC00258D
:105C6000ADF80050607B410744BF4020ADF8000014
:105C7000607B00F028F8607BC1070BD5607801A934
:105C800006F028F988B900F019F8607B40F00200AE
:105C9000607305E06A4601A9201D06F080F920B175
:105CA00004A9201D06F07CF908B92D2004E006980F
:105CB000FEF7E2F800B101200BB030BD082201A9C7
:105CC000201DFDF787B9010705D5BDF8000040F498
:105CD0008060ADF8000070477FB504464F4E3068D5
:105CE0000D46FEF7C9F810210020029101950090A1
:105CF000226940F201334FF410513046FEF785F827
:105D000000B1012004B070BD444880B500686B4606
:105D10001022BAE538B5424C2568FFF701FC256032
:105D200032BDF8B505463E4C20688EB00E4617468B
:105D30006B46102205A9FEF792F80024362002E0F7
:105D4000002CFBD05C20002105AA0DF1040C535C53
:105D500043400CF80130491C1029F8DB09A806F073
:105D60003EFB01AA102109A806F03CFB002C07BF4E
:105D70002A4631463A46102109A806F085FB102232
:105D800009A93846FDF726F9641C012CD8DD0FB0AF
:105D9000F0BD7FB50A9C0093134603940A469DF814
:105DA00024509DF8204001461D4E30680295019414
:105DB000FEF7B1F848B16FF09401401A04D00E38E4
:105DC0000CBF2120012000E02C2004B070BD38B5AC
:105DD0001346134A15680D4C00280A4621462846EA
:105DE00002D0FEF771F801E0FEF77EF850B16FF0D7
:105DF0009401401A03D00E3803D1212032BD2C204B
:105E000032BD012032BD00000001440500444004C1
:105E100001000300020003000400030040320020E0
:105E200084210020100003000C01030070B592B023
:105E30000C460178092908BF002024D0FFF770FB29
:105E40000DA804215FF010020FF2500517A600F014
:105E50001CF803A8FFF7D5FA09208DF80C0021469D
:105E600003A800F005FC03A8FFF75AFB08A80421CB
:105E7000102200F00AF8142208A90DA8FAF7C6FCAF
:105E8000401E8041C00F12B070BD0290019100927F
:105E900004233246012128467BE70000010102036A
:105EA00005080D1522375990E9000000F0E1D2C332
:105EB000B4A5968778695A4B3C2D1E0F2DE9F843FF
:105EC000DFF80C96DFF80C46002577A6BCA70FF28A
:105ED000546811E0641C20780028FBD114F8010FED
:105EE00000281EBFE8B200F0030003280CBF3146B3
:105EF000394600F0DBF86D1C207838B159F8043BC6
:105F0000224641460020F5F7C6FDE4E7BDE8F183EF
:105F1000DFF8C4052DE9F041028940F201530FF288
:105F200064670FF280640FF20868DFF8A455DFF8A9
:105F3000AC65D21A14D0521E15D040F2FF13D21AFB
:105F400014D04FF44073D21A1BD0521E33D0521EBD
:105F500054D0521E00F08280521E00F09880A1E0C2
:105F600006F1680175E006F1A80192E005F19400E0
:105F7000436802680FF2D4510020BDE8F041F5F704
:105F80008ABD0FF2E45100F091F8E86EC0F34000D2
:105F900018B106F1DC0100F089F8E86EC0F38070FA
:105FA00018B106F58C7100F081F8E86EC00F79D059
:105FB00006F5A6714DE006F5C67100F077F895F884
:105FC000680010F0030F01D000F0FCF8A86EC0F3D9
:105FD000C01018B16A6F394600F0F6F80027A86EB5
:105FE000F840C10706D556F82720107810B1214691
:105FF00000F0EAF87F1C082FF1D353E00FF2B05104
:1060000000F054F800F0DEF8A86EC0F3802018B15C
:1060100006F5DA7100F04AF8A86EC0F3C03018B186
:106020006A6F394600F0D0F80827A86EF840C1071B
:1060300006D556F82720107810B1214600F0C4F894
:106040007F1C102FF1D395F8680001062AD106F5C0
:10605000FE710020BDE8F041F5F71DBD0FF268515B
:1060600000F024F800F0AEF81027A86EF840C10741
:1060700006D556F82720107810B1214600F0A4F874
:106080007F1CFFB21A2F0DDA202FEED30AE006F59F
:106090000C7100F00BF82A6C41460020BDE8F0417D
:1060A000F5F7F9BCBDE8F0810D0A00000020F5F716
:1060B000F2BC2DE9F84FDFF81854686B84B0410743
:1060C00008D5E96C4FF000090FF21856EF6B0391F9
:1060D000CA4608E0A96C0FF21456AF6B0391D5F8CD
:1060E0005090DFF8FCA300074CBF0FF208520FF2EC
:1060F0000C52BAEB090407D003996423600803FB30
:106100000101B1FBF4FB01E04FF0000BDFF8D48399
:106110000297CDF804A0CDF8009033464146002008
:10612000F5F7B9FC03A9A4B20A88019400961FFAF6
:106130008BF308F134010020F5F7ADFCBA4528BF18
:106140004F4504D232460FF2BC4100F03DF8002129
:10615000002205F15C03D4B253F8240000B1012100
:10616000521CD0B20328F6DB5BA4F1B108F1700138
:10617000FFF79CFF002659A74FF0000805F15C00CF
:1061800050F8261021FA08F1C80704D508EB46128A
:10619000394600F019F808F10108B8F1200FEDDBDD
:1061A000761C032EE8DB214601E00FF27841FFF771
:1061B0007DFF214605B00020BDE8F04FF5F76BBC30
:1061C0002C2000002A6C41460020F5F764BC7CB509
:1061D00006F025FA054606F01DFA0024002025FAEF
:1061E00000F1C90704D4401C82B2102AF7D304E09E
:1061F0000FF25C4180B231F8104006F077FA00905F
:10620000B548B9494CF23C324FF20F03062C0FD17E
:10621000BDF802409C4207D1BDF800301B0A0C2B90
:10622000B8BFBDF8004001DB4FF4C0640A800DE048
:1062300040F20725AC4201BFBDF802609E42BDF8A6
:106240000030AB4202D10A802C4608E040F20172D5
:10625000944204D1A549D1E90023C0E90023048177
:1062600073BD9D48008970479B480089000A7047AC
:1062700099480189080AC9B221B901280BD140F017
:10628000800070470728FAD8DFE800F00504070906
:10629000090B0D0FF3E7002070470920704702201B
:1062A0007047032070470B207047062070478A48CC
:1062B00001898F48090A0C2938BF00EB810070471B
:1062C000854800898B49020A51F8223000F0FF000E
:1062D00003EB8000704700000A00000020257500D5
:1062E00010B5044606F07AFB5FF000504FF20F0144
:1062F00004804180BFF35F8FBDE8104006F07EBB95
:1063000042DE704738B504460D462B4622460FF252
:106310002C310020F5F7BFFB06F0E9FB06F05EFB31
:1063200029462046BDE83440EAE72DE9F043724AA9
:10633000136867494FF420604B65146A00238C652D
:106340006E4C54F8238001EB83055B1CC5F85C8020
:10635000032BF6DB536A8B66946ACC66D36A0B67B1
:10636000146B4C67926B91F834308A675A074CBFB4
:10637000D1F83CE0D1F838E00022614FCA6474469D
:106380000F6501F19002DFF87C81DFF87C915F4BB3
:10639000BE4524BF0EF12005AB421AD3DEF81860CB
:1063A0000E64DEF81C504D644D6DC5F30805062DD6
:1063B00015D14E4513D3464511D236884DF6426568
:1063C000AE420CD1086850604868906040F201709D
:1063D00005E000240C644C643C4600E03F1D3E4652
:1063E0009E4203D23D68B5F1CD3FF7D0484FBD1B6B
:1063F00000278D64BC4600F08FF87F1CFEB2062E8D
:10640000F9D300279C422ED253F804CDCC45F9D3C2
:10641000C445F7D25FEACC75F4D54FF0000E01F118
:106420007C0555F82E60664504D00EF1010EBEF1D4
:10643000060FF6D3BEF1060FE4D1FDB2002D0CBF5E
:1064400005277F1E00F068F8DCE7CB6F002401F120
:106450007C0501EB8406D6F8806045F82460641C56
:10646000042CF6D913603B465F1EDBB2002BECD147
:10647000496DC1F30801032910D0042911D0052961
:1064800012D0062913D00C2917D03A2918D1214946
:106490000B689A0719D540F2025016E040F6012029
:1064A00013E040F6022010E040F603200DE0B0F5C6
:1064B000206F0AD140F6042007E040F6052004E0F2
:1064C00019B15C2938BF40F60720BDE8F083000011
:1064D00098580020386D000880470020446A000862
:1064E00000100020986C0008020000202C590020A9
:1064F000046E0008586F000804ED00E000E300E0BF
:1065000000000020D029040820B800080010002056
:10651000001000201840005B01F17C06FDB246F837
:1065200025C070472573203D2025346C780000007D
:10653000496E737472756374696F6E2061646472FE
:106540006573733A2025346C780A000052657365D0
:10655000742063617573653A2041737365727420AA
:1065600025733A256C640A00526573657420636173
:106570007573653A2048617264204661756C740ACF
:1065800000000000496C6C6567616C2061636365A5
:10659000737320616464726573733A2025346C7878
:1065A0000A000000434653522E25730A00000000E3
:1065B00052657365742063617573653A2042757323
:1065C000204661756C740A005265736574206361BE
:1065D0007573653A205573616765204661756C7403
:1065E0000A00000070726F63657373006D61696EFD
:1065F00000000000546872656164000048616E64C8
:106600006C6572005350206973206F7574736964F0
:106610006520257320737461636B2072616E6765FA
:10662000210A00004E6F20696E7465727275707475
:1066300073206163746976650A0000000D0A5B418E
:1066400053534552543A25733A25645D0D0A0000B0
:106650000104010303060105010501090600060BFB
:106660000000070B050B0000000000000000000008
:10667000212280B5002818BF002901D043880BB122
:10668000212002BD03785B1E082B1BD8DFE803F036
:1066900005080B0E111114141700FFF70AF810E08B
:1066A000FFF7A1F80DE0FFF73DFA0AE0FFF75BF90D
:1066B00007E0FFF7EFF804E0FFF739F901E0FFF733
:1066C0000BFB0246104602BD38B50C462125002CB6
:1066D00018BF002801D1212032BD0178491E0829A8
:1066E00022D8DFE801F005090D11151519191D0053
:1066F0002146FFF736F816E02146FFF798F812E03A
:106700002146FFF794FA0EE02146FFF7CBF90AE0A5
:106710002146FFF7AFF806E02146FFF7F8F802E060
:106720002146FFF7F1FA0546204605F05DFF2846B1
:1067300032BD78B585B005460C4600F00AF8042154
:106740008DF800100CB100F080F88DF80150314642
:1067500076E016466846FEF754BEF8B500F08BF8B2
:10676000042000F09FF8FFF7AFFF20B93946284614
:1067700000F039F800B12D20F2BDF8B504460F46FF
:1067800016461D463846FEF73CFE0420387024B1FC
:1067900008222146381DFCF71DFC787B40F00200E2
:1067A00078736EB9002201212046FDF796FC014660
:1067B000FF280CBF2D200020797030B12D20F2BDB4
:1067C00031463846FFF780FFF7E7787B002C40F032
:1067D0000100787318BF002D03D02946384600F019
:1067E00002F80020F2BD70B5002300240025002629
:1067F00081E87800024613782620022B04D00FD3BC
:10680000042B09D004D370BD1046BDE870408CE065
:106810001046BDE87040DBE01046BDE870400AE17C
:1068200070BD002278B585B004460D46FFF791FF94
:1068300003218DF800108DF80D6000F006F8294650
:106840006846FFF715FF06B070BD0822214601A873
:10685000FCF7C0BBF8B500F00EF803202870082242
:106860002146281DFCF7B6FB687B314640F002004C
:10687000687328460CE004460D4616461F46284617
:10688000FEF7BFBDF8B5FFF7F6FF032000F00AF8EA
:10689000FFF71AFF20B939462846FFF7A4FF00B1D9
:1068A0002D20F2BD2870697B6C70284641F00101F3
:1068B00069733146704738B584B00D460446694661
:1068C000FFF702FF20B92A4621466846FEF7A6FEDA
:1068D00005B030BD18B585B00446112306226946BF
:1068E000012000F002FCA0789DF81010814207D032
:1068F0008DF81000112306226946002000F0F5FBF8
:10690000112302226946012000F0EFFBE0789DF898
:106910001010814207D08DF8100011230222694621
:10692000002000F0E2FB06B010BD30B585B0054692
:106930000C4602A801F0AFFF18B9BDF808008106A7
:1069400001D424203DE0002000210022002384E81F
:106950000F006846FDF70CFEB8B1687B810707D5CC
:1069600008226946281DF9F751FF08B12D2028E0BB
:1069700008226946281DFCF72DFB687B40F00200C9
:106980006873218841F008012180208840F00200CE
:106990002080FEF766F8606001F09AF9218820B146
:1069A0000948026841F00401A26008480068C20377
:1069B00058BF41F01001000248BF41F4006121803E
:1069C000002005B030BD00004832002044320020D5
:1069D00038B58AB00446607B0D46C2071DD5607885
:1069E00001A905F077FA20BB002000210022002336
:1069F00085E80F00BDF81000082228800399A960DF
:106A0000BDF8120001A9A8819DF814002073201D73
:106A1000FCF7E0FA00200BB030BD800709D500215B
:106A2000ADF800106A4601A9201D05F0B8FA00284B
:106A3000DAD12D20EFE738B58AB00546687B0C46E1
:106A4000C20704D568786946FDF7FCFA08B12D2025
:106A50001AE008220DF11D01281DFCF7BBFA687B26
:106A60000021002240F0020068730020002384E827
:106A70000F00BDF800002080069940F00400A160DE
:106A800020800598606000200BB030BD0120704769
:106A900018B180220121FDF720BBFF20704730B5DF
:106AA00087B00C46FFF7F4FF0546FF2808BF2D20EE
:106AB00011D019232A4619216846FDF79BFC0822AC
:106AC00021466846FCF786FA19236A4629461920AA
:106AD000FDF799FC002007B030BD80B50021009182
:106AE00000230022FDF79AFD401E8041C00F02BD29
:106AF00038B50C4D29880C4C08237F222046FDF721
:106B000086FC2046BDE8324006F018B806487047BB
:106B100080B508220449F9F779FE401E8041C00F74
:106B200002BD0000F4290408105400200120704721
:106B3000704701207047012070470E20704705F014
:106B4000FEBF06F005B8000038B504460025252C28
:106B500002D2204632BD6D1CA7480090A7480068AD
:106B6000002300220021FCF7C7F9854238BF252DFC
:106B7000EFD2A34850F825108C42ECD1284632BD04
:106B80002DE9F84F9D4D9F4E3168286888B0FBF77E
:106B900095FE04002CD03268516800241068926978
:106BA00013689847316802A88A69916888473268F3
:106BB00002209169CA68904706E00968126900FBE3
:106BC0000410641CE4B29047039831684B68B3FB2F
:106BD000F0F38A699C42F0D3D1680020884730687E
:106BE00081694868804731682868FBF767FE04467A
:106BF0000027854EDFF81492002C5CD1804850F8B5
:106C000027808349C85DC8B1286801AB6A46414600
:106C1000FCF7AAF8484508D000284CD10098012874
:106C200049D028684146FCF773F956F827004146D9
:106C300002682868FBF7DCFF04463CE07549CA5D42
:106C4000754B4FF0000A0792D95D069105E0019857
:106C50000799884211D10AF1010A0698824515DA8E
:106C600000F03BF8484508D00028F4D100980028EF
:106C7000EDD028685946FCF74BF9079B56F82720BA
:106C800028685946FBF7E6FE0400E4D06349C85D76
:106C900088B1DDF818A001E00AF1010ABAF17F0F0E
:106CA00009D200F01AF8484505D028685946FCF783
:106CB0002FF90400F0D07F1C252F9DDB601E804142
:106CC000C00F574908702A68107C10B1C52100F028
:106CD00039F8204609B0BDE8F08F28680AEB080BA8
:106CE00001AB6A465946FCF73FB8F8B500F05AF8D0
:106CF000252819D24A4A117861B100F060F859B1DB
:106D00005CF820102A462046FBF7B3FF040018BFAA
:106D100005F029FF2046F2BD7F2F08BF002700F0B5
:106D200046F8FBF7DEFEF1E7B0F5807F06D381B2CF
:106D30003346FAB22846FDF76AFBEBE7FB2100F089
:106D400001F8E7E737A0FFF7DDBAF8B500F02AF859
:106D5000252819D2324A117861B100F030F859B1C2
:106D60002A685CF820102046FBF742FF040018BF99
:106D700005F0F9FE2046F2BD7F2F08BF002700F086
:106D800016F8FBF767FEF1E7B0F5807F05D33246D2
:106D9000294680B2FDF744FBECE740F23511FFF7DE
:106DA000D1FFE7E70F4615461E460024CCE65CF807
:106DB0002000FFB2334639182A4620467047144B4C
:106DC000195C0E4A1468DFF838C0704710B5FFF739
:106DD000BBFE134A1178002459B1094951F820101B
:106DE000064800680022FBF776FF040018BF05F094
:106DF000BAFE204610BD0000FFFF0F0088100020E3
:106E0000646200088C100020F06500080BE000F0C0
:106E1000F8620008486300087063000820630008F7
:106E20006A580020736C5F746F6B656E5F6D616E86
:106E3000616765722E630000DFF800F0E117002043
:106E4000BCB5044610461A467F2808BF00204BF206
:106E5000346741F2F015B94218D108237F2241F27C
:106E600002016846FDF7D3FA5FF008029BA168466D
:106E7000F9F7CCFC28B908237F2229466846FDF79C
:106E8000C6FA0099216001996160B3BDA94217D18A
:106E900087490868496800237AB3DDB260555B1CF6
:106EA000000A521EDDB2042DF6D3D8B2082824D22F
:106EB000002A1FBF2154090A521E5B1CF5D1B3BD25
:106EC000C1F30B0301F4704500FB0230B5F5805FA0
:106ED00008BF00F17E610DD001F47043B3F5005F8F
:106EE0001CBF01F47041B1F5405F06D100F10060B4
:106EF00000F5BF112046F4F757FDB3BD70B50D4640
:106F000016461C0001D1212070BD4BF2346188422D
:106F100011D1082C88BF082423467F2241F20201A8
:106F20003046FFF78DFF22466CA13046F9F76EFC24
:106F300038B941F2F01081B22346EAB23046FFF789
:106F40007FFF002070BDF8B504460D46D00703D47E
:106F5000560814F0030F01D00120F2BD2046002195
:106F600000E0491CB14206D250F8042B12F1010F87
:106F7000F7D03D20F2BD002705F0F6FD01E0241D0D
:106F80007F1CB7420FD22888698804222D1D40EA51
:106F90000140694600902046FFF74EFF0028EED0E2
:106FA00005F0EEFDE5E705F0EBFD0020F2BD000089
:106FB00080B55FEA5202FFF7C6FF30B140F26F11B1
:106FC0003FA0BDE80440FFF79DB901BD2DE9F8439E
:106FD00005461446002689466FF00F070FF2E008B9
:106FE000EA0703D540F2C51100F066F8E00703D5C3
:106FF0004FF4E37100F060F805F47041C5F30B0045
:10700000B1F5805F0AD100F17E66A019401E2949C2
:107010003746884214D340F2CB110FE0B1F5005F40
:107020001CBF05F47045B5F5405F05D100F1006661
:1070300006F5BF16374603E04FF4E97100F03CF85F
:10704000002507E0785DFF2803D04FF4EE7100F0D3
:1070500033F86D1CA542F5D316F0030F0DD039F8A7
:10706000020B4FF6FF71042241EA0041B01EB61C2C
:1070700000916946FFF79CFFA41E14F0030F0DD08A
:10708000A41E600839F810100422A01941F07F41B5
:1070900041F47F0100916946FFF78AFF24B122463F
:1070A00049463046FFF784FF0020BDE8F283000028
:1070B0004880E00F0004E00F4046FFF723B90000CE
:1070C000736C5F746F6B656E5F6D616E7566616327
:1070D000747572696E672E6300000000FFFFFFFF8A
:1070E000FFFFFFFF4A4800F0C6BFF8B504460D4653
:1070F000474801881646B9B1464A1078A0B900221F
:10710000454F01E012183F1DB87868B1B7F800C0CC
:10711000B445F7D1601E8041C00F0090BB78D2B259
:10712000284603F07DFDF1BD3CB13146284601B053
:107130000022BDE8F040FDF75DB92A460021304647
:10714000FDF761F93046BDE8F24005F035BD2DE9A7
:10715000F84388B08146304E00272D4D1FE00020B7
:107160000BE0B6F800805FEA0900F8D02346002261
:10717000414601A8FDF73EF90120298800902346E9
:10718000FAB201A803F04CFD5FEA090005D12346DD
:1071900001AA00214046FDF736F9E719361DB478FB
:1071A000002CDED109B0BDE8F08310B5184C208862
:1071B00008B9022010BD0020FFF7C9FF0020208081
:1071C000FF21144A117010BD38B5124C20780021EF
:1071D000114AFF2803D0022032BD0918121D9078F1
:1071E0000028FAD10022C9B2094D01F0F7F9288030
:1071F00030B1002121700120FFF7A9FF002032BD2E
:10720000192032BD02480188481E8041C00F7047D6
:10721000DA570020C3180020D476000880B5042374
:10722000042269460120FFF760FF0098DFF8E813A9
:107230000003086001BD10B5DFF8DC4320680105DC
:1072400004BF0420FDF7E1F82068411C216010BD57
:10725000DFF8C40300687047DFF8BC2380B5002066
:1072600010600090042304226946FFF73EFF01BD31
:1072700000B585B01123062269460120FFF735FFCE
:107280009DF81000DFF89413DFF89423087010784D
:1072900000281CBF0528002002D1FEF7B1F801200C
:1072A00005B000BD70B50C46114606462278DFF8E1
:1072B00070331878550905F0010502432270280043
:1072C00018BF611D08223046FBF784FE0422611CB2
:1072D00006F10800FBF77EFE2078002D307314BF06
:1072E0000D200520217801F01801082908BF401C55
:1072F000C0B270BDF0B585B004460D4616461F46B7
:107300000D2101A8F8F7F2F8284601F05AF8831B7E
:10731000D8B20E28A8BF0D2300200090DBB2324661
:10732000294601A803F07CFC3A4601A92046FFF754
:10733000B9FF9DF8042004463146284603F0BBFC03
:10734000204605B0F0BDF8B506460F46154601F0DB
:1073500038F8C41B00200090E3B23A463146284674
:1073600003F05EFC0121304601F092F888B1012162
:10737000304601F08DF8064601F023F8074600205C
:1073800031460090E6B2FBB20022A81903F048FC97
:107390003C19E0B2F2BD2DE9F84F80460D46164685
:1073A0001F46DDF828A00B9C01F00BF801215FFAC5
:1073B00080FB00913B462A464146304603F030FCB4
:1073C000012140467E1901F063F8D8B10121404601
:1073D00001F05EF88146781958450DDAABEB0505EA
:1073E0000120ED1B0090EBB2F2B24146504603F093
:1073F00017FCE8B28244641B01210091E3B2002231
:10740000494604E0012000902346F2B2414650462E
:1074100003F006FCBDE8F18F2DE9F847ADF5037DDB
:107420000746884615461E4643AA29464046FFF7AA
:107430008AFF031FF92B3BD2AE4239D3041F761BC0
:10744000E4B2F6B2DDF8309238000ED0A6420CDA83
:1074500004200190A01B43A9C0B28A190090029297
:10746000002301214846FEF794FC380008BF264659
:1074700003A80421DDF834A2029001910094334660
:1074800043AA01214846FEF784FC03A80422514682
:107490000019F9F7BBF958B947B1019443A8009016
:1074A0000023002229464046FFF775FF012000E037
:1074B00000200DF5047DBDE8F0872DE9F047C8B048
:1074C000054628888A469146012100F0E1FFADF883
:1074D0000C002988534B4A4604A8FFF70BFF08AA63
:1074E000514600EB09042888E4B2FFF72CFF06465A
:1074F000B04608EB0A00A04207BF37463446A4EB6B
:107500000A04274608A80421029001910096FBB2C4
:1075100008AA012104A8F61BFEF73BFCF6B208A856
:10752000E4B20196204400902888FBB208AA514694
:10753000FFF731FF2888494603F0A6FB00F0F80268
:107540002888494603F0B7FB08A800EB0804288800
:10755000012100F09DFF68B101230422214603A808
:1075600001F072F80446BDF80C202888012100F0D3
:10757000A2FF06E0012304222146284601F064F818
:107580000446601E8041C00F42E02DE9F8479A464C
:10759000C7B00446884691465746224AE11903A8D7
:1075A000FFF780FE50445FFA80FAA8EB0A06042039
:1075B000AAEB0905F6B20190701907A9C0B20291B1
:1075C0000090EBB2EDB204EB090200F02DF807A831
:1075D00040198119042204EB0800FBF7FBFCE15D74
:1075E000324607A801F0F801E15504EB0A01FBF768
:1075F000F1FC07A80421029001910096002307AA3C
:1076000000F012F8324607A904EB0A00FBF7E2FC8F
:1076100048B0BDE8F08700005432002047580020F1
:107620004658002010540020012103A8FEF7B1BBEA
:107630002DE9F84B8946C7B0804615461C46012106
:1076400000F026FF834623462A46414603A8FFF75B
:1076500051FE441907AA49464046E4B2FFF773FEBB
:107660004C45A1BFA4EB0904E4B2211D8842B8BF78
:10767000002038DB0421001B0191061F311907A8E7
:10768000C9B202900091234607AA0021FFF7CDFF5F
:1076900060BBF6B207A8019620440090234607AAD3
:1076A00049464046FFF777FE2946404603F0ECFA8C
:1076B00000F0F8022946404603F0FDFA0121404659
:1076C000012700F0E5FE002814BFADF800B0ADF8CA
:1076D0000080BDF8000000F074FE011FC9B26846CA
:1076E00003F084FA384648B0BDE8F08B0027F9E78C
:1076F00020B500210FF2FC22CBB2D35C834204D030
:10770000491CCDB2082DF7D301E0012020BD002097
:1077100020BD000020B50021B8A2CBB2D35C8342CB
:1077200004D0491CCDB2082DF7D301E0012020BDC3
:10773000002020BD8248B0F8E400704781487047BF
:107740008148007870478148007870477F49087009
:107750007047014638B57E4801707E4C7E4D7F48AB
:1077600002291CBF042905291BD12278042A0BD029
:10777000002102F08AF82078032818BF042803D0DB
:107780000021284602F081F875480068810006D57E
:10779000C00054BF40F611444FF4416413E0152477
:1077A00011E002F0C5F8284602F0C2F805F058FAD8
:1077B0002078032818BF042802D105F040FC01E01E
:1077C00005F08CFF1624204606F014F820B9204658
:1077D000BDE8324005F0EEB931BD5D48007800F0FB
:1077E0000F0070475A48017801F00F01022901D1BA
:1077F000012070470020704780B505F0DFF9A8B17F
:1078000005F035FA90B1574806F082FD70B1564840
:1078100006F07EFD50B1FFF789F938B105F0FAFFA7
:1078200020B95248BDE8024001F0F4BF002002BD7B
:1078300038B592B005460C0003D018212046F7F762
:1078400055FE8DB11023072269460120FFF74DFC3C
:107850009DF80500A8B1072813DA45490A789DF874
:1078600004108A420DD1287034B33948007800F0F2
:107870000F01022918BF032805D0042818BF0528C6
:1078800001D0172019E000F0F7FA00F097F8BDF8E2
:10789000040020819DF80200A0729DF8001020468F
:1078A000E17208F009F90020207304F1140104F1D9
:1078B000100008F04AFAE081002013B030BD38B55E
:1078C0000546234800780C4692B000F00F010229CB
:1078D00018BF032804D004281CBF052817200FD187
:1078E00000F0CAFA01466A46284608F089FC9DF86D
:1078F00002000021207061709DF80000A07000203F
:1079000013B030BD10B5002300E05B1CDCB28C422C
:1079100005D210F8014B9442F7D0002010BD012091
:1079200010BD082108F0D4BF0948007801281CBF09
:107930003128332801D10120704700207047000012
:10794000945200207A5300204958002046580020C5
:107950004258002041580020BC320020F011002085
:10796000443200200E580020F25700208C51002095
:107970006558002070B5054692B02946002009F0F0
:107980008CFA04000DD100F077FA06466A463146BB
:1079900000F016F88DF802506A463146002008F0D3
:1079A000AFFB204612B070BD80B592B000F064FA13
:1079B00000F004F89DF9020013B000BD01466A46CC
:1079C000002008F01DBC80B592B000F055FAFFF71A
:1079D000F5FF9DF8000013B000BD0AF05FB901206B
:1079E000704700207047E0B5684609F005FA9DF839
:1079F00003000EBD0001020304051D20020304055F
:107A000008090A0B10B500F07DFA0AF0D3F910202E
:107A10000AF05CFADFF82043000615D500200AF0D2
:107A200055FA000610D5616888071DD521688807BA
:107A30001AD5DFF808030AF06CFA01200AF00CF8F6
:107A4000FCF7BEFC98B110BD10200AF03FFA00060A
:107A5000EFD400200AF03AFA0006EAD56168C807B8
:107A600002D521688807E4D440F6154010BDFFF721
:107A70003FF8DFF8CC0201F046FE05F0C3F80AF04B
:107A80009BF90AF094F90AF0F7FE0AF02BFF0BF0CD
:107A9000A7F800F07DF900F08BF90BF057F90CF026
:107AA000D9FE0CF0DAFE06F0D8FBDFF898020CF0F5
:107AB000D5FE0DF02BFA04F08DF908B10DF062FA45
:107AC000002010BD80B50DF0ABFA0DF0F2FB09F00F
:107AD000BDF8DFF8740206F01BFC08B90BF0F0FBF0
:107AE0009A4806F015FC08B90EF086F80EF08AFBED
:107AF0000DF0BCF8924801F099FE954800780428F2
:107B00001CBF0528062809D1924801F023FE28B1A0
:107B100000F00DF8102808BF0EF046FDFFF708F83A
:107B20000FF00CF98C48BDE8024000F0FBBA10B52C
:107B300005F065F828B10FF098F9441EA441E40F50
:107B400000E00124002009F088FF08B144F004049B
:107B500005F034F838B17C4806F0DAFB18B17B4800
:107B600006F0D6FB08B944F002047C4801F0F2FDAF
:107B700008B144F02004774801F0ECFD08B144F06E
:107B80001004774801F0E6FD08B144F04004754860
:107B900001F0E0FD08B144F40074734801F0DAFD2F
:107BA00008B144F40064A0B210BD000080B505F037
:107BB00026F820B940F2911171A0FEF7A3FBBDE8B1
:107BC000014005F051B8704770B504460D464FF6B8
:107BD000FF762E805E480078032818BF04280CD05A
:107BE00020460FF0BBFAB04203D12E8020460FF0A2
:107BF000ECFC28802888B04203D120460AF01BFF05
:107C000028802888B04201D12D2070BD002070BD91
:107C10007FB50D464FF6F8710446884228BF012013
:107C200054D200F055F8844202D108224F490EE0A8
:107C30004F48B0F8E42094420DD100F1E60600224E
:107C400008213046FFF75EFE28B908223146284653
:107C5000FBF7C0F931E0200007D1464801788A07D8
:107C600003D42846FCF784FC38BB39480078032845
:107C700018BF04280DD0204610F07CF8FF2803D050
:107C8000294610F08FF8C0B92946204604F070F854
:107C9000E0B10020009000230122002120460AF0DC
:107CA00043FDFF280BD069460AF0A3FC38B908222F
:107CB0000DF105012846FBF78DF9002006E0294665
:107CC00020460AF0FAFE401E8041C00F04B070BD8D
:107CD00080B592B000F00CF8BDF8060013B000BDFE
:107CE00010B592B000F003F8ADF8064013E004467A
:107CF0006A460021002008F083BA80B592B0FFF7F1
:107D0000F7FFBDF8040013B000BD10B592B0FFF747
:107D1000EEFFADF804406A460021002008F0F0F9BB
:107D200012B010BD144800787047134908707047AE
:107D300012480078704700001C80E00F690345EC92
:107D40008C510020ADB801080E580020F2570020D9
:107D50004158002020110020FC7600081412002059
:107D600074130020B0110020901100201054002046
:107D7000945200204432002065580020B81800209A
:107D80007A69676265652D737461636B2E630000A9
:107D900010B508212B48F3F703FE2B4C08F096FD95
:107DA000207008F093FD607028480178A17010BD24
:107DB00080B592B06A460021002008F021FAB0B9DF
:107DC0002349244A0A910B922349244A0C910D928B
:107DD00010912348234A24490990244B0F92119172
:107DE0000E936A460021002008F08AF900B10120B4
:107DF00013B000BD80B5002000F018F828B10020B5
:107E000000F005F808B1002002BDFF2002BD1848AF
:107E10000078022818BF112804D043281CBF04286A
:107E2000052801D1012070470020704711480078D3
:107E300001281CBF0228032801D10120704700201F
:107E4000704700007A53002044580020B1180020E9
:107E500005CE010845B50208EDC90208AB4203088A
:107E600075CC0108814602080363020889CB020829
:107E700042580020415800200020704702207047DF
:107E80000020704733B585B004468DF80420FFF715
:107E90002FFC05462046FFF73DFC7DB10028BDF8CC
:107EA00018000FD1FFF79DFD8DF80000FF2804BFDB
:107EB00000218DF80010CDF808D016E0A8B106A872
:107EC000029012E0FFF78DFD8DF80000FF2804BF3F
:107ED00000218DF800109DF80000BDF8181003AACD
:107EE0008DF80C00ADF80E100292DDE9010100F0F2
:107EF00003F807B030BD00000A460146204610F0E6
:107F00004DB8000038B5DFF8484804F1180104F115
:107F1000140010F0C5F8A0690FF6580500281CBF22
:107F20006069002803D1D2212846FEF7EBF9A16948
:107F30006069490800EB4102A060E260206118B16D
:107F400000F009F8652805D22846EC21BDE8344048
:107F5000FEF7D8B931BD10B5DFF8F447E068226903
:107F6000904203D24FF4817100F08EFAE0682269EA
:107F700000E0A2684FF6FE71801A084010BDDFF8DD
:107F8000D0178A68904203D30969884200F059BB30
:107F90000020704780B510B1FFF7F1FF00B101205C
:107FA00002BD30B1DFF8A8279168401A4010401C8C
:107FB00080B27047010001D100207047DFF89017B0
:107FC0008A6802EB4000801E70474088C0F30C00B6
:107FD000C01C80084000001D704710B50446FFF724
:107FE000F4FF04EB4000DFF868170A694FF6FF74EE
:107FF00000E0801C904202D20388A342F9D010BD59
:108000002DE9F8438046DFF84847E08888B3B8F8A0
:10801000020001042DD4DFF83C7738680FF2487174
:108020000FF2507910F060F818B940F2C31100F067
:10803000BBFA002504E010F057F880B16D1CADB21A
:10804000E088854203DB40F2C51100F0ADFAE0693B
:10805000396800EBC50630680028ECD13160B08883
:10806000401CB0804046FFF7B0FFF18801EB4000B4
:10807000F080BDE8F183F8B50446DFF8D406007857
:10808000012820D12088FFF795FF05002DD002267A
:108090002C46F5F75DFB07462046FFF7B1FF6088E9
:1080A00040F40040608034F81600FFF783FF044678
:1080B0003846F5F753FB14B160880104E9D5761C06
:1080C000042E12D2E4E702280FD1F5F741FB054652
:1080D0002088FFF76FFF18B10088C0F30E002080E2
:1080E0002846BDE8F240F5F739BBF1BD38B5044686
:1080F0000D46FFF76AFF61884004020CC1F30D01D1
:10810000618021462846BDE83840FAF763BF10B5C4
:108110000C4601E0FFF761FFA04202D241880A0449
:10812000F8D510BD2DE9F14FDFF82456002092B0AC
:10813000A880F5F70DFB6A8801212970ADF80020B1
:108140002A69002169800192F5F708FBE988E8694E
:10815000C900F7F7CBF96846FFF78DFF129848B1D1
:10816000002401E08047641C1298E1B250F821001D
:108170000028F7D10024AF684FF001080DF108097D
:1081800006E00BF1010B5FFA8BF004281DD3344697
:10819000019EB74200D394B324B1641EE4B259F8EF
:1081A00024A004E03846BA46FFF717FF0746BAF89E
:1081B000020000F44041B1F5004FE9D140F48040A5
:1081C000AAF802004FF0020B26465FFA8BF03AF84D
:1081D0001000FFF7EFFE0400D3D060880104D0D474
:1081E00040F4004060802046FFF70AFF102EBDBF1C
:1081F00049F82640761CF6B24FF00008C1E7B8F106
:10820000000FB7D0AF68BB46B84619E0388800F415
:10821000004011E03846FFF7D8FE04467888010494
:10822000F4D55846FFF7BDFE39880BEB440B07EB3E
:10823000440801F400410843388000F08FFA0746F3
:10824000B742E7D3022028706846FFF714FF129860
:1082500048B10026044601E08047761CF0B254F88D
:1082600020000028F8D1AC68274613E04FF002093F
:1082700037F81900FFF79EFE20B10088C0F30E000A
:1082800027F8190009F10109B9F1040FF0D300F042
:1082900065FA07464745E9D30AE00446FFF79DFE25
:1082A0004146FFF734FFB842F7D3B7422ED15446C8
:1082B00044454AD22046FFF790FE8246002CF6D075
:1082C00060880104F3D500F05AF8A04204D1608818
:1082D000C0F30D006080EAE704D201462046FFF7B4
:1082E00005FFE4E7264607E05046FFF776FE4146E5
:1082F0005446FFF70CFF8246C24507D2BAF8000089
:10830000C0F30E00FFF756FE8245EDD334B100F006
:1083100036F801001CBF2046FFF7E8FE274630462E
:10832000C1E72046FFF751FE06465846FFF739FEE3
:108330000746720021465846FAF74CFE002239469D
:10834000684606F003F80BEB460BF5F701FA064614
:108350000021A81C06F050F8FFF72CFE040006D1FF
:10836000BDF800000021C5F810B0688029703046C3
:10837000F5F7F4F9002CD4D113B0BDE8F08F2088C4
:10838000C0F30E0016E680B5FFF714FEBDE802400C
:1083900000E610B5040012D0FFF7F5FF18B940F25F
:1083A000BA4100F071F82046FFF704FE38B10188A9
:1083B0000A0402D5D0F80A0010BD083010BD002014
:1083C00010BD10B5010013D0FFF7F4FD0446FFF710
:1083D000E1FD18B940F2D44100F056F844B12088CC
:1083E000010401D5208910BD6088C0F30C0010BDC8
:1083F000002010BD2DE9F04105460E46FFF7DAFDDD
:1084000004003FD00FF26C37FFF7C4FD18B940F2FB
:10841000E74100F075F82846FFF7D3FF8046204675
:10842000FFF7DBFD054646452CD003DB40F2EF416C
:1084300000F066F82088010448BF268122D46680B7
:108440002046FFF7C2FD04EB4004F5F781F9DFF8A1
:1084500000130A692E1BB6B2954204BF0C610026B8
:10846000F5F77CF9082E06D231462046FF22BDE8FA
:10847000F041F3F7A5BA08212046F3F791FAA6F1E7
:1084800008006080BDE8F0810FF2E820FDF73ABFF8
:1084900038B50D46FFF78EFD04000AD0FFF77AFDD0
:1084A00018B940F22C51FFF7EFFF04EB450080882C
:1084B00032BD002032BDF8B50D461646FFF77AFDF5
:1084C00004000FF2B02714D0FFF764FD18B940F292
:1084D000375100F015F83046FFF76CFDFFF75AFDF5
:1084E00018B94FF4A76100F00BF804EB4500868043
:1084F000F1BD384640F23C51BDE8F440FDF702BF03
:108500003846FDF7FFBE2DE9F84F824688460FF248
:1085100064290FF04CFE18B940F2775100F044F88E
:108520000AF1030189084F003F1D0024DFF82052A3
:10853000BFB2EE68BAF5005F03D340F27E5100F09F
:1085400033F8F5F705F98346286A296908B9711ADD
:1085500003E05FEA080202D0411A4E1008E0301A28
:108560004010064680B218B940F2A25100F01CF843
:10857000B6B2BE4211DB2C6904EB47002861286AC1
:1085800028B1B8F1000F04BF00EB47002862A4F83F
:1085900002A00020A080E08020805846F5F7DEF899
:1085A0002046BDE8F24FFCE44846FDF7ABBEF8B507
:1085B00004460D46164600210A20FFF7A4FF074691
:1085C000FFF7F8FC48B10681C0F80A40018841F481
:1085D00000410180C0F80E503846F2BD70B5044627
:1085E0000D4611462846FFF78EFF06463CB1300087
:1085F00005D0FFF7CEFE2A462146FAF7EBFC3046BF
:1086000070BD38B50446F5F7A3F8054600222146AB
:10861000514805F09BFE2846BDE83240F5F79EB86C
:1086200038B5F5F795F8044600214B4805F0E4FE0F
:1086300005462046F5F792F8284632BD4448418861
:10864000481E8041C00F70472DE9FE4F0446208828
:10865000884616469B46FFF7ADFC0746FFF79AFC97
:1086600018B940F2E661FFF70FFF3888354601047C
:1086700003D538892D183D8167E000F073F801902B
:1086800000F06CF88146F5F763F800968246304EAC
:10869000306981451DD1FFF75EFCA84203D25046E8
:1086A000F5F75CF821E001982D187D80BBF1000FF3
:1086B00008D02088FFF76DFE019B009A41461844C0
:1086C000F3F772F900F04AF830615046F5F746F8D2
:1086D0003BE05046F5F742F800F044F82D18002131
:1086E000A8B2FFF710FF070001D11A202EE000F01A
:1086F00039F805462088FFF74CFE06463846FFF756
:1087000048FE2A463146F3F74FF9BBF1000F3846D1
:1087100009D0FFF73EFE00F024F8009A41462844B5
:10872000F3F742F907E0FFF734FE00F01AF800997A
:108730002844F3F735F920880121FFF7A9FE024606
:1087400001213846FFF7B7FE27800020BDE8FE8FE5
:10875000D453002088140020D65300203846FFF759
:108760003CBC054620882CE6756E636C61696D65BE
:10877000640000006275666665722D6D616E6167EA
:10878000656D656E742E6300DFF8001C70B50446DD
:108790000878268808B1022070BDB00504D504F120
:1087A000120000F00DFFF0B906F08600862801D116
:1087B000232070BD00F0F7FEDFF8605C16F4045F64
:1087C0001BD0B0040AD52E60A01C0FF043FD00287A
:1087D00041D12E6826F4005646F480762E60A01C07
:1087E00000F0EEFE08B1292070BDFEF7A2F92E6858
:1087F00008B946F4803646F0200646F40046700676
:108800004CBF04F1230200222E60A31C314647F224
:10881000FF10FBF70BFE286840F2727606EA10465E
:10882000C00448BF46F0200606D44FF6DF7006406D
:10883000FEF712FDFCF728F9304600F00DF8286825
:10884000810506D594F82210012204F1120000F0EF
:108850009FFD00F02BFE70BD10B5044640F2727013
:1088600000EA04010023002209044FF07F60FBF7B7
:10887000DDFDE00703D500213020FBF717FE0020C7
:1088800010BDDFF8981B0A6840F2727303EA1243C6
:1088900003800020704710B504460A21F3F780F8E2
:1088A000DFF8782B106800F0FF01820648BF41F026
:1088B0001001218080075CBFA01CFBF759FE00F06F
:1088C0002CFB18BF032805D0042818BF052801D0A9
:1088D000172010BD002010BD38B504460D46FEF728
:1088E000C7FC10B940F6084032BDDFF86C1C0878B0
:1088F000A0B1DFF8281B0868020402D440F60B4040
:1089000032BD5DB110F0420F08BF002C04D000F45E
:108910004070B0F5407F01D0232032BD002032BD31
:108920002DE9F34F95B005461E46232105A8F6F71D
:10893000DDFD284602F028FC0146284602F0A4F995
:108940008DF80800284602F0F8FE814699F80100EB
:108950000027810748BF01279DF80800810648BF0E
:1089600047F00207284602F0AEFC82462846FFF791
:1089700028FDA0EB0A005FFA80FBBBF1240FA8BF23
:10898000232000210091C3B25246294605A802F0D7
:1089900047F99DF814000DF11408DFF8BC1B009096
:1089A00098F8010007F002040190087800B300F085
:1089B00052FE002814BF4FF4D0704FF4F0700099AD
:1089C000C840C00714D59CB908290ED101980428C5
:1089D0000AD10AF0F6F900281CBF0098052811D02A
:1089E000112818BF10280DD094E20529F1D091E28A
:1089F0000098102801BFDFF8941908784128002E4C
:108A0000E7D187E202AB5246294605200FF056FC1B
:108A10000028F6D00099DFF8580C0078491FBDF8FF
:108A200058600D29EDD8DFE811F00E006F019101BB
:108A3000B501BB017502750275027502C1013F02E5
:108A400049027202720201980528DADC09F102007B
:108A500002F07EFEADF80200284602F0D6FDADF829
:108A6000040098F801006225C540039015F0010547
:108A700007D0DFF8A8090168090C880701D5002C88
:108A8000BFD000208DF8000081460398C0B20328B3
:108A90000CBF4FF0010ACA46CDF81090FFF718F945
:108AA0000028AED00AF08DF9002804BFF8B20028E3
:108AB0004DD00DF1160000F083FD0DF1260B06469A
:108AC0002DB198F812000DF1270B8DF80000BAF1C6
:108AD000000F23D10BF108098DB1DFF840090178AF
:108AE0008A070CD5FF2208214846FEF70BFF30B954
:108AF00000234A4600210220FBF798FC0EE048467E
:108B0000FBF76BFD50B9DFF884080178432902BFF9
:108B10000398C0B201281AD101210491FFF7D8F8B7
:108B2000BDF80210884240F0B480BAF1000F05D1C0
:108B30005846FDF7EDFF002800F0AB800398DFF802
:108B4000DC58012804D0032861D004286CD0E1E16E
:108B5000DFF838180A78022A04D1FBF708FE08B1BA
:108B6000002CF4D0DFF8247838784128EFD046B9CB
:108B70000AF027F99DF8001002460DF1160000F0EA
:108B800007FC0AF01EF900280DD0FBF7F0FD58B1E4
:108B90002868010502D43878432805D124B940F665
:108BA0001A4005F07FFCB5E12878810704D4BDF8B0
:108BB000041000200FF0E4FC3878112814D1296843
:108BC000480511D50020FBF7DDFD00280BD105F08D
:108BD0008FFC40F61C4005F065FC00210020FBF7EF
:108BE00034FE05F067FC95E10CB100F0FAFC049846
:108BF00000284BD0FDF79DFF18B94FF48031FBF7EB
:108C000055FC00F053FC4846FBF7E5FC3EE0032F23
:108C100009D198F81A1001B101210DF116020DF1D8
:108C20002600FBF783FB75E1FBF7A1FD002814BFCD
:108C3000032F002EF7D14A4602210DF1160000F055
:108C400025FCDFF86C1A087860B100F033FCFBF704
:108C5000E1FE022806D10120FBF7D9FE0121012007
:108C6000FBF7F3FD00F059F90BD103214846FDF75E
:108C700068FFFBF7CFFE002802D10021FBF7E5FDDE
:108C800048E14128FCD12868410501D505F04EFC9A
:108C900040E19DB1BDF802004FF6F87188420DD356
:108CA000002208215846FEF72DFE38B19DF800102D
:108CB00000220DF1160000F06BFB2BE14FF6FF7068
:108CC000ADF80A000DF10A015846FEF77DFF20B10C
:108CD000584602F09DFEADF80A00BDF80A004FF6B6
:108CE000FF7188420FD0002E14BF15200420019080
:108CF0000DF1160003990090BDF80A00CBB24A4668
:108D0000594600F056FA05E1FEF7E2FF0028FAD1D5
:108D1000DFF8441808780028F5D024B9DFF8FC06FD
:108D200001688A01EFD40024BBF10C0FC8BF08AC66
:108D30000DF11D0002F00CFD02469DF81F0000948D
:108D40000DF11503314600F02FFEE3E00DF11500A3
:108D5000FDF7DEFE28B10222314600200FF0CEFEE4
:108D6000D8E0DFF80C090078012818BF0228F7D1F5
:108D70000DF115000EF0F2F94FF6FF74A04205D187
:108D80000DF1150002F044FEA04202D0002110F0C7
:108D900004F8BFE0FAB205A9304601F092F8B9E054
:108DA00098F80110012000F09BFAB3E0012818BFE9
:108DB0000228FAD1F807F8D50DF115000EF0CEF91A
:108DC0004FF6FF760446B04204D10DF1150002F0D3
:108DD0001FFE04462046B04207D10DF115000EF0EB
:108DE000F4FB0446B0420BD194E00EF007FA0646BD
:108DF000FF2805D00EF050FF10B1304604F06BFA9A
:108E000028460AF1090AFFF7DCFAA0EB0A0600225D
:108E1000F1B20020FFF7E2FBADF80400002879D0A2
:108E20000121BDF80400009100232246082102F030
:108E3000D8F8ADF8060000286CD05FFA8AF1284611
:108E400002F024FA07461A210EA8F6F74FFB00207D
:108E500000903B465FFA8AF229460EA801F0E0FE38
:108E600001233A460EA90DF10600FFF7EDFB00289D
:108E700050D1F61BF1B201A801F0B8FE20460EF069
:108E8000BDF9BA4400F020FABDF80400F6B200962D
:108E90005FFA8AF32A46002101F02CFFBDF8060094
:108EA00021460AF08CF935E0012818BF022831D19B
:108EB000FAB205A9304603F000F92BE000F02DF8D6
:108EC0001CBF0428052803D0304610F01FF808B353
:108ED00006BB6846FBF74CFBE0B198F801000021A7
:108EE000DFF8CC27117000280CBF65246424FBF741
:108EF00091FD032806D100210020FBF7A6FC0020ED
:108F0000FBF78BFD21466846FDF71BFE02E0284675
:108F10000FF0FEFF17B0BDE8F08FDFF870040078A7
:108F2000022870472DE9F54F8A4687B01C4600217C
:108F3000104601F0A9FEE108054601F001010026F6
:108F40008DF806104FF000094FF0080B4FF00208A3
:108F5000082D18BF052D03D0062D18BF102D01D1E7
:108F600067080CE0DFF8F015087858B100F073FBE3
:108F7000002814BF4FF4D0774FF4F077EF4007F09C
:108F8000010700E00027BDF82000002824D0E007FA
:108F900048BF4FF4027BBDF82010002300220520BB
:108FA0000FF0B7FF002817D0C8200090BDF81C2094
:108FB000BDF820000023594602F013F8ADF8040074
:108FC000002809D09DF80600CDF808A028B1514628
:108FD00001A801F0DBF8002873D0BDF81CA04FF603
:108FE000F87BDA452CBF092001208DF80C00102DEC
:108FF00018BF0F2D01D100F068F8DFF8B80601782E
:109000008DF80D10491C0170BFB19DF80C004FF098
:109010000F08052D40F020008DF80C000DD1BDF893
:10902000040001216226FFF733FA012101F02CFE32
:10903000C640F0074CBF10261826DFF87C160878CB
:1090400050B1DA4508D2052D01D1182E04D19DF872
:10905000060008B900F039F80123424603A901A827
:10906000FFF7F2FA00282CD17FB19DF8060020B15D
:10907000CDF800900223029A02E0009041230022E2
:10908000314601A8FBF734FFD8B90298BDF81C306F
:109090009DF806100090BDF804002A460FF04BFF23
:1090A000ADF8040068B1600706D5BDF81C10BDF826
:1090B00004000AF084F803E0BDF8040009F08DFE16
:1090C0008146484609B0BDE8F08F9DF80C0040F09D
:1090D00040008DF80C00704738B50446084602F091
:1090E00071FA0546FEF7F4FD0021009101462B467A
:1090F0002246012000F058FC31BD2DE9F843074617
:109100008846C64801789146002684B01D468A07E5
:1091100048BF002020D40C9C1CB120460FF00CFF4F
:1091200000E00020C0B203900294CDF804900097B4
:10913000434606220FF2AC51002001F06BFE010005
:1091400009D0002D14BF0323012302460021002073
:10915000FFF7E8FE0646304605B0BDE8F0832DE98E
:10916000F8430446884691461F4600260025FBF733
:10917000FEFA20B10097012300F017F80646FBF72E
:10918000F6FA30B100F067FA40B1A44801688A01EC
:1091900004D40097002300F008F805462E4330461B
:1091A00018BF0120C0B2BDE8F2834A4641462046BE
:1091B000A3E72DE9F04F98468BB082468B46B8F175
:1091C000030F0CBF0124002400920AB1914605E070
:1091D00004A8FBF7CDF948B10DF1100900222321B5
:1091E0000020FFF7FBF9ADF8040008B9002068E0A3
:1091F000159DFFF7CEF806460520307086F80180F1
:10920000E90606D51121B01CF2F7CAFB06F11307D7
:109210001DE014991022B01CF9F7DCFE622020FA40
:1092200008F006F11207C10711D506A8FCF7E9F806
:1092300001208DF8180002A8FCF7B0FA3846471C48
:10924000A9064CBF9DF80B109DF80A100170002C68
:1092500014BF0099594608223846F9F7BBFE083773
:109260002CB1A80900F0010007F8010B0DE0012165
:109270000091BDF80410BA1B0823D2B2484601F091
:10928000CFFC0837B8F1040F08D102F0A3FD28B1D4
:109290000020387078700122BA70FF1CBF1BF9B231
:1092A00001A801F0A3FC680704D550460DF0A6FF05
:1092B00000F00AF8BDF804202B4659465046FFF747
:1092C00031FE0BB0BDE8F08FFF2808D0DFF8EC23AB
:1092D00032F810304BF6FF710B4022F81030704717
:1092E000F0B591B004460D4604A8FCF78AF80121B8
:1092F0008DF8101000228DF811200DA904A8FDF79B
:10930000E3F902A8FCF74AFA01208DF811009DF854
:109310000A6009A904A8FDF7D7F99DF80B7004A805
:10932000FCF7F8FC40B9F01BC0B2812804DB2CB17B
:10933000AE4201D0AF4201D0002025E00DA904A823
:10934000FDF796F96846FCF729FA8DF80360684640
:10935000FDF7C0FA0122394609A800F019F80EF00D
:10936000B4FD01214FF4007003F007FFFDF770FF1B
:10937000DFF84C13884228BFFDF76EFFDFF8440387
:109380000078FDF7DCFB012011B0F0BD4258002051
:10939000F0B58BB005460E46174606A8FCF731F827
:1093A0000021012402A8002200238C4680E80E1030
:1093B000002D0FBF80E82E0010222946F9F70AFE83
:1093C000781E8041C00F8DF819008DF8184002A951
:1093D00006A8FCF72BFD00B100246846FCF7DEF977
:1093E000380014BF8DF802608DF803606846FDF701
:1093F00071FA67B144B1002000F012F8B248017868
:10940000432908BF0EF0C5FCAE48067003E014B156
:10941000012000F005F80BB0F0BD00004432002040
:109420008DF8190002A906A8FDF722B978B593B006
:1094300004460D46164602A8FBF7E3FF00F0ADF820
:109440005EB1002000F01CF8102207A90FA8F9F760
:10945000C1FD9DF802600FA90AE0012000F010F89C
:10946000102207A90BA8F9F7B5FD9DF803600BA919
:1094700010222046F9F7AEFD2E70002014B070BD0A
:109480008DF8090007A902A8FDF71EB970B50446BA
:109490000D4616460320FBF7C0FA45F004022146AC
:1094A0003046FDF7BFF900F001F870BD0020874994
:1094B0000860704700B58FB003208DF80000FEF7FC
:1094C00007FC50B1FEF73FF938B101A8FBF750F89F
:1094D00018B17F4801788A0701D5022039E00F21B1
:1094E00004228DF820108DF82120082279490DF1F1
:1094F0002200F9F76FFD03A8FBF783FF0321042285
:109500008DF80C108DF81920082201A904A8F9F78C
:1095100061FD9DF8190040F002008DF8190003A8C4
:10952000FBF7FEFF0DF12A0201216846FCF7F9FB6B
:1095300000221A2108A8FFF751F8010008D00246BE
:10954000012301A90020FFF7EDFC08B1002000E095
:1095500019200FB000BD00004658002018B587B094
:10956000044602A8FBF74DFF00F017F89DF8021023
:109570008C4208D100208DF8090002A8FBF7D0FF2B
:10958000012008B010BD9DF80300844203D10121E1
:109590008DF80910F1E70020F3E701218DF808109C
:1095A0006846FCF7FBB880B5002200210020FFF7D9
:1095B000EFFE00214FF6FF70BDE80440FAF776BFDA
:1095C00000221021FEF79EB943490878002800D1F7
:1095D000704780B500F005F83E48BDE80240FAF754
:1095E000F8BF3B48017811F0300F03D02021302024
:1095F000FAF75CBF704738490878002800D17047F7
:1096000010B51B490878032818BF042822D0002071
:109610000BF0EDFE040013D00FF0B6FC217911F031
:10962000300F17D1B0B1012808BF102003D0022895
:109630000CBF2020002001F0CF010143217110BD9B
:1096400000200DF0F6FF28B100210020BDE81040F9
:109650000EF096BF10BD80B5FEF73AFB00281C48FF
:1096600000680CBF8008000D00F0010002BD000082
:109670004158002000B589B004A8FBF7C2FE0221C2
:109680008DF810104FEA0D0018A11022F2F78CF996
:10969000694604A8FCF7CAFB09B000BD0F48007872
:1096A00070470E49087070470D48008870470000E9
:1096B0007358002045580020545800209C33002047
:1096C0000100008047580020425800204832002006
:1096D000443200201054002046580020C4180020B6
:1096E0008018002031383231730000005A69674217
:1096F0006565416C6C69616E6365303933210FF2C9
:109700009020FCF7FFBD00210160012343607047FA
:10971000002202E00169026108460128FAD170477F
:1097200038B5044602E02846FFF7F2FFF4F710F8D8
:109730002168012521B10D6901230B610021216000
:10974000F4F70CF8012DEED16068FFF7E1FF01217D
:10975000616031BD006900B10120704710B5044659
:10976000206910B94FF0FF3010BDA06886498842CB
:1097700007D008F0D3FA01466069401AB0F1004FF3
:1097800000D3002010BD2DE9F04D0C46164622698D
:1097900007469B467D680FF2F818A24202D19A2133
:1097A00000F0C3F839460020DFF8E0A10CE04EB12C
:1097B00040B96A6963699B1A534522BFABEB020249
:1097C0005245084629462D69A542F0D1B942226981
:1097D0000CBF7A600A61DEB188B925690E46A542E0
:1097E00002D1B52100F0A1F8304601E028462D69EC
:1097F000012D04D061696A69891A5145F6D3B842CE
:1098000003D1786820617C6002E001692161046114
:10981000BDE8F08D016809B100207047406801285B
:1098200018BFFFF79BBF4FF0FF30704770B504467D
:1098300008F074FA05460120A560207302E0716803
:1098400030468847F3F784FF2168012649B10E6945
:109850003269B24206BF002121600A6100213161F4
:109860000CE06168012909D04A69484BAA1A9A425A
:1098700004D20E463169002261603261F3F76EFF57
:10988000012EDCD10020207370BD2DE9F0410C4683
:109890000546A8683C492E680FF2F408884215D1A5
:1098A0001CB140F20F1100F040F8F3F751FF2969A5
:1098B00041B9316809B92D6103E00969296132684C
:1098C00015613560BDE8F041F3F748BF08F026FAAE
:1098D00007460FF081FB18B14FF4937100F025F8A3
:1098E0006FF000418C4207D2307BE11928B1B0689B
:1098F000884202D1491C00E0C919286940B1686951
:10990000814210D03CB9381A204A904203D20AE072
:1099100070682861756069613B46294630460122BE
:10992000BDE8F0412FE7BDE8F0814046FCF7EABC16
:1099300038B50446A06814492568884218D1F3F761
:1099400007FF216981B1A14203D1002129600AE00A
:1099500011460A69A242FBD12A68A24208BF2960C7
:1099600023690B6100212161BDE83240F3F7F6BEA7
:10997000206938B10023002221462846FFF703FF63
:109980000020206131BD0000FD960108010000802B
:109990006576656E742D71756575652E63000000C2
:1099A000DFF85C08FEF767BB2DE9F84788460446F8
:1099B000DFF85018087803258BB091469A460028A6
:1099C0000FD0FEF785F968B100F0B0F90AD44FF670
:1099D000F87081457DDA149B224651464846FFF7D0
:1099E000BEFB76E0200002D10126012704E0032C13
:1099F00014BF0026012600274FF6F87081450FDAC4
:109A000043462246514648460FF0F2FA1499009018
:109A1000434601915246494620460FF0EBFA05466F
:109A2000294648460FF0E8FA002D3DD187F00101A4
:109A30000E4239D00FF2EC71D1E9003005AA0FF2D5
:109A4000EC71C2E9003007A81022F1F7ADFF6846BB
:109A5000FBF7D7FC03208DF8000000F068F89DF8B4
:109A60000D0040F002008DF80D0000F067F890B195
:109A70003EB9082205A901A8F9F7ACFA00F05EF892
:109A800048B100F054F8042000F056F818B1022054
:109A900000F052F840B907A96846FCF7C7F918B1B9
:109AA00006F0DAF800B90325CDF800802B462246EF
:109AB000514648460FF0A1FA15B3012D22D10023DB
:109AC0000197009642465146484600F034F9022D6F
:109AD0002AD0FEF7FDF880451CBF4FF6FF7189457F
:109AE00022D050460DF03AFB484504D148460DF0CF
:109AF00085FB03F0BDFD022C0CBF012300230EE00B
:109B00000123DDE7022DE2D169464046FEF780F8E9
:109B100050B952466946404600F013F804E000226E
:109B2000414648460FF097FB0CB0BDE8F08708228D
:109B3000514601A8F9F74EBA8DF800006846FCF7C7
:109B4000E9B8FEB5054616460C4630460DF006FB54
:109B50000746FEF7BDF818B94FF6FF70854201D1F0
:109B60000220FEBD874204D0002138460FF015F9CF
:109B7000FEBD07208DF80000082231460DF10100DE
:109B8000F9F728FA002209216846FEF727FD0100AF
:109B900008D00246012321462846FFF7C3F908B141
:109BA0000020FEBD1920FEBD07E0E0B50246694673
:109BB0004FF6FF7000F001F80EBD2DE9F841884620
:109BC0004FF6F8718842BF4193B005461446FF43F3
:109BD000FF0FFEF77DF800283BD100F0A7F838D43E
:109BE0001CB12046FFF7ECFC30B102A8FDF799FE4E
:109BF00038B140F6124056E01022214602A8F9F78B
:109C0000E9F906A8FBF7FDFB01218DF818100022E9
:109C10008DF819200FA906A8FCF756FD6846FBF73A
:109C2000BDFD01208DF819009DF802400BA906A882
:109C3000FCF74AFD9DF8010068B19DF80300001B88
:109C4000C0B2812807DA10220BA902A8F6F7DEFDC0
:109C500038B1022027E0641C0022E1B202A8FFF71D
:109C600097FB2124380004D008214046F1F798FEE4
:109C700000E02324DFF890657078012808BF2324D2
:109C800002D0022808BF2124234602AA41462846C2
:109C900000F0FFF830B11FB1DFF8700501783170C6
:109CA000002000E0192014B0BDE8F081E0B5FEF717
:109CB0000FF880B900F03AF80DD401A8FBF76EFD5B
:109CC0009DF806109DF80700091AC9B2812902DB28
:109CD0009DF8050008B902200EBDFDF7F9FFDFF879
:109CE000281509780BF075F910B140F60C400EBD3F
:109CF0000021FFF7F5FADFF818150A7809208DF82A
:109D000000008DF80120002202216846FEF766FC63
:109D1000010009D00246012300214FF6FF70FFF732
:109D200001F908B100200EBD19200EBDDFF8E404D2
:109D300001788A0770472DE9F84F0746DFF8D40409
:109D40008CB00568884693461E46169CED08FDF7C4
:109D5000BFFF4FF0010A05F00105584513D1B94680
:109D600020000BD138460DF049FA0746FF2805D0F0
:109D70000DF092FF10B1384603F0ADFA30000CBF81
:109D80000427062710E00127D946300018BF0B270B
:109D900055B969465846FDF73BFF28B96846FCF7B8
:109DA0009CFE08B147F002070020ADF800005CB946
:109DB00002F0F9F840B16A4602A9404602F0FAF80A
:109DC00010B9404602F0C0FA002E18BF002D08D08E
:109DD00007F0040242F011024146484600F03AF80A
:109DE0008246FAB24146484600F034F800281CBFCB
:109DF0005FEA0A000120B9E1FEB506460C461746A7
:109E00003546FDF765FF30B9FFF790FF03D44FF6F5
:109E1000F8718D4201D30220FEBD05F032FF48B13A
:109E200000200190009001233A4621463046FFF77A
:109E300082FF0AE0FDF74CFFB8420EBF06223D4606
:109E40000B222146284600F005F808B10020FEBD8F
:109E50001920FEBD78B58DB004460D4616466846FD
:109E6000FBF7CFFA01218DF8001000228DF80120B8
:109E700009A96846FCF728FC102209A905A8F9F7EA
:109E8000A9F8334605AA2946204600F002F80EB08C
:109E900070BDE0B50193009201230022FFF789F91C
:109EA0000EBD00B585B00023002269460020FCF7F6
:109EB00064FC9DF80100FF2814BF0120002005B0BC
:109EC00000BD2DE9F04F8DB006460C4694F8018098
:109ED00003A80021C0E900110625DFF83873FDF75B
:109EE000F7FE10B1387881070DD503A93046FDF78C
:109EF0008FFE08B10B2535E1B8F1020F04D0B8F19F
:109F0000040F00F0E2802CE138788107FBD40822AE
:109F1000A11CDFF80403F6F779FC0028F3D00FF05A
:109F20002DF8002800F0D480DFF8F012087803AD97
:109F300004F10208374640BB00F01FF9B048008822
:109F4000002861D0FEF725FAAD4F05463888FEF7A8
:109F500020FA3F8800F108081121384600F094FEED
:109F600006021021384600F08FFE3718082203A998
:109F70004046F6F74BFC30B90822A11C2846F6F7FC
:109F800045FC002840D00E259CE0DFF87492B9F81B
:109F900000000028D2D10021FEF7B5FAA9F8000090
:109FA00008B910258EE00123082203A900F0E2F889
:109FB00001230822A11C4846FEF746FB310A8DF812
:109FC00001108DF800600123022200F0D2F8B9F8E8
:109FD0000000FEF7F6F90446494630460FF089F9CD
:109FE000B9F80000E4B2FEF7ECF9844206D1FF2094
:109FF0008DF800000123012200F0BBF800210120B0
:10A00000FAF723FC0C255DE041462846FCF793FD5A
:10A01000002854D002A94046FDF7D6FD00284CD1B7
:10A0200006A8FDF77EFC002847D10024BDF8086093
:10A03000DFF8CCA13DE0002C39D0BAF800003E4654
:10A04000A946CDF81480F0B1122100F01DFE834620
:10A05000FF2818D000210020FEF755FAADF80000C7
:10A0600040B16946B0B20FF044F9BDF80000FEF708
:10A07000A8F940B91420BAF8003000905A46494671
:10A08000B0B20FF0F2F8432106A8059A01910090B2
:10A0900003234946B0B2FFF78CF870B10721484658
:10A0A000FCF74FFD641C022CC5DBFF2508E0BDF862
:10A0B0000860C14603210595E6E70F2500E011255C
:10A0C00000F05BF8FF2D4DD150E00EF051FF08B9C4
:10A0D000112547E00EF04CFF022822D1FFF7E1FEE8
:10A0E0000446012103A8FAF764F8FF2808BF002CF2
:10A0F00015D005A8FDF715FC08B1122532E0102295
:10A1000005A909A8F8F766FF042209A903A8FCF726
:10A1100089FB20B9032005A90190009118E00525CD
:10A1200020E00EF025FF01281CD100200090002324
:10A13000002205A903A8FAF771FA08B10A2511E06F
:10A14000387881074CBF07200320019005A80090B4
:10A150000423002203A93046FFF72BF810B913257A
:10A1600000E00925294603A8FCF7EBFC0DB0BDE88B
:10A17000F08F69464846FEF767BA2149088808B15A
:10A1800000220A8000210020FAF75FBB1FB50446B9
:10A1900001208DF80000224802788DF80120521C21
:10A1A00002700E208DF8020008220DF10300F8F76E
:10A1B00011FF01230B2269462046FEF745FA401E97
:10A1C0008041C00F04B010BD70B586B004460D4686
:10A1D000002600960023002202A92846FAF71EFA5C
:10A1E00060B9032002A90190009104230A4A29467C
:10A1F0002046FEF7DEFF401E8041C00F06B070BD56
:10A200001058002046580020815800204458002053
:10A210004758002044320020105400206658002087
:10A2200045580020FFFFFFFFFFFFFFFF5A6967420D
:10A230006565416C6C69616E636530392DE9F64F77
:10A2400093B083461C4607A9104600F090F9099088
:10A25000BDF81C00FEF7B5F8139906460998361AA2
:10A26000C8881399F6B2ADF82000B1F802A0BAF58B
:10A27000004F06D2BDF81C00FEF7A3F809998842EA
:10A2800004DA0020DFF8002910706CE11E9D280020
:10A290001CBF4FF4A071ADF82010152EB4BF731C75
:10A2A00016230999002000904A1EBDF81C108DF855
:10A2B0000440DBB2D2B20DA800F0B2FC9DF834002D
:10A2C000BDF820208DF81E0003464AF400410AA87C
:10A2D00000F0A0FB9DF80400012814BF4FF0010816
:10A2E0004FF000080FF6D401D1E9002305A800249F
:10A2F000C0E900230DF114090DAFADF822B0BAF199
:10A30000000F15D10DF135000DF135090DF13D0BA3
:10A31000FCF7FEFB18B1FDF7DBFC824623E00DF1F4
:10A3200035000CF01BFF4FF6FF718246884218E0A3
:10A33000BAF1010F21D1B87879780DF1370B01EB23
:10A34000002ACDF800A0FDF7C3FC009989B2814234
:10A3500008BFDFF8389806D005A950460CF06BFF0F
:10A36000002808BF01249BF80000B8F1000F0490FA
:10A3700034D1280018BF002C5ED09DF804000028BE
:10A3800083D113984188342940F0D480092E08BF26
:10A39000002D40F0E8807F7A00220821FE090DF1AF
:10A3A0003500C82576010024FDF7ACFA30B90DF16F
:10A3B0003500FCF7ADFB002800F0A380DFF8D007E4
:10A3C0000078012800F0CF80DFF8C817096802285C
:10A3D00040F08180C80100F1A1808AE01DB1002C0D
:10A3E00077D1012875DC012808BF002C02D1FDF7C8
:10A3F0006FFC03E0002C08BF012804D1FDF768FCC6
:10A400008246DFF888979BF801700CB1812204E046
:10A4100004980128D4BF00228022029700200190D6
:10A420001FFA8AF000904B460FF29871012000F05D
:10A43000F1FCADF80C0000284BD0002C3DD1049865
:10A4400001283ADC002838D00025DFF84C67BDF839
:10A45000208001E07F1E6D1C3178E8B2884221D255
:10A460000CF07AFFC007F6D5F8B20028F2D1E8B2B6
:10A470000CF04DFE8DF80000000A8DF8010001235C
:10A480000222694603A8FEF7DFF810BB40460BF036
:10A49000A5FD8146BDF80C00641CFDF792FF801CF1
:10A4A0008145D8DAE0B208B90D2107E0BDF80C000B
:10A4B000E2B20C2100F0FFFB03E00C2103A800F046
:10A4C00095FBBDF80C30BDF8220000220AA900F06F
:10A4D000AAFA012048E0032818BF04281ED1DFF89B
:10A4E000BC26BDF82200B2F8E430984201D0C80082
:10A4F00014D4490203D5380658BF8D250ED5012442
:10A500000BE00DF135000CF029FE4FF6FF72904282
:10A5100004D031460EF041FC00B90025BDF8220000
:10A520002B46B4A20AA900F07EFAE4B1DFF8700667
:10A53000067018E09DF81E10BDF82000BDF85030E0
:10A54000069105900DF1350103910998BDF81C1095
:10A550000496C0B2029001911399BDF822000095B3
:10A560000AAA0EF08FFF002015B0BDE8F08F38B5B5
:10A570000D4604460121FDF78BFF30B10121204635
:10A58000FDF786FF2880012004E02C80204600F0A3
:10A590009AFE401CC0B232BD2DE9F84187B0054695
:10A5A0000F4690461E4601A94046FFF7E0FF0446CD
:10A5B0000B2102A8F4F79AFFBDF80400FDF701FF94
:10A5C000001BC1B20A29C8BF0B2000210091BDF8B1
:10A5D0000410C3B2224602A800F022FB4FF400434D
:10A5E000F21A02A9012A04D91F3A2ED01B3A4BD0E5
:10A5F00054E09DF80800002857D1887A9DF8111082
:10A60000082201EB00240DF1090105A8F8F7E2FC8E
:10A6100005A920460FF056FC012205A920460FF09F
:10A6200008FD0746AC4240D0012105A808F09AFA7F
:10A6300048F20100864208BF002F36D100230022D5
:10A64000294620460EF007FE2FE09DF8080060BB6B
:10A650004D780026F0B2A84227DA05A80021C0E90B
:10A660000011009104EBC602BDF80410921C0823EF
:10A67000D2B200F0D5FA05A80CF070FD0CF0BEFDCA
:10A6800002F0F6FF761CE5E7FDF722FB85420CD0D1
:10A690002246414602A80FF04CFE06E000952346F4
:10A6A0004246394630460FF07BFE9FE030B51546F6
:10A6B00087B004460A460023022104A800F0AAF944
:10A6C000002103918DF8081002AA03A920460FF07B
:10A6D00069FE9DF80800039901902B4600918DA218
:10A6E00004A9204600F09FF907B030BD2DE9F841DC
:10A6F00085B017460C9A05460E4698460D9C0023D9
:10A70000012100F0A7F88DF80C80300018BF01205F
:10A71000009001972B46BDA202A9204600F083F9C4
:10A7200006B0BDE8F0811CB5BDF8104000930023D1
:10A73000019404E01CB5BDF8104001900094FFF7AF
:10A74000D5FF16BD80B500930123FFF7F3FF02BDCF
:10A750002DE9F0410E46002488B0804615461F467C
:10A7600016F0784F04D0012400230022392102E0A2
:10A7700000230022382105A800F04CF900208DF8B4
:10A780001800BDF81A00FF2D40F04000ADF81A0087
:10A7900002D105F0EDFA09E0FE2D06D105F0E8FA48
:10A7A000401CC0B205F0ECFA00E03846310CB6B2FD
:10A7B000C0B264B1FF2D0CBF0FF210420FF2144271
:10A7C0000497039002950191009601230AE0FF2D62
:10A7D0000CBF0FF208420FF20C4203970290019552
:10A7E0000091334605A9404600F01DF908B0BDE8C8
:10A7F000F081000031000000F0B585B005460C4640
:10A8000016461F4600F022F8DFF898030121417038
:10A8100045801CB120460BF0AAF912E0BDF80E10DD
:10A820004FF6FF300140ADF80E100021DFF87C0339
:10A830000170BDF80E008DF8121040F00200ADF866
:10A840000E00019700962B4671A22CE000234FF4D6
:10A850008062132102A8DDE018B585B0FFF7F6FF8E
:10A8600005F035F90446FDF733FA0346C748009072
:10A87000019467A200F01BF806B010BDF0B585B0DA
:10A8800004460D4616461F4600234FF48062002101
:10A89000FFF7E0FF8DF80C70280018BF0120009032
:10A8A00001962346B5A200F002F805B0F0BD02A95A
:10A8B0004FF6FD70B7E01CB5BB480278022A04D100
:10A8C00000216846FCF7B4FF08B1172016BDB04858
:10A8D0000078012818BF022802D1FCF731FF08B91F
:10A8E000022016BD05F0F2FF0446FCF729FF0B23FA
:10A8F00094FBF3F30B21AE4A01FB134410704FF4A9
:10A900007A70E4B20A344443AA482146FEF7BDFFF8
:10A91000002016BD3273000080B5FFF709F8BDE8CE
:10A9200001402DE9F847A3B00026A148A24F1F21FE
:10A9300090F800A03C78ADF80C60ADF80A10ADF8C6
:10A94000086005F0C4F8BDF80A10ADF80E00ADF8C7
:10A950001060B1F5004F06D292490878401C08708B
:10A9600040F0800000E000200DF128088DF828005C
:10A9700088F801A00225A14612E005A902F077FDA2
:10A9800060B9522D0ADA05A802680AA949190A60B5
:10A9900042680835EDB24A60641C761C09F1010971
:10A9A0005FFA89F05045E8DB3C7088F801600022CE
:10A9B00029460AA8FDF712FE010024D0F6B24EB1D6
:10A9C000002101910090FF2302AA4FF6FC7106209E
:10A9D0000AF09AFEE4B2774E544511DA05F076FF9C
:10A9E00001460B2391FBF3F30B224FF47A7002FB29
:10A9F0001311C9B20A3141433046FEF746FF02E067
:10AA00003046FEF795FF24B0BDE8F08732313100C3
:10AA10003238310010B50024047144714180048043
:10AA2000C280038110BD08B42DE9F84D0C4686B0F4
:10AA3000110080460FAA03D11946ADF8141004E0A6
:10AA4000012000F0B9F9ADF81400BDF8140008B900
:10AA5000192089E04FF6F87AD04589412079C94319
:10AA6000C90F20B900290CBF0825092505E00020E1
:10AA70002071002914BF062500254C480778494E4F
:10AA8000FF2F0BD16088B0F5004F05D237787F1CBF
:10AA9000377047F0800703E0278901E0FF2101704C
:10AAA000BDF81400FAB2002100F005F97078F0B199
:10AAB000BDF81400FDF76DFC8346BDF81400FDF7EA
:10AAC00080FCC0B2CDF80CB002900021FF220491AE
:10AAD0000191009270882346FAB241460BF015F8B6
:10AAE0008346002070704FF6FF7171800AE0BDF858
:10AAF00014100190FF2300912246414628460AF097
:10AB000003FE8346BBF1380F2DD105AB22464146EB
:10AB100028460FF048FC10B94FF0000B23E0D04559
:10AB200021D26088B0F5004F1DD3FDF7D1F8034660
:10AB3000608848F2040188420CBF11A111A10020D5
:10AB400000908A22012000F065F905000BD0FAB2CE
:10AB5000002100F0B0F8002001900095FF2322466C
:10AB600041460AF0D1FD584607B0BDE8F00D5DF84A
:10AB700008FB0C48007840F0800070473831310005
:10AB80003132310031320000805100201054002059
:10AB900041580020443200209A180020945200208E
:10ABA000C2180020D657002042580020C1180020AB
:10ABB00051580020FC32002050580020FFFFFFFFBA
:10ABC000FFFFFFFF313832313100000031323231C6
:10ABD0003132000031323231310000003232313155
:10ABE00032000000323231310000000038B5044636
:10ABF00020880D46FDF7E5FB29468842208803D3CF
:10AC0000FDF7F8FB002032BDFDF7DBFB2D1AEAB2A1
:10AC1000204601B000230021BDE83040FDF714BDFF
:10AC20002DE9F0410546884617461E464046FDF789
:10AC3000B0FBC419002E18BF002C14D04046FDF7FD
:10AC4000C0FBB919884202DA1D2100F031F80698DC
:10AC50003246002807BF2146284629462046BDE83F
:10AC6000F041F8F7B7B9BDE8F08138B504460D46B4
:10AC7000FDF7A7FB854202D3282100F019F82046F2
:10AC8000FDF787FB284432BD70B505460E46FDF73B
:10AC900080FB040009D02846FDF793FB864202D3CF
:10ACA000302100F005F8A05D70BD002070BD0000EF
:10ACB00088A0FBF727BB70B504460D461646FDF786
:10ACC00080FB854202D33A21FFF7F2FF2046FDF7D1
:10ACD00060FB00B1465570BD38B50446FDF771FB09
:10ACE00005462046FDF755FB29460022BDE83840C1
:10ACF000FDF774BCF8B505460E461F46069C104687
:10AD0000FDF747FB07442846FDF743FB224639463B
:10AD10003044BDE8F840F8F75DB970B500F02AF8A6
:10AD200000F002F8301870BD060229462046ABE755
:10AD3000E0B58DF80420120A8DF8052001230A469B
:10AD400000930146022301A8FFF76AFF07BDF8B58B
:10AD500000F010F8FFF7E8FF3618E91CC9B2FFF75A
:10AD6000E5FF0702AD1CE9B2FFF7E0FF381806EB7C
:10AD70000040F2BD0D46691C0446C9B284E70EB41A
:10AD800030B50446002180B2FDF7BDFB0546FDF756
:10AD900000FB290008BF00200BD003A9002204E01B
:10ADA00051F8043B521C00F8013BD3B2A342F7D345
:10ADB000284630BC5DF810FBF8B505460E46174630
:10ADC00000214020FDF79FFBADF80000FDF7E1FA00
:10ADD0000446BDF8000060B13B4632464021601990
:10ADE00000F020F82D18E9B26846FFF7FFFEBDF825
:10ADF0000000F2BD1CB504AC009400F001F816BDD3
:10AE000010B514461A46029B091B2044C9B2BDE87E
:10AE1000104007E00CB480B502AAFFF7CDFF02BCDA
:10AE20005DF80CFB2DE9F0470446884691469A46AA
:10AE30002546002609E03A462846F8F7CBF8ED19F2
:10AE4000761E761CF6B209F1010946453CDA99F8FE
:10AE50000000002838D0312818BF32280ED15AF807
:10AE6000041B322805F8011BEBD1761CF6B2B04565
:10AE7000A4BF091205F8011BE3DA25E034280ED13E
:10AE8000311D5AF8040B88451EDB2870020A6A70CF
:10AE9000010CA970000EE8702D1DF61CD1E7A0F181
:10AEA00033025AF8041B072A38BFA0F1300707D332
:10AEB000A0F14102072A34BFA0F137075AF8047BFA
:10AEC000FFB2BE194645B6DB2C1BE0B2BDE8F087E9
:10AED000000000006C65676163792D7061636B65CC
:10AEE000742D6275666665722E63000000207047DF
:10AEF0002DE9FC410F46804615460121FDF7C8FAB1
:10AF0000040008D0FFF7E8FE288008BB2046FDF7C4
:10AF100058FAA0B91CE04046FDF753FAC41BE4B24E
:10AF2000FF2F08BF012014D014B9002028800FE0A3
:10AF3000002221460020FDF751FB064608B91920E2
:10AF400007E000943B4642460021FFF7D3FE2E80E7
:10AF50000020BDE8F68111B581B0FDF732FA044654
:10AF6000BDF8040000F010F900F10E01C9B2E2B220
:10AF7000521A92B20092BDF804200B4601461046C8
:10AF8000FFF7B8FEA4F10E01C9B201A8FFF72EFE2B
:10AF900013BD80B500F0D1FB014649780820CA07EF
:10AFA00048BF09200A0748BF0830C90648BF083013
:10AFB0001030C0B202BD10B50C46FDF702FAA04237
:10AFC0008041C043C00F10BD0170090A4170801C50
:10AFD000704710B504460822F7F7FCFF04F108009B
:10AFE00010BD2DE9F8438046DFF8200500788CB0CD
:10AFF0000F4691461C46032818BF042807D10FF0BE
:10B00000F8F920B1FCF7EEFB08B147F40057DFF880
:10B010000015087810B94FF6FF510F4038050AD5D2
:10B020004CB902A94846FCF7F3FD00280EBF02AC5C
:10B030004FF2FF700740149D394604A8FFF7C4FF84
:10B040004946FFF7C1FF0646FCF742FE014630467F
:10B05000FFF7BAFFDFF8BC14461C09782DB1DFF802
:10B06000B4140978A94288BF29460170DFF8A80402
:10B070000178491C017006F8011BF80548BF761CD1
:10B08000380504D521463046FFF7A3FF0646F804ED
:10B0900005D5DFF888143046FFF79BFF064604A865
:10B0A000361AF6B200213046FDF72DFA040018D00A
:10B0B000FDF76FF9324604A9F0F776FC2046FDF75C
:10B0C00068F905462046FDF77CF900210091C1B2E0
:10B0D00004232A464FF6FF7000F0E3FAADF80400AF
:10B0E00008B9002027E040F2011007421BD14FF6BB
:10B0F000F871894517D2BDF80400FDF762F90446DE
:10B1000001A948460EF0F5F8BDF80400E4B2FDF7D9
:10B1100058F9844207D2BDF8040000F00EFB4178D4
:10B1200041F004014170BDF8040042460121FDF7E1
:10B13000C2F9BDF804000DB0BDE8F0837CB515463A
:10B14000069A1E4641F209240AB141F60924079BDA
:10B150000091024621460020FFF743FFADF80400AE
:10B1600050B101233246294601A8FDF76DFA08B116
:10B17000002076BDBDF8040076BDDFF89C1308788A
:10B18000401C0870C0B2704738B50446FFF701FF95
:10B190000546204600F0D1FA4078410704D500F07A
:10B1A0008EF8401C05EB4005E8B232BD41780A0735
:10B1B00001D400207047C90701D509307047083015
:10B1C000704738B500F029F840781821C20600D53C
:10B1D0000CB9002032BDC20748BF1921000748BF83
:10B1E0000831002010E038B500F017F84078182139
:10B1F000C20600D50CB9002032BDC20748BF1921D4
:10B20000000748BF083101200090CAB20823294630
:10B210002046FFF705FD012032BD05460C4600F033
:10B220008CBA00F0030200F00C01012A01D0C00624
:10B2300001D5022070470C2901D109207047082050
:10B24000704711F0030F07D000F00300022801D16E
:10B25000032070470220704700207047F8B504466D
:10B260000D46FFF711FD0646FFF7DBFF07463006E8
:10B2700001D43846F2BD7D19E9B200F021F801464B
:10B280003046FFF7DEFFC719F8B2F2BD70B50446CD
:10B290000D46FFF7E3FF064600F011F880060CD5D7
:10B2A0007519E9B200F00CF8761D00F018010829B4
:10B2B00008BF761C800648BF0836F0B270BD29462C
:10B2C0002046FFF7E1BC38B50446FFF75DFF0546B1
:10B2D00029462046FFF7DAFF4519E8B232BD2DE9CD
:10B2E000F84785B0FFF799FF814600F031FA06462E
:10B2F0002846FFF749FF074639462846FFF7AEFFC5
:10B300000346002000903A46294601A8FFF788FC32
:10B310009DF804700DF105054FF0FF0A07F00C01D0
:10B3200007F00C0007F003080C2918BFB8F1010F53
:10B3300006D0F90604D49DF805100DF1060500E0CD
:10B34000FF2161710C2804D1284600F001FAAD1CE0
:10B3500000E00020208199F80100C10704D509F11F
:10B36000020000F0F5F92081B8F1010F0DD0F806C8
:10B370000BD4284600F0ECF96080AD1C284600F0A4
:10B38000E7F92080AD1C15F801AB84F804A02878FB
:10B39000A07200207A0648BF4020B90648BF40F09E
:10B3A0002000310648BF40F4007003D4710648BF46
:10B3B00040F48070F10448BF40F48060310548BF1C
:10B3C00040F40060E080380613D5687810F0030080
:10B3D0000FD0E288A978B8F1020F42F40042E2806F
:10B3E00003D1E87841EA002102E0012808BF090200
:10B3F000218106B0BDE8F0872DE9F84187B080468D
:10B400001646F0880D462A460746082918BF0C291B
:10B4100004D080045CBF07F040010A433C4C207814
:10B4200010B107F020010A43380448BF42F08002FF
:10B43000032D0AD112208DF80000B90644BF322036
:10B440008DF800000DF1010226E08DF800200C2D92
:10B4500005D131890DF10100FFF7B6FD04E07079E7
:10B460008DF801000DF102007188FFF7ADFD318804
:10B47000FFF7AAFD02463079022D02F8010B0BD02E
:10B48000B80709D4390402D53089C0B220B924489C
:10B490000178B172491C0170B07A032D02F8010BDA
:10B4A00017D0380415D53089010A022D01D00306C2
:10B4B00008D0022717705070921C022D09D102F893
:10B4C000011B06E012F8010C0123B07213705170D9
:10B4D000921C207830B1B079810603D5032D0CBFC2
:10B4E0000D32521D6846121A0123D2B269464046F7
:10B4F000FDF7AAF8401E8041C00F08B0BDE8F081FA
:10B500000849088070470748008870474158002064
:10B5100046580020B3180020445800201054002042
:10B52000455800201C58002010B500F0B2F80480E7
:10B5300010BD38B50C461546FCF72BFF0188002DD1
:10B5400014BF0C4321EA0404048031BD80B5FCF72C
:10B5500020FF008802BD80B5FCF71BFFC07802BD4C
:10B5600080B5FCF716FF007800F00C0002BD80B536
:10B57000FCF70FFF007800F00C00042801D1012037
:10B5800002BD002002BD38B500F036F800F037F8F3
:10B5900000B137E005F1100000F0DAF800F4406087
:10B5A00032BD38B500F028F800F029F808B1A888B5
:10B5B00032BD05F11004042232E010B500F069F844
:10B5C000848010BD38B500F017F800F018F808B105
:10B5D000281D32BD05F11004042235E038B500F015
:10B5E0000BF800F00CF800B10CE005F1100000F0D1
:10B5F000AFF800F4404032BD0446FCF7CABE054631
:10B600002046B4E74FF4006032BD38B5FFF7F4FFD1
:10B61000FFF7F5FF08B1A88832BD05F11004062236
:10B62000002120460FF04EF82044BDE8324000F0E3
:10B630008FB838B5FFF7E0FFFFF7E1FF08B1281D2D
:10B6400032BD05F110040622002120460FF03AF821
:10B65000204432BD80B5FCF79CFE007A02BD80B567
:10B66000FCF797FE90F9090002BD80B5FCF791FE4A
:10B67000807A02BD80B5FCF78CFEC06802BD10B5B3
:10B6800000F007F8047210BD10B500F002F8447223
:10B6900010BD0C46FCF77DBE10B5FFF7FAFFC46085
:10B6A00010BD2DE9F84307460D4614469846002183
:10B6B00005F11000FCF727FF5FEA000918D0FCF73E
:10B6C00068FE06464846FCF77CFE01463046F0F729
:10B6D00067F90020B07048F004014846FFF724FFE6
:10B6E000B7802CB12A46214606F11000F0F75CF92C
:10B6F0004846BDE8F283F8B504460D460021102007
:10B70000FCF701FF060016D0FCF743FE0746304663
:10B71000FCF757FE01463846F0F742F90020B870B2
:10B7200029463046FFF700FF200004D022460121C1
:10B730003046FCF7C0FE3046F2BD80B5FCF729FE6E
:10B74000103002BD80B5FCF73CFE1038C0B202BD1F
:10B7500041780078FFE700EB012070470170090A8B
:10B760004170704710B50023040014BF1C46C3F19C
:10B770000304E4B20A555B1C120ADCB2042CF3DBAE
:10B7800010BD30B5020048788B78CC78097803D0AA
:10B7900022461D460C4602E005460A461846120699
:10B7A000000645EA124244EA104040EA024030BD39
:10B7B0007FB50446084611466A4600230025002648
:10B7C00082E86800ADF8080031B908220FF2F8519C
:10B7D0006846F7F7FFFB03E008226846F7F7FAFB35
:10B7E000204669460A22F0F7DFF87FBD10B504460F
:10B7F00008220FF2D451F5F709F800280CBF0220F7
:10B80000002021894FF6FF72914208BF40F00100ED
:10B8100010BDF8B504460D46FFF7E8FF064628467A
:10B82000FFF7E4FF0746032E18BF032F05D0B80724
:10B8300003D4B10703D5F80701D50020F2BDB00746
:10B8400001D4B90701D5012007E008222946204686
:10B85000F4F7DCFF401E8041C00F06F0010607F040
:10B8600001073E4303D121892A89914201D1012157
:10B8700000E000210840F2BD18B585B0040003D0F7
:10B88000FFF7B4FF800701D521200DE068461421A1
:10B89000F3F72CFE0A2221466846F7F79BFB694620
:10B8A000DFF8040500F0A9F906B010BD10B586B0A8
:10B8B00000F0BCF800F057FA6946DFF8EC04002409
:10B8C00000F07FF9010006D000F079F944892406E0
:10B8D000640E04F00104A6E038B50C4686B000F012
:10B8E000A5F800F040FA6946DFF8BC04002500F036
:10B8F00068F901000CD000F062F9054608222946DB
:10B900002046F7F767FB6D892D066D0E05F00105E2
:10B91000284607B030BD10B5DFF88C44204602F051
:10B92000FCFC6188081A80B210BD0146DFF878047B
:10B9300099E12146DFF8700443E12DE9F04104006C
:10B9400025D0DFF864540021284602F0F7FC0646B3
:10B95000002715E03146284602F044FD06460FE078
:10B96000304600F02CF98046FFF740FF8007F1D405
:10B97000082221464046F4F749FF0028EAD1012772
:10B98000300004D03800EBD00120BDE8F081002069
:10B99000FBE710B50C460146FFF7CCFF010001D1D3
:10B9A000002010BD00F00BF94089204018BF012095
:10B9B000C0B210BDFEB50E46DFF8EC43014620468E
:10B9C000002700F0FEF8050020D000F0F8F8074648
:10B9D0007889304212D0304080070BD5310409D528
:10B9E000B87B0121009101907B7B3A89387B3946F5
:10B9F00000F042F9788920EA06067E81788920B92C
:10BA000000222946204602F017FD01273846FEBDD8
:10BA100018B585B04FF6FF746A46214600F00AF863
:10BA200008B1BDF80840204606B010BD014600220E
:10BA300003A8BDE600234BE0F8B504000D4616460A
:10BA40001F4602D0FFF7D2FE08B12120F2BD2046EA
:10BA5000FFF76BFF18B92046FFF70EFFD0B9FFF7CD
:10BA600068FF00F0ACF841890573467341F00201AC
:10BA700041818773218920460CF0D1F90446FF2CBF
:10BA800007D00CF009F920B10020DFF8241341F8A9
:10BA900024000020F2BD80B586B0FFF7C7FF00F09C
:10BAA00062F900F011F801000BD000F088F8817AFB
:10BAB0008A0706D5407BC00800F0010080F0010035
:10BAC00000E0002007B000BD6946DFF8DC0278E046
:10BAD0002DE9F8478DB00446154688461F46224694
:10BAE00005A8FFF765FE02A805A90A220026EFF7C0
:10BAF0005BFFDFF8B4A297B902A9504600F061F8E5
:10BB0000010008D035B100F05AF801461422284649
:10BB1000F7F760FA012630460EB0BDE8F087002145
:10BB2000504602F00BFCADF80400AAF800601421A6
:10BB300008A8F3F7DBFC04E000224946504602F077
:10BB400005FC01A802F0E4FB0028E4D1002101A8D3
:10BB500002F052FC81460020009014230022494646
:10BB600008A8FFF75DF805A808A90A22EFF71CFF4F
:10BB7000002C14BF012000204FF6FF72904514BF27
:10BB80000127002740B1082205A92046F4F73EFE10
:10BB9000401E8041C00F00E00120002F1DBFBDF8F6
:10BBA0001C209045002101210842C5D00126002D0E
:10BBB000C7D0142208A92846F7F70CFAC1E7FCF70A
:10BBC000E8BBF8B50E460546002102F0B7FB074674
:10BBD00000240DE03946284602F004FC074607E041
:10BBE000FFF7EDFF01463046FFF713FE0400F1D0EA
:10BBF000380001D0002CF3D0F2BDF8B504460E4653
:10BC000000211420FCF77FFC0546204600F032F8A6
:10BC10006188884201D2280001D11C20F2BD314642
:10BC2000204600F020F808B12E20F2BD2846FFF78C
:10BC3000C6FF07460A223146F7F7CCF9082206F17B
:10BC40000A0107F10A00F7F7C5F958490A887A820C
:10BC5000208820B94FF47A715648FDF716FE00F09F
:10BC600064F80020F2BD80B5FFF7ABFF00B1012002
:10BC7000C0B202BD02F051BBFEB504469DF82000E3
:10BC80009DF824700D4600901E460197204601F055
:10BC900033FB07464FF6FF718F4217D0B00705D52B
:10BCA0003A462946204600F013F802E028460BF0F9
:10BCB00012FE38460BF0A2FAFF2807D03E4A32F8AF
:10BCC00010304BF6FF710B4022F810303846FEBDA5
:10BCD00080B510460BF01EFEBDE802400BF062BEC0
:10BCE000F8B504000E461FD0002102F027FBADF886
:10BCF0000000002020802D4F03E0891B418200F0CE
:10BD000014F8684602F004FB70B90021684602F09E
:10BD100073FB0546FFF753FF418A8E42EDD3817ACC
:10BD20004A07EED53988E9E7F1BD002229462046C9
:10BD300002F00CBB10B51C4C201DFDF7F9FD4FF4B3
:10BD40007A712046FFF7CCFF204602F0E1FA30B9C5
:10BD5000201D4FF47A71BDE81040FDF796BD10BD6F
:10BD60001148FCF788B9684603A90A22EFF71CBE00
:10BD700010B50C4686B000F021F8FFF7F4FF6846D6
:10BD8000FFF7D3FD48B100F00BF8FFF718FF01688B
:10BD9000216041680020616000E02D2006B010BDE8
:10BDA000694601480DE700004C1300206A18002086
:10BDB0007C3D0020501300209C330020014600BF32
:10BDC00001A203A8FFF7F4BCFFFFFFFFFFFFFFFF87
:10BDD000FFFF0000002070470020704778B5DFF8B3
:10BDE0005C058DB044880025002611E06D1C0EE036
:10BDF00008A8F9F706FB6B4604AA08A9E8B2FAF707
:10BE000041FD0028F2D1322109A800F031F9761C59
:10BE1000F0B2A042ECDB0EB070BD0FF2845130B531
:10BE2000D1E900238BB0044609A8C0E90023A57816
:10BE3000012D18BF02204BD124216846F3F756FB91
:10BE4000082204F11D016846F7F7C4F82588280682
:10BE500044BF61680591E80504D51022211D05A89D
:10BE6000F7F7B8F8ADF80C50207841074CBFA0693F
:10BE7000002002900DF08EF80021ADF80E008DF834
:10BE80001010FBF725FF28B1082209A96846F4F72E
:10BE9000BDFC18B103A9684600F0BFF800222421B8
:10BEA0006846FCF79BFB040008BF192010D0002057
:10BEB00000F0D1F9DFF8845400222146284602F030
:10BEC00045FA6888401C6880002000F0C4F9002012
:10BED0000BB030BDF8B505460E46002000F0BBF9AA
:10BEE000DFF8584460880027854218D20021204698
:10BEF00002F024FA04E0014620467F1C02F072FAA8
:10BF000001000CD0F9B2A942F5D1002100910146FF
:10BF1000242300223046FEF783FE0020F2BD2120BC
:10BF2000F2BD2DE9F8438AB080460D00144606BFE5
:10BF3000012601AD0026DFF804740021384602F026
:10BF4000FDF903E04946384602F04CFA5FEA000981
:10BF500022D000F0E7F949462846FEF761FE0822A4
:10BF600041462846F4F752FC002804BF287C0028EC
:10BF7000E8D13CB12078297B00F0400001F040017D
:10BF80008842DFD13EB100224946384602F054FAD9
:10BF90007888411E798001200BB0BDE8F083C0E7AE
:10BFA0000A460021BDE7DFF89403408800B1012074
:10BFB000C0B2704718B589B00C466946FFF7B1FFAB
:10BFC00048B328212046F3F791FA0120A0700E21F2
:10BFD0002180BDF80C00C10507D54FF48770208083
:10BFE000102205A9201DF6F7F5FF9DF80C000106AB
:10BFF00005D5208840F080002080059860600822E8
:10C00000694604F11D00F6F7E5FF0298A061F8F714
:10C0100029FD606101200AB010BD30B585B005462C
:10C020000C466846F9F7EDF90822294601A8F6F70B
:10C03000D1FF9DF80D0040F002008DF80D007CB19D
:10C0400021784A0644BF40F004008DF80D00208896
:10C05000410505D59DF80D0040F008008DF80D0054
:10C060006846F9F7F5FD401E8041C00F05B030BDB0
:10C07000F0B589B00D46044600226946FFF78FFFF0
:10C08000C8B103A92046FFF7C8FFA0B1BDF80C70E6
:10C09000FBF71EFE3E06B60FBF0A06F0010607F0CC
:10C0A0000107002804BF87F001073E4203D129465B
:10C0B0002046FAF746FD09B0F0BD2DE9F8410F46DC
:10C0C00097B080464021ADF80C1004A8F9F799F913
:10C0D0000026022101A88DF81010C0E9006601A910
:10C0E00040460024FBF794FD002840F0AC80404619
:10C0F0000CF00CFF0546FBF7EBFD08B1A32676E03C
:10C100007878042818BFAA2671D10CF031FF0228D4
:10C1100009D00096002304AA002101A8F8F77EFAAE
:10C1200008B1AD2663E00CF023FF022816D10320EE
:10C130008DF8100000F08AF89DF81D000021002203
:10C1400040F006008DF81D000CA800238C4680E806
:10C150000E100CA904A8FAF7B7FA17E00CF008FFC4
:10C16000012801BF7648017801F0840184290DD1AE
:10C17000022110228DF81010ADF8122000F066F8A0
:10C180009DF81D0040F002008DF81D00BDF8120062
:10C1900013A940F00400ADF8120004A8FAF78BFBD5
:10C1A000102207F10A0113A8F4F730FB10B1AD26F5
:10C1B00033240CE00CF0DCFE022807D10CAA01A904
:10C1C000FF20FAF7B6FA08B1052400E034240CF099
:10C1D000CFFE022807D19DF81D00010703D403A953
:10C1E00001A8FFF71AFF214601A8FFF741FF102021
:10C1F0008DF8240009A8042146708170082201A945
:10C200000DF12700F6F7E6FE00220B2109A8FCF746
:10C21000E5F9020007D0002E0CBF0323012301A97A
:10C220004046FCF77FFE75B1342C0CD101AA414683
:10C2300010A8FFF7BDFA09A810A90A22EFF7B4FB6E
:10C2400009A80EF099FA18B0BDE8F081082201A9FA
:10C2500005A8F6F7BFBE2DE9F841DFF8E8808BB0FE
:10C260004046FDF765FB05F059FD344E71684FF40B
:10C270007A724FF6FF77401AB0FBF2F4A4B214B111
:10C2800005F04CFD706030880021ADF8040031806D
:10C2900014E0FBF71DFD38B99DF81400410603D4E6
:10C2A000322102A8FAF74DFC9DF81400010644BFA4
:10C2B0000798F9F7FAF97088411E7180002101A8EA
:10C2C00002F09AF8050022D000F02CF8294602A8C6
:10C2D000FEF7A6FCBDF816000146A142C8BF2146E4
:10C2E000401A81B2ADF816000029D2D0B94298BFE9
:10C2F0000F460121009124230022294602A8FEF7BF
:10C300008FFC00222946304602F020F8D6E77088DC
:10C3100028B14FF47A7179434046FDF7B6FA0CB074
:10C32000BDE8F081002000902423002270470348DC
:10C33000FBF7A1BE014840887047000078510020FB
:10C34000443200201C33002017A230B5D2E900355A
:10C350008BB0044605A9C1E900356846F9F751F8E4
:10C3600003218DF80010082205A901A8F6F732FE76
:10C370009DF80D0007A940F002008DF80D006846F9
:10C38000FAF7A2F940B90822214601A8F6F722FEE1
:10C3900007A96846FAF76CF900B12D200BB030BD43
:10C3A000FFFFFFFFFFFFFFFFFFFFFFFFFFFFFFFF9D
:10C3B00078B585B004460D46164614216846F3F755
:10C3C00095F82A462146684600F05EF80446102299
:10C3D00069463046EFF7E8FA204606B070BD1421F2
:10C3E000F3F784B8F0B50C468DB0064617462546DF
:10C3F00014F00F0F18BF022044D10120F9F705F9FE
:10C400006846F8F7FEFF09208DF800006846F9F746
:10C4100001F86846F9F784F805A96846FAF754F96F
:10C420001FE096E80E1009A880E80E101022394689
:10C430003046EFF7B9FA09A96846FAF719F96846DC
:10C44000F9F76EF8324631460120F9F7C0FC0020BA
:10C45000315C3A5C51403154401C1028F8DB1037F5
:10C46000103D102DDDD2306905A9201830616846D5
:10C47000FAF7FEF80020F9F7C8F8B4F1005F2CBF16
:10C48000272000200DB0F0BD2DE9FF410C460646E7
:10C490001546002100276846002200238C46B84636
:10C4A00080E80E10002D18BF002C12D004F00F08E9
:10C4B000102C09D324092A4621013046FFF792FFA8
:10C4C00000283BD105EB0415424629466846EFF7A4
:10C4D0006BFA80200DF80800306940443061B0F5F7
:10C4E000005F26BF012707200320C8F11008804500
:10C4F0000BDA00F026F83069002100221038306194
:10C5000068460023002580E82E003169C9000A0A28
:10C5100057B1080E0B0C8DF80A008DF80B308DF812
:10C520000C208DF80D1003E08DF80E208DF80F1003
:10C5300000F007F8306910383061002004B0BDE821
:10C54000F0816A46102130464CE700001CB50022FD
:10C55000234BADF80220984201D0212016BD088857
:10C56000C10713D4800744BF4FF47F41ADF80210D8
:10C570001C48048802237F2221466846F7F747FFBC
:10C58000BDF800004FF6FF71884201D0232016BD90
:10C5900002220DF102012046F7F742FF002016BDEE
:10C5A00038B504460020207060700E4D29880223A3
:10C5B0007F226846F7F72BFFBDF80000C0B218B124
:10C5C000218841F001012180BDF8000010F47F4F67
:10C5D00003D0208840F002002080002032BD0000FF
:10C5E0001FD1BACAEE2904081CB504466846FFF7F5
:10C5F000D7FFBDF80000C1070BD4810705D522463F
:10C6000021461020FFF7D4FE18B110212046EFF785
:10C61000C7F913BD4FF4003006490860704706495A
:10C62000086810F1010F02D10448006808607047E3
:10C630000000000070500050841000209440005012
:10C6400010B5DFF834130A6802F17843B3F5C04F30
:10C650000CD21268DFF824339A4207D10124047007
:10C660000A68936843600968896901E000210170E4
:10C67000816010BD70B500F031F804D20068DFF8B9
:10C68000FC12884202D04FF4817070BDDFF8F05286
:10C69000A878002818BF02281DD105F1140000F069
:10C6A00049F8002000F0D1F94FF48036DFF8D402C9
:10C6B0000660002000F0BEF9DFF8CC0206602168B9
:10C6C000CA699047044605F1140000F0C8F81CB987
:10C6D0000120A87000E00024204670BDDFF89842D9
:10C6E000206800F17841B1F5C04F70474FF000501D
:10C6F00000687047FEB500F014F811D20FF2D02296
:10C7000092E888106946684681E88810FFF798FF2C
:10C710000298410504D5326829462046136C984793
:10C72000F7BD0446944E30680D4600F17840B0F5F0
:10C73000C04F7047FEB50446914D687810B1022194
:10C740006970F7BD002201920092002CF9D00120FF
:10C750006870F0F7FDFF28610EF048F8287860B99E
:10C76000F4F700FD48B98948006808232A1D884964
:10C77000F6F7B7F908B901202870864801684FF428
:10C780008046854B616140688449A0614E60844861
:10C790000268E2614360C26D2260036E814A636099
:10C7A0001768A760C26BE260036C7F4A236114685C
:10C7B0000123C463526802640B60C06D820410D50B
:10C7C0007A480368DA07FBD4E8684FF40072784CC3
:10C7D0004FF4801310F1010F08D003FA00F020602D
:10C7E0000DE074480268D307FBD4EDE7A878002871
:10C7F00001BF0A6070490868002808BF236004214F
:10C80000216022600EF0F2F810F1010F0CD00EF052
:10C81000EDF840F20111884206D04FF4005020603C
:10C820002660042265490A60082020604FF4805287
:10C8300022604FF0006121604FF40023636069467D
:10C8400001A8FFF757FF01982060009961602878E0
:10C85000012803D168682060A9686160F7BD38B518
:10C860000446474D6878012802D00121697031BD26
:10C87000002C3BD00EF0BAF810F1010F0CD00EF0E6
:10C88000B5F840F20111884206D001204C4A1060F0
:10C8900046490868C207FCD421684A488165626835
:10C8A000C265A1683F4A1160E36883632169C1637F
:10C8B000227FD10744BF00220260E86810F1010F17
:10C8C00004BFA878002805D13B490868C20744BFC7
:10C8D0000020E86061692F480160A26942600DF0A4
:10C8E0008AFF2869F0F73AFF0020687031BD7CB5F7
:10C8F0002349487800B9FEE7244C00212068CDE99F
:10C900000011234D08236A462946F6F7EAF8246801
:10C910002D49012270B90868202806D3019E0968B4
:10C92000A1F12000824032430EE0009B0868824063
:10C930001A430DE0254EB04211D10868202805D3D6
:10C940000E68A6F120018A40019202E00868824048
:10C95000009208236A4629462046F6F77BF84FF0F6
:10C96000005040F20B214FF20F020180428000F094
:10C9700045F873BD000000002800000807B0CD5E38
:10C98000AC1000200CA0004410900044881000203F
:10C99000007108006480005055CEAC0064900050D7
:10C9A000048000447081004440C000540C000440E6
:10C9B000609000440C00045004C005507091004485
:10C9C0006490004008800044408100440BE000F087
:10C9D000010000000000000000000000302080F393
:10C9E0001188704710B56FF00404052160B200F0A3
:10C9F00037F8641C62B24C2AF7DB10BDBFF34F8FCF
:10CA00001E490A681E4802F4E06202430A60BFF34E
:10CA10004F8F00BFFDE700280BD4012200F01F015B
:10CA20008A40184B400943F82020BFF34F8FBFF3D3
:10CA30006F8F7047002807D4012200F01F018A4041
:10CA4000114B400943F820207047002807D40122E9
:10CA500000F01F018A400D4B400943F82020704729
:10CA60000901002802D40A4A11547047094B00F00A
:10CA70000F00184400F8041C704700000CED00E0A3
:10CA80000400FA0580E100E000E100E080E200E05F
:10CA900000E400E018ED00E01E4800681E49086050
:10CAA00070470000F8B51D480DF0DAFF4FEA0D00A1
:10CAB0001EA11022EEF778FF0D2003218DF80A0049
:10CAC0008DF80B1000228DF80120694614480DF0F6
:10CAD000F2FF2A20FFF7B9FF02200F4908602A2041
:10CAE000FFF7A8FF02200F49086005B000BD0C4801
:10CAF0000DF0D0BF10B50A4C20460EF023F82046AA
:10CB00000021BDE810400DF0B1BF0748006800F0FB
:10CB1000010070471840005B1860005BBC6F0008A4
:10CB20000040005B1C50005B0440005B0100000003
:10CB30000000000000000F0000000000704710B56A
:10CB400004460EF03DF82046BDE810400EF076B8E1
:10CB500038B504460D460EF035F829462046BDE8A6
:10CB600034400EF06CB870474FF480300C490860C8
:10CB700041F671320B4B1A6001200B490860704777
:10CB800010B5084841F6713101600122064B1A6068
:10CB9000002404604FF480300449086010BD000098
:10CBA000689000503C0003500C20035068A00050D7
:10CBB0000EF046B80EF04BB80EF052B880B500201B
:10CBC00004F010F905E00A46014680B5002000F0A7
:10CBD00004F8401E8041C00F02BD1CB501231400A3
:10CBE00008BF002302D0022A08BF0223174A00927E
:10CBF00000240A460194002103F000FC16BD002029
:10CC000003F02CBE80B592B0002003F02CFA10493E
:10CC1000088807F027FE0F4900200EF02BF8684621
:10CC20000D494822EEF7C0FE0C48026802A90A60CE
:10CC3000426800204A606A46002103F061FA6A46B1
:10CC40000121002003F05CFA13B000BDEDC9020819
:10CC50007018002028620008D877000810540020BF
:10CC60000021002003F0BDBB002004F0BFB800206D
:10CC700004F0F6B82DE9FF4D80460D461646002714
:10CC8000FEF76EFC04280CBF01240024681CFEF78C
:10CC90005FFD002C5FD04046FEF74FFD007800F0AE
:10CCA000030001280CBF0324022409220121284685
:10CCB0000DF008FD83460922002128460DF002FDF3
:10CCC0008DF8040028780022411E89B22846FBF71F
:10CCD00085FC5FEA000A05EB0600029025D001AB57
:10CCE0005A46514620460CF014F90446022C0DD148
:10CCF0005046FBF766FB2870009700F057F8514646
:10CD0000FDF78EFF2878401C28700CE0002C48D0DE
:10CD1000032C08D10298FEF71BFD4FF6FF5101408E
:10CD20000298FEF71BFD042C13D04046FEF70EFCC4
:10CD300000040ED4691C8A5D90070AD529780298F0
:10CD400042468E1B711EC9B206F087FA2978401838
:10CD50002870012709E04FF67F7107060140FF0F99
:10CD6000681C87F00107FEF7F9FC297800222846A5
:10CD7000FBF734FC040015D00023012221460020DB
:10CD80000CF0C7F802280BD12046FBF71AFB2870DD
:10CD90000020009000F00AF82146FDF741FF01E075
:10CDA00000B92870384604B0BDE8F08D297801221A
:10CDB000681C4B1EDBB2704700000000FEB500BFD0
:10CDC00030A4D4E9005602460020CDE900563AB915
:10CDD000114601200DF04EFF90B9FEBD401CC0B2BF
:10CDE00032F810402504F3D48842F1DA002500E03F
:10CDF0006D1CEEB23DF816603704EFD4A642F7D1B1
:10CE00002120FEBD80B500F003F800B1012002BD75
:10CE100070B50446FEF79CFC0546042200F02DF890
:10CE20002044FEF795FC0646032200F026F8204435
:10CE3000FEF78EFC4FF6FF718E4206BF884201203E
:10CE40000020002605F0010505420DD0062200F065
:10CE500014F82044FEF77CFC04460EF067F8844288
:10CE600014BF0226062604E020460EF0FDF800B1AD
:10CE700008260EF055F8304070BD002120460DF018
:10CE800021BC0000990089000080000038B50C46E4
:10CE90006D49097884B01546032912BF04296B49EE
:10CEA0000D788DF8090001200D228DF80A008DF80B
:10CEB000082021460DF10B00FEF750FC00200190E8
:10CEC00001218DF80D500091062302AA2046FEF79D
:10CED00035F9010008BF192005D0214606F06FF989
:10CEE000401E8041C00F05B030BD5948B0F8E41075
:10CEF00003220120CAE72DE9FE4F0746FEF785FB16
:10CF000080463846FEF740F90446611CC9B23846EF
:10CF1000FDF7BAFE0546A11CC9B23846FDF7B4FEBE
:10CF200000EB40063619F61C3846F6B2FBF749FA14
:10CF3000B0424FDBE41CE4B2DFF818910DF1040AB3
:10CF4000ADF8087038E040460AF058F90EF087F95D
:10CF50003F1840460AF052F979B20EF091F92AE0F2
:10CF6000032101A8F2F7C2FA0020BDF808100090D2
:10CF70000323E2B201A8FDF753FE9AF801009DF8E1
:10CF800004109AF9027001EB002BFAF7A1FE834519
:10CF900011D100F03BF818BF0428D4D100F03AF8C2
:10CFA0003F1878B200F018F899F800106FF04C00B4
:10CFB000264A401A1070E41CE0B2B042D0DB414671
:10CFC000012D07D199F900200220C2F1B302D2B29B
:10CFD000FFF75CFFBDE8F78F10B5044600F016F8C8
:10CFE00018BF042803D08C211CA0F9F78BF918492D
:10CFF00091F9D600A042B8BF044604DB14F10F0F2C
:10D00000B8BF6FF00E041448047010BD0E480078CD
:10D010000328704780B5FFF7F9FF18BF042804D034
:10D020005FF0A4010DA0F9F76DF90B4991F900002B
:10D0300010F1800F04BF064890F9D60002BD6FF0D2
:10D040007F00054908707047415800207C58002037
:10D05000945200209E510020CD1800206368696C16
:10D06000642D68616E646C696E672D7232322E6356
:10D07000000000002DE9F04786B009F050F9DFF814
:10D0800020673278DFF81C17DFF81C0709F0D0FFA3
:10D090003178DFF818A7092250460027EEF790FCF8
:10D0A000DFF80C8703ADB94614E0AA7A0023F9B281
:10D0B00000F035F80123FAB21B2102A8F7F79AF91C
:10D0C000BDF80810F8B26FF07F020AF8001008F8F7
:10D0D00000207F1C3178F8B288421DD20B23FAB2AF
:10D0E000182103A8F7F786F9687A297A002401EB5A
:10D0F0000022A87A010748BF02241000DAD04FF6B8
:10D10000F8718A42D6DACDE9004903ABF9B20020C2
:10D1100009F0BCFF0028C8D006B0BDE8F08710B504
:10D120004FF48050DFF87C2622F811000024DFF84D
:10D13000840640F821401B02DFF87C2622F81130DB
:10D1400010BD10B5DFF874160C78002C14BF240243
:10D150004FF480740AF052F8FF280DD0DFF85836EB
:10D1600033F8101031B1A1EB111101EB141123F8B8
:10D17000101010BD23F8104010BD2DE9F8430746EC
:10D18000884600240026DFF81C96DFF8145615E0C8
:10D1900030460AF0E1F8C0070ED530460AF0DCF858
:10D1A000800709D4012439F81600B8F1000F0CBF2C
:10D1B000B843384329F81600761CF6B22878864220
:10D1C000E6DB2046BDE8F28330B5DFF8D445002128
:10D1D000DFF8D025257800E0491CCBB2AB4206D25F
:10D1E00032F8133003408342F6D1012030BD0020D5
:10D1F00030BD2DE9F84117464FF6F87485B08046EA
:10D20000A74221DA1C460D460822214602A8F5F75E
:10D21000E1FE380A8DF81100DFF8841508788DF8E2
:10D220001070854210D20C9E00212346F00800F0B9
:10D2300001004000CDE900018DF812603A46294610
:10D24000404609F023FF08B1002041E00E9B0D9FEE
:10D25000324629464046FFF762FF2E46DFF84485F6
:10D2600038F816000B2302AA40F4804028F8160074
:10D2700029461820F7F7C7F8DFF83005790708D5F1
:10D280000122825538F8161041F0080128F81610CE
:10D2900003E0DFF82C150A788255821900F09AFA1B
:10D2A000DFF820150A78DFF820050023B21840F8CF
:10D2B000223020460DF057FFDFF8F4148855204641
:10D2C0000DF073FFDFF804050178491C017001209F
:10D2D00006B0BDE8F081DFF8C8241378984200D387
:10D2E000704710B5DFF8DC241378DFF8DC14002475
:10D2F000C01841F8204010BD2DE9F84F84B0824697
:10D30000884616461F460024002502E083451BD0B0
:10D310006D1CDFF88C140A78E8B2904219D209F03B
:10D32000F6FE83460B23EAB200F01AF9B8F1000FBB
:10D330004FF6FF70EAD08345EAD00822694640469E
:10D34000F3F764FA0028E3D19DF80A0000F0EF0932
:10D3500000E0FF254FF6F871ADF80E608E4252DA0C
:10D36000E8B2DFF86064DFF860B48DF80C70FF2875
:10D3700016D05FFA89F0B84206D1BDF80E70E8B257
:10D3800009F0C5FE87420BD00AF086FC20B9307840
:10D3900050FA85F05BF82040E8B200F069F9FF250B
:10D3A0009DF80C00810748BFBDF80E004BD4E8B2D1
:10D3B0000E9FFF280AD040460DF0D5FEDFF8F0138F
:10D3C000EAB2885440460DF0F0FE21E00BF0CAFDB1
:10D3D000DFF8F8130A78904215D00021002009F0F8
:10D3E000DDFE0546FF280ED09DF80C209DF83C1070
:10D3F00050460092BDF80E200291019743462946FF
:10D40000FFF7F7FE10B94FF6FF701CE002F0CFF8FF
:10D410003946E8B200F0A8F8FAF75AFC0746E8B235
:10D4200009F075FE0023012239460BF014FF0AF0C3
:10D4300033FC28B93078E4B250FA85F04BF820403C
:10D44000E8B209F064FE05B0BDE8F08F0020DFF817
:10D45000541307E031F810204EF6FF731A4021F8FC
:10D460001020401CCE4A13789842F3DB70477FB5FA
:10D4700005460C460BF076FD854204D2284609F09D
:10D480006BFFC00701D417203CE00B232A4600F0B5
:10D4900067F89DF80A60082269462046F5F79AFD6C
:10D4A000B00748BF022003D430074CBF032004203C
:10D4B0002072284609F02BFE60812E46BC48815D13
:10D4C0002846617309F030FF2073B848815D01F090
:10D4D0000F01A173805D30F0F00005D00221401EE5
:10D4E00081403C20484300E00A20B24951F8262000
:10D4F0004FF47A73B2FBF3F1814234BF401A00203B
:10D500002061002004B070BD3EB504460D460BF00E
:10D5100029FD844201D327203EBD082229466846C2
:10D52000F5F758FD69898DF808106A89120A8DF897
:10D530000920297A022906D102228DF80A2000F05A
:10D540005CF800203EBD00220329F6D10822F4E752
:10D55000E0B502460B2300F003F89DF80A000EBD6B
:10D5600018216846F6F746BF38B586B001F00105C8
:10D57000044601A9FFF77BFF290014D098B9204683
:10D5800009F0EAFEC00709D5204609F0E5FE0006CD
:10D59000400E00F0010080F0010000E00020014694
:10D5A00001A805F0DFFA204608F052F89DF80C00BB
:10D5B000BDF80E2001AB0090294620460DF0B9FFC2
:10D5C00007B030BD3EB504460D4609F0A0FDA842A7
:10D5D00012D04FF6F8718D420EDA0B232246FFF778
:10D5E000BFFF290A8DF809108DF8085000F005F8E2
:10D5F0002946204609F030FE37BD0B236A462146F6
:10D600001820F6F700BFF8B5714D29780446A142FD
:10D610002DD04FF6FF7609F07AFDB04227D02C705E
:10D62000204607F0EBFA204609F057FDF8B96748A5
:10D630000178614F4A1E027001F0B9FF00212046B7
:10D64000FFF7C0FF20460021564A22F810106FF065
:10D650007F0357490B54002227F810200DF07CFF60
:10D66000002231461120FAF70DFCFF202870F1BD91
:10D6700010B504460BF076FC84420ED2204609F029
:10D6800046FD4FF6FF71884207D000212046FFF784
:10D690006BFF2046BDE81040B5E710BD38B500244B
:10D6A0000AE0E0B207F0AAFA0021E0B2FFF78AFF31
:10D6B000E0B209F012FD641C39480578E1B2A942D4
:10D6C000EFD300234148037069003648EEF768F94C
:10D6D00069003948BDE83440EEF762B93048017856
:10D6E00019B180223248EEF76BB9704738B54FF662
:10D6F000FF750C46A84205D009F091FFFF2818BF1E
:10D700000AF040F82CB129462046BDE834400AF022
:10D71000E2B831BD7CB504460D461646FFF7E6FF7C
:10D7200000200321019000912DA2935D22462946FD
:10D73000FFF7E2FDA04201D1002076BD012076BDB9
:10D7400038B504462146002009F028FD05464FF66D
:10D75000FF7120460AF0BFF82846FF2803D0FFF7E4
:10D7600052FF002032BD012032BD38B509F046FD20
:10D770000546FF2D12D00B4C14F8150001070DD5EE
:10D780000F4A117809484219415500F023F834F83E
:10D7900015104FF6F770014024F8151031BD000048
:10D7A0009A1800209C330020C81D0020444100200E
:10D7B00064340020E0330020883400209D51002094
:10D7C000B5180020A11800207C3D002049580020F9
:10D7D000C6180020012329461B20F6F714BE0000BE
:10D7E000008F8E8C80000000DFF8BC0A007E00B144
:10D7F0000120704710B5DFF8B04A217E062905D117
:10D80000152805D100202076FDF726F8207E00B1EE
:10D81000012010BDDFF8900A017E042901D101200A
:10D8200070470020704770B5164604460D46FF222B
:10D83000FAF768F828B9002229462046FAF762F874
:10D8400038B12EB169082046BDE8704003F040B8F9
:10D85000022070BD70B50446084615461E46324685
:10D860000821FFF7E0FFA0B9324602212046FFF76A
:10D87000DAFF70B92878002818BFFF2806D0DFF833
:10D880002C1AC140C80703D5022070BD192028708A
:10D89000002070BD10B503465C1A012CACBF2246B7
:10D8A000CA1AC92A02DB884203D901E0814200D3A7
:10D8B0000846834201D1012010BD002010BD70B583
:10D8C00005460E46DFF8E809017886B011F00F0F23
:10D8D00006BF95F828000228022041D10123AA1C86
:10D8E000291D2846FFF7B6FF040038D195F8260019
:10D8F00000F083000DF092FE95F82800DFF8A819DB
:10D90000487618216846F1F7F1FD0822291D68467E
:10D91000F5F760FB29888DF80A60DFF89829ADF8E3
:10D920000810A87803218DF80C108DF80B000592D3
:10D9300041F606310020F6F7B9FDA98C09B94FF47C
:10D94000417195F828206B46012000F0F0FF044655
:10D95000002003F085FA10B1002002F003FC2046FD
:10D9600006B070BD2DE9F043DFF844793C788DB006
:10D9700005462C22294602A804F00F04F5F72AFBDD
:10D98000012C18BF062C2AD0DFF81C69307E30BB72
:10D9900095F82800401E032821D80DF031FEDFF84D
:10D9A0001889C0071DD4FAF7A8F9814602F0E0F9FA
:10D9B0000446684602F080F80822291D6846F2F7FE
:10D9C00025FF002858D1697B2046FFF763FF002818
:10D9D00046D1707E80BBDFF8E40800782CE002209E
:10D9E00088E001210020FAF777FF040079D10DF0DB
:10D9F0006FFE0FF614124FF6FF71012001F03DFF8C
:10DA000095F826000024C1070ED500220821281D04
:10DA1000F9F778FF40B90822291D03A8F5F7DAFACB
:10DA20002888ADF8080004E003A8C0E90044ADF878
:10DA300008408DF815402EE002280ADDFAF748F973
:10DA400001460122284600F06CF9002088F8000009
:10DA500050E0687B02F094F9A87802F018F809E029
:10DA6000697B8C4206D0F9F7AEFF02462146284674
:10DA70000EF0CAFC05203DE00822694603A8F5F730
:10DA8000A9FAADF808908DF8154095F828000228FD
:10DA90000CBF01240224A87841F288358DF80A00D1
:10DAA000002002F0BAFE01280CD10DF0A9FDC0073C
:10DAB00003D5284600F0C0F804E0002000F026F965
:10DAC0000120B07702A920460EF082FB040009D1A4
:10DAD0000120387004213176294608F10400FBF753
:10DAE000D4FE06E0B07F20B1012000F00FF9002045
:10DAF000B07720460DB0BDE8F08380B50DF0B1FDE4
:10DB0000002002BD30B58BB004460D462C2168467E
:10DB1000F1F7ECFC41F60632ADF80020102205F1D9
:10DB200015010DF10200F5F755FA102221460DF10D
:10DB30001200F5F74FFA28460DF093FD6846FAF704
:10DB400023FE0BB030BDDFF86007017E012901D153
:10DB50000120704700207047DFF84C07407E10B965
:10DB6000DFF8580700787047DFF83C1748767047B1
:10DB70002DE9F04104468846DFF834070178DFF8E4
:10DB80002857287E17466E7E01F00F01002818BF27
:10DB900006284AD1012918BF062946D00DF030FDCC
:10DBA000C0070AD5687E10B9DFF810070078012891
:10DBB0001CBF48F69900FAF7A8F80DF021FD81077F
:10DBC00044BF40F010000DF029FD04B96C6AE87EF6
:10DBD00030B90DF07EFE20460DF036FE0120E876CD
:10DBE000F9F7E2FE68774046F9F7C4FE10B100216C
:10DBF000E97616E0781E032815D8012028766F767E
:10DC0000042221460A200EF055FE040008D0002010
:10DC1000287695F91D00F9F7ADFE00206E76E876BE
:10DC20002046BDE8F0810021E9760220F9E70020D6
:10DC3000DFF87416C876704770B50400DFF88056B8
:10DC4000DFF8806611D1301DFBF772FE3278FF2AB3
:10DC500004D0287810B900210EF0D8FFFF203070D2
:10DC6000002028706870002070BD29786878014312
:10DC700023D1301DFBF76EFD20B1301DFBF76EFD8B
:10DC8000A0421AD2301DFBF765FD40B900210EF00D
:10DC9000CEFF30700222002100200EF0B7FF14F1F9
:10DCA000010F05D02146301DFBF7EFFD0020D9E71D
:10DCB000301DFBF73DFE0120D4E7022070BDDFF8E8
:10DCC00000160870704780B5DFF8FC05FBF742FDD1
:10DCD0000146DFF8EC255078084318BF012002BD4B
:10DCE00038B5DFF8E045201DFBF722FE2278DFF88B
:10DCF000D055FF2A04D0287810B900210EF086FFF5
:10DD0000FF20207000216970297031BD00280CBFF0
:10DD100002220122002100200EF078BF002002F034
:10DD20007CBDF8B5DFF89045074661803888DFF89C
:10DD3000786515463081B978F172F9F735FEB07221
:10DD40000822391D3046F5F745F9787BDFF8641570
:10DD500071613074032030732A0009D10DF050FC3A
:10DD6000C00705D404224FF6FD7100200AF0C6FE5C
:10DD7000F9F733FD10B11620F9F7EBFC03203076EC
:10DD8000B576002D14BF4FF4FA614FF4FA71201DDF
:10DD9000BDE8F440FBF779BDF8B5DFF81C558AB053
:10DDA000281DFBF7C5FDDFF80045207E032854D170
:10DDB000607EDFF8086500B930780228DCBF0620F5
:10DDC0002076A07E41F6063758B1DFF800150878B6
:10DDD000820754BF41F6043139460020F6F766FB4E
:10DDE00011E004F0D5FF01220021DFF8E404FBF785
:10DDF000CFFA68460DF01AFC0DF1150300223946E2
:10DE00004020F6F713FB0020DFF8A4140870627EB0
:10DE100002B932786988234600F089FD60BB0DF0B5
:10DE2000EFFB2978002914BF4FF6FF614FF6FF7111
:10DE300008404FF6FE7108400DF0F0FB01202870FD
:10DE4000607E00B93078022821DD4FF4FA61281D88
:10DE5000FBF71BFD0720207619E0072808D10020DA
:10DE600020760023FF220021012000F087FE0EE033
:10DE7000042818BF05280AD1A07F20B10120FFF790
:10DE800045FF0020A0770021217600F065F80020F2
:10DE900002F0E6FF10B1002002F064F90BB0F0BD13
:10DEA000FEB50D46DFF80074397E0446164601299A
:10DEB00013D1002003F007F8009001962B4622466C
:10DEC0000FF23C410020FCF7A5FF788428B1022125
:10DED0003976BDE8F7400EF053BDF7BD7FB5DFF8EA
:10DEE000C843207E012809D194F91D000021217624
:10DEF000F9F740FD00200EF0B1FE28E0022828D1FD
:10DF000001200EF0ABFE01A80021C0E90011608CD9
:10DF10000821FCF71CFF0546608C0D21FCF7B4FEC0
:10DF200006460020618C00900823002201A8FCF71F
:10DF300077FE0020608494F91D00F9F71BFDF309BA
:10DF4000012201A928460EF043F800202076012086
:10DF500000E0002004B070BD00B585B0102307229A
:10DF600001A90120F9F7C1F89DF8070001F08FFD24
:10DF70001720FEF71FFE00216846F9F759FC172805
:10DF800008BF00200ED0FFF7E7FD032809DBDFF80C
:10DF90004403B0F8E4104FF6FF72914208BF03202B
:10DFA00000D00220F9F7D5FB05B000BD38B50A4610
:10DFB000BD4C217FDFF8205309B92880AA702A467A
:10DFC00000200EF0BDF9218C00222846FFF7A9FEA3
:10DFD0000120F9F7BEFB28460EF042FE012032BDBB
:10DFE0002DE9F0410546BD4800780E468AB09046BE
:10DFF0001C46C10758D5400703D40DF001FBC007EC
:10E0000052D5002101A8F9F713FC002804BF9DF8A0
:10E01000040001280AD0A44F787E022D45D100F0DB
:10E0200081F87CDD308B0EF029FEFF2872D006AB24
:10E03000224606F1100100200EF03AFE002869D1B8
:10E040000E22414602A8F4F7C5FFBDF81000BDF846
:10E050000E10884204D20022ADF80E20ADF8102038
:10E06000BDF80C00BDF80A10884204D20022ADF8B9
:10E070000A20ADF80C20BDF81400BDF8121088423B
:10E0800004D20022ADF81220ADF81420BDF814001F
:10E09000BDF81230BDF80E200090BDF80C10BDF890
:10E0A0000A000DF082FA20B134E000F03BF8B9DD4F
:10E0B00035E0B478280004BF002C7C6A04D001202D
:10E0C00000FA04F4280003D10421301D02F000FC02
:10E0D0002C2231468048EDF767FC3D77B8F8000008
:10E0E00006A9102238847A48EDF75EFC290005D194
:10E0F0007B4A032120460EF0F4FA10E00023B21C04
:10E10000311D3046FFF7A6FB20B9B1783088FFF704
:10E110004DFF04E03246294601200EF011F90AB005
:10E12000BDE8F08108B96548007802287047F8B565
:10E1300005465D4F387E84B016461C46042825D11E
:10E140006848FBF7F5FB0021397615B1FFF704FFAE
:10E150001CE0F9F7BDFD05469EB110230722694674
:10E160000120F8F7C2FF082202A9201DF4F732FFB0
:10E170009DF80300A070BDF80010218001F0F8FDAB
:10E180006073012229462046FFF7CBFD05B0F0BDA4
:10E190001CB50446684601F08FFC08226946201D24
:10E1A000F2F734FB80B9F9F7A8FD218881420BD141
:10E1B00001F0DEFD617BFFF76DFB28B9607B01F0AC
:10E1C000DFFDA07801F063FC13BD80B50DF018FAF7
:10E1D0004FF6CF61084040F001000DF01FFA00201B
:10E1E0003149087601BD10B52F4B5B7E0BB9334B1F
:10E1F0001B78032B12DA3C4C23787BB188420DD17B
:10E2000090070BD5084609F014FA38B1007928B9FF
:10E2100000213648BDE81040FBF737BB10BD10B5F4
:10E220000C4610237F221C21F6F7E4F82046282311
:10E230007F221D21BDE81040F6F7DCB8024610230E
:10E240007F211C20F6F7DFB880B50DF0D9F9000A60
:10E2500000F0010080F0010002BD2548254908605A
:10E2600070471E48007870471C49087000207047AE
:10E2700010B504460DF0C4F94FF6FD710840204377
:10E28000BDE810400DF0CAB90748406A70471A4807
:10E290000068704704494862704717490860704732
:10E2A0001648F9F7E8BE00002C520020FF0700F8DE
:10E2B0004258002000F8FF0770130020415800204A
:10E2C000845800209413002098130020443200202A
:10E2D0008452002094520020585200206858002098
:10E2E000ADDF01087413002049580020BC32002023
:10E2F0002C79000828520020545200204E52002051
:10E30000383431320000000000000000000000003E
:10E310000088401E8041C00F704738B50446002574
:10E320005CB1002100F00AF803E020466D1C00F00B
:10E3300059F801460800F8D1A8B232BD00880200A1
:10E340001CBFC9B2FAF7A4B8002070472DE9F0410C
:10E35000044627880D461646380008BFA84608D050
:10E36000F1B2FAF795F880462A46F1B23846FAF744
:10E37000A2F84246F1B22846FAF79DF82580BDE89A
:10E38000F081F8B5044620880D4616460021FAF7BC
:10E390007FF80746B04209D129462046BDE8F4403F
:10E3A00016E000213846FAF773F807460021384690
:10E3B000FAF76EF8B042F4D12A4600213846FAF74F
:10E3C0007AF8324628460021BDE8F840FAF773B8DB
:10E3D00038B5044625880022FFF7B8FF280018BF8B
:10E3E000258031BD00880A46814201D10020704756
:10E3F00000211046FAF74CB8F8B5044626880D46B9
:10E40000300001D10020F2BDC9B2FAF741F8074649
:10E41000B04202D10020208007E0E9B2FAF738F8D4
:10E420000246E9B23046FAF746F80022E9B2384629
:10E43000FAF741F83846F2BD2DE9F84305462C8835
:10E44000884617460CB9002025E026463046F9F7E5
:10E45000B8FF814605E0A0421BD00646F9F7B1FFA0
:10E460008144F9B200F01AF84045F4D1F9B2FAF754
:10E470000FF80246F9B23046FAF71DF8444503D1C9
:10E48000A64208BF00262E800022F9B24046FAF7C5
:10E4900012F81FFA89F0BDE8F28301213046F9F73E
:10E4A000F7BF0000DFF8141C48617047DFF80C0C60
:10E4B0000078704710B5DFF878472078112804D02D
:10E4C000D621DFF8FC0BF7F71DFF4121217010BDAD
:10E4D0000146DFF860070278042A1CBFDFF85807FE
:10E4E000FBF7D3B9DFF8D40B017E491D01767047E5
:10E4F0004FF47A70ECE780B5DFF84007F9F7BBFD21
:10E50000DFF8C00BF9F7B7FD0CF0BCFDBDE801402A
:10E510000EF0A4BCDFF81807007833281CBF43288E
:10E52000532801D1012070470020704710B50BF02F
:10E5300051FF04F046FCF0B1DFF8FC06FBF7F8F9F8
:10E54000DFF8844B217A04F10E0001F0B7F9207E48
:10E5500018B10EF077FC002020760021DFF85C0B6C
:10E56000017300F009F8FCF777F90BF080FFBDE8C4
:10E57000104001F024BB10BD38B5DFF8B846207854
:10E58000032818BF042809D1DFF8400BB0F8E410C5
:10E590004FF6FF72914208BF032008D0F9F7CAF87E
:10E5A0000546F9F7CBF8294603F09DFF0220F9F75D
:10E5B000D0F801F0C1FB00F0FAFF207803281CBF5F
:10E5C0000428FCF778F9002002F04AFC20B1002072
:10E5D000BDE8324001F0C6BD31BDDFF8E01A486148
:10E5E000DFF84C261078032800D1704780B5C0B101
:10E5F000332818BF43280ED100F0F5FF18BF0428B8
:10E6000003D10323137048691CE04869FEF7D2FA6E
:10E61000BDE80140B0E721201070BDE801400AF0DC
:10E62000C6BA01BD80B50020DFF8041608704FF6A9
:10E63000FE70F9F755FB4FF6FF70F9F766FBDFF850
:10E640007C0A4069BDE80240FEF7B4BA38B504461A
:10E65000DFF8DC15087830B9208900F049FD02D0D8
:10E660000FF074F908B1022032BDDFF8645A28783F
:10E67000810708D5F9F72CFB4FF6FE72904203D1C3
:10E680000BF082FC00E00020214601F0BCF80028DD
:10E69000EAD1287881074CBF0220012001F08CF8D4
:10E6A00000210120FAF718F90028DDD1DFF8241A3B
:10E6B000087808B1FEF7F2FF002208212046F9F79A
:10E6C00021F938B10421204602F002F910B140F6D8
:10E6D000124032BD00F04FF8E081217462612046A3
:10E6E000BDE83240A9E170B50D460646DFF8401599
:10E6F000087830B9308900F0FBFC02D00FF026F921
:10E7000008B1022070BDF9F7E3FA4FF6FE729042AD
:10E7100008BF0BF039FC314601F075F8040028D130
:10E72000280014BF0520062001F046F80121002032
:10E73000FAF7D2F804001CD1002208213046F9F77C
:10E74000E1F838B10421304602F0C2F810B140F6C9
:10E75000124070BD00F00FF8F081317472613046E4
:10E7600000F06BF90446002D14BF04200520F8F7D3
:10E77000F0FF204670BDDFF8D00B01780020DFF8F5
:10E78000CC2B7047F8B50746DFF8C46B3046FBF773
:10E79000CFF8DFF8A01408780224012818BF022857
:10E7A0001BD10024DFF8AC5B390005D12878A0B17B
:10E7B0002C7040F619400EE0FF2F06D04FF47A710E
:10E7C00011FB07F13046FBF760F8287828B90121E2
:10E7D000297040F61840FEF7EDF900F0E8FE2046FB
:10E7E000F2BDDFF8700B00787047DFF8681B08781F
:10E7F000002800D1704780B5DFF8540BFAF7AEFF60
:10E800004FF47A71B0FBF1F0C0B202BD80B5FBF7F6
:10E810008FF80020BDE80240B4E738B504460D4645
:10E8200001200EF049FB287B00280CBF4FF6FE703C
:10E83000F9F74EFA2B462246014601B00120BDE809
:10E84000304074E02DE9F0418046DFF8E473387819
:10E850000C4615461E4650BB280028D0072D26DA48
:10E860000FF074F818BB307B03281ED14FF6FE71F1
:10E870008C4202D1012D09D10024B8F1000F1FD024
:10E88000307B03280CBF0121002112E0022D0ED1A4
:10E89000F9F71EFA4FF6FC71884203D2F9F718FA1D
:10E8A0000446EAE70BF070FBFAE7012DE5D1022000
:10E8B00023E02846012D18BF0020FAF70DF8E0B933
:10E8C0003146204600F09FFFB8B93878332818BF8A
:10E8D000532803D00020DFF8E4170861284600F031
:10E8E0006BFF00214FF6FF7001F0FAF8DFF8E41734
:10E8F000087808B1FEF7D2FE0020BDE8F08138B5F7
:10E900000446DFF8B85708222146281DF4F762FBB9
:10E91000207B0328A8BF0020287028781721696170
:10E9200000280CBF01203120C149087031BD10B54D
:10E930001C46FFF787FFD8B9207B0328204602D169
:10E94000BDE8104079E0FFF7DAFFDFF8700700213B
:10E950008181F9F738F8012202FA00F1DFF8400C62
:10E96000027806200DF0A6FF10B10021B04A117008
:10E9700010BD2DE9F04107469046DFF84C6786B0A0
:10E980000C461D4616223046EDF70EF8082204F11B
:10E990000E016846F4F71EFB21888DF80A800022DC
:10E9A000ADF8081021798DF80C206B468DF80B100E
:10E9B0003A464FF6FE710120FFF744FF38B968462A
:10E9C000FFF79DFF204600F005F800B9357606B048
:10E9D000BDE8F08110B5044696480078032818BFBA
:10E9E000042806D1607BC10744BF94F90900FEF7F3
:10E9F000F3FA0021DFF8D40680F8D510207901F071
:10EA000046F801F064F822886188034600200FF080
:10EA100005FA040004D01720FFF7DFFD204610BDE3
:10EA20001720FFF73FFDC8218348FAF72EFF032088
:10EA3000DFF888160876002010BD10B504460022C5
:10EA40000821F8F75FFF08B1012010BDF9F740F980
:10EA500000224FF6FF7100F010FF217C204600F0ED
:10EA60002DFF6269E189207C01F097F971480178F6
:10EA7000012908BFFAF7A8FDFFF77EFD002010BDB1
:10EA800038B504466A49087810B90EF05FFF08B13E
:10EA9000022032BD0EF019FADFF87C5B24B10222AD
:10EAA00021462846F4F796FA00216846F8F7C0FE9A
:10EAB00008B1172032BD00F04FFF80BB9DF8000069
:10EAC0005C4C00F079FE2078012818BF022807D09E
:10EAD000032818BF042836D1002001F045F890B370
:10EAE00000F052FF2078032814BF042807F017FC19
:10EAF000FFF742FD01200FF008FA80B920780328C3
:10EB000018BF04280ED129788A0709D500230522C9
:10EB1000DFF83818012000F031F800B9002032BDCC
:10EB2000032801D00428F9D1DFF8884C02230B22F6
:10EB300021460120F8F7D9FA20784107EED50020C8
:10EB40000BF076FDEAE72078052818BF0628E5D106
:10EB500000F01AFFFFF710FD207805280CBF0420F5
:10EB60000520F8F7F6FD01200FF0CFF90028D5D0E9
:10EB700032BDDFF848050069C0B270472DE9F041A9
:10EB80000546184688461746032818BF042802D0B1
:10EB90001BB1212049E000F00FFE26480178012931
:10EBA00041D023480678022E08D0032E3BD12800FE
:10EBB00004D1DFF81C0501788A0734D43320F8F734
:10EBC000C8FD0BF007FC18F0784F12BF0522DFF8E4
:10EBD000D0090278414606200DF06CFE040015D1E4
:10EBE000DFF8D8640020307301200EF065F9F9F7E2
:10EBF00084F87080280014BF022001203070301D7E
:10EC000000F05AFF00207073376102E03046F8F7D9
:10EC1000A0FD002D3946404602D00FF078F903E000
:10EC20000FF076F900E002242046BDE8F0810000F4
:10EC30004258002041580020141200200E58002095
:10EC400010B5F9F7A6FB00F110042046FCF780FD93
:10EC50004FF6FF5101402046BDE81040FCF77EBD55
:10EC60001FB5044606208DF8080000F030FF8DF82F
:10EC70000900002001900090022302AA01212046F1
:10EC8000FCF75CFA04B010BD7FB51546099A8DF803
:10EC900009301B0A8DF808008DF80A308DF80B201A
:10ECA000019101240094042302AA01212846FCF7C3
:10ECB00045FA060017D0089C2946FCF77EFC14B9DB
:10ECC0003046FFF7BDFF0A9808B930460CE00B98B4
:10ECD00020B90021304605F0E2FD04E000220021C9
:10ECE000304608F078F8002004B070BD2DE9F043FC
:10ECF00089B006460C4691469846012744B94846D5
:10ED000008F07CFA04A9FEF7B2FB172818BF04AC80
:10ED1000109D280002D100F013FB28B9484608F0E6
:10ED20009FFB28B9280004D14846FCF7B4FE00B187
:10ED3000002703979DF848009DF844100290009525
:10ED4000019143464A4621463046FFF79DFF09B0F0
:10ED5000BDE8F0832DE9F84F90B0BDF86800894612
:10ED600092469B461B9D0BA9FCF72BFA00264FF6FB
:10ED7000FF71ADF81210002D14BF01240024B0461D
:10ED800000273CB108B10DF12C086F787F0807F01F
:10ED9000010704E0BDF86800FCF74BFC8046B8F1C1
:10EDA000000F00F087814FEA5B0000F001008DF852
:10EDB00008B08DF800009DF8080001065CBF40F027
:10EDC00080008DF808009DF80810DFF8142C1078EA
:10EDD000C90801F001018DF815108DF80A908DF821
:10EDE00014A0022806D1DFF86C259DF80A101078CF
:10EDF000014301D1022617E104A94046F8F7E4FED9
:10EE0000BDF86800FCF726FC8DF8090010B9012157
:10EE10008DF80910B1461CB100F067F9834601E096
:10EE2000BDF810B04046FCF7F3FD82464146002095
:10EE300008F0B4F901469DF80000002808BFFF293A
:10EE40000ED10AF08FF8DFF8FC1B0A78904254D0FC
:10EE50004FF6FF739A4503D1FCF75DFD00284CD0B7
:10EE60004FF6F8718B4521DA8A450CDA51468B450D
:10EE700009D042460DA8FCF79BFC00F02DF90221B9
:10EE800008A8FCF797FDDA4606A91FFA8AF0F8F7FA
:10EE9000BFFE58B90022082106A8F8F733FD28B9AB
:10EEA000082206A94046F1F7B1FC30B91FFA8AF0F2
:10EEB0004FF6F871884200DA38B90BF065F88246EF
:10EEC00006A9F8F7A5FE0028F7D0380002D100F017
:10EED00037FA18BB00F005F99DF8091001229DF8DA
:10EEE0000830019100921FFA8AF24146FCF7C4FEF5
:10EEF0004FF6FF71ADF81200884200F09480014691
:10EF000000226846FCF754FC08A869460A22ECF780
:10EF10004BFD022108A8FCF74DFD85E05CB16C4873
:10EF200001788A0707D59DF814000F2804BF9DF8C3
:10EF30007400012864D1002C43D000F0D6F80446B8
:10EF400008F05CF98346204608F069FBBDF8101014
:10EF50004FF6FF72914217D08C4215D1BBF1FF0FD3
:10EF60000BD05846FEF7F4FA9DF8081020F0100078
:10EF700021F01001884207D004E0FF2804D09DF85A
:10EF8000000008B94FF00109BDF8100008F036F98B
:10EF90008346BDF8100008F042FB01469DF80A00C8
:10EFA00000281FBFBDF810004FF6FF729042844248
:10EFB00004D0BBF1FF0F08BFFF2921D1B9F1000F29
:10EFC0001BD142461FFA8AF10DA8FCF7F1FB00F0B5
:10EFD00083F800F086F89DF809309DF80820014676
:10EFE00008A8FCF729FD40B9BDF82800ADF81200CB
:10EFF00001464FF6FF70814216D1B9F1000F12D0D1
:10F0000000F073F89DF8151001220223039102927B
:10F010000193009602469DF814004FF6FF73414697
:10F02000FFF732FE46E00126CDB19DF80A0020B977
:10F03000BDF8120000F05CF801D100F056F89DF820
:10F04000151001220292024603910196BDF812307A
:10F050009DF8140000974146FFF716FE07E000F008
:10F0600040F8BDF81220334641460EF0C7FE002F8F
:10F070001EBFBDF812004FF6FF7188420CD008F099
:10F08000BDF8FF2808D0DFF8082C32F810304BF616
:10F09000FF710B4022F810301C9858B1F8F718FE99
:10F0A0001E99BDF812204346009101469DF8740058
:10F0B000FAF77AFC11B0BDE8F08F0000CC510020C7
:10F0C0001CFD0108F2570020B0510020945200208E
:10F0D00044320020CB18002008A80DA90A22ECF722
:10F0E00063BCBDF86800FCF736BA281DFCF730BBDE
:10F0F0004FF6FF71884270472DE9F84785B0814689
:10F1000090468A461C460E9D4046FCF716FB284456
:10F1100000260027437824B160780127810758BF73
:10F12000032600200490039602970194CDF80080F6
:10F13000072251464846FFF70DFE06B0BDE8F087AE
:10F140002DE9F04F85B004468846924603A9404613
:10F15000FCF737F8814601A8002101604046FCF722
:10F16000ECFA029046780025641E760806F0010647
:10F17000AB46012C08D9E41E022C9EBF01254FF49A
:10F180007A70FFF7A5F902E04FF0010B012506EABE
:10F19000050086F001078DF800002F40DFF8044BD2
:10F1A000F8F7C2FBA8B19DF8000028B1207801282B
:10F1B0001CBF052804280BD0002F1EBFDFF8E81A5B
:10F1C000087800280BD02078022801D0062806D124
:10F1D000B3E000F0B5F8002818BF002FF8D14DB10A
:10F1E000B9F1000F18BF0DF10C090298FBF7DEFF13
:10F1F000074605E04046FCF71CFA8146DFF8AC7A8A
:10F200004046FCF79AFA50F80A2001A90DF10500D2
:10F210000A60FCF79DFA82469DF80780002D18BF12
:10F22000002F04D03846F7F773FC002823D0B8F13C
:10F23000000F03D14FF6F8718A4529DADFF8687AB2
:10F240003878DFF89C5700B1B6B1BBF1000F13D08E
:10F250002878022808BFB8F1000F0DD15046F8F702
:10F260003FFD0021002000F029FBFBF7F5FA40F6F6
:10F270000740FDF79FFC59E0F8F756FBDFF8306ACE
:10F28000002818BFB8F1000F06D0301DFAF750FB68
:10F290001720FFF7A2F949E0F8F746FB002845D010
:10F2A000484608F0A3F9DFF87483FF281CBF2A78CA
:10F2B000012A04D1B8F8E400494608F02BFB08F015
:10F2C00071FBB8F8E4104A46504600F0D6FADFF871
:10F2D000E40990F90610090241832878012816BF35
:10F2E00031281120432028703168301DFAF7CDFAFB
:10F2F00007F015F800212176387818B9301DFAF793
:10F30000C4FA10E09DF8000010B1FFF70FF90AE011
:10F31000DFF8A4090178042905D10521301DFAF789
:10F32000B4FA0920207640F61B416161002001F00B
:10F3300097FD10B1002000F015FF05B0BDE8F08F7B
:10F34000DFF86419087870477A58002000F8FF0742
:10F350007C3200204D5800202DE9F0470C4692B039
:10F360002046FCF7EAF90546092200210BF0AAF92C
:10F3700007462046FCF75DF9824602AB05220AA942
:10F3800020460EF0C7FD8046022820D09DF80800D8
:10F3900000232146C719FFB207F11002EE5DD2B279
:10F3A000012008F08BFF002811D0DFF80C0900784D
:10F3B000DFF82C96012E0BD0022E17D0042E00F071
:10F3C0008480062E20D0072E39D07C2E41D0ACE090
:10F3D000012818BF0228FAD12046FCF7BCF8009794
:10F3E000002322460021FFF787FE9EE099F80000E7
:10F3F000012802BFDFF8AC180878002803D13A468C
:10F400002146FFF79DFE90E0012818BF0228FAD19F
:10F41000504607F0A3FE4FF6FF710546884206D01E
:10F420002046FCF798F82A4651460EF0DBFC99F886
:10F430000000022879D150460EF014FE75E0012834
:10F4400018BF022871D10AAA414620460DF04AFD94
:10F450006BE0012818BF022867D1E81940786528B9
:10F4600002BFE81980786D285FD120461337F8F77E
:10F47000A8FFF9B2814258D20822514603A8F3F7F7
:10F48000A9FD6A46F9B22046FBF732FD00284CD1AF
:10F49000BDF80000002848D005A80EF031FEDFF8C6
:10F4A0001C4801202070BDF80000F8F772FF0546E7
:10F4B000BDF80000F8F785FFC2B22B4605A903A8E6
:10F4C0000EF05AFE002020702FE0012818BF0228FD
:10F4D0002BD10622002128460BF0F4F82844FCF733
:10F4E00037F90546FCF7E2F9F8B92046FCF72EF8A3
:10F4F000C0041AD50FF63401098800200190ADF838
:10F500000A10009002230DF10A0201212846FBF7A0
:10F5100015FE060009D02946FCF74FF82046FCF7F7
:10F520001AF800223146FDF758FB12B0BDE8F0870B
:10F5300038B5DFF87C47201DFAF7FAF903F041FCF3
:10F5400030B1FFF7FDFE18B9BDE83140FEF7EEBF60
:10F55000DFF8505703F035FC10B9F8F7E5F970B152
:10F56000287E60B1C821201DFAF78FF9287E411E40
:10F57000297600210020BDE8344000F019BFF8F7DB
:10F58000D3F938B9DFF83807007811281CBF4328B1
:10F59000412804D16869BDE83240FFF71EB831BD8B
:10F5A000CC1800200020DFF8FC160876704780B5E4
:10F5B000DFF82C04017802290AD100F014F818BFF2
:10F5C000042805D0DFF8FC06007810B1012000E027
:10F5D00000200EF0CBFBDFF8CC0600214180001D9F
:10F5E000C0E9001101BDDFF8D0060078032870479C
:10F5F00038B504460D46F8F7F0F838B1012D03D1BF
:10F60000204600F0BDFB04E0022032BDDFF8B80662
:10F610000470002032BD0000FC57002094520020EE
:10F6200080B500F07EF9002002BD2DE9FC471446AC
:10F6300007468846DFF86C560122DFF878666A7361
:10F64000314600200DF00EFCFEF748FC002808D1E2
:10F65000012F18BF042F00D027B9214640460EF0D5
:10F6600003FD8EE0002CFCD1DFF874030078212824
:10F670001CBF0628532802D109F099FA81E0F8F757
:10F6800053F900287DD00DF013FC28B9287B002801
:10F690000CBF1820172089E0DFF8300600903146B3
:10F6A00000200DF0DFFB28B140F2F5710FF26C6025
:10F6B000F6F728FE307B6A4629460EF05FFD2C786F
:10F6C0001CB93046FFF786F95BE0DDF80080F8F7FB
:10F6D000FFFA8146DFF8E0753878032818BF042860
:10F6E00006D1707BC10744BF96F90900FDF774FC91
:10F6F0003079DFF8DCA500F0CAF97088002100F04D
:10F70000EFF9F8F711F968B1B9F1000F03D04FF62E
:10F71000F871894506DB0AF037FCBAF8E410814637
:10F720008842F8D04846F8F7DBFA3088F8F7EDFA67
:10F73000BAF8E4002146C047040008BF192035D0BC
:10F74000BAF8E410FBF739FF00208AF8D5002878D2
:10F7500002281EBF06282046FFF772FA0022002169
:10F76000204607F038FB00B3172068613978DFF8CE
:10F770004005042912D1C821001DFAF786F803209C
:10F7800028761020002107F048FE10B907F075FB1D
:10F7900010B1002000F0FEFDBDE8F3874FF41671B4
:10F7A000001DFAF772F80020EAE71720FEF715FFB0
:10F7B000E7E70000B457002038B50446DFF8F854F6
:10F7C0002878A04218BF2C70FEF77DFA40B11CB912
:10F7D0000020FEF774FA0FE00120FEF770FA00E057
:10F7E00024B12878042818BF052801D1012204E09B
:10F7F000062808BF032200D0022200210020BDE815
:10F8000038400DF003BA70B592B006460C46F8F7D2
:10F8100033FBE17A0546002001F07FFB08B9552053
:10F8200029E094F90A00F8F7A5F808B1562022E07B
:10F83000E17ADFF8A0040170A27A294682706A4654
:10F84000002000F0DDFC4FF6FE70ADF80660864249
:10F850000CBF4FF6FF702089ADF804006A462946B8
:10F86000002000F04DFC08B1212004E02089DFF8E1
:10F8700034144880002012B070BD38B50C461546CF
:10F88000F8F72EFA0AF056FB2946204600F028F930
:10F890000DF00EFB38B1DFF81C04C0790F28ACBFA7
:10F8A0000F20401C06E0DFF81004017801290CBF8E
:10F8B00000200120DFF82014087031BD38B584B075
:10F8C00004460D46684600F08DF8B4B1DFF80C240C
:10F8D0000021284600F061FADFF804040178DFF81F
:10F8E000D80308228DF80410017802A88DF80510BD
:10F8F0002146F3F76FFBF4F7DCFDDFF8D80301785E
:10F900008DF8031081788DF80210F8F7F6F9ADF84C
:10F910000000F8F7DDF9ADF8060000F017F805B0C3
:10F9200030BD1FB50446684600F05CF81CB10020ED
:10F930008DF8050007E0F8F7CBF9ADF80600F8F709
:10F94000DCF9ADF8000000F001F81FBD102307221C
:10F9500069460020F7F7C9BB80B58AB0684600F059
:10F9600041F8BDF8000004A9ADF818009DF80300A7
:10F970008DF81B009DF802008DF81A00BDF80600F6
:10F98000FFF741FF0BB000BD70B586B0012000F05D
:10F99000EBF80FF29C31D1E900234FF6FF7504001C
:10F9A0002E46CDE9002308D0C948B0F8E46000F144
:10F9B000E60108226846F3F70DFBF4F784FD02A880
:10F9C00000F010F8002C0EBF00226A463546BDF844
:10F9D0000E00A9B2FFF751FF0EF0AFFD06B070BDEB
:10F9E000425800200146102307220120F7F77DBB73
:10F9F00010B50446BB480178B54A002082F8D410FF
:10FA000001F02EFA10B1002000F0ACFB0021002024
:10FA1000FFF754FFFFF7E7FD18BF042802D1FDF7F9
:10FA20000EFB01E0FDF75AFE204600F00BFC40F60D
:10FA30001740FDF7BFF80020AB490880AB4B18809A
:10FA400010BD00004958002010B504462146002092
:10FA500001F063FA08B9552010BD994800780228D2
:10FA600018BF032805D0042818BF052801D002209C
:10FA700010BD9C4804700DF069FF08B14D2010BD09
:10FA80009B4A9C4900F0C5FB00B1042010BD70B535
:10FA900004460DF05BFF68B901F0E2F950B18C4DFE
:10FAA00095F8D46085F8D440002000F05BFB10B1DD
:10FAB00085F8D4604D2070BD1FB504466846FFF739
:10FAC00091FF082202A92046F3F784FA1FBD7A4964
:10FAD0000A78894B19788948805C01B108467047DB
:10FAE000F8B506467A4F92B00C00A7F8E46007F12B
:10FAF000E60504D108212846EBF752FF03E008226F
:10FB00002846F3F767FAF8F7B7F901466A46002086
:10FB100000F076FB082229460DF11200F3F75AFA9D
:10FB2000ADF81060F8F7A8F901466A46002000F029
:10FB3000E7FAB7F8E4004FF6FF7188421EBF002CC9
:10FB400029460EF0BBFE13B0F0BDE0B500F02CF876
:10FB5000BDF80800FFF7CCFA02D000F02BF808B18E
:10FB600000200EBD01200EBD7FB50446644801781B
:10FB70004FF6FF75CE0708D500F016F8BDF808005F
:10FB8000A84202D000F016F828B100212846FFF75D
:10FB9000A7FF002006E024B1BDF808006946FFF782
:10FBA0009FFF012004B070BD0A230A22694601208C
:10FBB000F7F79BBA0822FF216846F7F7A3BE2DE9A5
:10FBC000FE43434C002604F1E608DFF838914C4F21
:10FBD0004D4D28E001200DE0B4F8E4004FF6FF732E
:10FBE0009842F7D1002208214046F7F78BFE401ECD
:10FBF0008041C00F397801F00101014212D0B4F800
:10FC0000E40008224146ADF808006846F3F7E2F93F
:10FC10000A230A22FFF79CFE02230B2249460020FA
:10FC2000F7F763FA761C2978F0B28842D4D3BDE89E
:10FC3000F78380B53549087000281EBF3448018815
:10FC4000002907D04FF47A7041433248F9F71DFE7E
:10FC5000002002BD012002BD2C480078704780B50D
:10FC6000F9F766FE00202949087001BD032801DA72
:10FC7000212070474FF47A7148430D4A10600020EC
:10FC80007047254800787047234908707047000086
:10FC90009C330020064801684FF47A72B1FBF2F001
:10FCA000C0B27047CC5100204658002010540020AC
:10FCB00010120020B0510020415800202054002094
:10FCC000425800204D5800207A58002061EC01086D
:10FCD00094520020685300208C58002000F8FF0741
:10FCE000655800207B5800208A470020825700205A
:10FCF00025330208F1F9010843580020E0D7010834
:10FD0000FC570020B4570020A01800204F580020B6
:10FD1000841800207C330020795800206173736FB1
:10FD200063696174696F6E2E6300000004600000F7
:10FD3000FFFFFFFFFFFFFFFF80B5B948F9F7F8FDB0
:10FD40004FF6FF71B748018001BD3EB505460C4630
:10FD50000823092269460120F7F7C7F915B19DF874
:10FD6000060028700CB100982060BDF804003EBD6C
:10FD700080B500216846FFF7E8FF9DF8000002BD4E
:10FD80001CB5044669460020FFF7DFFF009A0146D4
:10FD9000204600F002F8204616BDE0B58DF80600BA
:10FDA000ADF8041000920823092269460020F7F7F5
:10FDB0009CF907BD70B586B004460A2101A8EFF78B
:10FDC00095FB2046FBF7E0F90546002000900A234A
:10FDD0002A46214601A8FAF723FF9DF804000A35B8
:10FDE00009280CBF012600269DF8050010F0E00F41
:10FDF0003AD104A8FFF760FE08220DF1060104A81D
:10FE0000F0F704FD80BB16B300F0F3F800281EBF26
:10FE100081490878002827D0824908884FF6FF7268
:10FE200090421CBF4FF6FE7188421DD17E4C207857
:10FE30007E49001D20700A78C3B2521E92009A4279
:10FE400012DA40B20EF03BFD002020700CE0E9B267
:10FE50002046FAF719FFFFF793FF6D1CE9B2204621
:10FE6000FAF75BFF00F07BF806B070BD6E490878CA
:10FE700008B1401E0870704780B5F7F746FF4FF68F
:10FE8000FF706849088000210020FFF717FD40F649
:10FE90001640BDE80240FCF78DBE80B5F9F748FD7D
:10FEA00064480078022818BF032803D0042818BF2C
:10FEB00005280ED15B4908884FF6FE734FF6FF7296
:10FEC000984201D10A8001BD904202D0BDE80240B3
:10FED000D2E701BD2DE9F047002586B006460F4662
:10FEE000904609280CBF0124002400210020FFF7C0
:10FEF0002CFF81468DF8086002AE012070700DF174
:10FF00000A00FFF7D9FD0DF1120A14B9B7720DF10D
:10FF1000130A41465046FBF721FC0AF102030CB9D3
:10FF20004FF6FF7902A81B1A01950095DBB202AAD1
:10FF300064214846FBF702F906000CD03CB100F002
:10FF400058F820B13046FFF735FF012503E0304671
:10FF500002F043FF0546284606B0BDE8F08738B5F5
:10FF60004FF6FF750446A84219D0F7F7C6FE844243
:10FF700015D02C480188A9421CBF4FF6FE72914251
:10FF80000DD12B490988A94218BFA14207D104808D
:10FF90004FF47A712248BDE83440F9F776BC31BDA0
:10FFA00025480078032800D1704738B504281FD0B1
:10FFB000194A10784FF6FF71A0B11A4C2088884278
:10FFC00016D1F7F79AFE05464EF660211448F9F768
:10FFD0005CFC4FF6FE7020802A4600210920BDE817
:10FFE000384077E70D4802888A421CBF521C0280C5
:10FFF00031BD10B51048017804290AD0F7F768FE22
:020000040802F0
:10000000044600210020FFF7A0FE844201D1012018
:1000100010BD002010BD000099180020BA57002024
:100020009C3200206818002053580020B618002089
:1000300088180020425800204158002038B5DFF8C9
:10004000584804F58E70F8F716F8002505E004EB23
:10005000C0008030F8F70FF86D1C94F8C010E8B2BB
:100060008842F4D331BD70B5DFF82C48002084F805
:100070007F00002504EBC50202F18006082130460E
:10008000EBF78EFC00226D1C32807260082DF1DBD4
:10009000482104F1D40004F1C0054FF6FE76EFF7D5
:1000A00025FA4FF6FF700021288384F8F3106E8341
:1000B000AE847F212046EFF719FA0020287068608F
:1000C00028732861002204F58E70FF21AA60028047
:1000D0008170C170426002720EF013FCDFF8BC1731
:1000E0000870FF220121DFF8B807EBF769FC012156
:1000F000002000F042FC002000F04CF9002070BD10
:1001000038B5144603464FF494725343DFF88857CA
:10011000EA18D432D37F022B04BFE37F022B0BD12A
:1001200051B1DFF880170B78022B03DB11782278AE
:10013000914201D0022032BD217800F0EEFE08B9D4
:10014000212032BD4822214605F1D400EBF72CFCDA
:1001500000F053F820B195F8240108B900F007F831
:10016000002032BD80B500F002F8002002BD034639
:100170004FF494714B43DFF8202710B5D11801F1EB
:10018000D404002804BF92F82401002810D1A288CA
:10019000002100F04EFEE2880021002000F03DFE2C
:1001A00004F108020021002001F049FCE07F08B9B9
:1001B000012010BD002000F086FE2178814203D08E
:1001C000002000F084FEB0B9002000F072FE94F927
:1001D0000210814203D0002000F05FFE58B90020D9
:1001E00000F01BFB00F008F828B121460020BDE814
:1001F000104000F045BE10BD0446002000F030BEA7
:10020000104680B54822DFF8A016EBF7CDFB0020A2
:1002100002BD4FF49473584310B5DFF87C462318A1
:1002200053F8C40F002804BF187A002801D1080031
:1002300001D1212010BD19605A60002000F0AAF8F9
:10024000002010BD4FF494714843DFF84C2680B570
:10025000104400F1C801886800230B600B7118B1CD
:100260008B60002000F0A9FE0020FFF77BFF00203C
:1002700002BDDFF83C060178002900D07047F8B5D0
:10028000DFF83006F9F754FBFFF7B7FF00284FD02F
:10029000DFF8045695F87F1005F1C00605F58E7459
:1002A000CA0730D5307B00284CD101F0FE0185F81B
:1002B0007F100EF03FFB064695F87F00810744BF94
:1002C00030460EF02FFB314600200EF048FC0100B6
:1002D0000AD195F87F0040F0010085F87F00304694
:1002E000BDE8F2400EF01EBB20800020217AE070B5
:1002F00048204143A6706818D0F81421002062609D
:10030000BDE8F240B4E0307898B105F18007D7E954
:100310000001C4E90001002000F0AAF8327805F1DC
:1003200088013846D200F2F755FE3078411E317010
:10033000F1BD726810000AD0012000213073716095
:100340000020904700210020BDE8F44049E08807E4
:1003500013D40EF001FB80B9207A18B9B06C08B143
:100360008047B0B9F7F746FD0146307B88B9FF29D1
:1003700018BF2172BDE8F240F4E695F87F0000F066
:10038000FD0040F0010085F87F000020BDE8F2404C
:1003900000E0F1BD10B5DFF81C452046F9F7DAF9A9
:1003A00028B920460021BDE81040F9F76EBA10BD0B
:1003B0004FF49471484310B5DFF8DC24141894F816
:1003C000CC0008B1012010BD0EF0ACFA94F87F000B
:1003D00040F0020084F87F000020FFF7DBFF0020E0
:1003E00010BD4FF494714843DFF8AC24104490F8EA
:1003F0007F3003F0FC0380F87F307047F8B5144677
:100400000146DFF8AC24107870B94FF49472514370
:10041000DFF884540D4405F1C006706820B9307BC4
:10042000002818BF022B01D00120F2BD3278082A23
:100430001CDA012B08BFD70007D0D20005F18001DC
:1004400005F18800F2F7C6FD002707980699EA191A
:1004500022F8804F00239370D07051603078401C98
:1004600030700020FFF796FF0020F2BD1C20F2BD87
:100470002DE9FF4106464FF494714E43DFF818749E
:1004800007EB060898F8240128B1002188F8241108
:100490000020FFF767FE98F9D60008F1F8048DF800
:1004A0000800A58C1DB940F2EE2100F05EF842462E
:1004B0002946002000F021F924680246012034B1C9
:1004C00002A801900023009341462846A047B95D49
:1004D00031B9002000F00BF80020FFF75BFF04E0CB
:1004E00002464146002000F089FBBDE8FF812DE96E
:1004F000F04188460446DFF8B813087898BB2346D5
:100500004FF494714B43DFF89023D61806F58E779D
:10051000388818B94FF44A7100F027F87D6825B182
:10052000FB783A8841460020A84700203A7A388074
:10053000786048204243B018D0F814118D4212D090
:1005400096F87F00810702D40EF006FA58B196F8AB
:100550007F0000F0FD0040F0010086F87F0020469B
:10056000BDE8F04116E7BDE8F0810FF25430F5F731
:10057000C9BE00200EE72DE9F84F8146884684B0B9
:100580004046F7F706FF04003AD04046F7F719FF58
:100590002778617802AA00230026C0B2C2E900369B
:1005A0002044A0F10803186810605868ADF8046092
:1005B00002AE5060BE4A107848B1BF490B6823B103
:1005C00096F90220F17820469847002080E001F05B
:1005D0000701022908BF01207AD009220021601CEE
:1005E0000AF070F805467F1BBF1E7FB2002F07D4AC
:1005F000B248836933B1002201214046984708B9C7
:10060000212065E001A80090FBB2621C00210020BF
:100610000AF0B2FB5FFA80F8B8F1000F57D1BDF8CD
:100620000400DFF898A2FAF7A2FF00281CBFDAF84E
:100630001C20002A07D06019411CBDF80400904717
:1006400008B9022044E0BDF80400FBF776F88346C1
:10065000BDF80400FAF78BFF50B36019411C3A460D
:100660005846EBF7A1F9BDF80400F7F792FEF178D0
:100670000172B27842729DF8081081729DF80E20C6
:100680009DF80D10120242EA0142F1790A43C2605C
:100690004FF4947212FB09F37F48BDF80410C2189E
:1006A000C8321079002814BF1268DAF800200AE076
:1006B0007D190123EAB2611C01A8F7F7C5FF0028E4
:1006C000D1D0192004E010001CBF084690474046D6
:1006D00005B0BDE8F08F4FF49471484338B56E4AC9
:1006E0001518D5F8D0401CB940F2E931FFF73DFFAD
:1006F0000021C5F8D010A04731BD2DE9F843894647
:1007000048461446FBF71EF807464846661CFAF7AB
:1007100027FF04281CD14846FAF743FF4FF6FF7124
:1007200048F64108884218BF48F661085F4D29889D
:10073000F01CFBF713F84846FAF733FF0146701D2B
:10074000FBF70CF86988F01D0936FBF707F803E0A2
:10075000601CFAF7FDFF8046484604F0AEF908B188
:1007600048F010081FFA88F1601CFAF7F7FF4846B6
:10077000FAF7E3FF00F01FF801214846F7F788FE7B
:100780003E44050008D0F7F71CFEC7B22846F7F72D
:1007900000FE00F010F83E4440480178361B761CFD
:1007A000E170491C01702670204609220121BDE834
:1007B000F84309F087BF01463A463046EBF7F4B8F4
:1007C0004FF49473584310B5334C2318D3F8D0002A
:1007D00008B1022010BDC3F8D0101146BDE810408A
:1007E00000F0D6BB3EB50C46069910461D460029C2
:1007F0000CBF882108212246FAF77DFF010001D1B4
:1008000001203EBD079A00210191009202462B462D
:1008100021460020FFF7F2FD3EBD4FF4947148439E
:100820001D4A111891F8240148225043084490F8B9
:10083000F330022B02D091F8CC0008B100207047B1
:10084000032B01D103207047012070474FF49471AE
:100850004843114A104490F82401704738B5FFF717
:10086000CBFC4FF4947254430B490C4404F1C00583
:10087000297B71B968B10F48F8F76CFF002804BFF5
:1008800094F87F00002804D12978481E8041C00FC9
:1008900032BD002032BD0000945200208658002056
:1008A00091580020B7180020685300206C53002096
:1008B0003C210020B8130020F8510020885300206C
:1008C00075707065722D6D61632E63000EF019B83E
:1008D00080B501F0CBF810B940F6124002BD0020FF
:1008E00002BD01207047000038B504460EF096FAAC
:1008F0000546DFF8EC0883780178994211D000F0C2
:1009000059FB641E07D0641E08D0A41E06D0A41E86
:10091000032C03D905E00022194600E000220EF066
:10092000ADFA284632BD2DE9DC4FDFF8B848D4E9EE
:10093000086703EA010B02EA000A27EA010926EA2E
:10094000000849EA0B0948EA0A08B94508BFB0455A
:1009500011D0CDE900230246A06AC4E908890B46FC
:1009600001F06EFD38B14FF4FA71DFF87C08BDE894
:10097000DC4FF5F7C7BCBDE8D38F78B58DB002A8C2
:10098000DFF868182C22EBF70FF8DFF85848E08AF8
:10099000C10700F18D800121012000F0F2FF0A2043
:1009A0004FF42871A073ADF80E100FF2ED71DFF85F
:1009B00040080EF03DFAA062DFF82C5818B94FF449
:1009C000167100F077F8A06A052101F048FB18B114
:1009D00040F2692100F06EF8A06A0C260EF0EBFAE6
:1009E000DFF810080168A06A0EF034FB00F0ADFAE1
:1009F0007043089000F0A9FA4643A06A02A906963F
:100A00000EF050FB18B140F27E2100F053F8F6F7DB
:100A10007DF80146A06A00220EF0B4FB18B140F246
:100A2000822100F047F80320052120706170A17039
:100A300001F096F8E07000F088FA142110FB01F044
:100A40000026A08000F081FAC000E0804FF0FF3067
:100A5000A660DFF8A42740F242330146FFF763FFA8
:100A6000A06ADFF898170EF0C2FBA06A01A90EF089
:100A700030FC18B14FF42E7100F01CF8A06A04226B
:100A800069460EF04AFC042803D04FF42F7100F0A1
:100A900011F869460120FAF774FE0DF01DFF0120E0
:100AA00001F007F80EF053FC01F0DAF800F05EFEFA
:100AB0000EB070BD2846F5F725BC0021DFF84007D1
:100AC000F8F7E3BE70B5DFF81C47E08A820703D56C
:100AD0004FF4377100F036FBDFF8045705F11800CA
:100AE000F8F726FFECF734FE0646E08A410709D501
:100AF0000EF03CFC216B40F2C532401A904201D30B
:100B000000F0C7FA00F077F8A07B042825D1ECF7B5
:100B10001FFE0646E08A41072FD400F06CF8ECF780
:100B200017FE0546207B50B9E08A410507D400F046
:100B300005FB00F020000128A8BF062000DA0520F0
:100B4000A073012100F0AAFA01F02CF82846ECF776
:100B500005FEE06AC178A17470BD06283ED1287AEE
:100B6000FF2847D10EF07EFC607C002833D0ECF7E4
:100B7000EFFD0646E08A410706D5002105F1180081
:100B8000F8F783FE00F041BE00F035F8607C411EAE
:100B90006174ECF7DDFD0646012100F07FFA01F0FB
:100BA00001F800F028F800F0C9FA00F00CF907D1BC
:100BB00000F0BFFAE16A0844FAF7CAFD014601E015
:100BC0004FF6FF712A79607CBDE87040121AD2B2EC
:100BD0000420F7F757B9A073402007E0012809D196
:100BE0000020A073A06A0EF052F93F20BDE87040CB
:100BF00000F0BABE70BD3046ECF7B0BD70B5DFF89E
:100C0000E445A07B0E4602F0010518B14FF4647173
:100C100000F098FAE662290003D0A17811B1012111
:100C200000E00021202000F0ACFEDFF8B4050179DF
:100C3000002D617414BF217C0021E1730421A17394
:100C400000211830BDE87040F8F71FBE2DE9F843C9
:100C5000ECF77EFD8046DFF88C55E88AC10506D5A5
:100C6000A87B10B900F082FD01E000F0B6F8002189
:100C700000200EF0D3F8DFF86865F079FF27FF2831
:100C800015D0F07928B9F771A87B002405280ED17A
:100C900005E0F07901280CBF4C243324F77100F0F3
:100CA00097F8204600F060FEECF752FD8046A87BE6
:100CB000062838D1307AFF2835D0307A022805D17D
:100CC000002106F11800F8F7E0FD2CE0307A00284A
:100CD0001CBF307A012829D100F072FE0446307A18
:100CE00001280CBF4FF001094FF0000906F1180070
:100CF000F8F71EFE3772002C18BFB9F1000F09D0AB
:100D00000120A873642106F11800F8F7BEFD00F079
:100D10000DFD09E000F05CF8002C14BF3F2000201E
:100D200000F022FE02E0377200F054F8E88A000674
:100D3000C00F05D00021802000F023FEFBF738FF14
:100D40000024F7F76DFC288300283AD0A97B0129FD
:100D500026D1F7F71EFB040018D0601CFAF7F8FC48
:100D600000F031F812D104220121204609F0AAFC3A
:100D70002044FAF7EDFC4FF6FF71884206D1298B2B
:100D80000020FFF7F8FB002028831AE006F1180086
:100D9000F8F7CEFD0020A8730021FFF7A8FB01247F
:100DA000A87B08B900F0E2FC298B0020FFF7E3FBE9
:100DB000002028832CB1A87B18B9BDE8F243FFF7C7
:100DC000D8BBBDE8F18300F44060B0F5006F704718
:100DD0000020A8734046ECF7C1BC00214FF480709E
:100DE00000F0CFBD80B5F7F729FC9BE080B5F7F7A1
:100DF00017FC0028FBD101BDDFF8E8130A78427028
:100E00004B78837089780A0018BF01220271017043
:100E1000DFF8CC130A79C270704710460A4680B5D5
:100E200000F013F80EF0A8F910B140F2B34111E050
:100E300001BD10460A4680B500F007F80EF096F99D
:100E400010B140F2BA4105E001BD0146DFF894332C
:100E5000986A7047DFF8640BBDE80440F5F752BAB2
:100E6000DFF88003817B481E8041C00F7047DFF8A8
:100E70007403817B012901D1012070470020704754
:100E800080B5DFF86013887B18B140F2E24100F0D2
:100E900059F900F06BFC002002BD80B50A22DFF892
:100EA000443311FB02F1986A0EF099F800B1212049
:100EB00002BD80B500F069F80EF0B5F80A2190FB8C
:100EC000F1F040B202BDDFF818034079704738B541
:100ED000DFF81053A87B0C46002818BF012803D068
:100EE00040F2035100F02EF92146002000F015F8E1
:100EF00008B9212032BDBA494C71A87B10B900F065
:100F000035FC01E000F012FC95F91A10A86AC90539
:100F1000091401F0A3FA002032BD80B500F04AF8B0
:100F200001F0FEF8401E8041C00F02BDAD49C870FF
:100F3000704780B5AB4A906A01210EF025F8411048
:100F400000EB91708005001602BD80B500F01DF821
:100F500001F0A0F800281FBFDFF8981BB1FBF0F0EC
:100F600080B2002808BF012002BD80B500F00DF856
:100F700001F092F800281FBFDFF8781BB1FBF0F0FA
:100F800080B2002808BF012002BD9649886A7047D8
:100F900010B50C46012100F021F8FFF7D6FF4443BD
:100FA00000F008F80FF21523012221460DF0C6FFCC
:100FB000002010BD8B48806A704710B5894CE08ACC
:100FC000C20603D440F2795100F0BCF800F005F8F5
:100FD000A06ABDE810400DF0BEBF0021102000F057
:100FE000D0BC0EF0C3B910B57E4CA06A0EF053F918
:100FF000C00704D5A06ABDE810400EF04FB910BD7F
:1010000080B5FFF7D7FF012201210DF03BFF002142
:101010002C200DF003FF00F085FBBDE8014000F03F
:10102000C4BE38B56F4C48B100F033F8A07B01283E
:101030002ED1A06ABDE832400DF029BF022000F099
:10104000B2FC28B3A06A0EF023F808BBE073644D2D
:10105000E879FF2803D04FF4C26100F073F800F084
:101060001CF80020E871A17B062906D1012100F0BF
:101070008FF8002128200DF0D1FEA07B052806D195
:1010800000212B200DF0CAFEA06A0DF000FF7AE0CF
:1010900031BD0021042000F074BC0021022000F0CA
:1010A00070BC70B50E464F4C10B1FFF7F2FF28E050
:1010B000022000F078FC20B3494D012E13D1E07BD3
:1010C00088B1401EE073C0B218B90021202000F0A2
:1010D00058FCFFF7E2FF0420A073002105F138005F
:1010E000F8F7D3FB0FE00020E073FFF7D6FFE879B5
:1010F000FF2803D040F2526100F024F8EE710EF0A8
:101100000BFA012E14D100F019F8FFF75CFE06D19E
:1011100000F00FF8E16A0844FAF71AFB01E04FF615
:10112000FF70014600222020BDE87040F6F7AABEFD
:1011300070BDE06A0422012109F0C4BAE06A401CD3
:10114000FAF706BB2848F5F7DDB838B5254DAA7B78
:10115000254C062A03D040F2DE7100F05BFB08202C
:1011600000F021FC18B940F2DF7100F053FB697CFC
:101170002A200DF053FE00F00AF8022018490872E8
:10118000A86A0DF084FEBDE831400EF0C5B900211B
:10119000082000F0F6BB00000020124988730121EE
:1011A0004FF4807000F0EDBB01A0F5F7ABB8000084
:1011B0006C69627261696C2E6100000080B509483B
:1011C000C18AC80603D440F60101FFF7BBFFFFF751
:1011D00004FF0020FFF77FFABDE801400EF09CB944
:1011E0009412002030210020F41C0208AC77000883
:1011F000EC120020401000200A0020FF031A020811
:10120000AC1200202DE9F84F14468EB007469846E0
:10121000DFF8845ADFF87C6A61060BD500F0F2FC37
:10122000014601200DF0FAFDB1783078884201D0F6
:1012300000F06CFA18F4805103D000212D200DF03D
:10124000EDFD0297A00228D538460EF0E8F920BB44
:101250000021402000F095FB029803A90DF09AFFB1
:10126000D8B99DF81400022809D1BDF80C0005F08A
:10127000C5FFFF2809D006F025F830B90DE0032896
:101280000BD103A803F074FB38B102980DF080FF76
:1012900018B90121402000F074FBA00305D500F02F
:1012A000B1FC014603200DF0B9FDE00103D500209B
:1012B000FFF7B7FE38E0A87B18F0020308D0062835
:1012C0000CBF0121002126200DF0A8FD012112E014
:1012D000E10005D506280CBF01210021262007E0EA
:1012E00014F0884F0BD006280CBF012100212720C5
:1012F0000DF094FD02210020FFF7D3FE14E018F05A
:10130000080103D0002123200DF088FD18F004010E
:1013100003D0002124200DF081FD18F0010103D03D
:10132000002125200DF07AFDDFF890A621071BD5BE
:10133000A86A03AA03210DF056FF4FF00009070029
:1013400003D140F2826100F0DBF99DF80C00072820
:101350000BD000F057FC00F0E1F93078B17888420A
:1013600002D0317800F0D2F906E1A86A08AA39461D
:101370000DF041FF18B140F28C6100F0C1F9BDF8E9
:101380000E10A86A08AA891C89B20DF036FF18B1A0
:1013900040F2966100F0B4F9CDF80090A86A0423F9
:1013A00001AA39460DF043FF042803D040F29D61A5
:1013B00000F0A6F9287B00283CD10DF10500FAF7D2
:1013C000C7F900F00700022834D100F01BFC0146E9
:1013D00009200DF023FD3178B078814201D000F072
:1013E00095F9A87B062802BF9DF80700A97C8842D2
:1013F0001FD19DF82D0018B940F2AF6100F080F9BF
:101400000DF10500FAF7A4F900F010000028C8BF9C
:101410004FF00109494629200DF000FDFFF7B7FE06
:1014200086F8089000F0CCFA002802D1A86A0DF0E6
:101430002EFDA1E0BDF80E000121083080B2F7F7C3
:1014400062F8ADF8000040B900F0DCFB00F066F98E
:101450003078B1788842ECD083E7F6F79AFFBDF890
:10146000102005998346EAF79FFA069941B1BDF825
:101470001000BDF80E20121A92B25844EAF794FAFE
:10148000287B00284BD10BF10100FAF761F900F03D
:101490002000002831DD00F0B5FB0746A86A0EF0F9
:1014A000BEF8002814BF062005203946FFF71CFAB5
:1014B0000BF10100FAF74CF900F0070003280AD1FC
:1014C00009220121584609F0FDF81BF80000042804
:1014D00008BF012700D000270121FFF7DBFD0DF039
:1014E00045FF2863DFB1E88A410618D50021402076
:1014F0004FF0010900F045FA11E000F083FB0146CE
:1015000009200DF08BFC3178B078814201D000F0D9
:10151000FDF8A87B012804BFA86A0DF0B8FCBDF84F
:101520000E00B1790BEB000739709DF82E00FF21FA
:10153000B8709DF82F00F87039710898000C787118
:101540000898000AB8710899F971287B50B99BF87E
:101550000100B9F1000F14BF40F0200000F0DF00DF
:101560008BF801000020FFF771F97870BDF80000DA
:10157000F7F747F80DF0D0FFE00509D500F042FB82
:1015800000F0CCF83178B078814201D000F0BEF89C
:1015900014F4863F0BD000F035FB014602200DF01D
:1015A0003DFC3178B078814201D000F0AFF8A00165
:1015B0000DD500F027FB014608200DF02FFC00F0B0
:1015C0009BF801D000F0A2F80120FFF72AFD14F0EB
:1015D000084F0AD000F016FB00F09CF800F08CF8E1
:1015E00001D000F093F800F08EF8A0000CD500F0C8
:1015F00009FB014606200DF011FC00F07DF801D03A
:1016000000F084F800F07FF8A00704D5E98A080705
:1016100048BFFFF79AFD18F040010BD000F082F8A8
:10162000E88A010748BFFFF790FDE88A410701D526
:1016300000F069F818F080011CBF01200DF0F6FFE2
:1016400018F4807141D002980DF016FC022802D0E7
:10165000032818D035E0E88A41070AD500F0D2FA0D
:1016600000F058F800F048F801D000F04FF800F012
:101670004AF8E88A810728D5A87B06280CBF0121F3
:101680000021272016E0E88A41070AD500F0BAFABF
:1016900000F040F800F030F801D000F037F800F02A
:1016A00032F8E88A810710D5A87B06280CBF0121F3
:1016B000002126200DF0B2FB01210020FFF7F1FCF4
:1016C00003E040F6970100F01BF818F4007103D016
:1016D0000121802000F055F918F0400109D0E88A76
:1016E000010748BFFFF731FDE88A810701D500F007
:1016F0000AF80FB0BDE8F08F3178B07881427047BA
:101700005046F4F7FFBDFF210120CAE4A86A002279
:101710000DF0B4BB014607200DF080BB014604204C
:101720000DF07CBB00210A200DF078BB7FB500F0E6
:10173000B5F9ECF70DF80546A0796179DFF8586541
:10174000884204D1B06A0DF09BFB01280AD161796F
:101750006A46A171B06A0DF015FC18B140F6B111DE
:10176000FFF7F0FC2846EBF7F9FF7FBD70B5DFF817
:101770006855A97B0FF27C5419B14FF4386100F021
:1017800049F8EBF7E5FF0646062000F00CF918B122
:101790000121FFF723FB38E0FFF71FFB0020FFF7D5
:1017A0003CF8022802D1A86A802208E00020FFF756
:1017B00034F810B101280AD023E0A86A0022802161
:1017C0000DF098FD00F0F0FAFFF7B0FF1DE0FF20EC
:1017D000DFF8C0148871A86A0DF059FBA86A0DF0F3
:1017E0004FFB01280AD0A86A012201210DF04AFB13
:1017F00000212C200DF012FBFFF794FF00F0D5FA2A
:1018000003E040F6C23100F005F83046BDE8704014
:10181000EBF7A4BF2046F4F775BD2DE9F84F012082
:1018200000F0C4FA022000260FF2C84B00F0BBF80B
:1018300018B94FF43D6100F094F8DFF89C54A87B90
:10184000062818BF052803D040F6D33100F089F8E8
:10185000E86A18B940F6D53100F083F8202000F08E
:10186000A2F800281ABF4FF47A7601210021222025
:101870000DF0D4FAFFF779FBE96A0A780932504390
:1018800006EBC006A87B062809D1FFF75EFB0C22F9
:1018900002FB0066FFF769FB602101FB0066D5F8DB
:1018A0002C804FF0000998F80000471E287B78B97B
:1018B0004FF4806000F077F850B908F10100F9F7B3
:1018C00047FF00F020000028C8BF4FF0010A00DCED
:1018D000CA46DFF8C0436078B6B2BAF1000F207391
:1018E000666118BF4FF001090DF0B4FD38B10DF07D
:1018F000AFFD01280CBF0820102040EA0909A86AA2
:101900008023BAB241460DF054FC66792020A671BE
:10191000AF6A00F048F8B0B104F10C0000902B461B
:101920004A46314638460DF02BFB38B15146262049
:101930000DF074FA40F6783100F013F80020BDE89D
:10194000F24F00F033BA04F10C034A4631463846F0
:101950000DF014FB0028E8D1002125200DF05EFADF
:10196000ECE75846F4F7CEBC10B50446FFF7FEFE90
:1019700021460020FEF7BBFD0020BDE81040FEF729
:10198000F8BD38B504460D46EBF7E2FEDFF8081364
:10199000002DCA8A14BF144322EA0404CC82BDE895
:1019A0003240EBF7DBBE0146DFF82C03C28A11EAB6
:1019B000020018BF0120C0B270470000F41C0208EA
:1019C00010B5DFF81443E06A18B940F63141FFF76B
:1019D000B9FBFFF7B3FB00F0070003280AD1E06A68
:1019E0000922012108F06EFEE16A085C042801D199
:1019F000012010BD002010BDDFF8E0124008085C97
:101A0000704710B50C464FF0FF300DF010FE241A51
:101A1000FFF7BBFA0DF00BFE241A14F1630F01DA85
:101A2000002010BD14F1240F01DBFF2010BD643431
:101A30002402601104EB9064A404200E10BD104633
:101A40000A4680B5FFF701FA0DF09CFB18B140F68D
:101A50007941FFF7FFB901BD704780B500F0DDF8AF
:101A6000012801D0012002BD002002BDDFF868324C
:101A700010B54C000146986A22460DF04EFCA0427B
:101A800001D0002010BD012010BD042801DB212061
:101A90007047DFF844120874002070477D4C2578A9
:101AA000684600210022002380E80E008DF80050D7
:101AB000704770B50646DFF82852EBF749FE2E70E6
:101AC0000446DFF81462F08AC10710D5707B022843
:101AD00004DA28B10DF031FCC00501D5012103E085
:101AE0002878411E8941C90FB06A0DF08FFD20464C
:101AF0008CE6000040420F000020704738B50446D5
:101B00007F2812D1DFF8DC514FF6FF702988ADF83D
:101B1000000002237F226846F2F779FCBDF800003E
:101B20006FF04A04C10558BF0446EBF711FE0546A5
:101B30006B4844700120FFF736FF68B1664A507B5E
:101B400008B16FF07F04906A61B20DF040FA18B1ED
:101B500040F60861FFF7F6FA2846EBF7FFFD31BDC6
:101B600010B55F4C94F901107F2904BF7F20FFF767
:101B7000C5FF94F9010010BDF2E7574A117D002915
:101B800000D0704780B501231375102803D040F6AC
:101B90002C61FFF7D7FA00212020FFF7F2FEBDE805
:101BA00001403AE638B502200FF24814FFF7FBFE79
:101BB00018B940F63561FFF72DFE374DA87B062892
:101BC00018BF052803D040F63761FFF723FEE86A07
:101BD00018B940F63861FFF71DFE0020287542490C
:101BE00021200DF01BF910B9BDE8314015E60128A0
:101BF00007D0022805D102210020BDE83440FFF7BC
:101C000050BA31BD80B500F008F800F00300032899
:101C100001D1012002BD002002BD2F48806A0DF0D5
:101C20002FB938B5002400250DF091FB38B12F4CA9
:101C300041F20D050DF098FB38B90D2505E015486A
:101C400001788078814218BF294C22462B4601B08A
:101C5000264841F20D01BDE83040FEF764BE0000A9
:101C600038B504461C4DE88AC10712D5FFF7D9FFE5
:101C7000002C14BF00220822A86A5FF008010DF0B2
:101C800039FB30B140F6C9611AA0BDE83440F4F721
:101C900039BB31BD9412002030210020014680B5AF
:101CA000FFF788F90DF07EFA00B1012002BD10B5F2
:101CB000094CA07B70B1FFF7A3F900210420FFF7C6
:101CC00060FE00210220FFF75CFE0020A073BDE84B
:101CD00010404BE510BD000030210020FC12002018
:101CE000CE180020E62904087B1B0208400D0300E3
:101CF000488D01006C6F7765722D6D61632D726187
:101D0000696C2D3830322E31352E342E63000000B0
:101D100080B500F004F880B202BD000000BFE0B55D
:101D20000DF099FD6A460DF0F0FD10B1462100F06E
:101D300053F8DDE9000103B000BD80B5FFF7EFFF08
:101D4000FA21B0FBF1F080B202BD012070470420FF
:101D5000704780B50DF072FC10B16D2100F03CF8B9
:101D6000002002BD80B5F4F732FA4848016841F41A
:101D700070210160EFF30880001F45494FF0CD321C
:101D800001E040F804298842FBD20EF0A8F9FAF7E6
:101D900089FEFFF7DEFF3F48BDE802400EF0ACB918
:101DA00040F20160F4F79CBA704770477047032017
:101DB000F2F72BBB0120704780B504226946002052
:101DC0000DF0ABFA042802D0F62100F005F80098D7
:101DD0000CF082FD01BD000037A0F4F793BA70B596
:101DE00080B1012810D0022811D0032812D0102869
:101DF00008D0202808D0212809D022280AD023285A
:101E00000BD020E0032100E00221002207E00221A4
:101E1000012204E00221022201E002210322002328
:101E20001D4C01E05B1CDBB21C480568AB420AD2CA
:101E300054F823000028F5D0057A8D4204BF467A75
:101E40009642EFD170BD002070BD10B50C46FFF773
:101E5000C6FF00281CBF0068002806D02146E9F70D
:101E600004FE002818BF1B2800D0012010BD10B5AB
:101E70000C46FFF7B4FF00281CBF0068002803D001
:101E80002146E9F7ECFD00B1012010BD24ED00E092
:101E90000000002028760008F0100020C876000816
:101EA00001464FF0FF300DF005BA80B54FF0FF301E
:101EB0000DF008FA80B202BD626173652D72657023
:101EC0006C6163656D656E742E630000014610B52C
:101ED000152901DBFF2010BD082802D102F0B8FC53
:101EE00003E00E2804D102F0B6FC70B1802010BDD2
:101EF000064A52F8211009B9002010BD0C780A28B2
:101F000002D10EF0E1F90443204610BD58770008D5
:101F100070470EF031BB70B50446E9F7CFFD0546BA
:101F2000DFF88C040068214600E0006870B1846826
:101F3000002CFAD0267CF207F7D420461022E9F7CD
:101F400033FD46F0010626742846FFE02846E9F7EF
:101F5000B9FD002070BD4FF4CC71EDF7C7BA10B5D4
:101F6000044600210EF022FB2046BDE810400EF092
:101F70005EBC38B505460C001CBF2068002808D0A0
:101F8000006810F1010F1CBFE068002801D0A068B4
:101F900048B90EF0EFFA4FF4867241210020BDE8F7
:101FA000384010F0C9B920460EF0ECFA002085F850
:101FB0001C0105F1C000002104604160DFF8F4035A
:101FC0000160416031BD70B505460E46DFF8E8039B
:101FD000016809B12846884731462846FFF7C9FFFE
:101FE000D5F8C00000281CBF406900280DD010F0B3
:101FF000B3FBD5F8C0104A6982420CBF0120002013
:1020000040F25312422110F097F94FF6FF7400206E
:1020100001E0401CC0B2F168884208D22421B268B5
:1020200041431144C989A142F3DA0C00F1D12146A0
:10203000284600F0F2F80EF0B7FA204670BD70475F
:1020400010B5040005D00EF081FCD4F8CC000100DE
:1020500001D1DFF86803DFF85C13C86010BD10B56C
:1020600000F0ECF92146BDE810400EF0B6BCDFF8F8
:1020700044030068704710B50C4611460EF0D0FCC2
:1020800010F0A0FD012803D02000F9D1042010BDDC
:10209000002010BD0FF07EB90FF098B910F1010FBC
:1020A00004D0DFF81C13884288BF0846704710B57B
:1020B000040018BF14F1010F09D0FFF7EFFF6428E7
:1020C00098BF642403D92046FFF7E8FF0446204662
:1020D00010BD38B504460D462868FFF7E8FF2860B4
:1020E0006868FFF7E4FF6860A868FFF7E0FFA86092
:1020F000E868FFF7DCFFE8602869FFF7CFFF286199
:102100006869FFF7CBFF6861A869FFF7D0FFA86196
:102110002046FFF7FDFE2946BDE834400FF042BFE0
:10212000B0B5D0F8C0200120002300E05B1CD468CB
:10213000A3420AD2242495685C432C44E789B9421F
:1021400024BF248A8C42F1D30020B0BDE9F7BAFC49
:10215000204670BD2DE9F04BD0F8C4201AB1838B16
:102160008AB29A4256D0D0F8C040002C1CBFA26858
:10217000002A01D0E26812B90320BDE8F08B8B463B
:10218000D0F8D4800025002600278146002101E0F8
:10219000761C2437E068864229D2A268D019C38908
:1021A0001FFA8BF29A4222BF028A1FFA8BFC624509
:1021B000EED30546B5F912205FEA080006D1FF20EC
:1021C00047F6FF718A420DD006E000BFB9F928003A
:1021D0008242F4DB0BE000BF99F810114FEA0900CE
:1021E0000DF095FF99F8172001469042D0D30E4686
:1021F00015B90120BDE8F08B5FEA080004D0002388
:102200002A4600214846C047A9F81CB0C9F8C45066
:1022100089F819610020BDE8F08BF0B581B0064661
:102220000F46E9F74BFC0446B9B23046FFF792FF80
:10223000050007D10FF0A0FF0022B9B2304600F030
:1022400034F80546304610F075FD98B1707CC10732
:102250000DD5B06B41050AD5B6F80A21B8B2904247
:102260001DBFB6F80C01BFB28742012000D000208C
:10227000554908702046E9F725FC284601B0F0BD15
:1022800013B5D0F8D44021000AD1C17D90F81921AE
:102290008A4238BF11469DF804200FF0F3F913BDB0
:1022A00001AB00220021A04713BD2DE9F047824673
:1022B0000C4615463F4E0FF078FF08B100207060C5
:1022C0003068DAF8C070DAF8C48070B1B8420CD166
:1022D000706850B1404508D1B168A0B24FF0010913
:1022E000884204D10020BDE8F0874FF00009A4B275
:1022F000B46010F067FC012806D000220121012003
:102300000124FFF7B8FE00E00024504610F012FD53
:1023100070B19AF81100C1070AD5DAF83800410502
:1023200006D52A4BD3F800C0012200215046E047D1
:1023300030683968D8F8002040B103688B4205D175
:10234000716811B10968914203D0416850460FF09D
:10235000D3FC3760C6F80480E9B25046FFF790FF1F
:1023600050460FF0E1F90746B9F1000F01D0E8B28D
:1023700080B1781E8041C00F40F2DB3233210FF074
:10238000DBFFE9B250460FF0D1FCF2680746414648
:102390005046904734B1380004D00A4A53680021AF
:1023A000032098473846BDE8F087808B70470000CF
:1023B000481500204C1500208C5700203F200208B3
:1023C00040420F0098140020D83E00B088570020EB
:1023D00001281CBF0428022801D1012070470020D9
:1023E000704738B500F026F840B16878FFF7F0FF85
:1023F00020B1297868780143490701D5012032BD11
:1024000029462046BDE834400FF016B838B500F034
:1024100011F838B16878FFF7DBFF00281CBF687837
:10242000042801D1012032BD29462046BDE83440B0
:102430000FF02CB804460D462878C9E70C4667E52E
:102440003EB514461D46FFF763FDDDE90623CDE9E1
:10245000002322462B460EF03FFA3EBD10B5FFF793
:10246000EDFF2146BDE810400FF02ABC1FB5024623
:102470000C460D2317216846F1F7BCFF0D22694673
:102480002046F0F7A7FD002060731FBD1FB504466E
:102490000D226846F0F79EFD0D236A46214617205F
:1024A000F1F7B1FF1FBDF8B584B005460026DFF88F
:1024B000BC4311E0F7B234F81720AA420BD16946A9
:1024C000F0B200F096F89DF8000002281CBF4FF60D
:1024D000FD7124F81710761C06F03FFDF1B2814221
:1024E000E8D305B0F0BD2DE9FF410E464FF6FF746D
:1024F0000546A64205D1F4F70BFB10B1F5F7E8FB52
:10250000AFE10027DFF8648310E0A6420CD038F872
:102510001700B04208D14FF6FD7228F8172003E0EB
:1025200028F8176003F09EFF7F1CFFB206F015FD30
:10253000874214DA38F817004FF6FE718842F3D25A
:102540006946F8B2FFF792FF0822294600F02EF8FC
:102550000028DAD1A642E3D138F81700D0E72046A8
:10256000CEE72DE9F84384B081460F460025DFF819
:102570000043DFF8F88211E0EEB238F816204FF68B
:10258000FE739A4209D26946E8B2FFF76FFF08224C
:10259000494600F00BF800B9A7556D1C06F0DDFCAC
:1025A000E9B28142E8D305B0BDE8F0830DF1050042
:1025B000EEF72CB9AD4931F81000704738B584B04A
:1025C00004460D4606F0C9FC214681423FBFA7489C
:1025D00030F811204FF6FE739A4208D26946204621
:1025E00000F007F829460DF10500FFF77CFF05B064
:1025F00030BD38B504460D4606F0AFFC844201D329
:10260000282032BD29462046FFF730FF002032BD8A
:1026100070B504460D46287818B92046BDE87040CC
:1026200038E006F09AFC844201D3282070BD204691
:1026300004F03CFB10B140F6044070BD681D00F092
:1026400073FA461EB6414FF6FF71681DFFF74BFF48
:1026500029780246F30F204600F006F82946204666
:10266000FFF714FF002070BD30B54FF6FF740D006A
:1026700008BF224608D0032908BF4FF6FE7203D0D8
:10268000A24208BF4FF6FD72784921F81020784A1F
:10269000135430BD1FB5044606F05FFC844228BFCA
:1026A00028201AD2204604F001FB10B140F6044065
:1026B00013E069462046FFF7D9FE9DF8000030B1CF
:1026C00000218DF8001069462046FFF7DFFE4FF627
:1026D000FF70664921F81400002004B010BD7FB5DA
:1026E00005460E46614C00E06D1C06F036FCE9B272
:1026F000814217D2E8B234F810004FF6FE718842DA
:10270000F2D16946E8B2FFF7B1FE9DF80500F1B2DB
:10271000884204BF9DF80600B0EB162FE4D1E8B262
:1027200004B070BDFF20FBE72DE9F84F84B0804670
:102730000D4617469A460E9E0024DFF8309104E0BD
:1027400039F81B00404524D0641C06F006FCE1B2B9
:10275000814220D25FFA84FB39F81B004FF6FE71EC
:102760008842F1D26946E0B2FFF780FE3FB99DF89A
:102770000100504504BF9DF80400B042E4D1002D93
:10278000DED008220DF105012846EEF73FF80028BB
:10279000DAD1E0B200E0FF2005B0BDE8F08F10B55F
:1027A0001446FFF763FE204608223249BDE8104078
:1027B000F0F710BC2DE9FF410646084614461D46B9
:1027C00008222C49EEF722F808B1002049E0002742
:1027D000DFF8988000E07F1C06F0BFFBF9B2814271
:1027E00029D2F8B238F810004FF6FF718842F2D0C3
:1027F0006946F8B2FFF73AFE70789DF801108842FA
:1028000002BF7088BDF80210884202BF30799DF87F
:1028100004108842DFD108220DF10501701DEDF78B
:10282000F5FF0028D7D1F8B2FF2806D1002054B117
:1028300028B100200CE0FF27F8E70120F7E7304639
:1028400010F0E0FB04E00028F8B203D010F0E5FB44
:10285000012202E010F0E1FB00220A9908702A70C0
:10286000012004B0BDE8F08100000000DC40002041
:1028700020410020105400201FB5002417E06946B5
:10288000E0B2FFF7F3FD9DF80000042806DB00210D
:102890008DF800106946E0B2FFF7F8FD9DF80010D2
:1028A00000234FF6FF72E0B2FFF7DEFE641C06F075
:1028B00054FBE1B28142E2D31FBD1FB500208DF869
:1028C0000000002404E06946E0B2FFF7DFFD641C6D
:1028D00006F043FBE1B28142F5D3FFF7CDFF0020C4
:1028E00004B010BDA94B19780C20FF224143A84821
:1028F000E9F766B82DE9F84F88461646A3490A78E5
:102900008146904228BF28202FD204F0D1F910B17F
:1029100040F6054029E00C2515FB09F59C4F4FF6C4
:10292000FD7B7C194FF6FF7A5E4506D07E535645F7
:1029300015D1484604F0BEF916E069464046F5F761
:1029400043F9BDF80000504518BF834627F805B08D
:10295000404600F0E9F8401E8041C00FA0720822F6
:102960004146A01CF0F736FB0020BDE8F28FF8B519
:1029700005461046854A16780C46B54209D20C2306
:102980005D43834E08227719B91CF0F723FB705B77
:1029900004E00821E9F704F84FF6FF7020800020DA
:1029A000F2BD70B504460D464FF6FF7600E00C34DC
:1029B00076490A780C2376485A4383189C420BD2F6
:1029C0002088B042F3D008222946A01CEDF71EFF54
:1029D0000028ECD1204670BD002070BD38B50446FB
:1029E000FFF761FD6A48002107E00288A24204BFA8
:1029F0004FF6FD7505800C30491C644B1D78CAB23A
:102A0000AA42F2D331BD70B505460E463046FFF7F7
:102A1000E5FF31462846FFF766FD29465C4805E09C
:102A2000268003F01FFD294604F10C00FFF7B9FFD3
:102A30000400F5D170BD7FB5054608225549EDF774
:102A4000E5FE10B9F5F744F935E0534C082204F1DE
:102A5000E6012846EDF7DAFE10B9B4F8E4002AE002
:102A600000204FF6FF7400900023012229462046E3
:102A7000FFF75AFE4FF6FC76FF2804D0474931F89D
:102A80001000B04217D301A8F5F705FF50B9BDF803
:102A90000400410606D5082229460DF10600EDF78F
:102AA000B5FE40B129463A48FFF77BFF10B10088D8
:102AB000B04200D3204604B070BD70B50246344B1E
:102AC0000024084601E00C33641C304D2E78E1B23E
:102AD000B1420CD219884FF6FC75A942F3D291424B
:102AE000F1D10822991CF0F775FA012070BD002081
:102AF00070BD38B50446002004F050FB0546FF28A1
:102B00000FD004F029FCC00709D5284604F024FCA6
:102B10000006400E00F0010080F0010032BD0020F0
:102B200032BD04F0010032BD38B5044621461848D4
:102B30000025FFF736FF08B1857A0BE000900023EF
:102B4000012221464FF6FF70FFF7EEFDFF281CBF64
:102B500013490D5C21462846FFF7CBFF401E8041FC
:102B6000C00F32BD38B504460D0018BF01252946F7
:102B7000FFF7F7FC2146064802E0857221460C303B
:102B8000FFF70FFF0028F8D132BD0000AA1800207F
:102B90007C4100201054002094520020DC40002092
:102BA0002041002070B5044621460020FFF797FD24
:102BB000FF2811D106F0C2F90546002601E02D1DBF
:102BC000761C06F0BDF9F1B2814207D22988A142F4
:102BD000F5D1A8780028F2D0012070BD002070BD8A
:102BE0002DE9F04F4FF0000841484249424A434B1B
:102BF000DFF80C91DFF80CA1DFF80CB13BA7DFF890
:102C00000CC1DFF80CE1002657E0424D05EB4815FA
:102C1000C5F800E0C5F804C0AE60EF602E613E4D1F
:102C200005EB4815C5F800E0C5F804B0AE60EF60EC
:102C30002E613A4D05EB4815C5F800E0C5F804A033
:102C4000AE60EF602E61364D05EB4815C5F800E02B
:102C5000C5F80490AE60EF602E61324D05EB48156B
:102C6000C5F800E06B60AE60EF602E612E4D05EBA5
:102C70004815C5F800E06A60AE60EF602E612B4D2C
:102C800005EB4815C5F800E06960AE60EF602E61A5
:102C9000274D05EB4815C5F800E06860AE60EF60B1
:102CA0002E61244D05EB4814234D08F10108C4F8AA
:102CB00000E06560A660E7602661204C2578A845A5
:102CC000A3DB00201E49002409E01E4A02EB40124B
:102CD000C2F800E0401C51609460D76014611A4A49
:102CE00013789842F1DBBDE8F08F0000000000008F
:102CF0006D3003086F3B030857C2010819A901088A
:102D0000E34803089BFE01080DE80108D9D5020835
:102D10008C5100205C3200207C3200209C3200204C
:102D2000BC320020FC3200201C3300203C33002049
:102D30005C3300207C3300205FFC010898180020E1
:102D400071480108DC320020A018002080B5DFF8AF
:102D5000BC05F6F7E5FCDFF8B8150878022806DAB6
:102D6000FF2002F029FA02F0C4F9FAF783F904F01F
:102D7000FBFBF4F753FA07F04BFB06F063FA10F095
:102D80003CFA04F08CF810F05FFA10F07DFC14E0CF
:102D900080B5F5F72FF8FF2804D0DFF87405017827
:102DA000022906DB002002F007FA02F0A2F9FAF786
:102DB00061F904F0D9FBF4F731FABDE80140F1F70D
:102DC00043BEDFF85005007811281CBF4328412876
:102DD00001D1012070470020704710B50446F8F774
:102DE000ACFC801CF8F7B4FC01F0E1FB204602D3F8
:102DF000BDE8104026E000F07FF800F01FF810BD9D
:102E00003EB50446F8F7C0F90546052101A8ECF7E0
:102E10006DFB002000906D1C0523EAB2214601F0F5
:102E200020FA05220DF1040102A0EDF7EFFC00F0FD
:102E300005F83EBD0013000000000000401E804168
:102E4000C00F70472DE9F041044602F00BF900284D
:102E500038D1DFF8C80400784FF6FF75032818BF93
:102E6000042806D101F091FBA9422BD02046F8F7A7
:102E7000A4FBDFF8A40442880221204603F0ABFF44
:102E800000B32046F8F759FC0646F779F4F720FF1F
:102E90008046301DF8F75CFC4246394602F0F5F8F2
:102EA000B01CF8F755FCA84204BF204611F09DF96C
:102EB000307810F0030F03D10121204601F01FFCF0
:102EC000012000E00020BDE8F08171B581B00C4622
:102ED0001546F5F776FA461BF0B2001BBDF8042044
:102EE00080B20090631921461046F7F703FFF1B254
:102EF00001A8F7F77BFE73BD2DE9F84F84B00024DD
:102F000081460194F8F719FC01F0AEF9804601F012
:102F10004BFB39788246404601F0C001039104F032
:102F20006DF98DF802004046F8F7C0FC9DF80210DC
:102F3000FF2901D1050000D00125387810F0030FDA
:102F400007D1F4F7C5FE804501D0EEB216B10126D7
:102F500000E00026B879002812D0D346F4F7B8FE76
:102F6000834511D1F4F7B4FE83460022DFF8A803AD
:102F7000418848465218D2B2594600F021F900283B
:102F800000F0EA800020E8E0DFF8900300780528F0
:102F9000EBD0032804D1DFF88803B0F8E4B0E4E70D
:102FA0000428F8D0504604F071FA0028787814D03C
:102FB0004107DAD54846F7F7ECFF0446214600F012
:102FC0007AFF401C4006020E21464846FFF77DFF6F
:102FD000787800F0FB007870C7E741071CD54846B9
:102FE000F7F7D7FF0546294600F065FF04466F1C3A
:102FF00000F060FF002C18BFFF2805D10022F9B2B5
:103000004846F7F758FEB0E705EB4000801CC1B218
:103010004846F7F782FEA7E701AA6946504602F044
:1030200081FA8346F6B10398802804D0402819D14C
:103030009DF80000B0B1FF218DF80110504605F059
:10304000E3FFFF2834D00DF1010202A906F0A6F932
:103050000399802918BF2D282AD09DF80100FF2848
:1030600026D1D3460198002861D002F0ABF98DF843
:103070000100019801799DF8010001F030010291F1
:10308000FF2804D140F2BF1135A0F3F73BF9002E21
:103090004DD0029810282AD0202848D115B39DF889
:1030A00002109DF8010002F000FB00283FD11EE055
:1030B000387800F03F003870404604F0E7F9002807
:1030C00014BF4046F4F704FE02460021504605F0C6
:1030D00011F9002840D0C8220721484610F010F905
:1030E00001203AE00198017911F00C0F1FD08A4CB1
:1030F0002078012809D0504605F008FF28B9FB794F
:103100005A465146404605F08BFCDA451CBF2078F4
:10311000022804D10198017901F0F30105E001983A
:10312000017901F0F30141F00401017101249DF8DE
:10313000000050B10121504604F0C7FC20B95046B0
:1031400005F062FFFF2805D0D346002C3FF40DAFF9
:1031500030220BE7022000E0032000F0A1BE0000B7
:103160006E6574776F726B2E63000000010018BFEC
:10317000022801D021207047DFF8301B01F03EBB50
:1031800038B50446654800780D46032818BF042862
:1031900001D1012032BD4FF6F9718C421CBF4FF6B0
:1031A000F872944201D0022032BDF4F791FD02463C
:1031B0002946204605F09EF8FFF740FE32BD00226A
:1031C0002DE9F04104460D469046F8F7B6FA00782E
:1031D00001F0D7F90CBF012700272846F8F766FB56
:1031E000064629462046F8F7E8F9F4F771FD8542CE
:1031F0000ED0002E284611D104F032F990B1D7B983
:10320000F4F766FD00232246294602F049FF90B1FB
:103210000121204601F073FA01201CE0F8F73BFC85
:103220000028ECD1DFF8880A017842462046BDE844
:10323000F04103F0D0BD2046F8F788F9400505D5E8
:1032400020460021BDE8F041F9F7BDBC204601F061
:1032500025FBFFF7F3FDBDE8F0812DE9F0410446C1
:103260000D461046F7F790FFA0F110085FFA88F6B8
:10327000A719AA1B394607F10E00EFF7ABFE28206D
:10328000A055DFF8306A31780E357973F3F7D3FF44
:103290000246791C0120F8F765FA0822DFF8081CBD
:1032A000781DEFF797FE3078F6F758F95FFA88F354
:1032B0000022E9B22046F4F768F91220BDE8F08157
:1032C00038B50021DFF8E40BFBF796F804001BD0BB
:1032D000DFF8DC5BF8F7BEF968702046F8F7BFF955
:1032E000A8702046F8F7C1F9E8702046F8F7C2F94F
:1032F000A8600120FEF75AFD204600F013F80020D8
:10330000BDE83240FEF752BD31BD00008C510020B7
:10331000B718002042580020F457002041580020E0
:10332000945200202DE9F84F94B08246F8F718F92E
:1033300004465046F8F714F9082850D1102200210D
:103340005046FFF7C2FD5046F5F73BF8044650469D
:10335000F5F71FF8E1B2F9F75BFD8DF805009DF870
:103360000500ADF806A048B95046F5F712F8014639
:103370000DF1050007F0E0FD8DF804009DF8050053
:10338000802806D19DF8040001280CD1504610F089
:10339000A5FA9DF80500402803D1504610F09EFA8A
:1033A00082E2802805D101A808F0D7FA002840F071
:1033B000798402A80AF0A4FEBDF80600F4F7E9FF3C
:1033C0000446BDF80600F4F7FCFFC3B29DF80510F3
:1033D0009DF80400009402AA11F06CF864E25046D3
:1033E000F8F7FCF8B0F5006F04D15046F8F70DF986
:1033F000064601E04FF6FD76042C16D15046F8F74C
:10340000A5F8000515D4022000223146F4F73AFD54
:103410000C2C10D1514601200DF069F800282BD05A
:1034200051460020FBF798FF3EE24FF6FF718E42B7
:10343000E9D10020E8E71CB9504609F095FD33E2D8
:10344000042C70D1DFF8E00A0478DFF8647A022CEB
:103450000DD0FFF7B6FC50B9332C18BF312C06D075
:10346000042C18BF052C02D03878002804D051460F
:1034700002200DF03CF8002800F01484ADF808A0FC
:103480005046F8F75AF90646BDF80800F8F7BDF8B7
:103490008346301DF8F75CF98046B01CF8F758F900
:1034A000ADF80400BDF808000CA9F7F78AFE0B90F0
:1034B00001F066F80CBF0124002470784FF6F87212
:1034C000410801F001010591BDF8041000F0010070
:1034D0008DF80F0091426AEB0A0ABDF808006FEA06
:1034E0000A014FEAD17AF7F74FFE717881465846C4
:1034F000490901F001018DF81110F8F7D7F98DF89D
:10350000100024B902208DF80E000A2503E00320E4
:103510008DF80E000B25DFF8140AA0F800B0317802
:1035200001F03C01082940F0BD83BDF80800F4F724
:1035300048FF814580F0B6831CB9307810F0030F46
:10354000F1D1DFF8EC19B1F8E42093450DD1DFF8A3
:10355000E429B2F9000097F9021000281ABFA0EB85
:10356000201000EB011109021180A9F11000BDF833
:1035700008108DF80D000DF10D031022284604F0FF
:103580009DFE002807D00598002800F00181DFF893
:10359000A8190878002800F08583BDF80800ADF868
:1035A0000600F7F7F1FD8DF80C000E2107A8EBF7E8
:1035B0009DFFBDF80600F8F728F8ADF80A009DF861
:1035C0000C10BDF806000E31F7F7F5FC002842D0CC
:1035D00000209DF80C20BDF8061000900E2307A8CF
:1035E000F7F71EFB0DF11D010120F8F7CAF8069050
:1035F0009DF81C009DF8295028282CD10DF12100A0
:10360000F3F786FA38BB2846F5F7A8FF40BBDFF88A
:10361000A41608782D1A05F0FF05802D1BDAF6F7A1
:103620003DF8012806D0F6F739F8022813D1F6F74D
:1036300021F880B9FEF772FB04467868251A18B1A4
:10364000F6F732F8854206D30023FF22002100203E
:10365000FBF794FA7C600022BDF80A1019208CE276
:10366000012000909DF80C20BDF8060000231021D9
:10367000F3F7DEFF0028EED0DFF838160A7895421F
:1036800005D029460120F5F72BFE0028E3D0BDF830
:103690000A100DF1210211A8F8F78AF80EA811A955
:1036A0000A22E8F781F901210EA8F8F772F9074616
:1036B00048F203010EA8F8F77DF91FB108210EA802
:1036C00010F000FFBDF80600F7F745FCBDF80A1042
:1036D0000DF1210004F0A3FB0746FE28BBD0FF2814
:1036E0002FD1BDF80A0003F09AFF0746FF2804D047
:1036F0000DF1210104F023FA23E000F041FF07D18E
:10370000BDF80600F7F740FD00F0DBFA08283FD0CF
:10371000DFF83C0BDFF83C2B01781378994205D396
:10372000B01CF8F715F800F042FF94D2BDF80A007B
:103730000DF1210104F0EEF8BDF80A0003F06FFF6F
:103740000746DFF8700501788D4203D1384604F052
:10375000CAFB30B90699384604F04BFB002800F04C
:10376000A1820699384604F055FB307810F0030F1B
:103770000ED1BDF80600F7F707FD00F0A2FA00F041
:1037800000FF05D1BDF80A000DF1210106F09AFBFA
:10379000BDF808000025F7F7D9FE00040FD5304624
:1037A000F7F7D6FF40F400713046F7F7D7FFBDF8C2
:1037B000080000224FF400410125F7F7BAFEBDF8DA
:1037C00008109DF80E000DF10D03102204F076FD97
:1037D000002869D0032808D13046F7F7B9FF40F434
:1037E000007130460125F7F7B9FF059828438DF899
:1037F0000000584603F04AFE00281FBF9DF8000055
:1038000000285846F9F7B1FF74B1BDF8081003203D
:103810000CF06DFE40B900F04FFA01460F2943DD70
:10382000BAF1000F40D124E200F046FA07469DF8B5
:103830000000C0B9DFF800170878A0B1BDF8040097
:103840000090F4F745FA009981422DD13CB1062F42
:103850001CBF072F0E2F06D00F2F25D103E007F036
:103860000300012820D1DFF8C016087802281CBF09
:103870000428052860D1059828B9DFF8BC16087817
:1038800008B1002D58D0584606F0BEFC00280BD1D8
:10389000F4F71EFA834516D100F07BFE18BF04280A
:1038A00003D0012006F09EFBFCE1F4F711FA0021A1
:1038B00000910146DFF87806B0F8E40000230D22FD
:1038C00010F002FEEEE1584603F0E0FD58B9F4F7BF
:1038D00014FA4FF6FF71884205D00AF037F810B994
:1038E000584603F00BFE584603F0D0FD70B1F4F7D4
:1038F00004FA4FF6FF71884208D00AF027F828B979
:103900000CB1062F02D05846F9F71BFC0B98002883
:1039100014BF0CA900210122404606F08AFB0028B2
:10392000D0D13046F7F742FC0146BDF80400002232
:1039300006F07FFB002826D19DF8110040B39DF8CA
:10394000100008BB584603F059FCFF281CD1C345A2
:1039500019D10B98002814BF0CA900210422602360
:1039600001208DF80A208DF80B3001910090022380
:103970000DF10A0201215846F7F7E0FB010002D0E1
:103980000121F9F720F98DE1707800F0DF00707007
:10399000BDF80410DFF8045C4FF6FC722878914201
:1039A00002D1032804D17DE14FF6FD72914201D18D
:1039B0000428F8D0B07908B1401EB0717078410782
:1039C0002DD50020049004AA0DF10101404601F01C
:1039D000A9FD049818B301F0F5FC8DF80000BDF8BE
:1039E000040003F00BFC0499097901F03003102B5B
:1039F0001CBF01F00C02082A03D0049A01F0F30165
:103A0000117104990A7902F03302202A07D1014684
:103A1000FF2904D09DF80000012201F030FE584635
:103A200003F0ECFBFF2804D00021DFF8742B42F8F0
:103A300020109DF80F0050EA0A0040F0A18059467E
:103A4000404600F03BFAF4F743F9BDF80410884211
:103A500000F09680084603F019FD002818BF002CDE
:103A600007D0012F05D1BDF808000022494604F017
:103A70005EFEBDF8040003F009FD40B144B1032F20
:103A800016D1BDF80800494610F05EFD0AE17CB988
:103A9000BDF8040003F0E4FC50B1BDF80820BDF807
:103AA00004100023404602F0FBFA002840F0F580A5
:103AB000DFF8F01A087848B9404603F0E7FC28B967
:103AC000BDF8040003F0E2FC0028DFD0CCB1052FE4
:103AD00017D1F4F7FDF88DF80000F4F7F9F8000AB3
:103AE0008DF8010001230222694602A8F4F7ACFD1B
:103AF0000028CBD109F1010000F0E8F80178491C59
:103B000001707078410709D5BDF80800F7F741FA50
:103B1000401C00F0DBF801784A1E02702878032868
:103B200018BF042806D12CB1052F03D1F4F7D0F823
:103B300080451ED1BDF80800FFF7DEF90CB1032F58
:103B400017D0022815D10DF106020021404601F0E0
:103B500089FC38B10179A0F802B001F03C0141F0D4
:103B60004001017151490A7800F082FB404610F093
:103B7000ABFC0022BDF804101C20F4F783F991E09F
:103B8000002C00F07A80781EA9F110020C2864D86D
:103B9000DFE800F0595907523F3029241C1C120D50
:103BA00008006EE7BDF80800F9F7A5F97AE0BDF85E
:103BB000080006F0DEFC75E02878012818BF02280E
:103BC00070D1BDF8080006F084FC6BE0BDF8080079
:103BD000FCF7F0F8BAF1000F64D059E0BDF8080026
:103BE00010F079FD5EE0BDF80810D2B20120FBF7BD
:103BF000A7FA57E02878012818BF022852D1D2B27C
:103C00000092BDF80820334601210020FBF774FA2A
:103C100048E0BDF8080009F10101C9B2F7F734F82E
:103C200009F10201C9B20091BDF8083002460CA9A1
:103C3000404605F01AFB35E0BDF808104A464046FC
:103C400005F006F82EE0022F0CBF01220022BDF87D
:103C50000800494604F06BFD24E0BAF1000F21D1C1
:103C6000BDF808104B463246384610F0C5FEC8B9BC
:103C70003946584600F05AFD14E09DF80F0020B177
:103C8000307A00F07EFC0DD102E0BAF1000F04D0D2
:103C9000BDF8080000F01FF804E0BDF8080000219E
:103CA00000F02DFD15B0BDE8F08F0000C818002011
:103CB000B818002047580020BDF808004946F6F71C
:103CC000E3BF0146BDF80600F6F7DEBFC1B2BDF89E
:103CD0000800F6F7CABF2DE9F84F84B08146F7F720
:103CE0002CFD05464846F7F790FC0646281DF7F7D9
:103CF0002FFD8346A81CF7F72BFD8046E8798DF849
:103D00000400304603F0C2FB0446287810F0030F8D
:103D100060D1494604200CF0EAFB00285AD04846FE
:103D2000F7F732FA014600F0C6F810F0030F51D150
:103D30004846F7F729FA014600F0BDF810F0030FE6
:103D400048D14846FFF75CF8002843D04846F7F7CB
:103D5000BAFA471C4846F4F734FBF9B20B318842F3
:103D600046DB0FF6E421D1E9002302A8791CC0E963
:103D70000023C9B200F09FF84FEA002A00F09AF839
:103D8000824407F10A01C9B200F095F88DF80500E8
:103D900000200090BF1C0823FAB2494602A8F6F79B
:103DA0003FFF4846F7F731FC9DF805205146FAF7EA
:103DB0001AFA012202A9504606F03BF900286FD1F9
:103DC00002200FF091F910F1010F03D102A9504622
:103DD00006F078F8F3F77CFF834532469DF804102F
:103DE000584606D101F0FFF8002859D106F0C8F96D
:103DF00056E001F0F8F8002852D1DFF8081A0878E8
:103E000018B93146584600F059F89DF8041032466A
:103E1000584601F03AF9002842D0287810F0030FF4
:103E200003D10021484600F06AFCA87900281FBF92
:103E3000DFF8681708780328042831D06878C107AC
:103E400018D52E7A4046FEF7ADFE48B106F0E000E8
:103E5000F60806F01C06064346F001062E7209E03D
:103E600006F01C001C2805D006F01C01052917D3FC
:103E7000301F28724FF6FF7529464846F7F79DFB1D
:103E80000CB1002203E0FCF721FD00F03F0202210B
:103E9000484602F0A0FFA84504BF484610F0A5F927
:103EA00005B0BDE8F08F0000105400200E5800202F
:103EB0009C510020F9B24846F6F7E6BE38B50446F4
:103EC0000D4603F0E3FA00281CBF2046A84205D0A7
:103ED00003F094F9BDE83240F9F7CABB31BD10B523
:103EE000DFF824492078022818BF032801D01720C2
:103EF00010BD00F04EFB18BF042802D1F9F774FC86
:103F000008B1022010BD02F07DF92078032806D107
:103F10000023FF2200210120FAF730FE02E000F02A
:103F20009BF900B1012010BD42580020225400200E
:103F300094520020CA51002046580020F8B505468A
:103F40000C4600260CB9012602E03F2C08BF0024D5
:103F5000F7F706FB082811D101212846F4F798FA53
:103F60000546F4F716FA06462846F4F72AFA2246DA
:103F70003146C0B2BDE8F84010F0A2BA28464FF66C
:103F8000FF77F7F7EDFA30B9394600220120BDE896
:103F9000F840F3F777BF2846F7F7F5FAB0F5006F6A
:103FA0000ED12846F7F7FDFA03230146B94208BFB0
:103FB000012301D004B1052300221846F3F762FF64
:103FC0002146284602F096FF50B92146284600F0C7
:103FD000D5FB28B9324621462846BDE8F84000E026
:103FE000F1BD2DE9FF4B80460C469146F7F7B8FA34
:103FF0000C28DFF8A855DFF81068404664D1F7F7C1
:104000009CFB0922002106F05DFB00F11007F9B2CC
:104010004046F6F739FE012806D002280FD00428C2
:1040200030D07C2843D010E134B913214046F6F754
:1040300074FEF3F76AFE08E1FBF7B4FA05E12878AD
:10404000012818BF0228F9D1F91CC9B24046F6F779
:104050001BFE002C08BF002809D17F1CF9B2404686
:10406000F6F75BFE04464146F5F736F8A6E0002079
:1040700000900823152200F0F3F801A9002003F0B6
:104080008DF8A9E03078022810D164B906F0BBF9A8
:10409000C00702D406F0ADF908B902F040F9B9F151
:1040A000000F08BF3F24204607F04AFACDE0404603
:1040B000F4F76FF905464046F4F783F9C1B22A4692
:1040C00020460AF057F8C0E0F7F737FB00F0CCF8CD
:1040D000ADF8040000F068FA8146DFF830074FF6CB
:1040E000F87B0188D9450CD2DFF8242713885B1CA4
:1040F0001FFA83FCBCF1000F08BF0021138004B13C
:10410000491C0180387800F00301012967D140463D
:10411000F7F73AF801464046F6F7B6FD042806D010
:1041200007280ED00B2818BF0D2804D08DE040467C
:1041300004F0AAFE89E028780428FBD100F08CF86E
:1041400083E02878012818BF0228F9D13846F7F70C
:104150002DF80546032101A8EBF7C8F9002D74D00E
:104160002946002003F01AF805464046F7F70CF8F8
:104170000021401C0091C2B2032300F071F801A994
:104180008878DFF89026002C04BF3378022B1BD1EF
:10419000D0B948789DF80410FF2D01EB00240AD017
:1041A00032F815104FF6FF30014022F81510214665
:1041B0002846F9F707FA204601F01EF900222146A9
:1041C0001020F3F75FFE40E002283ED018B932F825
:1041D0001500410539D42846F9F74AFA35E010F0C0
:1041E000030F32D12146404602F0AEFB6CB3D945F5
:1041F0002BD27C78A40814F0010406D1484601F0C3
:1042000015FA050002D0012500E00025484603F01C
:1042100027F908B1062408E00CB10B2405E02800BA
:1042200012BF0C24DFF8F00504780021BDF804006B
:10423000009100232246494610F046F92DB100F0C6
:1042400017F82246484610F03FF9BDE8FF8B000002
:1042500048580020A118002000210020FCF7A8B831
:10426000414601A8F6F7DCBC0746381DF7F770BADF
:104270000020BDF804100090002370472DE9F04F96
:1042800089B00646B6F800904846F7F756FAFFF7A9
:10429000EBFFADF8020000F087F9ADF8000004A9CB
:1042A0004846F6F78EFF4846F6F76EFF80464146D1
:1042B000FFF701FE8246387800F063F90CBFD34661
:1042C0004FF0FF0BFDF724FDF188401A80B20290F9
:1042D000F3F7FEFCBDF8021088420CBF0124002455
:1042E000FD79084605F090FF88B14846F7F725FAB2
:1042F000801CF7F72DFA00F05AF9C0F03381002D39
:1043000040F030814846FEF77BFD002809D0BDF81B
:10431000000005F079FF30B1BDF8000003F0B6F8F9
:10432000002800F01F81FAF7C1F801900025F3F78B
:10433000FBFA10B9FEF745FD30B1019804281CBF07
:104340000528062800D1012500F023F918BF04280C
:104350001CD1DDB9BBF1060F18BFBBF1040F59D05A
:10436000FEF72FFD18B10AF0030001280ED0F3F775
:1043700039FA30B9DFF89004017801F00F0106290D
:1043800045D100F002F94846F7F717F9BBF1010FE4
:1043900040D14846F7F705F94FF6FF71884239D109
:1043A000002301AA4146484604F09DF805005DD06F
:1043B0006A799DF80D00824207D208F10500C1B26A
:1043C0004846F6F778FC00F0D5F8FCF77FFA7E2235
:1043D00090FBF2F27E2101FB120000F58070B080AC
:1043E0009DF80E0010F0180F0BD0B07810F00F0FE2
:1043F00008BF002C05D16A79BDF8020004A910F0AD
:10440000FFFA9DF80F00002800F0B180A8E02820F6
:10441000B080ABE0BDF8000000F0C9F802D27878B7
:10442000C10741D500F0B5F818BF04283CD0029868
:1044300040F6B931884280F29580FCF747FA00F0E7
:104440003F00C0F5FA70B080FF218DF80110002206
:104450008DF8002069460DF1010000F06AFE054666
:10446000F979BDF8020000F0B4FD002D7AD09DF876
:104470000010012974D0032902D0042905D002E0DC
:10448000002C6DD104E0002C6AD1B178090967D005
:1044900000281CBF416811F1010F63D0C0789DF85E
:1044A000011088425ED25BE0BBF1020F28D10123EC
:1044B00006AA4146484604F016F80446F3F708FCFD
:1044C000BDF81E10884203D0084602F0DFFF60B33B
:1044D000002C47D0638801224146484604F0D7F8B3
:1044E000DFF838030178491C0170F971BDF81A0032
:1044F0006188884201D000F03DF84FF4C8702EE08A
:10450000BBF1030F11D184B108F10100C1B2FFF773
:10451000D2FC0C2809D103F0D9FB4FF6FF720146FB
:1045200090421CBF4846F7F748F84846F7F739F875
:10453000F3F757FA012806D1B9480278642111FB34
:1045400002F1FA3100E0FA21B07800090AD10298AC
:10455000814207DBFCF7BAF900F01F001030B08091
:10456000012004E0B07800F0F000B070002009B045
:10457000BDE8F08FB07800F0F000801CB07070479C
:10458000307800F0030001287047A648B0F8E41026
:104590007047024800780328704700004158002007
:1045A000E03300209B180020B81CF7F7D1B84FF675
:1045B000F87188427047FEB504462088F7F7BDF8C9
:1045C0000546281DF7F7C4F80746A81CF7F7C0F8FA
:1045D0000546FDF79DFB0646E088361A384605F08D
:1045E00013FE50BB284605F00FFE18B1284602F016
:1045F0004DFF10B3FFF7CDFF18BF04281DD0A078E2
:1046000000091AD1B6B240F24160864215DA0021A3
:10461000019101AA6946284600F084FF01469DF8F1
:10462000000070B94FF6FF7291420AD02088F6F769
:10463000C4FF0020A0800120FEBDA07800F0F000A3
:10464000A0700020FEBD70B50446F7F776F8054669
:104650002046F6F799FD01462046F6F715FB06467B
:104660002046F6F79EFFFFF7A2FF05D22878FFF756
:1046700088FF08BF022E01D1012070BD002070BD4F
:104680002DE9F04180460F46F6F76AFF082833D03F
:10469000FFF7EBFD0446FD794046F6F7B6FF064608
:1046A0004046F6F753FF00060FD55F490A78042A03
:1046B00002BF55480178022907D1FFF766FF4FF680
:1046C000FF72914201D0FFF7C7FD5849087898B9A9
:1046D000FFF76AFFFFF76BFF02D27878C1070BD5AF
:1046E000387810F0030F07D132462946204600F0F3
:1046F0007AFCFEF7A3FB00E00120BDE8F08110B5D5
:10470000044661B1FF21F6F7BAFF00212046F6F713
:10471000BBFFFCF766FC01462046F6F7BDFF2146CD
:1047200000224348BDE81040F9F710BE38B50D46E9
:1047300084B00321132204468DF808108DF8092057
:10474000F3F7C6FA8DF80A00F3F7C2FA000A8DF8FB
:104750000B0000218DF80C5001910091052302AA55
:104760002046F6F7EBFC010003D000222146FEF7BD
:1047700027FD05B030BD2F494860704770B506462B
:104780002C4D68680C46E8B13046F6F7E9FE0C2877
:1047900018D13046F6F7D1FF06460922002105F070
:1047A00091FF305C04280DD11F490878032818BFF9
:1047B000042807D124B1204829780278914203D3F4
:1047C00000202870002070BD6968001DF5F75DF8B5
:1047D0002878401C2870012070BD80B51748F5F777
:1047E000A7F811490878032818BF042805D100212B
:1047F0000020BDE80440FBF7DBBD01BD08700020D0
:10480000704700004B58002042580020825700207B
:104810008A4700209C330020C818002044580020FC
:10482000A218002094520020415800209C510020E2
:10483000F2570020A85100208C1100209011002078
:1048400001460320F0F72DB9FFFFFFFFFFFFFFFF39
:10485000002070477047002070477047DFF89016BF
:104860000861704710B50446DFF88806F5F760F870
:10487000DFF88406002141808180C48010BD10B51E
:10488000DFF87446A01CF3F7F6FB201DBDE81040CE
:10489000F3F7F1BBDFF86016C880704701212DE9FE
:1048A000F84380460D46FDF733FA0646DFF84876B2
:1048B000FC88404602F0F2FC81464046F6F763FE73
:1048C000B0F5006F28D14846FF2805D0012100919E
:1048D0000422002302F056FDADB9E8F739FF054682
:1048E0004146381DF9F774FD2846E8F737FFDFF831
:1048F00004562846F4F72EFF00282BD03888361AA5
:1049000014FA86F42BE0E8F723FF0546002241461F
:10491000381DF9F71BFDE7E7B81CF9F7FEFC042882
:1049200016DC4846FF2805D001210091082200230B
:1049300002F028FD2DB9E8F70BFF05464146B81CEB
:10494000D0E7E8F705FF054600224146B81CE0E73E
:104950001C200BE03E8021462846F4F796FF404697
:10496000F3F717FD0481032181720020BDE8F28373
:1049700080B502F05DFCFF2801D1012002BD02F0EC
:10498000EBFC0006C00E00F0010002BD2DE9FF4760
:104990000C462046F6F7DAFD060B2046F6F749FEF0
:1049A00005462046F6F71AFE06F001060FF2591AE0
:1049B000B0F5404F1AD1AEB100222946002000F0D8
:1049C000CAF904000ED0F3F7E4FC0546002001907C
:1049D000CDF800A0A97800232246FBF70FFD08B907
:1049E0000120E872012004B0BDE8F0872846F6F700
:1049F000AFFE074602F002FC80460024DFF8F09488
:104A0000B8F1FF0F06D1D9F8101011B13846884718
:104A100000B90124002000210025CDE90001B8F1F2
:104A2000FF0F15D00120424610F006F8D9E9002307
:104A3000CDE9000110431943C9E90001404602F0E5
:104A400041FC30B1404602F087FC10F00C0F00D062
:104A5000012576B38DF808703F0A8DF809700022A1
:104A600002A9012000F077F90646F3F792FC074609
:104A700030000ED1FCB9B8F1FF0FB3D0002DB1D189
:104A8000D9E90201DDE9002302430B43C9E902230E
:104A9000A8E7002DEFD000200190CDF800A0B97854
:104AA00000233246FBF7AAFC00289BD10120F872B4
:104AB00098E7002C96D0002095E738B50446F6F725
:104AC00062FDB0F5006F0CBF012500252046F6F70A
:104AD00079FD044600222146284600F03CF978B9C9
:104AE00085B12046F6F734FE02F088FBFF281FBF91
:104AF000DFF808140A6832F8100010F4E26F01D0F1
:104B0000012032BD002032BD2DE9F84F15460C467C
:104B100098462846F6F737FDDFF8DC63B0F5006FFE
:104B20000CBF371DB71C00213846F9F707FC824639
:104B3000DFF8CC931BE00021002000F038F911E0F1
:104B400000225146B01CF9F777FC5846E8F706FEFC
:104B5000D9F804C1BCF1000F04D043462A462146CF
:104B60000020E04751463846F9F73CFC82465FEAB0
:104B70000A0021D05545F5D1F3F70BFC817A0022CC
:104B8000C272491E8172002C1EBF3F2CC9B200297F
:104B9000D1D1E8F7DDFD83465046F6F7F4FCB0F5D9
:104BA000006FCDD100225146301DF9F745FC0021A0
:104BB000002000F0FCF8C8E7BDE8F18F80B5FDF7F4
:104BC000A7F8DFF834130A880880FF21821A90B210
:104BD00000F01AF94FF6FF71C64A884204D1104618
:104BE000BDE80240F4F7A4BE01461046BDE804400B
:104BF000F4F74BBE01464FF6FF7005E1F8B5002112
:104C00000446ADF80010BC4DAE1C02F0A5FB10F040
:104C10000C0F01D1F1BD2E1D30880021ADF802002E
:104C2000318004E0002239466846F9F78FFB0DF128
:104C30000200F9F76DFB78B900210DF10200F9F7D8
:104C4000DBFB074602F02AFB8442EBD00022394608
:104C50003046F9F77BFBEAE7281D8642DBD100F0FE
:104C600001F8F1BDBDF8001030461FE12DE9F84F05
:104C7000DFF87CA2DAE90001002908BF002868D02B
:104C8000012400250027DFF87CB257E04FF0000830
:104C90002EE0002604EA020015EA030108BF0028FE
:104CA00047D0E043E94302400B40CAE90023DAE978
:104CB000022304EA020815EA030908BFB8F1000F4D
:104CC00004D0104019400126CAE90201F8B202F0EE
:104CD00043FBC0072DD5002ED8D088480168FAB212
:104CE00031F8123003F48873102BCFD14FF0010844
:104CF000F8B202F019FBDBF81820100002D00021F6
:104D0000F8B2904788F00100064209D001260096CB
:104D100010220023F8B202F035FB0020FBF73AFB2B
:104D2000F8B202F0F4F9DBF8002011001CBF414694
:104D300090476D0045EAD47564007F1C72490A787B
:104D4000F8B2904205D2DAE90023002B08BF002A0E
:104D50009FD1BDE8F18F2DE9F8430C469046664996
:104D6000002819BF0E1D02278E1C082700F09AF894
:104D700003E049463046F9F735FB81465FEA090012
:104D800013D0F3F706FB0546E87A0028F1D1484630
:104D9000F6F718FC01463A462046EBF737FD0028A7
:104DA00004BFA9788845E4D14846BDE8F2832DE9DF
:104DB000FC4100220C20002102F00DFB00254E4E8C
:104DC000371D042403E00028FAD0B71C0824002172
:104DD0003846F9F7B3FA0DE002F060FAFF2805D083
:104DE000012100912246E31702F0CCFA41463846F1
:104DF000F9F7F8FA80465FEA0800EDD16D1CE8B2D9
:104E00000228E0DBBDE8F3812DE9F84304460020E9
:104E1000394F0D464FF6FF78ADF80000BE1C00E09C
:104E20003E1D3046F9F774FAA8B900F03BF8814608
:104E3000F3F7AFFA008984420DD3FF2D01D028008B
:104E4000EFD100213046F9F7D7FA002249466846EB
:104E5000F9F77CFAE5E7381D864203D100210020EE
:104E6000FFF7A5FF00F01EF811E0FF2D01D028008C
:104E700009D14846F3F78DFA0189091B018189B2EE
:104E8000414598BF884649463046F9F7ABFA5FEA94
:104E90000009EAD1381D8642C2D1FFF7E3FE404641
:104EA000BDE8F28300213046F9F748BA73B5144CD7
:104EB00018E0002101A8F9F79FFA0546F3F769FA0F
:104EC000C07A78B9284602F0E9F9FF280AD002F042
:104ED0002BFAD4F80461300004D000232A46412183
:104EE0000020B04701A8F9F713FA0028E1D073BDFC
:104EF00070210020E4140020225800201C540020BF
:104F00009452002094530020D91800201A480178A8
:104F1000FF221A488900EBF79FB97CB504460D467D
:104F20004FF0FF30002605E00146F0B2205C761C11
:104F30000FF0A6FDF1B2A942F6D30F4A009000216E
:104F400012780E4B00E0491C914205DA53F82140DB
:104F5000A042F8D1012076BD09480478611C91FB7C
:104F6000F2F502FB151269460270042203EB84007D
:104F7000EEF730F8002076BDA91800206841002027
:104F80008E5800200F2070472DE9F041704B1D789E
:104F9000704C2378D3B10027DFF8BC8100E07F1C80
:104FA000FCB2AC4212DA6D4E3678341B1C1994FBFD
:104FB000F3FE03FB1E4408EBC40426888642EED1B0
:104FC00012B9A6788E42EAD1204600E00020BDE862
:104FD000F0810022D8E780B501220021FFF7D4FF3D
:104FE00000B1012002BD38B515460022FFF7CCFF05
:104FF0000446284602F013FB0CB9002032BDFF28FE
:105000000CD0616821FA00F2D30707D4012202FA1A
:1050100000F008436060E078401CE070012032BD81
:1050200010B5FCF78AFE4E4A137851885080C31899
:1050300014205B1A9BB2142493FBF4F400FB14338A
:105040004848E1B2137002789142B4BF521A00226C
:1050500002703F480429BDBF0268C900CA4000224F
:10506000026010BD3A4800683A4A137800F0FF0128
:10507000994208D23A494A78C0F3072090428041C9
:10508000C043C00F704701207047F8B504460D4675
:105090001646FFF7E7FF10B92E48007838B901220D
:1050A0004FF6FF712120F2F7EDFE0020F2BD2B49F3
:1050B0000A78521C92FBF0F300FB1320264AC7B279
:1050C00002EBC707224A136803F1013313603C80E7
:1050D0000870BD70304602F09BFC78600020F870CC
:1050E000F2F7F6FDA04202D0F878401CF8700120DB
:1050F000F2BD38B5174D2878194C811F6170FCF747
:105100001CFE60800020124908602978FF221248A6
:10511000C900EBF7A1F804201249087031BD052839
:1051200001DB21207047104A1070104801700020E8
:10513000704710B5002818BF002901D1002010BD0C
:10514000094A13780B7009490C780470012010BDCE
:10515000583200209F180020083600204A580020AE
:10516000065800204B5800207E580020D018002000
:10517000027902F0FC02114301F03F010171704716
:1051800038B5044600F01EF90546FF2D02D13F2137
:1051900000F071F84FF6FF702080FF21A17103210C
:1051A0002046FFF7E5FF00F0A9F94543C90850196B
:1051B000BDE83440E6F7F4BBF8B50446DFF81865FF
:1051C0000027DFF8185508E0FF2C19BFB079A0427E
:1051D0003046FFF7D5FF08367F1C2978F8B28842A1
:1051E000F2D300F0F5F94FF6FF76FF2707E0FF2C2A
:1051F00019BF037AA342068007720A30491C15784A
:10520000CBB2AB42F3D3F1BDF8B50446FF2831D0A1
:10521000DFF8C8241378984202D3802100F02BF8DD
:105220002146DFF8B43433F831004FF6FF72904274
:1052300020D003EBC100057905F00305012D19D13C
:10524000DFF89C54002633F8311001E00A35761C53
:10525000DFF890341B78F7B29F4208D22F8897422C
:10526000F4D0EB79A34205D08F42EFD1F1BDBDE878
:10527000F24085E7F1BD0FF28040F1F743B830B559
:10528000DFF85424002301E008325B1CDFF84C44B3
:105290002578D9B2A9420AD25188814201BF157935
:1052A00015F0030F91790029EED1012030BD0020C7
:1052B00030BD2DE9F843FCF740FDDFF82C144C8895
:1052C000DFF828241278041BA4B2032A1CBF042A86
:1052D000002C59D0488008784FF6FF78DFF8FC336F
:1052E0002218100402F07F020A70DFF8EC1300228B
:1052F00013E00E8846450ED00F7917F0030F0AD140
:10530000BE0906EBD056022ED4BFB601802607F0A8
:105310003F073E430E710831521C1F78D6B2BE4281
:10532000E7D3DFF8BC530027DFF8B8631FE0F2F7DC
:10533000CFFC01462888884214BF4FF000094FF087
:105340000109A5F80080FF212972B9F1000F08D1E9
:10535000694600F01BF820B19DF800000021FFF71E
:1053600053FFE8794946FFF74FFF0A357F1C317834
:10537000F8B2884208D228884045F6D0A8798442FD
:10538000D5DA001BA871F0E7BDE8F18370B50346DC
:10539000DFF84403002401E00830641CDFF83C53CC
:1053A0002E78E2B2B2420BD202889A42F4D14FF682
:1053B000FF75AB421CBF8279002AEDD10C7070BD25
:1053C000002070BD30B50146DFF810430020DFF843
:1053D0000823257800E0401CC3B2AB4205D202EBA3
:1053E000C3039942F7D1C0B230BDFF2030BD80B5B4
:1053F0006946FFF7CBFF02BD80B5FFF7F8FF10B19C
:10540000BDE80240BCE601BDF0B503460C46DFF83E
:10541000D0020026DFF8C05203E0017AD1B10A3091
:10542000761CDFF8C0723F78F1B2B94213D201881E
:105430009942F4D1110007D0012A0EBF0179C17938
:1054400035F831108C42EAD14FF6FF77BB42E4D1F8
:1054500014218171F0BD0020F0BD002200214FF623
:10546000FF70D1E72DE9F0410F4615460646294663
:10547000FFF78CFF040022D10020DFF85C82444655
:10548000002107E090B922884FF6FF739A4211D0AD
:105490000834491C914B1B78CAB29A42F2D3401C83
:1054A0000128ECDD00243CB9002025E02279920996
:1054B000022AEDD12970F6E72680012007E0207945
:1054C00010F0030F04D000F0FC0040F00100207148
:1054D0000020A07139000AD047F0080727712B7807
:1054E00000F00CF85843C9081044E6F759FA20793F
:1054F00000F03F0020712046BDE8F0817C48007834
:105500007C4AC11DC01DC008704710B50446FFF796
:105510006EFF28B9002200212046FFF775FF00B179
:10552000012010BD70B505460E461446FFF75FFF1B
:10553000206060B1007910F00300307004D1206861
:10554000017901F03F0101712068408870BD0021A0
:10555000284602F0BAFA040006D002F087FBA04207
:1055600002DB0020307004E0314628460FF09AFA42
:1055700008B9284670BD032030704FF6FF7070BD2B
:1055800038B504466946FFF701FF00B3017911F011
:10559000030F1CD111F0300F03D041F00301017152
:1055A00031BD2046FFF728FF00F012F8FF250AE082
:1055B000C3799DF80040A34203D14FF6FF730380E7
:1055C00005720A30491C1478CBB2A342F0D331BD26
:1055D00043480021434A704710B5404B1C78A04215
:1055E00005D2424A1278032A18BF042A01D10120A9
:1055F00010BD394A02EBC002907908B12D2010BDD0
:105600001088088053884B80107900F003000871DF
:1056100010798009400148711079C0F30110887138
:105620001079C0F38100C871002010BDE0B501AA57
:105630006946FFF777FF9DF8000038B9019828B157
:10564000017911F0300002D001200EBD00200EBD06
:10565000274A70B513780446984203D340F24B2191
:10566000FFF709FE00251D4E04E00022214600F050
:1056700006F86D1C3178E8B28842F6D370BD30B5BB
:105680001B4C25781B4B0124ED1DED086843184485
:10569000CB0801F0070104FA01F1C45C002A14BF31
:1056A000214324EA0101C15430BD02460020FF2AF3
:1056B00000D1704710B5FF290DD00D4B1C780D4857
:1056C000E41DE40862431044CA08805C01F007014D
:1056D000C84000F0010010BDCC3400209C18002010
:1056E000983500209D1800201E58002041580020A9
:1056F0009A18002054350020726F7574652D7461FE
:10570000626C652E630000002DE9FE4F054688B0EF
:105710000998ADF806104FF0000AC1881598DDF819
:1057200050800E46D3460024D14660B9F0060AD513
:105730009DF82830099ABDF82010CDF80080284641
:105740000FF0B2F96EE1700548BF4FF4805B300591
:1057500048BF4BF4006BB00548BF4BF0800003D44A
:10576000F00503D54BF040001FFA80FB0A2D6DD8E1
:10577000DFE805F0092E17396C6C39060939150078
:1057800002244FF001095FEA08006AD009990888ED
:1057900000285DD100230022414606205CE003245E
:1057A000EFE7BDF8200004A90DF1080AC0B2FCF72C
:1057B00020FF08220DF1150102A8EDF70BFCBDF842
:1057C0002010DFF8EC0930F81100ADF80600DAE738
:1057D000BDF8200002AA0DF10601C0B2FDF7C7F81E
:1057E0000DF1080ACFE7BDF806004FF6F8724FF04A
:1057F000010990422AD311F4026F27D1DFF8B409CE
:105800000078022818BF042803D0052818BF1620E6
:105810001DD15FEA080010D0DFF89C1908786424D5
:1058200000B15224032D0CBF012700274046F2F798
:10583000C8FDE41B8442C0F29A80032D0CBF0C24E7
:1058400008244FF67F6000EA0B0B9CE70120E9E09B
:10585000002300224146072003F05BFB002800F0F4
:10586000B780DFF8587938884FF6FF71884207D043
:10587000391DF2F7CDF918B14EF6FF7000EA0B0BA7
:105880009DF82810BDF80620534600914BF4027194
:1058900089B24046F5F7A5FBADF8040060B338883F
:1058A0004FF6FF71884221D0BDF80400F5F745FF9F
:1058B00000903988001DF5F751FFDFF804090178E1
:1058C000009A5FEACB40D17107D50098391D00F1ED
:1058D000080208681060486850604FF6FF71398010
:1058E0004FF0FF320821381DEAF7B6FC099A21462D
:1058F00001A8F5F781FD08B9192093E0DFF8B81881
:105900000878D8B1B00619D5F1074CBF2122012281
:105910000A2D08BF42F08002B9F1000F08D0002024
:105920000090D3B25246002101A8EFF7E1FA03E05C
:10593000514601A8EFF788FA002873D15FEA080002
:1059400017D0F2F73EFD0446BDF80400F2F739FD2A
:105950000146DFF86428107800B112202144401875
:10596000710901F0010100EB8100852801DB38207D
:1059700058E0B00409D5BDF80400F5F7E7FD40F4A0
:105980008061BDF80400F5F7CFFD082D18BF092D83
:1059900005D1BDF8040001221021F5F7CAFD1598C4
:1059A00050B1BDF80610BDF80400F5F706FEBDF8CD
:1059B00004001599088023E0BDF80400F5F7E4FB26
:1059C000BDF8041002460023042003F0A2FA10B927
:1059D00040F6014026E0E81E05D0C01E012884BF25
:1059E000C01E012810D8072D18BF0A2D03D101A809
:1059F0000FF05CF830B9BDF80400FDF7EEF908B11E
:105A000000200FE004200DE0B10444BF4FF6BF704A
:105A10000640BDF82020BDF804003346D2B2294626
:105A200000F025FD0BB0BDE8F08F2DE9FF47DDF854
:105A300030A00646904699460D9C5FEA0A0002D0C7
:105A40000CB921205EE0DFF86C0700780D460228D3
:105A50001CBF0428052805D0284603F057FA08B9CA
:105A600016204FE0DFF850271078642100B1522152
:105A7000514538BF382045D386B94FF6F8718D426D
:105A80002CD200275FEA0A002AD000225146204685
:105A9000F2F7A4FD074618BB192033E04FF6FE7756
:105AA000022E0BD103F059FA2946814216D2DFF8B3
:105AB000000730F81120BA42E3D30FE0012E0DD1D8
:105AC00002AA6946E8B2FCF752FFDFF8F8160A7836
:105AD00095423CBFBDF80000B842D2D3012011E08E
:105AE0004846F5F70DFD002001900097FF23424640
:105AF00029463046FFF708FE20B90E9911B198F8F3
:105B00000A200A7004B0BDE8F087FEB50E460A9977
:105B100004461D4600270B980B0002D008B921202F
:105B2000FEBD4FF6FF739C4205D0DFF890361C8017
:105B3000DFF88C4622700A0006D00022F2F74EFDF4
:105B4000070001D11920FEBD0998089CF5F7D8FC83
:105B500000200190009723462A4631460620FFF791
:105B6000D3FD18B90C9909B1AA7A0A70FEBD38B1F3
:105B70000268DFF854160A60426800204A607047E5
:105B8000212070472DE9FE4389460C9905460027E0
:105B900014461E4608000AD00D9808B9212029E0B5
:105BA0000022F2F71BFD070008BF192022D04FF694
:105BB000FF78464506D00A98DFF800160E80DFF819
:105BC000002610704FF6F8739C4228BFA04605D2FD
:105BD000DFF8F815087808B94FF6FD780B98F5F757
:105BE0008FFC0020019000974B462A464146032037
:105BF000FFF78AFDBDE8FE8310B50021DFF8D00570
:105C0000F8F7FAFB040009D0214604200AF06FFCE3
:105C100020B120460121BDE8104000E010BD2DE973
:105C2000F14F84B08B46F5F788FD0546A81CF5F7C3
:105C30008FFD0646BDF81000DFF898454FF6F8785E
:105C4000F5F7A2FA00F0C5F9814609F003078DF8CF
:105C50000070281DF5F77CFD2080F2F739F88642A8
:105C600011D046450FD26878C1070CD4304601F0F8
:105C7000F7FB002806D0BDF810202088012331460C
:105C800000F00EFA8CE1BDF81000DFF84C653146EB
:105C9000F5F725FBBDF81000DFF840A50AF1040177
:105CA000F5F78FFA08B10AF10400DFF8341508603F
:105CB000BDF81000F5F7CEFCDFF828150870BDF828
:105CC0001000F5F7CCFCDFF820150870BDF81000C7
:105CD000F5F7D0FCDFF81415086000208DF80B00F4
:105CE000BBF1000F2CD0B079810629D5F1F7F0FF78
:105CF00050B1DFF8FC0401788A0705D49DF8000054
:105D0000012808BF182300D008230DF10B010091D2
:105D10000022002104A8EFF7EBF888B109F0030096
:105D2000012802BFDFF88C040178112907D1EEF7B2
:105D30001EFD002803D140F61D40F8F7B3FB2FE10C
:105D4000A81CF5F705FD404510D2022F0ED0F088B3
:105D500001040BD4BDF81000F2F733FBA0F11001E1
:105D6000C9B22846FFF7D9F8002805D12FB1022F74
:105D700000F0F080C0F0F58012E1BDF81000F58869
:105D8000ADF80800F5F7D9FC0746BDF808002D0668
:105D90006D0FF5F7F9F90146BDF8080005F00105AA
:105DA000F4F772FF8DF80A00787800F00109B81C4A
:105DB000F5F7CEFC4045BF41F1F78AFF2188FF434C
:105DC000FF0F81420CBF4FF001084FF00008B6F8FA
:105DD00002B0B9F1000FCFD1380014BF062008205F
:105DE0000022F2F74FF8BDF80800F5F7CDF9BDF83D
:105DF000081002460023042002F060FA81463800B1
:105E000001BFF18848F240000140402903D1002140
:105E1000584600F0F7F8B9F1000FADD030880028EF
:105E200004BF707900285BD1BDF8080003A9F4F71E
:105E30009EFBA0F10109BDF80C005FFA89F1F4F7AF
:105E400023FF0190F0883B465A460090208829465F
:105E50000EF02EFE00284DD0BDF80C1033465FFA30
:105E600089F2062002F02AFA002843D0708848F20E
:105E70000201884204D1BDF808102088EEF76BFDBE
:105E800002AA31460DF10A000EF054FE002826D178
:105E90002088BBF5004F06D3BDF808205B4631468D
:105EA000F4F77AFB1CE00221BDF808208AF8001004
:105EB000009700233146F4F7C1F9BBF1130F0FD05F
:105EC000F08841040CD4DFF82C2311789AF80000F4
:105ED000CB0701D5022803D0890761D501285FD1FE
:105EE0009DF80A0000F00C000C280ED13089FCF758
:105EF00059FE002854D0B8F1000F14BF0325022525
:105F000031890020FCF7EBFB14E0307900220021FE
:105F1000009073792088FCF707FC9DF80A1001F0C7
:105F20000C01082905D1B8F1000F0CBF0425052587
:105F300000E00025B049087027B9BBF1380F18BF41
:105F4000002300D10123BDF808002A46314608F09D
:105F50008FF825E0BDF810203146484600F0B1FA30
:105F60001EE0F1F7B5FE2188814219D0BDF810106E
:105F700005200AF0BCFA98B1B079410608D5002096
:105F8000218801900090FF2332460A20FFF7BCFBD6
:105F90009DF80B302188BDF810005A46F2F7C0FC7E
:105FA000F1F796FE218881420DD1BDF81000F5F77A
:105FB000EBF800F00EF810F00C0F04D1BDF8100053
:105FC000002100F0C1FC00208549086005B0BDE853
:105FD000F08F0146BDF81000F4F756BE764B1978E5
:105FE0000246642001B15220510548BF083811050E
:105FF00048BF0838C0B270476F4A1178642001B1B9
:1060000052207047F0B585B005460C46724E02A886
:1060100031460C22E5F7C8FC71794FF6BF7037792D
:106020008DF80C10F1888DF80D70ADF80A50014014
:10603000ADF80E1000210191664801880094FF23FD
:1060400002AA0720FFF760FB05B0F0BD2DE9F04183
:10605000604F38801546604F0C46984638460C22F3
:10606000E5F7A2FCA679700602D5B979480601D4F5
:10607000022013E0280005D0002229464046F2F70E
:10608000ADFA02E00020F4F77AFE01000EBF1920FD
:106090006088FFF7B7FF0521584A1170BDE8F0810D
:1060A0002DE9F04F0546924687B00C461F465046F4
:1060B000F5F76AF801465046F4F7E6FD8346504688
:1060C000F5F73BFB001DF5F743FB0646F1F700FE35
:1060D000864267D01BF0030F64D13E4EB6F80080B5
:1060E00003A95046ADF80450F5F7F9F8BDF80410CF
:1060F0009DF8110000253180002804BFBDF80C0078
:1061000000284BD15046F5F718FB801CF5F720FB13
:106110004FF6F87188428941C943002F14BF02200D
:106120000120274AADF80A40ADF808A001250692E3
:10613000334FDFF888908DF806B0CC0F8246BDF85B
:106140000820BDF804000094EBB203A9F4F776F838
:106150008346012802BFBAF1020FE8B2012818D124
:10616000BDF80A00A9F800003878401C3870A0F18A
:106170008001069801709DF8061011F00C0F08D1EF
:106180009DF81200410604D5BDF80E000021FFF76E
:1061900039FF6D1CE8B28245D1DA5D46A6F8008071
:1061A000284600E0002007B0BDE8F08F00000000A6
:1061B000DC400020425800204658002040110020BA
:1061C00074580020AA1800204411002067580020AD
:1061D000F257002022540020285400208051002033
:1061E000245400209D5100209E510020A4510020E5
:1061F0004432002064580020215400202054002004
:10620000445800202DE9FE4F4B480078022442F20A
:1062100010794EF6602A494E494D032818BF0428CC
:106220001BD1FBF77BFD2978022914D13168884204
:1062300011D03060434A1368C318591A1160424A9A
:10624000107818B1401E84400AFB04F989453CBF10
:106250000320F1F77EFABDE8F78FFBF75FFD2978A1
:106260000229F8D13568A842F5D03060451B0026D8
:10627000DFF8D880DFF8D8B014E058F8271088424B
:106280000FD2F0B200F043FF694600F0D4FF28B10E
:10629000F0B200F03CFF69460EF04EFCF0B2F7F7AA
:1062A000E7F9761C9BF80010F0B28842D3D2F7B21F
:1062B00058F82700281848F82700F0B201F04CF8E9
:1062C000C007EED5F0B201F01AF870B158F8270007
:1062D0002528E6D30021009110220023F0B201F01E
:1062E00051F8002048F82700DBE71A49C85D30F074
:1062F000F0001DBF401E04FA00F00AFB00F0484603
:10630000BBE715490A78D30708D500210F4A42F8A0
:10631000201010490B5C43F0F0030B54704780B51C
:10632000FBF7FCFC054908600020064A106001BD2F
:106330000448006870470000415800204C3200209B
:106340004258002050320020B5180020E0330020D1
:106350009A18002044410020FA57002070B500240C
:10636000DFF890590CE00C226243DFF88C19641CB2
:106370008E18B01CF1F77FFE301DF1F77CFEE4B201
:1063800028788442EFDBDFF87409BDE87040F1F74C
:1063900072BEF8B50024DFF86059DFF858690CE0E8
:1063A0004F1EFAB2944207D0121B0C235A4305F138
:1063B0000C012846ECF70EFE377031788C4206DA75
:1063C00068880028ECD0641C0C35E4B2F5E711B9FC
:1063D000BDE8F14047E0F1BDF8B500260027DFF841
:1063E0001849DFF8105909E0FAB20C20424340F690
:1063F0000241761CA01800F077FB7F1C2878F9B2C8
:106400008142F1D3861B2E70F6B22EB9DFF8F00868
:10641000BDE8F240F3F78CBAF1BDF8B50446DFF8F9
:10642000D8580026DFF8CC7816E06888F5F785F9AB
:10643000801CF5F78DF9A0420CD1688800F0F0FCC3
:106440006A8800230E210020FEF75EFB0E212846FD
:1064500000F04AFB0C35761C3978F0B28842E4D360
:1064600000F03EBC7047DFF89808F3F761BAF8B562
:10647000DFF880582E780C24DFF87C78B44614FBC3
:106480000CFC07EB0C04DFF87C783F78BE4202D1AD
:1064900040F60340F2BD03F4835343EA1323A17192
:1064A000002160802272E3712180A180F5F72BF832
:1064B00060812878401C2870002000F089F80020B6
:1064C000F2BD2DE9FE4FDFF82C9899F8020008B1D3
:1064D000BDE8F78FCC880025DFF82CB8E40B84F0FA
:1064E0000104DFF828A80F46904600E0002599F83F
:1064F00000008542ECDA0C226A43DFF8FC178E18A4
:10650000B08800B970886946F4F7E9FEB87A9DF85A
:106510000A10884243D194B93889BDF80820C1B225
:10652000D2B28A420BDB9AF80030CB189A4236DAA4
:106530000123511A03FA01F111EA102F2FD040461E
:10654000F4F7C1FE05469DF80600810602D5B8792C
:106550008106BDD5F07900F00C00042808D17088C0
:1065600000F05EFC7288002300210020FEF7CCFAC8
:106570000021304600F0B8FAFFF70BFF4046F1F774
:1065800020FF854208D2307A002301228BF80000D8
:106590003946404607F06CFD002CA7D098E76D1CEB
:1065A000EDB2A4E7012013E080B5FBF7B1FBDFF803
:1065B0004427918840F20113401A80B2984206DBCA
:1065C0000021DFF83C07BDE80440F3F75EB901BDE8
:1065D0002DE9F84F8046FBF79BFBDFF818178988F9
:1065E000DFF810279080411A507889B24FF6FF7A71
:1065F0008142ACBF0020401A5070DFF8FC760025C5
:106600000091914615E00121384600F085F80AE036
:106610003006F8D599F80100009922189142F2DA73
:106620002018401A388038885045D8BF82460C3729
:106630006D1C99F80010E8B2884259D27888002879
:10664000F6D0DFF8CC060178FE793C884FF0000BDD
:1066500004290ED1F1F76BFA4FF6EF71084208D119
:10666000FFF766FEDFF8AC160988884238BFA1EB59
:10667000000B0CB9BDF80040009810FA8BF0A04256
:106680000CD239880098091A39805FEA0800CAD00C
:1066900006F04806482EC6D10021B5E706F00C00EA
:1066A000042802D100213980C1E706F003007106F9
:1066B0004CBF0321012133070FD588420DD132068B
:1066C0000DD401290BD14FF4C8613980FA79401CEF
:1066D00002F0FC021043F871A5E7884298DB5FEAFC
:1066E0000800A0D040F60241384600F0FDF99AE7D4
:1066F000B8F1000F18BFFFF74CFE4FF6FF71DFF83F
:1067000000068A4504D05146BDE8F44FF3F7BDB802
:10671000BDE8F24FF3F70CB97CB5044660880D462E
:10672000F5F70BF8801CF5F713F802F0EFFB18B142
:10673000A11C201D0EF001FA28001DD0E079401C9C
:10674000E071400616D502F001FC06460122002148
:10675000204600F06EF818B1DFF8B81508888619E1
:10676000DFF8AC251178042905D1DFF8A8251088B9
:10677000861900E00026268000222946204600F0E7
:1067800058F800284FD06088F4F7D7FF0546E07925
:1067900000F0030100F0F300E071DFF87C050278FF
:1067A000521C0270EA71DFF874251078D8B1E279D2
:1067B000930618D5DFF86865307848B1500607D5DC
:1067C000022905DB00200090042300F02DF850BBC7
:1067D00000200090012300F027F820B1E07940F07C
:1067E0000300E07173BDA01C0EF060F9D8B9608899
:1067F000FCF782FB10B101280DD073BDE07940F0A9
:106800000400E07100060ED5DFF818150A78DFF8ED
:10681000E404427073BDE07940F00800E07129782B
:1068200001F07F01297073BD00220021A01CEEF74A
:106830005FBB2DE9F04786B0044660880D461646DA
:10684000F4F77BFF0746A079E84628B101282BD052
:10685000022816D008280ED1B81CF4F779FF76B1BB
:106860006946F1F7D5F930B96846FCF75DF9401E85
:106870008041C00F00E0002006B0BDE8F087012095
:10688000FAE7207A02A9FBF7B4FE08220DF10D0108
:106890006846ECF79FFB207ADFF88C14DFF88C2435
:1068A00031F81090105C0AE0227A0C20DFF8801496
:1068B00042438818B0F8009000F10208807A1EB1B7
:1068C0004146FCF716F9D7E74FF6FC76B1450CD3F5
:1068D000404600F043FC4FF6FF718246884204D0E8
:1068E00051464046FCF78FF8D146B14504D249469F
:1068F000B81CF4F733FFC2E7E079C106BBD54FF609
:10690000FD71B1450FD100F00C000C2817D1B5B1C5
:106910004046FCF778F840F60241204600F0E4F8E3
:10692000FFF737FDA7E7894509D1002300220021A1
:106930004046F3F7A3FF31464046FCF764F8E079A0
:1069400040F00C00E07196E72DE9F04F87B08146EA
:106950008A46F4F719FC01464846F4F795F9834650
:106960001BF0030106D11BF00C0004D15146484630
:1069700000F087F87AE04846F4F7E8FDC00675D4E1
:106980004846F4F701FC01464846F4F77DF906460F
:106990004846F4F7D2FE0446A01CF4F7D9FEADF841
:1069A0000C00A77904A948460625F4F798FC06F0E0
:1069B0000C06D0460C2E08BF03256078C10748BFDF
:1069C000032501214846F1F763FD0646DFF8400341
:1069D0000078032818BF042820D0012F1EDDBDF841
:1069E0000C004FF6F871884203D2207A10F0E00FC5
:1069F00014D0201DF4F7ACFEE1790746FEF7E9FA62
:106A00000446384601F004F834B1616811F1010F11
:106A100004D00143814201D140F60248B7490A88B7
:106A2000914506D1B8F101008041C00F0DF0F8FB8F
:106A300014E03046F1F7ADFC04463046F1F7C1FCF6
:106A40000646F4F760FD0294F6B20196BDF80C20FC
:106A5000009004AB294640460DF0E0FF4846F4F7AD
:106A6000A0FD014600220720F1F70CFA0BF00F0001
:106A7000012803D15146484600F003F807B0BDE8AD
:106A8000F08F70B5002200E0521C9A4C2578D3B2EA
:106A9000AB4228D2D6B20C246643974B9C1965882A
:106AA0008542F1D1A288002312B1A3806280012324
:106AB000E279550610D502F0FB02E271F4F73DFED3
:106AC000017801F07F010170208860B900218C48B5
:106AD000BDE87040F2F7D9BE13B9204600F004F8C3
:106AE000BDE8704055E470BD2DE9F04F8BB007460E
:106AF00078880C460E2CADF80C0000F0BC8097F89E
:106B00000880BD79F4F719FE8146BDF80C0004A990
:106B1000FE79F4F7E4FBBDF80C0006F00306F4F789
:106B200015FD400505D5BDF8160040F40050ADF840
:106B30001600F879C10605D5BDF8160040F480505E
:106B4000ADF816009DF816004FF00C0ADFF8E0B122
:106B500081061DD50022022D0BD1387A07A9FBF73B
:106B600048FD08220DF1210101A8ECF733FA01AA32
:106B700007E0012D05D1397A0BF102001AFB01F172
:106B80004218002300930423002103A8EEF7B0F974
:106B9000BDF80C000121F1F77BFCADF80000022DDF
:106BA00003D1614830F818900BE0012D04D11AFB95
:106BB00008FA3BF80A9004E009F10200F4F7C8FD76
:106BC0008146F4B1BDF8160041061AD54FF6FC72A5
:106BD000914516D24E490978032911BF0429554A17
:106BE000B2F8E43099450CD0C00544BF484601F0E6
:106BF00077FBBDF81600C10403D515B14846FBF775
:106C0000EDFEBDF80C00F4F7A1FCC00623D405B9D5
:106C1000C846BDF80000F1F7BCFB8246BDF8000095
:106C2000F1F7CFFBC0B2CDF808A00190788904AB92
:106C30001FFA88F20090294620460DF0EFFE002E44
:106C400014BF721E0022002C0CBF09200B20D2B2F0
:106C50004946F1F717F9BDF8120048F234018842AD
:106C600009D1354C2078FF2805D00322494601F090
:106C700045FFFF2020700021398079800BB0BDE8EE
:106C8000F08F70B51C4A002301E00C325B1C194DDB
:106C90002E78DCB2B44207D2147A844204BF9679CB
:106CA0008E42F2D1012070BD002070BD0221E8E7C4
:106CB0000121E6E7F8B505460F4E00270D4C0BE025
:106CC000307AA84204BFB279012A03D10E2130469E
:106CD000FFF70AFF0C367F1C2178F8B28842EFD309
:106CE000BDE8F140FFF755BB0248007800B1012034
:106CF00070470000DC5700200C420020EA570020BB
:106D000020110020AC18002021540020AD180020D4
:106D10004158002070180020445800204658002098
:106D2000C518002061580020DC40002020410020D0
:106D30007C41002094520020C218002070470000BF
:106D400070B50024B64DB74E04E02846F1F793F92C
:106D5000641C0A3531787278E0B252189042F4DB44
:106D600070BD2DE9F0478046FAF7D8FF0446DFF8FA
:106D7000B8924846C246AB4DF2F7ECFC28B16868C1
:106D80005444241A1FFA84FA00E06C6069780A22DD
:106D9000A348514300242E78471801E0641C0A37A9
:106DA000E0B2B0420AD2B8888245F7DAE1B2701A8E
:106DB0004243394607F10A00ECF70CF9761C2E70B5
:106DC000A7F804A0E4B21CB941464846F2F75DFDBD
:106DD0003846BDE8F08770B50D46044691499348A2
:106DE0004B780E780078F618864207DB02464FF69D
:106DF000FF711F20F1F746F8002070BD1046FFF725
:106E0000B0FF064634806D1CB570FAF781FFF08044
:106E1000F4F779FB30810020F9F7BCFA012070BD4E
:106E2000F8B5804D6E782F7800240A21F2197C4B3A
:106E300000E0641C944217DA01FB04FC33F80CE018
:106E40008645F6D1121B521E03EB0C004A4300F19B
:106E50000A01ECF7BFF8B442B9BF731E6B70781E1D
:106E600028700CB90020A870F1BD6E4841780078F8
:106E70004018401E8041C00F70476A48407800B1FA
:106E80000120704710B5674900200B7800E0401CD6
:106E90004C7882B2E418A242F9DBBDE8104080B51C
:106EA00060480021017041708170604A11780A20A9
:106EB00041435B48E4F774FD5B48BDE80240F2F7EC
:106EC00037BD38B5564C574D01E000F02FF86878C3
:106ED00078B12046FDF7D2F90028F6D020880121AC
:106EE000F5F771FE01001CBF0120A870080018BF53
:106EF000012032BD10B54B4B5A78AAB1484C2288BC
:106F0000824211D10020987051B9A17810461031F9
:106F1000A170FDF798FB18B9A07800F0F000A07000
:106F200000F004F8012010BD002010BD7FB53D4CDD
:106F300060783B4E0A22451E657031466846ECF784
:106F400049F823780A21304653FA85F24A4306F17C
:106F50000A01ECF73FF89DF8024014F00F0F0DD135
:106F6000BDF808002409F4F7CBFA611EBDF8000053
:106F70008941C90F0022FDF734F87FBDBDF8040038
:106F8000FFF7EFFE81880A22ADF804106946ECF79E
:106F900021F87FBD2DE9F041224D0A26FAF7BEFE09
:106FA00095F801C069680446287816FB0CFC611A44
:106FB000DFF86C8089B202460023C44416E0A7EBD8
:106FC000010E0EE0BCF80470B942F8DB9CF80270C8
:106FD0004FF0000E521E7F1E8CF802706F787F1CDF
:106FE0006F70ACF804E05B1C0CF10A0CDFB2874256
:106FF000E8D3D1B2814203D22A700020F9F7CAF94E
:10700000287858B169786C6008F1040016FB01F625
:10701000815B0548BDE8F041F2F737BCBDE8F0817F
:10702000403E00203454002004150020A218002007
:10703000F8B51646002818BF002901D0412E01DB03
:107040002120F2BDDFF8105428606960DFF80C04DD
:107050000670002712E018237B432A6800200021D5
:10706000D418C4E90401D0542868FF227F1CC41836
:107070006180001D08211844E4F7A2FCB742EADB56
:1070800068687100E4F78CFC0020F2BD70B500F078
:107090005CF909B9022070BD18B900F0F3F8B442E8
:1070A00001D3212070BD18256C430C44207820B9F1
:1070B000207CC10701D52E2070BDDDE9040100252B
:1070C000257062801D68221D40F0010015605D681A
:1070D0005560C4E90401002070BD10B500F036F918
:1070E00009B9022010BD00F01BF901D3212010BD09
:1070F000182250430024FF220844C0E904440470CD
:1071000044800821001DE9F7A7F8002010BD0246C1
:10711000DFF8440301684FF6FF70002900D1704783
:1071200030B500F0B2F8AA4206D218235A431144EF
:107130000A7CD30748BF488830BD10B500F006F977
:1071400051B100F0EDF807D2182250430844017CF9
:10715000CA0701D5001D10BD002010BDF8B50446BA
:10716000DFF8F4020568002D18BF002C13D00026AC
:1071700000E0761CDFF8E4120B78F0B298420AD2F5
:107180001827784300F034F80028F2D1387CC10782
:10719000EFD57888F2BD4FF6FF70F2BD2DE9F041D2
:1071A0000646DFF8B40205680C467DB1DFF8AC0294
:1071B00090F80080464509D2002CF0B209D1182180
:1071C00048432844027CD0070BD40FE0FF20BDE8E1
:1071D000F0811823584300F00BF810B9387CC10730
:1071E00004D4761CF0B24045E6D3EFE7F0B2EEE708
:1071F000082221462F18381DE9F708BB024670B552
:107200009548016891B10020182600E0401C00F06C
:107210003CF8C3B2AB4209D273430B445C8894423E
:10722000F4D11B7CDC07F1D5C0B270BDFF2070BD6E
:1072300001460020B2E710B50C46FFF7DFFFFF283C
:1072400008D0FFF77AFF28B101682160416801206A
:10725000616010BD002010BD70B500F07AF87AB101
:107260004FF6F874A14203DA00F00CF8B04201D3F3
:10727000212070BD00F00CF802D54180002070BDC7
:10728000022070BD754D2E787047744C257870477C
:10729000182358431044027CD307704710B50446A6
:1072A000F4F771F9B0F5006F204602D1F4F779F9DF
:1072B00002E0F4F787F902E0BDE810409EE7BDE880
:1072C0001040B5E730B5644C2168B1B1634B1D780F
:1072D000A84210D2182212FB00F21144D1E9042373
:1072E000D1070AD5646834F8100010F4E26F08BFC3
:1072F00012F00C0002D0012030BD002030BD10B5CE
:1073000000F024F851B100F00BF807D200F033F888
:1073100004D50006000F00F0010010BD002010BDD4
:107320004E4B1C78A042704710B500F00FF851B1D9
:10733000FFF7F6FF07D2182250430A18137CDA072A
:1073400001D5085C10BDFF2010BD0C4642490968FC
:107350007047414A1268704710B5FFF7F7FF09B947
:10736000002010BDFFF7DCFF02D200F004F801D4CA
:107370000020002110BD182250430844D0E9040128
:10738000C20770470146F0B53348006808B90220CB
:10739000F0BDFFF777FFB14201D32120F0BD1824E3
:1073A0006143012600270144D1E90445BB4208BFDF
:1073B000B24203D0E00701D42D20F0BD059800288B
:1073C00019BF22432B4324EA020225EA0303C1E941
:1073D00004230020F0BDF0B51F4B1B680BB9022041
:1073E000F0BD002612E018256C431F19D7E90445AB
:1073F00004F0030CBCF1010F07D1002A07BF84433E
:107400008D4304430D43C7E90445761C134D2F7883
:10741000F4B2BC42E7D30020F0BD2DE9F042FFF703
:1074200098FFA2B10D4C002394F80090182700E0BB
:107430005B1CDCB24C450AD27C431444D4E90456AC
:1074400005400E4008BF002DF2D0012000E00020D2
:10745000BDE8F0820000000018540020D918002078
:1074600010B5FFF7CBFE0446FF280DD0FFF774FFE1
:10747000C00709D52046FFF76FFF0006400E00F059
:10748000010080F0010010BD002010BD80B5FFF7A5
:10749000B5FEFF2801D0012002BD002002BD000082
:1074A00080B5DFF88C18B1F8E40000F0B8F8DFF828
:1074B000841851F8200002BD1FB504460A230A2291
:1074C00069460120EFF711FEBDF808004FF6FF7185
:1074D000884205D00822FF216846F0F713FA08B168
:1074E000012009E0BDF80800694600F013FADFF852
:1074F000441841F82040002004B010BD4FF6F87247
:10750000904200DB704710B500F0A0F9FF282AD0A8
:1075100000F067F814180DF011FB40B96188DFF82E
:1075200018281378A1EB111101EB03111AE0217C4B
:1075300004F10F000170627CDFF8FC1722740B78F5
:10754000637400781946824204D28A4206D281428C
:1075500007D305E0884203D2914202D3114600E0EE
:1075600001460902618010BD80B503E0401EC0B233
:1075700000F008F9DFF8C41708780028F6D1DFF822
:10758000C00701781B2902DB942100F053F9032086
:10759000DFF8B017087001BD30B5DFF8A047DFF89D
:1075A000A8270023247801E012325B1CDDB2A5423B
:1075B00008D215888542F7D30B701188884202D112
:1075C000012030BD0C70002030BD80B500F00EF8F9
:1075D000FF2802D14FF6FF7002BD00F002F8105AEA
:1075E00002BD12214843DFF86027704770B504469A
:1075F000DFF85457002601E01235761CDFF83C17FF
:107600000B78F0B2984208D20822A91D2046E9F76B
:10761000FDF80028F0D1F0B270BDFF2070BD80B53C
:107620006946FFF7B9FF10B19DF8000002BDFF20C9
:1076300002BD80B56946FFF7AFFF30B19DF800206D
:107640001220DFF804174243881802BD2DE9F84FD5
:107650000446DFF8E856DFF8E826287813780FF2BA
:107660000876984204D34FF48A713046EEF74AFE0A
:10767000ADF8024069462046FFF78EFF20B140F288
:1076800017113046EEF73EFE2C789DF80000DFF82B
:10769000A4A64FF0120B241AE4B2DFF8AC864FF622
:1076A000FF79002C3DD09DF900000122DFF89CE617
:1076B0008240A2F1010C0026DFF8843616E0BEF805
:1076C000000048450FD01F78DEF804004FF0FF316E
:1076D000B9400CEA0007D71920EA0C0007EB400775
:1076E0003943CEF804100EF1080E761CDFF8601650
:1076F0000F78F0B2B842E2D39DF800601BFB04F2B1
:107700001BFB06F008EB000101F11200EBF762FC35
:107710000AF10400A2000AEB860100EB8600EBF7F9
:1077200059FC9DF80040BDF80210DFF80C261BFB49
:1077300004FB102308EB0B0001801178C173017466
:10774000417409024180DFF80C160A780021437168
:10775000027181730821801DE4F722F900204AF8A4
:107760002400297800220D20491C29704946F0F791
:1077700089FBBDF8020008B9F1F73DFF9DF8000054
:10778000BDE8F28F2DE9F0470546DFF8B0653078A7
:10779000421B541EE4B2854203D340F23F1100F075
:1077A00049F80120A840411EDFF8A02500234FF62C
:1077B000FF7A471815E01088504510D0DFF8808513
:1077C00098F8009050684FF0FF3E0EFA09FE01EA6B
:1077D0000009B84309EB500040EA0E00506008323F
:1077E0005B1CDFF86C0500785FFA83FC8445E2D30C
:1077F000B4B1122212FB05F1DFF84C0512FB04F2C2
:10780000084400F11201EBF7E5FBDFF82805A200C0
:10781000011DD2B201EB850100EB8500EBF7DAFB2D
:1078200030780022411E317051460E20BDE8F047ED
:10783000F0F728BB0FF23050EEF764BD10B50C46E0
:10784000FFF7A0FF2046BDE81040FFE62DE9F0411C
:107850008046FFF7E4FEFF283BD1DFF8E054DFF875
:10786000E01428780A7890422FD3DFF8DC6434469D
:10787000002712E0217920884FF6F8730A09984210
:1078800006DA072A04D211F0070F04D1032A02D323
:10789000FDF7F5FC80B112347F1C2878F9B28142E3
:1078A000E8D3002701E012367F1CF9B281420AD2E8
:1078B000317909090929F6D3F8B2FF2803D04146E6
:1078C000BDE8F041BAE7FF2003E04046BDE8F041E3
:1078D000BCE6BDE8F0812DE9F04105468846DFF8B9
:1078E00068740026DFF854440EE00822B91D2846CB
:1078F000E8F78CFF30B93888404503D0F0B2FFF785
:1079000041FF761E1237761C2178F0B28842ECD304
:10791000BDE8F0812DE9F04105460C4620460027E0
:10792000FFF764FEDFF80C84FF2805D058F82070BC
:1079300029462046FFF7CFFF2846FFF787FF064678
:10794000FF2E14D10CF0A5FEFF280AD1DFF8F0635A
:10795000307830B1F8F7BAFF317890FBF1F201FBE3
:1079600012002946C0B2FFF769FF064609E0DFF8BA
:10797000E813087800281ABF002148F8261048F8B4
:10798000267012217143DFF8C003082245182146F2
:10799000A81DEBF71FFB0021284600F080F93046B8
:1079A000BDE8F0811221484310B5DFF89C2314187C
:1079B000207910F0070F07D1204600F0ABF82179AD
:1079C00001F0F8010843207110BD70B504460D4662
:1079D0002846FFF724FE0646FF2814D02046FFF76E
:1079E00005FE0146FF290AD0DFF86C23107830B974
:1079F000DFF8400350F82110324640F822102146AB
:107A0000304600F09CF829462046BDE8704062E709
:107A10002DE9F843804600250126DFF82C43002796
:107A2000DFF8189399F80010F8B288420BD220883A
:107A3000404508D0204600F06DF8042803DA20798C
:107A40000009072800D335437F1C76001234F8B2B2
:107A50001A28E7DBBA4A10784FF0FF31814041EA3B
:107A60000500BDE8F283F8B504466FF0040501296E
:107A70000AD12E46002700250120F9F7BDFF301856
:107A8000844210DB0120F2BD032902D105262F46D6
:107A9000F1E70026052908BF0527EDD000270729B3
:107AA000E9D10525E8E70320F9F7A6FF3818844255
:107AB00001DB0320F2BD0520F9F79EFF2818844260
:107AC00001DB0520F2BD0720F2BD38B50D46FFF7FA
:107AD000B0FD040006D000F01DF845B9217911F081
:107AE000070101D1002032BD884238BF084632BDAF
:107AF00038B504460020451CC0B2F9F77DFF84422A
:107B000004D22846C1B20629F5DB01E0E8B232BD55
:107B1000072032BD38B504000FD06179608849086C
:107B200001F00601491C000AFFF79DFF05462946A2
:107B3000204600F01AF8284632BD072032BD804AA0
:107B400038B5137804460D46984203D340F25B21C2
:107B5000FFF770FE122044437B4B29461819082278
:107B6000801DBDE83840EBF735BA20B142794908AD
:107B700061F3830242717047027902F0F802114307
:107B8000017170472DE9F041DFF8D0814046F1F7EF
:107B9000CFFE73490878032818BF042820D06A4E06
:107BA0000027664D18E034792409092C12D2641C90
:107BB0002146304600F073F8072C01D2032C09D17E
:107BC000307900224FF6FF7100F0F80030710F207D
:107BD000F0F758F912367F1C2978F8B28842E2D3C0
:107BE00002F02BFBF8F742F940464FF47A51BDE81A
:107BF000F041F1F74ABE5A480078032818BF04281C
:107C000001D1002070474D48007870474B4A38B585
:107C100013780C46984205D251490978032918BFB8
:107C2000042901D1012032BDFFF7DBFC151828889B
:107C300020806A882846120AA270FFF76BFFE07066
:107C400028790822A91D00F0070020712879000971
:107C50006071A01DEBF7BEF9002032BD082803DAE1
:107C6000C10701D53F4A0EE0212070473D4800780A
:107C70007047010003D0082803DAC10701D5354A4F
:107C800001E02120704710700020704731480078D3
:107C900070473149087070472F4800787047027963
:107CA00002F00F0242EA011202717047002008E060
:107CB000122242432449401C11444B7903F0EF0344
:107CC0004B711E490A789042F2DB70472DE9F0476C
:107CD0001A4E34780225DFF870800027C14604E090
:107CE000641EE4B27F1C09F112093078FAB28242B4
:107CF0000BD2B9F800A000215046FFF7E6FE00289D
:107D0000F0D0002CECD150460EE084420AD0F8F7B7
:107D1000DDFD31780C1B90FBF4F16D1E04FB1104AA
:107D2000E4B2DAD14FF6FF70BDE8F0870000000042
:107D3000945200207C3D00209D5100204858002096
:107D4000A11800204C580020483C00200836002094
:107D50009F18002078580020CA180020F011002039
:107D600041580020C91800206E65696768626F720B
:107D70002E63000010B50446FFF751FCFF2807D121
:107D80002046FFF73BFAFF2802D000F0DFF8C0B230
:107D900010BD7B487B4A017813787B4859188900CD
:107DA000E7F7A4BB50B50C4675490A7885B09042F8
:107DB00009D212235843754E08223318991D2046C4
:107DC000EBF708F90BE0801A6946C0B2F5F74FFBF4
:107DD00008B100200BE00099216001996160002248
:107DE00008212046EFF78EFD401E8041C00F05B0F0
:107DF00050BD10B5644A034652F82340A14201D356
:107E0000012010BD02464FF6FF711520F0F73AF839
:107E1000002010BD491C5C4A42F8201070472DE933
:107E2000FC4105468846594F0026594C0EE05FEA52
:107E3000080009D03B88984506D100220821B81DCA
:107E4000EFF760FD002832D01237761C2178F0B2AF
:107E5000884219D20822B91D2846E8F7D7FC002825
:107E6000E5D140464FF6FF7188421CBF3A889042E8
:107E700008D0FFF7C3F9FF2819D129464046FFF77C
:107E800049FD0646F0B21AE069464046FFF7D3F9CD
:107E900028B1082269462846E8F7B8FC50B900F036
:107EA00010F8FF2801D000F051F8C0B207E0F0B29E
:107EB000FFF768FC2946404602F010F9FE20BDE8B5
:107EC000F68129460020FFF769B980B5FFF7EEFE7D
:107ED00030480078012818BF022803D1BDE80140CE
:107EE000F5F7B4BA01BD2649097888420BD3401A88
:107EF000C0B2294931F81020D30410D442F4805282
:107F000021F8102009E012214843204A1044417909
:107F1000CA0604D441F010014171012070470020CD
:107F2000704770B505460C46FFF760FB164EFF28FC
:107F300007D1FFF7C6FFFF2801D12D2070BD00F04B
:107F400005F856F820002060002070BD0C490A7822
:107F50008018704770B504460D46FFF747FB0A4E80
:107F6000FF2808D12146FFF7ADFFFF2801D12D20C2
:107F700070BDFFF7EBFF46F82050002070BD0000F9
:107F8000A11800209A1800207C3D0020483C0020C9
:107F900048580020415800209C330020F7B5044683
:107FA000EFF7A6FB05462046EFF7B4FB9DF804105B
:107FB00022464FF6FF731DB3029D204621282D78DF
:107FC0001ED2344E022D0AD242204543701930F899
:107FD00012509D4214D06D1C20F8125010E00FD1A9
:107FE00036F8120098421CBF401C26F8120006EB1F
:107FF0004200B0F842509D421CBF6D1CA0F8425098
:10800000254F264E37F8125036F812C0AC45804145
:10801000C043C00F9C451CBF0CF1010326F8123071
:10802000092C18BF0B2C09D1BB8AB78A01EB070CAE
:108030009C45AEBFB382C919B1820BE01D2C09D19A
:108040007B8F778F01EB070C9C45BDBFC919491E7B
:108050007187738736F81210A94205D320B92046DC
:10806000BDE8FE400CF06CBDF7BD80B552210B4859
:10807000E7F73CFA002002BD80B5FF2252210648F6
:10808000E8F7EAF8002002BD034A22F810100020A9
:1080900070470000604500200C450020B8440020D7
:1080A00038B504460D464FF400500CF052FD2060E8
:1080B0004FF400512960D4F8000030B94FF4C37177
:1080C00002A0BDE83440EEF71DB931BD736C5F7A94
:1080D00069676265655F636F6E6669677572617413
:1080E000696F6E2E6300000010F8012B11F8013B40
:1080F0000AB19A42F8D0D01A7047000038B5044649
:10810000E3F7DCFC05460121204607F079FE28460E
:10811000BDE83240E3F7D6BC10B5444C01212170D4
:108120000120FFF7EBFF0220FFF7E8FF04F10C014D
:10813000201DBDE8104007F0D9BE10B53C4C012908
:1081400008D1F4F7E2FC207058B10020BDE81040DF
:10815000F4F7D0BC29B9207818B1BDE81040F4F785
:10816000A1BC10BD1FB500F02CF8044607F0A7FB1A
:10817000844288BF0446B4B102A9204607F087FBB9
:1081800050B9002100910299019000230FF21D02C5
:10819000284807F094FA20B15FF0920127A0EEF78B
:1081A000B1F8012000E0002004B010BD70470120AC
:1081B000704780B5FFF7D6FF08B9042002BD012043
:1081C00002BD38B50CF0C7FC184D10F0070F22D1D6
:1081D000194C207804281EDB0CF0C0FCD8B90CF038
:1081E000BAFCA0B92078042811DB4FF0FF342878BE
:1081F00058B100212970E3F761FC054600210120F8
:1082000007F0FEFD2846E3F75DFC204632BD0CF08A
:1082100073FD0400EBD1287820B9012129700120D9
:10822000FFF76CFF0CF068FD0446EEE7101000202D
:10823000BC180020F4450020415800207A6967628C
:1082400065655F737461636B5F736C6565702E63E6
:108250000000000038B5174D29888AB00446142361
:108260007F2205A8ECF7C6F8BDF81400C10748BF87
:1082700023201DD4C0F34100010004BFBDF8140049
:10828000C0F341200CA10D5C0DF1160168462A4691
:10829000EAF7A0FEBDF8260069460DEB0502485539
:1082A000000A5070AD1C2246E8B2F4F781F80020B5
:1082B0000BB030BDF029040806080C102DE9F04180
:1082C00004460D4616461F460CF018FD80463B46F8
:1082D00032462946204602F045FC4046BDE8F08182
:1082E00010B50446EFF7F4FC024620460021BDE835
:1082F0001040FFE72DE9F04F0D461746DFF8001755
:108300000A78002487B04FF00609A246022A59D104
:108310008346FFF7BBF8002854D14FF6F97103AE3E
:10832000ADF808708B451FD14FF020080827DFF803
:10833000D4060078032818BF042843D0BDF808B03D
:10834000EFF7C6FC83453DD1EFF7C2FC8346FC2026
:10835000F070FF213171BDF8080002225946FDF787
:1083600053F8D8B10120BBE04FF6F8718B4503D12B
:108370004FF010081027DAE786F803B04FEA1B2009
:1083800030710DF112015846EFF742FCA04600286B
:1083900012BF002720274FF00E09DCE701208DF8DF
:1083A0000C007770DFF86026107829464B46B070D5
:1083B00074710194009403AA4FF6FC70F2F7BEFEAC
:1083C000814608B900208BE0BDF80850EFF780FC2B
:1083D000854212D04846F3F7B0F9BDF80810001DE9
:1083E000F3F7BCF9BDF808006946FEF724FF002842
:1083F0006BD069464846F2F7F6FEDFF808060078CB
:108400004FF6FF76032818BF042805D131464846A9
:10841000FAF7D5FE824658E0FDF71FF8050054D064
:10842000CDF800B0EFF754FC0099DFF8E07589B2A1
:10843000814201D0397809B1387830B1EA1D41461E
:108440005846FDF70FF804003FD0002203214846AC
:10845000FEF7C1FC5FEA000A24D0BDF80800DFF88F
:10846000A81528800A78002068712A712872EFF711
:108470002FFC834501D0387808B1397861B1BDF857
:108480000850EFF725FC854206D12CB1207900F089
:10849000FC0040F001002071002231460C20EFF773
:1084A000F1FC12E08CB1207900F0030001280CD11E
:1084B000EFF70EFC834501D0387808B1397821B147
:1084C000207940F0030020712680DFF83C05007819
:1084D000FF2814BF401C0120DFF82C1508705046FF
:1084E00007B0BDE8F08F2DE9F041804616461F46E3
:1084F0004D1CF3F722F90446201DF3F729F93080CB
:108500004046F3F782F87080A079E9B26D1CF072F2
:1085100000F01FF8B07200F01BF830726D1C2FB124
:10852000E9B24046F2F7F9FBAD1C00E03088B080BC
:10853000E9B24046F2F7F1FBF080AD1C00F008F81C
:108540007072317AB0880122BDE8F041FCF75CBF5F
:10855000E9B24046F2F798BB7FB50C4601AE002168
:10856000C6E9001100911D460146082301A8F2F753
:1085700057FB2A4601A9204601F05BFD04B070BDFF
:1085800038B50446DFF87C0400780D46032818BF90
:10859000042812D000F0F8FC012808BF102103D0F5
:1085A00002280CBF202100216A462046FCF75AFF12
:1085B00018B145800021FCF7DBFD31BD2DE9F04706
:1085C000884692468AB00546AF7AEFF781FB0146AE
:1085D000E888082407F04007884205D002A9012650
:1085E000FEF729FE08B941E0002668880021FFF760
:1085F0006CFA8146B8F1000F07D00822414606A860
:10860000EAF7E8FC47F010071024002E14BF02A977
:10861000DFF8FC1304A808220019EAF7DBFCB9F123
:10862000000F23D002208DF8100004A847F0200787
:108630004770297A0834E3B28170AA888DF8132034
:10864000A98804AA090A0171E9888DF81510E9883A
:108650008DF81790090A8171002001900121009185
:1086600068880021F2F76AFD040001D100200BE0C8
:108670006988F2F7A2FFBAF1000F14BF02210021AE
:1086800000222046FEF7A7FB0AB0BDE8F0872DE9DF
:10869000FE4380460E4617469946F3F74EF80546C8
:1086A00000214846FFF711FA0446F61DF1B2404694
:1086B000F2F7DBFA8CB10FB90178641804706878AE
:1086C000010713D569464846EFF7A2FA28B90022F8
:1086D00008216846EFF716F908B1002025E0284682
:1086E000F2F764FD08226946EAF774FCEFF7F0FA46
:1086F0000146281DF3F732F86878C10603D5C4494E
:108700004046F2F770FD4946A81CF3F727F84946A2
:108710004046F2F752FFBF480178491C0170A87922
:10872000E97108B90121A9710120BDE8FE832DE995
:10873000F04F15464FF0000887B0C146FF228DF874
:108740000120CA462B0014BF082406248DF800100F
:108750009DF80010ADF8020001AAFFF7C4FE07461D
:10876000280011D09DF80E00C1060DD59DF80020FF
:10877000BDF80810BDF8020008320023D2B2083458
:10878000FFF7EAFE002835D19DF80E0081060ED5D0
:108790009DF800006B1EBDF80A109B412418BDF81F
:1087A0000200DB0FE2B2FFF7D7FE002822D128003B
:1087B00014BFBDF80840BDF80A40EFF789FA8442BB
:1087C00004D02046FEF762FE040000D00124002DF4
:1087D00040D017B94FF6FF7524E0F9798E487D88AF
:1087E00000EBC1063088BDF80A10884203D04FF66E
:1087F000FF70388000E124B9BDF80800FCF7F7FDF0
:10880000814600213046FCF7B3FCBDF80600B9F103
:10881000000F708006D000214846FCF7A9FC78883C
:10882000A9F80200FDF71EFE7C490878002810D048
:10883000002C0ED19DF80010BDF802002B4600223E
:10884000FFF725FF002804D0BDF802002946FAF7FB
:10885000B6FCD1E0BDF806000021FFF736F905901F
:10886000BDF80400FEF712FE0646EFF731FABDF838
:10887000041081421FBF6348007803280428E8D011
:108880009DF80E104A06E4D405983043E1D001F07B
:108890001802082A08BF4FF0200B06D001F018017B
:1088A00010290CBF4FF0100BCB469DF80D1005980A
:1088B00041188DF80D10002C06BF5FFA8BF5002DC6
:1088C00001252FB9FCF7C9FD07004FF0010AC0D000
:1088D0004DB9BDF80A000DF101020021FCF7C2FDFF
:1088E0005FEA000844D046B9BDF8080004AA59461A
:1088F000FCF7B8FD5FEA00093AD04849087800283B
:108900000EBF002E84F001011AEA010F26D0F7F7FE
:10891000DDFF9DF80D207E2190FBF1F17E2606FB08
:1089200011069DF80010BDF80200B61C491DC9B221
:10893000F2F7C1F9BDF802004FF6FF71F2F73DFE04
:1089400005980428A8BF803602DA0228A8BF40365E
:10895000BDF80200F2B20221FEF73DFABAF1000FB3
:108960000ED178799DF80D10814209D3BBF1000F2B
:1089700042D0814240D1F7F7A9FF10F0030F3BD15D
:10898000BDF80600BAF1000F78809DF80D007871EF
:108990000CD0BDF8040038809DF80C10002038720F
:1089A000397165B99DF80100F87119E0B8F1000F4F
:1089B0001EBFF8799DF80110884202D0EDB1FF206A
:1089C000F871B9F1000F18BF002D09D099F8041003
:1089D000BDF8060001F0FC0189F80410A9F80200B6
:1089E00054B1BDF8020005A9F2F7EBFB20B15246E5
:1089F00005A901A8FFF7E2FD72E5F971F0E70000B3
:108A000042580020415800208D580020DA180020DC
:108A10001054002044580020CC3400209B18002023
:108A20002DE9FE438046894615461C46EFF750F96E
:108A3000804514BF0126002600274FF6F8729542A4
:108A400037D205238DF8083002A93EB10123887082
:108A50004B70000A8DF80B00042301E04F700223D5
:108A600001970121009102AA00214846F2F766FB16
:108A70005FEA00091DD0BEB1F2F75FFE064641462F
:108A8000301DF2F76BFEA4F18000F071694640469C
:108A9000FEF7D1FB20B969464046F2F71DFF40B111
:108AA00069464846F2F79FFB29464846FAF787FB96
:108AB00007463846BDE8FE8310B5DFF82C04F0F712
:108AC00037FFDFF828442078062804BF0120F6F796
:108AD00028FF2078062818BF532802D1BDE810408F
:108AE00065E010BD18B1DFF808140A880280DFF8CD
:108AF000040400787047FF224FF6FF712DE9F0471C
:108B000004468946924601F065FCDFF8E073387848
:108B100000F00F08002818BF21280CD0DFF8D85328
:108B20002878012801D1A00605D4DFF8C463301DE0
:108B3000F0F710FE08B1022037E0A0065146484683
:108B400002D50CF0DDF801E00CF0DBF8DFF8A4034F
:108B500080F800A0A6F80090B8F1010F04D12121FF
:108B6000397000F024F816E0A0064CBF5320062010
:108B7000387004F0200421464FF6FD7000F02AF909
:108B80002878032816BF042840F2262140F6020167
:108B9000301DF0F77AFEA00606D400214FF6FE70D5
:108BA000F6F79EFFF7F70BF80020BDE8F08710B549
:108BB00001F010FCFDF710FCFEF764F90020FCF753
:108BC00019F804F0C3FE08B103F0DAFEDFF81C4325
:108BD0002078532808D1032020700023FF22002191
:108BE0000120F5F7CBFF28E0062818BF212824D163
:108BF0000120F6F796FE4FF6FE70EFF771F84FF68C
:108C0000FF70EFF782F80020F5F7BCFD0020F6F7C3
:108C1000D3FDF6F7CCFCFAF7BBF8F5F7D6FA2078D7
:108C2000212802D1F5F7FEFC07E00020EEF791FDC8
:108C300000214FF40040EBF739FC0020F8F710F961
:108C400010B10020F7F78EFABDE81040F4F7F7B93D
:108C50002DE9FF4104460E46521CD1B23046F2F7D0
:108C600013F805463046F2F768FD0746B81CF2F7E0
:108C70006FFD9E4909788046A80900F0010002298D
:108C80001CBF0429052971D19C4909684A0203D5F2
:108C9000AB0601D4002869D100289748007820D07D
:108CA000032811BF0428964BB3F8E460B44203D004
:108CB00002285BD1C80159D47978080706D538460F
:108CC000F2F774FAEDF724FF20B94FE0EFF700F860
:108CD00080454BD10122214605F02000FFF70EFF11
:108CE00044E0012818BF022840D17878C1063DD55C
:108CF00001A93046F2F765FA01A90020FEF74EFA05
:108D00000646FF280CD0A8065CBF304600F030F8BD
:108D10003046FEF7FCF9FDF780FB3046F4F7A8FC7F
:108D20002046FEF77CFCFF280CD0FEF72BFDA806A2
:108D300008D4EEF7CDFF28B10023022201A9204676
:108D4000F0F70DFAEEF7C4FF80B9A8060ED44FF67F
:108D5000FF752B46022201A9204600F049F903467F
:108D60000095022201A9204600F047F9BDE8FF81E5
:108D70001CB5FEF7CCF904466946FEF75CFA58B11B
:108D8000EEF7A6FF40B1EEF7DEFC28B10023022289
:108D900069462046F0F7E3F913BD38B504460D46A1
:108DA000FEF72CFAFF2801D1012032BD554A117877
:108DB00049B1554A034632F813104A0403D5F4F773
:108DC00057FC002032BDFFF7D3FF45F0400120469D
:108DD000BDE8344030B58D0985B005F001050422A9
:108DE00004468DF808208DF809102B0007D003A940
:108DF000FEF721FA08B901202BE003A800E00020CB
:108E000001900095022302AA01212046F2F796F96B
:108E1000050008BF19201CD037480078032818BF68
:108E2000042805D13648B0F8E4102846F2F7C5FB0F
:108E30004FF6F8718C4205D3322202212846FDF705
:108E4000CAFF03E021462846FAF7B9F9401E8041DF
:108E5000C00F05B030BD38B504460D462348017833
:108E6000022903D1EEF734FF844201D1022032BD42
:108E700029462046FFF791FF28B145F040012046E2
:108E8000BDE83440A6E732BD38B50446F2F755FCDC
:108E900005462046F2F778F9411CC9B22046F1F7A1
:108EA000F3FE40060DD5697808071CD52846F2F771
:108EB0007DF901460020FEF771F9BDE83240F4F774
:108EC000D7BB0948F0F734FD084C2078062804BFCA
:108ED0000120F6F726FD2078062818BF532802D176
:108EE000BDE8314063E631BD2C130020425800201C
:108EF000281300207F5800204158002044320020D1
:108F000094520020465800209C33002000207047D7
:108F100070472DE9F04104460D4616461F460BF0FA
:108F2000F1FE80463B4632462946204601F01BFEB4
:108F30004046BDE8F0817047002070471B487047ED
:108F40001B48007870471B49088070471948008803
:108F5000704719490870002070471748007870471B
:108F60001649F7E7154800787047154800787047AC
:108F70001448007870471349087070471248007809
:108F800070471149087070471048007870470F49C2
:108F9000087070470E48008870470D490880704778
:108FA0000C48007870470B4908707047E83500207E
:108FB0009E1800206C180020A8180020B21800206D
:108FC000B01800206258002063580020AF1800201D
:108FD0006E180020A718002004480168C1F308009B
:108FE000002818BF0120C0B2704700BF04ED00E0A8
:108FF0000BF080BF0098704770471CB5BDF810405B
:1090000000940CF020F813BD30B50146DFF8CC23F6
:10901000107880B10020DFF8C82300E0401CDFF8A2
:10902000C4432578C3B2AB4205D232F823308B4219
:10903000F4D1C0B230BDFF2030BD10B50020DFF844
:10904000A4130870FF23DFF8A0432370DFF88C031C
:109050000178FF22DFF888038900BDE81040E2F7BD
:10906000AFBCF2B5054669460CF000F8DFF86C239A
:1090700014780CB9FF20F2BD2846FFF7C5FFDFF8D2
:1090800068231378DFF85813DFF85863FF280ED1F0
:109090003778A74203D27C1C3846347007E0184664
:1090A00000E02046CC1C14F82040FF2CF9D1984257
:1090B00016D0002400E0641C96F800C0E7B26745B3
:1090C0000AD201F1030E1EF827C08445F3D1CC1C4F
:1090D00014F8206004F82760CC1C04F820301070CD
:1090E00001EB8002FF23158093709DF80020FF2A7A
:1090F0001CBF891C01F82200F2BD2DE9F843FFF7DF
:1091000083FFFF2808BF2D2060D0B54D4FF6FF79B3
:1091100025F820900446B44FDFF8C88209E0491CC6
:10912000CAB2C3B2CCB29A4203D235F824204A451F
:10913000F5D198F80060B44247D03978A14204D103
:10914000E81C10F8241039700FE00021EA1C00E040
:10915000491CB14203DA12F821309C42F8D1E81CD4
:1091600010F82420EB1C03F82120311B4A1E05EBCC
:1091700084001206920D011DE9F72CFF701E88F87D
:1091800000003978FF2903D0A142A4BF491E3970DD
:10919000002115E0FF2B0BD0A34209DB5B1E93706F
:1091A00006E005EB81029378A342F3D1A2F8009088
:1091B000D378FF2B03D0A342A4BF5B1ED370491CFE
:1091C000C2B29142EDDB0021AAE70020BDE8F283A4
:1091D000F8B50646814A107890B30846FFF714FFA9
:1091E0000546FF282CD03046FFF70EFF7C4CFF28A9
:1091F0000DD0002106E0A21CCBB212F823708742EA
:109200001ED0491C774B1F78CAB2BA42F3D3FF2154
:109210003046FFF726FF0646FF280FD03146284686
:10922000A21C12F8207034F82000FFF71AFFB04299
:1092300008BFFF2629463D46FF2DF0D13046F2BD3E
:10924000FF20F2BDF9E6000000BF664800787047D5
:10925000624800787047002B18BFFFF74EBF002A06
:1092600008BFFFF7B5BFFF21FBE62DE9F0410C4633
:1092700086B007460021164698468DF8001001A8D2
:1092800004F03EFFADF804702CB1082221460DF128
:109290000600E9F79FFE0C9D4046EFF77AF8421969
:1092A0006B46314601A80BF0C5FB9DF80000E8B9FC
:1092B0002146384600F006FE48490878B0B10C2E29
:1092C00014DAFF213846FFF7CCFE044600270AE0F7
:1092D00005EB4701C9B24046F1F71FFD2146FFF7F4
:1092E000C0FE04467F1CF8B2B042F1D306B0BDE820
:1092F000F0812DE9F843002305460C468DF8003037
:109300006A460BF0B5FE9DF80010002944D12846AE
:10931000FFF77AFE8146002700251CB12088EFF771
:1093200050F805464846FF2817D0DFF8B48008F10A
:10933000020111F82000FF2804D07F1CF9B20C298B
:10934000F5DB0AE0F8B240B17E00B61C1CB371191F
:10935000C9B22046F1F74AFC08B100201CE0208881
:10936000FAB2E9B2F1F7A7FC20886D1C7A1ED2B2DE
:10937000E9B2F1F7A0FC6D1C06E038F8292020883E
:10938000E9B2AD1CF1F7D4FC08F1020010F8299005
:10939000B9F1FF0FF1D1F0B2BDE8F28310B5FF28AB
:1093A00009D00F4B33F8204003EB80000C8081780C
:1093B0000020117010BD2D2010BD10B50024FFF746
:1093C00023FEFF2808D00224054900E0A41C01EB7D
:1093D00080008078FF28F9D1E0B210BDA7180020E6
:1093E000C0400020585800205958002038B5044685
:1093F000DFF8281A0878002518B1EEF769FC00B9E3
:109400000125F6F7F6FD08B145F04005FFF7ADFD83
:1094100045EA402504EA050032BDDFF8080A008865
:109420007047DFF8001A08800020704710B5044626
:10943000DFF8F0094480F6F74AFB00F0040104F07D
:109440001004A14203D08843DFF8E019087000201F
:1094500010BD10B501460A8801204FF6FF739A42ED
:1094600008D0DFF8C049A2800A8800209A421CBFB9
:109470004B88E3800979FF2903D0DFF8AC0901703C
:10948000002010BD2DE9F64F9DB088462B9FB8F8FF
:10949000021082469B4603913846F2F759F98146FD
:1094A000039870A5DFF88869122840D2EEF710FC07
:1094B00081453CD00398062804BF4FF6FD718945CD
:1094C00035D09DF8A00068BB03993078891E01292A
:1094D00003D9891E022910D924E0032814BF0428C7
:1094E000802306D04846FDF789FEFF280CBF812364
:1094F0008923CDF800905CA210E0032814BF042853
:10950000802306D04846FDF779FEFF280CBF812353
:10951000892300200190CDF800902A461E995046DC
:10952000F1F781FA0020DFF80C19087037E2DFF854
:1095300008291178480705D5039A042A1CBF062A72
:10954000052A39D0039ADFF8DC482D98022A37D053
:10955000032A00F07F80042A00F08A80052A00F0A8
:10956000FB80062A00F02C81132A00F0ED81152AD9
:1095700000F014841C2A00F0F9831F2A00F01082E6
:10958000212A18BF222A00F07D82312A18BF322AF0
:1095900000F08882332A00F0A883362A00F0C083C6
:1095A000382A00F00684392A00F009843A2A00F0AB
:1095B0000A8448F23B039A4200F0998300F00CBC05
:1095C0000CAB9DF8A810002500930D958DF8305038
:1095D0000DAB524658460BF059FDDFF85C08017898
:1095E0008A0744BFDFF8400805784FF6FF70FFF7A1
:1095F000FDFE0746FCF700FD8046F6F768FA814657
:109600003078012808BF002603D002280CBF0126AD
:109610000226FFF7AAFC1728A8BF46F02006EEF79F
:1096200057FB9DF830100D9A09950B910A92E1882D
:1096300007970891A288CDF81480402106922388CC
:10964000CDF80C90029104930196009000230FF640
:1096500040029EE3EEF73CFB6188009000230191FD
:1096600002A296E331323100313200003132320051
:10967000BE78701EC0B2F02801DBF22E01D10127A6
:1096800000E0002706A930460BF056FD390018BF50
:10969000002856D0EEF71CFB9DF81C10BDF81A20D0
:1096A00003460491BDF8181003929DF81D20029105
:1096B0009DF81E10520001964906090E51FA82F2D9
:1096C0000FF2DC710120083200920022F1F7A2FBB8
:1096D000ADF814009DF81D10BDF814008DF80010B1
:1096E000002846D0002501230122694605A8EEF78F
:1096F000ABFF002851D1002713E0FAB2E9B230469F
:109700000BF05AFD8DF80200000A8DF803000123CA
:1097100002220DF1020105A8EEF796FF00283CD1C8
:109720007F1C9DF80010F8B28842E6D39DF81E0019
:109730006D1CE9B28DF800000229D4DBBDF81430AD
:10974000D1E2EEF7C5FA002F14BF83238223002154
:10975000019100902A461CE30BF0BDFD0646EEF792
:10976000B7FA0346009600F085FB0025ADF804002B
:10977000002800F0D28200271E9E11E0F8B20BF004
:10978000BEFC8DF80000FF2809D0012301226946A4
:1097900001A86D1CEEF758FF002840F0BE827F1C28
:1097A0000BF099FDF9B28142E8D3BDF80400EAB2AA
:1097B0000421F1F780FABDF8043000223146A9E215
:1097C00000208DF80600EEF783FA00210091034691
:1097D00000F050FB9DF8A820ADF804003979BDF8E1
:1097E000040002EB4102521DD2B28DF80310049224
:1097F0000028BED0BDF8A400EEF7E3FD0499814235
:1098000010DABDF8A400C9B2F1F73EFA8DF80200F3
:10981000BDF8A400EEF7D5FD9DF80210049A02EB06
:109820004102824280F279829DF803109DF8020085
:1098300001437BD000218DF8011011E001230122AA
:10984000694601A8EEF700FF0028A6D19DF80600A2
:10985000401C8DF806009DF80100401C8DF80100A9
:109860000BF039FD9DF8011081425CD2F878B9788F
:1098700001EB00259DF801000BF041FC8DF8000084
:10988000FF28E8D002A90BF057FCBDF8080085427C
:1098900006D04FF6FF718D42DDD1B0F5004FDAD220
:1098A0009DF8030000259DF80D6006909DF8A80026
:1098B000A946401D05904FF0000812E09DF80000F9
:1098C0005FFA8BF25FFA89F10BF076FC844208BFF5
:1098D00001250BF1010B5FFA8BF0B042EEDB08F1D2
:1098E000010806995FFA88F088420BDA0599BDF8FD
:1098F000A4004FF0000B01EB4801C9B2F1F70DFADB
:109900000446E8E79DF802009DF80E6009F10109A0
:1099100006900498401C059029008FD15FFA89F0C9
:10992000022898DAC7E79DF8060018B99DF8A0004C
:10993000002834D19DF80620BDF804000421F1F779
:10994000BAF9BDF80430CEE1BC7AB91C48460AF039
:10995000F5FB0122B91C484600F06BFB4846FBF7BB
:109960004BFDB81CFDF7FAFB7A783B7843EA0223FB
:1099700098421CBF4FF6FF72904203D0FDF73EFCA9
:10998000F3F776FEE00800F0010080F001042146C4
:10999000B81CF9F7E7F82146B81CEAF7B1FCBCE1BE
:1099A0003078032818BF0428F9D0EEF791F98245E2
:1099B000F5D0F6F78BFF0B2390FBF3F30B224FF45C
:1099C0007A7102FB1300C0B20A3011FB00F1DFF81C
:1099D0006C04EFF75AFFEDF7B3FE0028DFD097F8DD
:1099E000008001230022B7A101200024F1F712FA20
:1099F0004FF00009ADF804000028D0D0CB46DFF8C6
:109A00004054BDF8A4609DF8A87021E0002007EB49
:109A1000CB020090521C0823D2B2314602A8F1F7C3
:109A2000FFF802A90020FDF7B9FBFF281CBF285C46
:109A300010F0F00F0AD004A9E2B202A811440268A3
:109A4000083409F101090A6042684A600BF1010B10
:109A50005FFA8BF04045D9DB5FFA89F0002849D0E6
:109A60000123E2B204A901A8EEF7EEFD002841D1DE
:109A7000BDF804005FFA89F20221F1F71CF9BDF884
:109A8000043030E19DF8A000002833D1080700F130
:109A90002E811E9993B23A4650460BF027FC0028BF
:109AA00028D134E139780024A3460591FCF796FAD1
:109AB000054600215046FFF71CFC03992D1AEDB214
:109AC0000C953078312920D1032818BF042812D1F1
:109AD0000121049116228DF80A2000220194059993
:109AE0000023012000910FF2C031F1F793F9ADF896
:109AF0000800F0B911E1DFF84C23DFF84C5313787C
:109B00002978CB18DBB20493E4E7032818BF0428B4
:109B10000FBF0494DFF834130A78049203980521E8
:109B20008DF80A10322804BF04980028D5D1842269
:109B3000D4E7002635E00F200DE0F8B2FDF70CFC6D
:109B4000800700F1BC801220A874C1480078401C36
:109B5000C1B21029EFDA2875BE48FFB230F81710ED
:109B6000090A697541460AA8F1F7F8FD641C0599D0
:109B7000E0B2401E884213DBBDF80800EEF721FC7E
:109B80009DF80A100C9A0818824209DB0A46012344
:109B900006A902A8EEF758FD0028ABD10BF1010B86
:109BA000761C0498864280F28F80162106A8E5F77D
:109BB0009DFC039832282BD1A74810F8361001F0ED
:109BC0000301032903D103208DF81A00CEE7A34D2A
:109BD000A91D11F836000028C8D1291D11F836003A
:109BE00000F00302012A0CBF01210021B0A2C0F342
:109BF000C200105C01438DF81A1035F8361006A823
:109C0000F1F7ACFDA81C30F836100DF11B00ABE7E6
:109C100006A8F5F751FFFF22082108A8E6F71CFB6C
:109C20008848007806AD864223DA122777438C48AD
:109C3000C15D09090629B3D808A9F0B2FEF7B2F848
:109C4000884AD05B804600280CBF04210521864B42
:109C5000B3F8E430984218BF41F02001A974022102
:109C6000E97408B10F202875911CC85B000A68755B
:109C700078E70027B84600E04F46F8B2FDF76CFBE6
:109C800007F10109C007F7D56E490A785FFA88F035
:109C9000B21A904218BF08F10108EDD1734800785C
:109CA00008A9C019C0B2FEF77DF8F8B2FDF72FFA87
:109CB0008046F8B2FDF750FBC0073FF53EAF1620D7
:109CC00042E700BF31310000BDF80800E2B20221D6
:109CD000F0F7F1FFBDF808005FFA8BF20421F0F70E
:109CE000EAFFBDF80830002213E0090706D5B8F8EE
:109CF000060040F48040A8F806000EE01E993B469E
:109D000052460BF04BFB40B99DF8A00028B98423C4
:109D100040A21E995046F0F786FE1FB0BDE8F08FB6
:109D20009DF8A000012558B13078032818BF0428F9
:109D3000F3D0EDF7CDFFA8B9BAF1000FEDD111E0E6
:109D4000EDF7C6FF00281CBF3078032802D0042896
:109D500018BF00251E99EB012EA25046F0F763FEB6
:109D6000002DDAD13878F4F70DFDD6E7EDF7B0FF26
:109D70008145D2D1B81CECF7CBFE0028CDD0EDF751
:109D8000A7FF0546EDF7A4FF394901910095034669
:109D900021A21E995046F0F746FEBEE73846F1F77D
:109DA000D7FCFFF723FB0028B7D0009000231CA2AC
:109DB000EFE700F064F800200BF096FBADE700F051
:109DC0005EF80120F8E79DF8A0301E9900975A46EA
:109DD000504600F04BFAA0E701909DF8A0009DF8D6
:109DE000B8109DF8A8200090039802915346594658
:109DF00080B20BF023FD0F288FD101200D49087090
:109E00000D4A137899077FF57FAF9DF8A0000028D1
:109E100083D16CE731000000323238004658002010
:109E2000313200008C180020835800204358002055
:109E3000415800208051002064580020FC3200204E
:109E40004441002048580020495800209C18002018
:109E50008C58002088340020D0340020CC340020DE
:109E60004C3C0020483C002094520020A1180020C7
:109E700010540020002229460120F0F7CBBF9DF8A6
:109E8000A00001975B4600901E9A51467047000063
:109E9000313231313132313232323173000000002F
:109EA0003132313132323100313131310000000094
:109EB00000001838103000001D4A5070002011704A
:109EC000907070472DE9FF418046194E30780D465D
:109ED000B47858B34FF6FC71884527D2002700E0CC
:109EE0007F1C3378F8B298420ED2707801AA694686
:109EF0003818C0B2F8F73BFD0822294601A8E6F75A
:109F000085FC0028ECD13C46B078E1B2814206D114
:109F10003178401CC3B28B4208BF0020B07070780B
:109F2000424629460419E0B2F8F7E4FCBDE8FF8197
:109F30003E58002038B5DFF81C4300202070002573
:109F400008E0E8B2FDF708FAC00702D52178491CFD
:109F500021706D1CFFF706F8E9B28142F1D3BE48CB
:109F60000078012818BF022804D100214FF6FF70A5
:109F7000F5F7B6FD0021B94A1170B949088808B152
:109F800000220A80012032BD1CB5F6F79FFC0400B8
:109F9000FBD04FF6F8718842F7DAFDF74AFB00284C
:109FA000F3D169462046EDF733FE0028EDD0204678
:109FB000FBF7ABFA0028E8D12046FBF70CF80028A5
:109FC000E3D1204600F020F90028DED12046FDF73D
:109FD0005DFA0028D9D120460AF056F80028D4D1DD
:109FE000204616BD38B504469B48017802291FD18A
:109FF000EDF76EFE0546EDF76BFE00F0C9F8FFF7D2
:10A00000C3FFEDF76DFE0020F5F78BFC40F607402F
:10A01000F2F7D0FD44B10020009000230D22294624
:10A020004FF6FD700AF050FABDE83140F0F714BC6D
:10A0300031BDFEB506460D461746EDF749FE864290
:10A040000CBF01240024002D46D030464FF6FC7191
:10A05000884241D200F0D8F8002818BF002C05D063
:10A060007D480078032818BF042835D0304600F01A
:10A07000CBF820B930460AF007F810B164B10120DE
:10A08000FEBD4CB12846ECF743FDE0B90120FFF7D7
:10A09000A9FF0AF08EFCF2E7300014D06946EDF714
:10A0A000B7FD80B9002208216846EDF72BFC50B9B6
:10A0B000082269462846E6F7A9FB20B12946304622
:10A0C00000F00CF8DBE73FB131462846FDF77DFC98
:10A0D00031462846F8F797FC0020FEBD38B5044607
:10A0E0000D4600F091F880B9204600F051F80020AC
:10A0F000009000230D2221464FF6FD700AF0E4F98E
:10A1000029462046BDE8344000E031BD3EB5044656
:10A110000D462846FDF78CF8FF280CD0FFF734FFDA
:10A120000346012000210290019100902246294619
:10A130000720F4F7DBFD2046FDF760F80546FF2811
:10A140001DD0FDF709F9C0070CD52846FDF704F925
:10A15000800707D4434830F8151041F4806120F897
:10A16000151037BDFFF710FF012100220291019267
:10A1700000910346224600210720F4F7B7FD37BDC2
:10A1800039490878002804BF0120FFF72BBF70472A
:10A1900070B54FF6FC710446884234D2200032D0AC
:10A1A00000F032F878BB2C48017804292BD02046E7
:10A1B000FDF735FAFF2818BFFDF7E4FA2046FBF754
:10A1C00016F908B1FAF7DCFF2046F8F707FC20463D
:10A1D0000AF014FC214E3078214D28B900212020AE
:10A1E000EEF791F9288070B12888EEF7D2F805468D
:10A1F0001E222946A81CE8F7EDFE2C8030781F2887
:10A20000BCBF801C307070BD70B505461348047823
:10A210008CB1134908880026641CEEF7BAF800E0F8
:10A22000761CF1B2B1EB540F05DA30F81110A942E7
:10A23000F6D1012070BD002070BD0849087828B112
:10A24000401E0870C0B208B905490880704704482C
:10A25000EDF711BF49580020415800205258002006
:10A26000B65700209C3300204B5800202DE9F847BA
:10A2700085B080460E98444C894606782088434D28
:10A2800020B1EEF79EF84005000E0AD100202B7891
:10A2900002900190002200923DA10120F0F7BAFD4A
:10A2A0003CE0864235DA8246AAEB0607FFB2082F69
:10A2B000C8BF08272088FF280CBF00200120039773
:10A2C00002962B780090CDF804A0002232A1012044
:10A2D000F0F7A0FDADF81000F800C01DC1B204A851
:10A2E000F0F784FCF80080B200902288BDF81000DE
:10A2F000F3009BB20721F0F7FDFCBDF81030BE194A
:10A30000002249464046F6B2F0F78DFB5645CBDBBE
:10A310000CE08F221BA10120F0F77CFDADF81000AE
:10A320000346002249464046F0F77DFB06B0BDE8F3
:10A33000F0872DE9FE430646307888469146F8B905
:10A34000124D77782978B4788F4218BF00F0CEFF8D
:10A350002F70012C14D1767900270EE0002009EB34
:10A36000C7020090921D0823D2B2414601A8F0F71F
:10A3700057FC01A800F0A8FF7F1CF8B2B042EDDB4B
:10A38000BDE8F78331000000E45700207558002035
:10A3900031313131310000003131313131310000A2
:10A3A0000F2070477047012070470000B8490880AF
:10A3B00000207047B74A53884FF6FC710B400343A7
:10A3C0005380B54A107000207047B248807800F082
:10A3D0000300704780B5B1490888C0F30E0001281A
:10A3E00005DB0020088002230B22ECF77EFE002014
:10A3F00002BDAA480188C1F30E01012901DB012039
:10A40000704700207047A5480088C0F30E007047D1
:10A41000A0480021017041709F4B197802230B2244
:10A4200041F0040141809D490120ECF75EBE13B567
:10A430004AB90F2907DA964A9DF9041013880124B6
:10A440008C40234201D1012016BDFCF7D7FEFF2826
:10A450000BD09DF80410924A01231154014601AA21
:10A460001B20E9F7D0FF002016BD022016BD8D4845
:10A470000078032818BF042805D18B49087810B943
:10A480008A49087800E070473EB50B228DF8082015
:10A490008DF80900864C0022B4F8E4008DF80A20FB
:10A4A000019201250095032302AA0121F0F746FE3F
:10A4B00001000DD0B4F8E410F8F781FE40B1754802
:10A4C000052100224170027064217A48EFF7DDF91E
:10A4D00037BDF8B50446F1F798F805462046F0F781
:10A4E00053FE0646711CC9B22046F0F7CDFB074665
:10A4F000B61CF1B22046F0F7C7FB024639462846A3
:10A50000FFF795FF022816D0294600F015F861489C
:10A51000817801F0030102290DD12846FCF76EFE77
:10A52000FF2808D00021644A42F820105C490B5CE7
:10A5300043F0F0030B54F1BD3EB50C460C218DF8F1
:10A54000081002A94870534840880125009588707A
:10A5500000F0FB00887000200190032302AA012173
:10A560002046F0F7EBFD01001CBF2146F8F727FE5F
:10A5700037BD2DE9F041804600F056F801214548ED
:10A5800001704046F0F700FE0746791CC9B240460C
:10A59000F0F77AFB0546BF1CF9B240463F4EF0F794
:10A5A00073FB308002230B2231460020ECF79DFD27
:10A5B00085B9307800F00300022803D1FBF7AFFE25
:10A5C00000F053F83078410704D504F12000BDE8CD
:10A5D000F0412DE0BDE8F08110B500F025F82D49DF
:10A5E0000878E8B9487868B1401E48702D490A7863
:10A5F000042A03D100210020F5F7DAFE20464FF4AB
:10A6000096712EE02548017801F0030102290AD154
:10A610000023032229490120BDE81040F4F7AEBA17
:10A62000BDE8104023E710BD224C2046EFF780B96B
:10A6300010B5204C04F12000EFF77AF9EDF7D2F8CD
:10A6400070B11B48B0F8E41003220120F2F71EFCA1
:10A650001B4909884FF47A70414304F1200000E05F
:10A6600010BDBDE81040EFF710B91048007848B1B0
:10A670000222411E8A404EF6602042430323B2FB71
:10A68000F3F101E040F605510A48EFF7FEB800008B
:10A6900082180020F8570020B4180020B45700207A
:10A6A000444100204158002077580020B518002070
:10A6B00094520020B0110020E033002000F8FF0782
:10A6C0007218002058B514460E46042C02DA2948A8
:10A6D000005D52BD310004D121001CBF012C0D2CA6
:10A6E00046D00D2C02D10078401F3FE0310008BF5A
:10A6F000401E401CF1F72CF8034603F44062002E84
:10A7000014BF04210321002A0CBF0846881C042C16
:10A710002CD0B2F5006F08BF801C03D0B2F5406F9B
:10A7200008BF0830052C03D15A061FD5084652BD74
:10A7300013F4404102D05A0658BF801C062C15D095
:10A74000B1F5004F08BF801C03D0B1F5404F08BFE2
:10A750000830072C0AD0082C08BF401C06D0190767
:10A7600048BF401D092C01D00D2C01DAC0B252BDEA
:10A77000FF2052BD5C15002070470000134680B5D5
:10A780000A46417800780BF07BF8002002BD07F004
:10A79000C0BF70B5064604F06AFB30B38149487DFE
:10A7A000814C4FF4004558B9002E1CBF087D00288D
:10A7B00006D00878012818BF022801D1E56070BDD5
:10A7C0007A4801680A0410D4E1F778F906460BF0DC
:10A7D000C9FC774805600221764A11600423236092
:10A7E0003046BDE87040E1F76DB970BD01206D499C
:10A7F00048750020CDE700206A4948750120C8E768
:10A800006D490A684FF4802012F0030F02D16B49A2
:10A81000086070476A4A106070472DE9F0470446A7
:10A82000FFF7B5FF01213A200CF09FFA5D4D2C7522
:10A830000020FFF7AEFF2878F82600274FF03008F9
:10A840004FF0010A012818BF022809D15D48EA7BB0
:10A8500000F11001287C18FB02F20AFA00F088507F
:10A86000DFF864910021C9F8001021001ED068684B
:10A8700050B107F071FF696800EB5100B0FBF1F6D1
:10A88000761E360246F0F8062878012807D00DD348
:10A89000032808D03CBF46F00106062706E046F034
:10A8A0000206072702E046F0050604274FF6FF7070
:10A8B00046490860464A1660C9F80070B8070DD5C9
:10A8C000EB7B287C434918FB03F801F110020AFADC
:10A8D00000FA42F808A00120FFF75BFF4FF080402C
:10A8E000002C19BF324908603B4A1060FFF788FF0F
:10A8F0000020BDE8F08700003EB50546294C204603
:10A9000029461422E1F750F8FFF741FF01213A20D0
:10A910000CF02BFA2C48002101606A7AA97A42EAED
:10A920000142C260E97B2A7C41EA02418160297BC5
:10A930006A7B41EA024141602078032829D8DFE898
:10A9400000F024020D19297B00228DF80410687B89
:10A9500004218DF8050001A8FFF710FFE87B002215
:10A960008DF80200297C0DF102008DF803100421FE
:10A97000FFF704FF687A01228DF80000A97A684683
:10A980008DF801100421FFF7F9FE207DFFF745FF48
:10A990003EBD01203EBD05490A68002A44BF0F495B
:10A9A000086070476C570020442002B8500002B87D
:10A9B000501002B8D4D40350844000B8486000B8A6
:10A9C000485000B830E00350D4C40350846000B84D
:10A9D000845000B830D00350502002B8884000B8EE
:10A9E00000F17841B1F5C04F704700007FB5144CBD
:10A9F0002068FFF7F5FF3EBF006B00F17840B0F52F
:10AA0000C04F14D20FA292E868006946684681E8F8
:10AA10006800F1F715FE0298C10308D50199080EE8
:10AA2000C1F3074103D0012804D10B2902D240F21F
:10AA3000011003E02068016B086C804704B070BD12
:10AA400028000008010000000000000000000000D5
:10AA50000DF035B9002918BF0DF034B92220704728
:10AA600001210DF08DB900210DF08AB94269002A4B
:10AA70000FD451B9416ACA07FCD4012142F2040340
:10AA8000C15041688A07FCD47047012141F2040398
:10AA9000C150704710B504466068C1070AD5E2F797
:10AAA00057FE616ACA075CBF0121E160BDE8104042
:10AAB000E2F754BE10BD38B5044660680D4648B193
:10AAC000606A0028FCD1012142F204002150616833
:10AAD0008A07FCD46878002814BF20210021A878B8
:10AAE00008B141F00101E87808B141F0020128798C
:10AAF00008B141F00401687908B141F00801A87972
:10AB000008B141F01001E87908B141F40071287AE8
:10AB100008B141F48061687B08B141F48071E87A42
:10AB20002A7BAB7A41EA0061204641EA027141EAA0
:10AB30000341A1602978FFF799FF687A08B10021E5
:10AB4000216231BD416800291CBF416A0029F9D149
:10AB500070471CB5049C00940DF07AFD13BD70473E
:10AB60000AF0ADB8704770470DF039BF70470DF06F
:10AB70003ABF0AF049B80AF05BB80DF032BD0DF0EB
:10AB800058BD0AF065B81CB59DF8104000940DF052
:10AB9000D3FD13BD704770470DF072BF0DF094BF29
:10ABA0000DF0FDBD0DF01CBE0DF02FBE0DF01CBF55
:10ABB0000DF0EABD0AF068B80AF05BB80DF056BEB9
:10ABC0000AF020BA0AF02BBA0DF066BE0DF086BE70
:10ABD0000DF0F4BF0EF02DB80EF03DB80EF06EB8CB
:10ABE0001CB5049C00940DF01FFE13BD0EF031B98E
:10ABF00070477047704738B58AB0179C9DF8585019
:10AC000009949DF854400895149D07949DF84C4074
:10AC10000695129D05949DF8444004959DF840507A
:10AC200003949DF83C4002959DF83850019400959E
:10AC30000EF097F80BB030BD704770477047704703
:10AC400080B5FFF7FAFFBDE801400EF01BB910B563
:10AC50000446FFF78EFF2046BDE810400EF015B900
:10AC600010B50446FFF7A6FF2046BDE810400EF0E1
:10AC70000DB90000A74A002814BF516011600020E0
:10AC800070472DE9F04716463046F0F761FD8046E3
:10AC9000A04D286800240327002804BF6868002806
:10ACA0005CD018F4406F09D0F01CF0F751FD4FF65E
:10ACB000FF7188420CBF02240124052744F0080AD2
:10ACC000DFF854925FEA486012D418F4404F1ED067
:10ACD00008F44060B0F5406F0CBF08200220C01996
:10ACE000C0B23044F0F734FDB9F80010884201D109
:10ACF000544601E044F0040408F44040B0F5004F2D
:10AD000008BF44F0800404D018F4404F02D144F44A
:10AD10008074A4B208F44060B0F5006F09D1F01956
:10AD2000F0F716FDB9F80210884208D144F010047B
:10AD300004E0B0F5406F02D144F02004A4B22868CA
:10AD4000002140B102E0944213D0491CCAB230F84D
:10AD500012201304F7D56868002118B90020BDE857
:10AD6000F087491CCAB230F812201304F6D494427A
:10AD7000F7D10120F3E700002DE9FE4F14469A4673
:10AD80002046F0F7E5FC814609F0070109F440622E
:10AD9000DFF888810291ADF8042008F1D8067188A7
:10ADA0004FEAD90000F0010BADF802103288E01C28
:10ADB0000027ADF80020F0F7CBFC0546601DF0F74A
:10ADC000C7FC4FF6FF718D4208BF012704D0BDF8C4
:10ADD00000108D4208BF02274FF6FF71884208BF5E
:10ADE00047F0040705D0BDF80210884208BF47F0BD
:10ADF00008074FF6F77000EA0909002502F0A6FDE2
:10AE0000BBF1000F029829D0002872D102F09EFDFC
:10AE100008B9B8076DD5B9F5004F1CBFB9F5624F39
:10AE2000B9F5404F65D15FEAC96048BF45F080057C
:10AE30005FEA896048BF45F48055A8B200F00C0075
:10AE4000042858D1E01DF0F783FC98F82411ABB228
:10AE5000224600915146F0F724FC52E0032848D8DE
:10AE6000DFE800F00205032ED0E743204FE0726ACE
:10AE70004FF6CF7505EA09051AB1514620469047AD
:10AE800028B9224600210020FFF7FBFE08B1082563
:10AE9000C9E748F6410085422BD10A2F18BF062F7B
:10AEA00027D178070AD5F07E022818BF032820D1C1
:10AEB000F5F7DDFFE8B940F60405B4E70425B2E78D
:10AEC00017F0030F04D130884FF6FF71884210D17C
:10AED000BDF804000C25B0F5006FA4D0B0F5406FAC
:10AEE00007D1082208F1DC01601DE5F78FFC00287E
:10AEF00099D042200BE098F82421A9B20020F0F765
:10AF0000FAFB01000FBF19200C9908800020BDE852
:10AF1000FE8F0000905600206C53002094520020B9
:10AF20004D48007870474C49087070474B4800887E
:10AF300070474A49088070472DE9FE4F044688460D
:10AF40004046F0F705FC8346DFF81491D9F800007D
:10AF5000002600274FF0030A424D002801BF696810
:10AF600000292868002866D01BF4406F0BD008F138
:10AF70000300F0F7EDFB4FF6FF7188420CBF02278C
:10AF800001274FF0050A47F0080001905FEA4B6186
:10AF900048BF074618D41BF4404F20D00BF4406044
:10AFA000B0F5406F0CBF082002205044C0B24044AE
:10AFB000F0F7CEFB0090ECF7A0FE009989B2814239
:10AFC0000CBF019F47F004070BF44040B0F5004F61
:10AFD00008BF47F0800704D01BF4404F02D147F46C
:10AFE0008077BFB20BF44060B0F5006F0BD108EB77
:10AFF0000A00F0F7ADFB8046ECF76AFE804508D109
:10B0000047F0100704E0B0F5406F02D147F0200789
:10B01000BFB2002101E0002611B96868802206E075
:10B02000012907BF28684022D9F80000102230B952
:10B03000491C0329EFDBFF20BDE8FE8F761CF3B22D
:10B0400030F813305FEA0348F2D49F42F6D104B1DE
:10B050002270F0B2F0E70000805800208A1800202B
:10B06000945600202452002038B504460DF00FFFFE
:10B0700005462046FFF7BEFD20460DF00AFF284694
:10B0800032BD000010B5DFF81444201DECF7F3FFCB
:10B09000A01CBDE81040ECF7EEBF2DE9F0410446DE
:10B0A000DFF8FC0390F9D60088464045B8BF8046DB
:10B0B00004DB18F10F0FB8BF6FF00E08DFF8DC6388
:10B0C000B088B0B900212020EDF71DFAB080A8B3F8
:10B0D0002021301DEFF78AFD0027B088FF22F9B24A
:10B0E000EFF7E9FD7F1CF8B22028F6DB0021717034
:10B0F00002E07078032821D27778002507EBC70794
:10B10000E8B2225CB088F9B26D1CEFF7D4FD7F1C69
:10B11000E8B20828F4DBB0885FFA88F2F9B2EFF7FA
:10B12000CAFD707801213170401C707047F2E861EF
:10B13000DFF87003EEF7A9FB012000E00020BDE876
:10B14000F08180B5DFF85C03EEF7F2FBDFF84C131B
:10B150000878002804BF4878002803D000220A702D
:10B160004A708A8001BDF8B50446684600F062F86E
:10B17000B8B10025DFF8246300E06D1C7178E8B2F7
:10B1800088420ED20098EAB202EBC2028718082267
:10B1900021463846E5F73AFB0028EED197F908003A
:10B1A000F2BDBF4890F9D600F2BD2DE9F8438046C4
:10B1B000684600F03FF800283AD0B84D00276E7876
:10B1C00015E0E41B621E02EBC20209F109014846C8
:10B1D00004EBC404E7F7FEFE09EB0400FF2209219B
:10B1E00009387F1EE0F7ECFBFFB27F1CFFB2F4B220
:10B1F000A74214DA009807EBC701082200EB010907
:10B2000041464846E5F702FB0028EED1761E601E57
:10B21000B842D6D1FF2209214846E0F7D1FB6E7033
:10B22000687828B90021A88029709E48EEF780FB35
:10B23000BDE8F18338B50446984D2878002804BF4E
:10B240006878002802D10022226032BDA88800213F
:10B25000EFF70BFD2060687832BDFBF758BF38B5BB
:10B2600005468F4CFF2808D0FCF776F8C00704D5B8
:10B270008D49485710F1800F01D194F9D60032BDA5
:10B2800038B505460C46FF281BD0FCF765F8C0070B
:10B2900017D5834991F9D600A042B8BF044604DB14
:10B2A00014F10F0FB8BF6FF00E04804A7E494C5561
:10B2B00010787F4910B90B56A34202DA00201070B3
:10B2C0000C7031BDFBF79ABF10B5744C618829B979
:10B2D00000220821EDF782F9608010BD0146A01C14
:10B2E00001230822BDE81040EDF7AEB900206B49FC
:10B2F0004880704770B50446684D6888A0B1002644
:10B3000000E0761C6888EDF75CF8F1B2B1EBD00F85
:10B310000CD26888F100C9B2EFF7A7FC08222146D9
:10B32000E5F774FA0028ECD1012070BD002070BD53
:10B330002DE9F84F86B0174602292DD0002900F0DC
:10B34000A9808346F0F775F980460024DFF8649100
:10B35000DFF864A1039706210398614347183888F2
:10B3600001283CD100F0AAF8F97805025846891C5A
:10B3700000F0A7F8281841F60161884230D1FE7824
:10B380005846B61CF1B2EFF77FFC0546761CE8077D
:10B3900003D5F3F726FA00285FD0A8070CD5397932
:10B3A000F2B2914259D3F1B25846EFF76DFC9AF8D8
:10B3B0000010761C814250D3680767D53979F2B204
:10B3C00091424AD3F1B25846EFF75EFC642844D16B
:10B3D000F5F77CFA00F07F00652857DB3DE0022896
:10B3E00054D1F9785846891C00F06BF81B284DD1D0
:10B3F00000F064F8192849D1F9785846091D00F081
:10B4000060F84A2842D10525F97858466918491C40
:10B4100000F057F8F97806025846691800F051F81C
:10B42000301800F03F060A2819D101A80021C0E910
:10B43000001104A8F4F740FB00200090FA780823DC
:10B440005946AA18921CD2B201A8EFF7E9FB0822CC
:10B4500001A904A8E5F7DAF990B100201BE0412822
:10B460000ED1F97858466918891C00F02AF899F825
:10B470000010401AA0F14D0149B24046FFF70DFE01
:10B4800075193979AD1CE8B28842BDD3641C042C0F
:10B490007FF761AF012007B0BDE8F08FE2570020D1
:10B4A000945200204C11002064340020C718002062
:10B4B000765800209E5100209D510020F978584672
:10B4C000C91CC9B2EFF7E0BB7CB5044602F06DF8C9
:10B4D0000546204602F00BF80646280028D030002A
:10B4E00026D0204602F045FC024600953346002156
:10B4F000204603F015FC05001AD0F0F71EF90646A9
:10B500002846ECF746FF06F10D01081AC2B20023E7
:10B5100029460820FDF7FDFC012818BF022807D1A5
:10B520002946204602B00122BDE87040F1F755BB24
:10B5300073BD1CB59DF8104000940DF0ACFC13BD1C
:10B540000DF0BCBC0DF0C3BC022070470220704758
:10B5500002207047022070477047024610237F2167
:10B560001C20E8F750BFF8B500F052F89DF80E0027
:10B5700005B000BD2DE9FF4106460F4690461C462A
:10B580000A9D00F045F8BDF804003080BDF80610B3
:10B590003980BDF80800A8F80000BDF80A10218025
:10B5A000BDF80C002880BDE8FF812DE9FF418046F1
:10B5B0000F4616461D4618B14FF6F8718F420ADA4B
:10B5C000300002D0B6F57F4F05DA0A9C280004D07F
:10B5D000B4F57F4F01DB01200FE000F019F8ADF862
:10B5E0000480ADF80670ADF80860ADF80A50ADF80B
:10B5F0000C406846FFF7B1FF002004B0BDE8F081C1
:10B60000F8B500F005F8009805B080B200BD04461A
:10B6100010237F221C216846E8F7ECBE1FB5FFF718
:10B62000F6FF00946846FFF798FF1FBD18B58FB06E
:10B63000044628237F221D2105A8E8F7DBFE002110
:10B6400021609DF8180020716846E9F7DAFE00F0E5
:10B6500026F8EBF739F800F028F8EBF735F810B0DA
:10B6600010BD18B504468FB000200590217928231D
:10B6700005AA8DF818107F211D20E8F7C4FE684642
:10B68000E9F7BFFE6846E9F7C5FE00F008F8EAF7FB
:10B69000EFFF00F00AF8EAF7EBFF10B010BD05204D
:10B6A0008DF80000611D6846704706208DF8000087
:10B6B00004F1150168467047F8B5FFF7A9FF009837
:10B6C00040F4807000906846FFF747FF05B000BD6A
:10B6D00080B5594803781A0018BF01224FF6FF6061
:10B6E00000905B1C4FF6F7710220FFF75EFF01BD73
:10B6F0007FB5054602A80E461446009001AB03AA8A
:10B700000DF10A010DF10600FFF734FFBDF8060048
:10B7100018B9FEF739FC20800AE0BDF80A1088420B
:10B7200000F087802080BDF80610491CADF8061097
:10B7300030001CBFBDF80400002803D10021218186
:10B74000E18010E0BDF80810091A491CB14270DB15
:10B75000E080BDF804107118481E2081BDF8041067
:10B760007618ADF80460002D1CBFBDF80600002857
:10B7700014D100216180A1806181A181BDF8080000
:10B78000BDF80430BDF80C200090BDF80A10BDF8DB
:10B790000600FFF70AFF002004B070BD274A518859
:10B7A00000291CBF9088002803D061809088A08069
:10B7B0000EE0BDF80A00BDF806100918491E491030
:10B7C0006180BDF80A006188A080481EADF80A00BB
:10B7D000518900291CBF9089002803D0618190897C
:10B7E000A0810EE0BDF80800BDF804100918491E3C
:10B7F00049106181BDF808006189A081481EADF83B
:10B800000800BDF80A10BDF8060000F019F810DBBA
:10B81000A188608800F014F80BDBBDF80810BDF8B3
:10B82000040000F00DF804DBA189608900F008F83D
:10B83000A4DA0120B0E700006958002098560020E3
:10B84000091A491C0229704710B5040003D10124CC
:10B85000ECF7B9F884400B2024FA00F1C90704D4AE
:10B86000401CC2B21B2AF7DB02E0DFF89C1A08700A
:10B870000520DFF8942A507010BD80B5002000909C
:10B8800002216846F5F724F8009802BD7CB5002433
:10B890000025DFF8786A07E009F031FC694609F015
:10B8A0004BFC00B1641C6D1C3178E8B28842F3D3C4
:10B8B000E0B276BD38B50446DFF8585AA86884422D
:10B8C00003D0FFF7DAFF6860AC6000F00CF868683E
:10B8D00032BD10B5DFF83C4AFFF7CFFFE06000F063
:10B8E00002F8E06810BD80B5F6F718FA10F5FA50C6
:10B8F00008BF0120DFF81C1A086101BD80B5F2F70E
:10B900002BF9012801D1042002BD022801D1052014
:10B9100002BD032801D1062002BD022002BDF8B5F8
:10B9200004460D4616460027009708232A4621465E
:10B93000301DEFF775F90835E9B200F0F9FA7073C8
:10B940006D1CE9B200F0F4FAB0706D1CE9B200F0C1
:10B95000EAFA3080AD1CE8B2F2BD2DE9F84F98B09C
:10B96000064602A80021C0E900117188DFF8ACA9E1
:10B970009AF80000ADF80410C10740F1D280307889
:10B98000042880F2CE80DFF898190878DFF89479DF
:10B9900050B1FFF7E8FDDFF8902992F9003097F9F0
:10B9A0000010C018814223DB31780229B4BF4FF068
:10B9B00011084FF017080020BDF80410009008F19E
:10B9C000F8020823D2B202A8EFF72AF9BDF8041052
:10B9D00008F1070202ABD2B20920FCF76FFC002885
:10B9E0005BD0BDF80400ECF7ECFC08F10E018842D6
:10B9F000C0F2978070885FFA88F108F10204EFF7CF
:10BA00008CF905467088E1B2641CEFF73DF94FF000
:10BA1000FF090B2D04BF20F00C01032931D132782E
:10BA2000022A05DA00F00C00082806D0FE2429E0DE
:10BA300010F00C0F18BFFD2424D17088E1B2EFF78D
:10BA40006CF9B0F5805F1CD17088A41CE1B2EFF7EF
:10BA500064F94CF25E01884213D100F051FA0546B8
:10BA600000F04EFA0446172C0BDA5DB1112D02D10D
:10BA7000E00704D406E0192D01D1E00702D4072C19
:10BA800000D0FF24E00705D4072C07D09AF8000067
:10BA9000810746D5FE2C18BFFD2C42D0708808F1D6
:10BAA0000A01C9B2EFF753F905003AD0DFF864A8EC
:10BAB00014B94FF0000B21E0DAF80800A8421CBFCF
:10BAC000DAF80C10A9422CD1DAF8100048B3F6F7D6
:10BAD00025F9DAF81010DFF85428401A904220D3E4
:10BAE000FFF701FFA346022C08DB07D0A4F11000EA
:10BAF000072856D2102CA8BFABF10C0B7088ECF7BE
:10BB000060FC0FF6A0115FFA8BF3CA5C42449042CE
:10BB10000BD0012C05D17088ECF753FC2E38404532
:10BB20001AD0012019B0BDE8F08F112C1CBF132CC6
:10BB3000152C11D1DFF8F8070178FF29F1D0491C45
:10BB4000A142EED180F8009008220AF1140102A867
:10BB5000E4F75CFE0028E4D108F10800C1B2BDF8AA
:10BB6000040008F10E0909F10108EFF78DF88AF8D1
:10BB70000100200016D0012C4AD0022C00F00481D4
:10BB8000102C06D0112C07D0122C02D0132C03D06D
:10BB9000142C00F00481152C00F08081162C00F08C
:10BBA0009B81A6E170885FFA88F1EFF76DF8DAF80B
:10BBB0000810AAF80200A942B3D0C006B1D5FFF719
:10BBC000D2FC97F90010DFF8602792F90030401896
:10BBD0009842A6DBF1F7B7FF80B1FFF711FDBAF885
:10BBE000022000F0010002F0010181F00101084291
:10BBF00097D0294602A8F2F753F992E7BAF8023033
:10BC0000002202A91B06DB0F284600F0E1F988E7B5
:10BC100074882C2108A8E3F769FC04A800210022FD
:10BC20000023002680E84E00082202A9E7F7D2F997
:10BC300000F061F902218DF82C100C955FFA89F162
:10BC4000204612ADEFF720F8E8705FFA88F100F0B7
:10BC50006FF98DF8480008F1010700F068F9ADF8B8
:10BC6000460000F05EF9ADF83800BF1CF9B220467E
:10BC7000EFF76DF80D903F1D00960823FAB22146AC
:10BC800009A8EEF7CDFF083700F051F98DF82D0027
:10BC900000F04CF98DF8220000F043F9ADF82000D7
:10BCA000BF1C00F03FF9ADF84400BF1C00F03FF9A5
:10BCB000687000F03BF9A8700022082109A87F1CD9
:10BCC000EBF720FE28B10020F5F7FDF88DF82200F3
:10BCD00007E09DF8220000281CBFBDF820000028C6
:10BCE00051D09DF8480010F003010AD0022901D07C
:10BCF00005D308E0400754BF0420032004E00220DD
:10BD000002E0012000E000208DF848009DF8480086
:10BD1000002838D0BDF8380000F0B0FFFF2832D03E
:10BD2000687801281ED12046ECF74BFBF9B2401A87
:10BD3000072828DB00F0FCF88DF8180000F0F1F877
:10BD4000ADF81A00BF1C00F0EDF8ADF81C00BF1CE8
:10BD500000F0EDF88DF81E00781CC1B200F0E8F894
:10BD60008DF81F006878012814BF0124002413A84F
:10BD700002F0C6F920000CBF04AA002213AB214632
:10BD800008A800F069FFCCE670885FFA89F1EEF749
:10BD90007BFF024602A9284600F0BAF9C1E6102C42
:10BDA00008BF002403D0122C0CBF01240224768883
:10BDB0002C2108A8E3F79AFB0020009008235FFAE3
:10BDC00089F2314609A8EEF72BFF09F1080900F0C6
:10BDD0009CF80746002009F10109009010235FFA42
:10BDE00089F2314613A8EEF71BFF09F11009200074
:10BDF00005D000F08AF88DF82D0009F1010900F056
:10BE000084F88DF8220009F1010900F085F8ADF8F9
:10BE1000200000F07FF8ADF8100000F07BF8ADF8DE
:10BE2000160000F077F8ADF8180000F073F8ADF8E0
:10BE3000120000F06FF8ADF8140000F06BF8ADF8E8
:10BE40001A0000F067F8ADF81C0009F102092000A3
:10BE50000ED10021009108235FFA89F231460FA824
:10BE6000EEF7DEFE09F10800C1B200F057F803E07A
:10BE700000F041F84FF6FF70DAF80410ADF8440016
:10BE8000012000FA07F70D91ADF838700C9513AB4F
:10BE900004AA08A92046F2F7A3F842E6112C08BF2D
:10BEA000002403D0132C0CBF0124022475885FFAF0
:10BEB00089F12846EEF7E8FE0646200005D104AADF
:10BEC0005FFA88F12846FFF72AFD04AB224602A953
:10BED0003046F2F72CF924E6708804AA5FFA89F15B
:10BEE000FFF71DFDEBF7F4FE014604A8F2F750F949
:10BEF00017E6002016E6082202A90FA8E7F76AB89D
:10BF00007088A41CE1B2EEF7BFBE5FFA89F130463B
:10BF1000EEF7BABE09F102095FFA89F13046EEF791
:10BF2000FCBE7F1CF9B22046EEF7F7BE7F1CF9B2CB
:10BF30002046EEF7A9BE70B588B0DFF8D84332B11D
:10BF4000257845F080026D1C2570112403E062788D
:10BF5000192442F08002002914BF0B2103210C9DFB
:10BF6000059204944CF25E02069303924FF48054BF
:10BF700001910B260795029400960FF2E0430022F0
:10BF80000E21EEF737FF08B070BDDFF8880310B55B
:10BF9000C46886B0002300940122012102A8FFF7A3
:10BFA000CAFFFFF72DFB0446FFF7A8FC00F00AF8D4
:10BFB00002A8EEF71FFF0022102102A8ECF70EFBEB
:10BFC00006B010BD00900194CEA30E221021704740
:10BFD0002DE9F04F9FB00446894616469B46EBF785
:10BFE00077FE80460CA90020EBF722FC0746FFF7FE
:10BFF00007FB5FEA0B0118BF40F080000546FFF722
:10C0000045FC8246172F17D1EBF7DDFC8DF83B007E
:10C0100001210EA8F4F75CFCBDF838000028F7D029
:10C020004FF6FF718842F3D004210CA8F4F750FCBE
:10C03000BDF83800EBF769FE16B145F03005ADB23A
:10C04000E80704D500218DF840104FF6FF780094E2
:10C0500001230022002113A8FFF76DFF2046FFF700
:10C0600029FC129000F0FEFD0446FFF747FC06464F
:10C07000FFF779FAAF4F3978BDF83820129B0B9152
:10C080009DF83B1008929DF8402007910CA9CDF82F
:10C0900028A0CDF82480069205910493039402957C
:10C0A000009001960FF2C0330E22272113A8EEF75D
:10C0B000A1FEBAF1010F23D1002009F020F80446B7
:10C0C00005A909F039F808B901201EE0BBF1000FFD
:10C0D00014BFBDF814004CF25E0039789DF81820AA
:10C0E00001900491BDF816100392009402910FF292
:10C0F000883327222E2113A8EEF77CFE2E2100E0A4
:10C1000027214A4613A800F050F95EE00000000025
:10C110002DE9F04F9FB08B46174605467D48448871
:10C12000FFF7B4FB064600950323002200210AA86E
:10C13000FFF701FF0197009672A30E2251210AA872
:10C14000EEF758FE240600BFCDA0E40F002511260F
:10C150000990DFF8E081DFF8B49127E0F8B208F049
:10C16000CEFF824607A908F0E7FFF0B1002C0CBF14
:10C170004CF25E00BDF81C00F9B2491C069198F81B
:10C1800000109DF8202002900591BDF81E106A480D
:10C19000099B049203910090CDF804A0F2B25121C2
:10C1A0000AA8EEF727FE6D1C10367F1C99F80010C8
:10C1B000F8B2884202D2E8B20428CFDB5A468DF8A2
:10C1C0003850F1B20AA800F0F0F81FB0BDE8F08FC7
:10C1D00070B506460D46A2B0E88C95F82A1009AA5B
:10C1E0000006400E00F00100FFF782FAB8B9012204
:10C1F000694601A8EDF71AF988B9288B00F03EFDD1
:10C200000446FF280BD00DAB01AA05F11001012057
:10C2100000F04EFD18B9300003D1102305E00120D5
:10C220006DE0012E0CBF1223142328690122002186
:10C23000009011A8FFF77FFE0DA8291D0290009124
:10C24000019433A30E22422111A8EEF7D3FD300052
:10C250001DBF687B8DF86B0028222722BDF83000B7
:10C26000BDF82E100890BDF828000791BDF82610E3
:10C270000690BDF82C000591BDF82A100490BDF879
:10C280002400039102902B8811A8019395F80210C5
:10C290007DA300914221EEF7ADFD30000CD1EBF70C
:10C2A00017FD0190244800901BA33822422111A8B9
:10C2B000EEF7A0FD422100E0392105F11C0211A892
:10C2C00000F073F8040017D1684601F019FF6946C1
:10C2D00009A800F0BFFC300008BF102003D0012ED9
:10C2E0000CBF122014201249087005F11C000268CE
:10C2F00012490A6042684A60FFF7F5FA204622B008
:10C3000070BD0000313100008F58002038580020E7
:10C31000383147006454002038320000685800204B
:10C32000BA1800209E510020B9180020010000809A
:10C33000DC18002069580020105400207854002098
:10C3400078B58DB005460E461446082204F11C014E
:10C3500004A8E6F73FFE300008BF112303D0012EEA
:10C360000CBF13231523206900220021009006A88A
:10C37000FFF7E1FD8DF8265086B9208814F10402FC
:10C3800044A30390A1780291607B00920F22019058
:10C390001B2106A8EEF72EFD1B2100E00F2104AAA9
:10C3A00006A800F002F80EB070BD30B5144687B094
:10C3B0000022ECF713F9050008BF19201BD0002359
:10C3C000072229460920FCF7A4FD10B940F60140D8
:10C3D00011E0EBF792FC019001210022049500F09E
:10C3E0000CF800250090029523464CF62142FF21CF
:10C3F000002001F079FC07B030BD4FF6FF700691C8
:10C40000059203927047000070B58EB004460D4649
:10C410001646082204F11C0105A8E6F7DBFD216998
:10C42000162301220091002107A8FFF784FDA08CAC
:10C4300014F1040219A3049021880092029603913A
:10C4400001950E221C2107A8EEF7D4FC05AA1C2199
:10C4500007A8FFF7AAFF0EB070BD000032313232DC
:10C460003131313400000000313131323438313172
:10C4700032323131000000003132323131000000FF
:10C4800038313232313131003132323232323232BD
:10C4900032000000383131320000000038313132D2
:10C4A0003200000010270F51421B390F390F1C00BA
:10C4B000DFF8DC040178022904BF0922027070470A
:10C4C000DFF8D004EBF7D7BD70B50446DFF8C054F1
:10C4D0006878012814D10026A888EBF75AFF30F8B5
:10C4E00016002188884206D1A888EBF752FF4FF644
:10C4F000FF7120F81610761C102EEDDB012070BDA8
:10C50000002070BD01207047DFF884249178D08826
:10C510009268002A18BF104701F0A8BD38B5DFF8AF
:10C5200070446078012824D1002500F0D7F830F855
:10C5300015004FF6FF71884204D000F0CFF830F8B4
:10C54000150018B96D1C102DEFDB0FE000F0C6F8D8
:10C5500030F81500DFF84034DFF84024E080A069AF
:10C56000012100F0ECF80020206131BDBDE8314030
:10C5700000E031BDF8B5DFF81854A87810F0E00FEE
:10C580001DBFC0F341161C36F60600260027F4F73F
:10C590009DF904464FF6FF70844218BF002C06D068
:10C5A000A888EBF7F6FEF9B220F811407F1CF8B22C
:10C5B0001028ECDBAC78012001B004F01F04A0408F
:10C5C0003043DFF8DC33DFF8DC230321BDE8F04043
:10C5D000B5E02DE9F0478046DFF8B47378789146EE
:10C5E000012828D100256FF07F0A0026B888F4B210
:10C5F000EBF7CFFE00EB440292F90100824507DA27
:10C60000B8883546EBF7C5FE00EB440090F901A071
:10C61000761CF0B21028E9D3D1450CDAB888EDB217
:10C62000EBF7B7FE00F81580B888EBF7B2FE00EB29
:10C63000450080F80190BDE8F087F8B5DFF8504379
:10C64000A0880126EBF7A5FE90F9015000F046F80E
:10C6500000EB460090F90110A94205DA00F03EF81F
:10C6600000EB460090F90150761C102EEED3672D9A
:10C67000BABF19356DB27F250026002700F02EF8CD
:10C6800000F026F8B8BF761C7F1C102FF6D3F0B24E
:10C6900008B96070F1BDF4F719F9F6B290FBF6F144
:10C6A000002706FB1106F6B200F018F800F010F8AB
:10C6B00002DAF0B220B1761E7F1C102FF4D304E012
:10C6C00000F00CF810F81700A070BDE8F14051E739
:10C6D00000EB470090F90110A9427047A088EBF7E2
:10C6E00058BE2DE9F041044688461746012501F061
:10C6F0002DF908BB00212020A54EEBF704FFB080E8
:10C70000D0B17570B7600027B088EBF742FE00210A
:10C7100000F81710B088EBF73CFE00EB47007F21D4
:10C720007F1C4170102FEFD3B4619F4B9F4A41464D
:10C73000204601F0B5F805462846BDE8F081FEB573
:10C7400004460D4616461F4601F000F908B14D207B
:10C75000FEBD8F48012106610170EBF725F901222A
:10C76000934902920091034601970FF2B9022946BC
:10C77000204601F0C8F8FEBD10B50446F1F784FD6F
:10C7800008B9F1F784FD0B2120FA01F2D20704D495
:10C79000491CCBB21B2BF7DB04E0C9B2A14201D18B
:10C7A000012010BD002010BD38B588B004460D46EC
:10C7B0002888F8B98CA00088ADF81C00FFF7E5FBCD
:10C7C000010008BF02202AD000227A490692059271
:10C7D00003920292B1F8D820049001F1DC0001929A
:10C7E00000904FF6FF7307AA4CF60101FF2002F0FC
:10C7F000C9F828802046FFF7BFFF6F4D00281DBFF6
:10C8000028780028401E052028702046FFF7B4FF36
:10C8100020B12878401E8041C00F00E0012009B0FF
:10C8200030BD000010B50C46208818B9002102F078
:10C83000D8F92080012010BD70B50446544D2878E9
:10C84000042804D1E878F2F7B7FF0021E9707CB141
:10C850005A48067809E024FA06F0C00704D528787B
:10C860004422F1B2F2F7E1FE761CF0B21B28F2DBB3
:10C87000287800221A21BDE87040F2F7D6BE80B5B4
:10C8800000221A210020F2F7D0FE00214048C160AA
:10C8900001BDF1F723BB11463D4AD268002A18BFFB
:10C8A000104701F0DBBB00221A210320F2F7BDBEC6
:10C8B00001207047FEB506460C46154601F046F8C5
:10C8C00008B14D20FEBD012E1CBF062E042E01D145
:10C8D00000F0B8FA14F0784F05D0E00E1C380428A8
:10C8E00001D34F20FEBD2A4F0020F8603E70042E79
:10C8F00006D10021F81CEAF79BFF0220F2F75CFF4B
:10C90000EBF752F803462A480A2E37D8DFE806F03C
:10C910001506252F060D063636271E00284A01214A
:10C92000019202910090274A27E02946204603B051
:10C93000254ABDE8F04000F0CDBF2946204603B0AF
:10C94000224B234ABDE8F04000F0AABF214A002153
:10C95000019202910090204A0FE00220387003B04B
:10C9600000221E490020BDE8F040F3F752BC1C4AEB
:10C9700000210192029100901A4AF8E60120FEBDC2
:10C9800080B501F0C2F8002002BD0022A9E6000037
:10C99000085200200C52002009C5020805C50208F3
:10C9A0001DC50208C9C402083BC60208D3C5020857
:10C9B000FDC9020894520020D3180020D21800208C
:10C9C00039C8020825C80208B95603087FC80208FA
:10C9D00097C8020893C80208A9C70208B1C4020890
:10C9E000A7C80208B1C80208FFFF000080B51046C2
:10C9F000F7F7A4FABDE8014002F08EBD2DE9F14140
:10CA000081B020B95FF075018DA0E9F77BFC00F0E3
:10CA1000B7F800F0B4F8082850D00C2C40F087800C
:10CA2000BDF80400EEF789FE0646EEF791FE694672
:10CA30008046BDF8040008F44C4401F0F4FA0028E4
:10CA400041D0092200213046FDF73CFE9DF8005000
:10CA50002D18BDF804001035EBF7B3FCE9B28142A4
:10CA600031D2BDF804004FF6FF75EEF70DF9074619
:10CA700018F4406F12D0F01CEEF76AFEA84208BF0F
:10CA800044F0400408F44060B0F5006F06D1701D1A
:10CA9000EEF75EFEA84208BF44F010049DF80000C7
:10CAA00008B1072F3FE04CF65000012F2ED0022F87
:10CAB0002FD0042F08D0062F37D0072F37D0082FBC
:10CAC0002ED07C2F28D058E0B4F5484F18BFB4F5CD
:10CAD000084F05D0B4F54C4F18BFB4F50C4F4CD1EE
:10CAE000BDF80400EEF737FDBDF80410F7F74EFF70
:10CAF000E8B1200404D5BDF80400EEF786FD054634
:10CB0000002229460220EBF7BDF936E0B4F5484F84
:10CB10000DD0B4F54C4F06E0B4F54C4F07D001E012
:10CB20004CF64040844202D027E0844225D1BDF833
:10CB30000400EEF70BFD00F022F8082817D0A1063C
:10CB400015D54FF6DF7000EA0401BDF80400EEF7DA
:10CB5000EBFCBDF80400EEF7F0FD09220021FDF723
:10CB6000B1FD00F11001C9B201A8EEF73FF8BDF820
:10CB7000041000222148F1F7E9FBBDE8F3810446E7
:10CB8000BDF80400EEF7ECBCFEB504460D461646B3
:10CB9000EBF7FFFB07462046EBF713FCC0B2002281
:10CBA0003844CDE9002250F8082D1549334600924B
:10CBB00042689DF8030008709DF902001149019236
:10CBC00008702A4621460020FBF778FB00B10120BF
:10CBD000FEBD3EB514461D460022EBF7FFFC0100EA
:10CBE00001D119203EBD0849019102460095234616
:10CBF00000210020F3F7F6FD3EBD00000E58002096
:10CC00009D5100209E510020EDC9020870B592B0E0
:10CC1000164604460D466A46F3F7F2FA8DF81F6091
:10CC20006A4629462046F3F76BFA12B070BD80B50C
:10CC300092B06A46F3F7E4FA9DF81F0013B000BD06
:10CC40007A69676265652D75707065722D6D6163B7
:10CC50002E6300000CF046B90CF04FB90CF05DB932
:10CC60000CF064B980B58AB06846FEF7DFFC9DF928
:10CC7000041001200BB0884080B200BD10B58AB00E
:10CC800004466846FEF7D2FC9DF90400012181406C
:10CC90000C400F2024FA00F1C90704D4401E42B210
:10CCA000002AF7D502E0C0B20AB010BDFF20FBE7B2
:10CCB0002DE9F0418EB080460E46308915461C465F
:10CCC000FFF7DCFFFF2808BF212078D00F2818BF0E
:10CCD00004283AD1326870688DF80720130E8DF859
:10CCE0000F008DF804308DF80030130C8DF80530EE
:10CCF0008DF80130130A9DF807208DF806308DF865
:10CD000002308DF80320020E8DF80C208DF80820DB
:10CD1000020C8DF80D208DF80920020A9DF80F00F5
:10CD20008DF80E208DF80A208DF80B0009A8E8F781
:10CD300068FB05208DF8240009A8E8F7F1FB6A4696
:10CD400069460120E9F743F81EE010BB77683668B2
:10CD50004FEA0D001BA11022DEF726FE310E320C29
:10CD60008DF804108DF80520310A3A0E8DF8061062
:10CD70008DF80C20390C3A0A8DF807608DF80D10EB
:10CD80008DF80E208DF80F701022694605A8E6F781
:10CD900021F96846E8F735FB09208DF80000684660
:10CDA000E8F738FB05A96846E9F762FC6846E8F74A
:10CDB000B7FB224629464046E9F709F800200EB0A5
:10CDC000BDE8F08150684C6900000000434C534EB0
:10CDD00000000000DFF8DC19B1F90010DFF8D829F5
:10CDE00041B192F900300912994203DA518841F0B9
:10CDF000400103E053884FF6BF711940518011780C
:10CE00000170528842800020704738B50446DFF830
:10CE1000A85994F9000095F90010884218BF00F055
:10CE200004F860886880002032BD80B5DFF888197A
:10CE300008708DF8000001230D2269460020EAF7F2
:10CE400054F901BD80B5DFF87809002141800170F7
:10CE5000DFF87009ECF76CFD002002BDDFF868090F
:10CE6000EBF709B9F8B50546DFF8544920780E46C6
:10CE700008B91820F2BD854201D32720F2BD002158
:10CE8000A01CF1F75BFA002704E00146A01CF1F7B3
:10CE9000A9FA7F1C010009D0F9B2A942F5D100F02E
:10CEA00082FC3046EDF7BCFE0020F2BD0120F2BD51
:10CEB000DFF80C0900787047262801DB2120704735
:10CEC000DFF8081908700020704780B501230D2293
:10CED00069460120EAF709F99DF80000DFF8D81843
:10CEE000087001BD2DE9F04180460E461746EEF769
:10CEF000A0FB044600F0C4F934D1DFF8D45828462A
:10CF0000ECF728FC70BB2046FEF7F4F950B33A4624
:10CF100031464046FEF70CFA20B3F3F7D7FC07463C
:10CF20004046EEF718FBDFF8942892F90000012143
:10CF30008140C1EB011189B297FBF1F301FB13773B
:10CF40007F1C012E08D1DFF88C08012100F8041B9A
:10CF50002168016061684160B9B22846BDE8F041CE
:10CF6000ECF793BCBDE8F0812DE9F84F9AB080460C
:10CF70000F210AA8E2F7BAFA162104A8E2F7B6FAD6
:10CF800003AB052212A9404600F0C4FF0025064667
:10CF9000A946022E26D04046EEF7CFFB0746EEF715
:10CFA000D7FB0190F81CEEF7D3FBADF81000781D0D
:10CFB000EEF7CEFBADF81200012E404604D1EEF79D
:10CFC000BCFB00F10D0402E0EEF7B7FBC41D4046C8
:10CFD000EBF7DFF9241A04ABE2B241460820FBF775
:10CFE0006DF9002800F045814046EEF7ABFB0446A2
:10CFF0009DF81D00012E6BD140F001008DF81D0041
:10D0000000260621714312A847183A88022A5BD1EC
:10D01000F978404600F030F91B2855D1F9784046A0
:10D02000C91C00F02AF919284ED1F9784046091D8B
:10D0300000F023F94A2847D1DFF89C074FF0050A92
:10D040000290F97840465144491C00F016F9F978ED
:10D050004FEA002B4046514400F00FF9584400F0CD
:10D060003F0B93281BD1F878002100910AEB0005B3
:10D07000AD1C0F23EAB241460AA8EDF7D1FD05F138
:10D080000F01C9B24046EDF748FE814605F1110196
:10D09000C9B24046EDF741FEADF812000CE0412860
:10D0A0000AD1F9784046514400F0E6F802990A782E
:10D0B000801A4D388DF81900DA4439790AF1020ADC
:10D0C0005FFA8AF08842BCD3761C052E0CDA98E70A
:10D0D00000F0FE008DF81D00F81DEEF739FB8146CB
:10D0E0000AA9404600F0D1F89DF81D004FEAD93159
:10D0F0000AAE00F0FD0040EA41008DF81D004046F8
:10D10000EEF7B3FA8DF814004046EEF7A3FA8DF867
:10D1100015004046EEF7A3FA8DF81600B7780822FE
:10D120000DF12B01C7F3C3008DF817000DF11E00A0
:10D13000E5F750FF1A2CACBFB17B002107F00307C5
:10D140008DF818108DF81A700AA800F020FB9DF8D1
:10D150001D1001F0FB0141EA80018DF81D1000F067
:10D160008FF813D1EAF7C9FDBDF8101081420DD137
:10D170000EA8F2F7A1FC1A2C06DB08220DF11E0105
:10D180000EA8E3F743FB08B1F2F70AFF0198B0F5E8
:10D19000004F11BFB0F5624F29F4404140F6FF70D7
:10D1A000814266D11A2C64DB002208210DF11E0099
:10D1B000EAF7A8FB00285CD11A2C05DD1F3504AA6C
:10D1C000E9B240460BF0BBFEDFF81056687BDFF893
:10D1D000104610B9EAF7A8FB28B9207801281CBF2F
:10D1E0000428062845D1012028730AAD029504A918
:10D1F00084B000F074F90FBC00F073F830B104A9EA
:10D2000084B000F06CF90FBC00F0BFF82078012862
:10D2100018BF04282DD19DF81D00DFF8C8150A7825
:10D22000400800F001008DF83B007078BDF8101048
:10D230008DF83A2000F00F008DF844009DF818009A
:10D24000ADF8381008228DF845000DF11E010FA829
:10D25000E5F7C0FEDFF8900502681AB104A90EA830
:10D26000904706E09DF916209DF815100EA800F0D5
:10D27000F7FE1BB0BDE8F08F891CC9B2EDF704BD05
:10D28000DFF86805017802297047F8B507460C46B3
:10D29000EEF753FA0546EEF75BFA00F44040B0F5BE
:10D2A000404F0CBF06260026A819807A410040088E
:10D2B00001F00E0100F03800401836180B363846E1
:10D2C000F6B2EEF73FFA864209DA821BD0B20F2897
:10D2D000A8BF0F22D2B2A9192046DEF765FB30465F
:10D2E000F2BD0FB41CB5DFF8F44408220DF11E01A5
:10D2F000201DE3F78BFA60B100220821201DEAF718
:10D3000001FBF0B16088BDF81010884218BF0028FA
:10D3100017D19DF81D00810706D4DFF8D0040078EE
:10D32000312818BF33280CD10A98DFF8C4341B7891
:10D33000427802F00F018B420BD0012B05D102295C
:10D3400007D0002016BC5DF814FB022B08BF012992
:10D35000F7D10178002904BF1209022AF1D100F0A7
:10D3600016FA80B9DFF88C0401780229E9D0DFF8D9
:10D370008804B0F8E410BDF812008142E1D1F1F761
:10D38000C9F80028DDD00120DCE70FB42DE9F8450D
:10D390008EB0162108A8E2F7A9F8DFF824542878FF
:10D3A00000260027B046DFF82444002865D000F0AE
:10D3B00030FA21E09DF85C009DF82410884202BFFD
:10D3C000BDF85800BDF82010884213D108220DF195
:10D3D0002E010DF16600E3F719FA58B900F0CEF905
:10D3E00008A984B000F07BF80FBC00F018F9002801
:10D3F00070D0574600F077F882465FEA0A000ED0F8
:10D40000009616230022514608A8EDF709FC1622C3
:10D4100008A916A8E3F7FAF90028CBD15AE0B8B268
:10D4200038B10022B9B2A81CF1F706F829784A1ED3
:10D430002A70287808B300F0ECF98246002717E03C
:10D4400000F0E2F9514608A8EDF7EAFB00F096F982
:10D4500008A984B000F043F80FBC00F0E0F8070022
:10D4600003D0300004BFD046012600F03CF88246CD
:10D470005FEA0A00E4D13E0003D12878217888428F
:10D4800014D20022162116A8EBF7A8F801000DD03F
:10D490002EB11FFA88F2A81CF0F773FF03E00022F8
:10D4A000A81CF0F753FF2878401C287021782878B2
:10D4B000814207D269880022A81CF0F7BDFF2878B6
:10D4C000411E29702A78012A04D1DFF83013201D6B
:10D4D000ECF7DBF90FB0BDE8F0055DF814FB68462A
:10D4E0001822DEF761BA5146A81CF0F77BBF2DE980
:10D4F000F04385B0DFF8F81201ACDFF8BC024788D2
:10D500003806400F00F0010900208DF8040008786B
:10D5100007F001083D0640F0200060700DF10700A3
:10D52000F2F7CAFAFF2203210DF10F00DEF748FAE5
:10D53000F2F71EFC8DF81200DFF8C4020678FBF744
:10D5400011FDDFF8C0120A783F06F6006D0E3F0F9E
:10D5500046F0040605F0010507F00107F6B2824225
:10D5600038BF46F0800655EA080507D019EA080FCB
:10D5700018BF46F001060FB146F00206A670002162
:10D580000020EAF7C0FFADF8000048B101230F22E8
:10D5900001A96846EBF758F810B968460BF0D0FCC3
:10D5A000BDF8000005B0BDE8F0837FB50FF26C2335
:10D5B00093E870006A46002182E870000920EAF7CB
:10D5C000A2FF040005D0EAF7E4FE09226946DEF76F
:10D5D000EBF9204604B070BD10B5ECF7A9F9FFF7E0
:10D5E0004FFE12D1DFF80C020078032818BF042880
:10D5F0000BD0DFF8E041207818B10020FDF764FF80
:10D6000001E000F0C4FB0020207010BD80B5DFF801
:10D61000B401ECF78DF9BDE80140FFF713BC0FB47E
:10D6200070B5654D6888DFF898118CB00C78C60726
:10D6300043D5684600F0A7F806A810A900F0A4F8A2
:10D64000002C00F09680DFF8AC010178022922D08E
:10D6500066490A789DF86500012A04D100F00600A9
:10D66000062828D101E0400725D528789DF9061025
:10D670001E3042B28A42B4BF012200229DF94640C8
:10D6800043B2A342B4BF012300239A4203D040B265
:10D6900088426EDB0FE09DF90A009DF9221081425D
:10D6A00067DB884207D19DF860109DF84800091A91
:10D6B000C9B281295DDB00205CE0800734D506A873
:10D6C00000F061F8684610A900F05EF84CB39DF9CF
:10D6D0004A00411018BF01219DF96200401018BF97
:10D6E0000120C9B2C2B291421CD19DF808009DF838
:10D6F00020100A1AD2B2812A13DB81420FD19DF980
:10D700001E009DF9061081420BDB884207D19DF86F
:10D7100045009DF85D1088428041C00F02E0002066
:10D7200000E00120C0B225E01CB39DF848409DF800
:10D730006050A5420DD19DF95E009DF946108142D1
:10D7400017DB884205D19DF845009DF85D60B04229
:10D750000FD300F013F810A984B0FFF7C0FE0FBC80
:10D760000BF0F0FB28B9A54204D02C1BE4B2812CAD
:10D7700000DA01200CB070BC5DF814FB16A902A8F9
:10D780001822DEF711B916A91822DEF70DB91949CA
:10D790000A788078022A0CBF00F0040000F08000B4
:10D7A00000B101207047002100910146162300229C
:10D7B00070470000CA51002000130020D11800203B
:10D7C0000A580020081300200C58002004130020E1
:10D7D0005C320020FC5100209E510020CC510020E2
:10D7E000085200209F51002018520020425800206B
:10D7F00065580020415800209452002020BF0200AC
:10D800008C58002049580020002000901623002248
:10D8100070470021A81CF0F791BD0000003F1B904D
:10D820001B194A93000000000A464FF6FF718A4216
:10D8300004D00FF215310020F2F7C2BF212070474B
:10D8400010B5DFF8E843607801281BD181B90020CA
:10D85000F3F739FB2169012202FA00F021EA000006
:10D8600020610FF2E5210020BDE81040F2F7A8BFCB
:10D870002079401C2071C0B2032802DA00F09BF925
:10D8800000B1EBE010BD10B50C46208830B9002186
:10D8900001F0A7F9208008B9022010BD012010BDB9
:10D8A00038B5DFF88853EC69002C04BF2C6A002CD3
:10D8B00003D11C0003D1252032BD4D2032BD6A6248
:10D8C0000A46EB610124014600940323002000F086
:10D8D00055F832BD1CB5DFF85443E369002B04BF93
:10D8E000236A002B03D1130003D1252016BD4D2040
:10D8F00016BD226201230A4600930146032300203D
:10D9000000F03CF816BDF8B5DFF82063F469002C90
:10D9100004BF346A002C04D1079D2C0003D12520BC
:10D92000F2BD4D20F2BD140001D12120F2BD069CB4
:10D93000DFF8FC727A609DF82020B461F5610092F6
:10D940000A460146012000F019F8F2BDB749C8693E
:10D95000002806BF086A002801207047B548EAF78A
:10D960008ABBB24800218161C1610162B049B24AFB
:10D9700001234A600B70002101617047F8B506462B
:10D980000C461746012803DDFFF7EBFF4E20F2BDE2
:10D990000F2F03DBFFF7E5FF5020F2BDA34D012E53
:10D9A00008D119460020F3F778FAA8B1FFF7D9FF9C
:10D9B0002120F2BD30000FD16FF07F00A871286ADE
:10D9C0000021696140B13420EAF79DFD288118B932
:10D9D000FFF7C7FF0120F2BD98482040A04203D0C6
:10D9E000FFF7BFFF4F20F2BD8CB90020F3F76BFAB1
:10D9F00041B208124FF0010408BF8C4006D001F07C
:10DA00001F0140F018008C4044EAC0640327AA6953
:10DA100024F0784400206E70EF702C61A8700FF233
:10DA20001901F2F7F6FB18B1FFF79BFF0420F2BDD6
:10DA3000069868710020F2BD10B57C4C6078002813
:10DA40000EBF022100210020F3F71AFA607928B1F5
:10DA50004FF6FF7200210020F3F7EBF97848BDE89C
:10DA60001040F8B5724D05F10800EBF761FF6F4CFF
:10DA7000607830BBF3F727FA0646606908B3676A37
:10DA8000380005D094F9061030460B460A46B847D0
:10DA9000206A88B12178891C34290DDA2089EAF7B7
:10DAA00078FCA179227881542178491C2170C9B26F
:10DAB00046542078401C20706FF07F010020A17137
:10DAC0006061A0781B281CDA297801290AD1A07886
:10DAD0002169C140CA0705D4401CA070C0B21B28F0
:10DAE000F5DB0EE00020F3F7EEF9A178814203D0D8
:10DAF0000020F3F7ECF920B90020207100F05BF86A
:10DB000010B1BDE8F14000E0F1BDF8B50020F4F738
:10DB1000CEF8464C2089E569266A276910B121783C
:10DB2000EAF768FC00202070FFF71BFF0020F2F7E7
:10DB300089FB28001CBF3846A847300003D0208945
:10DB4000B04700202081F1BD10B5384C6178A9B9EB
:10DB50000020F3F7EEF9616994F90620491C616130
:10DB60009042B8BF1046A071E06860B10821002063
:10DB7000FFF75AFEE068401EE06010BDE06810B19B
:10DB80004FF47071F3E72A4C04F10800EBF7E2FD63
:10DB90000028F2D104F108000021BDE81040EBF7A5
:10DBA00074BE2349097829B1012902D1401CC0B2B1
:10DBB00070471B2070477FB51C4CE07801216278CC
:10DBC0008140491C0020E1600125ADF80800D2B178
:10DBD000012A28D1164EA078726802A990473070A9
:10DBE000BDF8080050B11748BDF80820002100908A
:10DBF000019102230020F2F701FC0DE030780128AA
:10DC00000BD1002509E07820414308220020491E5D
:10DC1000E1600D49F2F7D4FD0546A078FFF7C1FF9A
:10DC2000A070284600E0012004B070BD3C540020E4
:10DC3000601500204454002087D8020800F8FF0730
:10DC40006815002041D8020849DB0208204602225C
:10DC5000BDE81040EEF7C1BF30B585B00024049494
:10DC6000BDF82C509DF828400395099D0294BDF8FD
:10DC700020400195009400F002F805B030BD2DE978
:10DC8000F04105460C4604F4404088B016469846DC
:10DC9000B0F5004F08BF022704D0B0F5404F0CBFCD
:10DCA00008270027EAF714F8ADF81C00022F0CBF74
:10DCB00007A86948BDF84820002106910592BDF8E3
:10DCC00044109DF8402004910F990392BDF838202C
:10DCD000029100900192434632462146284600F0C8
:10DCE00051FE08B0BDE8F08178B5044608461146FB
:10DCF00085B0BDF83C50BDF838601A4604959DF8D3
:10DD0000345003960C9E0295BDF82C500A9B019648
:10DD10000095FFF7B4FF050008BF19200BD00023C2
:10DD2000102229460120FBF7F4F820B1109A294669
:10DD3000204606B052E006B070BD78B587B09DF8B9
:10DD400044400025059506949DF83C400E9D0394A3
:10DD5000BDF840600295BDF83440BDF830500496DF
:10DD600001940095FFF7C0FF08B070BD3B490870F3
:10DD700070473B490A7840F6FF70012A08BF44F615
:10DD8000FF70364A117809B140F40040704770B511
:10DD90000446FFF7ACFB05462046FFF7EAFF0246C4
:10DDA0002B460021204600F067FF050015D0EDF757
:10DDB000C4FC06462846EAF7ECFAF11D081AC2B27E
:10DDC000002329460820FBF7A4F8012818BF0228E1
:10DDD00003D129462046012200E070BDBDE8704015
:10DDE000EEF7FBBE134610B50A460446002100F0CC
:10DDF00016FF010001D1012010BD27E780B5009377
:10DE000013460A46002100F088FE010001D10120DE
:10DE100002BD0021BDE80440F6F741BDF8B5044657
:10DE20000D4616461F4600212846F1F759FE0D4AB9
:10DE300082F8D540009733462A460021204600F05C
:10DE40004EFE010001D10120F2BD20460222BDE8B4
:10DE5000F840EEF7C2BE0000105400204E580020DB
:10DE60004158002094520020F0B500BF22A424881D
:10DE70000E4687B007461146ADF8184000221846F6
:10DE80000124EAF7ABFB050008BF192430D0DFB14D
:10DE9000E9F733FFFF228DF810208DF811200222C0
:10DEA00006A902920191009003954FF6FF7304AA10
:10DEB0004FF448417C20FFF7CFFE010018D000222C
:10DEC0000020EEF78AFE12E0E9F717FF0021022298
:10DED00006AB0591039202930024009004950194EF
:10DEE00033464CF660427C210020FFF726FF0446B3
:10DEF000204607B0F0BD0000656D0220704702208B
:10DF0000704702207047022070470020704770471A
:10DF1000704700002DE9FE4F0E46814614461D460F
:10DF20000096EAF74EFA4FF001085FFA80FA26B938
:10DF30005FF0B50142A0E8F7E5F94846EAF741FA93
:10DF4000122817DB4846EDF7F8FB8346EDF700FC97
:10DF50000746092200215846FCF7B4FB00F1100BDC
:10DF60002146062041433046DDF71AFD0021297085
:10DF7000B80501D4002054E08DF804400026009C30
:10DF800025E01040CBB22071002B19BFC2F3C7129D
:10DF90000023C2F3C32201232280A370F2B202B98C
:10DFA00088465FFA88F291423AD139188A4537DBC0
:10DFB000E770218822B17E292ED14FF0000801E0C0
:10DFC0000F292BD02978A41D761C401828709DF8A5
:10DFD0000410F0B2884223D22F785F44FFB2B81CFD
:10DFE00082451DDB791CC9B24846ECF74DFE0002A4
:10DFF000009039464846ECF747FE00990A18297800
:10E0000092B2891C2970D10B81F00101C8B200289D
:10E0100014BF7F20FF20B4E77F29D3D1012000E087
:10E020000220BDE8FE8F80B588B00B460522694608
:10E03000FFF770FF02280CBF0020012009B000BDCF
:10E040006D61632D696E666F2D656C656D656E74AF
:10E050002D70617273696E672E6300000AF076BFDF
:10E060000AF07FBF0AF08ABF0AF091BF0AF09ABF98
:10E07000F0B587B007460E461446EDF724F9014681
:10E0800001AA3846354DECF733FF58B90121297004
:10E09000308860B1BDF80410002300220720FAF791
:10E0A0000DF920B900206860287007B0F0BD6F88B6
:10E0B0006968ADF8087029B108220DF10A00E4F78B
:10E0C00089FF04E008210DF10A00DDF769FC68789A
:10E0D0008DF81200384600F02EF88DF81300BDF8C8
:10E0E0000400EAF756F90746BDF80400EAF769F9B3
:10E0F000C3B2009702AA3146204606F083FCD1E75E
:10E1000038B50446154D68882080696819B1082221
:10E11000A01CE4F75FFF6978A172688800F00BF833
:10E12000E0720F4801780F4A217310780E4960732E
:10E130000A68226131BD30B501460C4C00200C4A02
:10E14000257800E0401CC3B2AB4205D232F80C3B4C
:10E150008B42F7D1C0B230BDFF2030BD205400202B
:10E160009D5100209E510020A4510020AA1800209B
:10E170007C4100200AF021BF0AF02CBF704700004C
:10E18000DFF82C2710B513780C46984201D32720CE
:10E1900010BD482212FB00F0DFF81837191820468E
:10E1A000E4F718FF2078012803D1606840F01800D8
:10E1B0006060A07D18B1606840F480406060606875
:10E1C00001065CBF40F48050606000200C22C1B2A8
:10E1D0005143214491F82C3023B1022B06D0032B5C
:10E1E0000BD00EE0616841F4803109E0616841F4D0
:10E1F0008071616021F4805102E0616841F040016A
:10E200006160401CC1B20229E1DB002010BDDFF8D3
:10E21000A0261378984206D248214843DFF8942676
:10E22000105C012800D000207047F8B5064600F0C9
:10E23000A1F900E07F1C2978F8B2884210D2FFF7DC
:10E24000E6FF0028F6D0F8B248214843204400F108
:10E25000080130460AF0CEFE0028EBD0F8B2F2BD3D
:10E26000FF20F2BD30B5DFF848360020DFF8441655
:10E270001C78482500E0401CC2B2A24205D26A4385
:10E280008A5CFF2AF7D1C0B230BDFF2030BD70B527
:10E290000446FFF7CAFF0546FF2825D1FFF7E2FF36
:10E2A0000546FF2820D02A4600F04CF88E180C2294
:10E2B000214606F10800DDF777FBFF22102106F169
:10E2C0001C00DDF77DFB0020B06106F12C00FF2172
:10E2D00001764FF6FF72B282237A01220024736026
:10E2E0003270B47501700173284670BDDFF8C8152F
:10E2F0001CB50A78044690423EBFDFF8B435197861
:10E3000088421DD2FFF783FF28B100F01AF8881861
:10E31000836900930EE004232246202101A8E6F73A
:10E3200069F8FF2204216846E1F796FF01980099F9
:10E33000884205D004236A4621462020E6F763F888
:10E3400013BD224648204243DFF868157047DFF8C6
:10E35000601570B50B7896B0044698426DD2FF22D6
:10E36000342109A8E1F778FFFF22102105A8E1F781
:10E3700073FF2046FFF74BFF002849D0FFF7E1FF6E
:10E380008D182B788DF8243068680A90287C18B98D
:10E39000042200F054F807E0022805D1082200F01A
:10E3A0004EF8687C8DF83400A87D8DF8350010F0AB
:10E3B0001C0F05D0102205F11C0105A8E4F70AFE88
:10E3C00000260C20704309AA3244284400F12C0195
:10E3D000087882F82200032818BF00280CD10822F0
:10E3E00005F12E0112A8E4F7F5FD082205F13A0126
:10E3F00014A8E4F7EFFD08E0022806D18A8809A8EE
:10E4000000EBC60082844988C184761C012ED8DDC9
:10E41000342309AA21461F20E5F7F5FF2046FFF720
:10E4200065FF6846E6F7EDFF07218DF800108DF8CF
:10E43000014005A96846E8F71BF916B070BD05F163
:10E4400008010BA8E4F7C6BD2DE9F04196B00026FF
:10E45000DFF85C8408E0022863D1888CA080C98C36
:10E4600061805EE0761CF6B298F8000086425CDAC5
:10E47000342332461F216846E5F7BCFF0DA8E6F7B6
:10E48000C0FF07218DF834108DF8356012A90DA852
:10E49000E8F71AF9482171439DF80020DFF81404C9
:10E4A0004718FF2A02D1FF203870DBE73A70019C41
:10E4B000102212A97C609DF81100B87507F11C00AC
:10E4C000E4F788FDA00708D5082200F031F8022003
:10E4D00038749DF81000787404E0042200F028F8E5
:10E4E000002038747868002520F4C06078600C2023
:10E4F00068430DEB05016A463B1891F8220003F1D1
:10E500002C0402EBC5012070032818BF0028A2D1FB
:10E510000822243103F12E00E4F75CFD4FF6FD7074
:10E5200060816D1C012DE2DD9CE716B0BDE8F08135
:10E5300002A907F10800E4F74DBDF8B5FFF784FF25
:10E5400000F018F8DFF870630CE00423FAB2202121
:10E550006846E5F74FFFF9B24822514300987F1C07
:10E56000621890613178F8B288423CBF2A789042B4
:10E57000EBD3F1BD0027DFF83C43DFF8345370479D
:10E5800010B50020DFF82C1305E0C3B24824634324
:10E59000FF22401CCA54DFF818331C78C2B2A242D2
:10E5A000F3D3BDE81040C8E7F8B51546DFF80023FF
:10E5B00013780446984214D2274648204743DFF890
:10E5C000F46210223E4406F11C00DDF7EDF9B17D46
:10E5D000204601F0E30141EA8501B175BDE8F24052
:10E5E000B5E6F1BD10B5DFF8C82214780B46A0429D
:10E5F00005D310211846BDE81040DDF7D1B94821F8
:10E600004843DFF8B0421022204400F11C011846B4
:10E61000BDE81040DDF7C8B92DE9F84FA44D2E78BC
:10E620008046B04240D24746482047430C46A14965
:10E63000CE190C27002C18BF032C37D1002A33D059
:10E640004FF0000B15469A4607FB0BF0304400F1E3
:10E650002C0999F80030FF2B05D0082229462E30CE
:10E66000E2F7D4F828B10BF1010BBBF1010FEBDDA0
:10E6700002E0A9F80AA017E00020294607FB00F2F3
:10E68000B31803F12C052A78FF2A03D0401C012877
:10E69000F4DD07E02C70082203F12E00E4F79AFC69
:10E6A000A5F80AA0404660E0BDE8F18F022CF9D140
:10E6B00000220A980B9900F018F8022D04BF5D881B
:10E6C000854203D0521C012AF5DD01E09980E9E77B
:10E6D000002200F00AF8FF2D03D0521C012AF8DDB9
:10E6E000E0E702221A705880F0E707FB02F3334498
:10E6F00013F82C5F70472DE9F84F8B4690466C4914
:10E700000A7800258246904228D20026FF24DFF8AE
:10E71000A4915046482148430C217143009048443D
:10E72000084400F12C073B7843B1012B0DD0022B9C
:10E7300016D0032B02D0FF2B07D005E00822594644
:10E740002E30E2F763F870B10125761C012EE0DD72
:10E7500015B9009809F80040504606E0BDE8F18F71
:10E7600078884045F0D13C70EFE7BDE8F24FEEE528
:10E7700038B54F4A1378984208D2054648214D4390
:10E78000FF244C4A5455BDE83240E0E531BD2DE947
:10E79000FE4F06460846F10A01F00701740A8DF89B
:10E7A0000810F70B98460D9D04F0030407F00107CD
:10E7B0004FF6FF79F10358BF4D46F30606D5FFF734
:10E7C00034FDFFF7D5FF0020BDE8FE8FDFF8E4B091
:10E7D0009246310751D52FB19DF80810042901DD6B
:10E7E0000729F0D1FFF753FD81463148017889456B
:10E7F000E9DABDF830000E9A434600900195514683
:10E800004846FFF709FF2FB10F999DF808204846A9
:10E81000FFF7CAFE482111FB09F1594424B9F0055C
:10E8200006D400228A6105E0022C18BF032C01D116
:10E8300010988861887D00F0FC0004438C75F00519
:10E8400003D54A6842F020024A60B0034CBF1198D9
:10E85000002081F84400BAF1010F09D14868F203A1
:10E8600040F08000486003D540F4005048608D823D
:10E870004846FFF76CFD0120A6E7FFF7D6FC0C49E0
:10E880000A7890429FDABAF1010F09D1482111FBB1
:10E8900000F159444A68A1F8149022F402524A60E7
:10E8A000BDF830200E992B46FFF725FFE3E7000067
:10E8B000A5180020143F002055580020704738B597
:10E8C00004460AF0D4FB05462046FCF791F92046A1
:10E8D0000AF0CFFB284632BD01468AB20AB94BF690
:10E8E000EF610F4A1180000C08BF4FF6CE20508018
:10E8F000704702461088030448BF48404100118019
:10E90000704738B5064C62212046FFF7F2FF0546F6
:10E9100041F20B01A01CFFF7ECFF684032BD000084
:10E92000741800201149087818B1FF2804BF00208E
:10E930000870704738B50D4C6078255C2A0004D00B
:10E940005FF03E010AA0E7F7DDFC6078FF210022BE
:10E9500021546270284632BD04484178405CFF284B
:10E9600001D001207047002070470000915800201E
:10E970006D61632D6D756C74692D6E6574776F7242
:10E980006B2E63002DE9FE4F9346824600221F4600
:10E99000ADF800207E20884608F4406101910021F6
:10E9A000E9F7B1FD08F440445FEA000900F0938004
:10E9B000E9F7EFFC7E21DCF7F3FF4846E9F7E9FCD5
:10E9C00002904846E9F7E5FC0025BAF1FF0F18BFB1
:10E9D00048F0030880F800804FEA18214170C61CF7
:10E9E000019848B137703F0A77700198B61CB0F5AE
:10E9F000006F08BF022700D0082759463A46304624
:10EA0000E4F7E8FAF6198CB15FEA486004D40D988F
:10EA10003070000A7070B61CB4F5004F08BF0227B2
:10EA200005D0B4F5404F08BF082700D000270C9947
:10EA3000119C3A463046E4F7CDFAF019029E861B47
:10EA4000210015D0DFF8C4130A78871C02704A78B9
:10EA500042702046E9F79DFC83462046E9F7B1FC69
:10EA6000C5B22A4659463846DCF79EFF7819AD1CD8
:10EA70000F9CBAF1FF0F06D000F801AB0E992246A9
:10EA8000761CDCF791FF54FA86F050FA85F148467F
:10EA900089B2E9F7AFFC0C21BAF1FF0F08BF0821DA
:10EAA0005FEAC86048BF41F08001109C002200204E
:10EAB000ECF721FEADF800004846E9F782FC054678
:10EAC0004846E9F766FC01460123EAB26846E9F7E1
:10EAD000BBFD00F01FF9BDF80000BDE8FE8F74B566
:10EAE00087B000210691059104914FF49471484339
:10EAF0000125DFF81C4303954FF6FF7220440CAE4E
:10EB0000019200F1DC050296009507AA4CF620015F
:10EB10000120FFF737FF08B070BD38B588B08DF819
:10EB20001C300C981B0A8DF81D3000238DF81E0038
:10EB300006930493DFF8D80207AB029300F1DC01DF
:10EB4000002403250091B0F8D83005940395019472
:10EB50004CF660410220FFF715FF09B030BDAC4A0A
:10EB600002F1D80070B503884188808988B0ADF87B
:10EB70001C10ADF81E00BDF81E504FF6FF7602F1D6
:10EB8000DC00BDF81C104FF6FE74B54214D0A14253
:10EB9000BABF07A848F660014CF660010022069251
:10EBA0000592049203920292019200900DF11E02CE
:10EBB0000420FFF7E7FE12E0A142BABF07A848F61B
:10EBC00060414CF660410024009006940594049442
:10EBD000039402940194E6320420FFF7D3FE08B0B8
:10EBE00070BD8B4980B5B1F8DA2088B00021ADF84E
:10EBF0001E200DF11E024FF6FF7306910591049140
:10EC00000391029101910092ADF81C3007AA4FF4D4
:10EC10000061FFE70720FFF7B5FE09B000BD7C49A2
:10EC20000020F0B501F1D405EE88AC882D78DC31F8
:10EC300089B08DF81E60360A8DF821300690059057
:10EC400004908DF81F601B0A07A8270A8DF8223050
:10EC50000726029000918DF81C408DF81D708DF8EC
:10EC60002050039601944FF6FF734CF62041082084
:10EC7000FFF788FE09B0F0BD6548F0B515461C46A3
:10EC800000F1D802A1B051884FF6FE73128801AE90
:10EC9000994205D100278DF804704FF0C00E04E0B2
:10ECA00000278DF804704FF0800EF270120A86F87B
:10ECB00001E03271994209D100F1DC0108220DF125
:10ECC0000900E4F787F90DF1110605E07171090AF1
:10ECD0008DF80A100DF10B0635702D0A0020002169
:10ECE0007570B070F170ADF800000022ECF703FD14
:10ECF000ADF8000060B1321D01A8121A0123D2B292
:10ED000001A96846E9F7A0FC00F004F8BDF800008E
:10ED100021B0F0BDBDF8000022460121E9F7CBBBD0
:10ED20002DE9F84FDDF82880394F07F1D800048825
:10ED30004688002115469946ADF800104046E9F78F
:10ED400040FB82464846E9F73CFB8346002200210F
:10ED50000020ECF7D0FC0AEB0B02ADF800001632F5
:10ED60000023D2B200216846E9F76EFCBDF800002E
:10ED7000002849D0E9F70DFB002100F8101FE2221E
:10ED80004270C470240A0471441D082207F1DC019A
:10ED90002046E4F71FF904F108075FEA08000AD0EB
:10EDA000E9F7F7FA01465FFA8AF23846DCF7FCFD2C
:10EDB0005FFA8AF007445FEA09000AD0E9F7E9FA46
:10EDC00001465FFA8BF23846DCF7EEFD5FFA8BF016
:10EDD00007443D702D0A7D70BE70360AFE704120DA
:10EDE0003871002179710B48FCF7BDF9B87100BF8B
:10EDF00009A0008802220DF10201ADF80200F81D01
:10EE0000E4F7E8F8BDF80000BDE8F28F94180020A0
:10EE1000945200200052002000F8000080B500F05D
:10EE2000D3F8002002BD00004E490860F3F708B98E
:10EE300038B50D4630B14B4A116819B9F3F76BF884
:10EE4000040001D1002032BDFFF7EEFF2046F3F7AA
:10EE500086F830B10020FFF7E7FF2046F3F77BF894
:10EE6000F0E728001CBF2046A847204632BD3D4998
:10EE7000086800B1012070470120704700207047EA
:10EE800003F0A0BE084611460122F3F7F4B880B59E
:10EE9000354A5368002100209847002002BD1046E3
:10EEA00032490A68130000D1704710B54FF0FF34A3
:10EEB000A24204D000230B60BDE81040104710BDF3
:10EEC0001CB52A4C22600A46022A04D1201D00F0FB
:10EED0007AFA002016BD00930146254B201D00F054
:10EEE00054FA0028F5D0022016BD0021214800F078
:10EEF00099BA80B51F4800F066FA08B1002002BD3B
:10EF0000022002BD1B4800F06FBA80B517480168A7
:10EF100011F1010F01D1002002BD001D00F064FAC3
:10EF2000401E8041C00F02BD022070470020704784
:10EF300000207047012070470020704738B50D460B
:10EF400011461A46074B5C6804B90B4C246803460B
:10EF50002846A04732BD0348406800B9064880688B
:10EF6000004700008854002098140020A8150020B5
:10EF70009FEE0208AC1500203879000801F0E5BECC
:10EF800001F07EBF00F0B8B909B14FF0FF3103F0D6
:10EF90000BBD70B50D46044616464FF4881100F0BF
:10EFA0006BF9324629462046BDE870400AF096B813
:10EFB00004480078704780B500F0A6F80021014AA7
:10EFC000117002BD70580020FF207047704710B5C7
:10EFD00000F062F82146BDE8104001F0D9BFFEB54F
:10EFE00000F01CF800F048F80646D6F8D4706946E0
:10EFF000204600F045F838000AD19DF800102A4656
:10F00000204601F084F80146304602F0EDFAFEBDDC
:10F010000023002229463046B847FEBD04460D466F
:10F02000002001F0ABBA3EB50446FFF7CFFF05461E
:10F030006946204600F024F8284602F05FFB0246AD
:10F04000FF2801D115483EBD9DF80010204601F073
:10F05000CFF83EBD38B504460D46688801F08EFAFB
:10F0600000F00AF8D0F8D41009B1022032BD2946C8
:10F07000BDE8344002F05EBA2046A7E701F080BA4E
:10F0800010B500F009F82146BDE8104002F02CBB95
:10F0900001F0C2BB0AF08BBA0C4697E70080FFFF75
:10F0A0007047000078B587B00D46044603F029FE8E
:10F0B0002646010020D1684605F10C011C22DCF730
:10F0C00073FC69462046F3F704F8291D304600F02A
:10F0D00058FA040005D100BF33A1304602F009FF01
:10F0E0000446200003D1304603F02DFE0446296873
:10F0F000304600F00BF8204608B070BD10B50C4645
:10F10000FFF7CEFFA04710BD2449F7E7F0B589B05F
:10F1100005460C46684622492422DCF745FC04B922
:10F120006C46002601E0010006D1F0B234F8101060
:10F13000F2B2284603F020FEF7B2010006D104EB3C
:10F140004700C188F2B2284603F023FE010007D130
:10F1500004EBC70000F10C01F2B2284603F032FEC6
:10F16000761CF1B20329DED309B0F0BD032A38BF03
:10F1700003F002BE01207047032A38BF03F009BE26
:10F1800001207047032A38BF03F01CBE01207047DE
:10F1900003F045BE084603F05EBE00003B2D0308A9
:10F1A0007478000803F0C4BE0000020800000000EC
:10F1B000704770B500F007F833462A462146BDE88F
:10F1C000704002F027BD0C4615461E46F0E738B5E4
:10F1D00000F006F82A462146BDE8384002F041BD5D
:10F1E0000C461546E4E7084611460AF060BCC0F834
:10F1F000D0100020704702F0EDBB70B586B000F073
:10F200000FF800F006F802F0D1FC0099316006B06A
:10F2100070BD3268ADF804506946009220467047D0
:10F2200004460D46164618216846E0F75FB9F8B562
:10F230000D4616461F46069CFFF7BAFF3A46234680
:10F240003146284601B0BDE8F04001F089BB00001E
:10F250007047E0B507460E46DCF730FC796B0E4090
:10F2600014BF4FF400750025396B0E433E63DCF785
:10F2700029FC00202946E0BD38B504460D46DCF7E0
:10F280001DFC616B226B0D4022EA05052563DCF74E
:10F2900019FC284632BD006B7047000010B5FFF71F
:10F2A000D7FF04460121FFF7E7FF2046BDE81040E5
:10F2B0000AF0D7BC10B500F017F82146BDE81040A1
:10F2C00002F0DEBD80B5FFF7C3FFBDE8024002F0EB
:10F2D0000EBE38B500F008F800F008F821462846C0
:10F2E000BDE8344009F022BF0C46B1E705464FF4B3
:10F2F0008811C1E701F030BF38B50D46044689B228
:10F30000F2F78BFF010005D1A9B22046BDE83440D9
:10F3100001F0AEBE32BD0AF0D7BE70B50C46154640
:10F32000DCF7CCFB0646294620460AF017FF0446C8
:10F330003046DCF7C7FB204670BD002070470F2029
:10F3400070470F207047002070470F207047002043
:10F3500070470F207047002070470F20704700B1A2
:10F360000F20704700207047002070470BF01EB937
:10F370000BF0FDB810B504460BF0D9FA20B92046C1
:10F38000BDE810400BF0ACBA10BD2DE9FF410446BA
:10F390000D4616461F46DEF7DBF9804600F040F8C2
:10F3A0000A980021019102900097002332462946D5
:10F3B00020460BF0BDFA04464046DEF7CFF9204662
:10F3C00004B0BDE8F08170B50446DEF7C1F900F085
:10F3D00026F8204600250BF08AFB00B901253046AF
:10F3E000DEF7BCF9284670BD38B50446DEF7B0F943
:10F3F000054600F015F820460BF095FB09E038B5FE
:10F400000446DEF7A5F9054600F00AF820460BF0A1
:10F4100090FB04462846DEF7A1F9204632BD064699
:10F420002046A7E770B504460D46DEF791F9FFF7D1
:10F43000F6FF294620460BF083FB04463046DEF7F4
:10F440008DF9204670BD0020704700B10F20704735
:10F450000120704701207047012801D1002070472A
:10F460000F2070470F20704780B5E8F7CBFA30B116
:10F470005FF043012DA0BDE80440E6F743BF01BDA6
:10F480001CB52948EAF73FF909F0FEFC0BF07FFBB9
:10F490000BF07EFB0BF07DFBE6F709FF0446E6F779
:10F4A000E3FE0346CDF8004027A2012104200BF023
:10F4B00073FBE6F705FF0446E6F7D3FE0346009428
:10F4C00027A2012104200BF067FB40F2A174E6F7AC
:10F4D000CBFEC440E0070AD50020E6F7EAFD002095
:10F4E000E6F716FD0020BDE81640E6F7E7BC13BDC1
:10F4F00080B5EDF7FCFABDE80140E8F7E3BA80B566
:10F50000EDF7F5FA0BF068FB0BF044FB0648BDE89D
:10F510000240EAF78BB9000080B50BF05EFBBDE856
:10F5200001400BF05BBB0000E4450020736C5F7A88
:10F5300069676265655F73797374656D5F636F6D2D
:10F540006D6F6E2E63000000526573657420696EE6
:10F55000666F3A203078257820282573290000002E
:10F56000457874656E6465642052657365742069BE
:10F570006E666F3A2030782532582028257329008E
:10F5800070477CB504460D46287858B900212046BE
:10F5900002F088F90021204602F0E5F9002120461A
:10F5A00002F0EBF92878002814BF042028798DF8A0
:10F5B00000002878002814BF287968798DF80100A8
:10F5C00069462046F2F722FF06001DD12878002860
:10F5D00014BF0220A8798DF800002878002814BFF5
:10F5E000A879E8798DF8010069462046F2F7F9FE1E
:10F5F000060009D1287838B16988204602F074F9EC
:10F600000121204602F04EF9304676BD10B50C4679
:10F61000FFF7B6FF2146BDE8104002F0A4B980B55F
:10F62000FFF7AEFFBDE8024002F0B4B9704710F139
:10F63000010F08BF002001F012BD000070B5DEF719
:10F6400087F80446DFF808562878E0B90021E96019
:10F650002861A9800BF0CAFA01200BF06BFB0BF0BC
:10F66000BBFBA860020004D12046DEF777F8232018
:10F6700070BDDFF8E00540F2E7310023DDF7EEF87A
:10F68000012668612E702046DEF768F8002070BD04
:10F69000F8B5044684B000F02EF80CB922200CE036
:10F6A00000F024F89DF80C00012808BF032004D0C6
:10F6B00000F013F8002200F036F805B0F0BDFEB5FA
:10F6C00004000D4616461F4601D12220FEBD00F063
:10F6D00025F800F01AF8002214E0BDF82C009DF87F
:10F6E000281002900097019133467047A083E08371
:10F6F00003A9204649E000200D4616461F468DF816
:10F700000C00704700F00FF8FEBDBDF824009DF816
:10F710002010029000970191334670470020A0838B
:10F72000E083204602E02946204637E2F8B5054648
:10F73000E8880024062808BF0BF06BFB0DB92220D7
:10F74000F2BDDCF7BBF9064600F011FADFF80075F0
:10F75000F868A84208BF0124284600F0C8F905004F
:10F7600004D03046DCF7AEF92846F2BDF8681CB18B
:10F7700018B100F0D7F903E010B902200BF0E5FA58
:10F780003046DCF79FF90020F2BD38B505000C4685
:10F7900018BF002C01D1222032BD00202070DDF7DF
:10F7A000D7FFDFF8AC14C968227800E0896819B186
:10F7B00012B9A942FAD101222270DDF7CFFF002051
:10F7C00032BD2DE9F04106460C46DDF7C1FF80460B
:10F7D000DFF87C740025F86800E08068C8B14169F2
:10F7E000C2884D19B24218BFFF2EF6D10BF031FA84
:10F7F0003969401AA84205D20BF02BFA2D1A386944
:10F80000451900E0002525604046DDF7A7FF0020F0
:10F8100003E04046DDF7A2FF1B20BDE8F08138B5CC
:10F82000DFF82C446578280007D000F008F8E2687B
:10F830009169401A032828BF0025284632BD38B5F3
:10F84000DDF786FF04460BF004FA05462046DDF797
:10F8500085FF284632BD70B5DDF77AFF06460BF00E
:10F86000F8F90546DFF8E803848801200BF086FAF2
:10F8700018B10BF0EEF90546641C3046DDF76EFF5B
:10F880002146284670BDDFF8C8038068704730B550
:10F8900002460C46DFF8B803416991420DD38568F2
:10F8A00040F2E7300021E5FB02014FF47A720023B9
:10F8B000DCF7D4FF2060002030BD212030BDDFF810
:10F8C00090034069704770B5DFF88423966801465D
:10F8D0000020CEB14FF47A70A0FB0145304600F015
:10F8E000ABF948B1304600F0A2F90246204629465D
:10F8F000BDE870400BF0CABA2046294632460023C4
:10F90000BDE87040DCF7AABF70BD2DE9F041DFF81B
:10F910004853DFF84843A94224D828BFA04221D247
:10F92000DFF82C339F68EFB14FF47A78A8FB0045DD
:10F930001646384608FB015500F07EF940B13846BE
:10F9400000F075F90246204629460BF09FFA05E0C3
:10F95000204629463A460023DCF780FFC6E900012D
:10F96000002000E02120BDE8F0812DE9F0470446A9
:10F97000B74FE00708D5B988491CB98000F0F7F8FF
:10F98000F86808B100F0CEF8A0077CD5DDF7E0FEFE
:10F9900000248146002500F0EAF8A0465AE0DDF791
:10F9A000D7FE8146304600F0A2F84846DDF7D6FE85
:10F9B0003069002842D0B08BA4EB0A0460B1F18B0F
:10F9C000401881B2B1F57A7F05DBB169A0F57A7094
:10F9D000641E491EB161F083DDF7BAFE81462146FF
:10F9E000304600F052F8B16930694118B1614846BB
:10F9F000DDF7B4FE22E00246C2460024516939B95F
:10FA000011790379994238BF10469268002AF5D1DE
:10FA100006464846DDF7A2FE30690028BFD00446FE
:10FA20000BF017F9B169A0EB010AB8EBEA7FB6DC7D
:10FA300001DB5445B3D230694118B161F268F488F2
:10FA40006D1C12B1316830469047DDF781FE81466A
:10FA500000F08DF8F86810B141690029CBD0002280
:10FA6000BA70012D03D1A10744BF0122BA7010B1B1
:10FA700000F058F802E002200BF067F94846BDE8B4
:10FA8000F047DDF76BBEBDE8F087F8B50446E088C7
:10FA90000E4630B900F010FA86423CBF064600F030
:10FAA0001EFA6B4FFD686661E5B100232A46516975
:10FAB0008E4207D231B1701A0AD1107994F804C07D
:10FAC000604505D2761A666113469268002AEED127
:10FAD000002B14BF9C602546100005D051698E1B79
:10FAE000566101E025460020A060FD60F1BD584B45
:10FAF0000022D96801E00A468968002918BF8142BE
:10FB0000F9D1814201D0022070478168002A14BFD8
:10FB10009160D960816819B14A69406982184A6167
:10FB20000020704738B54A4DE868446944B12969F6
:10FB3000022064180BF0FEF820460BF093F805E065
:10FB400002200BF0F7F802200BF012F9E86800220F
:10FB500000216A708279930706D4806830B14269C7
:10FB600051180229F6D331BD0120687031BD10B59E
:10FB70000BF06FF8364BDA681969411A08E05469DE
:10FB80008C4239BF091B0024641A00215461926819
:10FB9000002A18BF0029F2D1186110BDF8B5074638
:10FBA00007980D460699089E387114463960002062
:10FBB000B8603C61FB60FE801CB90BF04AF8281865
:10FBC00002E00BF046F82018B86145B9FA68002049
:10FBD000786112B1396838469047ECB12546062E57
:10FBE00008D11F48016841F00801016028460BF068
:10FBF0006DF811E0DBF762FF0446FFF7B8FF294616
:10FC00003846FFF742FF1248C168B94208BFFFF704
:10FC100089FF2046DBF756FF0020F2BD10B5DDF767
:10FC200097FD0B498C78DDF799FD204610BDB0FAA1
:10FC300080F0C0F11F00704720B1411E084201D181
:10FC4000012070470020704701498870704700000C
:10FC50002046002018FCFFFF37894100F0A7C64B63
:10FC60002840005A0BF0C0B80BF0CFB870B5DBF7E6
:10FC700025FF0546DFF86C64B078E8B9FFF7DEFCD5
:10FC8000040004D02846DBF71DFF204670BD0BF0B2
:10FC90000DF906F110000BF023F90BF0C9F8002064
:10FCA000F061FFF7F0FD7061DFF83C04016841F09E
:10FCB000010101600BF086FA0BF01AF90BF06AFAF9
:10FCC000B0610120B0702846DBF7FCFE002070BD5B
:10FCD000B0B500F06EF90546AFF300800BF0A7FA5F
:10FCE0000128DFF8004440F08580607A20B10020D0
:10FCF00000F09CF90020607200F020F900F060F93B
:10FD000000F01CF90746012F03DD207A08B90BF03B
:10FD100089F9E27897420AD000236371E07908B14B
:10FD2000E7700DE03946104600F012F9E77060798F
:10FD300030B1E078022803D1002161710BF0DCFAC8
:10FD4000012F09DD207A38B9207918B90BF0BBF9F9
:10FD50000120A07201212172E0780BF006FAE0790F
:10FD6000012804BFA079E070AFF30080284600F0BE
:10FD700024F900F01EF90546607B01280AD1002114
:10FD80006173A079E178814204D10122E2700121FE
:10FD900000F0DEF804F12000FFF7C8FC0BF05BFA7E
:10FDA0000128A2D000206071217A01291AD10022F5
:10FDB000E271A07A68B10BF08AF90020A07208E025
:10FDC00001200BF0D2F9284600F0F7F800F0F1F826
:10FDD000054600200BF096F90028F1D00BF09AF9B7
:10FDE0000020207200F0ECF8E078002100F0B0F87C
:10FDF0000020E070AFF300802846BDE8B040DCE0B2
:10FE000070B50A0014BF0122FF22DFF8D842204457
:10FE100010F8013CD21800F8012C012939D1E678FC
:10FE2000012E36DD00F08AF80546012D25DCDBF7D2
:10FE300045FE0646207A01281BD1E07A10B901213F
:10FE4000E172E071A07A18B10BF041F90020A072C4
:10FE50003046DBF737FE01200BF054F9DBF72EFEBE
:10FE60000646E07A18B10BF055F90020E072002147
:10FE700021723046DBF726FE04E0032E04BF022D7C
:10FE80000BF09CF9E078A84203D0294600F060F816
:10FE9000E57070BD10B50446DBF710FE002C14BFF2
:10FEA0000121FF218F4A1379C918CBB25B1E9B41F8
:10FEB000DB0F53711171F6E070B5DBF7FFFD0446FF
:10FEC0008848C178022901DA2046FDE6C5690BF0B1
:10FED00065F906462046DBF7F5FD701970BD10B5D3
:10FEE000DBF7ECFD044600F0B4F8DBE038B504467F
:10FEF0006160DBF7E3FD054621467C480AF0F3FF2D
:10FF0000FFE72846BDE83240DBF7DCBD754A5369A0
:10FF10007749784A03FB0010B0FBF2F0704710B548
:10FF2000DBF7CCFD6F490C7B00220A73DBF7CAFDBF
:10FF3000FFF774FE204318BF012010BD694A1178F5
:10FF40000120002901BF02205178002903207047B9
:10FF5000F8B50D4600260746032D0AD8DFE805F060
:10FF600002040608012604E0042602E0102600E050
:10FF70004026032F0ED8DFE807F00205080B46F0F5
:10FF8000020607E046F0080604E046F0200601E01D
:10FF900046F080065348046908E062681068304201
:10FFA00003D052682946384690472468002CF4D183
:10FFB000F1BDEFF3108072B6704700B962B67047BA
:10FFC0007FB5484C18B1801E012807D97FBD617AE2
:10FFD00059B300F02BF8002161727FBD02A9002007
:10FFE000FFF7EFFB08BBA0690299884206D2E669D9
:10FFF0000BF0D4F885190298854205D3012000F052
:020000040803EF
:1000000015F8012060727FBD02260BF0D8F800B110
:10001000062600200090029801960023411B0FF253
:10002000710204F12000FFF74AFB7FBD010014BFFD
:100030000121FF212B4A1378C9181170012807D11B
:10004000D078012804DDD079002808BF00F001B87D
:10005000704710B5234C207A012818D1A07A18B126
:100060000BF035F80020A07200200BF04BF850B1D7
:100070000BF050F800202072E0780121FFF768FFB4
:100080000120E07010BD0121E171E078A07110BD88
:1000900010B5DBF713FD04461249C87A08B9FFF71B
:1000A000D8FF00BF2046BDE81040DBF70BBD10B500
:1000B0000C4CE07860B1E079012809D10BF02AF806
:1000C0000020E07100212172012020730121617361
:1000D00010BD0449C87808B10122CA7170470BF0FD
:1000E0007EB800003846002074400050484600208A
:1000F0003F420F0040420F0010B50446FEF7BEFF1E
:100100006D4821461822DBF74FFC002010BD47F652
:10011000FF73F0B59A4201D1FF20F0BD022965D8E6
:1001200000F0BCF862D2644B03EBC00319789878F6
:10013000012911D1DC7800215F68241AA14209D27B
:10014000651AA4EB550537F915309A42ACBF29461C
:100150006C1EF3E7001947E05968002946D0B1F951
:100160000040944204DBB1F902409442B8BF144607
:100170008F88C82228260025FF2F03D10125B1F939
:1001800006208E68121B36B292FBF6F25B78551988
:100190002DB21A46561EAE4201DB002D01D55D1E62
:1001A0002DB20B1D03EBC5067368B6F9026004FBA4
:1001B0000633002B4FBF00235C334FF47A76B3FB3A
:1001C000F6F36D1C2DB2954204DA0E1D36F835702B
:1001D0009F42E6D201EBC50131F8041C994288BF69
:1001E0001946884238BF0846C0B2F0BD0020F0BDB5
:1001F00030B5022950D800F051F84DD22E4B03EB08
:10020000C0010878012810D1CB781846904288BFE9
:1002100010468A78801A9B1AC2B29342B8BF002057
:100220004968C0B231F9100030BD4868A0B38B787E
:10023000934202D3B0F9020030BDCC78A24222D260
:10024000497884880023491EC9B2FF2C03D10123B9
:1002500001E05B1CDBB200EBC3048B4202DAA58930
:100260009542F6D2B4F906504FF47A735A43A16816
:1002700005EBD574521A02EB640292FBF5F1B0F96A
:1002800000208A4202DAB0F9000030BDB0F9020065
:10029000814202DB08B230BD084830BD09A0405C95
:1002A0000228704780B50648FFF726FF0120BDE809
:1002B0000240FEF7EFBE0000484800200080FFFF2C
:1002C00040760008000201009A48007800B1012041
:1002D000704700F001009749087000207047F8B59A
:1002E0000446EBF72AFA054609220021FAF7EAF953
:1002F00000F110062846EBF72BFA074600F0F3F85A
:1003000005462046E8F75DF8811BFF22B80548BF87
:10031000122208D47C2D08BF032204D0092D3CBF33
:100320000FF21820425DC9B291428041C043C00F14
:10033000F2BD70B50546EAF72CFE06462846EBF7F7
:10034000FCF94078410718D5B11C2846EAF733FE7E
:1003500070B131462846EAF797FC0446711CC9B2D1
:100360002846EAF791FC2CB1A04203DBFF2801D01C
:10037000002070BD06EB4406B61C31462846BDE899
:100380007040EAF718BE0000F8B50446EAF7FCFE34
:1003900007462046EBF7D1F90546B91C00F0A0F856
:1003A000002842D0394600F09FF80646791CC9B2B1
:1003B00000F09AF80146102E37D200BF62A0825D8D
:1003C000BA1802F10800012E0AD0022E0CD0052E18
:1003D00011D0082E15D0092E18BF0A2E16D022E0F3
:1003E000890620D502461EE0CB0648BF0246880695
:1003F00019D5083217E06878C30616D502EB41021A
:1004000011E001F01F0101EB410108E011F0E000F3
:1004100007D1092E06BF490001F03E0102218A18CA
:1004200001E0C82901D191B230E00020F2BDF8B559
:100430000446EAF7A9FE064600F051F820B331461B
:1004400000F052F8054605F00C0005F003070428FB
:100450001AD0022F00D1B8B92846EAF7E2FE3618C2
:1004600028060FD500F03BF870B100F03CF80146CB
:10047000012F1CBF01F00300032805D02846EAF72E
:10048000E0FE3618314601E00020F2BD2046BDE80E
:10049000F440EAF790BD0000F8B50446EAF713FF10
:1004A0000546A91C00F01CF8B8B1294600F01CF85C
:1004B0000646132E11D200BF27A0815D20466F187B
:1004C0006D1CE9B2EAF7E0FB052E04D1062804D240
:1004D00026A1085C3F18F9B2D8E70020F2BD711CD4
:1004E0002046EAF768BDF1B22046EAF7CDBB38B541
:1004F0000446104B187800220F4D002802D101202D
:1005000032BD521CD3B215F8330048B18442F8D141
:10051000084605EBC3014A689047010001D032BD8F
:10052000002422464FF6FF711E20E7F7ABFC0020A7
:1005300032BD0000DB180020F0780008FF0204FF45
:100540000101010108000000FF0608040202020484
:10055000020A0B0303020304FF00000000000C0961
:100560000202000000001C1A0B0303000023001B02
:100570002200000001F000BE0020704700207047FC
:10058000002070470748006810F1010F0CBF0123DD
:100590000023800F00F00100A8223121184301F050
:1005A000CBBE00004C81E00F7047704701F008BEE1
:1005B000807C052818BF062801D101207047002043
:1005C0007047DFF8B4080068704708687047084053
:1005D000D040D1404A1C10EA520F18BF60EA010017
:1005E000704780B5D0F8C81011B10A68042A12D239
:1005F000DFF85819FFF7E9FFC0F3080101F0070021
:10060000C90811F0070F1CBF01F007025043C908C9
:1006100003D0484302BD886A400E02BDDFF83009AE
:10062000016811F0060018BF012070470420DFF8B0
:100630002419086070470B46DFF840180968DFF896
:1006400018290BF0ACB80121F5E7827C082A05D106
:100650000A0018BF012901D101207047A8E7C00096
:1006600001B1C01C7047704738B5D0E94E452240F3
:100670002B4008BF002A03D0DFF8E0184C68A047E1
:1006800031BD10B1406A0002001670472DE9F047F5
:1006900080460D4614001E461CBF2068002807D067
:1006A000406828B10168042902D3876A7F0E0FE0F1
:1006B000DBF704FA8146D8F8C4A0C8F8C440404625
:1006C000FFF78FFF0746C8F8C4A04846DBF7FAF9E2
:1006D0000899B772A0892D1A35816268A068ADB2F9
:1006E00000FB05254D197560BDE8F08710F1010F7D
:1006F00009D06FF0FF01DFF86828000A11600002DE
:10070000DFF870381860704700F01802DFF86818DA
:10071000182A08BF002007D0020748BF012003D4D1
:10072000C20603D540F201100860704700220A603B
:1007300070472DE9FC4104460D469046FFF741FF06
:100740000646DFF8187804F0010015F4007108BFC0
:10075000002835D0E00728D500F0CFF90021304639
:1007600002F022F9F083012200210120F1F783FC3D
:10077000B16B06F1D80002F0B3F97869FFF7B6FF64
:10078000B9694FF0FF30786111F1010F08D06FF0B7
:100790007E42DFF8D0371A60DFF8CCC7CCF8001003
:1007A000B861307C40F00400307415F4007107D05B
:1007B0000121304625F40075FEF74BFD04430D433F
:1007C000D6E94E0104EA000215EA010308BF002A37
:1007D00002D07968304688475FEAC8700ED501229A
:1007E000B96800203A70B8600A001CBFF8688847F2
:1007F000DFF89827536800210220984718F00E0F61
:1008000008D002B040F20B223B210020BDE8F041AD
:1008100001F092BDBDE8F381DFF87C070068810636
:1008200002D54FF6FF7070470002000C70473EB5CE
:10083000044600210C20E17484F810014FF0FF31D0
:100840004FF6FF70A164E08404F1E0016F2286237B
:1008500064250A608B824D608D60CD600D61FF2143
:1008600061762176E1756084A08420844FF0FF31A9
:100870006175204605F0CAFA204601F064FB0120AC
:10088000DFF85C17086094F9131020460E2500F07D
:10089000ABFB6020DFF84C170860DFF8640841F616
:1008A000FF710160016401F08DF81A60A26B4FF0D6
:1008B000FF31204600F050FC40F2022301950095E4
:1008C00000220020194605F039F908F0C3FC204643
:1008D000BDE83E400BF008B82DE9FF410446DDE9D4
:1008E0000A87D4E94E01904308EA0206994307EAD1
:1008F000030530432943C4E94E0123F40041002598
:1009000022F0010001950F4040F20223009508EA11
:1009100000023B4305F012F9207C810712D5D4E98F
:100920004E2313F400710DD04FF488112046FEF7CA
:1009300090FC227C0B4602F0FD0222740246204607
:10094000FFF792FE002004B0BDE8F08100281ABF36
:1009500000680028DFF85407DFF800164860704789
:10096000F0B585B00C0015461F4607D0290018BF0A
:10097000002803D0694609F09AF808B9002026E05B
:10098000BDF802007A199042B8BFC51BBDF804201B
:10099000AEB2974212D2029BD919D71BBAB2ABB2F0
:1009A0000291ADF804709A420CD22046DAF7FCFFAF
:1009B000BDF804300399F21AE01805E00398B91A5B
:1009C0000144039132462046DAF7EEFFA8B205B0A3
:1009D000F0BDDFF87807007898E038B50446CDB26E
:1009E0002809000101D0012032BD02F0EBF80128F6
:1009F00001D0022032BDDFF854070168090945EA39
:100A000001150560204602F056FA002032BDDFF8DD
:100A1000840800687047DFF87C0801F068B90000BE
:100A20002DE9FC4700250E46A846AA46032862D8B1
:100A3000DFE800F0030222250125DBF73FF88146BD
:100A400005F0DAF9040001D000F057F805F0D8F904
:100A500040B1002001900090002200234FF400419B
:100A600005F06CF85FEA08001DBFDFF8780507683D
:100A700007F00807002706E00125A846DDE7012565
:100A8000A846AA46D9E7DFF8C806076041462846C7
:100A900005F087FA012352464146284605F0B6FA8A
:100AA000DFF8B0060760D4B1FFF78BFD816BD8305B
:100AB000DFF8A84402F014F86069FFF717FEA16997
:100AC0004FF0FF30606111F1010F07D06FF07E42EF
:100AD000DFF890341A60DFF890542960A0612EB1DD
:100AE000DFF8A82453680021032098474846BDE852
:100AF000F647DAF7E7BFBDE8F387002001900090E2
:100B0000002200230120002105F018B800F00F009A
:100B10007047DFF88407816B11F0A00F11D1C16B12
:100B20004A0710D4DFF874170B68DFF894281342D3
:100B300009D00068000E00F00F00092818BF0C282B
:100B400001D1002070470120704711B581B00C46DB
:100B500058B1042009F01CFC0023224601A90420FE
:100B600009F035FC401E8041C00F16BD2DE9F84F3D
:100B700006468A461446FFF7CCFF88B109F0A4FA6E
:100B800001F02EFB08B90320DDE0DAF797FF0546F8
:100B900000F0ECF910B9FFF741FD18B101F089FA46
:100BA0000220D0E001F085FADFF81878D7F8289015
:100BB0003D684FF40061304605F0C0FF40B14FF48E
:100BC000007000F09AFC002201210120F1F753FA95
:100BD000707CDFF8F487C10706D5B06B410544BFD0
:100BE0004FF40020C8F800001FFA8AF13046F1F7F0
:100BF00014FBC7F828903D600100D2D1307CDFF8AB
:100C000028584FF48079C10601D4002C62D06008C6
:100C100000F0010005F05AF9E00507D50221C8F8F7
:100C200000100022EA600220A86203E00221DFF83F
:100C30002403016005F096FADFF8F0A7DFF8F0B7BB
:100C40004FF4806062074CBFCBF80000CAF8000088
:100C5000FFF7ECFC600604D44021DFF8282811607F
:100C600003E04020DFF8201808602046FFF74CFD25
:100C7000304600F035FE38B1E0075ABFDFF8D41235
:100C8000C1F80090C8F80090A00618D5F08C4FF677
:100C9000FF71884215D0DFF840281168DFF83C2842
:100CA0000B0CC1F30111491CB0FBF1F01380DFF80C
:100CB0005428CAF824200004CBF8240001E001F0F5
:100CC00041FA002C14BF10200020317C01F0EF010C
:100CD00008433074304602F02DF888B3304600F0F7
:100CE000FFFD68B34FF400313046012405F026FFC4
:100CF00000B10224234603226946284608F06EFD0F
:100D00009DF800409DF802109DF8010004F00704D2
:100D100041F48072052C09D19DF800100C0703D412
:100D200040F48073BB600BE0400704E000F0300348
:100D3000202B04D1C00748BF4A46BA6000E0B96022
:100D40000020FFF71BFCBDE8F28F10B589B2FFF75A
:100D50000DFF040008BF05F09CF8204610BDDFF829
:100D6000A817DFF8B42720B10220106004220A601F
:100D70007047042313600220086070472DE9FF4785
:100D800081460D46A878102818D2DFF88067B8B1E0
:100D90002F78A0F1010A6878390000D170B9092FC5
:100DA00038BF09280AD2B8468045B8BF804695F9B1
:100DB0000310E88809F0DEFC012804D1012057E087
:100DC0000120307053E0380004D1B8F10104A4418F
:100DD000E40F00E00024A8880AF0AFFD728880B21A
:100DE0004FF60403DFF8341764B10A6897B29F42E4
:100DF00008BF4FF6050201230B6080270F6208270A
:100E0000082304E09A421CBF0A601A4643467280D7
:100E1000002130B1401EB0F5803F34BF01464FF68F
:100E2000FF71002002905FFA8AF001900122009287
:100E30003A4609F1D80009F0CBFB24B14FF48010F9
:100E4000DFF8DC160860A86802213170706099F83C
:100E50001A0060B104280ADA0320DFF8C816086017
:100E60000122DFF8C4361A600120FFF778FF002066
:100E700000F04EBB0000000088540020FC4F00B082
:100E80002DE9F04106460F4615461C46DAF716FED8
:100E9000804600F06BF818B9042009F05AFB20B125
:100EA00000F07CF80320BDE8F08100F077F82A46D6
:100EB000B9B23046FFF75AFE804650B9DFF84C769B
:100EC000002C33D0387021463046FFF757FF80465C
:100ED00008B14046E7E7387801282AD02021DFF81A
:100EE000E8040160DFF844261368B3F5817F00F061
:100EF00045F8DAF7E3FD044678680121FFF725FE9F
:100F00008046F0B909F09FFB280603D50021DFF8E1
:100F10002026116009F0C8FB280658BF04F0AAFF7C
:100F20001A4A53680121002098470CE038780128BC
:100F300003D104F0AEFF0020B5E70028CED1012098
:100F4000B1E704F0F8FF00F0B3F8C2E73C8001B865
:100F500014C001B8442002B8A43F00B01816002005
:100F600024E000B83CE000B83CD000B8032009F011
:100F7000F0BA000024D000B87C3F00B003D380203A
:100F8000DFF8F4160860012009F09FBB98140020D8
:100F900048B201F04ABD00003C2300204046DAF789
:100FA00091BDA16B04F1D80001F09ABD10B50446C3
:100FB0000846FFF766FBDFF8542792F9003094F9F2
:100FC0001310C3F11C03181A401A10BDDFF84017A4
:100FD0000A6860F3D2220A60002070470000000017
:100FE000385201B84C4000B82DE9F0410E46044695
:100FF000002577B2DFF814874CB9DFF818170868B6
:1010000008B1032029E00125C7F11C070FE001F01A
:10101000D9FD012818BF02201FD1D4F8C800FFF75E
:1010200030FB18F90510C1F11C01081AC71BD7F1D4
:101030002B0048BF40422428A8BF01200DDA15B17B
:1010400088F8006008E0E674DAF738FD044678B204
:10105000FFF7BCFF00F02CF80020BDE8F08120B9BC
:10106000DFF8A80690F90000704790F91300704768
:1010700010B501F03BF809F027F8DAF71FFD044638
:10108000DFF894060168DFF89436DFF8942621F043
:1010900020010160022010605A6801210120904760
:1010A00000F006F8002010BD0000000067060308ED
:1010B0002046DAF707BD024692F83820002002F0F9
:1010C0006002202A0ED0402A09D0602A0BD151B1EB
:1010D0000A68012A07D9486940F00100704740F2C8
:1010E000011070470120704780B5FFF7E4FFDFF87B
:1010F0003C1408608020DFF88025106001BD0000EE
:10110000300000BA70B50D460446DFF81816FFF738
:101110005CFAC0F30150012805D901263543EDB230
:101120008DB9002070BDDFF8701720460026FFF74C
:101130004CFAC007F2D4DFF8D0172046FFF745FA83
:1011400010F4706FEDD0012070BD0000683F00B05A
:101150004C6000B84C5000B82DE9F8430446A06B31
:101160000D4605EA0207A843384325EA0701A063B4
:1011700001F00B01DFF82427116007F00B00DFF806
:1011800020170860DFF8F864DFF8A8826A0710D536
:1011900001212046FFF7B6FF58B104F0E3FF4FF4FA
:1011A000007079074EBF7060A04908600420C8F83D
:1011B0000000DFF85897E80607D5F90647BF00207A
:1011C000C9F828001B21C9F82810280615D53906AA
:1011D00010D54FF400103060DAF770FC06460E218F
:1011E000032001F07BFB40F20120C9F800003046EB
:1011F000DAF768FC3946FFF7D5FEE80506D5F905AC
:1012000002D501F048FB01E001F040FBA80506D53E
:10121000B90502D501F046FB01E001F041FBDFF822
:101220003C6715F48C6F23D078050ED5617CC80718
:1012300019D504F58571A08B0A8890421DBF498895
:1012400088420020012030700DE068050BD5617CDC
:10125000C80708D500213170DFF84037D3F800C047
:1012600000222046E047D4F8C8102046FFF73CFF94
:1012700028050CD504F076FF706939054CBF40F0A5
:10128000006020F0006070610420C8F800000020B9
:10129000BDE8F2836C3F00B00C0002B8EC3E00B039
:1012A0002DE9F1430D46002482B091461E46022DE1
:1012B00002D100F03BF832E0DAF700FC8046DFF8BC
:1012C000BC73B868002818BF484520D1C7F80890FB
:1012D000FE6001240194009400F042F800223A706C
:1012E000022009F055F800232A4602A9022009F03D
:1012F0006EF804000298386109D0DFF8205428689D
:101300008047012803D16A68012102209047FFF736
:1013100045FE0CB90020B860601E8041C00FBDE8DA
:10132000FE830000DFF85403006970477CB5DAF7EC
:10133000C5FB0446002501260195009600F010F833
:10134000022009F025F8DFF8D423DFF830138D6090
:101350005368002102209847FFF7AAFE002076BDBF
:10136000002200230020002104F0E8BBDFF8300653
:1013700001684A0503D4DFF80403007800B10120B6
:101380007047022009F0E5B8DFF82006006801F098
:10139000C2BA0000D0F8C81051B10A68032A07D3B6
:1013A000486A0004000E05D0096AB1FBF0F07047EE
:1013B0000AF0EEBA7047DFF8F405006801F0D1BA20
:1013C00000FFFF00C43E00B0441002B80146D1F84F
:1013D000C82062B11068032809D3536A1804000EAC
:1013E00006D0126ADBB25343B3FBF0F000E00020FA
:1013F000002804BF08460AF0D2BA7047827C052A4A
:101400001CBF062A082A0ED1497C11B9DFF8A005B5
:101410007047012902D1DFF89C057047022902D1EB
:10142000DFF894057047D1E70C0000BA506001B8AE
:10143000505001B8442002B870B50D46DAF73EFBB3
:10144000044601F0E1FB060000D049E004F08AFE0A
:10145000DFF8680501682A7821F0F001022A08BF48
:1014600041F0100103D0042A08BF41F020016A783E
:10147000022A08BF41F0400103D0042A08BF41F00E
:10148000800131E0B8E000B8B8D000B870B50D46C2
:10149000DAF714FB044601F0CBFB060000D01FE096
:1014A00004F060FEDFF8140501682A7809090901D3
:1014B000022A08BF41F0010103D0042A08BF41F00D
:1014C00002016A78022A08BF41F0040103D0042A0D
:1014D00008BF41F0080107E0744001B896180020E9
:1014E000FFF7E6FD304670BD016000F005F82046CC
:1014F000DAF7E8FA002070BD0420DFF8C4140860B1
:10150000704700000000FFFF645201B8341600204D
:1015100004B0BDE8F0870000646201B860C001B8A3
:1015200054D001B8506201B8505201B8783F00B0B1
:1015300078C001B82DE9F0410F463E78044604F525
:10154000887595F80080042E08D10026F0B207F0C7
:101550006BFE18B9761CF0B20428F7DBF0B207F086
:1015600063FE28B901270C2028703846BDE8F081B9
:101570002978F0B2884202BFB888A16C884205D1B0
:1015800078886988884208BF0020EFD02E70B8881C
:10159000A88079886980B888FF212176A064F0B29C
:1015A00007F09AFEE075284607F0EEFD070003D12C
:1015B000284607F031FE07463800D4D1D4F8C400DD
:1015C00000281CBF2978414505D0B0F912202046DB
:1015D000FEF79DFD6872204607F0D2FEA88004F158
:1015E000D800FFF730F8C0E7F8B5044604F5887373
:1015F000187800260C2808BF02263BD0E17504F1BC
:10160000C4052A68A2B3286918B95E7ACFB2BE426F
:1016100006D3B8B1B2F91200B4F92860B04211DAB9
:10162000597A0022204600F02DF8060022D1002031
:1016300028602046F0F7B9FE01462046F0F7EDFDA0
:10164000064617E00022C9B2204600F01BF806004B
:1016500010D1DFF854060078002818BF022809D1FD
:10166000204607F08DFE04F1D800FEF7ECFF01E004
:10167000FF2020763046F2BD100002B81816002078
:101680004C5001B8F8B5044694F8100100260D46F8
:101690000C2808BF022625D0E8B2FF2821D0D2B2FC
:1016A00022B14FF0FF30DFF80416086094F8100103
:1016B00007F012FE074694F8100107F003FEEAB2A5
:1016C000E9B28242C8BF02469742A8BF3D4602DA4D
:1016D0008842B8BF05462576207E07F004FEFF2825
:1016E00000D101263046F2BD0246084602F5887157
:1016F00080B50622DAF758F9002002BD90F81011E3
:101700000C2901D1FF207047007E704793580020BC
:1017100020C000B888540020BC3E00B098140020BF
:10172000081002B8504001B8F0B58FB004460AF076
:101730003DF90546206C012800F0AB80280040F000
:10174000A880204600F0E4FA00200090D4F8C420DD
:10175000A18B01AB2046FEF799FFDFF85805D4F8BE
:10176000C810C26891421CBF2046FFF7BDFC00BFF5
:1017700001F028FA0128FBD1DFF83C552868C007A2
:10178000F6D4DFF838653168C801F1D4D4F8C81050
:101790009DF80E2008AB0D9102994FEA040008F065
:1017A000CCFA78B901F00EFA0128FBD13068C101FA
:1017B000FCD42868C107F9D408A901A808F018FCCE
:1017C000050002D002200FB0F0BDA08BDFF8241579
:1017D00001260860227C02F0FD0222740AF02DF935
:1017E000D4F8C4200121002853691F68049718BF4A
:1017F000FF2815D117F1010F03D017F1020F0FD1F8
:1018000000E00026DFF82025126812F1010F1CBF4E
:1018100012F1020F049203D1FF280CBF0120002116
:10182000D4F8C420012853695A68059218BFFF28CC
:1018300014D112F1010F03D012F1020F0ED100E00A
:101840000026DFF8E424526812F1010F1CBF12F1E8
:10185000020F059202D1FF2806D1002021B10246D5
:1018600004A9204607F008FC9EB9D4E94E0111F402
:10187000007304D1207C40F00200207409E04FF492
:1018800080312046FDF7E5FC02460B462046FEF778
:10189000EBFE28460FB0F0BD404101B84C6000B8E7
:1018A0004C5000B838B50D4604464FF4006105F0C1
:1018B00045F90028EDB205D045B194F8FE0010B10D
:1018C000002032BD15B14FF4807200E000224FF4C9
:1018D0008071204605F01DF900B10120C0B232BD73
:1018E0004FF4807105F02AB910B58CB21CB101F02B
:1018F00021FA00B1241D20460AF01FF84042DFF80B
:10190000D8140860002010BD804001B82C4000B8F9
:10191000F8B50C46032680301546844208BF0024E3
:10192000DAF7CCF80746DFF888030168090E01F002
:101930000F01082918BF092903D0072918BF0C294E
:1019400002D1806B800305D40122A9B2204607F0A2
:101950007DFF064600F004F83046F2BDD83E00B0E8
:101960003846DAF7AFB8C9B280B5002914BF4FF4D2
:10197000007200224FF4007108E0C9B280B500295E
:1019800014BF4FF4806200224FF4806105F0C1F86B
:10199000002002BD4FF4007105F0D0B88857002038
:1019A00064C001B800F00100704700004C4001B86D
:1019B00020A1070048E8010040420F00EC3E00B0C3
:1019C000442002B86020DFF8D81508604022DFF814
:1019D0009C3670472DE9FE4F0546080007D01400DD
:1019E00005D0032805D8002108F061F808B90120C6
:1019F000DAE043790788817802798DF80030C6886B
:101A000001F0070317F4404F18BF0220F0D1072B55
:101A100002D10120207305E04FF0000884F80C800B
:101A2000062B03DB080900F0010000E0002001950F
:101A30006073C1F3801020748D0905F00205C1F3B5
:101A4000C0000543C1F340106574A074A682E2741F
:101A500001986FF07F0990F83810C80600F1908067
:101A6000072B18BF062B40F08B80DFF804060168B7
:101A7000DFF80006456800680126083F00F007000F
:101A8000801D8640761E45F00055374015F90780C9
:101A9000C84518BFA8F132087F1C37404FF0000935
:101AA000781DC4F808903040295C401C3040285C08
:101AB00041EA0021019800F1C80A807C4FEA015BED
:101AC000002837D1DFF8B0251068C30707D5E85DD7
:101AD0004006000E0001FF282CD8814624E0C804EF
:101AE00025D5DAF8000020B10168032928BF416A32
:101AF0000AD201982146FFF781FC02900198FFF776
:101B000049FC0299B1FBF0F19DF800204FEA5B40DF
:101B1000CBB213B1C9B2B0FBF1F090420AD348B1D5
:101B2000C2EB0222B2FBF0F9C9F1FF0902E0E85D65
:101B30004FEA4009DAF808202AB14FFA88F15FFA33
:101B400089F0904781467F1C84F80F9084F80E80BE
:101B50003740E95D7F1C3740E85D7F1C374041EA34
:101B60000021E85D7F1C3E4041EA0041AD5D627CA2
:101B7000019841EA0561002309F079FE062110E091
:101B80000020E073DFF86005006808224FF47F4111
:101B9000FEF71DFD41B2494518BF3238A073002041
:101BA00000212060A1710020BDE8FE8FF8B500F093
:101BB0002CF800F01BF801463846FEF750FD14B132
:101BC000B0F1011F01D30220F2BD00F014F8DFF8DC
:101BD0005845121A2A6023680520DB0003F0F80339
:101BE000D21A2A60A8710020F2BD0000697C044668
:101BF0003046FEF72ABD4FF22443610903FB001073
:101C000024092A68B0FBF4F070470D460646AF88F9
:101C1000FFF7F4BB084610B510F0030102D19BB2E8
:101C2000402B01D2002010BDB3FA83F1C1F119039A
:101C3000DCB2072C05DA4942C9B2E72908BF002304
:101C400002D0072CA8BF06230124991D8C40A1B205
:101C500092B2914288BF1146DAB207F016FDA0B2E7
:101C600010BD084610B510F0030102D111884029BB
:101C700001D2012010BDB1FA81F3C3F11901CCB238
:101C8000072C05DA5B42DBB2E72B08BF002102D04C
:101C9000072CA8BF062101248B1D9C401480C9B2CB
:101CA00007F010FD002010BD58160020701600200F
:101CB0000C0002B8B456002040C002B8440002B87C
:101CC000DFF87C2408B2904201D101207047B0F5C2
:101CD000804F08DADFF864249042B4BF4FF48041AB
:101CE000C1F30E0101E043F6FF71DFF84404016027
:101CF00000207047448001B810B508461446012101
:101D000000F036FD20460121BDE8104000F030BD56
:101D100010B50446DFF8BC1400F098FBC4F8C80006
:101D2000002010BD00000000401600202DE9F04109
:101D300005460F46F8B248B9287C410606D5297CED
:101D40004FF6FF70288401F0BF012974298C4FF6EB
:101D5000FF70D5F8C840DFF8786481421FBF726811
:101D6000002A28469047F0684FF0010884421EBFC1
:101D70004FF00708B268002A07D00021002C1EBFD0
:101D800020680028A16828469047284607F0F8FAFE
:101D9000FFB227B9414605F1D800FEF74CFC2146B9
:101DA0002846FFF703F940B2FFF710F9D5F8C8004D
:101DB0000621DFF82424F0601160F8F721FD0120EE
:101DC00030700021DFF814241170284601F073F8F8
:101DD0000020BDE8F0810000DC3E00B07CB50C00C6
:101DE000DFF84863DFF830540BD10022012104F002
:101DF00090FE0020C5E9000004F0EAFE2020B06556
:101E000073BD0122012104F084FE07203060217996
:101E10002970607901210090684609F01DFE009943
:101E200000F00F02C14042EA01126A70A179A97064
:101E3000E279EA7021686960009AC24000920098D5
:101E400000B10888012206E0236833F81250854269
:101E500098BF2846521C009B9A42F5D32179DFF89F
:101E6000D822DFF814344018401E10602079DFF8C3
:101E70004C14202208601A6004F0AAFE73BD000012
:101E8000F8B50D46002400F09DFE012801D0022087
:101E9000F2BDDFF8FC637078C8B10021022009F0C0
:101EA000F1FD08F083FB07460CE008F07FFBC01B48
:101EB000DFF8E01388428041C00F41F6FF32452130
:101EC00000F03AFADFF8FC0301680A07EDD528466E
:101ED00005F090FA002814BF012405F0E9FA7078A3
:101EE00018B10121022009F0CDFD2046F2BD05F018
:101EF000B1BA10B50C4600F026F80CB30020A11CB6
:101F0000C2B28B5C092B04D2401CC1B20229F6D3A9
:101F100001E0012010BDA078E17800F00F0040EA58
:101F20000110C1B201B16168DFF894231160237818
:101F3000DFF894130B706278C8704A7004F048FEA2
:101F4000002010BD000080B55821DFF87403DDF7D4
:101F5000CDFAFF221021DFF87403DEF77DF904F0DB
:101F600037FE002002BD0000D2B270B5012A02D8AF
:101F7000DBB2042B01D3012070BD5008DFF85043C1
:101F8000012603EB8203C9B2255C06FA03F300299C
:101F900014BF2B4325EA03032354002070BD000027
:101FA0004C5000B8F8B500F1D802DFF828030468F7
:101FB000938F65014CBF232400248D690E68284649
:101FC00016F1010F04BF96680E604F6817F1010FFC
:101FD00004BF56694E608F6817F1010F08BF17697B
:101FE00006D08E6803F16F073F1BB74238BF3746F4
:101FF0008F60CF6817F1010F08BFD76806D0CE6891
:1020000003F186073F1BB74238BF3746CF600F69E1
:1020100017F1010F04BF16680E614F6917F1010F28
:1020200004BF57684F6115F1010F08BF906918B9D7
:102030002346C3F1640304E06F331B1B834238BFA4
:1020400003468B6108689060CB68D3608868106134
:102050004B685361886990610B69104613604C6945
:1020600007215460FEF7E7FA0020F2BD442002B8D1
:10207000544000B84C0000BA384201B838B5D9F71E
:102080001DFD0446DFF8585200F09CFD012808D1E0
:102090002868000E10F00F0FF6D12868C000F3D4A6
:1020A00003E0FFF705F8022032BDFFF701F800203A
:1020B00032BD2846D9F706BDF8B504460D4616468A
:1020C000D9F7FCFC074632462946204609F0F9FCC0
:1020D0000446FFF745FC2046F2BD0220704703206E
:1020E000704708F030BA00001CC000B810B50446B4
:1020F000D4F8F800DFF8EC110860227C4FF400619E
:102100002046D20802F00102D20204F002FD217C36
:102110004FF400700A0702D50649086010BDDFF8C9
:10212000C821106010BD0000A83E00B00C6000B8CF
:10213000488001B8441002B8204000B801C0FFFF39
:102140000080FFFF70B5D9F7B9FCDFF8A0110A884D
:102150004FF6FF739A4203D1D9F7B4FC032070BD48
:10216000DFF88C41DFF88C512C601204DFF88861B5
:1021700032600B80FFF7BCB980B5DFF880010068E2
:1021800010F1010F0CBF0121002169B940000BD4EF
:102190000320FEF745FCDFF868014FF08061C16362
:1021A000012202600223436101BDDFF8580100688B
:1021B0004FF40021DFF83021C00C1160FFF7F2BBB3
:1021C000DFF84401024988600020704700000000E9
:1021D000B4560020FC4F00B0786000B8843F00B0D7
:1021E0003D480068FFF7DEBB80B53B490A68D2076F
:1021F00005D5020003D1BDE8014008F0A9B809687F
:10220000C90708D438B108F099F803203F4908609D
:1022100003223F4B1A6001BD483F00B038B53D4C2A
:102220006FF0404525603C4D20F0404028604FF065
:10223000FF30606069603821616102F038026A61D4
:102240002B49364A1160364C23600020FEF787FD8B
:10225000002032BD007CC0090BD0C9B231484FF01C
:10226000805200291ABF02602F484260026000209D
:102270007047032070470000645000B84FF0806141
:1022800010B11F4801607047284A11607047000074
:10229000A856002040420F0018B1202024490860B1
:1022A00002E02022234802600C490A68900703D408
:1022B0000021032009F0E6BB70470000CC4000B8C5
:1022C000F03E00B0F40302B8443F00B0343F00B029
:1022D000463F00B0EC3E00B014C001B840C002B8A8
:1022E0000C0002B8C03E00B0442002B8961800208E
:1022F0000000FFFF746001B8745001B84C81E00F1A
:10230000141002B8440002B8DD1D030840A00950B3
:1023100044900950506201B8505201B8C8E000B86A
:10232000C8D000B8086001B80C5001B8142002B839
:10233000F41302B8F42302B840B9054801604260C2
:10234000044A136883608068EEF72EBF704700BFB1
:10235000781600208854002000F06F41B1F1804FC2
:102360001CBF00F06F42B2F1204F02D120F070404C
:10237000704700F06041B1F1204F08BF20F080505D
:1023800070470000F0B521B926A140E00D1D05EB16
:1023900084010D6815F1010F3ED0C5F30266C5F347
:1023A00007449E42F2D1ADB2AA42EFD305EB8406B8
:1023B000B242EBD2551BAD0801EB85010C68250F2D
:1023C00002D0012D07D021E018A4D4E900234968E8
:1023D000C0E90013F0BD0FF2AC4535F8133024F01E
:1023E000704442EA034213684A681A408B6823F03B
:1023F0007045AC4201BF1B0F032BC9680A4300BFE5
:102400000CA3D3E90045C0E90025F0BD0BA1D1E93B
:102410000023C0E90023F0BD0AA4D4E90067C0E9A5
:102420000067F0BD00000000010000000000000097
:10243000000000000000000000000000000000009C
:10244000010000000000000001000000FEB50C4685
:10245000A5B2090C00260FF22C4232F81630994230
:1024600002D0761C042EF8D300F1C007786820B1A2
:1024700000F00EF89DF8040030B1386830B100F07B
:1024800007F89DF8040008B90098FEBD2068FEBD5D
:10249000016833462A46684674E738B56846E1F76E
:1024A00097FDDFF8E0150868DFF8DC45DFF8DC159C
:1024B00000F0FF00FF2802D12069086007E02269D0
:1024C00022F47F6242EA001242EA00220A60DFF848
:1024D000C0552868010354BF09200C2009F0BFFC37
:1024E000C820DFF8B0150860DFF8AC054FF4C02253
:1024F00002604FF48033436042F20100DFF89C1524
:1025000008602A68100309D44FF47061DFF8902541
:1025100011604FF42060DFF88C3518600121DFF87E
:10252000880501602268DFF8D0351A6031BD0000EF
:1025300010B500F0EEF8DFF87405DFF874150860E8
:10254000FFF7ABFF0320DFF86C150860DFF8684584
:102550000122E26307F0B8FD4FF4607020604FF491
:102560000071E16309F069FA002109F059FA0320CA
:10257000DFF8481508600322DFF85C351A60402058
:10258000DFF8581508604022DFF870351A6010BD7A
:1025900003460120002900D1704780B592001846FB
:1025A000D9F702FA002002BD00281CBF816800296B
:1025B0000BD001F13041C068DFF8442503E0936A95
:1025C000001F41F8043B0428F9D2704770B5054656
:1025D00001261446002D18BF00291CD0DCB16A6802
:1025E0002868DFF820355E68D21C920800F1304080
:1025F000B04706000FD1EA68A8682146D21C9208AD
:10260000920000F13040D9F7CFF92869696900F1EB
:102610003040D9F7C5F9304670BD70B5DFF8E064D9
:1026200003469C68002004F130442568B46AA54242
:1026300003D11846BDE87040C8E770BD10B5DFF89B
:10264000C02411780020E1B1DFF8BC34D361DFF899
:10265000BC145162DFF8B8341362DFF8B834DFF825
:10266000B8140C68DFF8B4145360D160DFF8B034EC
:10267000DFF8B01493601161DFF8AC34DFF8AC140C
:1026800001E0022010BD94629361516110BD38B524
:10269000DFF89C440020A0630021E1630022226453
:1026A00001213A2004F061FBDFF80C54012028607E
:1026B000022169612068000E00F00F000D2818BF8C
:1026C0000028F7D111202063DFF834440121217064
:1026D00009F010FC606A0022227000B1012040F273
:1026E0005B725421FFF728FE226AE169606AFFF7F6
:1026F0006DFF09F003FC6068FFF756FF2069FFF7E4
:1027000053FF4FF0806028600121DFF8282411601A
:1027100031BD0120DFF820140860DFF82024DFF845
:1027200020341A60DFF81C1408600122DFF8183426
:102730001A60DFF818140860DFF814341A60DFF844
:1027400014140860DFF810341A60DFF81014086001
:10275000DFF80C341A60704780B509F03AFCDFF8F6
:1027600004140968C1F30041491CB0FBF1F002BD3B
:10277000F8B504002CD0DFF8F853DFF8F86300292F
:102780003BD00020DFF8E023DFF8E03319460AE011
:10279000401C0C2831D20028F8D002EB400131F85F
:1027A000027C03EB870102EB800CDCF81870A74277
:1027B000EED1306CC007FCD401F06F42B2F1204F73
:1027C00003D10846FFF7C8FD0146316001202860AB
:1027D000F1BD54F8040B4FF0010E120F01F58053B8
:1027E00001F500570EFA00FE072A06D8DFE802F0CE
:1027F000042F3235373A3D400860206810F1010F50
:102800003BD054F8042B00BF1EA1C2F3016331F882
:102810001310C2F307400128C2EA014109D8D8E7E2
:1028200022686368A7680A604B608F600C340C31C3
:10283000C01E0228F4D805D12068626808340860F8
:102840004A60DAE70128D8D154F8040BD4E7C04332
:102850003860D2E70A685040CEE71860CDE707F04D
:1028600034FFCAE7C3F800E0C7E7C7F800E0C4E7F1
:102870000A6802408242FBD1BFE70020306001219C
:102880002960F1BD00B801B802B800B00120DFF83E
:10289000EC12086070470120DFF8E412086070470E
:1028A0004020F9E74020F2E780B5DFF8D802006861
:1028B000D0F8C80020B10168032901D3006A02BD25
:1028C000FFF74AFFDFF8C0120A6891B221B1C008D1
:1028D000C2F30742504348E7002002BDDFF8502210
:1028E0001268120E02F00F02824207D1DFF89C023A
:1028F000026822F0F00242EA011202607047DFF83B
:1029000084020068D0F8C80020B101680B2901D307
:10291000006C7047C8E738B50446FFF7C5FFDFF81D
:1029200058221368C4F301111D0448BF4008DFF8A2
:102930006022136803F4C053B3F5805F04D1DFF85D
:1029400054120A68C2F34161012902D0022902D05F
:1029500032BD400832BDC4F3C421491CB0FBF1F0C4
:1029600032BD00F0300110B5202911D1C0F3024171
:1029700000291ABFC0F3C422B2FBF1F4002410F402
:10298000C01F18BF64006408022C09D9042407E0A2
:10299000810901F00701012916BF0429022401243D
:1029A000FFF7B9FF604310BD2DE9FC478A46DFF809
:1029B000E88107F0FBFD474600240646774DD9F72E
:1029C0007DF881460DF10101684600F048F99DF857
:1029D000000000281CBF296811F4603F06D0E86899
:1029E000C0F38917B80544BF6D490F431AF1010FB1
:1029F00002D007F0DBFD841B4846D9F763F838B2F4
:102A0000404508D19DF800009DF80110084309D009
:102A10005445D4D306E0C83F38B26FF4FF71884202
:102A2000B8BF0F4638B2BDE8F6876FF07F0290421C
:102A300005D000F132018029B4BF32307F20FF2160
:102A4000584A116000F0FF00574B18600020704793
:102A50000000000070B5554804680568066804F079
:102A60000704FFF779FE00BF54A10A5DC5F3CD014D
:102A7000491C4A43C6F34541491C4A438001B0FB07
:102A8000F2F070BD6082E00F680102B8F80302B88E
:102A9000F80702B8548001B8681102B8706201B832
:102AA000A02002B8A01002B8005401B80048F000FD
:102AB000500002B8105101B8141002B840A00950DB
:102AC00001003B48006803D0020B02F00F020A70BD
:102AD00000F00F00704700004490095084E200E0CD
:102AE00034480268530205D4080603D44FF4001199
:102AF000314A1160704700008457002004E100E073
:102B0000F856002050160020707B0008D8B7000847
:102B1000B8B70008F0B700080817002038AF000861
:102B2000BCB7000808B8000830B40008C0B70008F7
:102B30000C0002B8142002B880920050FF0B00165F
:102B40006890005004D000B8041000BA045001B8D6
:102B5000041001B8045000B804D001B8041002B841
:102B6000049001B87080005024570020404000B00D
:102B700040D002B800C002B8684101B8501002B895
:102B8000502002B888540020684001B8683F00B067
:102B9000484000B8644001B800FEFFFF0CC000B818
:102BA00000FCFFFF24E000B824D000B8704001B85A
:102BB000B00002B8440002B84C6001B80304040835
:102BC0000808080831480068000E00F00F00401E99
:102BD0000B280FD8DFE800F0060608060606060AEE
:102BE0000C0A0A0A0220704703207047042070472D
:102BF000052070472648016811F0060F01D0042017
:102C0000704701207047000020480168090E01F05C
:102C10000F01092908D00B2902D00C2904D005E0A6
:102C2000816BC903F1D401E0022070470020704796
:102C3000184A16480068000E00F00F00032818BF5D
:102C4000052818BF062806D0072806D112480168B3
:102C50001142EED101E002207047002070470B4A7C
:102C60001268120E02F00F02022A16BF032A012375
:102C700000230370012A1CBF052A0B2A01D1012061
:102C800000E0002008707047000000000C0002B84F
:102C900014C001B85FFFF9FF680102B8DFF8100344
:102CA0000068000E00F00F00704780B5FFF7F6FFD8
:102CB000032818BF07280BD1DFF8F8020168CA06FD
:102CC00006D44068C00800F0010080F0010002BD99
:102CD000002002BD70B504460D461646FDF765FCA2
:102CE00029462046EFF76FF9FDF75FFCB1B22046A9
:102CF000FDF791FE00224FF4003100F08DF8002026
:102D000070BD7CB50446DFF8B0020D460268DFF8FE
:102D1000AC32DFF8AC6219683068FFF77EFC05F171
:102D2000280001780091C37842788178204600F02D
:102D300057F876BD802103F001BFFFE7DFF884126A
:102D400009680022C6E738B54FF6FF750446FF2232
:102D5000294600F011F8010004D1FF22294620463F
:102D600000F017F8010006D12046FF220FF28C2157
:102D7000BDE8384026E032BD1FB500F01AF8022247
:102D80000291019200245B1C0094DBB2002200211E
:102D90000BE01FB500F00DF804220291019202240D
:102DA0005B1C0094DBB20022012103F0D7FE04B0CB
:102DB00010BD8DF80C100904090E13468DF80D1086
:102DC00003A97047E0B51346029108210022019142
:102DD00000925B1CDBB20122012103F0BFFE0EBD9D
:102DE000C9B210B5D2B2C906044641EA02410298FE
:102DF000DBB241EA4371400500F0BC60014341F49D
:102E0000C872DFF8C41100F007F800220021204644
:102E1000FEF77EFD002010BD204603F07ABE10B5FF
:102E20000224FFF742FFA0B1DFF8A00101680A0306
:102E30000FD5816A89030CD4006BC10604D410201D
:102E4000DFF88C21106003E01021DFF888010160B9
:102E50000024204610BD70B5040001D1012070BDD2
:102E6000DFF868512868010323D5DFF86C0100689A
:102E7000E96AC1F38116032E17D108210A46DFF84B
:102E80005C3180B21844494201442046D8F78CFD99
:102E9000022E04D12078617840EA01202080267239
:102EA000286B000A6072002070BD022E08BF02214C
:102EB000E4D0022070BD38B50446FDF7A8FD0546F4
:102EC0002046FDF786FD07280CD1D4F8C410DFF8A2
:102ED00010010540C86910B1407845EA002545F069
:102EE000200501E025F0200529462046BDE83440B4
:102EF000FDF791BD38B504460D46E8B201280CBF78
:102F0000DFF8E000DFF8E000DFF8E0300022DFF873
:102F1000E010FFF783F9EDB2012D0CBF80200020F7
:102F2000217C01F07F0108432074002032BD0000A5
:102F30002DE9F0410C46E7B20546042FC8BF012039
:102F400034DCE0B2401E4FF0000803280DD8DFE863
:102F500000F00204080A012608E002264FF40038B7
:102F600004E0022602E0032600E000262846FFF7E0
:102F7000E1FE80B12846FDF74AFD80B285280ADAD5
:102F8000E0B230B1042F04DA297C2846C909FFF7E2
:102F9000B1FF48EAC6384FF46030DFF858100860D7
:102FA000DFF85420C2F80080AC760020BDE8F08144
:102FB0000C0002B8480002B8005700200457002057
:102FC000FC560020B87500089007E12D1C0002B8DF
:102FD0004C1002B84C2002B8C83E00B0D84000B82F
:102FE000F700FFFF91D1061990D106190000F628CD
:102FF0009E0C4B5424E000B824D000B80000000020
:103000000000000038B5044609F016F905462946C7
:10301000204609F007FA284632BD38B5044609F0C3
:1030200073F905462946204609F0FAF9284632BDCB
:1030300070B505467849794E0C883046E6F78EFB28
:10304000012D02D176490C8802E0022D08BF02242E
:10305000FA21614318B1884238BF840802D3304650
:10306000E6F713FC04B90124204670BD7CB56D4918
:103070000A884FF6F9739A421CBF4FF6F874A242C1
:1030800002D1694B197819B9BDE87640E6F750BC12
:1030900000206649664D08700023664C237028782E
:1030A0004FF6FD74644E70B14FF6FC71308800919C
:1030B00000220021E7F737FB002028703480012030
:1030C000BDE87640B4E75D4801781046F0F758F85F
:1030D0000028F4D13088A042F1D0012129700220CB
:1030E000EEE7012000E0002080B54C4A4E4918B1BF
:1030F00002280CD005D30EE008701046E6F718FC45
:1031000009E00120087000211046E6F7BEFB002010
:10311000BDE802408CE74FF0FF3002BD02001CBF4B
:10312000012802280FD140F6024081420BD14148CC
:103130000178434A491C01701378C9B2994224BFEF
:103140000220FFF7D1BF704738B5044640F6134060
:103150000D4684421CBF40F614418C4215D13348C1
:103160000178491C017037480278C9B291420CD3EA
:10317000314801884FF6FD72914203D1058000234A
:103180002B490B700020FFF753FF29462046BDE86E
:10319000344001F03FBCF8B51F4FDFF884C0BCF8E5
:1031A00000403D88AC4207D34FF6F876B1421CBFD1
:1031B0004FF6F975A94201D00220F2BDDFF864E0B4
:1031C000069EAEF800109200079D3A809B00089C76
:1031D000ACF800301B490E70194A1570174B1C7063
:1031E000002413490C704FF6FD72134B1A8000B186
:1031F0000120FFF779FF0020F2BD00200B49087085
:1032000000220C4B1A704FF6FD700B490880084BDA
:103210001A7005490A707047BE5700205C330020C1
:10322000C0570020BC570020605800205D58002087
:103230005F5800205E580020C25700205C580020D4
:103240005B5800205A58002080B58D48002101703D
:1032500041708C4B19780A2041438B48D8F7A0FB6A
:103260008A48BDE80240E6F763BB70B50024864D8E
:10327000834E04E02846E4F7FEFE641C0A353178EC
:103280007278E0B252189042F4DB70BD2DE9F0473D
:103290008046EEF743FD0446DFF8F0914846C2460B
:1032A000774DE6F757FA28B168685444241A1FFA94
:1032B00084FA00E06C6069780A2273485143002464
:1032C0002E78471801E0641C0A37E0B2B0420AD2F7
:1032D000B8888245F7DAE1B2701A4243394607F1FD
:1032E0000A00DFF777FE761C2E70A7F804A0E4B280
:1032F0001CB941464846E6F7C8FA3846BDE8F087AB
:10330000F8B504460D465E481646417800785D4A99
:1033100013784018984201D10020F2BD3046FFF7E3
:10332000B5FF07463E813C806D1CBD70EEF7F0FC9A
:10333000F8800120F2BD2DE9F84FEEF7EFFC0146D1
:103340004F4D68680A222B78081A1FFA80FC6878AB
:1033500000244D4E50439E46A046371816E0A0EB81
:103360000C000FE0B8888445F9DB97F802A009F15A
:1033700001090020AAF1010B87F802B085F801903D
:10338000AEF1010EB88008F101080A375FFA88F043
:1033900095F801909842E5D35FFA8EF098423CBFD1
:1033A00085F800E00124287838B112FB09F2696041
:1033B000301D815A3548E6F768FA24B9BDE8F18F27
:1033C000308800F049F868780028F7D000F035F828
:1033D0000400F8D0E8F7E5F801462046EFF7EFFEE5
:1033E00000280CBF40F602410021E9E77FB5244CDC
:1033F0006078254E0A22451E657031466846DFF723
:10340000E9FD237853FA85F232B10A20424306F1EE
:103410000A013046DFF7DEFD9DF8020010F00F0FC5
:103420000AD0BDF80800FFF731FF81880A22ADF805
:1034300004106946DFF7CEFD7FBD38B5124C104D44
:1034400001E0FFF7D3FF687828B12046F1F7B3F821
:103450000028F6D0208832BD80B5094B5A786AB171
:10346000094A1388834209D121B99078103000F0BD
:10347000F0009070FFF7BAFF012002BD002002BDEE
:1034800080540020A3180020E03E00208815002072
:1034900018B587B090E81C0003A902A881E81C00B9
:1034A000002301AA002100F01AF8010015D0E4F76A
:1034B00070FFBDF8041000221430E5F78FF801000A
:1034C00008D000909DF818309DF8090003AA00214B
:1034D00000F071FB02A800F081F808B010BD2DE9E2
:1034E000F8430C461646002105463180DFF85C7B28
:1034F000F8889846A8B3381DEAF720FF03E049464C
:10350000381DEAF76FFF81465FEA090029D0E4F72A
:1035100040FF011D281D05F06DFD0028EFD00020A3
:1035200000901423002249462846E7F779FB4846D5
:10353000E4F747FF152804D34846E4F742FF143860
:1035400000E0002030803388984508D33CB100204B
:103550000090DBB2142249462046E7F761FB48465B
:1035600000E00020BDE8F2832DE9FC4105000C4697
:10357000164630D000F032F8DFF8847BDFF8841B89
:10358000F8880A88904226D2002C14BF06F1140154
:103590001421002289B20020E5F720F88046D0B13E
:1035A000012000901423002241462846E7F738FB0B
:1035B0003CB101200090F3B2142241462046E7F7C7
:1035C0002FFB00224146381DEAF7C0FEF888401C58
:1035D000F880404600E00020BDE8F6817FB500217C
:1035E00004468DF808104FF0FF3200926946201D06
:1035F000DFF80C5B05F0FEFC10B10020A8801DE098
:10360000E888F0B10021281DEAF798FE03E0314672
:10361000281DEAF7E7FE0646300012D0E4F7B9FEAF
:10362000011D201D05F0E6FC0028F0D000223146E7
:10363000281DEAF701FFE88808B1401EE880012054
:1036400000E0002004B070BDF8B5DFF8BC5A28785F
:10365000DFF8B84A98B10026DFF8B47A02E0FAF74A
:1036600045FE761C3978F0B28842F8D329784FF4B9
:103670007A7041432046BDE8F440E6F706B920469B
:10368000BDE8F240E6F754B980B5FAF779FFDFF804
:10369000780A0178DFF8740A29B14FF47A7251433D
:1036A000E6F7F3F801E0E6F743F90FF6CC20DFF890
:1036B000641A0860002002BD10B5DFF8444A201DDE
:1036C000E4F7D9FCA01CBDE81040E4F7D4BCF8B581
:1036D00005460E46140008BF6C460121E4F7D8FEEB
:1036E00020B101212846E4F7D3FE054600202070D2
:1036F000002100F0E0F8410606D410F4404F03D05A
:103700000122310007D1F2BD0022042EF9D1227826
:10371000D21C22700AE02178891C012E02D121706E
:10372000C9B297E0491C2170022E04D110F4406FF9
:1037300000F0BB8027E010F4406F1CBF891C217093
:10374000032E05D100F44060B0F5006F6AD11AE095
:1037500000F44061B1F5006F02D123789B1C04E0B6
:10376000B1F5406F02D1237808332370042E0AD0BC
:1037700012B12178891C2170052E07D100F4404038
:10378000B0F5004F4ED100F095F8F2BD00F4404185
:10379000B1F5004F02D12078801C06E000F44040D3
:1037A000B0F5404F02D12078083020700D2E05D1A1
:1037B00000F084F82178491C884274DB217828467F
:1037C000E7F762FA0746000602D500F073F80746ED
:1037D000062E01D13846F2BD20783A064CBF801C37
:1037E000401C20700D2E08D100F068F8217881422D
:1037F00059D207F03C000C2855D140F203713940F2
:10380000481E8041C00F072E02D1002851D017E07A
:1038100010B12078001D2070082E05D107F4E06754
:10382000B7F5007F43D114E007F4E060B0F5007F06
:1038300002D12178491C2170092E03D1F80436D514
:10384000217826E0F80402D52178091D21700A2E7E
:1038500004D121782846E7F717FAF2BD0D2E0AD1D8
:1038600000F02CF8217881421DD2491C2170F80407
:1038700013D40120F2BD2078401C20700B2E16D0EE
:103880000C2E12D1F80412D500F018F8011F217087
:10389000C9B22846E7F75BFAF2BD00F00FF82178CD
:1038A000091D8842E5DA0020F2BDFF2020704FF0AC
:1038B000FF30F2BD21782846E7F72FBA2846E4F713
:1038C00080BD80B5DFF85008E6F732F8FF221021FE
:1038D000DFF84808BDE80840DCF7BEBCF8B584B0A6
:1038E000054600220D21FFF7F2FE00284BD000F024
:1038F000D0F8040A14F0070418BF022C49D100F0D4
:10390000C8F8000449D400F0C4F8400403D500F01E
:10391000C0F8400641D4002201212846FFF7D7FE17
:10392000064620008DF80C403AD100220721284697
:10393000FFF7CDFE0190DFF8E477397BF0B28842E3
:1039400002BF9DF80C00397A814205D1002840D190
:1039500001983968884216D00C2201A93846DFF751
:1039600039FB3E734FF4FA61DFF8AC07E5F78DFFE2
:1039700000F08FF800F0030001284BD100F084F82C
:1039800000F0F000F02879D000F083F8C0F3C120F7
:10399000002873D100F07DF800066FD41CB36DE0F1
:1039A000022C6BD16A4605212846FFF790FE284677
:1039B000E4F7EFFC9DF800100822014401A8DFF7AE
:1039C00009FB002208212846FFF781FE8DF80D0033
:1039D000B1E70228C0D10822394601A8DCF716FF5A
:1039E0000028B9D14AE000F054F840065CBF01A8B5
:1039F000FFF74EFD00F044F800F04AF8064600F0EC
:103A000048F8760BC10A0095234606F0010201F042
:103A1000030130E000F03DF810F0030F2ED100F06C
:103A200038F8C0F3C12028B100F033F8C0F3C1204A
:103A300002280BD100F028F800F0F000F0281DD08B
:103A400000F022F8C0B2E32806D117E000F021F818
:103A5000C0F3C120032811D100F012F800F018F8CB
:103A6000064600F016F8760BC00A0095234606F0CD
:103A7000010200F0030101A800F06DFA05B0F0BDED
:103A800000220921284622E600220A2128461EE6B5
:103A9000044600220621284619E618B58DB01446C2
:103AA000012100B98121207A02280CBF41F4406134
:103AB00041F400618DF80010090A8DF80110207A98
:103AC0000DF10301002804BF2268002A06D100F08E
:103AD00041F80D218DF8071002A933E0C8B900F0B4
:103AE00039F88C2080218DF807008DF808102068A7
:103AF0008DF809002168090A8DF80A1020680DF177
:103B00000D01000C8DF80B002068000E8DF80C00E4
:103B100018E0022816D1FF208DF803008DF804006C
:103B20000DF105000021CAB2A25C491CCBB200F81D
:103B3000012B082BF7DB8C21822201704270617A05
:103B40008170C11C6846091A002289B2E4F746FD5B
:103B50000EB010BDFF2204210DF10300D7F730BFD6
:103B60000020DFF89C154880002108F05DBC7CB582
:103B70000446DFF8D85429786A88DFF8A405F329C9
:103B800002BFDFF8A0351978032904D1012601907E
:103B90000096022303E001210091019000230021FF
:103BA0000020ECF71FFE08B1002068802046BDE829
:103BB0007640E5F7BDBEFEB5DFF890546B888BBB51
:103BC000089CFFF76AFFADF80400E4F7FAFB06462D
:103BD0000123012202A901A8E4F736FDBDF8040083
:103BE000761CE4F7EEFB07462046E4F7EAFBC7192C
:103BF000F9B201A8E6F7FAFF2046E4F7E2FB0090ED
:103C0000BDF8040000232246F1B2E7F773F8BDF8CF
:103C100004009DF808106880DFF80C052970142155
:103C2000E5F733FEF7BDF0B50E4685B00446114604
:103C30001D460C2201A8DFF7CDF9ACB10D980C9B05
:103C40000B990A9A0127ADF812008DF800708DF8D3
:103C500001608DF810508DF811306846FFF784FC34
:103C600038B9012005B0F0BD6846FFF7B7FC002861
:103C7000F7D00020F6E72DE9F24F9A46A4B00646A9
:103C800091464FF0FF330A9300F060F9800900F08D
:103C9000010B00F05BF900220A21840B4846FFF774
:103CA00016FD9DF89020804648204243DFF87C14A2
:103CB00004F001048D18012E06D0042E00F08C8033
:103CC000052E00F0A3802CE10BA8E1F79AFB092058
:103CD0008DF82C00102230A910A8DFF77BF910A96D
:103CE0000BA8E2F7C5FC0BA8E1F71AFC9AF808004C
:103CF000022803D10822514603A807E004225146B6
:103D000003A8DFF767F90422514604A8DFF762F938
:103D1000349903A8349A01723499120A4272090C38
:103D20008172349905220273090EC17202AA0A2116
:103D300000F0FFF80DF10902062100F0FAF80DF18C
:103D40000A020C2100F0F5F80A909DF8B80003284B
:103D50000CBF0120002003AA00920AA99DF8083098
:103D60009DF8092001914946E3F756FB80B19DF883
:103D7000B8000026032805D100F0E3F800F0F000B9
:103D8000F02848D0A8693499884244D2A96100E05B
:103D9000072600F0D6F8804600F0D3F8C0B2E0283D
:103DA00004D000F0CEF8C0B2E22803D100F0CEF883
:103DB000400609D400F0CAF800F0030001281EBF35
:103DC000002C5046FFF764FB00F0AEF820B300F083
:103DD000ABF8ADF8060021E09DF8B80070B99DF889
:103DE00090000626FF28D7D068684104D4D4A87D67
:103DF0000028D1D100F0A0F8A861CDE700220C2165
:103E00004846FFF764FC03260A90C5E7002C02D061
:103E10005046FFF73DFB84E0ADF8069000F084F8D3
:103E200018B100F081F8074600E04F466A4600F0FE
:103E30007FF83846E4F7C5FA074600F087F89DF8A2
:103E40000010000B00F001007F1AA7EB800701AA09
:103E500000F06EF800209DF80420BDF806100090D8
:103E6000FBB20BA8E6F7DCFE9DF89000FF281CBF14
:103E70002978FF290BD09DF8B80020B96868410463
:103E800005D4A87D18B9686840F4C0606860200057
:103E900007D06E49CA886E4B19888A4238BF44F0F1
:103EA000020400F049F88146A14890F90050A14968
:103EB0000878F3F71DFE0328B8BFC02007DB0428ED
:103EC000D8BF802003DD0628D4BF40200020082D65
:103ED000C8BF082504DC15F16D0FB8BF6FF06C0585
:103EE0000BA90991FFB208970A999DF890206E35A9
:103EF000069107925FFA88F10591349A9DF8BC10FB
:103F000000EB650004929DF8B8200191C1B20092C7
:103F10000394CDF808B053465FFA89F2304608F0B2
:103F20008EFA25B0BDE8F08F01214846E4F7B0BA1B
:103F30000B214846FFF7CBBB002201214846FFF783
:103F4000C6BB00220A214846FFF7C1BB002206215A
:103F50004846FFF7BCBB2DE9F04F8BB082460D46BB
:103F600014461F46DDF85090FAF75FF98046424646
:103F7000482042436D49002D01EB020B19D100F09E
:103F80007BF8B8F1FF0F11D0DBF80400410402D434
:103F90009BF8160050B10A214846FFF798FBC0B2C3
:103FA000E02803D000F056F8022049E000F052F873
:103FB00045E0022D18BF032D44D14046FF282CD0E8
:103FC00007A9FAF70FFB9BF816100126C1F3820030
:103FD000420701D4072802D1220003D101E02200C8
:103FE00000D0042601F00301A94218BF042601D124
:103FF000042E00D1204607A9D1E9004202AB069762
:10400000C3E90042D1E9024201904146C3E90242BC
:10401000009553464A46304612E000F02DF80697C8
:1040200007A9D1E9007202AB0194C3E90072D1E99A
:104030000272FF21C3E90272009553464A460420EA
:10404000FFF719FE0BB0BDE8F08F0000FE5700200F
:104050008618002007A8D0E9003102AA0194C2E91D
:104060000031D0E9023100240697C2E90231009400
:1040700053464A4641467047002107A800220023C4
:104080008C4680E80E107047F8B5060036D0002741
:104090000025294C0BE0491C01291DDD390004D005
:1040A000083004F0CDFFB04226D06D1CEDB2207870
:1040B000854223DA48226A431C4988180378012B79
:1040C000F3D141680A0606D5890403D5828AB24233
:1040D00001D111E0012700210C224A43024412F8C9
:1040E0002C3F022BD7D192884FF6FF739A4208BF1C
:1040F0000127D0D0B242CED10120F2BD0020F2BDC6
:10410000FE57002086180020A418002074120020FA
:10411000555800202452002054120020E85100205D
:10412000613B0308085200203C330020143F00206C
:104130009E5100209D510020A51800203EB5054647
:104140000C0014D0FFF7A0FF88B1FF220821204601
:10415000E3F7D8FB58B900BF05A1D1E9002300213E
:104160002846CDE9002300236A46E6F745FB37BD24
:10417000FFFFFFFFFFFFFFFF02010A0000800000BA
:1041800010B5F3F73BF80446FF2808D0F3F7E4F83E
:10419000C00704D52046F3F7DFF8800701D51720C4
:1041A00010BDBA4830F8141041F0100120F8141076
:1041B000002010BD10B5F3F721F80446FF2808D001
:1041C000F3F7CAF8C00704D52046F3F7C5F880070F
:1041D00001D5172010BDAD4931F814204FF6EF700E
:1041E000024021F81420002010BD70B50446A84DEF
:1041F000284600F01EF801214FF48070E8F7BDFF5B
:1042000068B1A44E002074803070E7F77CF9F0802C
:10421000A14801882846BDE87040E5F736BB70BD6F
:104220009C490A7842F0010208B142F002020A7089
:104230007047F8B5974C608886B088B300214FF47A
:104240008070E8F79AFF2178C80727D56088012198
:10425000E4F71EF907466088E7F76FFA801CE7F776
:1042600077FA0546608803A9E7F739F83846E4F796
:1042700090F806463846E4F7A4F80146207882070D
:104280004CBF002040F60240C9B20191E18802967D
:1042900003AB00912A46062100F0C0FB002060809D
:1042A0007B48E5F745FB07B0F0BD2DE9FE4FDFF891
:1042B000EC8198F80000002840F083800025754EBE
:1042C000DFF8C891DFF8D8A10DE0708850B1E105A2
:1042D00008D55946E7F771F974884FF48071B480B6
:1042E00020001FD16D1C9AF80010E8B2884262D2FB
:1042F000EFB239F81740F3F702F80028F2D0E8B22D
:10430000F2F705FF8346A00538D54FF6FF725946F0
:104310000E2000F003F90400E4D05946E7F74DF908
:104320004FF40071318139F817001022002320EA80
:10433000010129F8171000210091E8B2F3F722F8E3
:1043400058490878C20708D50020574941F8270086
:104350005648C25D42F0F002C2550020019018207C
:1043600047432246524C0FF261010091E05D012368
:104370000021ECF743F8A0B1012018E06005A4D5B6
:10438000F5F702FE03460020012202900021009270
:1043900001915A460720EAF7A9FC04464FF48061D0
:1043A0009EE73189B1F5807F04BF0022B28088F892
:1043B0000000012006E000203081BDE8F74FF2F751
:1043C00080BD0020BDE8FE8F2DE9F84F314F3C89BC
:1043D00081460D469A46002C55D090464046E7F758
:1043E000D2F8B0F5006F4ED14046E7F7DAF88346D1
:1043F000F2F704FFFF2846D02DB1244931F81020F0
:10440000224321F81020254EB4F5807F06D0B4F564
:10441000007F18BFB4F5806F29D034E078884FF65C
:10442000FF71804515D18B452DD0E7F7C6F84FF4C5
:104430008070E8F7C9FE20B102200021F2F7EDFFFD
:1044400010B11348FFF7F5FE0020B88030703881B6
:1044500019E0B888804516D18B4514D018B1E7F71C
:10446000ACF80020B8800021317039810BE00021C8
:1044700031703981534648464246294601B0BDE86D
:10448000F04FF8F7B3BABDE8F18F00009C3300207D
:104490006C110020E85700207018002036540020CE
:1044A0009A180020FA570020E033002044410020F1
:1044B000C81D00201CB5049C009408F008F813BD2A
:1044C00008F018B870470000FEB505460E461746BE
:1044D0001C46E3F7FDFB854201D1002285E0324610
:1044E0002946384600F01AF8ADF80000A8B10D2FA3
:1044F00005D100224FF6FF712820E3F7C3FC44B139
:10450000089A012321466846E4F79EF8BDF80000AA
:1045100018B1BDF80000EEF760FCF7BD3EB50C46E3
:1045200003218DF8081002A948708DF80A20120A9C
:104530000020CA70019001250095042302AA0021E1
:104540002046E6F7FBFD3EBDFEB504460E46E7F706
:10455000F4F80546711CC9B22046E6F795FB0746FC
:10456000B61CF1B22046E6F7D8FB0646314638467F
:1045700000F04EFA0D2F37D13046F5F745FE68B101
:10458000281DE7F7E5F80646ED792046E7F73DF800
:10459000024629463046F0F726FDF7BDA81CE7F78E
:1045A000D7F84FF6F871884224BF2046EFF793FB07
:1045B0003046F5F7EDFDE3F78BFB864203D1002093
:1045C000F5F710FDF7BD00BF26A1D1E9002305F1E5
:1045D00008043046CDE9002321680091616801910B
:1045E0006946F5F793FDF7BD22463946304600F09F
:1045F00001F8F7BD3EB505461446080018BF02296C
:104600001ED0062904D00B2918BF0C290ED01AE0A1
:1046100069462846E3F7FCFA18B901216846EEF727
:10462000A1FA41202946FEF78FFD0CE00B2908BFB7
:1046300040F61340F6D00C29F3D140F61440F1E7D0
:104640002846F0F79DFF20000BD0E7F776F8801C96
:10465000E7F77EF84FF6F871884224BF2046EFF75F
:104660003AFB37BDFFFFFFFFFFFFFFFF884238BF68
:1046700008468018C0B2704710B50446F3F74AFAEE
:1046800062792179BDE8104002F0030201F00701D0
:10469000ECE72DE9F843FF254FF00008D04F002646
:1046A000D04C11E03879000903280BD33846FFF7C6
:1046B000E3FF8146404505D33888F0F7E0FD08B9AF
:1046C000C84635461237761C2178F0B28842E9D3C5
:1046D000E8B2BDE8F2832DE9F04F85B00446E6F775
:1046E00094FFADF806002046E6F74EFD0646711C25
:1046F000C9B22046E6F7C8FA00F01F0101EB4101FC
:104700008919891CC9B20025B61CAB46AA460027E8
:10471000A846DFF8CC92F6B2ADF80440049126E04A
:10472000B0490A785FFA88F090421ED299F80400E6
:1047300010F0070018BF0AF1010A04998E4208D050
:10474000039AB9F800108A4203D1002C1CBF00283C
:104750007F1C08F1010809F1120904988642DFD094
:104760000399B9F800008142DADAF61CF6B204982F
:10477000B0422ADB04984FF6FF7100240391864271
:10478000EBD0032102A8DAF7B1FEBDF804100094C3
:104790000323F2B202A8E6F743FA9DF809009DF858
:1047A00008109DF80A4001EB00210391240918BF6D
:1047B0000BF1010B0091E3F78BFA00998142CFD105
:1047C0009DF80A5005F00F05CAE78DF80050864D98
:1047D00028788DF802B08DF801A0002813D03F068C
:1047E000BF0D97FBF0FA5FFA8AF0042808BF4FF07C
:1047F000030ABDF80600F2F71CFF04003DD1FFF7E5
:1048000048FF0446FF2869D078480078F3F770F92C
:104810009DF800105FFA8AF2FFF728FF07469DF81F
:104820000000002814BF4FF0010B4FF0020B4FF0B7
:104830001208A14618FB09F9694E06EB0900FFF7BB
:104840001BFF0BEB0701814248DA9DF8000058B9C5
:10485000311D11F8090010F0070F05D028789DF8D8
:104860000110001F884239DABDF806102046F2F721
:10487000E5FF18FB00F806EB080421799DF800001D
:1048800003270D0920B101462046F3F775F907E02B
:10489000032D38BF2F4603D311F0070F18BF002791
:1048A00039462046F3F7FBF99DF8020060B9002D68
:1048B00018BF002F01D0072D06D3ECF707F8C0F37F
:1048C0000B014B48E4F7E1FF607900F0FC00504435
:1048D0006071BDF80400E6F73EFEA07305B0BDE8C8
:1048E000F08F2DE9FE438046082000258DF80A0050
:1048F00000260195009602230DF10A0201214FF6D0
:10490000FC70E6F71BFCADF8080000283ED0344CE4
:104910000027DFF8D09021E020888DF80000218862
:104920002046090A8DF80110F3F7F4F821790123E4
:104930000322090101F0700140188DF80200694658
:1049400002A8E3F781FE002808BF6D1C04D01DE01B
:10495000207900090728DFD312347F1C99F8001052
:10496000F8B28842F4D3BDF8080045F06005E6F7D8
:104970000BFC411CBDF80800EAB2C9B2E6F79BF98E
:10498000BDF8080000220021F2F725FAEBF79EFFA0
:10499000184AC0F30B00117800F55850813011B15E
:1049A000491E8008117001464046E4F76EFFBDE8DD
:1049B000F78310B500F00FF820460021BDE8104045
:1049C000E4F763BF10B500F006F800212046E4F7D5
:1049D0005CFF002010BD064C2046E4F7A9BF000094
:1049E000483C002048580020A11800209D5100207C
:1049F000BC3200204C5800200020704707F087BDD3
:104A000007F08EBD1CB5049C009407F096FD13BD05
:104A100007F0A6BD07F0AFBD07F0B8BD3EB5089CD6
:104A20009DF81C500294BDF818400195009407F0C1
:104A3000BAFD37BD07F0C3BDD2B2203A22BF00FA9B
:104A400002F1002070475242D041D2F12002914041
:104A50004140D04090404140704700000A0A42EA7D
:104A600001225040C0F30311484080EA0030410168
:104A7000C9B20206D20E41EA0221484080B2704714
:104A80000A0A484000F0FF0008214308C00746BF5B
:104A9000034858401846491EF7D15040704700005F
:104AA0002083B8ED0F2070470E207047002070471C
:104AB0002DE9FF4104461C4F38780D4690461E46AE
:104AC00018B12046F4F722FA40B33DBB17A1D1E953
:104AD00000237968CDE9002303226B4600291FBF1C
:104AE000787800280B460246002000E0401CC1B246
:104AF000914213DA33F811104145F7D166B90B9B97
:104B00000A9A48F400416846E5F784FF8D2305A220
:104B100069462046E5F787FF002000E0012004B049
:104B2000BDE8F081310000000410002022002B00BD
:104B30002100000000207047704770470020704738
:104B400010B50446F6F738F82046BDE8104007F0E7
:104B500038BDD8F757BBE2F7EABF000080B5A7E041
:104B6000E0B5002200230192009300F001F80EBD91
:104B70002DE9F84F83468A4690461E4607F024FDED
:104B800000283ED00B9C06EB0A0000210019C01C37
:104B9000E3F7B9FC5FEA00094F4D03D10121297009
:104BA00000202FE0E3F7F5FB07464C480178802210
:104BB000012039707A70B87052465946F81CD6F701
:104BC000F3FE300005D0F81C414632465044D6F77B
:104BD000EBFE200006D00A99B81950442246C01CAA
:104BE000D6F7E2FE012007F07FFD3D48017801295C
:104BF00012BF02290021017000224946A81CE9F7D2
:104C0000A5FB0120BDE8F28F1CB50446192100F078
:104C10002DF822460DF102010120E6F7A3FD062141
:104C200000F014F8152C02D102202E49087013BD93
:104C300038B504460D46482100F018F88DF80240BA
:104C40008DF8035000F001F831BD0421684687E774
:104C50003EB504460D46D22100F008F800F022F8D7
:104C60008DF804500521FFF7F1FF37BD6846E6F7E0
:104C700075BD1CB50446F221FFF7F8FF8DF8024020
:104C80000321FFF7E3FF13BD1CB504461648027865
:104C9000022A06D10D21FFF7E9FF00F003F8FFF724
:104CA000D4FF13BD21460DF10200E6F757BD80B5D4
:104CB0000E48E9F72DFB401E8041C00F02BD80B5B4
:104CC0000A48E3F7D8F900F0E3F907F00FFDBDE873
:104CD000014008F02DB9000012580020165800209D
:104CE00087580020175800204258002014580020F0
:104CF000ECF702BFECF777B9E2F77EBD0120704711
:104D0000704770470120704738B5044600291046A7
:104D100001461A46204602D0E7F7B6FB01E0E7F766
:104D200061FB0546002C1EBF04980028A04203D05A
:104D300021461422D6F738FE284632BD1CB5002184
:104D40000446ADF80010207840BB227A022121747D
:104D50000A2A0CD0102A02D03B2A0FD017E00DF1FE
:104D60000200E7F71DFC6060BDF802000AE0606029
:104D70006846E3F786FD0120207009E000216160AC
:104D8000F4F708F9ADF800000121217000E028B126
:104D9000BDF8001004F11100E6F7E0FC13BD38B5D2
:104DA0000446207810BB207A102813D104F1110199
:104DB0000120E6F7E6FC054604F11500E6F7C8FC1D
:104DC000ADF8000069462846E7F7C0FB60600120A7
:104DD000207031BD3B2809D104F11100E6F7B8FC81
:104DE000F4F7DBF8012020700021616031BD10B5BF
:104DF00004468048018856290CBF012000202178F4
:104E000071BB0022626001212170617831B97A4959
:104E100008B1088819E0207A088010BD05290DD155
:104E200020B1F4F7A5F840F050000EE0207A00F031
:104E30000F002072BDE81040F4F79DB806290ED18E
:104E400028B1F4F79BF840F06000207210BD207A82
:104E500000F00F002072BDE81040F4F792B8227005
:104E600010BD10B504462078E0B9208901212170D9
:104E70006178002262600D2906D01E2907D02429FE
:104E800008D0362909D00BE0E2F75DFC09E05B4869
:104E9000007806E05A49087803E0F4F77BF800E070
:104EA0002270208110BD017819BB01220270427866
:104EB00041600D2A06D01E2A08D0242A0DD0362A99
:104EC00013D015E00089C0B2E2F740BC4B4A01891B
:104ED00013788B4206D31170704701890B29B8BF34
:104EE000474805DB2121416070470089F4F755B838
:104EF000017070472DE9F84F96B082468B46904678
:104F00009946E2F7BDFFE2F7B9FFB8F1010F2DD1E5
:104F10000126002706A8E3F7BEFC0224364D57EA17
:104F2000060121D028B9BDF81800810701D5380045
:104F30001AD1298801F0010216420ED00024C806B9
:104F400007D509AB0DAA11A95846E1F783FC00B1BA
:104F500002242878810648BF0324288867B1810786
:104F60000AD50024010708D503240CE00026B8F177
:104F7000030FCED10127CDE71CB9400703D501248B
:104F800001E0022C0BD0E2F7A3FE814507D0494691
:104F90005046F4F71DF959465046F4F793FF019433
:104FA00028884B464246C0B200905946504607F00A
:104FB000C0FF0646242102A8E6F7D0FB51460DF1BA
:104FC0000A00E6F7CBFB0822594603A8DEF702F8F1
:104FD0008DF814808DF8156049460DF11600E6F73E
:104FE000BDFB102102A8FFF7BBFD304617B0BDE89E
:104FF000F08F00001A580020B8570020AE1800208B
:10500000665800201CB504466E216846E6F7A6FBEC
:105010008DF8024003216846FFF7A2FD13BD3EB59F
:1050200004460D469B216846E6F798FB0822214678
:105030000DF10200DDF7CEFF8DF80A500B21684616
:10504000FFF78EFD37BD2DE9FC41089C05460E4655
:1050500090461F460094F5F782FD0097434622468E
:105060003146284607F067FFBDE8F381F5F77FBDBD
:10507000F8B504460D46164603F0B3FC0746324623
:1050800029462046F5F772FD3846F2BD704700000C
:105090009448E2F7F0BF31B582B0E3F77AF90546FC
:1050A000A879E9790C18E2F7E7FE400040F001002A
:1050B0008DF800002B786400FF22002100200834C6
:1050C00000F0D5F868B9BDF80800E4B2E3F779F963
:1050D000A04206D101230122694602A8E3F7B4FAEF
:1050E00008B100203EBDBDF808107F4C0022A01C76
:1050F000E9F72CF92078401C207001203EBD10B546
:10510000044679480078844210D2E2F7B9FE02469C
:1051100023460121012000F0AAF8010004D000215B
:10512000BDE81040E5F7B0BDFF2010BD241AE0B285
:10513000BDE8104007F000BF38B504460D46E2F761
:105140009FFE00F05BF8010005D12946204607F0DC
:10515000F5FE90B110E0E3F71CF90446601CE6F799
:10516000F7FA2880E01CE6F7F3FA68806079287186
:10517000A1796971E079A871012032BD70B504464A
:105180000B461546FF220021002000F070F80600B3
:1051900001D1362070BDE3F714F9411EC9B2304683
:1051A000E5F763FD24B1297801F00701017001E002
:1051B00000782880002070BD2DE9F04104460D469E
:1051C0001646E2F75DFE00F019F80827804630B970
:1051D000324629462046BDE8F04107F0B1BEE3F76C
:1051E000D8F8012D02D187797F00083707EB4607F1
:1051F000F9B24046BDE8F041E5F78FBD02462346CF
:105200000121002033E02DE9FC410D4604461646FD
:105210006946FFF791FFA0B1012E0CBF9DF80680F3
:105220009DF80580002700E07F1CF8B2404508DAB1
:10523000FAB231462046FFF7BFFF8542F4D1012084
:1052400000E00020BDE8F681F8B504460D460026D2
:105250000027FAB229462046FFF7D5FF20B97F1C68
:10526000F8B20228F5DB00E001263046F2BD2DE958
:10527000F04781460C461C4E154698460021B01C4E
:105280000027E9F75BF804E07F1C5146B01CE9F702
:10529000A9F85FEA000A1BD05FEA090011BFF8B263
:1052A00000215046E5F7F0FC4045EDD15046E3F7CC
:1052B00088F8411EC9B25046E5F7E6FC0CB1C107BB
:1052C00006D5FF2D1ABFC0F341008542504600D0DD
:1052D0000020BDE8F0870449087849780818C0B272
:1052E000704700003A580020385800202DE9F0415E
:1052F00086B017463C7A054688461E460CB1F12C0E
:105300000DDB82208DF804009DF804301FA2414679
:105310002846E5F788FB012006B0BDE8F0810E21A4
:1053200002A8DAF7E3F88DF80940B87A797A01EB48
:105330000021ADF80A10F87A012810D0032818BF10
:10534000832820D103280CBF012002208DF80800FB
:10535000082200F01DF8397D8DF80C1005E00321BE
:105360008DF80810022200F013F8212E0CBF012244
:10537000002201A800900DF10503394602A8EDF7BF
:1053800019FA0028C0D10020C6E700003100000053
:1053900007F10C010DF10D00DDF71CBE2DE9F04FFA
:1053A00000258FB0A94606468A4693461C78C84613
:1053B000CDF80480009400235FF000023FA101209B
:1053C000E5F728FDADF80800002873D0ADF80260BD
:1053D00009AFCDF804A0ADF800B000260DE0641EC2
:1053E00009E00123524609A902A8E3F72DF9002894
:1053F00060D109F101096D1C761CF3F7AEFDF1B225
:10540000814240D207AA03A9F0B2EDF7C8F99DF88E
:105410000C000028F0D0E0B20028E0D15FEA0800DC
:10542000E9D1082207A909A8DDF7D4FD9DF80D00F0
:105430003872BDF80E007872000AB8729DF80C0040
:10544000032804D10121F9724FF00E0A06E003206F
:10545000F8729DF810004FF0150A387508220DF10A
:1054600011010CA8DDF7B6FDBDF80200F0F7B6FD9E
:105470008346BDF80800E2F7A4FF50448345B0DA44
:105480004FF00108B7E7BDF80800BDF80060019CC7
:10549000EAB20221E5F70FFCBDF808005FFA89F2D5
:1054A0000421E5F708FCBDF808300022214630460B
:1054B000E5F7B9FA01200FB0BDE8F08F3131313195
:1054C0000000000010B5DFF8504304F10800E2F7D7
:1054D000D2FD04F10A00E2F7CEFD04F10C00BDE8B4
:1054E0001040E2F7C8BD00002DE9F84F86B00E4627
:1054F00015469A46119F4FF00008002438B117F85E
:10550000010B18B100F1FF04A406240E804600F040
:1055100096F80595C00EADF81060109D1BD100F0F7
:105520008EF8C04901EA000938190679DFF8E8B2B7
:105530009BF8000098B9FF2E22D138193919C0798B
:105540008B794A4603EB00213B19587907B0BDE837
:10555000F04FEAF722BC1C2801DB00F070F865B9B7
:10556000002003900290019000900599BDF8100072
:105570005FF08003AFA2E5F756FA07B0BDE8F08F01
:10558000A94801788A0709D4BDF8100000210090CD
:105590000020EAF7DAFB00998142E0D1FE2E30D1FB
:1055A00001200025484505D06D1C4000E9B22029A6
:1055B000F8DBFF259D4E3078FF281CBFE9B28842FA
:1055C000DBD1E8B2FF28D8D00020EBF77CFCE9B2B1
:1055D0008142D2D00020EBF7A0FC0028CDD03819B2
:1055E00044799BF800000028C7D100F059F84FF427
:1055F0001051301DE4F749F98BF800508BF8014049
:10560000BBE7052ED8BFB8F1010FA8DCB9F1000F38
:10561000A5D02800A3D179790800AED0BBF8080046
:1056200020B90829C8BF08218BF8031000960599F6
:10563000BDF8100052464B4600F042F89DE739464F
:105640000120E6F79EB838B5734C208984B098B92C
:1056500000234FF4A07248F2380101A8E5F7DAF907
:1056600000210020EAF771FB002100916D4B002220
:1056700001A900F025F811E0E6F75FF8001DE6F754
:1056800067F80546208901A9E5F729FE002022894F
:105690000090002301A92846E4F7D0FD05B030BDF5
:1056A0005D490020C870088900220A7100B10A8192
:1056B000488900B14A81704757494881C3E70000D3
:1056C0002DE9F84F84B08046534D28898946DFF88C
:1056D0005CA128B9100003D0E5F7FEFA288164E048
:1056E0006C891F46002C67D02046E2F76AFEC6058B
:1056F0002046E2F74EFE360E044602964848474AD8
:10570000018813880191002200933B4649A10120A2
:10571000E5F780FBADF80C0000283FD00027012002
:1057200000E07F1CF9B2B14208DA0123012204EB48
:10573000410103A8E2F788FF0028F2D070BBBDF852
:105740000C4020002AD0A878E8B1E2F73CF90146E5
:105750002046E5F799FA07460A212046E5F794FA2C
:105760008346002609E006F10B01C9B22046E5F7A1
:105770008BFAB842B8BFFE26761CF0B25845F2DB71
:10578000F6B2FF2E05D14946404623460022E5F7F2
:105790004AF9002021490880214B188000206881A7
:1057A000E978481EE870C0B2A8B14FF4FA610AF176
:1057B0000400E4F76AF810E0287920B9F8F7C6F891
:1057C00008B9012028710E9A39460520F7F772F8BA
:1057D00008B9287101E0FFF763FF05B0BDE8F08F5D
:1057E0001CB569460020EAF7B0FA01460A4C207859
:1057F00050B1009A6078EAF7D0FA2078EAF724F9F5
:1058000000202070E07003E0E07808B1FFF71BFF94
:105810000748E4F78DF813BD2A5800208A47002076
:105820008257002000F8FF07443200202415002092
:105830002815002031343232310000000F2070472B
:1058400070B504460D461646D6F738F92168A943C7
:1058500035400D432560BDE87040D6F733B930229E
:10586000504310B501231E4C04E03022504310B5C4
:1058700001231C4C03FA01F12044016110BD704763
:10588000F8B506460F4614001D4605D015B1FFF7C2
:10589000ECFF01E0FFF7E3FF3246302042431249BC
:1058A00088180F21082F05D2BB0004FA03F2994093
:1058B000001D06E007F1F8039B0004FA03F299408B
:1058C0000C30FFF7BDFF4CB9002D3946304602D0F1
:1058D000BDE8F440C9E7BDE8F440C0E7F1BD000011
:1058E00030E0035030D0035030C00350010008D4E2
:1058F000012200F01F018A40DFF8A838400943F870
:105900002020704701000CD4012200F01F018A40C2
:10591000DFF89438400943F82020BFF34F8FBFF3DE
:105920006F8F7047010008D4DFF880084A0950F8EB
:10593000220001F01F01C8405BE20020704700F523
:1059400080500160704700F5005001607047DFF83B
:1059500094090068704710B5D6F7B0F804460E21D8
:105960000320FCF7BBFF40F20120DFF8B819086004
:10597000BFE00146DFF8D42710685268DFF8A83985
:10598000104020EA01011960704701460868096A61
:10599000012200F00700801D02FA00F0C1F30C01A3
:1059A000401A80B27047DFF8E02720B11160DFF8BD
:1059B000A009016070475160116070470020DFF856
:1059C000941908607047DFF88807DFF88C190860C1
:1059D0007047DFF88809016811F0060018BF012040
:1059E0007047DFF8701709680723DFF8742905F09E
:1059F000D6BEDFF87009006810F1010F0CBF01215D
:105A00000021800F00F0010008437047F8B5DFF86F
:105A100050472369D4E90267012565711A40304077
:105A20003940FAF786FE00226271F1BDF8B5D6F76B
:105A300045F8DFF82C47D4E90223E178DFF84C572A
:105A4000DFF84469002908BF12F4843F19BF102110
:105A5000296010273760E17809B9D10502D52022E5
:105A60002A6001E020213160BDE8F240D6F72AB873
:105A7000DFF8EC1600220A71C87800281CBFCA7033
:105A8000FFF7D4BF7047F8B504460D4621681646A7
:105A900081EA060020EA030739402046FFF753FF5A
:105AA0002F6006EA07012046BDE8F44047E710B53D
:105AB000D6F704F804461E20FFF724FF1F20FFF747
:105AC00021FF2020FFF71EFF2120FFF71BFF2220D0
:105AD000FFF718FF1D20FFF715FF2320FFF712FF28
:105AE0002420FFF70FFF2520FFF70CFF2720FFF7EB
:105AF00009FF2046BDE81040D5F7E4BF10B5D5F743
:105B0000DDFF04461E20FFF7F1FE1F20FFF7EEFE2B
:105B10002120FFF7EBFE2220FFF7E8FE1D20FFF714
:105B2000E5FE2320FFF7E2FE2420FFF7DFFE25201D
:105B3000FFF7DCFE2720FFF7D9FEDAE72DE9F84F63
:105B40000A9D0B9ECF4302EA00042E400B96C643EB
:105B500003EA0108DFF858B6DFF858A6DFF8009628
:105B6000002D4ED100296FD1002800F02E81012890
:105B700032D0042808D0B0F5007F1CBFB0F5806F8C
:105B8000B0F5C06F0BD05FE0D5F798FF00F01FF9BC
:105B90000ABF002C012000204FF4806119E0D5F7E6
:105BA0008DFF0546D9E90201304040EA0402394040
:105BB00041EA0803DFF82C47216891F82901002801
:105BC0001CBF12F4C0600120C9E902234FF48071A8
:105BD000C0B2FFF7E8FE32E0D5F770FF00F0F7F84B
:105BE00008BF002C06D00120CAF800000121DFF810
:105BF000F8261EE00120CAF804000121CAF80010AE
:105C00001DE0002904BF0028012D1DD1D5F756FF46
:105C10000546D9F810100B98490840EA41010B9845
:105C2000C9F810104FF4806128B1CBF80010DFF8EC
:105C3000FC26116003E0CBF80C10CBF800102846CE
:105C4000BDE8F24FD5F73EBFFFF731FFD9E90201BA
:105C5000D9F81020304004430B98394022EA05055A
:105C600041EA08080543C9F81050C9E90248FFF79E
:105C7000DDFE4FF4004214F02A4F18BF48F2020232
:105C8000A80748BF42F400520023DFF80017DFF8EE
:105C90000007FFF7F8FE0022600348BF4FF4805270
:105CA000200348BF42F48072E00648BF42F400522D
:105CB000A00648BF42F40072600648BF42F480620A
:105CC000200648BF42F400624FF08053DFF8C4164C
:105CD000DFF8C406FFF7D7FE0026DFF8C07618F419
:105CE000007104D001204FF48026387008E00023B2
:105CF0000022DFF8AC16DFF8AC06FFF7C4FE3E70FA
:105D0000E10448BF46F48036A00348BF46F480163D
:105D1000A00748BF46F40016A00206D5FFF717FEFD
:105D200007F011F908B946F40026E00248BF46F42E
:105D3000003618F0100118BF46F4800601233246E1
:105D4000DFF8E415DFF86006FFF79DFEDFF85C265C
:105D5000E80748BFDFF8582618F0040118BF42F0E2
:105D6000006200235946DFF84C06FFF78CFE002244
:105D7000E10748BF012200235146DFF83C06FFF748
:105D800082FEDFF83826200248BFDFF8342660079D
:105D900048BF42F48062DFF84C150B6893F8290184
:105DA00000281CBF14F4C06F42F48072280748BF5B
:105DB00042F000424FF4A023DFF8CC13DFF80406D2
:105DC000FFF761FEBDE8F14F98E6BDE8F18F0546AB
:105DD000D9E9020130402043394041EA0801C9E9CC
:105DE0000201B8F1000F7047DFF87423D2E9020115
:105DF000C80800F001007047DFF86403007AF8E794
:105E0000DFF85C23D2E90201C80BF2E710B50446C3
:105E1000FCF78EFBFFF74BFE04F1800003F01AFC49
:105E2000FCF735FC04F026FA04F088FA05F0DEFBF6
:105E300004F1D800FFF7D5FD4FF08071002004F089
:105E40008EFB4FF00070DFF8801508604FF40011F2
:105E5000012004F084FB04F0E9F920B940F221327A
:105E60001421FCF769FA04F02DF90120BDE8104077
:105E7000F4F7D3BC8020DFF8541508600822DFF85F
:105E800050351A60DFF84C05016821F020010160EF
:105E9000704710B5D5F712FE04468020DFF82C15A8
:105EA00008600822DFF828351A60DFF82805016845
:105EB000DFF82435DFF8242521F0200101600120DE
:105EC00010605A6801210020904712E670B505461F
:105ED0000026DFF81445A05D40F25E42401E80417E
:105EE000C00F3E21FCF728FA28000DD0DFF8900BF8
:105EF00000EB860001684FF4406200F50050890A0B
:105F000001F00301A1550260761C022EE3D370BD9F
:105F100038B50024DFF8D054295D41B10022DFF804
:105F2000603B2A55890203EB8400FFF708FD641CDF
:105F3000022CF1D331BD70B5DFF8A044656BDFF8FA
:105F4000AC64A820F063102131609948DFF8A014F8
:105F5000C1600160FFF7DCFF8149087810B90320B8
:105F600004F016FA0020DFF8EC13086000F0FAF8ED
:105F7000DFF880148A6ADFF88004042302408A6212
:105F8000F36300200860A90607D5DFF87C0B0268E0
:105F9000B2F5817F24BF80202060BDE87040FCF70F
:105FA000D1B810B5084320D0DFF8344451B9206887
:105FB000000E00F00F00022817DADFF8200A006850
:105FC000C10712D4FFF7C7FC0020FCF779FD0328B6
:105FD00018BF092805D1E069C107F5D4E06BC103FA
:105FE000F2D400F0BFF800F006F84FF4C062DFF81A
:105FF000600B026010BDDFF84C0A01210160022233
:1060000042610420DFF8C813086070472DE9F047AB
:10601000804689469246DFF8C873B86B5FEA0A018A
:1060200005D110F0A000054602D0012500E00025B2
:10603000FCF788F8DFF8B443A020E063032004F005
:10604000A7F900F089F8FFF713FDDFF81063404867
:1060500030660021716600F085F8DFF87813086873
:10606000FF224FF4807340F02000086022607B60C4
:106070000A6BDFF88403042302400A63E363002011
:106080008860316811F0060F03D004F017FB00F0B0
:1060900063F84DB14FF40060DFF8301308604FF43F
:1060A0000042DFF80C3A1A60DFF8085AB8F1000F26
:1060B0000AD02868010758BFFFF74DFC00F068F8C8
:1060C00000F04AF8FFF724FFB868C0073CD53868ED
:1060D000000E10F00F0FFAD1DFF8580AE063DFF876
:1060E000580A0168B9F1000F21F0F00101601CBFEE
:1060F000504600F075FCFFF77CFC08B10120E06021
:10610000BAF1000F20D0286AA049DFF8483A0860A9
:106110007A69A14852085200626101689D4A116083
:106120001868DFF8341AA74A086013681648A249AD
:1061300003600A681F4BDFF8900A1A60DFF8D41A70
:1061400008604FF60842E263BDE8F0871C0002B821
:1061500000000101FC4F00B0042004F019B9000058
:106160002823002038B5DFF8B04A2068974D05E0B5
:106170000422974B1A60022004F0A7FA0421296038
:1061800020684103F4D431BD142100BA501002B884
:1061900080B503210920FCF7A1FB20218F48016075
:1061A00001BD000000E100E080E100E000E200E06D
:1061B00064E001B848E000B8F8B50546DFF85C2AAD
:1061C000505DDFF85C4ADFF84C6A4FF4006708B3B3
:1061D000032D08BF3760401E5055C0B240B9DFF8EC
:1061E000441A032D11D1207840F6014210B10A6003
:1061F00000202DE0DFF8300A016A11F4A05F0EBF25
:1062000002624FF480710160F2E7042DF0D175480D
:106210000860EDE7284604F0BBF8032D25D1FFF711
:10622000D8FB10B941F61F7030613760FFF7D1FB22
:1062300008B9FFF7C3FBDFF8F4090288130510D58E
:106240004FF2FF710A400280207818B14FF40040ED
:106250000021F4BD04F032FAFFF76DFE002020218A
:10626000F4BD20784FF40050F2E7022D08BF012062
:10627000EED0042DBCD1032004F08AF8FFF7A3FB75
:10628000D5F71CFC05466846FCF71AFC0646607804
:1062900008B1FFF760FB032E0CD10020FCF710FCC7
:1062A000032807D1DFF888090168CA07F5D4006A16
:1062B000C103F2D49DF80000032802D000F089FB4E
:1062C00004D00120207100F011F891E7FFF7D0FB16
:1062D00000F00CF800F07AFB032090474FF4804068
:1062E000B6E70000885400204CD000B82846D5F707
:1062F000E9BB10B5DFF83C09426A816A1140284ABF
:1063000011F0404F0BD04FF040435360DFF8284965
:10631000046013604FF48020DFF8203918601160AA
:1063200010BD00002C4000B81C2002B870D001B88D
:10633000DFF80C090068DFF80C190A68130104D4AF
:10634000DFF804190A68130401D500F5807070475E
:10635000181100BA78C001B874C001B814C001B8EF
:10636000A43F00B04C81E00F80B5FFF7F0FA007C4D
:10637000C00903D10320DFF8D41808600020BDE86D
:106380000240FAF7ECBC0000502002B8686000B888
:106390006C4000B8086001B80C4001B8883F00B0FC
:1063A000A0600050A4400050200002B80418000370
:1063B000041C000370C001B84CC000B8090A0A09E7
:1063C0000D0A0A09180100BA00D101B8441002B838
:1063D000442002B8BC3E00B098140020100002B85F
:1063E0000C0002B80000010D3C580020082002B843
:1063F00010000020C43E00B0DF0000FF2DE9FE4F7A
:10640000DFF84C084069DFF848188F69DFF8441856
:106410000A460740DFF8400807600C685068DFF85C
:106420003C1804400C60DFF83808016845686FF4D8
:1064300077000D40DFF82C180D60FFF79AFA8346BD
:10644000DFF824180868C0F3C00018B92320FFF74C
:1064500069FA00B3D5F732FBDFF810180A6812F0BA
:10646000060818BF4FF001080E6D0A46D16DDFF81F
:106470000038DFF8A0270E4033401360710705D5C0
:10648000DFF8F027137811465B1C0B70D5F71AFB69
:106490008DF8008003E000218DF8001000264FF0F9
:1064A0000008C246C146002F6CD038044BD5D5F742
:1064B00005FB0290FFF73CFF8246DFF8BC170A6835
:1064C0000192002011460968019A12688A421CBF95
:1064D000401C1146C2B2022AF6D3D046FFF728FF6D
:1064E0008246D045E9D10298D5F7ECFADFF83007BB
:1064F000C0F814A0DFF88417D1F8388018F4E058F9
:106500000DD1DFF87C071AEA000F08BFFFF713FD73
:1065100000F05CFA01204FF08078904712E0FFF71E
:106520000AFDDFF86007C0F83C805FEAC84148BF59
:106530004FF0804806D45FEA48504CBF4FF0806867
:106540004FF08058CA46B80718D5DFF83017886B67
:10655000DFF8301710F46040C86308BF4FF00070D8
:106560000AD0010448BF4FF0004005D480044CBF5E
:106570004FF000604FF0005048EA0008B80448BFF0
:106580004FF00209DFF80007DFF80077044246D039
:1065900014F4206F09D040F6D502062100F0B6FAB7
:1065A000002000F01DFA24F48024E00507D5FF2127
:1065B000DFF8D006016048F4C068FFF7CCF914F0AA
:1065C000090F08D040F6EA02082100F09FFAFFF711
:1065D000DFFD0120786014F0106F0BD040F6F3025D
:1065E000092100F093FAFFF7D3FD002200210020DB
:1065F00003F02CF914F4202F09D040F6FB020721F8
:1066000000F084FA002000F0EBF924F48024E00389
:1066100048BF03F03DFA002C48BF49F00809600765
:106620000DD539684FF400508A0405D5DFF860169F
:10663000086048F4000802E0DFF8582610606005A2
:1066400048BF48F00408DFF8D87560036CD503F044
:10665000EFF9401E062805D8DFE800F00A0D0A1001
:106660001316160040F62C12032100F04FFA11E029
:1066700048F480380EE048F400680BE048F4806885
:1066800008E048F4807805E000F0A0F9022048F026
:1066900008089047DFF80006FFF777F9082810D3BD
:1066A000DFF8D805816B48020BD4DFF8F005FFF75F
:1066B0006CF90146DFF89805006800B108208142B6
:1066C00001D248F40078F87870B300F082F92BD149
:1066D000387990B9F10410D4B87870B14FEA0862F3
:1066E000DFF85C15D20E086802F0010282F00102A8
:1066F0005200D04010F0030F16D1FFF72DFDDFF848
:10670000CC04DFF868150866FFF7B2F9B87838B935
:10671000D7E90201DFF8883500EA08021A4201D100
:1067200048F4804826F4805605B3E80448BF48F48E
:106730008028E80548BF48F40028A80448BF48F06E
:106740001008A80548BF48F02008680548BF48F071
:106750004008280548BF48F08008E80006D5FFF744
:10676000F6F800214AF4805AFBF774FDBBF1000FE4
:1067700047D05FEA4B3048BF4AF4007A5FEACB303B
:1067800005D500F023F9032048F4805890475FEACC
:10679000CB2048BF48F400385FEA8B2048BF48F060
:1067A00002085FEA8B3048BF48F480185FEA4B204C
:1067B00048BF4AF0100A5FEA0B3022D5DFF8B41464
:1067C00091F8570010F0C00F1BD0DFF8B00400683C
:1067D000000E00F00F00032818BF07280AD1DFF8C9
:1067E0009C04C16BCA0605D4006C010758BF48F46D
:1067F000001806D54FF40020DFF8881448612BF408
:10680000002B002E00F0C880300506D50320FFF7CE
:10681000D3FC48EA00084AEA010ADFF8F853B0005E
:1068200008D52E20F4F7B7F84FF00050E8604AF092
:10683000080A2860F00606D52B20F4F7ACF81020E3
:10684000E8601021296016F0306F07D1F10440F1A3
:1068500093809DF80000002800F08E80300121D543
:106860002920F4F798F8D7E902014AF0040A11F058
:10687000080317D0DFF82C0428600146DFF828242D
:106880001160DFF8F833186841040BD5DFF8140401
:10689000E86028602020F4F77EF82D204AF0080AEE
:1068A000F4F779F84AF00201CDE90081DFF8C4730A
:1068B000B00113D5FFF750FC2720F4F76CF8FFF771
:1068C0003AFB4FF000702860DFF874130A78500626
:1068D00039D40221DFF8AC2311603CE0F00116D579
:1068E000FFF73AFC2820F4F756F8DFF88013486EDB
:1068F00010B9FFF720FB01E000204866DFF8A40391
:10690000E86028604AF0010AFFF72EFD30E0F0044D
:106910002ED5FFF721FCDFF85453AC48286603F06E
:10692000CDFE286D10F0407F22D12A20F4F733F8F5
:10693000FFF701FBC24801784A0604D40220DFF8C1
:106940004413086007E097F85700810603D402203B
:10695000DFF858231060DDE9008AFFF705FDDFF856
:106960005003056825B1FEF7F2FF00220121A84778
:106970000020BE49486408E0F00406D50420FFF773
:106980001BFC48EA00084AEA010A700504D5022007
:10699000FFF712FC40EA09094A4640465146FFF714
:1069A00035F8600348BF03F068F824F0FB34AB48C7
:1069B00004604FF00041BF4A11605FEA0B3003D51D
:1069C0004FF40021AF4A5161BDE8F78FBA490A6818
:1069D0007047A049086810F4A02F704740C002B863
:1069E00038B50446D5F76AF8054602F04DFF14B1F4
:1069F000FFF73EF80CE08A49087948B1487938B980
:106A0000FFF736F800224FF480400021FEF7FEFF2A
:106A10002846BDE83240D5F755B8EFE4EEE4EDE4A2
:106A2000ECE480B54FF47F00FEF7A3FFC00708D564
:106A300092490868BDE80240000E00F00F0006F021
:106A400085BA01BD141002B8D8E49C4801684068BA
:106A50009B4A01401160CB0700D4704780B5704855
:106A6000007A40F67532122100F00100FBF764FC59
:106A7000002201200021BDE80840FEF7C7BF00004A
:106A8000084100B880B508E02620FEF74BFF20B192
:106A900000F012F840208B4908608B48C168CA0793
:106AA000F2D40168C06801402B48016001BD0000BC
:106AB000685000B84C4000B870B5844C206C656CD0
:106AC000834E054025F002003060EB0704D52168B5
:106AD00040F6D33200F01AF8A80714D5022131602D
:106AE0006068734A1468C0B26CB1042804D1FEF720
:106AF0002EFF0022012105E0052804D1FEF727FF23
:106B000000220021A04770BD783F00B00020FBF7B5
:106B100013BC70B50C461546D4F7D0FF6D490E680E
:106B2000254026EA040215430D60D4F7CBFF04EAA2
:106B3000060070BD10003000683F00B06548026874
:106B40000A408A4201D101207047002070470000AE
:106B5000586001B8848001B878A001B82DE9F041EF
:106B60001E46CBB2022B3EBF1746D2B2022A0AD231
:106B7000079DDDF81880A8453EBF092DF2B2042A12
:106B800001D2089C0CB901201BE0CAB2F3B200216B
:106B9000FBF7EAF9504A3F06404602EBD741F600C0
:106BA0000CE051F82020FF23B3409A43A0EB0803E8
:106BB000E75CB7403A4341F82020401CA842F0DB94
:106BC0000020BDE8F08100005000002F000001010E
:106BD00030B540480168414A4FF48013404C414D64
:106BE000C80748BF28790DD4080606D54FF0807035
:106BF000206013603C490B6030BDE87828B1C806BE
:106C000003D5287840F08070F2E7536000202060C0
:106C1000136030BD64E001B8440002B8D8560020CB
:106C20002823002074D001B858C001B8623E00B0DB
:106C3000280002B87C4000500000FF011C1002B880
:106C4000EC3E00B0480002B8684000B8506201B89D
:106C5000544000B8140100BA686000B8142100BAAA
:106C6000084001B8086001B804E300E014C001B8AE
:106C7000FFF7FFFD653E00B0141600200C0002B8BF
:106C800020FFFF00082002B8090B0B89300000BA72
:106C9000302000BA301000BA8C0000BA4C0000BAA4
:106CA000088D01001000002070D001B8081002B853
:106CB0008857002080E200E0F416002048C000B8A9
:106CC00048E000B884E200E0788001B80080095014
:106CD00040A00950BC3E00B0F43E00B0B46000B823
:106CE000D04000B8443F00B0B85000B805F082B9B9
:106CF00070B504460D461646D4F7E0FE2168A94358
:106D000035400D432560BDE87040D4F7DBBEDFF8A9
:106D100078140868C0F300100028FAD10868C0F39E
:106D20008110704701460020DFF82425002918BF94
:106D3000B1F5C07F0CD0B1F5007F0DD0B1F5207F4B
:106D40000ED0B1F5607F04BF1069C0F301100AE0F6
:106D50001068C0F3033006E0106AC0F3046002E07C
:106D60001068C0F38020401C70470023420908D0FF
:106D7000012A08BFDFF8DC3403D0022A08BFDFF89D
:106D8000E43400F01F00002914BF03F5805303F51D
:106D90000053012101FA00F0186070471CB5002271
:106DA000002300920193DFF8A84400286BD020381C
:106DB00069D0401E70D0401E65D0401E6CD0401E71
:106DC000042840F28980401F66D0401E3ED0401EFD
:106DD0006BD0401E3CD0401E3CD0401E65D0401EB3
:106DE000022884BF0B38022856D9C01E36D0401E58
:106DF00032D0401E50D00E386ED0401E022842D9EC
:106E0000C01E2FD0401E01284FD9801E2ED0401EFC
:106E10002ED0401E65D0401E68D0801F2ED0401E50
:106E200031D022382CD080386AD080382BD08038AE
:106E30002CD0803830D0803837D080383FD0803860
:106E40004AD04FF48072801A4BD0803853D08038AB
:106E50005BD080385CD0803864D0803876D04FF4F6
:106E6000C072801A59D04FF48072801A5FD0803877
:106E700067D04FF4C072801A38D080385CD069E097
:106E800005F0A7F826E005F0B5F823E005F0A1F835
:106E9000216AC1F3046104E005F0ACF82168C1F394
:106EA0008021491CB0FBF1F014E005F0A3F8216843
:106EB000C1F38021491CB0FBF1F040080AE0002139
:106EC00001A800F0B9FC4FF46070FFF72BFF0199A7
:106ED000B1FBF0F000903DE00021684600F0D0FCEE
:106EE00038E00021684600F0DDFB33E00021684611
:106EF00000F002FC2EE00021684600F0A9FD29E028
:106F00000021684600F04EFE24E000F025F821E064
:106F10000021684600F0FAFD1CE00021684600F000
:106F20001DFE17E00021684600F0CCFD12E00021B4
:106F3000684600F009FC0DE00021684600F028FCDE
:106F400008E00021684600F04DFC03E0002168469F
:106F500000F0DEFC009816BD0021684600F0BABCC7
:106F60000000000080B500210091242818BF2528CA
:106F70006CD026281CBF2728282867D02A2860D054
:106F80002C286DD02D2829D03D286ED03E2828D021
:106F90004D285BD051282ED054282FD0552831D0E1
:106FA000562811D0572831D05D2832D0802832D0D1
:106FB000B0F5807F4FD0B0F5607F00F08180B0F5F4
:106FC000806F43D0B0F5A06F00F07F80B0F5B06F58
:106FD00037D0B0F5C06F43D0B0F5D06F4AD0B0F520
:106FE000E06F00F07C80B0F5F06F3ED0B0F5086F38
:106FF0004AD0B0F5106F42D0B0F5206F00F0748029
:10700000B0F5286F00F07A80B0F5406F62D0B0F52F
:10701000486F6ED076E0DFF83802016801F00701B2
:10702000491E03296ED8DFE801F009020406052293
:1070300002E0032103E00822009263E002210091B4
:1070400060E06946002000F003FD5BE06946002037
:1070500000F016FC56E06946002000F0A3FD51E068
:107060006946002000F036FC4CE06946002000F044
:107070004FFC47E06946002000F048FD42E06946C9
:10708000002000F06BFD3DE0DFF87004016801F0C6
:107090000301032911D8DFE801F0020C08040120E4
:1070A0000CE004F0C4FF082008E004F0FDFF092014
:1070B00004E004F0AEFF032000E00020009021E097
:1070C0006946002000F0B8FB1CE06946002000F093
:1070D000E9FA17E06946002000F00EFB12E069466D
:1070E000002000F0EFFC0DE06946002000F02CFBD2
:1070F00008E06946002000F04BFB03E069460020F1
:1071000000F070FB009802BD80B50121022004F060
:10711000EEFD00F0F3FC00F0BBFC00F001F801BD57
:107120004FF48030DFF85C140860704738B50446CF
:10713000FFF7EDFD0546FFF7D9FD00F020F801212E
:10714000002004F0C2FD0CB100F0AAFCBDE8314003
:1071500000F061BBDFF8FC0001684FF48030DFF81D
:1071600048231060DFF8442313685B085B0013605A
:10717000C9035CBFDFF88024106070470000C5F1D0
:107180000205294600F03EBA8440005070B504461E
:1071900000F014FC0546DFF810634FF4C0203060A7
:1071A000DFF88C060168012906D10122DFF8841678
:1071B0000A6003689907FCD48020FFF7D3FE0528F6
:1071C00006D100F09BFC00F063FC4FF48030F060CF
:1071D000DFF8A82625F04075944206D0DFF8D427C2
:1071E000944208BF45F0807501E045F0007504F059
:1071F000EAFE0646A64203D20121204604F065FDC0
:1072000000F037F80560026805F4F81502F4F8128A
:10721000954203D1204604F0D9FE01E001603446D6
:1072200000F01AF80AD1FFF761FD0546FFF76FFD80
:1072300000F01AF800F034FC00F0EDFAA64205D395
:1072400001210020BDE8704004F03FBD70BD00008A
:1072500070800050648000506548016801F00701AB
:1072600002297047688000500146C1F1020128469A
:10727000C8E1DFF82C09416811F0060FF9D1016867
:1072800070472DE9F04106468020FFF76BFE03288A
:1072900000F0AC804FF4801083490860DFF8A84705
:1072A00045F60E02E264DFF8A4374FF0A0601861E3
:1072B000DFF84C134FF480320A60606AC503FCD4D7
:1072C000606A4500FCD477683068DFF8D0573F0526
:1072D00047EA0067307B47EA0047707B47EA0037A0
:1072E000B07B47EA8017F07B07432F60AF68B07E22
:1072F00007F000470743306947EA8067706947EA4B
:107300000067307E47EA0047707E47EA0027AF609B
:107310002F69F06900280CBF4FF0000C4FF0080CEB
:107320003F094CEA071796F81BC0DFF8948747EA35
:107330008C0707432F61F06906F1210790BBA8690C
:1073400096F820C008EA000040EA4C18387897F810
:1073500003C048EA001040EACC0040F48038C5F889
:107360001880DFF89407D4F824C000EA0C0C844598
:10737000F9D14FF0807CC3F810C02868B66820F4BB
:10738000700040EA065028604FF000451D60787894
:1073900008B9C1F800C0B87818BB0A60606A41003B
:1073A000FCD41EE002280AD1002028600021A96038
:1073B0004FF408524FF47F412046FFF799FCA8692B
:1073C00096F8201008EA000040EA4111787841EA76
:1073D0000060F97840EAC101B87841EA0048C5F890
:1073E0001880387910B1DFF8F017E164BDE8F0815A
:1073F0007080005070B5DFF8E4170C69B0F5807F3D
:1074000001D3212070BD7D4D2B6B7A4ADE0344BF32
:107410004FF4803313604FF080761660DFF8C0279A
:1074200092F900200B68121882F308026FF31723F9
:1074300043EA0243000200F47F40184308602246FA
:10744000314600F029F8286BC10301D500F021F87E
:10745000002070BD70B5DFF884070469674D2A6BA2
:10746000DFF88017D30344BF4FF480320A604FF037
:1074700080730B60026819462846C2F3072622462D
:10748000FFF736FC286BC10301D500F002F8304647
:1074900070BD22464FF480312846FFF729BCDFF843
:1074A000400790F9000070476490005024C00750D6
:1074B00010B5524802684F494FF480330B60046B9B
:1074C00004F00304032CFAD14FF080730B60DFF853
:1074D0002836046B1C409C42FBD101238B62016B5C
:1074E0008B07FCD4016B8B07FCD5016B8B07FCD59C
:1074F000DFF8F416BDE81040FFF7FABB008100503A
:1075000070B54178502928BF4F214FF40002DFF8B1
:10751000DC361A60DFF8D8264FF4D1541462022307
:10752000DFF8D0562B600124DFF8CC663460D368D6
:10753000DC03FCD4037841EA0321116183684168CC
:10754000047B1B0143EA0123417B43EA44030B43D1
:107550005360C47B837B417C240144EA4314037C55
:1075600044EA43040C431460807C10B16FF4D151A1
:10757000116270BDDFF8541208807047DFF83014D4
:10758000088070477090005010B54FF48001DFF80C
:107590005C261160DFF86446022323606168CA0339
:1075A000FCD4012820D104F034FDDFF854168842C1
:1075B00004D1DFF8501645F67A1010E0DFF84816CF
:1075C000884204D1DFF8441645F61A0007E000EBC4
:1075D0008001DFF83C26400A490AB2FBF0F0A162C4
:1075E000E0620120206201E0002121620020206091
:1075F00010BD00002850005A64A000502840005AD6
:107600002860005A0029CCBF01210021A3E110B558
:1076100000219A4CDFF80426A0421FBFDFF89443F4
:10762000A042DFF8FC45A04223D0DFF8F845A04295
:107630001DD0DFF8F445A04217D0DFF8F045A04296
:1076400011D0DFF8EC45A0420BD0DFF8E845A042AE
:1076500005D0DFF8E445A0420CD1116B0AE0D16AF5
:1076600008E0916A06E0116A04E0D16902E09169DC
:1076700000E011684FF40022DFF870357F4C1A608B
:1076800021F04071A04206D0DFF82843A04208BF95
:1076900041F0807101E041F00071DFF87805016090
:1076A00010BD0000DFF8942538B50D46002100918B
:1076B0001368044603F00703042B1AD8DFE803F02D
:1076C0001703080D1200684600F016F8122011E0AA
:1076D00004F0B3FC009007200CE004F0DFFC009005
:1076E0000A2007E004F0E0FC0090092002E00120FD
:1076F00000E0002046E0000038B50C46DFF84015F9
:1077000000F026FA521E052A1CD8DFE802F0030F0B
:10771000170B071304F057FC052114E004F053FC89
:10772000062110E004F089FC07210CE004F071FC54
:10773000032108E004F06DFC042104E004F07AFC6D
:10774000022100E0002194E0DFF8F82438B500F0D1
:107750003FF816D8DFE803F00207100B684600F088
:107760008FF810200EE0FFF7F8FB11200AE004F07C
:1077700064FC0090072005E004F05CFC009002200F
:1077800000E000200CB10099216005B1286031BDF6
:107790005E4A38B500F01CF816D8DFE803F002079F
:1077A000100B684600F06CF810200EE0FFF7D5FBD8
:1077B00011200AE004F041FC0090072005E004F0ED
:1077C00039FC0090022000E00020DBE77C1800205C
:1077D0000D46002100911368044603F007035B1E69
:1077E000032B704738B505460C4600200090DFF8A3
:1077F00028140A6802F00302012A03D0022A08BFF3
:10780000152002E0FFF7A8FB11200DB100992960B7
:1078100004B1206031BD80B504F0DBFB66498842CD
:1078200004D24FF48030DFF82024106001BD000046
:1078300004C0015004E0015038B50C46DFF80C14C8
:107840000A680546002002F00302012A04D00FD383
:10785000032A09D004D30BE004F0BBFB0E2108E09F
:1078600004F0EBFB072104E004F0ADFB062100E08F
:10787000002105B1286004B1216031BD40420F00F4
:1078800038B50C46DFF8C81300F062F9062A1FD895
:10789000DFE802F0140408100C161A0004F093FB41
:1078A000052116E004F0B5FB032112E004F0C5FB4E
:1078B00007210EE004F0BEFB02210AE0012108E0EE
:1078C00004F081FB062104E004F0A3FB042100E0A6
:1078D0000021CEE738B50C46DFF8781300F034F815
:1078E00011D8DFE802F00E02060A04F0D7FB0A21E5
:1078F0000AE004F0D9FB092106E004F0D2FB0C21D8
:1079000002E0012100E00021B3E700009482005072
:1079100038B50C46DFF8401300F016F811D8DFE850
:1079200002F00E02060A04F0B9FB0A210AE004F094
:10793000BBFB092106E004F0B4FB0C2102E00121AD
:1079400000E0002195E700000A680546002002F0EB
:107950000302032A704770B54FF48032DFF8FC321F
:107960001A60DFF8FC422568DFF8F82241F671342E
:10797000936994631468C5F303356D1C1B0C68434D
:1079800003F0010324F440144FF440154FF4801623
:10799000002908BF084901D004DDB34988422CBF43
:1079A000354600252C4314600BB10020906370BD58
:1079B0007E18002080841E00015A620201460020C9
:1079C000AA4BAB4A99421FBFAA4B9942944B99428A
:1079D00021D0A94B994220D0924B99421FD0924B73
:1079E00099421ED0914B99421DD0914B99421CD087
:1079F000904B99421BD0A14B99421AD0A04B99426F
:107A000019D0A04B994218D09F4B994217D09F4B49
:107A1000994216D0704710687047D06870479069D7
:107A20007047D0697047106A7047906A7047D06A93
:107A30007047106B7047506B7047906B7047D06BFE
:107A40007047106C704700003440005A1850005ABC
:107A500038B504460D46002000908D490A6802F0B2
:107A60000302012A04D012D3032A07D00BD30EE05D
:107A700000216846FFF704FF102008E004F0DDFA5B
:107A80000090072003E004F0D5FA0090022079E688
:107A90007348016841F48061016070471040005AEA
:107AA00010B504F0A7FA7B494FF48064884238BFD0
:107AB00000246B48016821F480610C43046010BD10
:107AC000C7FFFEFE38B50C467349FFF73DFF11D8DE
:107AD000DFE802F00E02060A04F0E0FA0A210AE0EA
:107AE00004F0E2FA092106E004F0DBFA0C2102E0DE
:107AF000012100E00021BCE60300010080B504F094
:107B000086FA0021BDE8044025E7000038B50C46A0
:107B1000624900F01DF8042A17D8DFE802F01403C8
:107B2000070B0F0004F0BAFA0A210FE004F0BCFAC8
:107B300009210BE004F0B5FA0C2107E004F05AFA31
:107B4000800A0F2102E0012100E0002191E60000FF
:107B50000A680546002002F00702704738B50C4657
:107B60004F49FFF7F5FF042A17D8DFE802F01403A6
:107B7000070B0F0004F092FA0A210FE004F094FAC8
:107B800009210BE004F08DFA0C2107E004F032FA31
:107B9000800A0F2102E0012100E0002169E60000D7
:107BA000080001503EB504460D46002001903D49B5
:107BB0000A68500705D504F01DFA0D2101900091C7
:107BC00003E0694601A8FFF785FE0CB1019820602B
:107BD0000DB10098286037BDF1A7FFFF1840005A8B
:107BE000BF1800202850005A000001016490005086
:107BF00004000250041002500420025004400250BD
:107C000000F04902D8B80500C0175302BBCF0500E9
:107C1000646666660800005A70820050A080E00F1B
:107C200000093D00405DC6000024F400C0EA2101C7
:107C300080BA8C010048E801005A6202208200509C
:107C4000288100506082005070A000508080005059
:107C500020810050408100506081005068900050A9
:107C60007080005004000350012D310140420F008C
:107C70005880E00F80841E00C0CF6A0080D5430288
:107C8000006CDC02007E56030090D00300B4C404F4
:107C90008081005081F0FA02408200500082005042
:107CA0000882005010E000E0002A14BF00F5805068
:107CB00000F50050012202FA01F101607047002036
:107CC00070470000F8B504460D460026D5F740FD84
:107CD00007461F2C4CD8DFE804F010134B16191C74
:107CE0004B1F224B254B282B4B2E31344B374B3A15
:107CF0004B4B4B4B3D4B404B434604F06AF939E04C
:107D00004FF4C07031E04FF420702EE04FF440701B
:107D10002BE04FF4607028E04FF4007025E04FF442
:107D2000806022E04FF440601FE04FF4C0601CE030
:107D30004FF4F06019E04FF4B06016E04FF4D060FB
:107D400013E04FF4106010E04FF4E0600DE04FF4EA
:107D5000A0600AE04FF4286007E04FF4807004E070
:107D60004FF4206001E04FF44860FFF717F801E09E
:107D70000020212628603846D5F7F0FC3046F2BDB9
:107D800080B50A4670B1006800F03F01C0F382136D
:107D900006481BB9FFF788FF002002BD012B08BF72
:107DA000001DF7D00E2002BD0000000064800050CE
:107DB0002DE9F04385B0DDF838C004469146012036
:107DC0001A46BCF17E0FA8BF382036DADFF8608B88
:107DD000B8F800600C9F0D9BDDF83CE0109D342E40
:107DE00004D0362E0CD0382E16D022E00295CDF8D5
:107DF00004E0CDF800C03A462046EDF716FE18E044
:107E000001930495CDF80CE0CDF808C000943B46F2
:107E10004846EDF77AFE0CE0009201930A4604957D
:107E2000CDF80CE0CDF808C04B4621463846EDF7BA
:107E3000A9FE10B90DB1B97A297005B0BDE8F0837B
:107E400030B585B00A9C099D019304949DF82040AB
:107E500000920395029400234FF6FF72FFF7A8FFEC
:107E600005B030BDF0B585B00E9E0A9C00F016F846
:107E700000931346024609E0F0B50C46114685B062
:107E80000E9E1A4600F00AF80A9B0090039702968D
:107E900001952046FFF78CFF05B0F0BD0B9D0496C1
:107EA0000D9F9DF83060704710B50C460146204686
:107EB000BDE81040F4F78DBE38B5DFF8784A257874
:107EC000202D04D1CC88250401D4022032BD01B07C
:107ED000BDE83040EEF7BAB8EFF7C0BEEFF7C6BE68
:107EE000F1F75CBAF1F7B4B9F1F7AEB92DE9F8439F
:107EF0000C46089E0999914680461D460A9F3246C7
:107F0000EAF735FD3046EAF70FFE401E8041C00F0C
:107F100038704A4621464046EAF7ECFC28B9294623
:107F20002046BDE8F443EAF71DBEBDE8F28338B54C
:107F300004460D46F1F704F8844201D3022032BD15
:107F4000F0F7FCFF00EB8400018829808278AA709A
:107F5000C078E870002032BD38B504460D46F0F711
:107F6000EFFF844201D3022032BDF0F7E7FF2988FA
:107F700000EB84000180AA780021C170827000208B
:107F800032BDDFF755BC38B504460D46DFF7D6FBEA
:107F9000014608222046DBF71DF8DFF7CBFB2880DF
:107FA000BDE83140DFF7CCBBE6F7E8BDE1F724BF21
:107FB000FBF79AB878B5A1B00E4605466946F3F7C7
:107FC000C9FA040004D132466946284605F06DFA24
:107FD000204622B070BD1FB50446207800285BD132
:107FE000012121742170207A0022626060B301288F
:107FF0000CD0022813D008280BD00D280CD0132841
:1080000016D0142817D03D2819D044E0F2F788FF85
:1080100013E0E6F77FFA10E0E2F7ABFD0DE0F2F7D0
:1080200085FF014604F11100E3F798FB022030E0E0
:10803000E6F79FFD01E0E3F7A0F860741FBDDFF8ED
:10804000F808017861741FBD1023072269460120DA
:10805000DFF74BF8BDF8001004F11100E3F77EFBE9
:108060009DF80200E0749DF8030020759DF804005F
:1080700060759DF80500A075BDF8061004F11700A5
:10808000E3F76CFB082202A904F11900DAF7A2FF5A
:10809000102020741FBD22701FBD1CB5044620781F
:1080A00058BB01212170217A606019B102291BD0CF
:1080B0000DD321E0E1686A46C9B2FDF75FF8606060
:1080C00002202074BDF8001004F1110009E0032023
:1080D00020746846F0F706FD6074BDF8001004F1E6
:1080E0001200E3F73BFB13BD01202074E06880B26F
:1080F000F1F763F9607413BD207013BDF8B584B057
:1081000004462078002840F02A816068012121700F
:10811000227A4FF6FF7552B3012A4FD0022A54D06B
:10812000052A18BF062A58D0082A00F01381092A08
:1081300067D00A2A00F087800B2A00F089800C2A79
:1081400000F0C9800F2A00F0D180232A18BF242A0A
:1081500000F0D980252A00F0E780292A00F0EC8081
:10816000342A00F0EB803D2A00F0F080F4E0217C1E
:10817000102967D100F0F5F8ADF8000094F913006C
:108180008DF80200207D8DF80300607D8DF80400DD
:10819000A07D8DF8050004F11700E3F7D9FAADF8DA
:1081A0000600082204F1190102A8DAF713FF1023D0
:1081B000072269460020DEF798FFC5E0207C0128F1
:1081C00040D1607CF2F7AFFEBEE0207C022839D1BE
:1081D00000F0C7F8F2F7ADFEB6E0207C022831D1FE
:1081E00000F0BFF8217AFF22052907BFADF8000093
:1081F000ADF80250ADF80200ADF800508DF8042043
:1082000070E0257CDFF8340701786D088D4219DABB
:108210000026DFF82C7708E004F1110000EB46009F
:10822000E3F796FA27F81600761CAE42F4DB4FF41B
:10823000004627F8156029463846E4F7BFFD0028B8
:1082400060D03E8086E000F08CF8E0F705FB7BE034
:1082500000F087F80546DFF8EC3618784FF6F8722C
:1082600028B9954203DA2846DFF73AFD6CE028008A
:108270002CD095422ADAEFF7DCF938BB694628465C
:10828000DFF7C6FC10B32846EDF73FF9F0B92846F2
:10829000ECF7A1FED0B92846F1F7B6FFB0B92846F1
:1082A000EFF7F4F890B92846FBF7EEFE70B92846D0
:1082B000DFF716FD40F607452B46132267A1032082
:1082C00005F0D8F92846E4F775FC3DE0DFF700FD3E
:1082D000854231D138E0ADF80050ADF80250607CF5
:1082E0008DF804006846F1F7B4F82DE0657C04F1E0
:1082F0001200E3F72DFAADF800006A462946012086
:10830000FCF73CFF2AE0207C042823D104F1110172
:108310000120E3F736FA217A232902D1ECF790FA0B
:108320001CE0DCF7ECFB19E0607C032818BF042894
:1083300010D1E7F741FA07E002200FE0607C00B1BE
:108340000120DFF804160870002007E0607CF4F7D5
:10835000B3FD18B1212001E000212170606005B05B
:10836000F0BD04F11100E3F7F3B910B50446DFF8EE
:10837000C005018856290CBF01200020217811BBBF
:10838000617800226260DFF8AC25032905D108B1CD
:1083900050780FE0207A507013E0022905D108B11F
:1083A000107807E0207A10700BE009290BD118B182
:1083B000E7F752FC207204E0207A00B10120E7F7D1
:1083C00038FC0120207010BD70B504462078D0B96B
:1083D00000212089616001222270617805290AD07C
:1083E000122918D018290FD01F2918D0382919D0D0
:1083F00040291AD01CE0DFF85405DFF85425007836
:108400001178401A208170BDDFF848050178481EB8
:108410008041C00FF6E7DFF840050088F2E7F0F78B
:1084200095FDEFE7DFF83405F7E7F0F7ADFDE9E795
:1084300000220FF2405302E08E4207D0521CD5B208
:108440005E5DFF2EF8D100212170DBE7DFF810051B
:1084500050F825100878D5E70000000042420000DF
:108460000178002900D0704770B50122027043786E
:108470004160052B0CD0122B32D0182B24D0192B95
:1084800006D01F2B27D0382B39D0402B3CD045E0CD
:10849000DFF8BC14DFF8B444097822780589521A51
:1084A000052B0CBF2A462946DFF8B834CEB21D781A
:1084B00056FA82F6B5424ADB88182070C9B2D0B2AB
:1084C000BDE87040F1F7F8BC0089DFF88814401E61
:1084D0008041C00F4EE00089BDE87040F0F733BD29
:1084E000018947F231539942A8BF212130DADFF8E0
:1084F000680401800846BDE87040ECF7CBB90089FC
:10850000DFF85814088070BD01890329A8BF212114
:108510001EDAC8B2BDE87040F0F739BD0FF2544220
:1085200002E09D4207D0491CCCB2155DFF2DF8D169
:108530000021017070BDDFF82814082C01DD342BF8
:1085400015D151F82420018913788B4202D21921C8
:10855000416070BD11704168002904BF4178112944
:1085600009D10089BDE87040C0B2F0F7F9BC0089BC
:1085700051F82410087070BD38B500F02CF86188EF
:10858000A81CE3F7EBF8207928716179A81D6971BF
:10859000E188E3F7E3F8218905F10800E3F7DEF865
:1085A000A07AA87231BD38B500F015F80822A11CD8
:1085B000A81CDAF70FFDA07AA872E17AE972207B95
:1085C0002873617B01206973226905F10E01BDE802
:1085D0003840E3F7C7B804460D4621882846E3F73C
:1085E000BDB878B585B006460D4614461B2100F08F
:1085F000EFF8B0788DF8020031880DF10300E3F751
:10860000ADF80822311D0DF10500DAF7E3FCF07832
:108610008DF80D00317B8DF80E10707B8DF81050A9
:108620008DF811408DF80F00122100F06FF906B09F
:1086300070BD3EB504460D461C2100F0C9F88DF80A
:1086400002402A460DF1030100F073F80721D8E03B
:108650002DE9F8438CB0149D16463788804689462C
:108660001C46009503F0B2FF60BB452103A8E3F769
:1086700075F88DF80E800DF10F014846FFF77CFF6D
:108680000DF11A013046FFF78EFF8DF82C40384669
:10869000F0F793FE8DF8080000B10120019002A8C8
:1086A000009023462A46212103A8FCF761FA0028FE
:1086B0001EBFA0480178212904D1AB48017841F0C0
:1086C000040101700DB0BDE8F0832DE9F04788B0DA
:1086D0000746884691469A46109D119C129E39463F
:1086E0004046FAF71BFD3F2100F0CFF83A4600F074
:1086F0001EF88DF80E8049460DF10F00E3F72EF8B5
:108700000DF111015046FFF737FF294607A8E3F79F
:1087100025F896480178402904BF0024002600F07F
:108720009EF8324600F0EDF808B0BDE8F0870DF194
:108730000A010120E3F716B830B589B004460D46AA
:10874000DFF79EFBDFF79AFB04A92046E4F78FFED4
:10875000232100F03DF8BDF81A108DF802408DF885
:10876000035001A8E2F7FAFF04A802680DF1060120
:108770000A6042689DF818004A600F218DF80E00CB
:1087800000F0C4F809B030BD1CB504467C2100F0EF
:108790001FF800F020F8042100F0B8F813BD7FB5F1
:1087A00000F076F87D2100F013F800F014F80822AC
:1087B000294601A8DAF70EFC8DF80C600D2100F0B7
:1087C000A5F86B48016811B12046F1F77BFB7FBD2E
:1087D0006846E2F7C3BF21460DF10200E2F7BEBFD3
:1087E0003EB504460D468021FFF7F2FF22460DF10B
:1087F0000201FFF79EFF29460DF10600E2F7AEFFEA
:1088000008216846FCF7ACF937BD3EB504460D4675
:10881000C421FFF7DDFF8DF8024029460DF103006A
:10882000E2F79CFF0521ECE72DE9F04188B0064610
:108830000F4690461C460E9D462100F026F88DF806
:108840000A608DF80B7003A94046FFF7ACFE00F0FC
:1088500006F82A4600F055F808B0BDE8F08100207F
:10886000019000908DF81E40234670477FB500F0C0
:108870000FF8982100F009F83246FFF758FF00F092
:1088800029F823462A46062138E002A8E2F766BF07
:1088900004460D4616467047F8B58AB0FFF7F8FF54
:1088A0001F469221FFF7F1FF082221460DF10A0031
:1088B000DAF790FB0DF112012846FFF774FE00F085
:1088C00009F88DF8246033463A461D2100F01AF865
:1088D0000BB0F0BD00200190009070477FB5FFF70E
:1088E000D7FF9321FFF7D1FF2246FFF720FFFFF7C5
:1088F000F1FF8DF80E502B463246072100F002F8AA
:108900007FBD172102A8FCF733B900006846FCF7C9
:1089100027B9EAF72BBC3EB59DF820409DF81C50C6
:1089200002949DF8184001950094FAF734FC3EBD7E
:108930001A580020D618002004130020BB1800206D
:108940009844002042580020D4180020AA18002083
:108950003E5800209B18002070180020841800202A
:1089600020780008AB18002020540020D8180020E0
:10897000245400201102030607082B2C1910131C85
:108980001D20222A2E33343537FF000010B504464F
:10899000207838B900F01DF803D1F0F701FB2081F1
:1089A00010BD207010BD10B50446207880B900F0CD
:1089B00010F80CD1F0F7F4FA2189884202D2212074
:1089C000606010BDC8B2BDE81040F0F7ECBA20708E
:1089D00010BD01212170617860601A297047FCF791
:1089E0001BB800207047704770B586B006460C462D
:1089F0001546592102A8E2F7B1FE31880DF10A00AF
:108A0000E2F7ACFE0822B11C03A8DAF7E3FA317BE7
:108A100002A80173727B8DF8164064064273002031
:108A200001900090230E2A460F2102A8FCF7A0F81F
:108A300006B070BD80B500210020DFF764FD08B9E5
:108A4000192002BD002002BD10B50446DFF716FA5A
:108A5000EBF745FA08B1F2F773FD0C2044433349B4
:108A60000819827981880068BDE8104004F00ABEC8
:108A70000020E9E70120E7E70220E5E70320E3E73C
:108A80001CB50446DFF7FCF90C214843274A002CAB
:108A9000104417BF3F2C0021017A491C0172017A52
:108AA000C27991420FD30021017243216846E2F757
:108AB00055FE22460DF102010120E2F753FE062188
:108AC0006846FCF74DF813BD3EB5044618480278D9
:108AD0000D46312A0ED144216846E2F73FFE214679
:108AE0000DF10200E2F73AFE8DF8045005216846C8
:108AF000FCF736F837BD0C2370B50E4D2E780B4CB5
:108B00005E43A319B0F5004FB8BF042901DB022072
:108B100070BDDA7199710A4698800146186804F0B0
:108B2000B1FDBDE87040EBF7DAB900005814002041
:108B3000D71800201858002011B1012903D004E0F3
:108B40001146E4F7BCBEE4F70DBF2120704710B515
:108B500004462078002804BF607808280ED1144904
:108B60000888562803D1E5F77CFB207202E0207AC2
:108B7000E5F77AFB002060600121217010BD0178CB
:108B8000A1B941782F2908BF0A4902D030290DD157
:108B9000094959B1064A1388522B07BF0978018148
:108BA00002890A70002141600122027070470000B2
:108BB0001A58002069580020B9180020F0B593B069
:108BC00006460F4615461C464C216846D6F78EFCD5
:108BD000B62100F070F80DF10201304600F07EF889
:108BE000D7B900218DF82A10082229460DF12B0053
:108BF000DAF7F0F9287A0DF12A06707269890DA862
:108C0000E2F7ACFDA9890DF13600E2F7A7FDA87BDC
:108C1000B073E97BF17302E001228DF82A200DF197
:108C20003A012046FFF7BFFC4C2100F011F813B0C9
:108C3000F0BD1CB50446B72100F03DF822460DF109
:108C400002010120E2F78EFD062100F001F813BDBC
:108C50006846FBF785BF30B589B004460D46B8219C
:108C600000F029F821880DF10200E2F777FD618814
:108C700001A8E2F773FDA1880DF10600E2F76EFD91
:108C8000E18802A8E2F76AFD21890DF10A00E2F706
:108C900065FD618903A8E2F761FDA1890DF10E0070
:108CA000E2F75CFD04A92846FFF77DFC2221FFF7CF
:108CB000CFFF09B030BD6846E2F750BD18B58BB0A4
:108CC0000446BB21FFF7F7FF0DF10201204600F03B
:108CD00005F82A21FFF7BCFF0CB010BD38B50446DB
:108CE000A2780D46681C2A702188E2F737FD082219
:108CF000211DE81CDAF76EF9E078E872217B297310
:108D0000607B05F10E01687322690120E2F72AFDFC
:108D1000626905F112010120E2F724FD218B05F1C2
:108D20001600E2F71BFD082204F11C0105F11800F2
:108D3000DAF750F9A18C05F12000E2F70FFDE18C84
:108D400005F12200E2F70AFD04F128010A7805F195
:108D5000240002704B7843708A788270C978C170A1
:108D600031BD2DE9F34F93468BB01F989DF87810D5
:108D70001A9A09901C98169C179D189EDDF864A0FD
:108D8000DDF86C80DDF87490089106909DF8301045
:108D90009DF82C0004921F46CDF81C90CDF814804D
:108DA000CDF80CA00296019500945A4604F0AEFC52
:108DB00000284BD1C52102A8E2F7D0FC9DF82C0079
:108DC0009DF830108DF80CB08DF80A008DF80B105E
:108DD000387A8DF80D00387A50B93A680DF10E01E5
:108DE00000F04DF83A680DF1120100F048F807E084
:108DF000022805D1082239460DF10E00DAF7EAF80B
:108E0000797A1A9A8DF817408DF816108DF8185047
:108E10008DF819608DF81AA00DF11B0100F02FF8E4
:108E20001C9A8DF81F8008A900F029F89DF8780099
:108E300000219DF878301F9A8DF82500019100914E
:108E40008DF824901E2102A8FBF792FE0DB0BDE81C
:108E5000F08F3EB504460D4604F05AFC70B9C721A8
:108E60006846E2F77BFC22460DF1020100F007F8AC
:108E70008DF8065007216846FBF772FE37BD0120CA
:108E8000E2F770BCFBF736BF7047704770470020B1
:108E90007047002070472DE9FC41089C05460E46AE
:108EA000174698460094F1F76EFE009443463A4602
:108EB0003146284604F02EFCBDE8F38110B5044687
:108EC000F1F76AFE2046BDE8104004F024BC38B536
:108ED00004460D46F1F762FE29462046BDE83440BF
:108EE00004F01ABC38B504460D46F1F775FE294664
:108EF0002046BDE8344004F010BCF8B504460D46E9
:108F000016461F46F1F764FE334622463946284688
:108F100001B0BDE8F04004F001BC10B50446F1F723
:108F200059FE2046BDE8104004F0F9BB10B50446D8
:108F3000F1F754FE2046BDE8104004F0F1BB704745
:108F4000002070470FB4002004B0704738B50446C5
:108F50000D46F1F710FE29462046BDE8344004F0E6
:108F6000E0BB70B504460D461646F1F706FE3246E4
:108F700029462046BDE8704004F0D4BB10B5044635
:108F8000F1F737FE2046BDE8104004F0CCBB38B501
:108F900004460D46F1F7F3FD29462046BDE834406E
:108FA00004F0C2BB38B504460D46F1F7EAFD294688
:108FB0002046BDE8344004F0B8BB70B504460D4609
:108FC0001646F1F703FE324629462046BDE87040BA
:108FD00004F0ACBBF8B504460D4616461F46F1F743
:108FE000F3FD3B4632462946204601B0BDE8F0403D
:108FF00004F09DBB38B50446207A0D4640B9287A66
:10900000002802BF21682868814217D0002032BDA5
:10901000022804BF287A0228F8D108222046D7F770
:10902000F5FB0028F2D1697A607A884218BFFF28E0
:1090300004D0FF291CBF00280029E7D1012032BD40
:1090400001684FF6F87288B200281CBF02EA0003DC
:1090500093420AD190EA11401CBF02EA00039342F6
:1090600003D109040CBF0720083880B270470E20D6
:1090700070470E207047000070B50C68294B00281F
:109080001C600D685D601CBFD0F8C430002B22D07E
:109090005B6903B3D4B26FF00103002C18BFFF2C3F
:1090A00009D10C6814F1010F08BF0B60D0F8C4405F
:1090B0000D6866693560D4B2012C1CBFD2B2FF2A9C
:1090C00009D14A6812F1010F08BF4B60D0F8C40003
:1090D000496842695160002070BD0000F8B584B055
:1090E00005460C46164668461FA11022D2F75CFCC6
:1090F0000D490F680097496801915CB1F0B20028F2
:1091000012BFFF2800982060F0B2012812BFFF288C
:1091100001986060F2B269462846FFF7ADFF05B0DE
:10912000F0BD0000784201B84882E00F7FB50546E7
:109130000C46684610A11022D2F736FC02F07DFCE6
:1091400000F00BF83CB1010005D1FF2E0CBF0099D7
:109150005DF82610216004B070BD064632466946AF
:109160002846F5F716BF0000FFFFFFFFFFFFFFFFD8
:10917000FFFFFFFFFFFFFFFFFFFFFFFFFFFFFFFFFF
:10918000FFFFFFFFFFFFFFFFF8B50646DFF824549F
:10919000687BDFF8244418B920212046D6F7A6F9C9
:1091A00032784FF2F001FF232A707088DFF80C2428
:1091B000DFF80C64688011602878DFF80814DFF8A5
:1091C0000824E8B937683F031AD4AB72DFF8FC0310
:1091D0004FF0407343603668730309D44FF47F0641
:1091E00006600020DFF8E833186048F2C8076761BE
:1091F0000720106001220A60012169730020F2BD7E
:109200000027DFF8D0C3CCF80070AB720228DDD1A4
:10921000072010600422EEE780B5DFF898130622DD
:10922000D2F7C2FB002002BD10B50446F9F771FA6F
:10923000DFF88C030068210006D100F44020B0F56F
:10924000402F05D1002010BD022CFBD18003F9D4A2
:10925000012010BD10B5DFF868034168DFF8544302
:10926000FF2910D0C1F3031201F00F03C1F3031162
:1092700061720068521E01034EBF03EB0212C2EB83
:1092800002129A1804E00068010354BFB4225A2263
:10929000DFF844130968E07A40B1090E052905D3C7
:1092A000DFF83803016811F1010F01D10FF25430DA
:1092B000E0612272F9F750FA41F66A01B0FBF1F071
:1092C000606110BDBB4918B1022803D1487A7047CC
:1092D000087A7047002070470146FF20002914BF1C
:1092E00002290020704738B5B24C2178FF220C29A2
:1092F00002D1A272FF2032BD0D0014BF022900224C
:1093000011B1022902D003E0237A02E0637A00E07F
:109310000023984288BF1846C3B29A42A8BF10469D
:10932000A37AC2B29A4229D0A072AD48006819BB94
:10933000A3490A6813031FD4A07A00280CBF002198
:10934000411E4FF2F0029D4B1A60C9B20F25B1FBCE
:10935000F5F2531C08B9002104E0C2EB0212891A8D
:10936000491C09019F48026842EA03321143016027
:1093700000689D49086001E000F002F8A07A32BD63
:109380002DE9F84F054695F81001AC6C8DF80000FA
:10939000012C98BF022495480068641EC0F3821017
:1093A00002281CBF0328062801D1012100E000216A
:1093B000DFF820A2DAF800207E4FB869A04204BF8F
:1093C0003B7B8B4202BF9DF80000BB7B984209D1DA
:1093D000E86C38B1904201BF287EFA7B9042B88891
:1093E00000F0BA80BC613878397310B1022802D01D
:1093F00003E0387A02E0787A00E00020DFF8C081EC
:1094000061B17B48042101604FF07F42794B1A60C3
:10941000297E4FF000090906016024E0297E0B46F1
:109420008342C8BF0346002BD8BF002002DD88421C
:10943000A8BF084695F8101111B1022911D10CE00E
:10944000D8F800100A0308D418B1401E0F21B0FB51
:10945000F1F0FA6912F8009005E000F07FF881461B
:1094600001E04FF00009F9F777F940F27121B0FB04
:10947000F1F00F21192244434846B4FBF2FB0022CD
:1094800000F08BF80646BBFA8BF1B6FA86F00F2493
:10949000091A002906DDD1F10F0408BF012401F0EB
:1094A0001F01CE40B3453CBF641E76080022214612
:1094B00009F1010000F071F8801BDFF83CB1800871
:1094C000CBF80C0049EA092044EA041140EA0949B2
:1094D000786941EA042400B1012040F6A4022B215E
:1094E000C0B2F8F729FFFA204643796940F6FF70C9
:1094F000424AB6FBF1F10A264E4341490860146026
:10950000CAF80090D8F8003006F57A76580309D4E6
:10951000DAF80000000C00F0FF00010941EA004108
:10952000CBF85810C5F84C903E6106F5FA6002F091
:10953000A9F8CBF80000CBF8540039694FF47A70E1
:10954000B1FBF0F09DF80010B880B973287E4FF49D
:109550007A71F873B6FBF1F0BDE8F28F80B5154A69
:109560001178B9B9164A11684B030BD4010008BF32
:10957000102005D0411E0F22B1FBF2F10818103067
:10958000C0B202BD40F62A023F210020F8F7D4FE07
:10959000002002BD0007000E02BD40001AB10328E2
:1095A0002CBFC01E002001F01F01884070470149F8
:1095B000C872704758160020E03F00B0C82102B8BA
:1095C000F80702B8FC1302B8FC2302B8302102B835
:1095D000301102B8DC4001B80080E00F5082E00F8B
:1095E00088540020C80102B8FC3F00B04C4001B8CC
:1095F000BC1002B8BC2002B8A43F00B0D85001B8DB
:10960000D86001B8C8C8C8C8C8C8C8C8C8C8C8C809
:10961000DFF8F0150860DFF8F025106070470146AC
:109620000968012001F00701891D88407047012168
:10963000816270472DE9F04104460D4690461F4671
:10964000069EFFF7F4FF2560C4F804803743676285
:10965000BDE8F081024680B5DFF8B00507210023A0
:10966000018043804FF4005000900021DFF8A005F6
:10967000FFF7E0FFF021DFF89C050160A022DFF892
:1096800098351A60BDE80140FEE0F8B506460C4684
:109690001746D2F713FADFF884550121A9622F602B
:1096A0006E602246AA600421DFF8583519604FF039
:1096B0000042DFF86C653260D2F704FA0CB1022088
:1096C000A862F1BD024680B5DFF840050023426084
:1096D000009340F6FF73DFF84C05FFF7ABFF01BDC9
:1096E000F0B581B004462068A768012500F00700A6
:1096F000801D0B468540E068691E874224D1052AFB
:1097000014D2521E032A67D8DFE802F00B080502C4
:1097100013F8010BA06113F8011BA16113F8010BF1
:10972000A06113F8011BA16101B0F0BD13F8010B9A
:10973000121FA06113F8016BA66113F8010BA06161
:1097400013F8016BA661A768D4F804C001EA070604
:10975000D719A81B0D433D40664490421FD2121AF0
:10976000E0B110F0030105D013F8017B491E06F8A3
:10977000017BF9D1800811D013F8011B401E06F8B7
:10978000011B13F8017B06F8017B13F801CB06F8E7
:1097900001CB13F801EB06F801EBEDD166688AB155
:1097A0001878521E30700DD05878521E707009D043
:1097B0009878521EB07005D0D8781B1DF070361DF9
:1097C000521EEDD1D2F77AF9A5600221A16201B053
:1097D000BDE8F040D2F776B901B0F0BD1CB5144633
:1097E00000220092224600F002F8204616BD2DE924
:1097F000FC470546884691469A46FFF710FF044607
:10980000661EB8F1000F18D006EA0A00211A00916E
:109810006F6847F0005739180098484509D202464A
:109820004046D2F7C1F800983946A9EB00024044FF
:1098300001E04A464046D2F7B7F80A9820B109EB52
:109840000A0034430440EC60BDE8F38738B51446A1
:109850000A46DFF8BC5330B101230146AB6228460B
:10986000FFF73EFF0BE041B1E86882423CBF0121B7
:10987000A962AA600220A86201E00121A9620CB1DC
:109880000420A862002032BD38B5D2F717F904468B
:109890000120DFF8981308600022DFF8705300926F
:1098A000072305F110020121DFF88403FFF7C2FE50
:1098B00007202880002169804FF4A020DFF844238E
:1098C0001060DFF8441308600020A860DFF864230C
:1098D000116848020BD5DFF8601308684FF4800266
:1098E000DFF858331A60816BD830F9F7F9F8204661
:1098F000BDE83240D2F7E6B8DFF844030168CA0396
:1099000000D4704780B54FF48030FFF781FEDFF858
:109910003403016801F0FF020265C1F3072101650C
:1099200004210165002202650021016502650165CF
:10993000026501BDF8B504004BD0D2F7BFF8B349BA
:109940004A88054601F11000C2F3C30300EBC307C8
:109950008868032C04D1002838D04408640003E050
:10996000012C14BF022C3C4640080B88B4EB400F7E
:1099700020D1002088602688BC4246F4004626801C
:1099800051D12046083B0832083401F19006B44218
:1099900028BF01F110049EB2082E03DD268816F4BC
:1099A000404FEED1847804F00704042C0CBF01244E
:1099B000002410E001F11000201A02F07F06861B3F
:1099C00048BF8036A3F108008642D4DB2846D2F790
:1099D00079F80320F2BD00889B4E02F0FF02C0F32D
:1099E0000C003060174637641FFA83FCC6F858C075
:1099F0004FF48020834E30604FF00047DFF820C2E4
:109A0000CCF800700B804A80FFF776FF5CB1894884
:109A10000168894A10684FF4800388490B60816BA4
:109A2000D830F9F75DF82846D2F74CF80020F2BD9F
:109A300070B576490A884888844D724E8018C01FD8
:109A4000C00800F00F0001EBC000083200F1100365
:109A500094B22C604FF4802030604FF00044704D81
:109A60002C60987800F00700042803D1784D2C680A
:109A70002603FBD48B600A8070BD10B5634CA068D0
:109A800028B1C10758BFFFF755FF0020A06010BDE7
:109A90004FF480306F490860634A10606E48006878
:109AA000C0F30C00792838BFFFF726BF70472DE9B7
:109AB000F047DFF858A105460C46D1F7FFFFBAF88A
:109AC0000260BAF80070804631460AF11000C1F316
:109AD000C30200EBC2023B46032D0FD1DAF80800A7
:109AE00048B9BD19ED1FED080AF1100005F00F058A
:109AF00000EBC5050AE04008450007E0012D08BF5E
:109B0000154603D0022D04BF1546083B0AF110008C
:109B10002E1A01F07F01711A48BF8031994222DA72
:109B2000002C68D03F4B954208BFDE6807D0A5F1F6
:109B30000802824238BF80321688C6F30C061868C5
:109B4000012200F00700801D02FA00F9186EA9F149
:109B5000010747EA0907C0F30C00814222DA28888E
:109B600010F4404F04D04046D1F7ACFF002046E04F
:109B7000A978C0F30C00801B01F007010740217099
:109B80003FB2062903DB3549086800B1083F38B207
:109B9000C043C00F40F23A420421F8F7CDFB678082
:109BA000E87813E09868801B07403FB228480168B6
:109BB000002F04DC090E01F00F01032901D1082157
:109BC00000E0002121706780006C000A2074DAF840
:109BD0000410A9F10100064016FA87F28919A16064
:109BE000914505D2A9EB0606A680DAF8040001E04B
:109BF000A7800020E0604046D1F764FF2846BDE81A
:109C0000F0870000142100BA181100BA4023002088
:109C1000CC0000BA486000B8485000B80C0000BA48
:109C200080E200E04C0000BA141100BA740000BADF
:109C30008C0000BA440002B888540020442002B8C6
:109C4000140100BA540000BA580000BAB00000BABB
:109C50000C0002B8182100BAAC0000BA544000B899
:109C6000704770B50546154C2068000E00F00F00D7
:109C7000022821D100F09AFC06460AE000F096FC8A
:109C8000801B0F4988428041C00F7F224721F8F78F
:109C900053FBE0694103F1D42846F9F74BF800285B
:109CA0001EBF0849087800281CBF00224A70002007
:109CB0000549087080226260002070BD0C0002B867
:109CC00040420F00D83E00B0843F00B0DFF82824A7
:109CD0004FF0FF33E1FB00230021DFF820048B422B
:109CE00001D8824201D3002070470120704710B58F
:109CF00004460A46DFF80804824208BFDFF804047D
:109D000014D0DFF80404824208BFDFF800040DD04D
:109D1000DFF8FC03824208BFDFF8F80306D000201A
:109D20004FF000710023D2F799FD401CA0FB040105
:109D3000001C41F12001880910BD2DE9F04F80463B
:109D40000E46914681B01C4649463046FFF7BEFF9D
:109D500040B940F23D220E21F8F7EEFA022001B0A0
:109D6000BDE8F08F0094646974B1206804280BD3B7
:109D7000A76A24D1C7F38250042828BF032027F004
:109D8000E07747EA80571AE0DFF88C030468DFF8D1
:109D90008C03DFF88C130F68806A00F00700C7F3AC
:109DA0001407042828BF032047EA8057DFF874030C
:109DB0000068410048BF47F0807747EA496702F0F2
:109DC00028F90546B9F1010F00D11DB9022001B0F3
:109DD000BDE8F08FDFF81493C9F8006029463046DB
:109DE000FFF785FF009A1060C7F31300A5FB000181
:109DF000C00C40EA4130FA0258BF4042C9F80400A2
:109E0000D9F80000D9F804603618C9F80860002CA9
:109E100000F0EA80F80148BF7608009900208860C9
:109E200000994860E06900281EBF98F812000928D0
:109E30000A2800F08480B94DD5F8F400C00232D56C
:109E40000FF21031C7F38150085CD9F804A08006E6
:109E5000C117BAF1000F48BFCAF1000AAAFB008976
:109E60004FEAEA7B27680AFB0199002132460BFB87
:109E7000009918EB560049EB01010023D2F7EEFCE4
:109E80000E2F0CD9A6490B682968D5F8F420DB02FF
:109E900005D4C90603D5920258BFC0F580100099B9
:109EA000C0F313004860E5690021B6FA86F228463F
:109EB000082A28BF370208D206FA02F7C2F10802C0
:109EC00000F0E4FF401C61F1FF31002914BF0020C5
:109ED000B7FBF0F04100491CA5FB0123F70D76020A
:109EE0009F4226D301D8964223D3891CA5FB018922
:109EF000401C4F451DD301D846451AD3891CA5FBEC
:109F00000123401C9F4214D301D8964211D3891CCF
:109F1000A5FB0189401C4F450BD301D8464508D30A
:109F2000891CA5FB0123401C9F42DED828BF964216
:109F3000DBD200040099000940F0006088600099BD
:109F40000020C86000990861206807284CD3206B66
:109F5000002849D002F05DF8216B00F081F805007F
:109F60001CBFA87800281AD0687940F25452401ECD
:109F70008041C043C00F3D21F8F7DEF9287940F257
:109F80005552401E8041C043C00F3D21F8F7D4F91F
:109F900029796879090241EA00110098C16002F04C
:109FA00012F8216B00F05CF804001CBFA0780028B8
:109FB0001AD0607940F26F52401E8041C043C00FFA
:109FC0003D21F8F7B9F920794FF4AE62401E804187
:109FD000C043C00F3D21F8F7AFF92179607909023C
:109FE00041EA001100980161002001B0BDE8F08F46
:109FF00070B586B005460C00474E09D130684A4915
:10A000006B4605900868AA7A69686C46FFF795FE6A
:10A01000226846490A603068D0B16068444A454BBE
:10A0200018B1334E1E6260681062A06818B1314EDC
:10A030001E60A0681060404A9368E06823F4EE63F5
:10A04000034393601368206923F4EE6303431360B2
:10A050002A893A4800230260CB60002006B070BD18
:10A0600070B50A1D002301E008325B1C0C78A34286
:10A0700026D215688542F7D106245079304B084422
:10A0800011791A4A92680D466543054435F8066C05
:10A090005E43B2420ED20588002603E0761C04FB24
:10A0A00006F5455B5D43954238BF8E42F6D3744357
:10A0B000204470BD40F243423D210020F8F73CF9B6
:10A0C000002070BD0320704720480168CA0709D5E9
:10A0D0001F490A684FF48040002A47BF19490860A9
:10A0E000194A10600020704700000000EC56002064
:10A0F000FFFF0F0000F0FF0F006CCA88817C814ACF
:10A1000000F049020A3BB2DFC0175302313641DC8E
:10A11000005A6202D694BFD6FC4F00B0484001B846
:10A12000388001B8EC0002B888540020348001B8AF
:10A130001C5101B81C6101B8900102B8284000B858
:10A1400040420F00502002B8501002B880820050E8
:10A150006480005003040408080500002DE9F34F53
:10A1600083B0BDF81010039800240194D1F718FCB7
:10A1700035490A68D00702D4E7F779FF08B900200B
:10A1800051E03248D0F800A0314E31684FF0605BAA
:10A1900030480291C0F800B04FF000612E4A1160C3
:10A1A0002423336004202D490860DFF8B4804FF485
:10A1B0008049C8F800902B4D4FF4805068621DE034
:10A1C000042713E00198296E4904FCD52968C905C4
:10A1D000F9D5C8F800907268401C02280092F2D3AA
:10A1E000BDF8107001903F1B052FE9DA03983A463D
:10A1F000694620443C19D1F7D7FBA4B2BDF8101032
:10A200008C42DFDB0420184A1060029911480AF0E2
:10A21000605A3160C0F800B00F4AC2F800A0C8F818
:10A220000090BDF8100005B0BDE8F08F0F48006841
:10A230004FF6040281B2914208BF4FF6050080B28A
:10A240000B49086001207047140002B84C4001B867
:10A250008C4000B84C6001B84C5001B8081002B8EE
:10A26000686000B8084000B8082002B84080E00FDD
:10A2700060C001B82DE9F047F8F76EFA4FF47A7232
:10A28000B0FBF2F84FF4FA74DFF8880504FB08F429
:10A290000021DFF8842510EB0420DFF880A551EBC6
:10A2A00014610023D2F7DAFA0600A6F58074CAF822
:10A2B000284004D143222B21F8F73EF801264FF421
:10A2C0007A7272430024002114EB5200DFF85075BB
:10A2D000CAF8007041EB08210023DFF84875D2F777
:10A2E000BDFA04460D463D607C604FEA1629B8F180
:10A2F000000F04D1952200F023FA4FF00108320636
:10A300004B464FF47A70A0FB02690021424600FBE5
:10A31000039916EB580049EB01010023D2F79EFA8E
:10A32000A21C45F10003920842EA8372F860B9600A
:10A33000501ECAF83000BDE8F08700000820DFF8A2
:10A34000E81408600822DFF8E4341A6001200CE009
:10A350000820DFF8D41408600822DFF8D4341A602B
:10A36000BFF34F8FBFF36F8F0420DFF8C81408606E
:10A37000704760B5161A591A824205D2DFF8B854F0
:10A380002B68491E9E19761C01F00301304660BD02
:10A39000DFF8AC1410B5044601EB04130120DFF81C
:10A3A0009C1403F5005318604FF48070A0400860BF
:10A3B000D1F784FBDFF88C140A78012303FA04F444
:10A3C00022EA04040C70BDE81040D1F77BBB2DE9F4
:10A3D000F84F82B004460D469046D1F76FFB824697
:10A3E000B8F1020F00F0A88000F001FA8B46074692
:10A3F00001F090FAB946B8F1010F03D1296841186C
:10A40000491C29602968401AB0F1804F66D38DF845
:10A410000040084601F091FA9DF80060DFF824E45E
:10A420000446B6440B46CDF804E022463846594669
:10A43000FFF79FFF0198DFF8FC7301710199029A01
:10A440000879B8B1D10705D541F61F73DFF8F8C315
:10A45000CCF80030910705D5DFF8F033DFF8E8C31A
:10A46000CCF80030510744BF0023FB66110744BFFE
:10A470000023FB643601DFF8C8138B19DC604FF052
:10A48000110C41F806C07969BD6D4FF48073A1EBE2
:10A490000901A4EB090949459DF80010A441E443D2
:10A4A0008B40E40F1D406D1EDFF898C3AD419CF852
:10A4B00000E001268E4046EA0E0E8CF800E014EA19
:10A4C000D57F39D018B1DFF88803036034E0B8F1E4
:10A4D000000F0AD19DF80000FFF75AFF5046D1F750
:10A4E000F1FA002003B0BDE8F08FDFF864030360E9
:10A4F000D10708D5DFF8501341F61F730B6040F207
:10A50000011404610B60910708D5DFF84033DFF8D0
:10A5100038130B60DFF83C4304610B60500703D530
:10A520000121DFF834331960100705D52120F0F739
:10A5300032FA4FF4803038605046D1F7C3FA012028
:10A5400003B0BDE8F08FBF480178080018BF0120B4
:10A550007047BB490001085800F00100704701F046
:10A56000F07141F00301B64A00011150704770B517
:10A5700006460024F7F734FE10B10124FFF7E8FE89
:10A58000B64D00202860002169600022AA60304694
:10A5900001F0D3F9B24A1170A8602CB1FFF7CEFEDA
:10A5A0004FF08060AF490860002070BD80B500F0BA
:10A5B0001EF909E00001A2490A18D26809584908A1
:10A5C00001F001011046F8E0BDE8044001F0A2B935
:10A5D000F8B50C46069E914D29680746052060F3A4
:10A5E00017512960300008BF002242EA0312079980
:10A5F000089842EA0642B4F5803F42EA016242EA24
:10A6000000228041C00FEA644FF435721821F7F739
:10A6100093FEAC63B6B1BE686F2E38BF6F2692480A
:10A6200001684A0606D5F8F76AF918B18F49B1FBF7
:10A63000F0F08619304601F080F9401C844238BFA2
:10A640000020E863F1BD70B5894E3168894C7B4DBF
:10A65000F1B92020F0F79FF9102187480160FCF73D
:10A66000E0F9102170480160FBF7BEFB40B1002209
:10A6700000200821F6F75DF810222A6010202060E3
:10A680007E490A687E4802F070628242F8D305E093
:10A69000FBF7AAFB10B17B48286020607A48306342
:10A6A00041F20141716370BD80B52120F0F773F96B
:10A6B0004FF48031FFE75F48016001BD80B5222083
:10A6C000F0F769F94FF48021F5E738B50446FFF754
:10A6D0006DFF0546FFF76AFF401BA042FAD331BD6C
:10A6E000F8B50446694E3068C10124D5F8F7B2F9CF
:10A6F0003768A0FB04453E0438463F02C1B221B989
:10A7000040F2534200F01CF801203F0EBF01C0B2DE
:10A71000B7FBF0F2360E12EB861204D14FF48B62C7
:10A7200000F00EF801222046294601B00023BDE8C2
:10A73000F040D2F793B8F8F7E2F8A0FB0401F4BDBB
:10A740002B210020F7F7F8BDD0B506460F460124AF
:10A7500000E0641C304800212246FAF76DF9B94246
:10A7600006D828BFB04203D20F2CF2D3FF20D0BDB1
:10A770002046D0BD10B50C46FFF7B2FFC20942EA31
:10A780004162801A61EBD111FFF7DEFFFF2801D192
:10A79000012010BD0F213E4A116040F010003D4BDA
:10A7A00018603D480068C0B2802804D02046BDE84B
:10A7B0001040F8F73AB9022010BD38B504460D46EE
:10A7C00000F015F82DB1A04208D2001E61F1010180
:10A7D00004E0844202D2001E61F1FF3101F0030166
:10A7E000204634BD80B50121FFF7E7FFECE638B520
:10A7F000D2F7AEFF29490D68194A14784B6C5A07F5
:10A8000044BF0D68641CD2F7A9FF04F00301284679
:10A8100034BD000020A1070040420F0008C001B86D
:10A8200002110100C456002084E200E004E100E0CF
:10A8300084E100E00CC001B838C001B864E001B8A0
:10A8400000C101B8D456002074E001B800001F1FF9
:10A8500064D001B800000101100002B818C001B8AE
:10A86000653E00B0442002B8B8C000B800093D0001
:10A8700044C001B870D001B8081002B80C0002B88A
:10A880000100000110000020011B01183CC000B8AD
:10A89000B8E000B8B8D000B824C000B820C001B8F3
:10A8A000DFF8DC12496800E0096919B18142FBD187
:10A8B000012070470020704780B1DFF8C422131DCB
:10A8C00001E001F11003196841B18142F9D1006939
:10A8D000186091680120491E916070470020704700
:10A8E00038B5040001D1012032BD1821D4F7FEFD96
:10A8F000D2F72EFF05462046FFF7D2FF20B12846AB
:10A90000D2F72CFF022032BD9D490A1D01E000F163
:10A91000100210680028FAD1146020618A68284665
:10A92000521C8A60FFE7D2F719FF002032BDB7E75B
:10A930002DE9F0470646894615461C46FFF7B0FF4D
:10A94000D2F706FF824602F0F3FE8046304600F062
:10A95000EAF820B1304600F0CAF80020B075284669
:10A96000089D0A9F012809D154EA090005D1DDB1EB
:10A970003A4641463046A84716E0C144494640465B
:10A9800000F0A4F820B15046D2F7E8FE01200FE015
:10A99000099801217175C6F800907460B560307532
:10A9A000F760404600F006F85046D2F7D7FE002088
:10A9B000BDE8F0872DE9F8430646D2F7C9FE804688
:10A9C0006F4D287810B10121697070E00120287066
:10A9D0000021697002F0B8FE08B102F0B3FE6F68A2
:10A9E00012E0787D78B13968304600F06FF850B1E8
:10A9F000786839684118396000B101207875B86805
:10AA000000B10120B8753F69002FEAD109E00020AC
:10AA1000987519685868DA687F1C091A18469B6887
:10AA20009847A86887420FD20023FF22696807E091
:10AA3000887D20B1087D824224BF0B460246096909
:10AA40000029F5D1002BE2D14FF0FF3900246F68C7
:10AA50000FE0787D60B13968304600F037F80028A3
:10AA600006BF3868801B0020814524BF81463C46D4
:10AA70003F69002FEDD14CB12046FFF71DFF28B1F3
:10AA8000686820616C60A868401CA8606968487D9F
:10AA900018B1086802F04EFE074602F049FE06466D
:10AAA000002F04BF6878002892D100212970404609
:10AAB000BDE8F243D2F752BE884201D10020704770
:10AAC000081A304988428041C00F704780B5FFF7AF
:10AAD000F3FF31E010B5D2F73BFE044602F028FE4A
:10AAE000FFF768FF2046BDE81040D2F737BE38B503
:10AAF0000446FFF7D5FED2F72BFE0546204600F0B0
:10AB000012F820B92846D2F729FE032032BD0020D2
:10AB100060751B494868A04203D102F009FEFFF7A7
:10AB200049FF2846FFE610B50446FFF7B9FE607DF1
:10AB300010BD80B5FFF7F7FF401E8041C00F02BD7A
:10AB40002DE9F04104460D46FFF7AAFED2F700FEBC
:10AB50008046276802F0ECFD0646607D58B1394614
:10AB60003046FFF7A9FF30B100F00EF8012D14BFF9
:10AB70003846B81B02E000F007F80020BDE8F0817D
:10AB8000E0560020FDFFFFBF4046D2F7E7BD70470B
:10AB9000704770477047000008B430B50C46012874
:10ABA00018BF022803D0042818BF08280DD109496E
:10ABB0000B68034209D003AD29461046D1F7F1FDD9
:10ABC0001CB1294602A0D1F7ECFD30BC5DF808FBB2
:10ABD0000D0A00000C1000207047704780B5F0F798
:10ABE0002BF8BDE8014002F0B1BD000000B585B012
:10ABF000012200216846D8F7E3F901A89FA110229D
:10AC0000D0F7D2FE9548EFF72BFF684602F0B5FD6E
:10AC100000208DF8040001A902F0D0FD0F210020D2
:10AC200002F0EEFD0F21002002F0EEFD02F0BCFD6F
:10AC30008B490868C20702D588690028F9D100222B
:10AC40004A614320E1F701FF4320E1F7F3FE05B03D
:10AC500000BD83490868C20702D588690028F9D178
:10AC6000486970472DE9F0410646D0F727FF804636
:10AC700000F058F867690021002002F0CFFD05467A
:10AC8000002002F0C5FD800704D4E81B032801D88A
:10AC9000BD420DD1F01B032838BFFE1C4FF0FF3022
:10ACA000B6FBF0F0002100F036F8022000F042F888
:10ACB0004046D0F707FF6B49087828B1606C002246
:10ACC00040F0010060640A70BDE8F08170B506468E
:10ACD000D0F7F4FE054600F025F860698619311AB0
:10ACE000032938BFC61C4FF0FF30B6FBF0F001213E
:10ACF00000F011F82846D0F7E5FE5B49087848B126
:10AD0000606C002240F002006064606C40F004005F
:10AD100060640A7070BDA0EB4000361A721E0020FD
:10AD200002F088BD4E4C2068C10702D5A0690028FA
:10AD3000F9D170470021C20748BF0121800748BFF1
:10AD400041F00201002002F057BD0021C20748BFB8
:10AD50000121800709D50122424802704348036857
:10AD600041F002015B085B000360002002F048BD77
:10AD7000800702D502213E4A1160704738B504466B
:10AD80000020002502F044FD012C05D0022C05D145
:10AD9000450805F0010501E000F00105284632BD37
:10ADA00038B5D2F7D5FC05460020002402F030FD6E
:10ADB000C10748BF0124810748BF44F0020400F0E6
:10ADC0000301002002F020FDE0B2F4F7CEFD28469A
:10ADD000BDE83240D2F7C2BC264880B5007969464A
:10ADE000EFF738FE009802BD80B5002002F010FD9C
:10ADF000000708D50821002002F006FD0020BDE86C
:10AE0000024002F021BD002002BD0421002002F01A
:10AE1000FBBC1549087850B91448026822F00202B8
:10AE20000260036823F00403036001200870704788
:10AE30001148016801F00301491E012900D970473A
:10AE400010B5D0F73BFE044601210220F4F7D8FFED
:10AE50002046BDE81040D0F735BE0000B46F0008B2
:10AE600004800A50BD180020BE18002048800A50F7
:10AE700040900A50A06F000840820050010000007E
:10AE8000000000000000000000000000D2B2203AE4
:10AE900022BF21FA02F0002170472032D141D04078
:10AEA00048409140D14048407047000080B50A4872
:10AEB000EFF7D6FD40F601520021012002F030FDEF
:10AEC0004FF496720021012002F047FD034801680B
:10AED00041F48071016001BDB06F000848800A50E4
:10AEE0000021016070470268FFE70A600160704757
:10AEF000BCB5012200216846D8F762F8684600F028
:10AF00008BFE002000F06AF8DFF8DC020168DFF851
:10AF1000DC424FF4801201F007016161DFF8D012CA
:10AF200008684FF40033DFF8CC5200F003002061D2
:10AF3000DFF8C40202600360E868400800F0010026
:10AF4000A070606903281EBF086A00F0070002288D
:10AF50000CBF01220022886A00F00700022808BF07
:10AF60000122A07882F00103184205D00F6807F093
:10AF70000307012F08BF0122627038B3086800225E
:10AF800000F00300012804D00CD3032807D003D31A
:10AF900008E001F03EF804E001F086F801E001F07D
:10AFA00046F8024692B12B68944D501EC3F30B0332
:10AFB0005B1C03EB83030021E5FB03010023D1F7B6
:10AFC0004DFCF4F7A3FFA1694018A0611F20F4F71E
:10AFD0009DFFA1694018A061B3BD000038B5834D45
:10AFE0002978044688421CD090A210882100ADF830
:10AFF000000014BF022000208DF80100684600F018
:10B0000012FE200005D04020F4F780FFA969091A3C
:10B0100005E04020F4F77AFF0146A8690918A96104
:10B020002C7031BD76490A68704802F007028260D0
:10B03000896801F00701C16000F035BE80B56B4939
:10B04000C878E0B168480022CA700368012262F340
:10B05000020303606A480368032262F30203036089
:10B06000836862F302038360887830B10121654808
:10B070000160654A11688807FCD400F0BBFF01201D
:10B080006249086001BD70B5614C0120E064574D14
:10B090006978B9B10220FFF771FE98B1F4F7BFFBF0
:10B0A00080B15C4801684FF48036CA0302D541681C
:10B0B0008A0706D40068C10703D40120287102F072
:10B0C00081FC266070BD01204849C870704770B58A
:10B0D000464C6078A8B1207988B94E4801684C4D3B
:10B0E0004FF48036CA0302D541688A0702D400684B
:10B0F000C10701D52E6070BD02F064FC2E600020F7
:10B10000207170BD394A5178002918BF02F0DFBCA8
:10B110000120704710B500F0C7FD344A907830B177
:10B1200001213D4801603D4B1968C807FCD52E49F7
:10B130000B685069DB0840EAC3030B60304B1968A9
:10B140009068C90840EAC10119609C68D168E408A8
:10B1500041EAC4049C60507818B14FF48031304803
:10B160000160BDE8104000F045BF012804D010D3B5
:10B1700003280BD007D370472A48016821F0040147
:10B18000016030BF7047002000F057BD002000F084
:10B190006DBD70474FF4C870F4F7B8BE10B5134CCE
:10B1A0006178002019B102F064FC00EBD000A169C5
:10B1B000081810BD01200D494870704770470B48B2
:10B1C00040787047E0B5052200216846D7F7F8FEC1
:10B1D00000218DF80410684600F067FD07BD0220CD
:10B1E0001149086070470000708000502410002052
:10B1F000008100500CC001506490005040420F008C
:10B200002081005004E0015004C001507460005AD5
:10B210002850005A5840005A04D0015018C001501C
:10B220002860005A10ED00E070400050000210B598
:10B230000124E6F78AFD00B9002401F061FE00B99F
:10B240000024ECF78FFF00B9002402F08DFC00B958
:10B250000024204610BD38B5F4F761FE05460024F1
:10B2600002F0D6FC042808BF012402D0022808BF3F
:10B270000125E6F76CFD042808BF012402D002284E
:10B2800008BF0125ECF795FF042808BF012402D070
:10B29000022808BF012502F01DFD042803D0022862
:10B2A00008BF012504B10025284632BD38B500F09D
:10B2B0007AF9287AA04208D02046F6F7EDFF2C72E2
:10B2C0002046BDE83240F4F7E5BD31BD10B5DFF8EA
:10B2D000E8422071022902D0032902D010BD207A51
:10B2E00048B9F3F7C4FD30B100F017F818B1F6F71C
:10B2F000C5FE00B91BE010BD10B5AF4C0121217196
:10B30000207A48B9F3F7B3FD30B100F006F818B170
:10B31000F6F7B4FE00B90AE010BD4FF00050A7499F
:10B320000860BFF34F8FBFF36F8FF6F759BFA44884
:10B33000006810B10068804708E0F4F717F8A061D2
:10B34000F4F77DFAE0610020F6F74EFF0020BDE83B
:10B350001040F6F793BF000070B504460E46964DB8
:10B36000F3F785FD20B34FF0005096490860F6F7DB
:10B3700037FFE8B9300018BF012E19D10120F6F7C8
:10B380007DFF8F48006810B14068804710E0F4F7F7
:10B3900056FAE969401AE861F4F795FAAA694FF498
:10B3A0007A7101FB0020F3F7E3FF0120F6F71CFFA1
:10B3B0002C7170BD804B98790A46002800D17047E7
:10B3C00010B500249C7110781A690121BDE8104065
:10B3D000104700207047002070472DE9F0410646D5
:10B3E0000024754D8846E879032E06D110F0030F2E
:10B3F00003D000F0FC00E87117E00127B74007EA2E
:10B400000002511E8941C943C90F414512D028B9D4
:10B410005FEA080002D0696901208847E87908FAE4
:10B4200006F620EA07073E43EE71E879012408B9E1
:10B43000696988472046BDE8F081F8B506460F46A1
:10B44000D0F73CFB00F0AFF8A879002818BF012E18
:10B4500007D0380005D105F12800F4F767F900207E
:10B46000A87139463046FFF7B8FF0646E87900284C
:10B4700004BFA879002804D1F6F733FE08B1E868C4
:10B4800080472046D0F71EFB3046F2BD30B585B070
:10B49000D0F714FB0446484DA87928B105F12800DF
:10B4A000F4F744F900283FD1F4F7EDF903AA02A913
:10B4B000F6F702FE30B9A8712046D0F703FB012051
:10B4C00005B030BDF6F70BFE0399814208BF00209E
:10B4D00008D0F6F702FE039981420FBF0220002038
:10B4E000296A029185F82400296A0298814207D3CB
:10B4F00095F824000121FFF770FF0020A87122E0D9
:10B500000120A8710298002201920092411A05F1CF
:10B5100024032D4A05F12800F4F7BAF850B10020B1
:10B52000A871032185F824102046D0F7CBFA032018
:10B5300005B030BDE879C10705D595F8240010B9EC
:10B540000021FFF74AFF2046D0F7BCFA002005B0E3
:10B5500030BD000038B5D0F7B1FA00F024F86879B2
:10B56000F0B90021A97119481949E860296100BFA3
:10B570001CA105F15000F4F7B9FC00BF17A105F1BB
:10B580004800F4F7B3FC1348686113490A6802F4F1
:10B590004072B2F5007F04BF022028620121697168
:10B5A000FFF708FE02E00446034D70472046D0F73F
:10B5B00089FA002032BD00008C14002080E100E0F8
:10B5C000AC56002000E100E0B5B303088DB40308D9
:10B5D0003BB40308ADB203087440005050000000B3
:10B5E000CDB20308A000000059B303082DE9D842EA
:10B5F0000720DFF8AC120860F7F7AEF8C408DFF8F0
:10B60000A47217EBC4504FF00009DFF89C2249EBFD
:10B6100054210023DFF89462D1F720F9DFF890126B
:10B620000860DFF8900200F02DF84042706349F6A0
:10B63000580000F027F83060DFF87C0200F07DF958
:10B64000020009D04008002110EBC41051EB5461F6
:10B650000023D1F703F9F060BDE8D1820246C31799
:10B66000D0B5DFF84C020468A4FB026704FB037743
:10B67000B6F17F4267F1FF33520E42EAC31202EB8A
:10B68000C110D0BD80B54FF0FF31FFF7E7FF0128B3
:10B69000B8BF002002BD20B10168022901D30069B2
:10B6A00008B90FF23420704710B5DFF8102288B1C6
:10B6B000016802290ED3016961B10B6813604C68FF
:10B6C00054608B689360006811282CBFC868886834
:10B6D000D06010BD10461021BDE81040D3F706BF62
:10B6E000F8B50C46C068DFF8D81115460E6880B171
:10B6F0004FF47A714843A2686168DFF8C831A0F658
:10B70000AC50801A1A78401AD10704D5A0F6B83088
:10B7100001E04AF6C8704FF0FF31FFF79FFF286243
:10B72000DFF8A4010168DFF8A4716962386858B1D4
:10B730003046F7F7FFFA38B1F06F2A4621463B68EA
:10B7400001B0BDE8F0401847F1BD10B504000CD0C1
:10B7500000F08AF85948C1684FF47A72806802FB99
:10B760000414A4F6AC54241A01E04AF6C874204626
:10B77000BDE8104086E7406970B1504BD9684FF47E
:10B780007A7202FB00104F4A1378A0F5FA50D907DD
:10B7900004D500F2DC5001E047F2305072E72DE9A9
:10B7A000F0470546164699460846FFF77DFF002DEF
:10B7B00057D019F00408414F4FF47A7424D0286907
:10B7C0004AF6C87A28B16043B968A0F6AC50401A6E
:10B7D00000E05046FFF756FFB062A88B30B104FB83
:10B7E00000FAB868AAF6AC5AAAEB000A5046FFF76E
:10B7F00049FFF061324639462846FFF771FFA869D4
:10B800000021FFF7A2FF706342F2107A5FEA8970AD
:10B810000ED5686804FB00F110B138684118514436
:10B820000846FFF72FFF30632846FFF7A4FFF062BA
:10B83000B8F1000F15D0A86800281ABF6043A0F522
:10B84000FA5047F23050FFF71DFF706128684443FB
:10B8500018B1386800190AEB00042046FFF712FF00
:10B86000B061BDE8F0870446194908681CE738B59F
:10B8700008461C46FEF7B6FF054615480068FFF768
:10B880000AFF4168002954BF4FF4FA72114A511857
:10B890004FF47A7291FBF2F12819401A32BD000080
:10B8A000400002B8B2E60E0065CD1D00A83F00B012
:10B8B000905700207011010040420F009457002063
:10B8C00088540020683E00B0C43F00B0A457002058
:10B8D000FC4F00B00CFEFFFF000000000000000065
:10B8E000000000000000000080B54FF40071ADF8CA
:10B8F00000106A460649F3F76AFCBDF80010B1F57E
:10B90000007F01D0012002BD022808BF002002BD37
:10B91000905400202DE9F043184E37680446184A29
:10B92000A4FB0789156818F1004249F1000304FBE4
:10B93000053404EB8170BDE8F083014621F04040FE
:10B94000F0B5104D2E68104A1468A0FB066716F17A
:10B95000004247F1000300FB04300023890F024638
:10B960000A4804689B4206D8944204D2641C491CCD
:10B97000121B01F003011046F0BD0000D05600205C
:10B98000CC560020C8560020C456002038C001B84C
:10B9900080B5E6F7BDFABDE80240F5F7F5BC80B525
:10B9A000E6F7B6FABDE80240F5F705BDF8B5827CCA
:10B9B000022A18BF042A28D1DFF85840216821BB89
:10B9C000858B00270026282D01D30320F2BD022AF3
:10B9D00002D0042A19D12826F6F7BEFE0E49884265
:10B9E00004D16FF003005027608301E031216183AF
:10B9F0000A48C2193244515D38443044FA31218436
:10BA0000284490F8F010024A11700020F2BD0000A6
:10BA100094580020983E00B000F049029079000848
:10BA2000FF280FBF1020C043C00000F008001821FD
:10BA3000064A1160064B186070470648016811F409
:10BA4000002018BF0120C0B270470000FC2302B8DC
:10BA5000FC1302B8F80702B80246002300E05B1CA2
:10BA60008B420AD252F8230090FAA0F0B0FA80F08C
:10BA70002028F4D000EB43107047FFE74FF0FF3071
:10BA80007047000010B5074AD36B9C07FCD440EA0E
:10BA900001200549054B10600220086001221A7040
:10BAA00010BD000004C002B840D002B89558002074
:10BAB000DFF85401016840680140DFF8500101607F
:10BAC00070477CB505460C461146684600F00CF8F8
:10BAD000060018BF002C05D0DDE900012A4600F061
:10BAE0007FF82060304676BD2DE9F14F0D464FF0CE
:10BAF000FF34FEF77CFE4FF00008A1460026824688
:10BB00008B46434F43483101405800F00300012861
:10BB10001CD13046FEF74EFD02460B4650465946B4
:10BB2000FEF727FCFA6D06F108034FF00108DA4032
:10BB3000D20702D50024A14606E0494506D828BF11
:10BB4000A04203D20446894605B12E60761C082E19
:10BB5000D8D34046C1B2002940D03968D7F830A0C8
:10BB600024F0000229F0FF330AF1010A4C46AAFB37
:10BB70000485994601F4403612EB08026B41B6F594
:10BB8000003F1DD1FC6A01F44051641C69F1FF398A
:10BB9000B1F5805F0ED1BE6A002716F5807AAAFB48
:10BBA000048547F1000B0AFB09550BFB045544467D
:10BBB000A9460AE04FEA092141EA1469240204E097
:10BBC000BC6A14F5807449F10009A4FB026700996E
:10BBD00004FB037709FB0277C1E90067BDE8F28F38
:10BBE00070B504460D461646F6F7B6FD0246240A21
:10BBF00044EA05642D0A0023A6FB040106FB051197
:10BC0000BDE87040D0F72ABE60800A5060A00A509C
:10BC100008C001B800C101B80078DFF88C120870C4
:10BC20000121002051E0DFF884120A68407822F4F4
:10BC3000407242EA00220A60704710B500F027F80F
:10BC4000FFF7FCF902F048F8DFF8640201684A01E6
:10BC500004D5DFF86002DFF86012086030BF02F040
:10BC60003CF8FFF710FA04B919E010BD10B500F068
:10BC70000EF8DFF83C020268510100F01FF8FFF7F0
:10BC8000DDF930BFFFF7FFF904B908E010BD044645
:10BC9000DFF82802016841F0040101607047BDE847
:10BCA000104000F0A7B970477047DFF814120A6817
:10BCB000007922F0300202430A60704704D5DFF8B1
:10BCC000F401DFF8F4211060704710B50C4608B994
:10BCD00000F07FF9744A117829B17B4A904202D270
:10BCE0002146012001E021460220BDE81040F8B5C0
:10BCF0000546764C206AC0F300100028FAD1206A6D
:10BD0000C0F38110A84229D000F063F90646012D46
:10BD100004BF0121FBF776FCCFF7D0FE07464FF0BA
:10BD200000706B490860284601F0D8FF4FF480622C
:10BD3000681E8240E26000E0206A2168880102D427
:10BD4000216A8806F8D53846CFF7BCFE022D05D10A
:10BD500030460021BDE8F440FBF754BCF1BD4FF084
:10BD60000042F8B5574B1A605A4A136C4AF6CD3563
:10BD7000D5630024002103F00103574D574E88B9C5
:10BD8000106BC707FCD41068C00722D501273760A5
:10BD900000E0491CD06AC60701D4A942F9D3A942E0
:10BDA00015E0491CD06A070701D5A942F9D3A94279
:10BDB0000ED2202070620121494E3160002000E047
:10BDC000401C516A8E0601D4A842F9D3A84200D380
:10BDD00007240BB14348D063F3F79DFA2046F2BD28
:10BDE00038B54FF00041374A11604AF6CD31394C31
:10BDF000256CE16342783C4905F00105520042F0B0
:10BE000001020A60226B12F00B0FFBD121688278CD
:10BE100021F4F87141EA02112160C178427942EAC5
:10BE2000012262600179827942EA0122E2600078AF
:10BE3000FFF795FF0DB12B48E063F3F76CFA012093
:10BE400032BD70B5102828BF0F204FF000421D4BA7
:10BE500000F01AF82D0940EA051018600AE04FF0CA
:10BE60000042184B70B500F00FF825F4F85545EA7C
:10BE700000251D600CB11B48186209B91B480260FF
:10BE8000BDE87040F3F747BA094909681A60184BD2
:10BE90005C6A4AF6CD35C90F04F001041D625D6984
:10BEA0002E06FCD41D6870476E5800207440005068
:10BEB000648000500000FF0F20E4035010ED00E00C
:10BEC0006C40005064900050015A6202644000507F
:10BED000646000500440095040420F000460095063
:10BEE000045009503254FFFF3C40005064A0005001
:10BEF000204009504FF0FF3001F0F1BE38B588B056
:10BF0000144D684629462022CFF74EFD4FF480712C
:10BF10001148D3F7EBFA114CB0212046D3F7E6FADB
:10BF200020210F48D3F7E2FAFDF79AFE0D49087871
:10BF300020B1284669462022CFF736FD0CA090E8B4
:10BF40002C00094981E82C00084A1068606109B09A
:10BF500030BD0000E03F00B0503E00B0503F00B0A8
:10BF6000E04F00B065160020AC3E00B0780102B88A
:10BF7000040008007C0031003B001B0038B54C4831
:10BF80004C4908604C4802684FF480414B4B42F4E6
:10BF90007002026019604A4C4FF0FF3262654949F5
:10BFA000A16502228264BFF34F8FBFF36F8F002021
:10BFB000E0F74BFD4FF4403525600020E0F73AFDF7
:10BFC0004148056031BD4148406870473F4948607D
:10BFD00070473F490A683D4802F00702012A07D02E
:10BFE00007D3032A02D004D2406870470068704724
:10BFF00021E0FEE780B5FFF7ECFF35490968C1F3A2
:10C000000331491CB0FBF1F03249086002BD3248EF
:10C0100070472E48006870472C4908602C48026819
:10C0200002F00702032A08BFFFF7E4BF70470020B1
:10C030007047000000BF2948704729490A6800205E
:10C04000120C12F01F020CD0062A1BD0072A1BD09C
:10C05000082A1BD00A2A1BD00B2A1BD00C2A1BD063
:10C060007047096811F0407106D0B1F1807F05D0AA
:10C07000B1F1007F04D070471A4870471A487047E2
:10C080001A4870471A4870471A4870471A4870474C
:10C090001A4870471A4870471A4870474FF40040D2
:10C0A00070474FF47A707047174800687047000077
:10C0B0000060000808ED00E088ED00E068900050A6
:10C0C0000CA00044F7FF370010800044E01000206F
:10C0D00070800050EC10002000B4C404002D310129
:10C0E0000800005A00093D0080841E0040420F00F5
:10C0F000405DC6000024F400C0EA210180BA8C0132
:10C100000048E801005A6202E81000202DE9F041E1
:10C110000446BE4801882B39022901D90D3934D192
:10C1200000F01CFF0546BA480168BA4BBA4E4A1DDA
:10C130001A6000213046E2F701F9074640F60F4841
:10C140000FE012213846DEF79FFDA84204D1404699
:10C1500000F042FF0020207039463046E2F742F9F5
:10C160000746380011D00321DEF7D7FD3128E8D08B
:10C170003228F1D105213846DEF786FDA842EBD101
:10C18000404600F029FF00202070BDE8F08170B526
:10C1900000F04CF803E031462846E2F723F9064662
:10C1A000300010D00321DEF7B8FD3F28F3D109217C
:10C1B00000F039F80228EED10A2100F034F8A0424C
:10C1C000E9D1012070BD002070BDF8B500F02EF857
:10C1D00006460AE0314628463746E2F703F90646A6
:10C1E0000022B9B22846E2F727F930001AD003211D
:10C1F000DEF793FD452810D11B2100F014F8A04272
:10C200000BD1052100F00FF8022818BF0328E1D058
:10C21000FF221B213046DEF74EFD31462846E2F76D
:10C22000E1F8D5E7F1BD3046DEF72EBD04467A4D84
:10C2300000212846E2F782B8F0B58BB00646ECF74D
:10C240008CFE0546754800788C24112806D01228EB
:10C2500036D171887078F8F7F7FF88B3707869463F
:10C26000F8F76AFF80B1BDF8000040F2091188427A
:10C2700004BF7088B0F5006F06D1701DDAF75DFC61
:10C280000E2801D0A8B11AE0002500E06D1CECF7E3
:10C2900064FEE9B2814213D207A9E8B2E6F7A9F930
:10C2A0009DF81C000028F1D13146E8B2E6F7B0F95C
:10C2B00008B9002404E040F60441884200D18D24EE
:10C2C000312102A8DFF74AFA307802AFB8707178EE
:10C2D00003A88DF80B107188DFF740FA3079082237
:10C2E000711D8DF80E000DF10F00D6F773FE717BF6
:10C2F0008DF818507C748DF81710122102A8F8F7E9
:10C300002FFC20460BB0F0BD3EB5044643480078F4
:10C310008825112818BF122810D12046FFF737FFB3
:10C3200060B92046E6F7B6F920B920460025FFF7A8
:10C330004CFF04E040F60441884200D18D253221B3
:10C340006846DFF70BFA8DF802408DF8035007219D
:10C350006846F8F705FC28463EBD38B505460C464C
:10C36000FFF715FF10B140F6044410E03CB1DBF7D5
:10C3700083FD607321462846E6F74AF902E0284625
:10C38000E6F788F9040004BF2846FFF71EFF2046A1
:10C3900032BDE2E70021E0E71C490A88562A0CBFBB
:10C3A000012200220178002904BF417801290AD125
:10C3B0001A49002A19BF09780172027A0A7000210D
:10C3C000416001220270704710B5044620780028B1
:10C3D00004BF6078042817D10C490888522804D17A
:10C3E000ECF7BBFD2081002005E0ECF7B6FD2189CC
:10C3F000884202D22120606004E000226260C8B25C
:10C40000ECF7A7FD0120207010BD00001A58002095
:10C410001C460020BC53002014580020D5180020D2
:10C4200001F064BC01F06DBC38B504460D46EEF772
:10C43000DDFB29462046BDE8344001F06DBC2DE906
:10C44000FF4F8BB09DF864109DF860001A9C1B9DF7
:10C45000DDF870901D9EDDF878A01F9FDDF88080CC
:10C46000DDF884B0019100900E9B9DF834209DF87A
:10C4700030109DF82C00CDF824B0CDF8208007971F
:10C48000CDF818A00596CDF8109003950294EEF71C
:10C49000B2FB9DF864009DF8601001900E9B009126
:10C4A0009DF834209DF830109DF82C00CDF824B074
:10C4B000CDF820800797CDF818A00596CDF81090FC
:10C4C0000395029401F029FC0FB0BDE8F08F2DE92F
:10C4D000FC41089F04460D46164698460097EEF725
:10C4E0007FFB0097434632462946204601F016FC62
:10C4F000BDE8F38170B504460D461646EEF75EFBC7
:10C50000324629462046BDE8704001F008BC10B50F
:10C510000446EEF74DFB2046BDE8104001F000BC9C
:10C5200070B504460D461646EEF73AFB32462946EC
:10C530002046BDE8704001F0F4BB2DE9FC41089FA6
:10C5400004460D46164698460097EEF702FB009704
:10C55000434632462946204601F0E4FBBDE8F3811C
:10C5600038B504460D46EEF71FFB29462046BDE8C8
:10C57000344001F0D8BB38B504460D46EEF712FB47
:10C5800029462046BDE8344001F0CEBB70B50446D4
:10C590000D461646EEF70AFB324629462046BDE810
:10C5A000704001F0C2BB3EB5089C9DF81C5002943F
:10C5B000BDF8184001950094FCF787F837BDEEF7F9
:10C5C000D3BA7047012070470120704700207047A0
:10C5D00080B5022000F000FD0020BDE8024000F020
:10C5E000D9BC022000F0F8BC00F0AAB810B500F0E9
:10C5F0006FFA3A4C208898B9A08838B1E5F788FBE3
:10C600006188A288401A80B2824204D20020A080B1
:10C61000204600F01CF9208818B1DBF7BAFEA060B4
:10C62000012010BD38B52D4D044600F00AF82888C9
:10C63000214600F0CEF800202880BDE8314000F00F
:10C6400047BA264802881AB123A13C2001F020BC39
:10C6500070477CB504460D4600220020DBF7BEFF84
:10C66000060007D01D480288009523460021304669
:10C67000DEF740FB304676BD80B518480088DBF712
:10C68000A0FEC0B202BD10B50146144C2046DEF734
:10C69000ADFA2088DBF77DFEA06010BD70B50021EB
:10C6A0000F48E1F7A9FE0446DBF78BFE05460B4E6B
:10C6B00034802046DBF76DFEEDB24119094A116066
:10C6C000B060012070BD38B50446044DE5F720FB8D
:10C6D0006880AC8031BD000062000000144600207C
:10C6E00014580020C05300207047000010B5DFF838
:10C6F000EC4704F11400DBF7BEFC04F12000DBF78B
:10C70000BAFC04F12200DBF7B6FC04F12400DBF7ED
:10C71000B2FC04F11600DBF7AEFC04F11800BDE832
:10C720001040DBF7A8BC10B5DFF8B047CA220021E3
:10C7300004F12800DBF73BFF0121E173E08210BD2B
:10C74000FEB5FFF7F0FFE0F7D2F9DFF89447608914
:10C750004FF6FF75A84208BF4FF47A70DFF8846780
:10C760003080DFF884770020388001F063FC01F02E
:10C770006BFC0028FBD02088A84208BF4FF4C8609B
:10C78000308000203880DFF85447D9F771FD6071A0
:10C79000012818BF022803D0092818BF0B2812D17E
:10C7A00002900220C12201900092842302220FF203
:10C7B000707100F070FBFF20D021607161737020F8
:10C7C000BDE8FE4042E3702000F040FBA020607313
:10C7D000F7BD7CB504460D46DBF7F3FD022804DD0A
:10C7E0002046DBF7EEFDCB2805DB40F217110FF2F8
:10C7F0001470D9F787FDDFF8E4663178C1291CBFD2
:10C80000C029C22909D001F0A002A02A0DD00A0631
:10C8100003D57E2000F030FB07E0009101948423D3
:10C8200002220FF2047100F036FB204600F0D4FA29
:10C8300025B10022214606F1200003E00022214616
:10C8400006F1220002B0BDE87040E1F77FBD2DE99E
:10C85000FE4F0546DFF89496DFF88CB60FF2A46819
:10C86000DFF87866DFF888A601E0202070730021E9
:10C87000298001E000F0EAFA9AF8001019B90020C6
:10C88000B07300F09FFA0DF1050000F0CFFA0446F6
:10C89000272C44D09DF80500B77B06F10E0201A9B4
:10C8A00001F054FB0446202C18BF002C0AD1B07BA9
:10C8B000B84232D0032808DA9DF8040006F11201CC
:10C8C000C8552AE000F07EFA29E013D1F07B88B148
:10C8D0000021F173F08A0121B08206F11400DEF725
:10C8E00085F901200090B18A0123002206F113008E
:10C8F000DEF796F9F08AB18A81420ED1DBF761FD4D
:10C900000746791CC9B206F11600DEF76FF99DF8EB
:10C910000420F08AF9B2DEF7CEF9202CB3D0200043
:10C9200018BF202817D027280ED07428A2D0762828
:10C9300018BF772803D0792818BF7A2806D100F0CD
:10C9400085FA00F01BFA06E0BDE8FE8F4FF4AA71ED
:10C950004046D9F7D7FC002C8ED1B17CB07BC029E2
:10C9600009D1012842D100F08CFA00F08AFA04249F
:10C97000E5F716FA0CE00B0624D4032836DD707BAD
:10C980000124420604D5C1F30210B17A88420AD0CC
:10C9900000F018FA707B41067FF567AF012C1CBFD1
:10C9A000022C032C45D1B77CB079317A07F0070708
:10C9B0003A1A091A01F0070102F0070291421BDA44
:10C9C000782080E001F0E003802B06D101280DD112
:10C9D00002247D2000F050FADAE701F0E002A02AFC
:10C9E00008D1012802D103247F20F3E77C2000F046
:10C9F0002DFACDE77B20FAE7874218D0B7710020E7
:10CA00003073717B880708D50021ABF80010707A6D
:10CA100087420CD001F00EFB09E0002001F025FB5D
:10CA2000307A874218BF01F005FB00F0B4F9022C00
:10CA300001D0032C08D1B07C010702D501F041FBE5
:10CA400002E0002089F80000002C3ED0012C04D028
:10CA5000032C01D100F080F909E7B47C717BB27A34
:10CA600004F00800C4F3021441F00803944224D1F6
:10CA7000B18A31B900F082F9262000F0E7F92620CA
:10CA800062E700B17373707B521C02F0070200F082
:10CA9000FA007073B272084600F09EF9B08A8523DE
:10CAA00002220190B17C3D2000910FF27C4101F007
:10CAB000EFF9B08A2880002046E708B17373D6E604
:10CAC000C80702D4752000F0C1F900F057F9CEE68E
:10CAD0002DE9F047DFF81C44DFF80C544FF6FF78DF
:10CAE000DFF8F87301F0B0FA90B3787B41062FD5E8
:10CAF00080074CBF787A387AB979814219D0012001
:10CB000001F0B3FA732000F0A1F96089404508BF35
:10CB10000320397B491C3973C9B2884206DA512097
:10CB20007871722000F092F9202010E000F014F9E2
:10CB30000EE0002028800BE0022E05D10020288086
:10CB400038711A2000F06EF9787B00F07F0078735E
:10CB5000797B3E79080603D511F0300FECD0F0E771
:10CB60007B7A3A7A387C032EF2D8DFE806F003C1EC
:10CB7000CBCBEDE7880711D5B879D61A06F00706B2
:10CB8000C31A03F007039E42A8BF7872787A9042D6
:10CB900004D101F0FD01797300F0FDF8787B10F00D
:10CBA000300F1CD0800603D5C2213970787903E09C
:10CBB000C1213970D9F75CFB797BB870022001F094
:10CBC000C3017870797303200121397107F11002D4
:10CBD0003978C0B201F068F900F024F9B8E710F034
:10CBE0000C0F1BD0B97A400709D560393970C9B22A
:10CBF000802000F041F9787B00F0F30008E08039F4
:10CC00003970C9B27E2000F037F9787B00F0F70068
:10CC10007873B87A0121F8710120D6E780072AD508
:10CC20007E7AF87A361AD0F793FD8146002107F113
:10CC30002400E1F783FB06F00706824606E0514632
:10CC400007F12400E1F7CEFB8246761EF0B2002801
:10CC5000F5D14846D0F782FDA7F818A05046DBF77B
:10CC6000B0FB797ABA7A401C42EA0112032142F001
:10CC700008023A70A9E7218841451ABF491E01F010
:10CC8000070104213A7AB879121A02F00702914298
:10CC900024DB07F12000E1F73BFB38B107F122006C
:10CCA000E1F736FBD0B901F01FFAB8B107F1200067
:10CCB000E1F72EFB002814BF07F1220007F1200046
:10CCC000F8610021E1F73AFB3883DBF77AFB397A28
:10CCD000BA7A401C42EA01120221CAE7F879B97A0D
:10CCE000884203D0787B40F0080030E7BDE8F08749
:10CCF000FF2802D1002038713CE7395C07F11002AF
:10CD0000002067E7FF2809D008B9387804E0411E01
:10CD1000388BC9B2DDF7B8FF0146EFE7022E0ED11E
:10CD2000521CF86902F007023A720021E1F764FB35
:10CD3000398B002207F12400E1F708FB03E05B1CBC
:10CD400003F007037B72288808B901F073F9B87AF9
:10CD500000213971F871FBE66048417B8A0700D5F4
:10CD6000704730B58279037A9A4206D000245E4D2E
:10CD70002C8041F082014272417330BD5748817C62
:10CD80000A0607D4417B01F04103402B04BF41F068
:10CD900005014173704710B5504C0EE0002104F1BD
:10CDA0002400E1F729FBE18A884204BF0120E073F7
:10CDB000E07A401C00F00700E072A079E17A884236
:10CDC000ECD110BD4548818AC28A914204BF01213D
:10CDD000C173002282827047F8B504464648008835
:10CDE00000254FF6FF72904200D0D0B1002613E02C
:10CDF0002046DBF7E6FA871BF8B22028A8BF2027D9
:10CE0000F1B22046DDF731FF0146FAB2284601F0C3
:10CE1000FDF8BE190546F6B22046DBF7D2FA864287
:10CE2000E6DBF1BD01460120E5F721B810B5044667
:10CE300021460120E5F709F830B11B2803D018205E
:10CE40002070002010BD272010BD0000E0B5034673
:10CE5000702807D128212948009101905FF0020233
:10CE60002BA106E01D48817B807C0222019100906D
:10CE700029A100F010F807BD80B5034600910222F9
:10CE800005E080B51548817C81230222009112A122
:10CE900000F001F801BD3D2000F0FABF10B51449C3
:10CEA0000878002801BF0D4CE079A17A884211D1A1
:10CEB000F7F7FDFE70B904F12200E1F729FA48B155
:10CEC00004F12000E1F724FA20B12079401E8041CE
:10CED000C00F10BD002010BD424242008C46002011
:10CEE0004200E00FC6570020C45700206B580020B6
:10CEF000C85700203E00E00F4000E00F3800E00F70
:10CF0000002070476173682D6E63702E630000000F
:10CF100042426C66000000004242424200000000B3
:10CF2000424242424200000042424262000000008F
:10CF30007047019870477047FF2070470020704786
:10CF40004FF6FF7070470020704700000248012133
:10CF500041600122026070471C2002B8DFF8B80669
:10CF60000168491C016011F8010D704738B504468D
:10CF70000846DFF8A45629682246D6F72BF82B6816
:10CF800023442B6031BD0146DFF88C261068014434
:10CF90001160704710B5DFF88416DFF884360A6830
:10CFA0001C68141BCA2CB8BF10700868421C0A60A9
:10CFB00010BD10B50446C0B2FFF7ECFF200A4DE0EB
:10CFC000DFF8540601684A1C02600A788B1C036073
:10CFD000487802EB0020704710B5044680B2FFF796
:10CFE000E8FF200C6AE010B5FFF7EAFF00F071F8E7
:10CFF00004EB004010BDDFF8283670B5DFF81C5692
:10D000001E68024628681446861BA619CB2EB8BF98
:10D01000D5F7E0FF28682044286070BD38B500F0DF
:10D0200086F8FFF7CDFF2081DFF8EC552868401C1B
:10D03000286010F9011DA1722A68521C2A6012F89A
:10D04000010DE07200F06CF8FFF7BAFFE08100F02C
:10D0500061F82074FFF7C7FF606131BDBDE8104083
:10D0600098E738B500F035F82080FFF7A9FF608019
:10D0700000F034F8207100F0D8F96071FFF7A0FFDC
:10D08000E080FFF79DFF208100F044F8A07231BDE1
:10D0900010B500F020F8A078E0E710B500F019F81E
:10D0A000208000F0D3F8A07010BD0446DFF86805BA
:10D0B0000168704710B500F08CF96088BDE8104039
:10D0C00077E7DFF854050168491C0160491E0978BB
:10D0D0007047044674E7044620886AE7DFF838554D
:10D0E0002868401C2860401E0078704738B500F062
:10D0F0001EF8DFF8245500F098F92072FFF760FF62
:10D10000608100F00DF800F090F9607300F002F813
:10D11000A07370E22868401C2860401E00787047A9
:10D120002868401C2860401E007820737047044621
:10D13000214608201AE738B500F0D2F8A070FFF7B2
:10D140003FFF208000F0FAF82868411C2960017830
:10D1500001B10121E170811C296040782073FFF743
:10D16000D9FF607331BD10B50446214600F085F843
:10D170002BE210B50446214600F084F8FFF733FF98
:10D18000206110BD10B5FFF7A4FF208010BD10B5C1
:10D190000446FFF7D0FF04F1100000F021F804F17D
:10D1A0001C0100F0CCF8FFF70BFFA084FFF708FF8D
:10D1B000E084FFF77BFF04F12802FFF785FF117081
:10D1C00003685B1C036013F8011D5170FFF77BFFC0
:10D1D000917003685B1C036013F8010DD07010BDE3
:10D1E00010B500F051F82060FFF7FDFE6060FFF71A
:10D1F000E7FE208110BD10B500F041F8A088FFF7D0
:10D20000D8FEE088FFF7D5FE2089FFF7D2FE6089BF
:10D21000FFF7CFFEA089FFF7CCFEA07B1EE710B57D
:10D2200000F032F82060FFF7CBFEA080FFF7C8FEC9
:10D23000E080FFF7C5FE2081FFF7C2FE6081FFF7A7
:10D24000BFFEA08100F002F8A07310BDDFF8C80394
:10D250000168491C016011F8010D704710B500F01C
:10D260000EF82079FFF796FE611D00F006F804F134
:10D2700015011020BDE81040BDE61020BBE60446B5
:10D280002068A9E6102071E60446ACE610B5044615
:10D29000207AFFF77FFE207A30B92068FFF79CFEE6
:10D2A0002068FFF799FE04E0022802D1214600F031
:10D2B0006DF8607AD2E638B500F012F8207230B915
:10D2C000FFF791FE2060FFF78EFE206004E0022849
:10D2D00002D1214600F033F8FFF71CFF607231BD28
:10D2E0000446DFF834532868401C2860401E00784C
:10D2F000704770B505460224DFF81C633068401C97
:10D300003060401E00782870401E012806D9FFF7C3
:10D3100057FE6881A91C00F012F80BE0FFF750FEE1
:10D32000A880FFF74DFE6880FFF74AFEFFF748FE32
:10D33000FFF746FE0C35641EE0D170BD211D0820AC
:10D3400014E638B5054602242878FFF723FE29782D
:10D35000491E012906D96889FFF72BFEA91C00F098
:10D3600015F80EE0A888FFF724FE6888FFF721FE75
:10D37000A888FFF71EFE6888FFF71BFEA888FFF746
:10D3800018FE0C35641EDFD131BD211D082032E6A8
:10D3900010B500F01EF86068FFF71EFE04F10800EB
:10D3A000FFF774FFA08AFFF704FEA07DFFF7F2FDF0
:10D3B000A069FFF711FE04F11C01FFF75EFF04F105
:10D3C0002C00FFF7BEFF14F8440FFFF7E3FD607871
:10D3D00044E604462078DDE570B504468E4D2868A5
:10D3E00004F12C06FFF797FE2070FFF7E9FD60803F
:10D3F000201DFFF760FFFFF78DFE207404F112007F
:10D40000FFF777FFFFF7DCFD6085FFF783FE3070E5
:10D4100000F00BF87070FFF7E6FD706004F1340166
:10D420001020BDE87040FFF7A1BD2968491C2960A4
:10D4300011F8010D704738B50446207804F12C0529
:10D44000FFF7A8FD00F023F8201DFFF71FFF207C49
:10D45000FFF7A0FD04F11200FFF773FF608DFFF7E7
:10D46000A8FD2878FFF796FD6878FFF793FD6868B8
:10D47000FFF7B2FD04F134011020BDE83440BAE5F5
:10D4800010B5FFF728FE00F002F8A08816E66088C5
:10D49000FFF78FBD10B5FFF71CFE2080FFF790FD52
:10D4A0006080FFF78DFDA08010BD30B502F8010B44
:10D4B000002312E031F8234002F8014B31F82350E9
:10D4C00001EB83045B1C2D0A02F8015B658802F8FE
:10D4D000015B6488240A02F8014B8342EADB30BD19
:10D4E0000CB42DE9F04180460F4606AE4A4C0CE0E4
:10D4F00056F8040B5FEA080106D00078FFF743FDF9
:10D50000286001E0FFF777FD7F1C3878002842D0C3
:10D5100056F8045B622834D07028E9D0732806D00E
:10D52000752813D0762817D0772820D0ECE75FEA4B
:10D53000080007D02068401C2060401E90F90000C1
:10D540002870E1E72878FFF725FDDDE75FEA0800AE
:10D55000F8D000F024F8F3E75FEA080003D0FFF703
:10D560002FFD2880D0E72888FFF723FDCCE75FEA6E
:10D57000080002D0FFF737FDC2E72868FFF72CFD4F
:10D58000C2E756F8040B5FEA080129460078B9D0D3
:10D59000FFF7ECFCB8E7BDE8F0015DF80CFB206894
:10D5A000401C2060401E0078704710B5FFF711FF47
:10D5B0006078FFF7EFFCFFF76AFFFFF7E6FE207BDE
:10D5C000FFF7E8FC607BFFF7E5FC2069BDE8104051
:10D5D000FFF702BD38B5FFF783FE2070FFF725FF88
:10D5E0006070FFF7EDFC6080FFF7A8FEFFF798FD85
:10D5F000FFF790FD6073FFF7F6FC206131BD10B5B9
:10D60000FFF769FD6068FFF7E7FCA068FFF7E4FC3F
:10D61000A089FFF753BD0000BC530020C053002079
:10D620001C4600201148012100F8041B00210022A3
:10D63000002380E80E00704700F085BB0EB40B4954
:10D6400018B504460878A0B060B18022694602206F
:10D6500000F06CFB23AB22460021054800F0A2FD40
:10D6600000F092FB21B010BC5DF810FBC453002009
:10D6700039D603080CB480B502AA00F091FB01BCB6
:10D680005DF80CFB0B000AD0012A06D007D3032A51
:10D6900002D004D2090200E00904DCF7F6B8DCF796
:10D6A00047B970B504460D461646DCF753F880B10D
:10D6B0002046DCF753F8B0F5803F38BF012106D390
:10D6C000000AB0F5803F32BF0221000A0321317009
:10D6D000288070BD1CB50446094800EBC40082795F
:10D6E00081880068FFF7CEFF0F216846DEF736F825
:10D6F0008DF8024003216846F7F732FA13BD0000A7
:10D70000041600200020E5E70120E3E70020704731
:10D7100000207047704770477047704770477047E8
:10D720007047704770477047704770477047704741
:10D73000FCF73CBF0023024A0021F3F7B1BD000013
:10D74000D5AA0308F3F7F2BDF3F71BBE704700003C
:10D75000404948688207FCD408688207F9D4886980
:10D760000028F6D170473B490868C20702D588698E
:10D770000028F9D10222CA60704738B50446FFF785
:10D78000E7FF344D2868012809D12968012904D10F
:10D79000FFF7E9FF012030490860FFF7D9FF207843
:10D7A00000B10120A86031BD80B5FFF7D1FF012095
:10D7B0002A49086001222A4B1A6001BDD8B90A78AB
:10D7C00002B10122486810B1007842EAC0024878EC
:10D7D00008B142F00202886810B1007842EA801273
:10D7E000887808B142F00402C86810B1007842EAB3
:10D7F00040221C490A60704708B91B480160704705
:10D8000008B91A480160704708B9194801607047A3
:10D8100010B91848006870470020704740B9164892
:10D8200011B1012902D003E00068704740687047D9
:10D830000020704738B9104811B1012902D0704753
:10D84000026070474260704710B90C48006870472A
:10D850000020704704800A5004A00A5004900A5027
:10D8600010800A5048800A5044900A5044A00A5040
:10D8700040A00A5040800A504C800A5054800A5000
:10D880000146002001290ED0122918D0142918D0E1
:10D8900021290AD022290AD023290AD024290AD0F2
:10D8A00032290AD0704703207047012070470220B8
:10D8B00070470420704705207047062070470720F6
:10D8C000704708207047000002460846521E13D0D9
:10D8D000113A18D0921E1CD00D3A032A01D9113AE0
:10D8E00016D1042914D8DFE801F019120C03050041
:10D8F000032070470420704781B1022901D006D36C
:10D90000704702207047022908D0032900D1012066
:10D910007047022902D00329F9D0704700207047D0
:10D9200070B5C2F30625044602F0070239B942EA8F
:10D930000522104842F4402240F8242070BD1146D0
:10D940002846FFF7C1FF06462846FFF799FF46EA3B
:10D950000026074840F8246070BD10B5064B9408B7
:10D9600003EB840312B101B10002186010BD000086
:10D9700058800350188003500080035000F082B894
:10D9800038B5F1F75BFEE0B900F014FDF1F77BFF6D
:10D990004FF41672384902FB0010384B384CB0FB7C
:10D9A000F3F060600020616B6268C3B204EB830532
:10D9B000EA606268401CC3B251180A2BF4DB616351
:10D9C000002032BD10B52E4C01206070F1F737FFFA
:10D9D000A06310BD10B5FEF764FB0446F1F753FFDA
:10D9E000844206D2F2F73EF918B125498863012036
:10D9F000487010BD38B5224C6078002838D0F1F757
:10DA00001EFFA16B401AA060A068002807BF01217B
:10DA1000A160A068A060F1F736FF4FF416731649B5
:10DA200003FB0010A268154DB0FBF5F0A268904210
:10DA300002D20020607031BD2178656B04EB810259
:10DA4000D068A368491C2D1AA068C9B25B19D060C0
:10DA500003F109020A25B2FBF5F50A2291FBF2F265
:10DA60000A20656000FB1211217000216170636360
:10DA700031BD0348406870473F420F0040420F00ED
:10DA8000C847002010B502212C20DEF7E9FF4FF433
:10DA900080112C4801602C482C4C446004214160CA
:10DAA0000460042202602C20DEF7CFFF2C20DEF77A
:10DAB000C1FF27480460042101602648026822F063
:10DAC00000720260016841F48051016010BD01469E
:10DAD000214A2248036813F0050F01D0107818B1CD
:10DAE00000200B00F5D170470120704700BF38B50A
:10DAF0001B4804681B4D60070FD504F00401A9649E
:10DB000008202860FFF766FFF2F7E3FAF2F7CFFA92
:10DB10000120F2F799F8F2F7A7F8E00706D504F02C
:10DB20000101A964FFF766FFF2F7C1FAA00044BF44
:10DB300004F00051A964002C44BF04F00044AC641C
:10DB400031BD0000649000507060005A010000A0D8
:10DB50007450005A2840005A6D5800205840005A0E
:10DB60007040005A2860005A01207047302250430C
:10DB7000404B18440069C84000F0010070470000A5
:10DB800018B593B00DF11C003EA11C22CDF70CFF7F
:10DB900000214FF480524FF4E134ADF82A10ADF873
:10DBA0002C208DF8351009940DF138003CA1142279
:10DBB000CDF7FAFE0DF1040040A11822CDF7F4FED6
:10DBC0003CA1D1E900232C4800F12401CDE9012337
:10DBD000012400918DF81A400EAB07AA01A900F0AC
:10DBE00001FC044600214FF4E13000F065FD2046C1
:10DBF00014B010BD214980B501F10800F2F776F9A3
:10DC0000BDE80140BCE700E000BF1B4800F09BBC42
:10DC100019490868096A084710B50C46022818BF58
:10DC200003280AD1012C01D0210006D105210020B2
:10DC3000FFF79CFF034604220DE0022C18BF032CC3
:10DC40000DD1012818BF002809D105210020FFF7B8
:10DC50008DFF0346002205210020F7F711FE022C5C
:10DC600007DA07480168086818B1416ABDE8104042
:10DC7000084710BD30C00350DC500020FC100020CD
:10DC80000C110020050000000000000000C201008F
:10DC9000000500000010000000000000000000006F
:10DCA00000C005502900000000050006000000002B
:10DCB000000000000000040024C005500000000027
:10DCC00000000000090A000054510020200000005C
:10DCD000000100000120704770477047704710F145
:10DCE000010F08BFF4F7AABC0120704738B50446FD
:10DCF0000D46ECF750FF29462046BDE8344000F0C1
:10DD000023BD38B504460D46ECF744FF29462046AE
:10DD1000BDE8344000F019BD704770477047704748
:10DD200070477047704770477047704770B504463A
:10DD30000D46164600F017FD594800210480456045
:10DD40008660C16070BD2DE9F84388461446002600
:10DD5000534FB4B102E000F017F80646FD68B8680A
:10DD6000A146401B844288BF814678684A464146A6
:10DD70004019D5F72FF94D44FD60B4EB0904C844B0
:10DD8000E9D13046BDE8F28310B5454C454BE26819
:10DD900061681868CDF738FE08B90021E16010BD50
:10DDA0002DE9F841A1B00C461546802201A90026B4
:10DDB000FFF7BCFF002C66D007E08DF800000122C1
:10DDC00069460020FFF7BFFF641C207800285AD066
:10DDD000A0F130020A2A04D20A2101FB0606303ED5
:10DDE000F2E7422818BF44280CD0462825D05728EF
:10DDF00008D0622835D066281FD06C281AD0702829
:10DE00001BD0DAE7422806D155F8042B69460120D9
:10DE1000DDF7A8FCD3E7572855F8042B694604D151
:10DE20000120DDF79FFC0222CAE70120DDF79AFC02
:10DE30000422C5E755F8046BC6E755F8041B4628CD
:10DE400008D10026F0B2085C00281EBF761CF2B292
:10DE5000FF2AF7D1F2B20020FFF775FF98B900262C
:10DE6000B2E755F8047BB8B20028ADD0DAF791FAE2
:10DE70008046B8B2DAF7A5FAC2B241460020FFF7F1
:10DE800062FF0028A0D0FFF77FFF22B0BDE8F0813D
:10DE90000CB480B502AAFFF783FF01BC5DF80CFB50
:10DEA000F853002044100020F8B50E461546984C53
:10DEB000010008D0E070002028704FF6FF73A070BA
:10DEC0002070A38007E0207818B1002121706078CD
:10DED000F2BDA17899B9A1883046F6F7BFFDA080C0
:10DEE000E078471EF9B211B90120A07002E029784C
:10DEF000491C2970304600F015F8E770F2BDA08883
:10DF0000012903D10221A170000A04E0022905D1F0
:10DF10000321A170C0B2BDE8F24003E0FF202870E9
:10DF20007E20F2BD112818BF132807D0182818BF6B
:10DF30001A2803D07D2818BF7E2806D180F0200043
:10DF40007349012248700A707D2070472DE9F04125
:10DF50000546704E30780C469046B378202738B985
:10DF6000F07000214FF6FF70717031710023F08066
:10DF700070783279F1888446182D27D01A2D23D055
:10DF80007D2D1FD07E2D24D108B900233CE0FF2831
:10DF900006D1772700203070B3703846BDE8F08195
:10DFA000F07800EB0220814218BF7627F2D1BCF155
:10DFB000030FB8BF7927EDDBBCF1CE0FB4BF00274C
:10DFC0007A27E7E720231FE07427E3E7FF2070703C
:10DFD0001AE05D400023BCF1CE0FBCBF401C707046
:10DFE000707803280DDBB3701046F6F737FDF0802C
:10DFF0007078CE2804DA3179801E217088F800000C
:10E00000B378F0783071F5700120C4E7030008BFE1
:10E01000422013465A1EDBB253B10B78434001F83D
:10E02000013B4308C00754BF184683F0B800F0E72F
:10E03000C0B2704780B5E3F76BFE010008BF4FF632
:10E04000FF703549088001BD10B5334C208858B1A8
:10E05000E3F75EFEB4F900106288401A00B2904205
:10E0600001DB012010BD002010BDF8B52B494C8804
:10E070004FF6FF72944208BF4FF44864264D6E88F5
:10E080000F883346974208BF4FF4C87708B1730032
:10E090000BE0288848B1E3F73BFE2988C6EBC606AB
:10E0A000401A80B206EB8006F30899B28C4204D382
:10E0B0003C469BB29C4238BF1C46002028806C80A6
:10E0C000F1BD80B5E3F724FE154909884FF6FF73CB
:10E0D000994208BF4FF47A7108180011C1B201B912
:10E0E000FF201049087001BD10B50E4C207848B1D2
:10E0F000E3F70EFE21780009401A40B2002803D44D
:10E1000000202070012010BD481E8041C00F10BDAE
:10E11000D0570020C8570020C45700204400E00F0B
:10E120005400E00F6B58002070B5134610440BE00C
:10E1300001F00F060909451E28460A2EACBF3724F8
:10E140003024A4192C705B1EDCB2002CF0D11044DA
:10E1500070BDF0B5002341B1002806D52D23137002
:10E160000123B0F1004F18BF404200210024904D20
:10E17000002655F8247001E0C01B761CB842FBD283
:10E18000F7B20FB90F0004D03036D9B256545B1C29
:10E190000121641C092CEBDB3030D9B250545B1CDC
:10E1A000D8B2F0BD2DE9F04F95B0814615469A469C
:10E1B000482103A80024D1F799F903AE0DF14C08CA
:10E1C000A3461AE04FF0010B05460DE03429F9D1C2
:10E1D0005AF8047B04223046390CFFF7A5FF0422CD
:10E1E000B9B2FFF7A1FF0646464505D300F0D2F8C5
:10E1F000002857D100F0D5F86D1C03A88DF8000059
:10E200009DF800002978301A00290FD0252905D063
:10E210005FEA0B0208BF06F8011BE5D05FEA0B01BD
:10E2200014BF4FF0000B6D1C29780A0000F0A58088
:10E23000B1F1250216D00B3A092A40F28A80283A19
:10E240000ED00A3A13D0521E40D0521E63D0083A64
:10E2500061D0121F3FD0D21E3DD0921E5BD0D21E85
:10E2600071D0C1E7252030707070B61CBCE7DAF8B9
:10E270000010DAF8040003AB0AF1080A00278DF851
:10E2800000300291019001988742ADD2029802229B
:10E29000C15D3046FFF748FF0646464505D300F00E
:10E2A00079F8002872D100F07CF80198401E87426E
:10E2B0003CBF202106F8011B464505D300F06AF853
:10E2C000002863D100F06DF87F1CDCE75AF8040BDE
:10E2D00006F8010B88E706465AF8047BF2B203A958
:10E2E0000020C847002851D1F0B2044401944821CD
:10E2F00003A8D1F7FBF803AE0022394600E0521C18
:10E30000D4B2085D0028FAD1D2B2C84700283DD166
:10E310000198241868E76C290AD16A785AF8040B26
:10E32000752A0EBF00210121642A07D16D1C05E06A
:10E3300075295AF8040B0CBF002101213246FFF762
:10E3400008FF361850E75AF8041B02223046C9B2BB
:10E3500047E768784FF0010B782818BF5828F1D1AB
:10E360006D1C681E4FF0000B32297FF42FAF5AF856
:10E37000040B042281B2304633E70546EAB203A912
:10E380000020C84710B92C19E0B200E0002015B0F9
:10E39000BDE8F08F9DF8000003A9361AF2B2002004
:10E3A0004847F6B23419482103A803AED1F79EB806
:10E3B0008466000880B50948ECF752FB40F601621C
:10E3C00000210220FFF7ACFA4FF4927200210220E4
:10E3D000FFF7C3FA02480168016001BDB06F000891
:10E3E00048800A502DE9F0439046012285B00492FE
:10E3F00003920C9D0FF22D2202920FF2F9121C468D
:10E4000001920FF2FD170A4600970FF2DD1329461D
:10E41000002600F0D2F9002840F08980206805F13C
:10E420004807DFF8B891286461686964607A787099
:10E43000217A3970E07AF870A17AB970607B7871CE
:10E44000217B3971E07BF871A17B3A20B971012100
:10E45000F8F78BFC617A207A01230422F7F710FA8F
:10E46000E17AA07A01230222F7F70AFA6068012113
:10E47000F8F77BFC88F800602068414600F080FCDB
:10E48000627C5748142152018150617C637A00EB11
:10E490004112217A41EA03419161617CE27A00EB09
:10E4A0004110A17A41EA024101613E7298F81900D7
:10E4B000032846D8DFE800F02D023E4101213972E1
:10E4C000617B207B00230222F7F7DAF9227B637B52
:10E4D000617C09F1080042EA034249014250216887
:10E4E000042041F25C0288509EB1E17BA07B0023B6
:10E4F0000422F7F7C5F9617C0220490149F80100BF
:10E50000A27BE37B617C09F10C0042EA03424901F2
:10E510004250207A3870617A7970286CC16C41F071
:10E520000401C1642068052100F019FC002005B039
:10E53000BDE8F08302203872D7E703200126387245
:10E54000BEE72320F3E738B5046804F130052A69F3
:10E55000906CC1070CD5012042F24803D0502969C4
:10E560008869800639D52046BDE8324000F0EFB911
:10E5700004212973207E30B9D06C012120F00400E1
:10E58000D064217631BD607E012804BF94F82D004F
:10E5900001281ED1002169711321104600F0BAFC38
:10E5A0002869C16C41F00401C1642869406AC0B2A5
:10E5B000112808BF012002D013280ED10020287195
:10E5C000227A302007494243881841694A1E2A604E
:10E5D00031BDD06C20F00400D06431BD20D7035091
:10E5E00020C703505800045080B5006C00F092FC26
:10E5F000002002BD006CC16C41F00401C164704791
:10E6000029B1006CC16C41F00101C1647047016C1B
:10E61000CA6C52085200CA64006C012142F24802DE
:10E620008150704738B50446206C80694006FBD5A0
:10E6300004F148056978287800F026F8E978A87888
:10E6400000F022F8287AC10703D56979287900F00B
:10E650001BF8287A810703D5E979A87900F014F826
:10E66000206CC16C49084900C164206CC16C21F068
:10E670000401C164206C002100F071FB606C00217A
:10E68000F8F773FB002032BD00230022F7F7F8B83B
:10E69000E0B5082000F08BFC02218DF80010054A3F
:10E6A00001920821684600F015F8082000F086FC69
:10E6B00007BD0000006A181020F07F4040EA81701A
:10E6C000E0B5012201908DF800200821684600F095
:10E6D00001F807BD2DE9F04105460E46002706F179
:10E6E000090800200AE044451ABF281810F8061C43
:10E6F0005D21C9B2082000F06BFC2046404520D2C5
:10E70000441C08B95B21F4E7012808BF311DF0D093
:10E71000022808BFD121ECD0032808BF8021E8D00F
:10E72000042808BF0021E4D0052802D139467F1C07
:10E73000DFE7C11C41451CBF821C4245D3D15A2191
:10E74000D7E70020BDE8F0817047704780B500F042
:10E7500081FC0D480FF21901002241608260CDF763
:10E760003DF9002002BD09494880002070470000A3
:10E7700038B5064C25786388009500F07BFC10B90D
:10E780002178491C217032BD904700207818002064
:10E7900038B50446CDF792F90546012105E038B5B4
:10E7A0000446CDF78BF9054600212046F1F728FBFA
:10E7B0002846BDE83240CDF785B92DE9F04F85B048
:10E7C00004460D4616469A46DDF838B0DDF83C8022
:10E7D000DDF8409040212846D0F788FED6E9002396
:10E7E0004FF0000C05F12C07C5E9002385F818C08F
:10E7F000F068E860316968612961317D3970B27D06
:10E800007A707860012038727872C5F81CA0C5F85B
:10E8100020B0C5F82480C5F82890307AB872717A93
:10E820000FF2A910F972256060600FF269210FF2F2
:10E83000D900A16020610FF2D9010FF2351061619A
:10E84000E06000F0C0FC00281CBFDFF874148842B0
:10E8500039D1002105F1080000F050FC98BB129856
:10E8600011990FF28502226201233B740FF2A90273
:10E870000FF2D503A261E361F873B97300207873D6
:10E8800001213973707D012804D1B87BFFF780FF27
:10E890000120787396F90900DEF7D7F896F9090098
:10E8A000DEF7C8F80FF29D30002104950390029125
:10E8B0002A690120009001926B68EA682968287A29
:10E8C00000F0A9FC08B110200BE096F90800DEF773
:10E8D000BCF896F90800DEF7ADF82046CDF77EF8D3
:10E8E000002005B0BDE8F08F58B100F13802107972
:10E8F000117809B1022801D0042802D10121117137
:10E90000704701207047000080F82C10704700000D
:10E9100090F82C007047000010B500F13904207801
:10E92000012908BF002805D16078FFF731FF0121D8
:10E93000217010BD002908BF012804D16078FFF7BD
:10E940002EFF0020207010BD90F83900704710B5E0
:10E9500000F12004227E4AB9226800219047012359
:10E960002376E07EFFF71BFF0220207710BD00001A
:10E9700038B504462568CDF73BF8A04204BF002017
:10E98000CDF72CF895F93600DEF75FF895F93600EB
:10E99000DEF741F895F93700DEF757F895F93700BB
:10E9A000DEF739F8287A00F079FC287A00F0F1FBDC
:10E9B00000F0CFFB002020606060A06020616061FB
:10E9C0002846AA6ABDE83240104700002DE9F0470A
:10E9D000044604F12C06884692463778CEF7B8FEF6
:10E9E000317B012908D1CEF7B9FEF07BFFF7D0FECD
:10E9F000CEF7AEFE00213173CEF7B0FE002510E059
:10EA0000012F04BF98F800000A2803D1E2690D2104
:10EA10002046904718F8011BE26920469047B0BB9A
:10EA20006D1C55452FD27078012828D1CEF790FE65
:10EA30008146207E00B3204600F034F9E168401E94
:10EA4000884202D220690844401E014606E0E2687E
:10EA5000491E914202D221691144491E72689142B5
:10EA600009D00A78112A18BF132AF0D1112A14BF2D
:10EA700000210121317270604846CEF76FFE307A76
:10EA80000028D0D0BCE7226A012120469047002010
:10EA9000BDE8F0872DE9F84F86B005460F461446CD
:10EAA0009846CEF755FE8346002C1CBF287E0028D2
:10EAB00000F0B880284600F0F5F86969884208BF80
:10EAC0006A7E814202D3E8682A691044401A84426F
:10EAD00088BF0446CEF73CFE824695F82D00A1463D
:10EAE00005F13006012828D1002013E0336899424F
:10EAF00004D1112A14BF002101213171A9F10109AA
:10EB000031686A698A4204BF491C31606A69401CE5
:10EB1000511C6961A04208D269690A78112A18BF9C
:10EB2000132AE3D007F8012BEAE7E8682A6931687D
:10EB30000244914209D1306007E0696922463846B3
:10EB4000CCF732FF686920446861E8682A6969691E
:10EB50000244914208BF686100206876287A0FF26B
:10EB6000E50400F075FB284600F09CF869698842CE
:10EB700018D100202876E9680F466F6195F82D00BE
:10EB800000B13160696A28468847049500200394E3
:10EB9000029029690122009201916B683A46296826
:10EBA000287A27E001202876287A0DF1150100F057
:10EBB000B1FB9DF8150070B3287A05A900F08BFB16
:10EBC0009DF8140038BB2F7A284600F06BF869696D
:10EBD000814202D2E9682B691944091A0DD00495C3
:10EBE00001910022012103940292009102466B6878
:10EBF0002968384600F00FFB0DE00121697695F891
:10EC00002D0040B100217171EA6913212846904717
:10EC1000696A28468847287A00F028FB5046CEF7D4
:10EC20009DFD01E04FF00009C8F800905846CEF76E
:10EC300095FDD8F8000000280CBF1B20002007B06D
:10EC4000BDE8F08F30B50546144685B0204600F08B
:10EC500029F86169814202D2E16823691944091ADD
:10EC60000ED00191174A00230121049403920293CC
:10EC70000091636821680246284600F0CCFA0EE055
:10EC80000121617604F12D01087840B100220A7259
:10EC9000E269132120469047616A20468847002098
:10ECA00005B030BD01460B7A3020074A4343D018E7
:10ECB0004069CA6809691144884208BF1046704714
:10ECC000038000F045EC030858000450DFF81422DC
:10ECD000904204BFDFF810321960C16D41F080012D
:10ECE000C165704770B5044615461E4621B94FF4FC
:10ECF0002070F8F753F80146300006D0202E06D0D9
:10ED0000402E06D0602E06D070BD102004E00820F2
:10ED100002E0062000E004204543A268680800EBFA
:10ED2000411022F06002A260A268B0FBF5F06F49CA
:10ED300016432038A66001EAC001E16170BD38B514
:10ED400004460800154604BF4FF42070F8F726F873
:10ED5000401E6D00B0FBF5F00002E06131BD012204
:10ED600041F20403C2500A46D3435B0003F00A0396
:10ED70004361426119B9012142F204028150704796
:10ED800070B504460D4600F089F841F2040166189A
:10ED900001223260A87C18B1A06840F08040A060D9
:10EDA000E87C18B1297D2046FFF790FF6A7BB5F912
:10EDB0001010B5F90E000A430243E2602B7BAA68EB
:10EDC00069682046FFF78EFF00F051F8687E022840
:10EDD00018BF032803D102204549086002E002223F
:10EDE00044480260687E012818BF032802D104202D
:10EDF000B06503E0042142F25C0021502A78626190
:10EE000070BD38B504460D4600F048F8012141F2C6
:10EE10000402A150A87B002814BF4FF48061002198
:10EE2000A268B5F910000243114341F00101A1604D
:10EE3000287D08B14FF00050A1680843A060A87C6D
:10EE400018B1E97C2046FFF741FF287B40F4805051
:10EE5000E060AA6869682046FFF771FF687B08B127
:10EE60001021616100F003F82878606131BD687D90
:10EE700018B1A06840F48030A060A87D18B1A068E7
:10EE800040F40040A060E87D297E000700F0E040EB
:10EE9000090501F4E0010843A0657047012141F232
:10EEA0000402815040F6AA63436100218160002280
:10EEB000C26541F20501C16002610021C16142F2F7
:10EEC0000401C26401440C4B4B64064B82659842BA
:10EED00003D10A48026000234360012008607047A4
:10EEE0000000000000C00550C8810350F8FF7F00FB
:10EEF00020D7035020E70350FFFF010050C005500A
:10EF000082695306FCD5C16381698A06FCD5406AD3
:10EF1000C0B2704782695306FCD5C16370470000D8
:10EF20001CB5002100913B48EBF79AFD0123042218
:10EF300003210020F6F7A4FC0020F6F7A0FC012036
:10EF40003549086069460520EBF784FD00282DD17E
:10EF500032480168324B4FF4807441F00101016086
:10EF6000C268304942F08072C2602F480865009A3A
:10EF70002E488218B2FBF3F32D4A02205B1E136069
:10EF80002C4B18602C4A14602C4808602C492D4BDF
:10EF900019602D480268FF212C4B42F480720260F8
:10EFA0001970026822F480720260002016BD2649A2
:10EFB0000A68012303FA00F0104306E022490A68B8
:10EFC000012303FA00F022EA0000086000207047E5
:10EFD00010B500F009F805D500F00AF803F8201084
:10EFE000002010BD112010BD164A1368DC077047C1
:10EFF000174A136843F080731360134A146801239F
:10F0000083401C4314604FF0604353F82020002AD3
:10F01000EED07047AC6F000844D40350F0ED00E030
:10F02000F8590D00B00F00E0FF030040FCAC0600F3
:10F03000100004E0F00004E0040304E055CEACC589
:10F0400009000100800E00E0000E00E0200000E05A
:10F05000FCED00E010B5274C206848B90120206085
:10F060000820FFF7A4FF04F10C01201DF0F73EFF7C
:10F07000002010BD2DE9F843174688461E46089D1E
:10F0800007F1090900200AE04C451ABF404410F876
:10F09000061C5D21C9B20820FFF79AFF20464845AB
:10F0A0001FD2441C08B95B21F4E7012808BF391DB1
:10F0B000F0D0022808BFD121ECD0032808BF314688
:10F0C000E8D0042808BF310AE4D0052808BF294643
:10F0D000E0D0C11C49451CBF821C4A45D4D15A21ED
:10F0E000D8E70020BDE8F283034801680A02FCD497
:10F0F0007047000058100020800E00E070B50446F4
:10F10000DFF8D013087810B9DFF8CC0370BD14B95C
:10F11000DFF8C80370BDCEF71BFB01460022DFF805
:10F12000C03315015E19307B18B1521C082AF8D380
:10F1300009E022600120307300225A510846CEF7C0
:10F140000DFB002070BD0846CEF708FBDFF89403E6
:10F1500070BD10B5CEF7FCFA04460021DFF880231D
:10F1600002EB0113187B18B9491C0829F8DB05E0EC
:10F170002046CEF7F3FADFF8700310BD00F0D4F9A3
:10F180000020DFF8501308702046CEF7E7FA002081
:10F1900010BD10B50446DFF83C13087800B996E0BE
:10F1A000082C00D395E0CEF7D3FADFF8342302EB36
:10F1B0000412117B11B100231373E6E7CEF7CEFAE8
:10F1C000DFF8280310BD80B50FF258310A6800231C
:10F1D00000928DF80030CEF7BBFA00F070F821B144
:10F1E000CEF7BCFADFF8080302BD01211170CEF79B
:10F1F000B5FA0020DFF8E812002201EB0013401CF2
:10F2000008281A73F9DB08208DF80300684600F01F
:10F21000A7F9002002BD70B588B000F006F8012102
:10F22000002000F0BBF808B070BD109C0F9D01934A
:10F2300007949DF8384006950D9D05949DF8304043
:10F24000009200260B4602460495039402967047EE
:10F2500080B500F034F801B916E0082800D315E0B5
:10F2600000F030F801B913E0002113E080B500F0A0
:10F2700026F801B908E0082800D307E000F022F8DA
:10F2800001B905E0012105E0934802BD934802BDA4
:10F29000984802BD00F05BF9002002BD80B500F087
:10F2A0000EF801B9F0E7082800D3EFE700F00AF8FC
:10F2B00001B9EDE700F0BDF9002002BD0C46854A1A
:10F2C00011787047864A02EB0013197B7047824819
:10F2D00010BD824810BD10B57E4B1A7802B9F6E712
:10F2E000082800D201B9F4E700F00AF802B90CE0EE
:10F2F000814A1368C34013F0010018BF012006E0E3
:10F30000774B03EB0014227B70477A4810BD0870DE
:10F31000002010BD10B5FFF7D1FF01B9D7E70828CD
:10F3200000D204B9D5E7FFF7CDFF01B9EDE700F052
:10F330008CF92070002010BDF8B56F480168446852
:10F340000C4000D5FEE70025012634421FD0644A58
:10F3500002EB051769490E603868C0B1B8687A6871
:10F360003B68401CB860014628469847002804BF07
:10F37000787B01280BD1624901EB4510C26822F06D
:10F380000202C2601030C16821F00201C1606D1C30
:10F390007600082DD9D3F1BD000000002DE9F04F13
:10F3A0009B464C4C237887B00BB94B488FE00192B9
:10F3B000082A12D2109C002C1CBF119D002D0CD0CD
:10F3C000DDF8508040F60102904506DA8DF8000025
:10F3D000129E012808BF002E01D1404877E0019815
:10F3E000DFF8FC9009F10C0200010290105C08B9F2
:10F3F00040486CE08DF8011003A81021D0F776F892
:10F4000001983F49DDF84CA001EB40179DF8010041
:10F41000002838460BD100BF3AA11022CCF7C4FA1D
:10F42000BAF1000F0FD1386840F040700AE000BF19
:10F4300038A11022CCF7B8FABAF1000F03D138681E
:10F4400040F040503860CDF80CB03968A8F10102A6
:10F45000159862F30E113960BC607D60396860F305
:10F460009B6139609DF80000169C012817D113217B
:10F47000F96007F1100039461022CCF795FA07F130
:10F480001000017B01F0030161F00F01C1607E619A
:10F490009DF8010001280AD1BD617E6007E02000CF
:10F4A00001BF9DF80000002821F480113960029905
:10F4B000179849440C604860002088609DF800203F
:10F4C0004A7301983A4603A900F078F8002007B083
:10F4D000BDE8F08F6F580020028000F0018000F03E
:10F4E0005C4F0020048000F0058000F0068000F0F2
:10F4F000038000F0078000F05000045050200450BA
:10F50000DC4F002000001030000000000000000070
:10F5100000000000000010030000000000000000D8
:10F52000000000001E00000380B51520DDF773FA0F
:10F53000514800210165FF22426201602020F7F757
:10F5400014FC00212120BDE80440F7F70EBC00297F
:10F550000CBF4A494A49012202FA00F0086070478C
:10F5600010B5044601212020F7F7FFFB01212120DF
:10F57000F7F7FBFB40480121016022781206426048
:10F580006178A27842EA0142FF2142614162002291
:10F5900042630021C1634FF0004202654FF0FF302B
:10F5A000384908601520DDF750FAE1781520DDF7BD
:10F5B00057FA1520BDE81040DDF73CBAF8B5012533
:10F5C0008540314E0C46B5632168304B304F43F8CF
:10F5D000201030214843637B920838448360E37AEB
:10F5E000A17A92001B0543EA0143217B43EA415380
:10F5F00043608261CEF7ACF8264AD563217A264B68
:10F6000011B1996829439960617A11B11F682F433C
:10F610001F602179A77947EA014737606179E4796A
:10F6200044EA01441460F5611D61BDE8F240CEF783
:10F6300095B810B500F019F81849CA6AA243CA6211
:10F640000C60BDE81040CEF789B838B500F00DF871
:10F6500013490A680025224201BF89682140A1425E
:10F660000125CEF77BF8284632BD0446012000FA7A
:10F6700004F4CEF76DB800000400045040100450AC
:10F6800040200450502004501820045004400450DE
:10F69000580004501810045038000450280004503A
:10F6A0002C00045038B592B00020CDE9000002A82B
:10F6B000D5F7A7FE9DF8150004218DF8081040F03D
:10F6C00001008DF815000024DFF88C538DF80940F7
:10F6D00002A8D6F71FFB48B31923E2B2192107A8E5
:10F6E000D4F788FE102209A90EA8D3F773FC0822CC
:10F6F00007A903A8D3F76EFC0822694603A8D1F72F
:10F7000085F898B10EA902A8D6F7B2FF18B1687AA9
:10F71000401C68720AE000F040F8192307AAE1B221
:10F720001920D4F770FE6878401C6870641CE0B241
:10F730000C28CBDB002013B030BD70B596B000F0C4
:10F74000C1F8072100F065F8C44E21E000F025F86B
:10F75000342309AAE1B21F20D4F755FEE878401CF3
:10F76000E87014E000F01EF888B13423E2B21F21E3
:10F7700009A8D4F73FFE10220DF1360100F04EF833
:10F7800000F051F80028E1D0E87A401CE872641CCF
:10F790003178E0B28842E5D338E0FF22102109A891
:10F7A000D0F75ABD8DF801406846D6F7B3BA78B5A0
:10F7B00095B000F087F8082100F02BF8A84E21E062
:10F7C000FFF7EBFF302309AAE1B22120D4F71BFE9B
:10F7D000E878401CE87014E0FFF7E4FF88B13023BC
:10F7E000E2B2212109A8D4F705FE10220DF1320161
:10F7F00000F014F800F017F80028E1D0E87A401C77
:10F80000E872641C3178E0B28842E5D3002016B07B
:10F8100070BD8DF8001000248F4D704705A8D3F7F8
:10F82000D9BB8DF8000005A96846D6F721BF0000B6
:10F8300010B592B0044600F045F801218DF8001093
:10F84000FFF7B0FF00283AD09DF80100012803D14E
:10F850001123022205A903E01123062205A9012094
:10F86000D7F743FC102205A90AA8D3F7B3FB0EA8CB
:10F870007DA11022CCF798F810220EA90AA8D0F783
:10F88000C5FFE0B10AA900F051F820B1207A401C70
:10F890002072012014E0FF22102105A8D0F7DCFC23
:10F8A0009DF80100012807BF11230222112306221F
:10F8B00005A90020D7F719FC2078401C20700020F3
:10F8C00012B010BD6846D5F79CBD10B590B0FFF7DB
:10F8D000F9FF02218DF80010FFF766FF18B31A2315
:10F8E000082205A90120D7F700FC10220DF11E0106
:10F8F0000CA8D3F76FFB0CA900F018F820B1607AC0
:10F90000401C607201200FE0FF2210210DF11E004B
:10F91000CCF756F81A23082205A90020D7F7E5FBF3
:10F920006078401C6070002010B010BD68464A4CE2
:10F93000D6F79EBE2DE9F84193B0FFF7C3FF05212E
:10F940008DF80010FFF730FF804606208DF800008C
:10F95000FFF72AFF064656EA080038D028237F2200
:10F960001D2109A8D4F746FD012501243A4FB8F11D
:10F97000000F0AD010220DF12901FFF74FFF0520DB
:10F98000FFF74FFF050000F026F856B110220DF1E9
:10F990003901FFF743FF0620FFF743FF040000F0A3
:10F9A0001AF8B87898B12DB9FF2210210DF129006D
:10F9B000CCF706F82CB9FF2210210DF13900CBF756
:10F9C000FFFF282309AA7F211D20D4F71CFD00205A
:10F9D00014B0BDE8F08103D0B87A401CB87270470B
:10F9E000B878401CB870704770B5DDF78EF8040029
:10F9F0001CBFA520DDF77EF80020FFF719FF0120CE
:10FA0000FFF716FFFFF761FFFFF794FFFFF74AFECE
:10FA1000FFF793FEFFF7CBFE0021002500200E4AE2
:10FA2000135C591813181E7A401C75190528F7DB4A
:10FA300045EA010080B248B10A4E89B23046CCF79F
:10FA4000A4FEA9B206F12800CCF79FFE1CB1BDE8C8
:10FA50007040DDF727B870BD30320020A5180020B7
:10FA600057580020C8610008FFFFFFFFFFFFFFFF9E
:10FA7000FFFFFFFFFFFFFFFF80B503200549088060
:10FA80000020D7F7AAFF024600210348BDE808403E
:10FA9000FDF7D4BDB85700203C6200080220FDF7F6
:10FAA0009BBA000010B50446FCF7A4FA4FF47A7133
:10FAB000B0FBF1F000281EBF084AB2FBF0F00028AE
:10FAC0000AD04C430322B4FBF0F0B0FBF2F018B1C3
:10FAD000BDE81040C6F74CBB10BD00BF40420F0050
:10FAE00000F000B872B61EF0080F08D01EF0040F28
:10FAF0000BD0DFF848E0AEE8FF1F11480AE0DFF85E
:10FB00003CE0AEE8FF1F0F4804E0DFF830E0AEE86D
:10FB1000FF1F0D486946EFF309828EE8070086460D
:10FB20000A480B4C854501D3A54501D384F30888C9
:10FB3000D6F7FBFB84F30888D6F7D2FB9858002051
:10FB4000FDFFFFFFF1FFFFFFF9FFFFFF4000002077
:10FB500000100020FFF7C6BFFFF7C4BFFFF7C2BF0A
:10FB6000FFF7C0BF1CB5174CFFF774FA20600120E7
:10FB70000090202304F10C021AA10820CBF7C9FE43
:10FB80000FF2290060600FF24501A1602046CBF71B
:10FB900025FFCBF793FF044601210120F0F730F950
:10FBA0002046CBF78FFF002016BD000038B5064C6D
:10FBB000257811230095FFF75DFA10B92178491CCB
:10FBC000217032BD9C4700206C58002010B51C46A7
:10FBD0000820CBF790FE206008B91B2010BD002044
:10FBE00010BD000073696C61627376756172746434
:10FBF0006F776E00E0B500BF06A0D0E9002368462D
:10FC0000CDE90023FCF7ECF80C20FCF71AF90020F2
:10FC10000EBD0000010310010109030038B58AB0D0
:10FC20004FEA0D0062A11422CBF7BEFE002404218E
:10FC30000294019152480078FF2808BF3F208DF8B8
:10FC400001006846F7F75CFC3220F7F793FC684642
:10FC50004C492822CBF7A8FE07944B4801680A03B9
:10FC600005D4446804F0FF0414F1010F05D147489E
:10FC700004884FF6FF72944202D014F1010F00D1B4
:10FC80008C248DF81940F7F70AFC041984F3080056
:10FC90008DF818003E48FCF7BFF96846F7F7F1FA0F
:10FCA0003220F7F76BFC3B48F7F770FA3A48F7F762
:10FCB000AEFC01213620F7F758F80020374CF7F753
:10FCC00063FCF7F721FA2168032060F30201216049
:10FCD0002268002022F4744242F480622260F7F726
:10FCE00025FA2F480168090E11F0010103D00368BD
:10FCF00023F0807303602269012565F3010222610C
:10FD00002269226119B1016841F0807101602548C2
:10FD100002680221244C61F302020260826861F3EE
:10FD200002028260026E65F301020266026A61F3FA
:10FD300001020262026C61F301020264206C61F351
:10FD400001002064206861F302002060A06861F374
:10FD50000200A060206F65F301002067206A65F350
:10FD600002002062F7F7F6F91048016861F004011B
:10FD70000160206E65F30200206600200BB030BDEC
:10FD80009C00E00FC06F00084C81E00F0001E00F05
:10FD9000C017530200B4C404C0EA210170800050AF
:10FDA000FCED00E0208100500082005010E000E0F7
:10FDB0000126000004000000000000000001000017
:10FDC0000000000000B585B04FEA0D0005A1142227
:10FDD000CBF7EAFD69464FF0FF3000F00DF805B0B3
:10FDE00000BD000002000000006A180000020600CA
:10FDF00000000002070000000846EAF77DBD000091
:10FE0000DFF800F0E1170020DFF800F09D17002078
:10FE100028B1B0F1FF3F01D13148704731487047F8
:10FE200080B5DCF7A1FE002002BDDCF7A9BE1CB541
:10FE300004466846D4F7CCF89DF802000121002260
:10FE40002080E170A270D4F7EBF86060002016BD4E
:10FE5000704770B50C460546264615F0030308BFEB
:10FE600016F0030108D1002A1EBF55F8043B46F8DE
:10FE7000043B521EF7D104E0014692002046CBF726
:10FE800093FD002070BDF8B5970005460E463A4632
:10FE9000FFF7B6FFFFF7BCFF040006D13A46314634
:10FEA0002846D0F7B3FC00B10F4C2046F2BD38B560
:10FEB0000546FFF7A9FFFFF7ABFF04000DD1D4F70C
:10FEC000AFF8002100E0491CB1EB900F05D255F8C6
:10FED000042B12F1010FF6D0044C204632BD000075
:10FEE00021E000F024E000F010E000F00EE000F06F
:10FEF0002DE9F84187B0684641A11C22CBF754FD9B
:10FF00003448EAF7ADFD344C2046EAF7A9FD01215B
:10FF10008DF80E10314ADFF8C880029269464046DB
:10FF2000FEF76FFF0123042200F066F80023012290
:10FF3000022100F062F801230422012100F05DF8A3
:10FF400001230422002100F058F8264E2648706153
:10FF50004FF0021131612548B0611C2131604FF42E
:10FF60004870FFF79FFD224F012038601420FFF7F3
:10FF700099FD204D012028602320FFF793FD0120EB
:10FF80003860B9214046FEF7BBFF012028600023FE
:10FF9000002200F031F800230022022100F02DF8A9
:10FFA00001230022012100F028F801230022002172
:10FFB00000F023F84046FEF771FF00207061002139
:10FFC0003161B06131602046EAF74DFD08B0BDE80F
:10FFD000F0810000AC6F0008B86F000800127A00D2
:10FFE00000C0055020C703500200010002000300BA
:10FFF000A0E00350A0D0035003210220F5F740BC3D
:020000040804EE
:10000000050000000000000040420F000501000054
:1000100000000000000000000000000080B506485D
:10002000EAF71EFD00F00AF8BDE80140FFF760BFE7
:100030000148EAF715BD0000AC6F000870470000EA
:100040002DE9FC4100204424DFF88054DFF880646F
:1000500004E0C2B26243FF21401CA9543378C1B20C
:100060009942F6D300F0A6F90027DFF868840BE088
:100070000423FAB222216846D4F7BCF9F8B26043EF
:1000800000997F1C2844016398F80020F8B2904240
:100090003CBF31788842EBD3DFF83C040178DFF8CD
:1000A0003C0429B14FF47A725143D9F7EEFB01E0D9
:1000B000D9F73EFCBDE8F38170B50024DFF80C549D
:1000C000DFF80C6408E0E2B244204243FF21E0B2D2
:1000D000A95400F0FAF8641C3178E0B28842F2D3F7
:1000E00070BD44214843DFF8E423105C012818BFA9
:1000F00000207047F8B504460025DFF8D063DFF82C
:10010000D07301E06D1CEDB2387885420DDA4420E1
:100110006843325C012AF5D13044011D2046F8F7CE
:1001200069FF0028EED02846F2BDFF20F2BD442230
:100130005043DFF8983318440163704770B50446A4
:10014000FFF7D8FF0546FF2826D100F038F805460E
:10015000FF2821D02A4644204243DFF870138E182E
:100160000C222146301DCBF71FFCFF22102106F187
:100170003400CBF725FC06F12C0000214160FF2163
:1001800001704FF6FF727285237A012232707380FC
:1001900000244470B174B177284670BD38B5DFF8DB
:1001A00030231378984209D2054644214D43FF2459
:1001B000DFF818235455BDE8324086E031BD10B554
:1001C0000020DFF8082300E0401CDFF804130B7860
:1001D000984208DA44244443115DFF2918BF0029DE
:1001E000F2D1C0B210BDFF2010BDDFF8E42238B557
:1001F0001578044601200B46AC4201D3272032BDBE
:1002000044214C43DFF8C4120A5D012A07D12BB107
:10021000442221441846D2F7DDFE002032BD2D20B5
:1002200032BDDFF8AC2238B513780446984201D3CA
:10023000272032BD442010FB04F0A44B11B9FF2548
:100240001D5403E044221844D2F7C4FE204600F0B7
:100250003CF8002032BD30B5002000219B4A06E06A
:1002600044246343D35C012B08BF401C491C984CB9
:100270002578CBB2AB42F3D3C0B230BD94491CB5A4
:100280000A78044690421FD2442010FB04F08F49A4
:100290000A5C012A03D10844006B00900EE004239D
:1002A0002246222101A8D4F7A5F8FF22042168469E
:1002B000CFF7D2FF01980099884205D004236A46FF
:1002C00021462220D4F79FF813BD8149F0B50B7861
:1002D00095B0044698426BD2FF2230216846CFF792
:1002E000BBFFFF22102111A8CFF7B6FF2046FFF772
:1002F000F8FE00284CD022464420424373498D1812
:100300002B788DF800306888ADF80200287B28B97A
:100310000422291D01A8D2F75DFE09E0022807D1B9
:100320000822291D01A8D2F755FE687B8DF80C0024
:1003300005F12C0670788DF80D0010F01F0F05D018
:10034000102205F1340111A8D2F744FE00204FF627
:10035000FF71EC460C2242430DEB00032A44977CCC
:100360009F770CEB8003022F04D1978A1F84D28AD7
:100370005A8401E019845984401C0228EADB688D04
:10038000ADF82C00297C8DF82E1032788DF82F20B6
:1003900030236A4621462120D4F735F82046FFF75E
:1003A0006DFF0CA8D5F72DF800F06BF8D6F760F9C3
:1003B00015B0F0BD2DE9F84195B00024DFF81081AB
:1003C00058E0042201A9301DD2F704FE0022327346
:1003D00032E03023E2B221216846D4F70BF80CA8B2
:1003E000D5F70FF800F04DF8D6F76EF944216143C8
:1003F0009DF8002035484618FF2A02D1FF203070B2
:1004000036E03270BDF8025006F12C0710227580DC
:100410009DF80D0011A9787006F13400D2F7DAFDCD
:10042000A807CED5082201A9301DD2F7D3FD02209E
:1004300030739DF80C00707300200C2141430DEBCC
:100440000002937F31446A468B7402EB8002138C66
:10045000401C02288B82528CCA82EEDBBDF82C0035
:100460000DF12E0170859DF82E003074487838709B
:10047000641CE4B298F800008442AADB16B0BDE820
:10048000F08108218DF830108DF8314011A90CA8A9
:100490007047F8B5104D2878104C90B100260D4FDC
:1004A00002E0FFF7EBFE761C3978F0B28842F8D311
:1004B00029784FF47A7041432046BDE8F440D9F7DB
:1004C000E4B92046BDE8F240D9F732BA7C400020BA
:1004D0005758002056580020A6180020341200203B
:1004E00080B50020FCF780F8BDE80140FFF7C4BAF2
:1004F00010B50C4C207840B1FCF7D0FC28B140F28C
:100500000220D5F7EDFE00202070FCF76FF808B14F
:1005100000F062FA0449087818B9BDE8104000F00C
:100520009FBD10BD885800208B58002038B500F0C2
:100530000AFA4AD103216846CEF7D8FF00220120EB
:10054000626020742070207A03286AD0042800F0AA
:10055000938007286BD0112824D015286AD0302822
:1005600034D031283BD032283CD0352842D03628F0
:1005700054D037283BD038282ED039286BD03C288F
:100580005BD03F2864D0412823D0422869D043283B
:100590006AD0442875D0452860D0462874D04728B2
:1005A00075D078E007212174DFF8605B298804F1B9
:1005B0001100DBF7D3F8A878E074E9782175287981
:1005C00060756979A175A879E07531BDEEF742FFD4
:1005D0005FE0EEF7EDFC5CE0EEF735FF59E0EEF79B
:1005E000B6FE56E004202074EEF7A7FE29E0EEF7F1
:1005F000B9FE4EE003202074EEF7ADFE010003D0FB
:1006000068460322CBF7D0F99DF8000060749DF88E
:100610000100A0749DF80200E07431BDEEF793FE76
:1006200037E002202074D7F796FC01461FE0D6F78A
:10063000E9FD2EE0E1F7A0FA2BE00420207400F0A1
:100640000BFE024604F111010120DBF78BF831BDEE
:10065000E9F7BBFE1DE0DFF71DFB1AE0DFF711FB3A
:1006600017E0DEF7C2F814E0DFF8A40A018804F10D
:100670001100DBF773F831BDDFF8980A0178617477
:1006800031BDD6F703FA04E0D7F752FB01E0D9F702
:1006900005F8607431BD227031BD38B500F053F9F2
:1006A00040F0968001212170207A042838D0072854
:1006B00042D00E2848D0112800F0A580152800F05F
:1006C0008A80172800F08E80182800F0968019285C
:1006D00000F0968030286FD031283CD032284AD0A4
:1006E00035285DD036283DD0372851D0382869D0FC
:1006F000392800F08A803A2800F091803C2800F0E8
:1007000092803E2800F093803F2800F09780432895
:1007100000F0988045287CD0472800F09B809DE021
:10072000217C012955D100F09CF8DFF8E819087008
:100730000020FBF7D9FF5EE0607C10B1D6F735FDF5
:1007400045E0D6F741FD42E000F08BF8EEF705FEFC
:1007500000283CD03DE000F084F8EEF7F6FD0028DC
:1007600035D036E0207C012824D1607CEEF7E9FD0D
:1007700000282CD01EE0207C04281BD104F111019C
:100780000120DAF7FEFFEEF7DAFD00281FD011E0B6
:10079000207C01280ED1607CEEF7E1FDB8B109E0C4
:1007A000207C032806D1E37CA27C607C0021EEF74C
:1007B000D0FD60B1212113E094F91100EEF74CFE59
:1007C00028B106E094F91100EEF73FFE08B9606029
:1007D00031BD2120FBE794F91100E0F7A7FB0021D0
:1007E000616031BD657C04F11200DAF7B1FF0146AA
:1007F0002846E7F749FC0020E9E7E7F73DFCFAE780
:10080000E7F733FCF7E70221EAE7607CDFF72EFA2F
:10081000DDE700F026F8BDE83240DFF735BA607C4E
:10082000E1F733F9D3E7BDE8314000F017BD04F13B
:100830001100DAF78DFFE9F7B9FDDCE7607CE9F735
:10084000B9FDD8E704F11100DAF782FFDFF8C0182C
:100850000880D0E7607CD8F724FFCCE70021217026
:1008600031BD607C00B10120704710B50446DFF84F
:10087000A808818856290CBF01210021207808BBD7
:10088000607800226260072810D131B1EFF71CFDBB
:10089000012814BF632062200EE0207A62280CBF7A
:1008A00001200020EFF715FD606009E0042809D160
:1008B000DFF8680811B10078207201E0217A017038
:1008C0000120207010BD10B500F03DF83AD1002194
:1008D00020896160012222706178012914D00C29DD
:1008E0000FD017291AD02D2908D0342919D0392929
:1008F0001AD041291BD042291DD020E0DFF8200862
:1009000017E0D7F70FFA1CE0DFF818180968B1F5FF
:10091000803F32BF08461D21616012E0DFF8080801
:1009200007E0DFF8081808E0E1F7BFFA09E0DFF8B0
:100930000008007805E0DFF8FC17087801E00022E5
:100940002270208110BD044620780028704710B521
:10095000FFF7F9FF3FD101212170617860600C2918
:1009600014D0172918D02D2908D034291FD039299F
:1009700027D0412918BF422928D02AE020890328FE
:10098000A8BF212023DADFF8981718E02089BDE8F6
:100990001040C0B2D7F7C9B92089F4F7A9F918B93E
:1009A0002089DFF884170AE02122626010BDDFF899
:1009B0007C1720890A78824238BF212007D308702B
:1009C00010BD2089BDE81040E1F76ABA02206060DE
:1009D00010BD0021217010BD2DE9F84FDFF858A798
:1009E000AAB0FBF72EFEFBF747FEDAF80010074629
:1009F0008A784878134602F00302012A09D140EAB6
:100A000003200A79CB784FF0000843EA022305223D
:100A100002E04FF001080322DFF8FC66B38000F02B
:100A200003038DF813300B781144DFF8102733706F
:100A30001160DFF80C4721600021B170000603D57A
:100A40005821B1803220CBE2707828B9B08818B133
:100A50005821B1803020C3E2FBF7B4FD18B958200B
:100A6000B0804220BCE201208DF80000684600F012
:100A700047FC9DF80000002800F0B482B08871782F
:100A80000FF2F429DFF8BC56020061D0012800F013
:100A90001F82022800F09280032800F0D1800528F0
:100AA00033D0062800F00B81092818BF0A2800F06F
:100AB0000F810B2818BF0C2800F011810E2800F0C0
:100AC000A881132800F00982172800F01882262830
:100AD00000F00982272800F00D82472800F00082EC
:100AE000492800F087814E2800F0BB814F2800F094
:100AF0001282522841D0532852D0552870D05628FF
:100B000000F07E80652818D0812800F0D1808F28E1
:100B100000F00482902800F00F82912800F04E82AD
:100B2000942800F029829D2800F0CD81AA2800F0A9
:100B30007D80AB2800F09F80F12800F0B381FC2875
:100B400000F0E68140F20513984200F0A78041E2F0
:100B5000FCF704FA07460E20FCF71CFA0220FCF70B
:100B600019FA4FF40040FCF724FA7078002808BF07
:100B70000E2F01D10120707034E200F05FFA8DF881
:100B80000100684600F099FB9DF8000020B9212182
:100B900000220191ADF8082002AB01AA77A141E043
:100BA000012918BF02201AD100F050FA74A10120C7
:100BB000FCF796FC684600F08EFB1AE001290ED186
:100BC000791FC9B20520FBF744FD010008BF1920B9
:100BD00005D0F4F760FA00280CBF2120002094E132
:100BE00000F034FA67A10120FCF77AFC684600F0B7
:100BF00052FB9DF8000008B921210191019884E180
:100C000000F01CFA8DF80100684600F042FB9DF8E8
:100C1000000020B92121002201918DF8082002ABAB
:100C200001AA59A10020FCF75BFCDBE100F002FA0D
:100C3000FCF794F98DF81C0005A800F010FB0AE001
:100C400000F0F8F908AB07AA50A10120FCF748FC16
:100C500005A800F010FB9DF8140020B92121002206
:100C600006918DF8242000F0DEF906AA49460020FE
:100C7000FCF736FCB6E100F0DDF900F0D4F907AA84
:100C800043A10120FCF72CFC05A800F0F6FA9DF822
:100C9000140000280CBF2120069836E1FCF75EF90D
:100CA0000746FCF75BF901463846E4F738FA2CE1D1
:100CB000062F03DB20683844411F216092E10120A8
:100CC00000F0CEF9002840F0AB810720B08089E128
:100CD00009280CBF01200020FEF7E0FE82E10C286D
:100CE0000CBF01270027FCF739F90446062C16D162
:100CF000002F40F0B4802820FCF74CF9DFF84804BE
:100D000001880223FAB26846D3F774FBBDF80000ED
:100D10007F1CFCF74EF9F8B21428EFDB62E1082CD7
:100D200018BF0B2C64D0380002D0092C00F097803B
:100D30004FF0000BDFF8149409EBCB0528788442C0
:100D400040D1380004BF6878FCF724F909F10400A9
:100D500050F83B106B780022098805A8D3F74AFBAE
:100D600038003BD0FCF7FAF86D78A84208BF0020A5
:100D700015D02120C9E000BF7775620077760000AA
:100D800075760000757500007775000075770000B6
:100D900075756200C2B28B5CFF2B1DD1401CC1B2C5
:100DA000A94205A9F6D32846FCF7E0F809F10400AA
:100DB00050F83B302A4605A91888D3F731FB0020AC
:100DC000FCF70AF90BF1010BBBF10B0FB4D3002FA9
:100DD0000CBF0020272098E03B2096E0092C04D18E
:100DE00015210DF15A00CAF7DBFD05A96878E2E08C
:100DF000AFBB32E001216846DFF76AFD20B9FCF79E
:100E0000EBF8BDF8000077E02120FCF7E5F80020C2
:100E100072E0FCF7A3F80746FCF7D2F88346FCF72C
:100E20009DF80446FCF79AF88146BBF5004FB4BF25
:100E3000042C022069DA012F11DC55F83700224614
:100E40005946FCF71FFC281D20F837B0B9F1000FF8
:100E500008BF0024A81D00F83740002055E00220FC
:100E600053E0FCF77BF8074600210024ADF80210A0
:100E70008DF80010012F0BDC55F837006A460DF194
:100E80000201FCF70EFCA91D11F8370000B1012486
:100E9000BDF80200FCF78DF89DF80000FCF77AF829
:100EA00020469DE00027AA4CF8B234F810007F1CC1
:100EB000FCF77FF8F8B22928F6DBB088652801D165
:100EC000E7F7D3F88EE0FCF77BF8FBF7FCFB89E053
:100ED000FCF744F8E0F7FAFF82E0FBF782FB81E0E1
:100EE000FBF776FB7EE0D5F711FE01460820FCF704
:100EF00082F877E0D6F7ECFEFCF75BF872E0684624
:100F0000FCF740F96846DDF7BBFDFCF765F869E0E2
:100F1000D6F765FD64E0DFF7E4FC61E000F022F95C
:100F200001274FF6FF71884204D0FCF717F8894972
:100F300000270870384653E008208DF8120004A9F5
:100F400005AA04A80DF112030391029201900093E7
:100F50000DF118030DF11102B3A10120FCF7C0FA45
:100F60009DF8110000B10120059B9DF8102006A9F5
:100F7000ECF77AFFC0B233E069461020FBF7F6FFCA
:100F80000AA91020FBF7F2FF05A8D4F73AFA0920C6
:100F90008DF8140005A8D4F73DFA0AA905A8D5F7DD
:100FA00067FB05A8D4F7BCFA6A4669460120D4F766
:100FB0000EFF69461020FCF71EF813E000F0D2F88F
:100FC000FBF7F7FF0420FBF7E5FF1820FBF7E2FF34
:100FD0000F2005E000F0DEF820B95820B080312065
:100FE000FBF7D8FF3078DAF800100870DAF8002044
:100FF000B188907820B9B8F1000F18BF917005D171
:10100000D170B088DAF80010000A0871B08807289B
:101010000CBF012200229DF81300012100F030F8DE
:101020002BB0BDE8F08F09A80DF1250101900091CA
:1010300009AB7047942105A8CEF758BA684600213D
:101040000022002380E80E00FBF788BF68460021DD
:101050000022002380E80E0002AB0DF10102704770
:1010600010B50446F3F723FE48B1FBF717FB30B188
:10107000394800780122214600F002F8012010BD15
:101080002DE9F041884604462B4F2D490968386800
:1010900016468025091A8AB2CB2A04DBCA20FBF740
:1010A000F2FA822502E0C8B2FBF7EDFA2B49087884
:1010B00010B1002282250A702949087818B1002051
:1010C00045F001050870F3F7F2FD08B145F004059D
:1010D00036B15FEA080014BF45F0080545F0100579
:1010E0003868012C457018BF022C03D1F3F7DFFDDF
:1010F00000B1002418480470F3F7D9FD08B9FBF7D4
:10110000F3FA4046BDE8F041FBF78CBA8879000855
:101110006A1800208B58002016580020D81800208C
:10112000A0180020386200088A580020A218002069
:10113000A5180020575800201C460020BC53002052
:10114000C053002004160020E42904089878000801
:10115000B844002088580020875800208958002073
:10116000125800203EB500BF38A292E83800694608
:10117000684681E83800DBF763FA0198020C02F058
:101180000F02010E120242EA0132C0B2104380B2D5
:101190003EBD000038B5044600F0B4F8050003D1A8
:1011A000204600F0D3FA0546280003D1204600F07F
:1011B000D3FE0546280003D1204601F029F8054654
:1011C000280003D1204601F07DF80546280003D110
:1011D000204601F047F90546280003D1204601F0DA
:1011E00017FA0546280003D1204601F013FA0546F8
:1011F000280003D1204601F081FA0546280003D1DA
:10120000204601F07DFA0546280003D1204601F072
:1012100079FA0546280004D14FEA040104A0FCF73E
:101220000DFA284632BD000075627570000000009E
:10123000556E737570706F7274656420636F6D6D39
:10124000616E642049442025780000000100000000
:10125000000000000000000000207047704710B53B
:101260000446FFF763F92046F6F7B5FE2046BDE8D1
:101270001040F3F763BDF6F710BF10B50446FFF753
:101280000CFA2046F6F73AFF2046BDE81040F3F787
:1012900086BD10B500E010B50446FFF7E6FA20461B
:1012A000F7F763F82046F3F7A2FD2046FBF774F842
:1012B0002046BDE81040F7F74ABC10B50446FFF7DA
:1012C00002FB2046F7F762FB2046F7F77DF8204641
:1012D000F3F7C7FD0CE010B50446FFF738FB2046D6
:1012E000F7F761FB2046F7F7BBF82046F3F7DBFD85
:1012F0002046FBF769F82046BDE81040F7F73FBCF1
:10130000FAF704BF2DE9F04389B0333864D0401EAA
:101310006AD0801E00F08880801E00F0AF80401EE2
:1013200000F0CA80083800F0D880401E00F0DE804F
:101330000E3800F01E81401E00F0B581093800F023
:101340000781401E00F02181401E00F02381801E95
:1013500000F02C81801E00F07181401E00F07D8124
:10136000801E00F08381401E00F08B81801E7DD0A6
:10137000001F00F0B181143800F02981401E00F0F8
:101380003181C01E00F034812C3800F0E6804138F5
:1013900000F0A581001F00F0AB81401E00F0978196
:1013A0000A3800F079811D3800F0A981801E00F014
:1013B000A981001F00F0A081153800F0A480401E14
:1013C00000F0A680401E00F0A880401E00F0B18012
:1013D000401E00F0B480A0E1E4F70EFEFBF7DAFD5A
:1013E000012009B0BDE8F083FBF7B8FD0446FBF728
:1013F000E7FD054604A8FBF734FEFBF7E1FD0646D2
:10140000FBF7ACFD0746FBF7BEFD03A90291019077
:101410000097F3B204AA29462046F6F711FDFBF720
:10142000DBFD9DF80C00D9E7FBF7CAFD8046FBF712
:10143000C7FD8146FBF792FD064606A8FBF711FEA5
:10144000FBF78CFD0746FBF7BBFD00F077F900F0DA
:1014500072F900F064F906AB324649464046F6F7A9
:1014600001FDFBF7B9FD9DF81400B7E700F05FF947
:101470006846E4F77CFBFBF7AFFDB1E706A8FBF796
:10148000F0FDFBF76BFD8046FBF79AFD8146FBF70D
:1014900097FD0646FBF762FD0746FBF791FD00F05E
:1014A0004DF900F048F900F03AF933464A46414612
:1014B00006A8F6F7E1FCD4E7FBF782FD0446684690
:1014C000FBF7CFFDFBF74AFD00F035F903462A464E
:1014D00069462046F6F7F0FCCDE7FBF771FD00F01A
:1014E0002DF901462046E1F74BFEC4E7FBF768FD06
:1014F00000F024F90546FBF731FD02462946204657
:10150000F7F7F9FAB7E7FBF75BFDF2F739FEB2E759
:10151000FBF756FDF2F74EFEADE7FBF751FD00F08D
:1015200010F9FBF71BFD024669462046DCF7F2F88E
:10153000A1E700F0FCF86846DCF702F99BE7FBF74F
:101540003FFD00F0FEF869462046DCF7CFF847E79C
:10155000FBF704FDF6F72CFD8DE7FBF731FD00F0FE
:10156000EDF800F0E8F8024629462046F7F762FA5F
:1015700081E7FBF725FD00F0E4F8FBF721FD0246CB
:1015800069462046F6F712FD75E7FBF7E7FCE5F73D
:101590008FFB23E7FBF7E2FC00F0D3F8FBF710FD2D
:1015A000024669462046E1F7A5F964E7FBF7D6FC59
:1015B00001AA6946E1F7DBF9FBF70EFDBDF8000073
:1015C000FBF7F7FC01A90820FBF715FD08E700F081
:1015D000AEF8FBF7C3FC010018BF01216846E1F734
:1015E000C1FA48E700F0A3F86846E1F79DFA42E740
:1015F000FBF7B4FC044606A90820FBF7B7FCFBF791
:10160000DFFC0546FBF7AAFC030018BF012303A873
:101610000DF10E0104AA0290019100922A4606A93A
:101620002046F6F763FCFBF7D7FC04A90820FBF77C
:10163000E2FCBDF80E00FBF7BCFCF2E601A90820B5
:10164000FBF794FC694601A8D6F7BEFAFBF7C4FC89
:10165000BDF80000FBF7ADFCC2E6FBF7B1FC694644
:10166000D6F7D6FAFBF7B8FC6946ACE7FBF776FC91
:101670006946F6F75CFCFBF7AFFC6846FBF708FD34
:10168000AEE6FBF76BFC04466846FBF706FD6946D1
:101690002046F6F761FCEEE6FBF760FC00B10120A6
:1016A000DDF7BEFFE7E6FBF759FC0446FBF76BFCF2
:1016B0000546FBF753FC0646FBF750FC030018BF3A
:1016C0000123324629462046F6F7EEFBD3E6FBF728
:1016D0008AFCE3F750F883E6D6F785F97EE668469C
:1016E000EBF793FBFBF778FC6846FBF7E3FC77E648
:1016F0006846EBF76FFBF5E7E5F7F6FA6EE6F3F70A
:1017000061F9B8E6FBF72AFC00F018F8010018BFF1
:1017100001212046DDF76CFFADE6002061E605A95A
:10172000049103900295E4B20194009770476946D2
:101730000820FBF71BBC0546FBF725BC0446FBF75E
:101740000DBC044669460820FBF710BC2DE9F843A0
:10175000A2B0001F00F06A83001F00F09B830838CE
:1017600000F0D882401E00F00683001F00F0D980F0
:10177000401E00F0E580401E00F0E780401E00F0B3
:10178000EB80801E00F0ED80C01E00F00081401E46
:1017900000F00081401E00F00481401E00F06681D0
:1017A000401E00F06881401E00F07881801F00F02C
:1017B0008B81401E00F0C0810C3800F01283801E27
:1017C00000F02F83001F00F0F780401E00F06583BB
:1017D000801E00F05482801E00F009830A3800F059
:1017E000DB81401E00F00A83401E00F010832D387C
:1017F00000F02A82401E00F06182401E00F06182EB
:101800001A3800F08282001F00F07182401E00F042
:101810007482801E00F04781103800F0DD81401E88
:1018200000F039820C3800F03B83083800F0FE816C
:10183000401E00F0F881401E00F0F281C01F7AD0F7
:10184000801F00F03382401E00F03582801E00F0C1
:101850009580243800F0B682401E00F09182401E30
:1018600000F0A282401E00F0A482401E00F0AD8273
:10187000801E00F04F81801E00F04482C01F00F0E7
:10188000B681401E00F0C781123800F00E83401E62
:1018900000F01783401F00F01D83C01E00F0258359
:1018A000401E00F02783401E00F02783401E00F0FA
:1018B0002B83801E00F011830D3800F09D81401EA7
:1018C00000F0A081801F49D0401E00F04081401EE2
:1018D00044D0401E00F03E81401E00F03E81401E7C
:1018E00000F04B81401E00F04B81401E00F04B8108
:1018F000401E00F04B81401E00F04B81401E00F066
:101900003181401E00F03181083800F0EB82401E2A
:1019100000F02182401E00F02182401E00F0218252
:10192000F5E2FBF74DFBE7F77CFDFBF755FB0120EC
:1019300023B0BDE8F083E7F770FDFBF73AFBF6E76D
:10194000FBF73EFBE7F772FDEFE76846FBF71AFC93
:101950006846DDF795F8E8E7D5F73FFFFBF71AFB98
:10196000E5E7FBF7FBFA0446FBF73DFB00F0DAFA8C
:10197000024629462046EAF79DFFD6E7FBF733FBF0
:1019800000F0D3FA01462046EAF7FFFFCDE7EAF779
:10199000F7FFCAE76846FBF741FB6846DCF756FEEF
:1019A000C3E7FBF7DBFA04466846FBF737FB6946FB
:1019B0002046DCF732FFB8E7FBF7D0FA04461621E1
:1019C0006846CDF793FDFBF7C9FA8DF80400FBF7E5
:1019D000C5FA8DF80500FBF7C1FA8DF80600FBF794
:1019E000BDFA8DF80700FBF7B9FA8DF80800FBF790
:1019F000B5FA8DF80900FBF7B1FA8DF80A00FBF78C
:101A0000ADFA00B101209DF80D1001F0FE0100F0CB
:101A100084FA00B102209DF80D1001F0FD0100F0E4
:101A20007CFA002814BF042100219DF80D2002F04B
:101A3000FB0211438DF80D10FBF7C2FAADF8000060
:101A4000FBF7BEFAADF802000DF10E010820FBF71E
:101A50008DFAFBF783FA00F065FA030018BF012343
:101A60006AB269462046DCF784FF5EE7FBF776FA48
:101A7000E7F741F859E7FBF771FA040018BF0124B2
:101A8000FBF7B1FA00F04EFA0646FBF767FA034699
:101A9000324629462046F6F787FA46E7FBF75EFA14
:101AA000DCF770FE41E7FBF78BFA0446FBF79BFA85
:101AB00000F038FA0646FBF783FA03463246294619
:101AC0002046D8F745FE30E701A96846F6F759FAEF
:101AD000FBF782FA9DF80000FBF75CFA00F019FAB8
:101AE000BDF80C00FBF765FA9DF80E00FBF752FA03
:101AF0009DF80F00FBF74EFA9DF81000FBF74AFA2D
:101B0000BDF81200FBF755FA9DF81400FBF742FAF6
:101B100006980AE7FBF722FA6946D5F7D0FEFBF7ED
:101B20005BFA9DF80000FBF735FA9DF80100FBF722
:101B300031FA9DF8020011E7694601A8F6F723FA89
:101B4000FBF728FA00F0E5F9BDF80000F5E6E7F745
:101B500009FA03E7E5F7A4FCE7E6FBF744FAE5F743
:101B6000ABFCE2E6D5F7E3FFE7E6D5F7E0FF00F0F0
:101B70000700401E8041C00FF0E6DDF7E6FFEDE60E
:101B8000D5F7D5FFF5E7E5F7AFF8F2E7D6F70EF8AA
:101B9000CDE6D6F718F8CAE6FBF7E0F96946DBF7B9
:101BA00066FCFBF719FA694600F0B4F99DF80800E5
:101BB000FBF7F0F9BDF80A00FBF7FBF99DF80C0004
:101BC000FBF7E8F99DF80D00FBF7E4F99DF80E002E
:101BD000FBF7E0F90498A8E6FBF7C0F9044668466D
:101BE000FBF784FA69462046DBF78EFC9DE6FBF79F
:101BF000B5F9E9F732FBA0E6FBF7B0F9E9F72FFBFF
:101C0000C0B2ABE6FBF7AAF900F08FF941B220466B
:101C1000E9F736FB8BE6FBF7D3F9E9F753FB9DE6D3
:101C2000F6F760F99AE6F6F75FF997E6FBF796F9AB
:101C30006A460DF10201F6F753F9FBF7CDF900F012
:101C400087F99DF8000089E6FBF788F96946E5F712
:101C5000DDFFFBF7C1F900F077F99DF80200FBF713
:101C600099F99DF80300FBF795F900F069F900F088
:101C700063F90DF106010820FBF7BDF957E601A94C
:101C80000820FBF773F9694601A8E6F74AF9FBF764
:101C9000A3F9009849E669460820FBF767F9FBF7C6
:101CA000A2F901466846E6F755F93EE6FBF756F914
:101CB000F6F712F939E6F6F711F94FE6E5F79BFF6B
:101CC0004CE6FBF74BF96946E3F786FCFBF784F932
:101CD00000F03AF900F03CF900F032F900F02CF98C
:101CE0009DF80600FBF756F99DF8070036E6FBF76E
:101CF00035F940B2D5F73EFE17E6FBF72FF9DDF7D1
:101D0000A3FE12E6D5F75FFE28E6FBF727F9D5F725
:101D100064FE0AE6FBF722F9040018BF0124FBF772
:101D20004FF90546FBF74CF98046FBF749F90746A2
:101D3000FBF714F90646FBF711F98146FBF70EF99C
:101D40000290CDF8049000963B4642462946204634
:101D5000F6F7E1FDE9E5F1F7C4F9E8E5F1F7C3F9D4
:101D6000E5E5FBF740F90446FBF72AF90146204672
:101D7000F1F7EAF9DBE5FBF7F1F8F6F7CAFDD4E590
:101D8000FBF7ECF800F0D1F800F0CCF80646FBF7D2
:101D9000E5F80746FBF7E2F800907BB232462946A9
:101DA0002046ECF7AAF8C0E5FBF7D8F8ECF7A7F85F
:101DB000BBE5FBF7D3F800F0B8F841B22046ECF7EA
:101DC000A0F8B2E5DBF791F8AFE5FBF7C7F800F054
:101DD000ACF800F0A7F8024629462046ECF793F845
:101DE000A3E56846E9F7B0FBFBF7F6F829E7684694
:101DF000FBF750FB6846E9F7A9FB96E56846E9F76B
:101E0000A7FBFBF7E9F86846FBF73AFB8FE5FBF722
:101E1000A5F86946F6F7CEF8FBF7DEF869468620A6
:101E20002AE7FBF79BF8EBF747F87EE5FBF796F818
:101E30006946EBF717F8FBF7CFF800F081F800F0F0
:101E40007BF89DF80600FBF7A5F89DF80700FBF767
:101E5000A1F89DF80800FBF79DF89DF80900FBF735
:101E600099F89DF80A00FBF795F89DF80D0000F031
:101E70005FF89DF80D00400800F05AF89DF80D003D
:101E8000800800F055F800F05FF800F061F80DF1FF
:101E90000E01F0E6EBF70CF860E5EAF7D3FF44E556
:101EA000FBF75CF8DDF7F3FD3FE56846FBF7B6F8B6
:101EB000FBF754F8010018BF01216846DCF713FC5A
:101EC00033E5FBF77DF800F030F801462046E6F7F1
:101ED000C2FF2AE5DCF785FC40E56846DDF7ECFD4E
:101EE0006946C8E6D5F7C8FF38E5FBF737F8E5F7E8
:101EF000C0FE1AE5E5F7CAFE30E5FBF72FF800B1A2
:101F00000120E5F7C6FE12E5E5F7C6FE26E500204E
:101F10000EE501A90820FBF76EB808438DF80D0007
:101F2000FBF71CB80546FBF719B80446FBF716B8D3
:101F300000F00100FBF72EB89DF80500FBF72AB86A
:101F40009DF80400FBF726B8BDF80000FBF731B898
:101F5000BDF80200FBF72DB8F0B58FB0143800F0D3
:101F6000A180533800F08D80401E34D0401E4ED0EA
:101F7000801E00F0A280401E00F09A80093873D0C5
:101F8000401E00F087803B3800F089805B3800F00D
:101F9000AE80401E00F0D880401E00F0B580401E8C
:101FA00000F0BE80401E00F0E280401E00F0E6809F
:101FB000401E00F0EC80401E00F0F180401E35D045
:101FC000401E44D0401E7BD0123800F0F180401EED
:101FD00000F0F38011E1FAF7F3FFADF800000DF126
:101FE000020100F012F90DF1120100F00EF9FAF7FA
:101FF000B5FF8DF822000DF1230100F002F96846CB
:10200000D6F7C2FBFAF7E8FF01200FB0F0BD684633
:10201000D6F741FCFAF7E0FFBDF80000FAF7C9FF78
:102020000DF102010820FAF7E6FFEDE704A8FBF73F
:10203000D1FA694604A8D4F747FBFAF7CDFF694601
:102040001020FAF7D8FF04A8FBF7AFFADCE704A8E2
:10205000FBF7C0FA694600F0D8F8694604A8D4F73F
:1020600007FBFAF7B9FFEEE700F0CAF8FAF776FFD8
:10207000010018BF01216846D2F79BF8FAF78AFFE2
:10208000C2E7FAF79DFF00F0BAF869462046D8F794
:102090009BF8B7E7FAF762FFD2F79CF8B2E7D2F7FE
:1020A00076F9AFE700F0ACF86846D2F76BFBA9E72A
:1020B000FAF754FFD2F71CFCA4E7D9F78FFEA3E789
:1020C0006846D3F76BFBFAF787FF9DF80000FAF735
:1020D00061FF9DF80100FAF75DFF9DF80200FAF735
:1020E00059FF9DF80300FAF755FF01988AE704A805
:1020F000FBF770FA694604A8D4F775FBFAF76CFF92
:102100006846FBF77CFA9EE7FAF728FF00F077F8BD
:1021100000F07AF802AA69462046D4F70AFB71E774
:10212000FAF71CFF6B4604AA08A9D4F716FBFAF7C6
:1021300053FF08A8FBF739FA04A91020FAF75BFF50
:102140006846FBF75CFA5FE700F05AF802AB06AAB4
:102150000AA96846D4F711FBFAF73EFF0AA8FBF775
:1021600024FA06A91020FAF746FF02A8E9E7684614
:10217000FBF730FA6846D3F7CDFD43E700F040F8AF
:1021800000F042F802A96846D4F74BFB3AE7FAF7A9
:10219000E5FE6B4604AA08A9D4F774FBC7E700F074
:1021A0002FF802AB06AA0AA96846D4F753FBD3E777
:1021B000FAF719FFD2F736F926E7FAF7CFFE04004F
:1021C00018BF0124FAF7CAFE0546FAF7DCFE0646F8
:1021D000FAF7C4FE074601A900F013F801A8009021
:1021E0003B46324629462046D3F737F8FAF7F4FE45
:1021F00031462846FAF7FFFE06E7002005E70446C9
:1022000069460820FAF7B2BE02A91020FAF7AEBE5E
:1022100030B58BB06F2817D0732806D0742810D033
:10222000A8282CD0A92838D046E069461020FAF713
:102230009DFE6846D7F7B9FCFAF7CEFE01200BB039
:1022400030BDD7F733FDF7E706A8FAF792FFFAF7A4
:1022500085FE040018BF0124FAF780FE0546FAF750
:1022600092FE01A9009103462A46214606A8F2F7EC
:102270004BFDFAF7B1FE01A8FAF775FFDEE7FAF7B2
:102280009FFE044602A900F01AF800F017F86A460B
:1022900002A92046D7F755FCCEE7FAF791FE04468F
:1022A00000F00CF802A91020FAF760FE02AA6946B5
:1022B0002046D7F779FCBFE70020C0E76946082031
:1022C000FAF754BE38B58EB0252800F0BA80B2288F
:1022D0002ED0B3283ED0B4285BD0B52867D0BA281A
:1022E00000F08980BC2867D0BD2870D0BE2878D087
:1022F000BF2873D0CF283FD0D42877D0D5287DD021
:10230000D62800F08080D72800F08280D82800F0FE
:102310008280D92800F08580DA2800F08580DB28CB
:1023200000F08580DC2800F08780F62876D08BE0EE
:102330006846FAF72CFFFAF711FE0446FAF70EFE8C
:1023400042B221466846F6F7F7FBFAF745FE012050
:102350000FB030BD0AA91020FAF708FEFAF743FEC5
:102360000090FAF7FBFD00F076F800F06FF8694690
:102370000AA8DBF7C7FBE8E7FAF735FE0090FAF7A3
:10238000EDFD00F068F800F061F86846DBF7B5FB9A
:10239000DBE7FAF728FE0446FAF7E0FD0546FAF710
:1023A000DDFD024669B22046DBF7E2FBCDE7FAF736
:1023B0001AFEDBF741FCC8E704A96846DBF72FFFEC
:1023C0006846FAF718FF04A8FAF748FFBFE768461F
:1023D000FAF725FF6846DBF731FFB8E7E9F76CF954
:1023E000B5E7DBF731FFFAF7D5FDB0E7FAF7B6FD51
:1023F000DBF78CFCABE7DBF791FCF4E7FAF7AEFD1B
:10240000DBF7B2FBA3E7FAF7DBFDDBF731FF9EE773
:10241000DBF7EAF9E7E7DBF756FCE4E7DBF707FC75
:1024200095E7DBF731FF90E7DBF731FF8DE7FAF750
:10243000DAFDDBF72FFF8AE7FAF7D5FDDBF72DFF93
:1024400085E7DBF7C2FE82E7002081E70DF1150189
:102450001020FAF78BBD8DF804000DF10501102056
:10246000FAF784BD2DE9F84392B0702800F0BE80E1
:10247000C02800F08880C62850D0C82878D0C92845
:1024800019D0DD2800F08680DE2800F08E80DF285D
:1024900000F09280E02800F09A80E12800F09C8013
:1024A000E22800F0A080F52800F0A380B0F58C7F32
:1024B00000F0A980AAE0FAF796FD044608A8FAF70A
:1024C000FAFEFAF74BFD8046FAF77AFD8146FAF7F5
:1024D00077FD0746FAF774FD054606A90820FAF7C6
:1024E00045FD0BA91020FAF741FDFAF77CFD0646E1
:1024F000FAF734FD059004960BA806A90390029103
:10250000019500974B46424608A92046ECF73FF953
:10251000FAF740FD012013B0BDE8F083FAF71EFD85
:10252000040018BF0124FAF719FD5FEA000818BF7C
:102530004FF0010804A8FAF7BEFEFAF70FFD814636
:10254000FAF70CFD0746FAF71EFD0546FAF706FDF9
:102550000646FAF735FD03900296019500974B4623
:1025600004AA41462046F1F75EFBFAF735FDD1E7B4
:10257000FAF7F4FC6946EBF703FEFAF72DFD68461F
:10258000FAF706FFC6E76846FAF795FE6846EBF7E6
:102590004CFEBDE7FAF7E2FC6946FDF726FEFAF7C6
:1025A0001BFD6846FAF747FFB4E76846FAF783FE73
:1025B0006846FDF79FFDABE7FAF7D0FC0446684696
:1025C000FAF70AFF69462046FDF72BFECDE7FAF73A
:1025D000C5FCFDF7E3FD9DE76846FAF76CFE68462B
:1025E000FDF7ACFD94E7FDF767FD93E7FDF728FDE8
:1025F00090E7FAF7B3FC0446FAF7F5FC01462046EB
:10260000FDF795FD86E7FDF726FE81E7002082E7CE
:10261000002070471FB52A280AD06DD32C282FD050
:102620000DD32E2852D04CD330285BD053D363E047
:10263000E0F743F9FAF7D0FC012004B010BDFAF737
:102640008DFC0446FAF78AFC8DF80000FAF786FC48
:102650008DF80100FAF7B4FCADF80200FAF77EFC41
:102660008DF804000DF105010820FAF77FFCFAF758
:1026700075FC8DF80D0069462046F9F78AFED9E70A
:10268000FAF76CFC6946DFF7B4FFFAF7A5FC9DF892
:102690000000FAF77FFC9DF80100FAF77BFCBDF81B
:1026A0000200FAF786FC9DF80400FAF773FC0DF1BE
:1026B00005010820FAF79FFC9DF80D00FAF76AFC67
:1026C000BAE7FAF74BFCF9F765FEB3E7FAF746FC11
:1026D000E4F7ECFAF2E7FAF741FCDFF76BFFFAF701
:1026E00068FCA9E7FAF73AFC0446FAF769FC0146E8
:1026F0002046DFF763FF9FE700209EE7002070473A
:102700000020704780B50E20FAF766FC012002BD5C
:10271000020008BFDFF8880005D001280CBFDFF8F1
:10272000840042F21800016070471F4800780100E1
:1027300008BF1E4904D001280CBF1D4941F2080101
:1027400001220A60010008BF1A4903D001280CBF0A
:102750001949082109688907F4D4704738B505007C
:1027600008BF164802D0012803D1154850F8044B81
:1027700002E0182004681C20006804400ED00A48BB
:10278000816811B12046884703E0600548BFFFF724
:10279000CCFF21462846BDE83440B9E731BD0000F2
:1027A000182003B8186003B8A8570020081003B811
:1027B000085003B8080003B8084003B8180003B86D
:1027C000184003B80020C9E70120C7E770470000A0
:1027D0000548014603B4684680F30988AFF30080DA
:1027E00000F004F800F014F8A5EDF5FE4EF688515F
:1027F000CEF20001086840F470000860BFF34F8F0C
:10280000BFF36F8F4FF00170E1EE100A70470000C8
:1028100000F00DF8002801D000F00CF8AFF30080B4
:102820000020AFF3008000F019F800F01FF801203D
:102830007047000010B5074979441831064C7C44B4
:10284000163404E00A68081D114488470146A14275
:10285000F8D110BDA4010000C801000080B500F04F
:1028600007F800F012F8EDF733FAFAE700F018B8BD
:1028700080B500F01AF800F035F800F03AF800F0F2
:1028800044F8BDE8014000F055B880B500F053F8B9
:1028900000F052F800F051F8BDE8014000F056B8E1
:1028A0000746384600F05CF8FBE780B5DAF79AF89F
:1028B000FDF7BEFB00F05AF8FDF79CF9E8F7C8F801
:1028C000FBF75CF8C9F756F8CAF77CFCFDF7A6FBE6
:1028D000D9F7D0FEDFF746FACEF744FCBDE8014059
:1028E000EDF7C4B980B5FCF71BFBBDE80140FBF771
:1028F000CFBE80B500F03CF8ECF7A0FEFBF740F847
:1029000000F038F8CCF74DF921E080B5EDF7CAFCBE
:1029100000F032F8FDF756FAFAF784FEECF7A4FD62
:10292000ECF7AEFDE5F7F8FBFDF7DAFDBDE8014099
:10293000FDF75AB870477047704780B5ECF7D8FD7F
:10294000ECF7DDFDBDE80140FDF7D2BD7047FBF7B8
:10295000FDFEFBF74FF9BDE80140FDF703B90000AC
:102960002021090326311820ABBEF9E7FDF756B93F
:102970000F207047CDF719BCF8F7ECBD704780B554
:10298000E8F7EEF8BDE80140FFF7F8BFF9F7F6FA0F
:10299000FFF71EFF00BFFEE730B4002512E050F83D
:1029A000042BD30744BF4A44521E091F042942F88E
:1029B000045BFAD213468C0744BF15809B1CC907E1
:1029C00048BF1D7050F8041B0029E8D130BC704787
:1029D000FC0300000000000002100C10101020107A
:1029E0003010341038106410681000110432603256
:1029F00070322C3334B60500A1FFFFFF00800000C9
:102A000000601708983C0000001C00200000000037
:102A100037A0FCFF380000003A080000001000203A
:102A20008000000000000000009C0F0F00020080EA
:102A30000080000000000000000000000081008015
:102A40000000808180000000800000004004C12F51
:102A50000108010001C30F0001123310F004093B0B
:102A60008102080100013006886F000890470020AD
:102A700004110C12042CA0024DE703083312020DBE
:102A80001003E9F003089C24129824120310900309
:102A900065FB0308FF0113E02040100E100020002A
:102AA0006017080080000068480020C82852FE49CE
:102AB000B00158760054213CF21200012006C017E4
:102AC0005302C0EA21015421081248641003101176
:102AD00000206C0812F2418319DCAC2002DC5000AB
:102AE000200412CC6C21B4300981DB03088C510026
:102AF00020A5650224E0022E2A040874218661C8FC
:102B0000212C4343B12CF202302C2120433342705C
:102B1000F20232202174212443DB4744F20633447D
:102B200043D9A520F2063420F30D31A62043857B3E
:102B300020F202352053B80B4433F5011CF206365F
:102B40004443930418F206372043C338E8F20638AA
:102B500020F3094936203405FF64FF00030BFFE131
:102B6000126404300120A10723213843C50ABCF2B6
:102B700006395812BB20F00203FD960108204305D8
:102B8000123C1B7D586811011003504030009C0915
:102B90004305003C430DD620F2023A3C43FDFF249E
:102BA00043B98A24F2023B24300100004024473517
:102BB000BD3CF2023C244B0100284399DD24F6037E
:102BC0003E005190F309E1DC242120437302ECF232
:102BD00006402047718A64F2064120F20E7520F209
:102BE0000E7920F20A7D2047D81364210192F80C57
:102BF0008318140C92380C436887EC6D6C04F00554
:102C000000D7B30308D3B30358F32103000121AC69
:102C100047BD4BB8F20645CC43956F20F60B469066
:102C2000425790F2024724CF2079A004133F20504E
:102C30002001010304D03C0187D80248044763DA2D
:102C4000B0F206498443373360F2034A841101F13C
:102C500007FB213C4305D73CF2064B5CF20A0920F6
:102C600047C4158852E408200220C001B808C7678D
:102C700006806DE8048004000004F8000010B10133
:102C800011196003912503080C39170FFF03720C0B
:102C9000BC61C8FD17C005F14301C7CD270412016F
:102CA0000110399326000070B54F4A4F4B504C2409
:102CB0006865070AD4C60701D41C4207D100EA049C
:102CC000058D4206D0521EF1D107E031E06FF001D0
:102CD0000070BD1C42FAD1002070BD6FF0020E30B2
:102CE0001570B5434D6860E8680E46410700D51F72
:102CF000E056F8040B141F0208140B241FA86044AC
:102D0000B108210820FFF7CE0D100DF4D0042129C1
:102D10006070BD042028600021211612C316230410
:102D2000D10C200ABDE87040BBE770BD4FF0FF300A
:102D300056301700F050F841F671312C4C01222C1E
:102D40004BE568E1621A6060600226263A300B2D7E
:102D50000CFFF7A5FF05F00105010003402020FF4F
:102D6000F79DFF0121224A11600DB10021E162703F
:102D7000BD2DE9F8438846144600F02BF8194F3E64
:102D8000684E10370546360C39620122174B002079
:102D900006F001061A6003E04D44C844A4EB0904A0
:102DA0007CB105F500535B0B5B035B1BA1469C42AA
:102DB00088BF99464A4641462846FFF78CA810032B
:102DC000EAD001210A60120E6010093962BDE8F2F2
:102DD000834FF4803107121C037047809698C40615
:102DE000100501001C0003501004130C10042C15D6
:102DF00020035068900050FFFF102740062C01B8B8
:102E00000B2C01EFBECEFAEE0629042C0460EAFF7B
:102E1000FF2C0116052C05FDFFCDAB10C180A907C5
:102E200014253FFFFF01012001100808C801101000
:102E300005070507072005080C32010C01160520BF
:102E40001E030802010FD8010FB813280145100313
:102E50000201FF01020D000F0380017FFF030B053C
:092E60000110203040400101FF87
:04000005080427D1F3
:00000001FF
